split,review_id,source,category,product_name,raw_text,aspect,sentiment_text,sentiment_polarity,model_input,label,original_aspect,normalization_reason
train,1023270,SNS,스킨케어,OO 인** 모이스처라이징 크림 50ml,딸아이가 여행다녀와서 사온 제품인데 이제는 제가 구입해서 쓰는 제품입니다 한동안 열심히 쓰다가 잊고 있었는데 다시 생각나서 구입하게 되었어요 일단 가격이 정말 저렴해서 구매할 때 부담이 없구요 모든 피부 타입에 다 발라도 될 정도로 순하고 수분 촉촉 기득한 보습크림이에요 끈적임 없고 발림성도 좋고 무엇보다 아침저녁 세수하고 이거 하나만 착 바르고 나면 끝이랍니다 추가로 뭘 더 바를 필요가 없어요 향은 OO 핸드크림 같은 좋은 향기구요. 일단 듬뿍 바르고 있어요 촉촉하고 향이 너무 좋아요 자기전에 바르면 기분이 좋아집니다 가성비 좋은 OOO 크림 추천드립니다,자극성,순하고,1,[속성] 자극성 [문장] 순하고,,자극성,unchanged
train,1023270,SNS,스킨케어,OO 인** 모이스처라이징 크림 50ml,딸아이가 여행다녀와서 사온 제품인데 이제는 제가 구입해서 쓰는 제품입니다 한동안 열심히 쓰다가 잊고 있었는데 다시 생각나서 구입하게 되었어요 일단 가격이 정말 저렴해서 구매할 때 부담이 없구요 모든 피부 타입에 다 발라도 될 정도로 순하고 수분 촉촉 기득한 보습크림이에요 끈적임 없고 발림성도 좋고 무엇보다 아침저녁 세수하고 이거 하나만 착 바르고 나면 끝이랍니다 추가로 뭘 더 바를 필요가 없어요 향은 OO 핸드크림 같은 좋은 향기구요. 일단 듬뿍 바르고 있어요 촉촉하고 향이 너무 좋아요 자기전에 바르면 기분이 좋아집니다 가성비 좋은 OOO 크림 추천드립니다,보습력/수분감,촉촉하고,1,[속성] 보습력/수분감 [문장] 촉촉하고,,보습력/수분감,unchanged
train,1023273,SNS,스킨케어,OO 더** 카밍 토너 145ml,날씨가 점점 넘 추워지고 있어요 예민한 피부라서 스킨도 고민인데요. 처음 써본 OO 제품 리뷰해볼게요 향 자체가 없어서 거부감없이 사용하기 편하더라구요 냄새에 민감한 편이라 좋아요 순하고 산뜻해서 여름에 잘 사용했어요 건성피부에는 조금 건조할것같기도 하지만 저는 적당한 수분감으로 쓰기 좋아요:) 그래도 두 번 정도 발라주니까 수분감 넘치고 촉촉해서 피부 좋아지는 게 눈에 보여요. 끈적이지 않아서 금방 흡수되고 여름철에 화장 전 바르기도 좋아요. 수부지한테 강추! 용량이 크긴한데 금방 다 쓰더라고요 건성보다는 수부지에 더 잘맞을 것 같은 OO 토너 리뷰였습니다,자극성,순하고,1,[속성] 자극성 [문장] 순하고,,자극성,unchanged
train,1023427,SNS,스킨케어,[2+2] OO 퓨** 폼클렌징 220ml 4개 / 클렌징폼,"무조건 산뜻한 거 찾으시는 분들 계시죠? 딱 좋은 클렌징 폼이 있어서 여러분께 사용후기를 공개할까 해요. 그 주인공은 바로 OOO 클렌징 폼이랍니다~ 대용량인 데다가 4개 묶음 구성이 좋아 보여서 구매해 본 제품이에요. 향도 좋고 세정력도 좋아서 만족스럽게 사용하고 있어요. 이 클렌징 폼으로 세안하면 아무리 끈적거리는 여름이라도 끈끈함이 싹 사라지고 엄청 뽀득뽀득해져요. 저는 촉촉한 걸 좋아하는 편이라 여름이 지나면 가까이 하기 어려울 것 같기도 한데요, 지성피부인 남편은 기름기가 사라진다며 아주 좋아하네요. 저렇게 좋아하는데 저렴하기도 하니 계속 사 줘야겠어요ㅎㅎ 얼굴에 유전 보유하신 분들께 꼭 추천해 드리고픈 클렌징 폼이었어요.",향,향도 좋고,1,[속성] 향 [문장] 향도 좋고,,향,unchanged
train,1023438,SNS,스킨케어,OO 자** 기초 2종 세트,"오늘은 제가 직접 써 본 후기는 아니고, 저희 엄마의 후기를 대신 풀어 보도록 할게요~ 몇 달 전에 제가 엄마께 OO OOO 2종 세트를 보내 드렸거든요. 너무 좋아하시더라고요. 일단 눈으로 보기만 해도 케이스가 고급스러워 보여서 좋아하셨고, 써 보시더니 더 좋아하셨어요. 촉촉하고 향긋하니 얼마나 좋은지 모르겠다며 아껴 쓰셨어요ㅎㅎ 또래에 비해 동안이시지만 그래도 주름이 싫으셨는지~ OO 바르니까 팔자주름도 훨씬 옅어 보인다고 다음에도 또 이어서 쓰고 싶다고 하시네요. 옛날엔 면세점에서나 사던 귀한 물건이라며 ㅜㅜ 그에 비하면 지금은 정말 저렴하게 살 수 있지요. 이렇게 좋아하시는데 왜 진작 안 사드렸을까 하고 딸내미는 반성했답니다.",보습력/수분감,촉촉하고,1,[속성] 보습력/수분감 [문장] 촉촉하고,,보습력/수분감,unchanged
train,1023440,SNS,스킨케어,OO 자** 기초 2종 세트,여러분이 30대에 접어들었다면 아마도 OO에 눈길이 조금씩 가고 있을 거예요. OO OOO 2종 세트 사용후기도 안 보고 넘어갈 수 없을 겁니다! OO는 OOOO에센스가 워낙 유명해서 에센스로 입문하는 분들이 많더라고요. 그렇게 시작해서 점점 기초 라인을 OO로 도배하게 되는데요(예언입니다)... 에센스 다음은 역시 OOO 기초겠죠. 촉촉하고 순해서 부담없이 쓸 수 있으니 OO 입문에 딱 알맞은 제품이랍니다. 게다가 진정 효과도 좋아서 트러블 피부에도 쓸 수 있고요. 향도 너무 가볍지 않게 은근히 향긋해서 연령에 구애 받지 않고 엄마와 딸이 함께 쓰기에도 좋아요. 오늘 제가 좀 족집게 같았죠? 족집게 믿고 한 번 써 보시면 후회 없을 거예요.,보습력/수분감,촉촉하고,1,[속성] 보습력/수분감 [문장] 촉촉하고,,보습력/수분감,unchanged
train,1023451,SNS,스킨케어,OO 독** 로션 400ml,피부가 쩍쩍 갈라지는 겨울이 와버리다니 너무 걱정이 되는 요즘 사용중인 로션 리뷰해볼게요 순하고 무향인데 촉촉하고 부작용도 없고 매우 만족합니다^^ 피부가 민감한데 간지러운 느낌이나 부작용이 하나도 없네요 가족 전체가 다 쓰는데 여드름있는 아들도 괜찮다고 하네요 저는 로션중에 꾸덕한 제형 싫어하는 편인데 여기껀 괜찮아요 펌프식이라 화장실 앞에 두고 사용하기 좋고요 용량대비 가격도 괜찮은 편입니다 400ML 대용량이 있는 것도 너무 좋아요 피부 예민한 요즘 관리 조심하시고 다들 즐거운 하루되세요~,자극성,순하고,1,[속성] 자극성 [문장] 순하고,,자극성,unchanged
train,1023451,SNS,스킨케어,OO 독** 로션 400ml,피부가 쩍쩍 갈라지는 겨울이 와버리다니 너무 걱정이 되는 요즘 사용중인 로션 리뷰해볼게요 순하고 무향인데 촉촉하고 부작용도 없고 매우 만족합니다^^ 피부가 민감한데 간지러운 느낌이나 부작용이 하나도 없네요 가족 전체가 다 쓰는데 여드름있는 아들도 괜찮다고 하네요 저는 로션중에 꾸덕한 제형 싫어하는 편인데 여기껀 괜찮아요 펌프식이라 화장실 앞에 두고 사용하기 좋고요 용량대비 가격도 괜찮은 편입니다 400ML 대용량이 있는 것도 너무 좋아요 피부 예민한 요즘 관리 조심하시고 다들 즐거운 하루되세요~,보습력/수분감,촉촉하고,1,[속성] 보습력/수분감 [문장] 촉촉하고,,보습력/수분감,unchanged
train,1023452,SNS,스킨케어,OO 플** 에멀전 150m,"피부가 쩍쩍 갈라지는 겨울이 왔습니다 요즘 사용중인 로션 리뷰해볼게요 OO OOO 에멀전은 향도 좋고 가격도 착하며 한여름 유분이 적당하고 피부에 가볍게 느껴져 만족임당. 제형이 약간 묽게 느껴지나 촉촉하고 부드럽게 잘 발립니다. 가성비 좋고 만족합니다. 건성이쓰기에 괜찮은듯 촉촉하고 부드러운 편이라 부담안가고 좋아요 유분이 없어서 끈적이지 않고 적당히 촉촉해서 여름에 쓰기 적당합니다. 건성 피부는 겨울에 좀 당길 수도 있을 지 모르나 복합성이나 지성 피부는 부담 없이 사계절 내내 알맞을 거 같고, 향이 강하지 않아 더 마음에 듭니다, 피부 예민한 요즘 관리 조심하시고 다들 즐거운 하루되세요~",향,향도 좋고,1,[속성] 향 [문장] 향도 좋고,,향,unchanged
train,1023452,SNS,스킨케어,OO 플** 에멀전 150m,"피부가 쩍쩍 갈라지는 겨울이 왔습니다 요즘 사용중인 로션 리뷰해볼게요 OO OOO 에멀전은 향도 좋고 가격도 착하며 한여름 유분이 적당하고 피부에 가볍게 느껴져 만족임당. 제형이 약간 묽게 느껴지나 촉촉하고 부드럽게 잘 발립니다. 가성비 좋고 만족합니다. 건성이쓰기에 괜찮은듯 촉촉하고 부드러운 편이라 부담안가고 좋아요 유분이 없어서 끈적이지 않고 적당히 촉촉해서 여름에 쓰기 적당합니다. 건성 피부는 겨울에 좀 당길 수도 있을 지 모르나 복합성이나 지성 피부는 부담 없이 사계절 내내 알맞을 거 같고, 향이 강하지 않아 더 마음에 듭니다, 피부 예민한 요즘 관리 조심하시고 다들 즐거운 하루되세요~",보습력/수분감,촉촉하고,1,[속성] 보습력/수분감 [문장] 촉촉하고,,보습력/수분감,unchanged
train,1023457,SNS,스킨케어,OO 알** 수딩 젤크림 100ml,이번에 여러 샘플을 쓰다가 새로 구매해본 제품 리뷰입니다 OO OOO 수딩젤이에요 샘플 써보고 너무 좋아서 구매 후 벌써 3통째 사용중이네요 보습력이 뛰어나고 향은 크게없어서 좋아요. 속건조에 도움이되요 여름에 사용하기 좋은 수분크림이에요...화장이 밀리지도 않고 촉촉하면서 번들거리지 않아요..수부지에 강추합니당~ 바르고 난 뒤 느낌은 비슷하고 크림은 흰색제형이고 젤은 투명제형에 알갱이가 있네요. 젤이 크림 보다 훨씬 가벼울 것이라고 생각하고 여름에 써야지 했는데 큰 차이는 없는 것 같아요. 약간 막이 생기면서 축축한 느낌이라 밤에 자기 전 바르는 게 좋을 것 같아요. 이번엔 드디어 실패하지 않은 크림을 발견해서 너무 기분 좋네요,보습력/수분감,보습력이 뛰어나고,1,[속성] 보습력/수분감 [문장] 보습력이 뛰어나고,,보습력/수분감,unchanged
train,1023461,SNS,스킨케어,OO 어** 진정 플루이드 125ml,겨울인가 싶게 따뜻한 요즘 뭔가 한방화장품에 관심이 가서 구매해본 OO OOO 플루이드입니당 향도 좋고 보습도 괜찮아요. 텍스쳐 무겁고 비싼 한방제품보다 더 맘에 들어요.복합성피부인데 속건조도 잘 잡히는것 같고 무겁지 않고 수분도 잘 잡아줘서 사계절 내내 쓰고있어요 여름에도 너무 끈적이지 않아 좋아요. 에센스 같은 가벼운 제형인데 흡수되면서 피부가 다 빨아 당기는게아니라 어느정도는 수분지속력이 너무 좋아여 저는 아침메이컵 전 사용하는편인데 끈적이지 않아서 메이크업이 뭉치지 않는 장점도 있습니다. 한방화장품은 무겁다는 인식을 날려준 산뜻한 로션이었습니다,향,향도 좋고,1,[속성] 향 [문장] 향도 좋고,,향,unchanged
train,1023461,SNS,스킨케어,OO 어** 진정 플루이드 125ml,겨울인가 싶게 따뜻한 요즘 뭔가 한방화장품에 관심이 가서 구매해본 OO OOO 플루이드입니당 향도 좋고 보습도 괜찮아요. 텍스쳐 무겁고 비싼 한방제품보다 더 맘에 들어요.복합성피부인데 속건조도 잘 잡히는것 같고 무겁지 않고 수분도 잘 잡아줘서 사계절 내내 쓰고있어요 여름에도 너무 끈적이지 않아 좋아요. 에센스 같은 가벼운 제형인데 흡수되면서 피부가 다 빨아 당기는게아니라 어느정도는 수분지속력이 너무 좋아여 저는 아침메이컵 전 사용하는편인데 끈적이지 않아서 메이크업이 뭉치지 않는 장점도 있습니다. 한방화장품은 무겁다는 인식을 날려준 산뜻한 로션이었습니다,흡수력,무겁지 않고,1,[속성] 흡수력 [문장] 무겁지 않고,,흡수력,unchanged
train,1023464,SNS,스킨케어,OO 아** 에센셜 에멀전 120ml,이제 로션도 아무거나 못 쓰는 나이가 되었나봐요 저렴이 쓰다가 피부가 안 좋아져서 새로 구입해 본 OO 에멀전 리뷰예요! 예전엔 아무거나 써도 괜찮았는데 나이드니 피부가 민감해지네요. 다른거 쓰면 트러블 생겨서 최근엔 이것만 써요. 무난하게 씁니다. 많이바르면 오히려 트러블 나는 피부거든요 ㅠㅠ OO OOO이랑 오일이랑 선크림만발라도 광나요 촉촉하고 피부가 뽀얀해지더라구요 향이 좋고 부드럽게 발려요 성분도 좋고 향도 순하고 끈적임 없이 촉촉하고 좋아요 앞으로도 계속 이용 할듯 합니다 그래도 트러블이 잠잠해져서 넘 다행이에요 넘 만족한 OO 에멀전 리뷰였습니다 다들 환절기에 감기 조심하세요,보습력/수분감,촉촉하고,1,[속성] 보습력/수분감 [문장] 촉촉하고,,보습력/수분감,unchanged
train,1023469,SNS,스킨케어,OO 하** 모이스처 로션 300ml,"여러 제조사의 화장품을 쓰고 있지만 저희 어머니 세대에서 사랑받는 OO, 그 중에서도 살짝 고가라인인 제품의 리뷰를 해봅니다 OOO 로션이구요 보통 OO 제품이 가격대가 저렴해서 가성비가 참 좋은데 이 제품은 그보다는 좀 더 비싼 편이에요 그래도 대용량에 비싼 타사 제품 대비 기능이 넘 좋아서 계속 쓰고 있어요 피부가 촉촉하고 부드럽습니다. 보습력도 좋은 편이에요 악건성이신 분들은 쓰기 안 좋으니 제외하고, 그 외에 어떤 피부타입이든 쓰기 좋은 제품인 것 같아요 유분보다는 수분 공급이 더 잘되는 편인 것 같아요 저희 가족도 모두 잘 사용하고 있습니다. 요즘 같은 떄 정말 잘 쓰고 있는 제품이라 여러분들께도 추천드릴게요",보습력/수분감,피부가 촉촉하고,1,[속성] 보습력/수분감 [문장] 피부가 촉촉하고,,보습력/수분감,unchanged
train,1023469,SNS,스킨케어,OO 하** 모이스처 로션 300ml,"여러 제조사의 화장품을 쓰고 있지만 저희 어머니 세대에서 사랑받는 OO, 그 중에서도 살짝 고가라인인 제품의 리뷰를 해봅니다 OOO 로션이구요 보통 OO 제품이 가격대가 저렴해서 가성비가 참 좋은데 이 제품은 그보다는 좀 더 비싼 편이에요 그래도 대용량에 비싼 타사 제품 대비 기능이 넘 좋아서 계속 쓰고 있어요 피부가 촉촉하고 부드럽습니다. 보습력도 좋은 편이에요 악건성이신 분들은 쓰기 안 좋으니 제외하고, 그 외에 어떤 피부타입이든 쓰기 좋은 제품인 것 같아요 유분보다는 수분 공급이 더 잘되는 편인 것 같아요 저희 가족도 모두 잘 사용하고 있습니다. 요즘 같은 떄 정말 잘 쓰고 있는 제품이라 여러분들께도 추천드릴게요",윤기/피부(톤),부드럽습니다.,1,[속성] 윤기/피부(톤) [문장] 부드럽습니다.,,윤기/피부(톤),unchanged
train,1023474,SNS,스킨케어,OO 밀** 모이스처라이저 하이드라 밸런싱 125ml,여드름 피부는 항상 기초제품부터 고르는 난관을 헤쳐나가기가 넘 힘들어요 그 중에 그나마 써보고 괜찮았던 제품이 있어서 후기 남겨봅니다 OO OOO 모이스처라이저구요 이건 오일프리 제품이라 일단 유분때문에 트러블이 생길일은 없답니다. 펌프형이라 오염없이 깔끔하게 끝까지 잘 쓸 수 있는 것도 장점이에요 대신 겨울에는 아무리 여드름 피부여도 사용하기엔 보습감이 너무 가볍습니다. 겨울에는 다른 제품 쓰시는걸 추천해요 순하고 제형이 부드러워서 대부분 만족하실거라고 생각합니다. 나름 만족했던 OO 후기였어요,자극성,순하고,1,[속성] 자극성 [문장] 순하고,,자극성,unchanged
train,1023475,SNS,스킨케어,OO 크** 모이스처라이저 딥 모이스트 125ml ,건성 피부에게 겨울은 혹독한 계절이에요 이 시즌을 넘기기 위해 찾은 쫀득한 로션 리뷰입니다. OO OOO 모이스처라이저구요 제형이 정말 크리미하게 건성에게는 딱 겨울에 맞는 로션입니다. 순하고 제형이 부드럽고 향기도 OO답게 적당히 고급스러워요 민감한 피부에도 별 자극없이 잘 흡수가 되구요 펌프형이라 딱 한 번 쓸 만큼만 짜내기 편합니다. 다 좋지만 용량이 작은 건 정말 불편하네요 아껴쓰지 않으면 너무 금방 써버리는 단점이 있어요 혹독한 겨울 모두 피부 조심하세요~,자극성,순하고,1,[속성] 자극성 [문장] 순하고,,자극성,unchanged
train,1023476,SNS,스킨케어,OO 독** 로션 200ml,무슨 리뷰를 할까 고민하다가 화장대에 있던 OO 로션이 생각 났어요 벌써 세통째 쓰고 있는 제품입니다. 무향이라서 너무 편하게 잘 쓰는 OO OOO로션이예요. 부담없이 잘 발리고 순한 편입니다. 바르고 나면 약간 밀리는 느낌이 있어서 좀 오래 문질러줘야하는데 그래도 흡수되고 나면 촉촉해요 많은 기능성이 있는거는 아니지만 기본 로션으로 충실해서 괜찮다고 생각합니다 용량대비 가격도 착한 편입니다. 가성비족에게 최적화된 OOO로션 앞으로도 쭉 사용하고 싶어요!,보습력/수분감,촉촉해요,1,[속성] 보습력/수분감 [문장] 촉촉해요,,보습력/수분감,unchanged
train,1023498,SNS,스킨케어,OO 마** 에멀젼 150ml ,계절이 바뀌면 항상 화장품 고민부터 시작하곤 합니다 이번엔 뭘 써야 트러블이 안 날지 고민하다가 선택한 OO OOO 에멀전이에요 일단 샘플로 받아서 써보고 주문했어요 피부가 예민한편인데도 이상하게 뾰루지도 안나고 뒤집어지지도 않아서 쭈욱 사용해보려고 합니다. 제형이 부드러워서 발림성 좋고 향이 진하게 나지 않아서 좋았어요 피부에 수분감 오래가고 잘 흡수되는것 같아요. 저렴한 가격인데도 품질은 만족합니다. 가격도 품질도 모두 만족하는 괜찮은 선택이었던 것 같아 뿌듯하네요,발림성,발림성 좋고,1,[속성] 발림성 [문장] 발림성 좋고,,발림성,unchanged
train,1023845,SNS,스킨케어,OO 선 메이트 70ml,"이젠 봄여름가을겨울 할 것 없이 선크림은 필수품이죠. 하지만 아직 저는 선크림 유목민이라 제게 맞는 선크림 찾고 있어요. 이번에 사용해본 OO 제품 어떤지 소개해볼게요. OO 선크림은 일단 무겁지 않고 발림성이 부드러워요 그리고 겨울에 수분크림 바른 후에 바로 선크림 바르면 좀 부담스러운데 이거는 촉촉해서 약간 수분기가 있는 것 같아 부담없이 쓸 수 있어요. 워터프루프 기능이 있다고 해서 운동하는 사람들에게는 딱인 것 같아요. 수영이나 땀이 많이 나는 운동을 하고 나서는 지워지는 선크림이 많은데 이건 물이나 땀에 지워지지 않아서 부담 없이 쓸 수 있는 것 같아요. 바를 때 밀림도 없고, 이 거 쓰고 나서는 피부가 좋아 보인다는 이야기도 많이 들었어요. 부담없는 가격에 용량도 커서 오래쓰기 딱 좋습니다. 얼굴에 백탁현상이 나온다는 말도 있긴한데, 원래 선크림은 피부에 충분히 스며들기 전에 화장을 하면 하얀색 얼룩이 생기니 5분정도 기다린 후 해야된다고 합니다. 저는 이거 바르고 좀 나중에 화장하니까 괜찮아 지더라고요. 건조한 얼굴에 촉촉한 선크림 바르고 싶다면 이 제품 추천드립니다. 무난한 선크림이라고 생각해요~",흡수력,무겁지 않고,1,[속성] 흡수력 [문장] 무겁지 않고,,흡수력,unchanged
train,1024775,SNS,스킨케어,OO 피** 선,"안녕하세요~ 오늘은 ㅇㅇㅇ 제품을 소개해 드리려고 해요~ 코로나 시대로 마스크를 매일 쓰고 다니는 만큼 파데프리를 하고 싶어서 톤업크림을 알아보고 있었는데, 이 제품은 톤업도 되고 자외선 차단도 해서 구입을 해봤어요ㅎㅎ 보통 톤업 크림은 색상이 햐얀색인 경우가 많은데 이 제품은 피치빛이라서 발랐을 때 피부톤이 자연스럽게 화사하게 올라갑니다ㅎㅎ 부드럽고 촉촉하게 잘 발리기는 하지만 마무리는 보송해서 속건조가 있으신 분들께는 추천드리지 않아요! 파데프리를 위한 첫걸음으로 이 제품을 추천합니다~",윤기/피부(톤),부드럽고,1,[속성] 윤기/피부(톤) [문장] 부드럽고,,윤기/피부(톤),unchanged
train,1024888,SNS,스킨케어,OO 멀티밤 리필형,안녕하세요~누군가 생일이 다가오고 있다면 ㅇㅇㅇ어떨까요~~ㅎ 방송에 나오는 ㅇㅇㅇ를 보고 살까 말까 망설이다 그냥 놓쳤는데 마침 친구가 생일선물로 ㅇㅇㅇ를 준비했지 뭐에요 ㅎㅎ 가격도 비싸던데 ... 일단 용기가 이쁘고 제 취향이라 홀딱 반해버렸어요~~촉촉하고 조금 끈적임은 있지만 얼굴에도 목에도 화장한 얼굴 위에도 바를 수 있어서 사용하기 편리하더라구요. 이거 바르고 나가면 얼굴에 광채가 나서 다들 피부가 좋아졌다고 하니 기분이 좋았어요. 크기도 작아서 휴대하기도 좋고 주변에 홍보하고 다녀요 ㅎ ㅇㅇㅇ의 반함에 조심하세요~~~,보습력/수분감,촉촉하고,1,[속성] 보습력/수분감 [문장] 촉촉하고,,보습력/수분감,unchanged
train,1024897,SNS,스킨케어,OO 프** 콜라겐스틱10g,"안녕하세요~요즘 이런 멀티 스틱밤 완전 인기래요~~ 다른 제품이 너무 끈적임이 심해서 실망했던 분들은 이 제품 추천드려요~ 세일기간이라 가격도 좋아서 잘 구매했어요. ㅇㅇㅇ는 발랐을 때 무겁지 않고 끈적거리지 않아 사용감이 좋아요. 촉촉하고 매끈하게 잘 발리고, 흡수되는데 시간이 좀 걸리긴 하지만 흡수도 괜찮은 편이에요~ 처음엔 꾸덕한 제형인 줄 알았는데 중간에 에센스가 들어있어 크리미한 제형이기도 하네요~ 세일기간에 가격도 좋아서 잘 구매했어요. 요즘같은 간절기에 이 제품 필요하지 않을까요~~?ㅎ",보습력/수분감,촉촉하고,1,[속성] 보습력/수분감 [문장] 촉촉하고,,보습력/수분감,unchanged
train,1025409,SNS,스킨케어,OO 로** 대용량 워터 토너 500ml,날씨가 봄이 되니 정말 좋은 것 같아요~ 하지만 이런 봄 날씨.. 피부는 건조하기 쉽상이죠~ 여러분은 어떤 제품으로 기초 케어 하시고 계시나요? 저는 이 제품 추천 드리고 싶어요~ 매일 사용하는 제품이라 자신 있게 추천 드릴 수 있습니다!! 제가 너무 좋아하는 토너 제품이에요~ 이 제품을 만나기 전으로는 돌아가고 싶지가 않습니다.. 전에 쓰던 토너도 물론 좋았지만 양이 적어서 금방 금방 사용하다 보니 가격적으로 부담이 있었어요.. 하지만 이 제품은 용량이 정말 많아서 한 번 사면 엄청 오래 사용할 수 있으니 좋습니다~ 그렇다고 별로냐? 그것도 아니에요!! 일단 바르면 피부가 촉촉하고 꾸준히 발라보니 피부결이 너무 곱게 되었어요^^ 만족합니다!! 지금처럼 건조한 날씨에 토너가 상당히 중요해요! 세안 후 바로 바르는 첫 제품!! 저는 이 제품으로 추천 드릴게요~,보습력/수분감,피부가 촉촉하고,1,[속성] 보습력/수분감 [문장] 피부가 촉촉하고,,보습력/수분감,unchanged
train,1025471,SNS,스킨케어,OO U** 선 프로텍터 50ml 1개,최근에 구매했는데 너무 잘 쓰고 있어서 알려 드리고 싶어 추천 하고 싶었습니다~ 선크림 어떤 제품 구매하실지 고민이신 분이 읽어 주시면 좋을 것 같네요^^ 다른 제품을 쓰다가 잃어 버려서 새로 살까 하다가 아예 안 써본 제품 사고 싶어서 구매를 하게 되었습니다! 알아 보다가 이 제품이 제일 후기가 많고 좋은 것 같아서 구매를 했어요! 가격도 저렴하고 사은품도 많이 주셔서 감사했습니다 :) 구매 하기 전에 판매자님께서 질문도 성실하게 대답해 주셔서 감사했습니다 ㅎㅎ 제품은 정말 품질이 좋습니다~ 자외선 차단 기능도 좋고 트러블도 생기지 않았습니다 ㅎㅎ 여러모로 좋은 것 같아서 추천 드리고 싶었습니다!! 제가 써 본 선크림 중에 제일 좋지 않았나 생각이 드네요~,가격,가격도 저렴하고,1,[속성] 가격 [문장] 가격도 저렴하고,,가격,unchanged
train,1025896,SNS,스킨케어,OO 마** 마스크팩 최다구성세트,오늘은 모처럼 쉬는날이예요.유후~~ 몸도 마음도 쉬면서 OO OOO 마스크팩으로피부에도 영양을 줍니다 쏙~~ OO 마스크 팩은 홈쇼핑에서 저렴한 가격으로 구성도 대박이더라구요.그래서 매일 1일 1팩 하려고 노력합니다. 힘든 일과 끝나고 씻고 누워 팩 붙이면 오늘 하루도 잘 보낸 나에게 주는 선물과도 같아요^^ ~~냉장고에 보관한 팩은 시원하고 촉촉해서 보습력도 뛰어나 다음날 아침에 광이 나요 그래서 화장도 잘 먹는답니다 ㅋㅋ 오늘도 멋진하루 보낸 나에게 선물 하렵니다^^~,보습력/수분감,시원하고,1,[속성] 보습력/수분감 [문장] 시원하고,,보습력/수분감,unchanged
train,1025897,SNS,스킨케어,OO 마** 마스크팩 최다구성세트,뜨거운 햇살을 받으며 운동을 해서인지 얼굴에 기미와 잡티가 보이기 시작 했어요ㅠㅠ 몸과 피부 모두 건강해져야겠어요.^^~~ 엄마와함께 OO OOO 마스크팩으로 피부에도 영양을 줍니당ㅎㅎ 에센스가 듬뿍 담겨있어서 얼굴에 붙이면 마음도 흡족해진답니다. 피부가 촉촉하고 끈적이지 않게 흡수됩니다. 꾸준하게 바르면 기미도 연해지고 잡티도 조금씩 정리가 되는 것 같더라구요 굿~~~그런데 좀 더 은은향이 나면 좋을 것 같네요 욕심이 큰가요 ㅋㅋ~~ 엄마와 함께 고운 피부 만들기 시작해 보아요~~^^,보습력/수분감,피부가 촉촉하고,1,[속성] 보습력/수분감 [문장] 피부가 촉촉하고,,보습력/수분감,unchanged
train,1025899,SNS,스킨케어,OO 마** 마스크팩 최다구성세트,항상 아이가 다치면 OO 연고를발라 주어서 OOO OO 마스크팩을 믿고 구입하였답니다^^~ 마스크팩을 바르니 촉촉하고 에센스가 듬뿍 담겨 있어서 피부에 잘 흡수 되었습니다 아이의 상처가 아물어 가듯 나의 피부의 잡티도 잡아주길 희망하며 매일 붙였는데 아직 며칠 지나지 않아서 그런지 생각만큼 ......당일은 촉촉하고 좋은데 담날 세수하면 크게 변화를 모르겠더라구요ㅠㅠ 꾸준히 붙이면 좋아지리라 효과 있으리라 믿고 오늘도 붙여 봅니다 ㅎㅎ,보습력/수분감,촉촉하고,1,[속성] 보습력/수분감 [문장] 촉촉하고,,보습력/수분감,unchanged
train,1025924,SNS,스킨케어,OO 큐** 유브이 쉴드 선스틱 기본구성,"외출할 때 꼭 가지고 나가는 필수품이 있죠? 휴대폰과 선크림!!! ㅋㅋ 저는 외출시엔 OO OOO 선크림을 꼭 챙긴 답니당^^ 나이가 드니 햇빛을 받으면 기미 ,잡티가 더 생기는 것 같더라구요 그래서 선크림은 항상 가지고 다니며 수시로 덧발라 줍니다 가방에 쏙 넣어다니기도 좋고 사용하기도 좋고 향도 좋고 발림성도 좋아요 .ㅋㅋ 자외선을 차단해줘서 그나마 많이 돌아다녀도 안심이 되요 ㅎ 그래도 좀 더 젊을때 여기저기 구경 다녀야죠ㅋㅋ",향,향도 좋고,1,[속성] 향 [문장] 향도 좋고,,향,unchanged
train,1025930,SNS,스킨케어,OO T** 콜라겐 크림팩 ,피부 좋은 직장후배의 추천으로 알게 된 OO OOO 크림팩!!! 이제품을 쓰고 나의 피부도 이렇게바뀔 수 있다는 것에 놀랬답니다 우후~~ 보통 팩하면 얼굴에 붙이고 나면 줄줄 흘러서 아무것도 못 하는데 콜라게 크림팩은 붙이고 마음껏 움직일 수 있어서 무엇보다 좋았구요 필오프 타입이라 잘 뜯어지지 않을까 걱정했는데 부드럽게 잘 뜯어지더라구요. ㅎㅎ 아니 그런데 떼고 나니 촉촉하고 윤기도 나면서 피부에 광이나는거예요 정말 너무 좋았어요 ^^ 다음날 화장도 잘 먹어서 저는 일주일에 2~3번씩 쓰고 있답니다 ㅋㅋ 계속 사용하려니 양이 적어서 부담이 되네요 ㅠㅠ 그래도 재구매 했어요 ㅋㅋ,보습력/수분감,촉촉하고,1,[속성] 보습력/수분감 [문장] 촉촉하고,,보습력/수분감,unchanged
train,1025931,SNS,스킨케어,OO T** 콜라겐 크림팩 ,우연히 친구집에 놀러갔는데 친구 얼굴에 반짝이는 게 있어 물어 보았더니 팩을 하고 있었답니다 헐....팩을 붙이고 돌아 다니고 있네요 그건 바로 OO OOO 크림팩이어서 가능하구요 ^^ 저도 옆에서 같이 붙여 보았습니다 .ㅋㅋ 일반 팩과 달리 흘러내리지 않으니 붙이고 마음껏 움직일 수 있었고 .보통 팩을 떼어내면 건조하고 땡기는데 촉촉하고 윤기가 흐르더라구요 신세계였네요ㅎㅎ 듬뿍 바르니 몇 번 못 바르네요 양이 좀 많았으면 좋겠어요.... 빨리 집에가서 구매해야겠어요 ㅋㅋㅋ,보습력/수분감,촉촉하고,1,[속성] 보습력/수분감 [문장] 촉촉하고,,보습력/수분감,unchanged
train,1025934,SNS,스킨케어,OO 로** 스네일 달팽이 크림 50ml,"가을이 되니 피부가 건조하고 푸석푸석하여 크림을찾던 중 댓글이 많이 달린 OO OOO 크림을 구입해 보았습니다.주문하니 금방 왔더라구요 ㅋㅋ 제형은 점도 높은 쫀쫀한 크림타입으로 촉촉하고 발림성도 좋고 흡수도 잘 되고 피부가 깔끔해 보이더라구요 가격도 착해서 아침,저녁으로 듬뿍 발라주고 있어요.그리고 스패출러가 있어서 깔끔하게 덜어내서 사용하고 또 눈밑과 관자놀이 지압도 하면 좋더라구요 ㅋㅋ 건성피부인 저에겐 유분이 좀 더 많았으면 하네요 ....ㅠㅠ OOO크림덕에 올 가을,겨울에는 촉촉해질게요 ~~^^",보습력/수분감,촉촉하고,1,[속성] 보습력/수분감 [문장] 촉촉하고,,보습력/수분감,unchanged
train,1026033,SNS,스킨케어,OO UV 프로텍터 멀티 디펜스 50ml(SPF50+),우리나라 메이크업 대표 브랜드 중 하나인 OO의 OOO 사용후기입니다. 우윳빛의 깔끔하고 고급스러운 디자인이 우선 마음에 드네요. 제형은 크림답게 쫀쫀한 느낌인데 부드럽게 잘 발리고 수분크림처럼 수분감이 좋아요. 바르고 나면 보통 자외선 차단제 발랐을 때처럼 광이 번들거리는 게 아니라 윤기가 반지르르 흐르는 느낌이에요. '비자극'이라고 할 정도로 자극이 전혀 없고 향이 산뜻하다는 점도 빼놓을 수 없죠. 도대체 이 녀석은 약점이 뭘까요? 현미경으로 들여다 봐도 찾기 힘들 것 같아요.,발림성,부드럽게 잘 발리고,1,[속성] 발림성 [문장] 부드럽게 잘 발리고,,발림성,unchanged
train,1026061,SNS,스킨케어,OO 비** 앰플 토너 400ml,"앰플인지 토너인지, 그것이 문제로다~ 앰플을 따로 바르지 않아도 앰플처럼 좋은 토너, OO OOO 토너 사용후기예요. 바르면 피부결이 좋아지는 게 느껴지는 토너예요. 수분감과 유분감이 적절히 배합되어 있어서 토너지만 보습력이 좋은 듯해요. 순하고 촉촉하니 사계절 내내 기초 화장품 첫 단계로 쓰기 좋네요. 여름에는 이 뒤에 로션, 겨울에는 로션과 크림을 바르는 식으로 조절해서 쓰면 될 것 같아요. 용량도 400ml로 대용량이니까 정말 데일리로 쓰기 딱이겠죠? OO 화장품은 대체로 평균 이상으로 좋은 것 같아요. 다른 제품들도 하나씩 사용해 봐야겠어요.",자극성,순하고,1,[속성] 자극성 [문장] 순하고,,자극성,unchanged
train,1026061,SNS,스킨케어,OO 비** 앰플 토너 400ml,"앰플인지 토너인지, 그것이 문제로다~ 앰플을 따로 바르지 않아도 앰플처럼 좋은 토너, OO OOO 토너 사용후기예요. 바르면 피부결이 좋아지는 게 느껴지는 토너예요. 수분감과 유분감이 적절히 배합되어 있어서 토너지만 보습력이 좋은 듯해요. 순하고 촉촉하니 사계절 내내 기초 화장품 첫 단계로 쓰기 좋네요. 여름에는 이 뒤에 로션, 겨울에는 로션과 크림을 바르는 식으로 조절해서 쓰면 될 것 같아요. 용량도 400ml로 대용량이니까 정말 데일리로 쓰기 딱이겠죠? OO 화장품은 대체로 평균 이상으로 좋은 것 같아요. 다른 제품들도 하나씩 사용해 봐야겠어요.",보습력/수분감,촉촉하니,1,[속성] 보습력/수분감 [문장] 촉촉하니,,보습력/수분감,unchanged
train,1026067,SNS,스킨케어,OO 밀** 톤업크림,"안녕하세요~~ 오늘은 ㅇㅇㅇ ㅇㅇ 톤업크림을 들고 와봤어용~ 마스크 시대인 만큼 파데프리를 실천하려고 톤업크림을 찾아보고 있었는데요, 고등학교 때 ㅇㅇㅇ톤업크림을 잘 사용했어서 이번에도 ㅇㅇㅇ 제품으로 구매를 해봤어요~ 일단 자연스러운 톤업 느낌은 아니구 나 톤업했어!!!! 느낌의 톤업이랄까..?ㅋㅋㅋㅋ생각보다 티가 많이 나는 톤업이에요ㅎㅎ 촉촉하고 부드럽게 잘 발리긴 하는데 시간이 지나면 유분기가 많은 부위 위주로 뭉치더라구요… 좀 더 업그레이드 되어서 나온다면 재구매할 수도..? 지금 이대로는 재구매 절대 노입니다!",보습력/수분감,촉촉하고,1,[속성] 보습력/수분감 [문장] 촉촉하고,,보습력/수분감,unchanged
train,1026108,SNS,스킨케어,OO 프** 미네랄 마스크팩,차콜팩은 보통 피지 제거용으로 코팩만 써왔는데요 얼굴 전체용으로 쓰는 차콜팩이 있어 어떤가 하는 마음에 구매해보았어요 OO의 OOO 마스크팩인데요 마침 할인을 하길래 저렴해서 어쩌다 보니 사게 된 제품이에요 보통 차콜은 피지 제거용으로만 생각해서 30대인 내 나이에 굳이 필요할까 처음엔 그런 생각이었거든요 그런데 꼭 노폐물 체거만 하는게 아니라 블랙베리컴플렉스 성분이 들어 있어서인지 촉촉하고 영양공급이 잘 되더라구요 아마 노폐물 제거와 동시에 영양공급을 하기 떄문인 것 같아요 제형이 축 흘러내리는 타입이 아니라서 사용도 너무 간편하고 괜찮았던 팩이었어요,보습력/수분감,촉촉하고,1,[속성] 보습력/수분감 [문장] 촉촉하고,,보습력/수분감,unchanged
train,1026139,SNS,스킨케어,OO 울** 폼클렌징,한동안 미세먼지 프리한 맑은 하늘이었다가 계절이 바뀌면서 갑자기 수치가 너무 안 좋아졌더라구요 이런 때는 클렌징에 더더욱 신경을 써야겠다 싶어요 OO 폼클렌징은 일단 향이 좋아서 세안할 때 힐링이 되는게 첫번째 장점! 두번째 장점은 미세버블 제형인데 튜브형 제품이지만 정말 소량 써서 문질문질하면 굉장히 조밀한 제형의 거품이 나와요 노폐물 제거야 당연한건데 각질제거도 된다고 하더라구요 사실.. 각질 제거는 잘 모르겠지만 암튼 세안하고 나면 피부가 뽀드득한게 맘에 들어요 향도 좋고 세정력도 좋은 착한 클폼을 만나서 한동안은 걱정없이 잘 쓰겠어요,향,향도 좋고,1,[속성] 향 [문장] 향도 좋고,,향,unchanged
train,1026232,SNS,스킨케어,OO 독** 클렌징오일,겨울 들어가는 초입이 되니까 미세먼지가 또 극성인데요 미세먼지 세정도 된다고 해서 클렌징 오일 새로 구입해봤어요 OO 클렌징 오일은 순하고 딱 가격만큼 하는 적당한 세정력을 보여주네요 엄청 기대한건 아니라서요 일단 엄청 순하다고 유명한걸로 아는데 순하기만 하고 세정력 안 좋으면 슬프잖아요 ㅠㅠ 다행히 세정력이 그 정도는 아니에요 그냥 저냥. 근데 또 가격 생각하면 굳이 다른 클오도 많은데 이걸 사야 하나 싶기도 해요 가성비까지 생각하면 그닥 추천드릴 제품은 아니에요,자극성,순하고,1,[속성] 자극성 [문장] 순하고,,자극성,unchanged
train,1026308,SNS,스킨케어,OO 레** 크림 50ml,"피부과에서도 추천하는 크림~ OO OOO 크림 사용후기예요. 발림성이 좋고 촉촉한 크림이에요. 겨울에 단독으로 쓸 정도의 보습까진 아니고요, 봄~가을까지는 이걸로 충분할 거예요. 요즘 날씨에 낮에는 보습제로 좋고, 밤에는 도톰하게 발라서 슬리핑팩처럼 활용해도 좋아요. 저는 향이 진한 화장품을 별로 안 좋아하는데, 거의 무취에 가까운 약한 향이라는 점도 플러스예요. 가격이 비싸긴 했지만 사은품을 잔뜩 보내 주셔서 위안이 되네요ㅎㅎ 발라서 피부에 도움이 되기만 한다면야~ 이 정도 가격은 투자할 만하다고 생각 됩니다^^",발림성,발림성이 좋고,1,[속성] 발림성 [문장] 발림성이 좋고,,발림성,unchanged
train,1026365,SNS,스킨케어,OO 센** 크림 50ml x2,"많은 사랑을 받으며 시즌6까지 이어 오고 있는 OO OOO크림을 사용해 봤어요. 사흘째 밤에 잠자기 전에 바르고 있는데, 기능성이라고 해서 걱정했지만 별다른 피부 자극은 없는 것 같아요. 저는 혹시나 하고 각오하고 있었거든요ㅎㅎ 나름대로 피부결도 좋고 피부톤도 밝고 고른 편이지만 피부가 얇아서 탄력은 신경을 써야겠다고 생각했는데, 괜찮은 제품을 만난 것 같아요. 더 써 봐야 효과를 알겠지만, 일단은 촉촉하고 흡수가 잘 되니 효과도 좋지 않을까, 기대가 돼요. 피부 관심사가 보습에서 미백으로, 미백에서 탄력으로 점점 옮겨 가는데 보습, 미백, 탄력 셋 다 해결해 준다니 반가운 제품이네요^^",보습력/수분감,촉촉하고,1,[속성] 보습력/수분감 [문장] 촉촉하고,,보습력/수분감,unchanged
train,1026394,SNS,스킨케어,OO 홀** 메이크업 선 크림 60ml 1개,실내에서도 그렇고 가을 겨울에도 필수로 선크림을 발라줘야하는거 아시죠? 선크림 귀찮아서 안바르고 다니시는 분들 많으신데 선크림 바르는게 진짜 중요해요. 그래야 피부 노화도 안오고 !! 365일 항시 바르셔야 됩니다. 아무튼 저는 선크림을 꾸준히 바르고 있는데 가끔 화장하기 귀찮은 날 이걸 발라줍니다. 이게 좋은게 톤업이 되거든요. 또 촉촉하고 생기 보습까지 케어가 가능해서 요긴하게 잘 쓰고 있어요. 용량 대비 가격도 저렴해서 저 말고도 친구들이랑도 같이 써보려구 선물해주고 있답니다.ㅎㅎ 여러분도 화장하기 귀찮거나 하실 때 이거 하나만 바르고 나가도 피부가 보정되니 한번 써보시는 것도 좋으실거예요.,보습력/수분감,촉촉하고,1,[속성] 보습력/수분감 [문장] 촉촉하고,,보습력/수분감,unchanged
train,1026444,SNS,스킨케어,OO 해**  클렌징폼,순한 클렌징폼 제품 찾으시면 저는 이 제품 추천 드리고 싶어요!! 너무 순해서 좋은 것 같아 추천 드리고 싶었습니다!! 일단 성분이 참 순해서 피부에 자극이 없는 제품이에요!! 클렌징폼 잘못 사면 피부에 자극이 있어서 좋지 않은데 이 제품은 순해서 그럴 걱정은 하지 않아도 됩니다!! 숯 성분을 함유하고 있어서 노폐물 제거하는 효과가 탁월하고 트러블도 생기지 않습니다!! 심지어 화장도 잘 지워져서 너무 좋은 것 같아요!! 향도 좋고 가끔 생기는 각질도 이 제품으로 클렌징 해주면 싹 없어져서 마음에 드네요!! 저는 당분간 이 제품으로만 클렌징 할 것 같습니다!! 추천 드리고 싶은 제품이네요 ㅎㅎ,향,향도 좋고,1,[속성] 향 [문장] 향도 좋고,,향,unchanged
train,1026552,SNS,스킨케어,OO 설** 기초 3종 세트,엄마 드릴 선물용으로 구입했습니다! 엄마가 늘 쓰시는 제품이라 좋은 가격으로 주문한 것 같아서 마음에 드네요~ 엄마도 선물 받으시고 기분 좋아하셔서 다행이네요~ 이 제품은 촉촉하고 향도 은은하니 산뜻한 것 같습니다~제형의 질감이 기본 라인보다 훨씬 좋은 듯 하네요~ 엄마가 쓰시지만 저도 조만간 사용할 것 같아요!1 바르고 자고 일어나서도 촉촉함이 남아 있다는 사실에 기분이 너무 좋습니다!! 그래서 밤마다 자기 전에 바른다고 하시네요~ ㅎㅎ 일단 이 제품은 구성이 너무 좋아서!! 가격 대비 구성은 대한민국 최고의 상품이 아닌가 생각이 들어요~ 저희 엄마가 너무 좋아하는 제품이에요~ 여쭤보니 벌써 십 년 넘게 사용하고 계신다고 하네요 ㅎㅎ,보습력/수분감,촉촉하고,1,[속성] 보습력/수분감 [문장] 촉촉하고,,보습력/수분감,unchanged
train,1026618,SNS,스킨케어,OO 자** 선크림 50ml 1개,안녕하세요~~ 오늘 소개 해드리고 싶은 제품은 OOO 수분 선크림입니다!! 사용하고 너무 좋아서 꼭 추천 드리고 싶어서 가져왔습니다~ 후기 시작할게요 ㅎㅎ 최근에 쇼핑몰에서 할인을 해서 구매를 하게 되었습니다 개인적으로 향 진한 것을 좋아하지는 않은데 이 제품은 향이 진하지 않아서 저랑 잘 맞는 것 같습니다 ㅎㅎ 다른 선크림은 시간 지나면 얼굴에 뜨고 이랬는데 이 제품은 촉촉하고 기름기도 안 생겨서 너무 마음에 드는 것 같습니다~ 일단 백탁 현상이 없으니 믿고 바르는 것 같아요!! 오늘도 출근 전에 바르고 왔습니다~ 저에게는 매일 아침마다 바르게 되는 제품이네요~^^,보습력/수분감,촉촉하고,1,[속성] 보습력/수분감 [문장] 촉촉하고,,보습력/수분감,unchanged
train,1026630,SNS,스킨케어,OO 콜라겐 마스크 80매,마스크팩이 필요해서 찾아 보다가 이 제품으로 구매를 하게 되었어요~ 생각보다 너무 좋아서 알려 드리고 싶어 가져 온 제품입니다!!ㅎㅎㅎ 간단하게 후기 알려 드릴게요~ 동생이랑 같이 이 제품을 사용했는데 저희 둘 다 너무 좋아서 또 구매할 생각이 있는 제품이에요~ 1일 1팩으로 매일 하고 있는데 양도 너무 많아서 오래 쓸 것 같아서 기분이 좋네요~ 일단 이거 하고 나면 피부가 촉촉하고 피부결이 좋아진 것 같아서 마음에 들어요!! 또한 향도 강하지 않고 은은한 장미 향이라 마음에 드는 것 같습니다~ 무엇보다 대박 구성이니 얼른 구매하시는 것이 좋을 것 같아요!! 언제 사라질 지 모르는 구성이라... 저는 이거 다 쓰기 전에 구매해서 쟁여 놓고 사용해야겠습니다^^,보습력/수분감,피부가 촉촉하고,1,[속성] 보습력/수분감 [문장] 피부가 촉촉하고,,보습력/수분감,unchanged
train,1026631,SNS,스킨케어,OO 흰** 선크림 70ml 1개,여름이 되어 선크림이 필요해서 알아 보다가 이 제품이 인기가 많은 것 같아서 구입을 하게 되었어요~ 생각보다 괜찮은 제품인 것 같아서 소개 해드리려고 왔습니다 ㅎㅎ 바르고 나서 피부가 당기거나 하지 않고 상당히 촉촉한 제품인 것 같아요!! 향도 좋고 살짝 톤업도 되고 무엇보다 향이 좋아서 마음에 드는 제품이네요~~ 단종 되지 않으면 계속 사용하고 싶을 정도로 마음에 드는 제품인 것 같습니다. 광채도 생각보다 있어서 바르고 나면 피부톤이 보정이 되어 사용할 때 마다 놀라고는 합니다!! 오늘 소개 해드린 제품 어떠신가요~? 마음에 드시면 구매 하셔도 좋을 것 같아요!!,향,향도 좋고,1,[속성] 향 [문장] 향도 좋고,,향,unchanged
train,1026646,SNS,스킨케어,OO 내** 선크림 80ml 1개,와.. ㅋㅋㅋㅋ선크림 진짜 지금까지 수 없이 다양하게 사용했는데 이 제품은 백탁이 아~예 없어요!! 정말 너무 신기하네요!! 일부러 엄청 많이 발랐는데.. 그래도 백탁은 없었다고 합니다... 와우 ㅎㅎ 기존에 사용하던 선크림을 다 사용해서 새로운 제품을 찾다가 이 제품을 알게 되었는데 가격도 저렴하고 배송도 총알 배송이라 주문하게 되었어요!! 외출 하기 전에 급하게 바를 일이 있어 대충 발랐음에도 번들거림도 없고 백탁도 없어서 바르고 깜짝 놀랐어요!! 그리고 향도 생각보다 좋은 것 같아서 마음에 들었구요~ 그 날 야외 봉사 활동이 있어 하루 종일 밖에 있었음에도 자외선 차단이 잘되어 피부가 하나도 타지 않아서 좋았네요!! 저는 잘 맞아서 다음에도 또 구매하고 싶어요!! 당분간 이 제품에 정착할 것 같습니다^^,가격,가격도 저렴하고,1,[속성] 가격 [문장] 가격도 저렴하고,,가격,unchanged
train,1026663,SNS,스킨케어,OO U** 선 프로텍터 50ml 1개,오늘 가져 온 후기는 바로 OOO UV 쉴드 에센셜 선 프로텍터 50ml 입니다!! 이 제품 저는 최근에 처음 사용하게 되었는데 장 단점이 명확한 것 같아서 객관적으로 분석한 후기를 알려 드릴게요~ 일단 이 제품의 경우에는 장 단점이 정말 뚜렷한 것 같아요~ 장점부터 나열을 하면 가격이 저렴한 편에 속하고 배송이 빠른 편이다. 발림성이 좋고 제형이 꾸덕거리지 않아서 좋다. 특이한 냄새가 나지 않아서 좋다. 정도로 할 수 있을 것 같아요!! 단점은 지속력이 오래 가지 않아서 자꾸 덧발라야 한다. 자외선 차단 기능이 뛰어난 지는 솔직히 잘 모르겠다. 정도가 될 수 있을 것 같아요~ 어느 제품이건 장 단점이 있지만 이 제품은 너무 극명하게 갈리는 것 같네요~ 오늘 분석한 후기 마음에 드셨나요? 장 단점이 극명한 제품이라!! 어찌 보면 이런 제품일 수록 더 좋은 제품일 수도 있겠네요~ :),발림성,발림성이 좋고,1,[속성] 발림성 [문장] 발림성이 좋고,,발림성,unchanged
train,1026664,SNS,스킨케어,OO 약** 시트마스크 10매,친구가 추천을 해줘서 사용하게 된 팩인데 제가 데일리로 매일 사용하고 있어서 추천 드리고 싶어서 가져왔습니다!! 이 제품이 어디가 좋은지 알려 드릴게요 ㅎㅎ 오랜만에 친구를 만났는데 친구 피부가 너무 좋아 보여서 어떤 제품 사용하냐고 했는데 이 제품을 사용한다고 해서 추천 받고 저도 구매를 하게 되었어요 ㅎㅎ 저도 이제 피부 미인이 될 수 있겠구나 생각이 들어서 정말 기대가 많았죠!! 제품 받고 사용을 했는데 와... 진짜 밀착력도 뛰어나고 붙이고 나면 피부가 확실히 좋아진 게 느껴져요!! 뭐랄까 피부결이 부드럽고 촉촉함이 느껴진다고 해야할까...? 확실히 꾸준하게 사용하니까 이전과 달라진 제 피부에 만족하고 있습니다 어떤 팩 사용하실지 모르시는 분이면 이 제품을 구매 해주시면 좋을 것 같아요!!! 완전 추천 합니다,윤기/피부(톤),피부결이 부드럽고,1,[속성] 윤기/피부(톤) [문장] 피부결이 부드럽고,,윤기/피부(톤),unchanged
train,1026829,SNS,스킨케어,OO 멜** 앰플 매니아구성,피부에 관심많으신 엄마에게 미백과기미 관리가 좋은 OO OOO을 생일 선물로 드렸어요 너무 좋아 하시네요^^ 앰플을 기미있는곳에 떨어뜨려더니뽀얀 앰플이 흐르듯 나와 피부에 촉촉하게 부드럽게 스며드네요. 제형이 좀 묽은듯 보였던게 오히려 피부를 쫀쫀하게 보여주네요. 향도 좋고 수분감과 보습력도 뛰어나 보입니다근데 양이 부족한 듯요 ㅠㅠ...계속 사용하시니 기미가 점점 엷어지는듯 보인다고 하시네요ㅎㅎ 상품구성도 좋아서 저도 같이 사용하고 다쓰면 다시 재구매 해야 할듯요 ㅋㅋ저도 예뻐지고 싶어요~~~,향,향도 좋고,1,[속성] 향 [문장] 향도 좋고,,향,unchanged
train,1026832,SNS,스킨케어,OO 주** 멀티밤,요즘 tv광고에 OO 멀티밤이 많이 나오고 드라마에도 많이 노출 되어서 궁금해서 구입해 봤어요. 주름 개선과 미백 효과가 있다고 해서 더 궁금해지더라구요 ^^ 멀티밤을 받아서 눈가의 주름과 팔자주름과 목에 발라보았어요 스틱으로 되어있으니 돌려서 쓱쓱 바르면 되니 너무 편안하고 손에 묻히지 않아도 되니 위생적이었어요. 저는 건성이라 발랐을때 촉촉하고 부드럽게 쓰며들어 좋았지만 지성이신분은 끈적임이나 유분기가 많다고 느낄수 있을 것 같네요ㅠㅠ 엷은 주름에는 효과가 있는것 같아요. 그러나 깊은주름은 크게 효과가 .... 딱히.. 모르겠네요 ㅎ빨리 구입해서 관리해 보아요^^~,보습력/수분감,촉촉하고,1,[속성] 보습력/수분감 [문장] 촉촉하고,,보습력/수분감,unchanged
train,1027093,SNS,스킨케어,OO 마** 스틱1개+에센스 퍼펙션 1개,자극적이지 않고 잡티 제거에 효과가 좋은 제품을 소개합니다. 여름에 야외활동을 많이 하면서 선크림도 잘 안 바르고 그동안 피부에 신경을 안 써서 그런지 그런지 갑자기 기미가 많이 생기고 주름이 늘어나서 걱정이 많았어요. 그런데 OOO 스틱을 만나고는 걱정이 사라졌답니다. 슥슥 문지르기만 해도 부드럽게 잘 발리고 촉촉해요. 간편해서 수시로 바르기 좋고 주름이 펴지는 느낌이 들어요. 용기도 너무 예쁘고 스틱형 용기라 위생적으로 바를 수 있어서 좋은데 양이 좀 적은 게 단점이에요. 그래도 얇게 발려도 잘 발리니 소량 꾸준히 바르시면 더 좋을 거 같습니다. 데일리로 사용하기 좋아요. 아마 직접 사용해 보시면 만족하실 거예요. 추천합니다.,자극성,자극적이지 않고,1,[속성] 자극성 [문장] 자극적이지 않고,,자극성,unchanged
train,1027109,SNS,스킨케어,OO 한** 기초 화장품 3+3+3+3세트,주름 개선에도 효과 있고 선물용으로도 좋은 화장품을 소개합니다. 몇 년 동안 OOO만 쓰다가 잠시 다른 제품을 썼더니 피부가 뒤집어지고 주름도 깊어져서 난리가 났어요. 그래서 OOO을 재구매하려고 알아보고 있었는데 판매하는 곳이 많지 않아서 아쉽더라구요. 그러던 중 넉넉한 구성으로 마음에 쏙 드는 세트 구성을 발견하여 바로 샀답니다. 용기가 참 고급스럽고 예뻐요. 엄마에게도 한 세트 선물했는데 디자인이 예쁘다며 마음에 들어 하시네요. 향도 은은해서 바르면 기분이 좋아집니다. 촉촉하고 유분기가 적당해서 당기지 않아요. 피부에 영양분을 공급해 주면서 주름이 옅어지는 느낌이 들어요. 저처럼 주름이 신경 쓰이는 분께 추천합니다.,보습력/수분감,촉촉하고,1,[속성] 보습력/수분감 [문장] 촉촉하고,,보습력/수분감,unchanged
train,1027118,SNS,스킨케어,OO 선 메이트 70ml 1개,워낙에 유명해서 기대하고 써봤지만 저에게는 안 맞네요. OOO 선크림이 유명하긴 한데 가격이 비싸서 고민하다가 구입해 봤어요. 처음 사용해 보는데 기대를 많이 해서인지 생각보다는 별로인 거 같아요. 부드럽게 잘 발리고 촉촉하긴 한데 백탁 현상이 약간 있어요. 씻을 때 선크림 특유의 잔여감이 계속 남아 있어서 꼭 이중 세안을 해야겠더라구요. 갑자기 선크림을 바꿔서 피부가 적응을 못해서 그런지 피부에 트러블이 생겨서 진정시키느라 애먹었네요. 조금 아쉬웠던 사용 후기였습니다.,발림성,부드럽게 잘 발리고,1,[속성] 발림성 [문장] 부드럽게 잘 발리고,,발림성,unchanged
train,1027119,SNS,스킨케어,OO 선 메이트 70ml 1개,여러가지로 만족스러운 OOO 선크림 후기입니다. 전에 다른 회사 제품 바르고 외출했다가 얼굴만 하얗게 동동 뜨고 옷에도 하얗게 묻어서 지저분해진 적이 있어요. 그 뒤로 선크림을 아무거나 못 바르겠더라구요. 그래도 여름철에 선크림 없이는 버티기 힘들어서 이번에는 상품평도 꼼꼼히 읽으면서 따져봤습니다. 그 중에 OOO 브랜드가 워낙에 유명하고 선크림의 평이 좋아서 믿고 구매해 보았어요. 촉촉하고 백탁 현상도 없는 게 여지껏 써본 선크림 중에서 가장 좋은 거 같아요. 끈적임도 없고 향도 쎄지 않아서 남편에게도 권했답니다. ㅎㅎ 자외선 차단 효과도 좋은 거 같아요. 끈적임 없는 선크림 찾으신다면 OOO 선크림을 추천합니다.,보습력/수분감,촉촉하고,1,[속성] 보습력/수분감 [문장] 촉촉하고,,보습력/수분감,unchanged
train,1027169,SNS,스킨케어,OO 화** 스프레이 세럼 100ml,친구가 생일선물로 줘서 한번 써봤는데 정말 좋습니다. 저는 이것저것 챙겨바르는걸 귀찮아서 스킨이랑 로션만 발랐는 사람인데요. 선물로 받았으니 한번 써봤는데 이거 정말 요긴하게 잘 사용하네요. 일단 미스트라서 바르는 데 부담없이 간편하게 얼굴에 뿌려주면 돼서 마음이 듭니다. 게다가 촉촉하고 향도 좋아서 너무 좋아요 매일매일 쓰고 있어요 그래서 ㅎㅎ 주변에서도 얼굴에 광이 난다고 난리입니다 ㅋㅋㅋㅋㅋ 기대이상으로 너무너무 좋아요! 한번 써보시길 추천드립니다.,보습력/수분감,촉촉하고,1,[속성] 보습력/수분감 [문장] 촉촉하고,,보습력/수분감,unchanged
train,1027229,SNS,스킨케어,OO 멜** 미백 화이트닝 크림,지인이 좋다고 해서 산 제품. 지인이 이거 쓰고 많이 좋아졌다고 하길래 저도 구매해봤는데요. 부드럽고 향도 좋아서 듬뿍 발라도 부담이 없긴 한데 양이 조금 작아서 요즘은 많이는 아니고 소량만 바르고 있어요. 아무튼 저한테도 잘 맞는 제품인지 이거 쓰고 트러블이 났다거나 하는 경험은 없었습니다. 오히려 촉촉해지고 피부도 조금 환해졌어요. 저도 선물용으로 사면서 몇 개 더 사려고 합니다~! 여러분도 한번 써보세요~ 나름 만족하실 거예요!,윤기/피부(톤),부드럽고,1,[속성] 윤기/피부(톤) [문장] 부드럽고,,윤기/피부(톤),unchanged
train,1027232,SNS,스킨케어,OO 설** 기초 3종 세트,선물하기 좋은 제품 추천 해드릴게요!! 10만원 이상의 고가 화장품 중에 선물하기 좋은 제품은 OOO 라인이 제일 좋지 않나 생각이 들어요!! 저 역시 처음에 이 제품을 알게 된 것은 친구한테 선물을 받았는데! 디자인도 고급스럽고 구성도 알차서 좋고 향도 괜찮은 것 같아서 한동안 행복했던 것 같습니다! 이 제품 바르면 촉촉하고 피부결이 부드러워져 너무 만족해 친구들한테 소개하거나 선물로 주고 있습니다!! 한 달 정도 꾸준히 사용하니 주름 개선도 된 것 같아 만족합니다! 선물하기 좋은 제품으로 추천해요! 어떤 선물 할지 막막할 때 제 후기 보시고 이 제품 선물해보세요~ :),보습력/수분감,촉촉하고,1,[속성] 보습력/수분감 [문장] 촉촉하고,,보습력/수분감,unchanged
train,1027998,SNS,스킨케어,OO 슈** 2종 세트,시어머니 피부가 좀 건조한 편이라 이 제품 사다 드리면 좋아하셔서 명절에 선물로 드리려고 주문했어요. 물론 봉투도 같이 드려야 더 좋아하시겠죠~ 이 제품 바르면 피부가 촉촉하고 하루 종일 건조하지도 않고 번들거림도 없어서 좋다고 하세요. 아들이 OO 화장품 사준다고 주위에 친구분들께 자랑도 하시네요. 며느리가 주문한 건데... 명절 연휴 동안 며칠 바르셨는데도 피부가 윤기 있어 보였어요. 1년은 쓰시는 듯해서 내년 명절에 또 구매해서 드리려고요~,보습력/수분감,피부가 촉촉하고,1,[속성] 보습력/수분감 [문장] 피부가 촉촉하고,,보습력/수분감,unchanged
train,1028004,SNS,스킨케어,OO 톤** 선스크린 EX 50ml 1개,제품이 순하고 발림성도 좋고 사용감이 보송한 선크림이 있어서 소개해 드립니다. 아이가 여드름 많이 나서 선크림 고르기가 쉽지 않았어요. 여름이라 꼭 필요한 제품인데 후기도 찾아보고 선배 맘에게도 물어 보고 고른 제품이에요. 이번에 알게 된 건데 OO OOO 라인이 학생들 사이에서는 굉장히 유명하더라고요. 여드름 피부에 테스트 해보고 트러블이 나지 않아 바로 사용했어요. 피부톤업 효과도 있어 좋네요. OOO 선스크린 무기자차 성분이 자외선 차단 효과도 있어요 추천해요.,자극성,순하고,1,[속성] 자극성 [문장] 순하고,,자극성,unchanged
train,1028097,SNS,스킨케어,OO 순** 마스크팩 총 100매,전에 사용하던 팩을 다 사용해서 새로운 팩으로 갈아탈까 했는데 우연히 이 팩을 발견해서 구매하게 되었습니다~ 가격도 저렴하고 사은품도 많아서 정말 만족하네요 ㅎㅎ 팩 사용감이 정말 좋은 제품이에요! 피부에 딱 밀착되고 정말 촉촉해서 좋은 것 같습니다! 또한 떼고 나서 피부에 윤이 나고 조금 피부톤도 밝아진 것 같아 만족하고 있어요~ 무엇보다 구성이 너무 좋아서...ㅎㅎㅎㅎ 오래 사용할 수 있는 점이 좋은 것 같습니다! 일주일 사용했는데 트러블 올라오지 않았고 자극도 없네요! 정말 좋은 팩인 것 같아요! 단점을 적을 게 없는 것 같습니다!! 저는 완전 적극 추천 드려요~~~^^,가격,가격도 저렴하고,1,[속성] 가격 [문장] 가격도 저렴하고,,가격,unchanged
train,1028098,SNS,스킨케어,OO 멀티밤 앰플 세럼스틱 10g x 3,날씨가 너무 건조해서 피부가 트고 일어나 이 제품을 구매하게 되었어요! 추운 겨울에 사용했는데 보습력이 너무 좋더라구요!! 추천 드리고 싶었습니다 ㅎㅎ 최근에 이 제품이 아는 사람은 아는 꿀 제품이라고 하는데 저도 구매해서 한 번 사용했어요! 확실히 발림성이 정말 좋았어요~ 부드럽게 잘 발리고 무엇보다 바르는 순간 피부 보습이 잘 되는 것 같아요! 지속력도 길어서 한 번 바르면 꽤 오래 가는 것 같습니다 ㅎㅎ 냄새는 살짝 좋은 편은 아니나 저는 부담 되지는 않았어요~ 유통기한도 기니 오래 사용할 수 있어 좋은 것 같습니다 ㅎㅎ 다른 멀티밤도 많이 사용했지만 개인적으로 이 제품이 제일 품질이 좋은 것 같네요!!,발림성,부드럽게 잘 발리고,1,[속성] 발림성 [문장] 부드럽게 잘 발리고,,발림성,unchanged
train,1028100,SNS,스킨케어,OO 멀티밤 앰플 세럼스틱 10g x 3,날씨가 너무 더운 것 같아요! 덥다고 피부 보습 관리 안 하면 저 같은 건성 피부는 참 죽을 맛입니다..!! 그럴 때 사용하기 좋은 멀티밤을 가져 왔어요! 이 제품은 제가 예전부터 꾸준하게 사용하고 있는 제품입니다. 이제야 여러분에게 추천을 드리기 위해 왔네요! 일단 가격은 상당히 저렴해요! 구성도 좋아서 꾸준히 사고 있습니다~ 제품은 발림성 좋고 피부에 바르면 청량감이 느껴집니다! 향은 풀 냄새가 살짝 나서 그리 좋지는 않아요! 미리 아시면 좋겠고 효과는 정말 좋습니다! 보습 잘 되는 제품입니다! 여름에 사용하시면 좋을 것 같아요! 청량감이 정말 좋기 때문에~~~ 저는 여름에 무조건 사용하고 있는데 좋습니다 ㅎㅎ,발림성,발림성 좋고,1,[속성] 발림성 [문장] 발림성 좋고,,발림성,unchanged
train,1028101,SNS,스킨케어,OO 멀티밤 앰플 세럼스틱 10g x 3,뜨거운 여름이 되니 피부 온도가 너무 높아진 것 같아 피부 쿨링을 위해 구입하게 되었습니다! 사용 후 너무 좋아서 구매 추천 드리고 싶네요~ 피부 온도를 낮춰주는 식물성 성분이 정말 좋은 것 같아요! 확실히 꾸준히 바르니 시원해서 피부 온도가 내려가고 무엇보다 피부 트러블이 생기지 않아 좋네요! 보습도 확실히 잡아주니까 피부가 건조하지도 않습니다! 또한 용기가 스틱이라 정말 사용하기 편하고 향도 좋아서 사용할 때 부담이 없네요! 개인적으로 피부 온도 낮추는 쿨링감 좋은 제품으로는 이 제품이 원탑인 것 같습니다!! 가격도 저렴하고 구성도 좋아 구매 추천 드리고 싶습니다 ㅎㅎ,가격,가격도 저렴하고,1,[속성] 가격 [문장] 가격도 저렴하고,,가격,unchanged
train,1028279,SNS,스킨케어,OO 큐** 선스틱 23g,"이거 좋음, 추천함! 선스틱 같은 제품들은 거의 건조하고 텁텁하고 그럼. 근데 이거는 촉촉하고 보습도 뛰어나서 좋음. 알로에성분이 들어가서 그런지 좋음. 일단 저는 열이 많아서 항상 봄에도 가을에도 더워하는데 이거는 쿨링 효과까지 있어서 얼굴에 문지르면 얼굴이 시원해지는 느낌을 받았고 피부 진정까지 된다. 또 휴대성이 간편하고 작아서 한 손에 딱 들어오니 사용하기 편하다. 덕분에 여름에 매일 들고 다녔음 이거 없었으면 정말 큰일 날 뻔 했다. 남성분들 저처럼 선스틱 찾으신다면 이거 써보세요. 확실히 좋습니다.",보습력/수분감,촉촉하고,1,[속성] 보습력/수분감 [문장] 촉촉하고,,보습력/수분감,unchanged
train,1028280,SNS,스킨케어,OO 큐** 선스틱 23g,저는 피부가 얇고 알러지도 있어서 함부로 화장품바르면 안되는데 이거는 괜찮았다. 일단 알로에 제품으로 성분이 순하며 피부 진정까지 도움을 줘서 얇은 피부인 나같은 사람들에게 무난하게 아주 잘 쓸 수 있는 아이템이다. 잘 못 쓰면 피부 뒤집어지고 난리 나는데 이거 쓰고 한번도 자극적이거나 그런 적없으며 나한테 잘 맞는 제품인 듯 싶다. 또 바르면 촉촉하고 향도 거의 없는 무향이라서 더욱 좋았음 그래서 외부활동 많은 날에는 부담없이 항상 바르고 들고 다닌다 게다가 스틱용기라서 사용하기 너무 편하거 있죠? 아무튼 올해는 이 제품만 쓸 거 같다. 어쩌면 평생 쓸 거 같기도 하다.,보습력/수분감,촉촉하고,1,[속성] 보습력/수분감 [문장] 촉촉하고,,보습력/수분감,unchanged
train,1030053,SNS,스킨케어,OO 워** 에센스 선크림 50ml,"안녕하세요~ 오늘은 따뜻해져셔 햇살이 뜨겁습니다, 피부를 위해 이 OOO 에센스 선크림을 소개해 보겠습니다~! 겨울이 오니 피부가 계속 건조해져 촉촉한 선크림을 찾고 있다가 구매해 보았습니다ㅎㅎ 수분 가득 선크림이라 발림성이 엄청 부드러워요! 진짜 그냥 로션 바르듯이 발라도 뭉침 전혀 없고 밀리는 것도 전혀 없어요! 저는 향에 좀 민감한 편인데 이 제품은 향이 너무 좋더라구요ㅎㅎ OOO 제품들이 전체적으로 다 향이 좋은 것 같아요~~ 향이 좋아서 나도 모르게 듬뿍 바르게 되는…ㅋㅋㅋ 부드럽고 촉촉한 선크림 찾으시는 분득! 이 제품 완전 강추드립니다!",윤기/피부(톤),부드럽고,1,[속성] 윤기/피부(톤) [문장] 부드럽고,,윤기/피부(톤),unchanged
train,1030135,SNS,스킨케어,OO UV프로텍터 멀티 디펜스 50ml 1개,저는 OOO 선크림을 쓰고 있어서 이것도 비슷한 제형인 줄 알았는데 실제 써보니까 다릅니다. OOO는 정말 수분크림 제형으로 묽은 느낌이 있었는데요 이거는 유분기도 느껴지면서 살짝 묵직하게 발려집니다. 바르고 난 뒤 흡수가 잘돼 머릿카락이 얼굴에 달라붙지 않아서 좋았어요. 너무 수분만 있으면 가벼워서 자외선 차단이 안될 거 같은데 이거는 어느정도는 묵직하게 발리면서도 촉촉하고 자외선 차단도 돼서 좋았습니다. 이 제품은 지성보다는 건성피부를 가진 분들이 알맞을 거 같습니다. 참고하세요.,보습력/수분감,촉촉하고,1,[속성] 보습력/수분감 [문장] 촉촉하고,,보습력/수분감,unchanged
train,1030136,SNS,스킨케어,OO UV프로텍터 멀티 디펜스 50ml 1개,OOO밤 구매하고 받은 샘플이 있어서 사용해봤는데 너무 좋아서 구매했어요. 이 제품이 인기가 많은지 계속 품절이더라고요 그래서 어렵게 구매했습니다. 정말 확실히 좋네요. 유분감과 수분감 둘다 있는데 유분감보다는 수분감이 더 많아서 바르면 촉촉하고 건조하지 않았습니다. 발림성은 부드럽게 발리고 제품도 순해서 자극없이 잘 쓰고 있어요. 그래서 화장 전에 필수로 바르고 있는데 그러면 확실히 화장이 잘 먹더라고요. 게다가 자외선으로 피부를 보호해주니 안바를 이유가 없네요! 너무 좋은 제품이라 주변 지인들이나 친구 선물로도 좋을 거 같아용~!!!,보습력/수분감,촉촉하고,1,[속성] 보습력/수분감 [문장] 촉촉하고,,보습력/수분감,unchanged
train,1030149,SNS,스킨케어,OO 캐** 카밍 워터 패드 60매,저는 정말로 아침저녁으로 매일 사용하고 있습니다. 정말 너무너무 좋아요. 저는 건성피부인데요. 매일 마스크를 계속 쓰니까 모공 자극이 많이 되니 트러블이 많이 올라오더라고요. 그래서 좋다는 거 웬만해서 다 해봤는데 소용이 없었습니다. 그러다 우연히 이걸 쓰게 됐는데 수분을 가득 채워줘서 건성인 피부인 저한테는 너무 좋았습니다. 촉촉하고 피부 진정까지 시켜줘서 트러블이 많이 들어갔습니다. 게다가 사용하기 너무 편해요. 매일 스킨 솜에 부워서 썻는데 이거는 처음부터 패드로 나와서 얼굴에 바로 붙이기만 하니까 정말 편리했습니다. 저는 이거 없으면 안됩니다. 정말 내돈내산 너무 잘 쓰고 있어요 벌써 5통째입니다. 정말 강추드립니다!!,보습력/수분감,촉촉하고,1,[속성] 보습력/수분감 [문장] 촉촉하고,,보습력/수분감,unchanged
train,1030186,SNS,스킨케어,OO 미** 모이스처 크림 60ml,이거 케이스가 정말 퀄리티가 좋네요. 용기를 몇번을 떨어뜨린 건지 수도없이 떨어뜨렸는데 한번도 깨지거나 금간 적이없습니다. 그만큼 용기가 단단해요~! 저는 기초 마지막 단계에 바르는데 부드럽게 잘 발려요. 또 촉촉하고 산뜻한 제형이라 팍팍 바르고 있답니다. 저는 크림이 너무 쫀쫀하거나 무거우면 오히려 바르기 싫어지는게 이거는 그런 거 없이 제형이 가벼워서 너무 좋았습니다. 끈적거리지도 않고 피부에 착붙입니다 ㅎㅎ 정말 신경많이 써서 만든 제품이라는 게 느껴졌습니다. 안 살 이유가 없어요!! 꼭꼭 사용해보세요~,보습력/수분감,촉촉하고,1,[속성] 보습력/수분감 [문장] 촉촉하고,,보습력/수분감,unchanged
train,1030188,SNS,스킨케어,OO 비** 크림,세안 후에 기초 바르고 이 크림을 바르고 있는데요. 바르니까 정말 좋네요. 저는 건성피부로 피부가 요새 엄청 푸석푸석해졌습니다. 그래서 페이스 오일대신에 부담없는 비타민 크림을 발랐는데 자기 전에 바르고 아침에 일어나니까 얼굴이 촉촉하게 계속 유지되면서 광까지 올라오네요. 덕분에 푸석한 피부에서 건강한 피부가 됐답니다. 또 이거는 크림제형이라서 발림성까지 좋아요! 부드럽게 잘 발리고 흡수도 잘 됩니다. 여러분들도 이거 쓰시고 건강한 피부 되셨으면 좋겠습니다.,발림성,부드럽게 잘 발리고,1,[속성] 발림성 [문장] 부드럽게 잘 발리고,,발림성,unchanged
train,1030274,SNS,스킨케어,OO 피** 마스크 120g 1개,요즘 각질이 많이 올라와서 관리하려고 사용했습니다. 스크럽이라 자극이 될 수 있을 까봐 턱이랑 코를 제외하고 했는데요 저는 좋았습니다. 쓰고 나니 각질이 많이 좋아졌고 피부가 부드러워졌습니다. 또 향도 무화과 향이 강하지 않고 좋았다. 무화과 성분이 피부를 맑게해준다고 해서 마음에 들었는데 정말 쓰고 나니 피부가 맑아진다는게 느껴졌습니다. 여러므로 좋네요 ㅎㅎㅎ 스크럽 마스크 처음 사용해보는 괜찮네요!! 여러번 더 사용해보려고 합니다. 한달 쓰고 나서 또 리뷰쓰러 올게용~,윤기/피부(톤),피부가 부드러워졌습니다.,1,[속성] 윤기/피부(톤) [문장] 피부가 부드러워졌습니다.,,윤기/피부(톤),unchanged
train,1030275,SNS,스킨케어,OO 피** 스크럽 마스크 120g 1개,OOO 소문대로 정말 좋네요~ 얼굴에 도포한 후 몇 분 있다가 씻어내면 피부결 엄청 좋아집니다. 보들보들하고 매끈하고 각질제거가 싹 돼서 피부가 엄청 좋아보여 애기피부 같아요!! 사용감이 개운한 느낌도 들고요~ 덕분에 요즘 이걸로 각질 케어 열심히 하고 있습니다. 스크럽은 피부가 건조해지지 않을 까 걱정하시는 분들도 많으신데 이거는 오히려 하고나면 촉촉해요! 게다가 무화과 성분이 들어가서 안심하고 잘 썼습니다. 자극적이지 않고 피부를 더 좋게 보이게 해주는 스크럽이니 안 살 이유가 없잖아요! 얼릉 구매해보세요 ㅎㅎ,윤기/피부(톤),매끈하고,1,[속성] 윤기/피부(톤) [문장] 매끈하고,,윤기/피부(톤),unchanged
train,1030275,SNS,스킨케어,OO 피** 스크럽 마스크 120g 1개,OOO 소문대로 정말 좋네요~ 얼굴에 도포한 후 몇 분 있다가 씻어내면 피부결 엄청 좋아집니다. 보들보들하고 매끈하고 각질제거가 싹 돼서 피부가 엄청 좋아보여 애기피부 같아요!! 사용감이 개운한 느낌도 들고요~ 덕분에 요즘 이걸로 각질 케어 열심히 하고 있습니다. 스크럽은 피부가 건조해지지 않을 까 걱정하시는 분들도 많으신데 이거는 오히려 하고나면 촉촉해요! 게다가 무화과 성분이 들어가서 안심하고 잘 썼습니다. 자극적이지 않고 피부를 더 좋게 보이게 해주는 스크럽이니 안 살 이유가 없잖아요! 얼릉 구매해보세요 ㅎㅎ,자극성,자극적이지 않고,1,[속성] 자극성 [문장] 자극적이지 않고,,자극성,unchanged
train,1030300,SNS,스킨케어,OO 비** 화이트닝 앰플 30ml,지금까지 써본 비타민 크림 중 단연 베스트입니다. 저는 건성피부로 피부가 엄청 건조한데 효과가 좋아요. 이거 발랐을 때 자극적이거나 따끔거리지 않았습니다. 간혹 따끔거리리는 비타민 크림도 봤는데 이거는 촉촉하고 보습력도 뛰어나서 건조한 제 피부에 딱 좋았습니다. 게다가 성분이나 원료들도 너무 좋아서 안심하고 쓸 수 있었습니다. 이거 바르고나면 얼굴이 한층 맑아 지고 흡수가 빨라서 화장도 잘 먹더라고요! 여러므로 너무 만족하고 있어서 할인할 때 몇개 쟁겨놔야 겠습니다~!,보습력/수분감,촉촉하고,1,[속성] 보습력/수분감 [문장] 촉촉하고,,보습력/수분감,unchanged
train,1030304,SNS,스킨케어,OO 아** 슈퍼바이탈 2종 세트,친구 화장품 선물로 어떤 걸 줄까 고민을 하다가 이 제품이 선물하기 좋을 것 같아 줬습니다~ 너무 좋아하고 제품도 마음에 든다고 해서 추천 드리고 싶어 가져왔습니다 :) 선물 포장이 상당히 예쁘게 되어 있고 배송도 안전하게 잘 와요! 친구도 선물 받고 좋아해서 뿌듯하고 좋았습니다!! 일단 이 제품은 대한민국 1등 기초케어 제품으로 보습력이 뛰어나고 사계절 내내 사용하기 좋아요! 모든 피부 타입이 사용하기 좋고 사용감도 상당히 좋은 제품입니다!! 화장품 디자인도 고급스럽기 때문에 선물하기 좋은 것 같습니다 ㅎㅎ 선물하기 좋은 화장품인 것 같아요! 가격도 적당한 것 같아서 화장품 선물 이 제품으로 추천 합니다~,보습력/수분감,보습력이 뛰어나고,1,[속성] 보습력/수분감 [문장] 보습력이 뛰어나고,,보습력/수분감,unchanged
train,1030308,SNS,스킨케어,OO 마** 선크림 50ml x 3개,요새 너무 더워요... 밖에 나갔다 오면 뜨거운 자외선 때문에 정말 피부가 고통 받는 것 같습니다!! 그럴 때 이 선크림 바르고 나가면 피부가 덜 타는 것 같아 추천 드리고 싶었습니다!! 가격도 저렴하고 사은품도 넉넉해서 구입할 때 마다 좋은 제품이네요! 자외선 차단이 너무 잘 되어서 마음에 들고 바르고 나서 번들 거리지 않아 좋은 것 같습니다~ 지속력이 좋아서 땀에 번지지 않아 좋은 것 같습니다!! 양도 은근 많은 것 같아서 생각보다 오래 사용할 수 있는 것이 좋네요!!^^ 여름에 사용하기 좋은 선크림으로 추천 드리고 싶습니다!! 오늘 리뷰는 여기서 마치도록 하겠습니다,가격,가격도 저렴하고,1,[속성] 가격 [문장] 가격도 저렴하고,,가격,unchanged
train,1030315,SNS,스킨케어,OO 기초 2종 세트 1세트,OOO는 정말 어떤 말이 더 필요할지 모르겠어요! 너무 좋아서 정말 좋다는 말 밖에 할 수가 없을 것 같습니다!! OOO 긍정 리뷰 바로 시작 할게요 ㅎㅎ 이 제품만 십년 넘게 사용하고 있어서 정말 애정하는 제품이에요!! 이 제품을 꾸준하게 사용하면 피부가 부드러워지고 피부결이 좋아져요! 사용할 때 발림성도 부드럽고 사용감도 좋아서 계속 사용하는 것 같습니다! 정말 효과가 좋은 제품이라 추천 드리고 싶네요!! 용량도 이 정도면 많은 편이라 오래 사용할 수 있어 좋아요!! 역시 OOO는 화장품 참 잘 만드는 것 같습니다! 다른 라인도 한 번 사용해보고 싶네요,윤기/피부(톤),피부가 부드러워지고,1,[속성] 윤기/피부(톤) [문장] 피부가 부드러워지고,,윤기/피부(톤),unchanged
train,1030320,SNS,스킨케어,OO D** 페이셜 크림 150ml 1개,겨울에 사용하기 좋은 제품이네요! 사용한 지 5년이 넘은 제품이라 자신 있게 추천 드리고 싶어 가져오게 되었습니다~ㅎㅎ 피부가 건성이라 이 제품을 구매하게 되었어요! 예전보다 가격이 많이 저렴해져서 좋은 것 같아요~ 아이들이 사용하기에도 좋은 제품이에요! 성분이 순하고 자극이 없어서 어린 아이가 발라도 아무 문제가 없이 사용하기 좋습니다! 보습력이 정말 좋고 피부 주름 개선도 되는 제품이라 항상 사용하게 되네요!! 용량도 많아서 꽤 오래 사용할 수 있어 좋습니다~^^ 오랫동안 사용하고 있는 제품이라 정말 추천 드리고 싶어요!! 너무 좋은 제품입니다~,성분,성분이 순하고,1,[속성] 성분 [문장] 성분이 순하고,,성분,unchanged
train,1031074,SNS,스킨케어,OO R** 기초 완벽 더블 풀세트,안녕하세요~ 오늘 후기는 바로 ㅇㅇㅇ 제품입니다! 생각보다 이 제품을 모르시는 분들이 많으신 것 같더라구요!! 저는 너무 좋아 수 년 째 사용하고 있는 제품이네요~ 일단 가격도 저렴하고 구성도 좋아 구매하실 때 부담이 없어요!! 사은품도 넉넉하게 와서 정말 좋은 제품인 것 같아요~ 양도 충분해서 오래 사용할 수 있습니다! 항상 유통기한이 긴 제품이 와서 정말 좋은 것 같습니다~ 발림 좋고 흡수력 좋습니다! 바르고 나면 피부가 촉촉해서 정말 좋아요~ 모든 피부타입에 잘 어울리지 않나 생각이 드네요~~ 추천 드리고 싶습니다!! 우리 모두 기초 스킨 케어는 이 제품으로 해보아요~,가격,가격도 저렴하고,1,[속성] 가격 [문장] 가격도 저렴하고,,가격,unchanged
train,1031074,SNS,스킨케어,OO R** 기초 완벽 더블 풀세트,안녕하세요~ 오늘 후기는 바로 ㅇㅇㅇ 제품입니다! 생각보다 이 제품을 모르시는 분들이 많으신 것 같더라구요!! 저는 너무 좋아 수 년 째 사용하고 있는 제품이네요~ 일단 가격도 저렴하고 구성도 좋아 구매하실 때 부담이 없어요!! 사은품도 넉넉하게 와서 정말 좋은 제품인 것 같아요~ 양도 충분해서 오래 사용할 수 있습니다! 항상 유통기한이 긴 제품이 와서 정말 좋은 것 같습니다~ 발림 좋고 흡수력 좋습니다! 바르고 나면 피부가 촉촉해서 정말 좋아요~ 모든 피부타입에 잘 어울리지 않나 생각이 드네요~~ 추천 드리고 싶습니다!! 우리 모두 기초 스킨 케어는 이 제품으로 해보아요~,발림성,발림 좋고,1,[속성] 발림성 [문장] 발림 좋고,,발림성,unchanged
train,1031087,SNS,스킨케어,OO 보** 단백질 크림 50ml,요새 날씨가 너무 쌀쌀하고 건조한데 이럴 때 피부에 보습을 제대로 주지 않으면 피부가 정말 고통을 받는 것 같습니다!! 그래서 오늘 이 제품 추천 드리려고 해요~~ 가격도 저렴하고 효과도 좋아서 항상 구매하는 제품입니다! 일단 케이스도 고급스러워서 보는 맛도 있어요! 제형이 끈적이지 않아서 좋고 단백질 크림이 너무 잘 발려서 좋은 것 같습니다! 피부에 영양 공급이 잘 되는 느낌이라 너무 좋았어요~ 피부가 촉촉해져서 겨울에 사용하기 정말 좋은 것 같습니다!! 향도 나쁘지 않았네요!! 추천 드리고 싶네요~ 단백질 크림은 이 제품이 가장 좋은 것 같아요!!ㅎㅎ,가격,가격도 저렴하고,1,[속성] 가격 [문장] 가격도 저렴하고,,가격,unchanged
train,1031114,SNS,스킨케어,OO 딥** 클렌저,안녕하세요~ 오늘 추천 드리고 싶은 제품은 클렌저 제품인데요~ 그 중에서도 가장 좋은 제품을 소개 해드리고 싶어서 가져오게 되었습니다! 추천 드리고 싶네요 ㅎㅎ 일단 이 제품은 벌써 5년 넘게 사용하고 있는 제품입니다!! 가격도 저렴하고 구성도 좋아서 항상 사용하게 되는 것 같아요!! 클렌저 제품이라 거품도 정말 풍성하고 거품 제형 자체가 쫀쫀해서 좋은 것 같아요! 화장도 잘 지워져서 저는 클렌징 폼 대신에 이 제품 사용하고 있습니다!! 향도 개운해서 좋고 이거로 씻고 나면 피부가 촉촉해서 좋아요~~ 단점은 없는 것 같아요!! 아 굳이 뽑자면 용량은 살짝 작은 것 같네요~ 여튼 추천 드리고 싶습니다~~,가격,가격도 저렴하고,1,[속성] 가격 [문장] 가격도 저렴하고,,가격,unchanged
train,1031119,SNS,스킨케어,OO 타** 에센스 180ml,ㅇㅇㅇ에서 다른 화장품 구매할 때 샘플을 받았는데 사용하고 너무 좋아서 이번 기회에 구매를 하게 되었습니다!! 쿠폰 할인 받아 저렴하게 산 것 같아 너무 좋았습니다 ㅎㅎㅎ 피부가 건성이라 지금 같은 날씨에는 피부가 건조한 편입니다...ㅠㅠ 이 제품 바르면 피부가 정말 촉촉해지는 것 같습니다!! 그래서 저는 따로 토너는 안 바르는 것 같아요! 흡수력도 좋아서 바르는 순간 스며들어 좋아요! 향도 좋고 무엇보다 피부결이 정말 아기처럼 매끄럽게 되는 게 신기하네요~ 이래서 에센스를 사용하는 구나 싶었습니다!! 품질이 정말 좋은 것 같아요! 앞으로도 꾸준하게 사용할 것 같습니다!! 추천 드려용~,향,향도 좋고,1,[속성] 향 [문장] 향도 좋고,,향,unchanged
train,1031181,SNS,스킨케어,OO 슈퍼바이탈 크림 50ml 1개,동생이 얼마 전에 구입해서 써보고 좋다고 하면서 추천한 제품이에요. 저도 구입할 때가 되어 주문했어요. 택배 받고 처음 사용했는데 크림이 생각보다 뻑뻑한 제형이라 부드럽게 발라지지 않고 얼굴이 끈적여서 불편했어요. 가격도 비싸고 용량도 많지 않은 듯하네요. 돈 버린 듯합니다. 동생이 추천한 제품들 다 좋았는데 마음에 안 드는 제품은 이번이 처음이네요. 동생이 미안해 할까 봐 얘기 못하고 엄마 쓰라고 드렸어요. 엄마와 저와의 비밀로 하기로 했어요. 아마도 지성피부에는 잘 안 맞는 제품인가 봐요...,가격,가격도 비싸고,-1,[속성] 가격 [문장] 가격도 비싸고,,가격,unchanged
train,1031198,SNS,스킨케어,OO 톤** 선스크린 EX 50ml 1개,친구들이랑 여행 갔을 때 친구꺼 발라보고 괜찮아서 그때부터 사용하기 시작했어요. 제가 쓰던 제품은 자외선 차단 기능은 있었지만 피부가 밝아 보이지 않았어요. 친구꺼 처음 발랐을 때 부드럽게 잘 발라지고 피부가 밝아 보여서 좋았어요. 건성피부에도 촉촉하고 자외선 차단 기능도 있어서 딱 필요했던 제품이었어요. 그때부터 지금까지 잘 쓰고 있어요. 가격 대비 용량은 좀 아쉬워요. 그래도 이만한 제품 없는 거 같아요. 저는 이 제품이 피부에도 잘 맞아 만족하고 잘 쓰고 있어서 추천해요~~,보습력/수분감,촉촉하고,1,[속성] 보습력/수분감 [문장] 촉촉하고,,보습력/수분감,unchanged
train,1031200,SNS,스킨케어,OO 이** 턴오버 28 어드밴스드 트루 클렌징폼 180ml 1개,"오랫동안 꾸준하게 판매하고 있는 제품이에요. 오랫동안 사랑받는 데는 이유가 있는 것 같아요. 저는 3년 전부터 이 제품 사용하고 있는데요. 가격도 저렴하고 용량도 많은 제품이에요. 거품도 풍부해서 부드럽게 세안할 수 있고 세안 후에도 피부가 촉촉해서 좋아요. 다른 제품은 대부분 피부 당김이 있어 불편했는데 이거 사용하면서 피부 당김도 없어서 잘 쓰고 있어요. 엄마, 언니, 저 여자 셋이 같이 매일 쓰다 보니 너무 빨리 없어져서 한꺼번에 5-6개씩 구입하고 있어요. 저희 집 여자 셋이 잘 쓰고 있는 클렌징 폼입니다.",가격,가격도 저렴하고,1,[속성] 가격 [문장] 가격도 저렴하고,,가격,unchanged
train,1031207,SNS,스킨케어,OO 오** 2종 세트,착한 가격에 만족!! 사은품 수량에 대만족!! 고급스러운 디자인까지 만족스럽습니다.!!! 아주 만족스러운 상품이에요. 제품도 완전히 만족하는데 포장도 전용 박스에 너무 고급스럽게 해 주셔서 받고 기분이 너무 좋아졌네요. 박스 버리기 아까워서 수납 용도나 선물 포장할 때 쓰면 좋을 거 같아요. 용기는 환경까지 생각한 제품이라고 생각되는데 버릴 때 스티커도 잘 떨어지게 만들어서 분리수거하기도 좋습니다. 성분이 순하고 피부 진정 효과도 있는 좋은 상품입니다.,성분,성분이 순하고,1,[속성] 성분 [문장] 성분이 순하고,,성분,unchanged
train,1031210,SNS,스킨케어,OO 오** 2종 세트,성분이 순하다고 해서 주문한 상품입니다. 배송도 빠르고 유리 용기라 포장도 파손되지 않게 잘 감싸져 있었어요. 택배 받고 바로 세안하고 사용해 봤어요. 이 제품 발라보니 촉촉하고 건조한 느낌은 없었어요. 피부에 흡수도 잘되고 사용감도 가볍고 좋습니다. 향도 강하지 않아 좋고 요즘 날씨에 바르기 좋은 거 같아요. 지성피부에도 번들거림이 없어 좋은 것 같습니다. 발라보니 마음에 드는 제품이라 추천하고 싶네요. ※ 종이박스 안에 유리용기 포장도 안전하고 샘플도 많이 들어있어요.,보습력/수분감,촉촉하고,1,[속성] 보습력/수분감 [문장] 촉촉하고,,보습력/수분감,unchanged
train,1031228,SNS,스킨케어,OO 해** 클렌징폼 200g 1개,개인적으로 거품 많은 제품을 좋아해요. 리뷰 보고 구입했는데 제품 제형이 쫀쫀해서 거품 잘 안 날까 걱정했는데 사용해 보니 거품이 많아서 만족하고 잘 쓰고 있는 제품이에요. 이거 쓰기 전에 구입했던 제품 중에 다른 건 다 만족인데 거품이 풍부하지 않아 실망이었거든요. 이건 거품도 엄청 잘나고 세정력이 너무 좋아요. 가격도 저렴하고 용량도 많고 유통기한까지 긴 제품이라 만족 안 할 수가 없네요~ 거품 풍부한 제품 찾으시면 이 제품 만족하실 거예요. 추천!!!,가격,가격도 저렴하고,1,[속성] 가격 [문장] 가격도 저렴하고,,가격,unchanged
train,1031897,SNS,스킨케어,OO 어** 수분 진정크림 50ml,"OOO 수분크림은 일반 수분겔크림 보다는 촉촉함이 오래가는 수분크림이에요! 너무 가벼운 크림을 바르면 금방 건조해져서 수분크림을 찾던 중에 세일해서 저렴하고 후기가 많길래 사봤는데, 확실히 일반 수분크림보다 촉촉함이 오래 지속되더라고요 순하고 은은한 향기가 나서 좋아요 잘 발리고 흡수도 잘되고 ~ 다만 피부진정에 좋다고 해서 자기 전에 듬뿍 얹어서 잤는데, 딱히 효과가 없었어요ㅠㅠ 순하긴한데 피부 진정에 완전 도움이 된다는 느낌을 받지 못해서 조금 아쉬웠습니다!ㅠㅠ 기본은 하는 촉촉한 수분크림이라, 고민중이시라면 한 번쯤 써보셔도 좋을 것 같아요!",자극성,순하고,1,[속성] 자극성 [문장] 순하고,,자극성,unchanged
train,1031900,SNS,스킨케어,OO 쏙** 보습크림50ml,OOO는 볼때마다 기분좋게 만들어요ㅎㅎ 오늘은 보습력 좋은 OOO 크림에 대해 이야기해 볼게요~ 원플러스원이라 용량도 괴물이고 처음에 발랐을 때 촉촉함 가득하고 성분도 순해요 시원하고 부드럽게 잘 발리면서 끈적임 없이 싹~ 흡수가 되어 겉돌지 않고 피부에 촥~ 무엇보다 보습력이 굿입니다! 수분감이 낭낭해서 슬리핑팩으로도 사용할수도 있고 촉촉해지니까 피부도 맑아보이고 환해보이는거 같아요. 가격이 높은 편이지만 선물하기 좋고 보습력 좋은 크림을 찾고 계시다면 추천해요!!,보습력/수분감,시원하고,1,[속성] 보습력/수분감 [문장] 시원하고,,보습력/수분감,unchanged
train,1031929,SNS,스킨케어,OO 시** 밤 100ml,건조한 날씨 건조한 피부 재생크림이 꼭 필요한 계절이네요. 너무 좋다고 추천하는 분들이 계시고 이번엔 사은품도 주고 해서 선택해봤어요. 얼굴에 처음 발랐을때 솔직히 부드럽게 잘 발리지는 않고 백탁현상이 있어서 놀라긴했지만 자극없이 굉장히 순하고 향도 없고 꾸덕한 제형인데 밀리는 것도 없어요~ 또 흡수가 잘되서 자기 전에 듬뿍 바르면 다음날 피부에서 광 나는것을 볼 수있어요 수분감도 좋고 바르고 나면 촉촉하게 유지 되는 느낌도 좋구요 !! 건조한 날씨 사용하기 좋은 OOO 밤 추천드려봐요 !!,향,향도 없고,1,[속성] 향 [문장] 향도 없고,,향,unchanged
train,1032175,SNS,스킨케어,OO 리** 크림 80ml 기획 ,"안녕하세요~ 순도 95% 시카 성분으로 피부를 진정시켜주는 ㅇㅇㅇ 시카 크림을 들고 와봤어요~! ㅇㅇㅇ의 앰플을 잘 사용 중이었는데, 기대감에 크림도 한번 구매해 보았습니다! 촉촉하고 부드럽게 발리고 무향인 제품이에요~ 조금 무거운 크림을 예상했었는데 무겁지도 가볍지도 않은 제형이네요. 그만큼 사계절 내내 사용하기 좋은 것 같아요~ 빠르게 흡수되진 않아서 계속 손으로 두들겨주면서 흡수시켜야 하는 제품이에요~ 준비 시간이 촉박하신 분들은 흡수 속도에 조금 답답하실 듯 ㅎㅎ 그래도 흡수 다 안 시키고 메이크업해도 밀리진 않아서 좋아요! 지성보다는 복합성이나 건성이신 분들에게 추천드립니다~!",보습력/수분감,촉촉하고,1,[속성] 보습력/수분감 [문장] 촉촉하고,,보습력/수분감,unchanged
train,1032462,SNS,스킨케어,OO 대** 클렌징폼 ,온가족이 쓰는 클렌징을 둘러보다가 OO OOO 클렌징폼을 알게되었어요^^~ 불순물 여과기능이 있는 숯 성분을 함유하고 있어서 피부의 노폐물을 제거 해주는 것 같아요 이 클렌징으로 씻고나면 개운해지고 산뜻한 느낌을 가져요 ㅎㅎ지성피부인 신랑도 트러블 생기지 않는다고 좋아하네요 순해서 아이들 사용에도 걱정없어요.ㅋㅋ 아무래도 회색 거품이라 주변이 지저분해서 자주 닦아 줘야하지만 ㅠㅠ....무튼 향도 좋고 부드럽게 각질 관리도 되서 좋아요^^ 온가족이 쓰다보니 빨리빨리 소비되네요 ㅠㅠ대용량으로 판매해주시면 감사 ^^~,향,향도 좋고,1,[속성] 향 [문장] 향도 좋고,,향,unchanged
train,1032468,SNS,스킨케어,OO 프로폴리스 앰플 ,OO에서 샘플로 줘서 처음 사용해보고 너무 좋아 바로 구매하였어요.구성도 좋고 샘플도 많이주셔서 더 좋았다는 ㅋㅋ 바로 OOO OO 앰플입니다^^~ 앰플이 도착하자 바로 사용했는데 제형이 쫀쫀한 에센스가 피부에 흡수되면서 촉촉하고 피부가 맑아지는 느낌이었어요. 담날 아침에 화장도 잘 먹더라구요 야 호~~!! 흡수력과 보습력이 정말 짱이예요.비싼 기능성화장품도 좋지만 저는 OO 앰플이면 될것 같아요 ㅋㅋ 가격이 좀 있어서 세일하면 또 쟁여둬야겠어요^^,보습력/수분감,촉촉하고,1,[속성] 보습력/수분감 [문장] 촉촉하고,,보습력/수분감,unchanged
train,1032470,SNS,스킨케어,OO 프로폴리스 앰플 ,40대가 되니 피부도 푸석푸석하고 탄력도 떨어진다고 푸념했더니 친구가 생일선물로 OO OOO 앰플을 주더라구요 ㅎㅎ 제형이 쫀쫀한 앰플은 피부에 부드럽게 촥 밀착하여 수분을 채워주면서 생기가득한 광채를 주네요 건성피부인데 촉촉하고 보습력이 좋아요 ㅎㅎ 샘플은 여행할때 가지고 다니면 좋을 것 같구요 같이 온 미스트는 가방에 넣어 다니며 사용하면 좋은 사이즈이네요^^ 매일 쓰다보니 양이 좀 적은거 같아서 좀 아쉬움이 .... 가격도 좀 ..... 겨울에는 특히 좋을것 같지만 사계절 써도 좋을 것 같네요^^,보습력/수분감,촉촉하고,1,[속성] 보습력/수분감 [문장] 촉촉하고,,보습력/수분감,unchanged
train,1032471,SNS,스킨케어,OO 프로폴리스 앰플 ,"환절기라 피부도 건조하고 트러블도 생겨서 평소 얘기를 많이 들었던 OO OOO 앰플을 구입했습니다 앰플은 제형이 쫀쫀하고 촉촉하고 피부에 잘 스며들었어요. 기분이 좋더라구요~ 근데 ....아침,저녁으로 계속 발랐는데.... 반병정도까지 발랐는데 아직 크게 좋아진 걸 효과는 잘 모르겠네요 ㅠㅠ 피부결도 보습도 ... 제 기대가 너무 큰 걸까요? 가격도 비싼데 ....조금 실망 했어요 그래도 남은 건 꾸준히 써야겠네요 쓰다보면 피부가좀 더 촉촉하고 보습도 좋아지겠죠 ㅎ",보습력/수분감,촉촉하고,1,[속성] 보습력/수분감 [문장] 촉촉하고,,보습력/수분감,unchanged
train,1032503,SNS,스킨케어,OO D**  페이셜 크림 ,예전부터 우리가족은 OO OOO 페이셜크림을 사용하고 있어요 ^^~ 처음엔 아이가 어릴때 순하고 트러블도 없어서 사용을 시작 했는데 어느날 신랑도 사용해 보더니 건성인 자기 피부와도 촉촉하게 해줘서 너무 잘 맞다고 같이 사용하더라구요.ㅋㅋ 온가족이 쓰다보니 사용양이 많아 세일 할때나 1 +1 행사 할때는 꼭 쟁여둡니다 ㅋㅋ 유효기간도 항상 넉넉해서 믿고 구매 한답니다. 가격이 좀 비싸니 세일기간을 잘 활용하시고 촉촉한 피부 간직하세요 ^^~,자극성,순하고,1,[속성] 자극성 [문장] 순하고,,자극성,unchanged
train,1032516,SNS,스킨케어,OO 퍼** 클렌징폼 120g,여기저기 수소문하다 후기가 좋아서 OO OOO 클렌징을 구입했답니다 .후기가 좋다는 것은 그만큼 인정 받은 거라 생각했어요^^ 처음 제형을 접했을때 거품도 쫀쫀해서 피부 깊숙히뽀득뽀득하게 세안 되는 느낌이라 너무 좋았어요건성 피부에 예민한 피부라 걱정했는데 피부가 부드러워지고 촉촉해지더라구요 ^^ 가격대비 가성비 갑이네요 ㅋㅋ . 근데 용기 뚜껑봉인이 되어 있지 않네요 꼭 누가 사용한 것처럼....좀 찝찝....그거는 제가 사용하고 나머지 분들꺼는 다 확인하고 드렸네요 ㅎㅎ 피부에 관심이 있는 지인들에게 적극 추천하고 선물하고 있습니당^^~,윤기/피부(톤),피부가 부드러워지고,1,[속성] 윤기/피부(톤) [문장] 피부가 부드러워지고,,윤기/피부(톤),unchanged
train,1032521,SNS,스킨케어,OO 단** 앰플 35ml,"지인이 추천해준 앰플, OO OOO 앰플입니다 ^^~ 향도 좋고 에센스와 크림 중간정도의 점성으로 부드러운 제형이더라구요 끈적임없이 피부에 촉촉하게 스며들고 발림성이 좋더라구요 아침,저녁으로 바르니 보습력은 정말 좋더라구요 촉촉하게!!! 근데 주름에 효과 있는지는 아직....물론 꾸준히 더 써 보면 달라지겠죠 ㅠㅠ 근데 영양분이 너무 많아서 인가요? 바르고 담날 아침에 뽀루지가 2개 생겼어요 ㅠㅠ 용기도 좀 불편한 것 같구요 ㅠㅠ 그러나 저는 오늘도 재구매 합니다 ^^~담에 주름도 좋아지는지 다시 후기 쓸게요 ㅎㅎ",향,향도 좋고,1,[속성] 향 [문장] 향도 좋고,,향,unchanged
train,1032657,SNS,스킨케어,OO UV 쉴드 선 프로텍터 XP,"햇살이 강할 때 어떤 선크림 쓰고 계시나요~ 저는 ㅇㅇㅇ ㅇㅇ를 써봤어요~ 후기 올려요~^^ ㅇㅇㅇ 선크림이 계속 사랑받고 있는데 왜 그런지 써보니 알겠더라구요. 우선 제형이 쫀쫀한데 촉촉하기도 하구요, 나이가 드니 이 선크림의 과하지 않은 유분감도 좋으네요. 이 선크림 바르고 나갈 때마다 피부가 좋아졌다는 말을 많이 듣고 있어요. ㅇㅇㅇ 덕을 톡톡히 보는 거죠 ㅎㅎ 촉촉하고 바를 때 부드럽게 잘 발리고 피부가 화사해지기까지 하니 더 이상 좋은 선크림은 없을 듯해요~! 다른 제품이 불만족스러우신 분은 이 ㅇㅇㅇ 선크림 추천해요~!",보습력/수분감,촉촉하고,1,[속성] 보습력/수분감 [문장] 촉촉하고,,보습력/수분감,unchanged
train,1032657,SNS,스킨케어,OO UV 쉴드 선 프로텍터 XP,"햇살이 강할 때 어떤 선크림 쓰고 계시나요~ 저는 ㅇㅇㅇ ㅇㅇ를 써봤어요~ 후기 올려요~^^ ㅇㅇㅇ 선크림이 계속 사랑받고 있는데 왜 그런지 써보니 알겠더라구요. 우선 제형이 쫀쫀한데 촉촉하기도 하구요, 나이가 드니 이 선크림의 과하지 않은 유분감도 좋으네요. 이 선크림 바르고 나갈 때마다 피부가 좋아졌다는 말을 많이 듣고 있어요. ㅇㅇㅇ 덕을 톡톡히 보는 거죠 ㅎㅎ 촉촉하고 바를 때 부드럽게 잘 발리고 피부가 화사해지기까지 하니 더 이상 좋은 선크림은 없을 듯해요~! 다른 제품이 불만족스러우신 분은 이 ㅇㅇㅇ 선크림 추천해요~!",발림성,부드럽게 잘 발리고,1,[속성] 발림성 [문장] 부드럽게 잘 발리고,,발림성,unchanged
train,1032931,SNS,스킨케어,OO 퓨** 클렌징 오일 300mlX2 더블기획,"블랙헤드 때문에 고충이 많은 불쌍한 처자의 리뷰입니다~ 블랙헤드 때문에 클렌징오일을 꾸준히 쓰고 있는데, 1+1이고 가격도 세일해서 저렴하게 잘 구매했어요. 써 보니까 블랙헤드 관리에 도움이 됩니다. 복합성피부인데 쓰기 좋네요. 너무 과하지도 약하지도 않게 세정력 적당한 것 같고, 자극도 적은 편이라서 피부가 빨개지거나 트러블 난 적 없습니다. 다른 클렌징오일들도 다 그렇긴 하지만 펌프식이라 사용하기 편하고 용량도 적당합니다. 블랙헤드를 박멸할 순 없지만 그래도 이렇게 조금씩 관리라도 할 수 있게 해 줘서 고마운 제품이네요.",용기,펌프식이라 사용하기 편하고,1,[속성] 용기 [문장] 펌프식이라 사용하기 편하고,,용기,unchanged
train,1032949,SNS,스킨케어,OO 티** 에센셜 마스크 기획 (10매+2매),이게 이렇게 좋은 건지 피부가 좋을 땐 미처 알지 못했던 고마운 팩입니다~ 피부 뒤집어지고 울그락불그락해진 상태에서 쓰니까 정말 효과가 눈부시네요... 이게 이런 거였군요. 역시 이유 없는 1등은 없는 것이었습니다. 진정에 좋다는 온갖 화장품 두루 섭렵했는데 효과 없더니 이 팩 두 번 하고 나니까 피부가 언제 그랬냐는 듯이 좋아지더라고요? 피부의 단짝템을 드디어 찾았습니다. 엄청 촉촉하고 촉촉함이 오래 유지되고 쿨링 효과가 있어서 피부 열감도 싹 내려줍니다. 안색이 다 환해져요. 중요한 날 전날에는 무조건 이거 써야 됩니다. 다들 한 장씩 챙기세요!,지속력/유지력,촉촉함이 오래 유지되고,1,[속성] 지속력/유지력 [문장] 촉촉함이 오래 유지되고,,지속력,merged_duplicate_label
train,1033018,SNS,스킨케어,OO 약** 소다폼 150ml,피부가 민감해지면서 클렌징 폼 바꿔보기를 해봤어요. OO의 OOO폼이랍니다! 주기적으로 클렌징폼도 바꿔줘야 피부에 좋다고 하더라구요. 기존에 살짝 트러블이 올라오는 중이었는데요. 이 제품 쓰고 트러블이 한결 좋아졌답니다. 일단 약산성 제품답게 거품은 잘 안나요. 그래서 좀 많이 쓰게 되긴하는데 약산성 제품들이 다 그런편이더라구요. 평소 색조화장을 안 하는 편이라 다행인 게 좀 진한 립제품은 전혀 안 지워져서 2차 세안용 정도의 세정력으로 보면 될 것 같아요. 전 상관 없어서 만족합니다. 순하고 데일리로 쓰기엔 딱 좋은 클렌징 폼 같아요!,자극성,순하고,1,[속성] 자극성 [문장] 순하고,,자극성,unchanged
train,1033077,SNS,스킨케어,OO 보** 세럼 80ml 대용량 기획,평소 피부 좋다는 말을 많이 듣지만 스스로 느끼기에는 요즘 많이 푸석해진 것 같아서 세럼을 사용해 봤어요. 민낯으로 다녀도 피부 좋다 소리 듣긴 하지만 오히려 화장을 하려고 하면 화장이 잘 안 먹고 푸석푸석한 게 드러나더라고요. 그래서 피부결에 신경 좀 쓰려고 구매해 봤는데 정말 잘 산 것 같아요. 일단 용기가 위생적인 스포이드 타입이라 좋고 기분상으로도 뭔가 진짜 엑기스를 바르는 느낌이 드네요ㅎㅎ 향은 곡물향(?)이라고 밖에 표현할 수 없는 묘한 향인데 나쁘진 않고요. 바르면 피부에 싹 흡수가 되면서 윤광이 돕니다. 모공이 타이트해지고 피부결이 쫀쫀해지는 느낌이 들고 데일리로 쓰기 좋아요. 딱 원하던 느낌의 세럼이라서 어쩜 이렇게 잘 샀는지 신통방통해요ㅎ,편의성/활용성,데일리로 쓰기 좋아요.,1,[속성] 편의성/활용성 [문장] 데일리로 쓰기 좋아요.,,편의성/활용성,unchanged
train,1033085,SNS,스킨케어,OO 퓨** 클렌징 오일 300mlX2 더블기획,이 클렌징오일을 몇 병째 비웠는지 모르겠어요~ 한 2년 넘게 사용한 것 같아요. 지성피부라서 그런지 모공이 막히면 바로 트러블이 올라오는지라 클렌징에 늘 신경을 많이 써요. 그런데 이 클렌징오일이 순하고 깨끗하게 세안이 돼서 데일리 케어용으로 사용하고 있답니다. 따로 포인트리무버 안 써도 아이라인이나 마스카라까지 세정이 되고 제형도 적당하고 물로 깔끔하게 씻기니까 장점이 많아서 안착해서 쓰고 있어요. OO 제품들은 클렌징오일 말고도 다 좋아서 많이 애용합니다.,자극성,순하고,1,[속성] 자극성 [문장] 순하고,,자극성,unchanged
train,1033454,SNS,스킨케어,OO 프** 물광 수분 크림 100ml,이 제품을 유튜버분께서 추천해주시길래 구매했습니다. 그 유튜버분이 추천한 제품은 다 성공해서 이 제품 역시 기대를 엄청했는데요. 정말 좋습니다. 저는 t존을 제외하고는 건성이 심한데 너무 오일리한 크림을 쓰면 t존에 트러블이 올라와서 유수분 밸런스를 적당히 해주는 크림을 찾고 있었는데 이게 딱 그러네요. 산뜻하게 바를 수 있는 제형으로 발림성은 엄청 촉촉하고 피부에도 잘 스며들어서 속건조를 정말 잘 잡아줘요. t존 부위에 바르니 수분감은 더해줘서 피부 트러블이 올라온다거나 엄청나게 기름이 올라온다거나 하지 않네요~! 오히려 촉촉해서 수분 광이 올라옵니다 ㅎㅎ 게다가 엄청 순해요. 성분이 순하고 깨끗해서 이거 쓰고 나서 트러블이 올라오거나 각질이 올라 온적이 없습니다. 제 니즈를 정확히 알고 피부를 관리해주니 정말 짱입니다.. 역시 믿고 사는 OOO요 . 저는 이거 다 쓰고 또 구매하려고 합니다,성분,성분이 순하고,1,[속성] 성분 [문장] 성분이 순하고,,성분,unchanged
train,1034100,SNS,스킨케어,OO 로** 스네일 크림 50ml ,"사계절 내내 건조함이 느껴지는 저에게 딱이라 꾸준히 쓰고 있는 ㅇㅇㅇ ㅇㅇ 크림입니다. 부드럽게 잘 발리고 흡수도 잘 되네요. 바르고 자면 다음날 아침까지 피부가 촉촉합니다. 가격 부담없이 쓰기 좋은 크림이고요, 가격도 착해서 요즘처럼 건조한 날씨에 듬뿍 발라도 아깝지 않습니다. 가성비 갑입니다. 향도 강하지 않고 은은해서 맘에 듭니다. 지인이 준 크림이라 그냥 바르고 말아야지 했는데 피부가 촉촉하고 부드러워서 품질에 감탄합니다. 건조함에 필요한 영양크림을 찾으신다면 ㅇㅇㅇ ㅇㅇ 크림 사용해 보시는 건 어떠실까요?",발림성,부드럽게 잘 발리고,1,[속성] 발림성 [문장] 부드럽게 잘 발리고,,발림성,unchanged
train,1034100,SNS,스킨케어,OO 로** 스네일 크림 50ml ,"사계절 내내 건조함이 느껴지는 저에게 딱이라 꾸준히 쓰고 있는 ㅇㅇㅇ ㅇㅇ 크림입니다. 부드럽게 잘 발리고 흡수도 잘 되네요. 바르고 자면 다음날 아침까지 피부가 촉촉합니다. 가격 부담없이 쓰기 좋은 크림이고요, 가격도 착해서 요즘처럼 건조한 날씨에 듬뿍 발라도 아깝지 않습니다. 가성비 갑입니다. 향도 강하지 않고 은은해서 맘에 듭니다. 지인이 준 크림이라 그냥 바르고 말아야지 했는데 피부가 촉촉하고 부드러워서 품질에 감탄합니다. 건조함에 필요한 영양크림을 찾으신다면 ㅇㅇㅇ ㅇㅇ 크림 사용해 보시는 건 어떠실까요?",보습력/수분감,피부가 촉촉하고,1,[속성] 보습력/수분감 [문장] 피부가 촉촉하고,,보습력/수분감,unchanged
train,1034100,SNS,스킨케어,OO 로** 스네일 크림 50ml ,"사계절 내내 건조함이 느껴지는 저에게 딱이라 꾸준히 쓰고 있는 ㅇㅇㅇ ㅇㅇ 크림입니다. 부드럽게 잘 발리고 흡수도 잘 되네요. 바르고 자면 다음날 아침까지 피부가 촉촉합니다. 가격 부담없이 쓰기 좋은 크림이고요, 가격도 착해서 요즘처럼 건조한 날씨에 듬뿍 발라도 아깝지 않습니다. 가성비 갑입니다. 향도 강하지 않고 은은해서 맘에 듭니다. 지인이 준 크림이라 그냥 바르고 말아야지 했는데 피부가 촉촉하고 부드러워서 품질에 감탄합니다. 건조함에 필요한 영양크림을 찾으신다면 ㅇㅇㅇ ㅇㅇ 크림 사용해 보시는 건 어떠실까요?",윤기/피부(톤),부드러워서,1,[속성] 윤기/피부(톤) [문장] 부드러워서,,윤기/피부(톤),unchanged
train,1034218,SNS,스킨케어,OO 희** 콜라겐 3종 세트,항상 쓰고 있는OO시리즈인데 이번에 OO OOO로 바꿔서 구입해 봤어요^^~ 촉촉함이 큰 줄 알고 주문했는데 그닥 크지는 않네요ㅠㅠ 제형의 쫀쫀함이 부족해서 조금 아쉽더라구요 .... 그래서 로즈힐 오일을 믹싱해서 사용했더니 괜찮더라구요ㅋㅋ 울 신랑도 한번 사용하더니 향도 좋고 촉촉해서 좋다고 유분이 많지 않으니 지복합성인 신랑은 만족한다고 하네요. 무튼 여름에 사용하기엔 가볍고 좋은데 가을엔 살짝 유수분감이 부족한걸로.... 피부가 거칠거칠하고 각질도 있던 신랑이 한달 뒤에 피부도 부드러워지고 잡티도 없어지는 느낌이라고 하네요ㅋㅋ 계속 신랑이 사용하는 걸로 ...ㅋㅋ,향,향도 좋고,1,[속성] 향 [문장] 향도 좋고,,향,unchanged
train,1034951,SNS,스킨케어,OO 크** 에센스 45ml ,"나이는 한살 한살 더 먹을수 밖에 없지만 피부는 동안으로 남고 싶어서 탄력,미백,주름,보습까지 모두 한번에 케어 할수 있는 OO OOO 에센스를 구입했답니다 ㅋㅋ 용기가 은색병이 너무 예쁘고 고급스럽더라구요 ㅋㅋ 바르는 순간 부드럽게 발라지며 작은 버블이 생겨서 신기했어요 그 미세 버블을 두드리니 끈적임 없이 부드럽게 흡수되었어요 오~우! 촉촉하고 탄력이 생기는 것 같네요 화장을 하니 너무 잘 먹더라구요 ㅎㅎ 근데 처음에는 용기 펌프질만 한 50번 한 것 같아요 ㅠㅠ 너무 힘들었어요... 과하지 않고 은은한 광채와 거칠었던 피부결도 매끄럽게 탄력있는 피부로 만들어줘서 만족합니다^^~",보습력/수분감,촉촉하고,1,[속성] 보습력/수분감 [문장] 촉촉하고,,보습력/수분감,unchanged
train,1035561,SNS,스킨케어,OO 타** 에센스 180ml,40대 나이에 들어서니 피부도 칙칙하고 재생주기도 느려 배개 자국도 빨리 안 없어지네요ㅠㅠ 그래서 OO OOO를 구입했어요 전에 쓸 때 좋았던 기억에 ㅎㅎ 세안 후 에센스를 바르면 미끈거리지 않고 촉촉하게 쫀쫀함이 커서 좋았어요 저의 기억이 틀리지 않았네요 ㅋㅋ 저녁에 바르면 아침에 피부가 보들보들하고 탱탱해져서 화장도 잘 먹어요 ㅎㅎ 탄력케어에 한 몫을 하는 것 같네요 ㅋ 근데 양은 많지만 좀 헤픈 것 같네요 손에 닿는게 싫어 통에 담아 미스트처럼 뿌리거든요.... 1+1행사때 구매해서 친구들 선물하면 모두 좋아하네요^^~,흡수력,미끈거리지 않고,1,[속성] 흡수력 [문장] 미끈거리지 않고,,흡수력,unchanged
train,1036196,SNS,스킨케어,OO 레** 클리어 크림 70ml,저는 여름철이나 겨울철 모두 피부가 건조한 건성피부인데 OOO 크림이 건성피부에 좋다고 해서 구매했습니다. 저는 몇번 써봤는데 너무 건조했어요. 이 크림은 유분감은 아예없고 수분감은 잔뜩있어요. 그래서 오히려 수분감이 금방 날라가는거예요.적당한 유분도 있어야 밸런스가 맞는데...이거는 딱 수분만 있어서 이거 바르고 따로 유분기가 있는 제품을 발라줘야합니다. 그래도 성분이 순하고 자극적이지 않아서 트러블이 나거나 하지는 않았어요. 산뜻하게 가볍게 바르기 좋은 제품입니다. 저 같이 극 건성피부는 이거 하나만 바르면 엄청 건조하실 수 있어요.참고하세요~,성분,성분이 순하고,1,[속성] 성분 [문장] 성분이 순하고,,성분,unchanged
train,1036199,SNS,스킨케어,OO 레** 클리어 크림 70ml,저는 지금 두통째 쓰고 있습니다. 처음에 OO에서 추천해줘서 구매했는데 너무 맘에 들어서 지금까지 사서 쓰고 있네요. 저는 복합성피부로 유분이 조금 많이 올라오는 날에는 조금 적게 바르고 피부가 건조하거나 땡기는 날에는 듬뿍 발라주니 좋네요. 그럼 확실히 아침에 일어나면 피부가 촉촉하고 뽀송뽀송해집니다. 그리고 스푼 같은게 있어서 이걸로 덜어서 바를 수 있어 위생적으로 사용하기 좋았습니다.향도 은은하니 순해서 제 스타일입니다!! 지금까지 문제없이 너무 잘 쓰고 있어서 추천드리고 싶었어요.한번 써보시길~!,보습력/수분감,피부가 촉촉하고,1,[속성] 보습력/수분감 [문장] 피부가 촉촉하고,,보습력/수분감,unchanged
train,1036347,SNS,스킨케어,OO 딥** 클렌저,좋은 댓글이 많아서 처음 구입했답니다 OO OOO 포밍~ 향도 좋고 유통기한도 넉넉하고 용량도 커서 좋았답니다 온가족이 같이 쓸 예정이라 부드럽고 순하고 세정력이 좋은 제품을 찾았네요 ^^ 소량으로도 거품이 풍부해서 좋았어요 아이들도 풍부하고 부드러운 거품이 기분이 좋은지 자주 씻네요 ㅋㅋ 부드러운 거품이여도 세정력은 좋아서 뽀드득하게 잘 씻어지네요 피부가 매끄러워졌어요 근데 아들의 여드름은 아직 효과를 못 봤네요 .... 꾸준하게 쓰면 아들도 피부미남이 되겠죠 ㅋㅋ,향,향도 좋고,1,[속성] 향 [문장] 향도 좋고,,향,unchanged
train,1036347,SNS,스킨케어,OO 딥** 클렌저,좋은 댓글이 많아서 처음 구입했답니다 OO OOO 포밍~ 향도 좋고 유통기한도 넉넉하고 용량도 커서 좋았답니다 온가족이 같이 쓸 예정이라 부드럽고 순하고 세정력이 좋은 제품을 찾았네요 ^^ 소량으로도 거품이 풍부해서 좋았어요 아이들도 풍부하고 부드러운 거품이 기분이 좋은지 자주 씻네요 ㅋㅋ 부드러운 거품이여도 세정력은 좋아서 뽀드득하게 잘 씻어지네요 피부가 매끄러워졌어요 근데 아들의 여드름은 아직 효과를 못 봤네요 .... 꾸준하게 쓰면 아들도 피부미남이 되겠죠 ㅋㅋ,자극성,순하고,1,[속성] 자극성 [문장] 순하고,,자극성,unchanged
train,1036348,SNS,스킨케어,OO 딥** 클렌저,미세먼지도 많고 얼굴도 칙칙하여 새로운 클렌징을 찾다가 친구의 추천으로 OO OOO 포밍 클렌저를 구입했어요^^ OO는 모두가 아는 브랜드라 믿고 구입했네요 피부가 상당히 예민한데 순하고 자극적이지 않고 세정력까지 좋아서 너무 만족했어요 뽀득한 느낌이 좋았는데 나이가 있어서 그런지 좀 건조한 것 같기도 하네요 세정력은 좋은데 보습력은 부족한 것 같아요 ㅠㅠ 그래도 세안 후 느낌은 정말 개운해서 또 재구매 할것 같아요 ~~ 가족들도 모두 만족하네요 ^^~~,자극성,자극적이지 않고,1,[속성] 자극성 [문장] 자극적이지 않고,,자극성,unchanged
train,1036372,SNS,스킨케어,OO 일** 마스크 25g,"가을이 되면 습관적으로 언니와 함께 OO OOO 마스크팩을 구입한답니다^^~ 피부가 예민해서 아무팩이나 못 써요ㅠㅠ 한 번 사용했더니 간지럽고 따갑고 하더라구요 ㅠㅠ 그래서 꼭 OO OOO 마스크팩만 사용해요 ㅎㅎ 가격도 저렴하고 촉촉하고 또 극세사 시트여서 밀착력도 좋아 딱 달라 붙어서 편하게 사용해서 좋고 시트지를 빼고 보면 안에 남은 에센스 양도 많아서 팔과 목에 다리에 덕지덕지 발라주면 그럼 여기도 쫀쫀해지더라구요 ㅎㅎ 피부가 탱탱해져서 화장도 잘 먹어요 ㅋㅋ 근데 눈,코 입 위치는 할때마다 느끼지만 좀 이상해요.... 언니랑 세일할때 또 대량 구매합니당^^",가격,가격도 저렴하고,1,[속성] 가격 [문장] 가격도 저렴하고,,가격,unchanged
train,1036372,SNS,스킨케어,OO 일** 마스크 25g,"가을이 되면 습관적으로 언니와 함께 OO OOO 마스크팩을 구입한답니다^^~ 피부가 예민해서 아무팩이나 못 써요ㅠㅠ 한 번 사용했더니 간지럽고 따갑고 하더라구요 ㅠㅠ 그래서 꼭 OO OOO 마스크팩만 사용해요 ㅎㅎ 가격도 저렴하고 촉촉하고 또 극세사 시트여서 밀착력도 좋아 딱 달라 붙어서 편하게 사용해서 좋고 시트지를 빼고 보면 안에 남은 에센스 양도 많아서 팔과 목에 다리에 덕지덕지 발라주면 그럼 여기도 쫀쫀해지더라구요 ㅎㅎ 피부가 탱탱해져서 화장도 잘 먹어요 ㅋㅋ 근데 눈,코 입 위치는 할때마다 느끼지만 좀 이상해요.... 언니랑 세일할때 또 대량 구매합니당^^",보습력/수분감,촉촉하고,1,[속성] 보습력/수분감 [문장] 촉촉하고,,보습력/수분감,unchanged
train,1036374,SNS,스킨케어,OO 일** 마스크 25g,가을이 되니 피부가 건조해지고 푸석푸석하고 화장도 잘 안먹고 해서 이리저리 찾아보다가 OO OOO 마스크팩을 구입했어요 ^^~ 가성비와 수분감을 모두 만족 시킬수 있는 팩을 찾았는데 OO 마스크팩이 수분감과 보습력이 좋더라구요 속건조가 있었는데 속건조도 잡아주고 촉촉하고 순하고 다른팩보다 피부 흡수력이 좋아서 보습감도 좋아 다음날에서 얼굴에서 윤이 나요ㅋㅋ 화장도 잘먹어요 ㅎㅎ 가성비 갑이네요 그래서 세일할때 쟁여둡니다 ㅋㅋ 어머나 !!! 친구에게 선물 했는데 지성피부인 친구는 트러블이 생겼다고....마스크팩때문이라고 .....,보습력/수분감,촉촉하고,1,[속성] 보습력/수분감 [문장] 촉촉하고,,보습력/수분감,unchanged
train,1036374,SNS,스킨케어,OO 일** 마스크 25g,가을이 되니 피부가 건조해지고 푸석푸석하고 화장도 잘 안먹고 해서 이리저리 찾아보다가 OO OOO 마스크팩을 구입했어요 ^^~ 가성비와 수분감을 모두 만족 시킬수 있는 팩을 찾았는데 OO 마스크팩이 수분감과 보습력이 좋더라구요 속건조가 있었는데 속건조도 잡아주고 촉촉하고 순하고 다른팩보다 피부 흡수력이 좋아서 보습감도 좋아 다음날에서 얼굴에서 윤이 나요ㅋㅋ 화장도 잘먹어요 ㅎㅎ 가성비 갑이네요 그래서 세일할때 쟁여둡니다 ㅋㅋ 어머나 !!! 친구에게 선물 했는데 지성피부인 친구는 트러블이 생겼다고....마스크팩때문이라고 .....,자극성,순하고,1,[속성] 자극성 [문장] 순하고,,자극성,unchanged
train,1036378,SNS,스킨케어,OO 보** 단백질 크림 50ml,환절기가 되니 푸석하고 건조해서 주름이 더 잘 보이는 것 같아 우울 했어요 그래서 피부에 신경을 써야겠다 싶어 OO OOO 단백질 크림을 구매했어요 ^^~ 성분이 진짜 너무 좋아 구입했는데 향도 좋고 케이스도 고급지네요 ㅎㅎ 제형이 너무 부드럽고 신선한 느낌의 단백질 앰플이 있어요 ㅋ 롤링하면 피부에 촥~ 촉촉하게 흡수가 잘 되더라구요 피부가 탄력이 느껴지고 광이 나네요 ㅋㅋ 지속력도 좋아서 밤에 바르면 담날 아침 까지 촉촉하더라구요ㅋㅋ 그런데 주름은 쫙 펴지지는 않고 그냥 조금 옅어지는 듯 보이네요 조금 실망 .... 유통기한이 생각보다 짧아서 팍팍 써야할 것 같네요 ㅋㅋ 그래도 꾸준히 바르면 주름에도 효과가 있을거라 믿어요 ^^,향,향도 좋고,1,[속성] 향 [문장] 향도 좋고,,향,unchanged
train,1036391,SNS,스킨케어,OO R** 기초 완벽 더블 풀세트,쌤플을 써 보고 좋아서 구매하게 되었답니다. OO OOO 기초 더블 세트입니다.^^^ 어머나! 마침 2세트로 판매 하길래 얼른 주문해서 한 세트는 언니에게 선물 했어요. 좋아하더라구요 ㅋㅋ 싼가격에 2세트를 완벽 구성에 구입하게 되서 너무 좋았구요. 순하고 촉촉하고 흡수도 빨라 씻고 바로 바르니 수분을 싹 잡아주는 것 같네요. 계속 촉촉해서 너무 좋았어요 . 양도 많아서 얼굴과 목에 듬뿍 바른 답니다 .보습력도 좋아 담날 화장도 잘 먹어요ㅋ ㅋ 근데 기능성은 아직 모르겠네요 ....좀 더 사용해봐야 알것 같네요....향은 너무 진해요 ㅠㅠ 언니는 발림성도 좋다고 만족하네요 ㅎ,자극성,순하고,1,[속성] 자극성 [문장] 순하고,,자극성,unchanged
train,1036391,SNS,스킨케어,OO R** 기초 완벽 더블 풀세트,쌤플을 써 보고 좋아서 구매하게 되었답니다. OO OOO 기초 더블 세트입니다.^^^ 어머나! 마침 2세트로 판매 하길래 얼른 주문해서 한 세트는 언니에게 선물 했어요. 좋아하더라구요 ㅋㅋ 싼가격에 2세트를 완벽 구성에 구입하게 되서 너무 좋았구요. 순하고 촉촉하고 흡수도 빨라 씻고 바로 바르니 수분을 싹 잡아주는 것 같네요. 계속 촉촉해서 너무 좋았어요 . 양도 많아서 얼굴과 목에 듬뿍 바른 답니다 .보습력도 좋아 담날 화장도 잘 먹어요ㅋ ㅋ 근데 기능성은 아직 모르겠네요 ....좀 더 사용해봐야 알것 같네요....향은 너무 진해요 ㅠㅠ 언니는 발림성도 좋다고 만족하네요 ㅎ,보습력/수분감,촉촉하고,1,[속성] 보습력/수분감 [문장] 촉촉하고,,보습력/수분감,unchanged
train,1036393,SNS,스킨케어,OO R** 기초 완벽 더블 풀세트,환절기가 되니 피부도 푸석하고 건조해서 주름도 더 생기는 것 같아 여기저기 찾아보다가 홈쇼핑에서 우연히 OO OOO 기초세트를 1+1으로 팔더라구요^^ 그래서 얼른 구매했어요 ㅋㅋ 세트 구성도 좋았어요 ㅎ 한 세트는 엄마에게 선물했네요 ㅋㅋ 용기가 사용하기 편하게 펌프식이었고 향도 나름 좋았어요 촉촉하고 흡수도 빠르고 발림성도 좋아 부드럽게 스며들어 좋아요 안티에이징 효과도 있는 것 같아요 ㅎㅎ 기능성과 가격 모두 대만족 이네요 ㅋㅋ 근데 조금 번들 거림도 있고 한겨울엔 사용이 힘들 듯 .... 보습은 좀 더 신경써야 할듯 하네요 엄마는 좀 별로라고.... 촉촉함이 오래 남지 않는다고 하네요 보습력 큰 제품으로 다시 선물 해 드렸네요 ^^,보습력/수분감,촉촉하고,1,[속성] 보습력/수분감 [문장] 촉촉하고,,보습력/수분감,unchanged
train,1036421,SNS,스킨케어,OO 라** 마스크 워시오프 100g ,요즘 날씨가 춥고 건조해지면서 피부가 너무 거칠어지고 있어요 ㅠ 그래서 열심히 관리하기 위해 이 제품을 사용해 보았어요~! 쌀 성분으로 만든 팩이라 그런지 제형의 질감이 엄청 쫀득쫀득해요 ㅎㅎ 향도 향긋하고 마음에 들어요~ 피부톤 정리에 유용하다고 하는데 정말로 이 제품을 바르고 세안을 해주면 피부가 뽀얗게 정리된 걸 볼 수 있어요! 물론 세안 직후에만 보이는 일시적인 현상이지만ㅎㅎ 꾸준히 사용해 주면 효과가 지속되겠죠?? 작은 알갱이들이 들어가 있어서 롤링하면서 세안을 해주면 각질 정리도 돼서 촉촉하고 보들보들한 피부가 되더라구요~ OO에 이어서 OOO 마스크 워시오프도 성공이네요~!!,보습력/수분감,촉촉하고,1,[속성] 보습력/수분감 [문장] 촉촉하고,,보습력/수분감,unchanged
train,1036436,SNS,스킨케어,OO 잡** 세럼 50ml ,"제가 어렸을 때부터 여드름이 많이 올라오는 피부여서 그만큼 흉터랑 흔적들이 많이 남아있거든요... 평소에 이걸로 스트레스를 많이 받았는데, 이 제품이 흔적 옅어지게 해준다고 해서 구매해 봤습니다~ 투명한 젤리 같은 제형이고 촉촉하고 가볍게 발려요! 사실 효과를 그렇게 기대하진 않았는데, 은근 피부톤도 밝아지면서 트러블 흔적도 살짝 정리되는 효과가 있더라구요~! 계속해서 꾸준히 사용해봐야겠어요ㅎㅎ 유명한 OO 흔적 세럼보다 저렴하게 트러블 관리 가능하니 이 제품 한번 사용해 보세요~!",보습력/수분감,촉촉하고,1,[속성] 보습력/수분감 [문장] 촉촉하고,,보습력/수분감,unchanged
train,1036437,SNS,스킨케어,OO 탱** 콜라겐 73% 세럼 50ml ,"OOOO 브랜드를 안 지 얼마 되지 않아서 요즘 OOOO 숫자 제품 도장 깨기 하는 데에 맛들렸답니다ㅎㅎ 이번엔 4번 OOO 세럼을 사용해 봤는데요, 제품명에서도 볼 수 있다시피 제형이 정말 푸딩처럼 탱글해요ㅋㅋㅋㅋ 촉촉하고 가볍게 발리면서 금방 흡수되는데, 속부터 수분을 채워주는 제품이에요! 이 제품을 바르고 그 위에 보습 크림을 바르면 아주 환상의 수분 조합이 탄생한답니다ㅎㅎ 피부가 수부지 타입인 분들에게 특히 잘 맞을 것 같은 제품이니 수부지 분들 이거 한번 사용해 보셔요ㅎㅎ",보습력/수분감,촉촉하고,1,[속성] 보습력/수분감 [문장] 촉촉하고,,보습력/수분감,unchanged
train,1036438,SNS,스킨케어,OO 컨** 모이스처라이저 50ml (티트리 약산성 보습크림) ,"요새 트러블이 자잘하게 생기면서 붉게 올라오는데, 티트리가 피부 가라앉히는 데 좋다고 해서 이 제품을 구매해 봤습니다! 가벼운 제형으로 촉촉하고 부드럽게 발리면서 손으로 두들겨주면 금방 흡수돼요! 근데 저랑 이 제품이 잘 안 맞는지 바르고 나서 조금 간질간질하다가 계속 냅두니 따가움이 느껴지더라구요...ㅠㅠ 그래서 급하게 클렌징을 해야했어요ㅠㅠ 리뷰를 보니 잘 맞는 사람들은 정말 잘 맞는다고 하니 개인 차이가 큰 제품인 것 같네요... 여러분들은 꼭 목 부근에 테스트를 한번 해보고 구매하시는 걸 추천드려요~!",보습력/수분감,촉촉하고,1,[속성] 보습력/수분감 [문장] 촉촉하고,,보습력/수분감,unchanged
train,1023240,SNS,헤어/바디케어,OO 일** 세라마이드 아토 로션 200ML,안녕하세요~~!! 다들 잘 지내고 계신가요? 날씨가 갑자기 추워져서 제 피부도 갑자기 건조해졌네요ㅠㅠ 이 시기에 딱 맞는 바디로션 제가 찾았습니다! 바디로션=OO 아시죠? 이 브랜드 제품들은 다 순하고 아이도 사용하기 좋아요. 건조하면 가려운데 쓰고나서는 가려움이 없어졌어요!!! 정말 신기하지 않나요? 하지만 여름에 쓰기에는 끈적임 약간 있네요..ㅠ 그래도 계속 두드려주면 흡수가 되니 조금만 기다려보세요! 그러면 아주 촉촉하고 매끈한 피부를 만들 수 있어요! 이번 겨울에 OO 한번 써보시는 거 어떠세요!! 추천드립니다~~,자극성,순하고,1,[속성] 자극성 [문장] 순하고,,자극성,unchanged
train,1023241,SNS,헤어/바디케어,OO 일** 세라마이드 아토 로션 200ML,안녕하세요~~ 드디어 아이한테 맞는 로션을 찾아서 소개해드리려고합니다! 다들 아이 키우시면 화장품 사용하실 때 약간 이것저것 다 보시잖아요? 저도 이것저것 찾아보고 저 먼저 써보고 했는데 드디어 찾았습니다! 바로 OO 아토크림입니다~ 일단 저도 민감한 피부인데 쓰고 트러블 없이 몇달동안 잘 사용했어요. 그리고 화장품 앱에서 찾아보니 성분이 순하다고 아이 엄마들분들이 후기를 남겨주셨더라구요ㅎㅎ 그래서 저희 아이도 썼더니 순하고 향도 없어서 더 좋다고 하네요~ 매일매일 바르기 부담없어서 좋아요! 다들 아이 로션 찾고 계시다면 이 제품 어떠신가요~~?,자극성,순하고,1,[속성] 자극성 [문장] 순하고,,자극성,unchanged
train,1023330,SNS,헤어/바디케어,OO 일** 세라마이드  크림 200ml,안녕하세요~ 오늘은 정말 보습력이 탄탄한 제품을 소개해드리고자 이 자리에 왔습니다!! 요즘 같이 건조한 날씨에는 몸이 정말 건조하잖아요? 그럴 때 이 제품만 바르면 바로 몸이 촉촉해집니다 ㅎㅎ 그럼 자세한 후기 한 번 시작해볼까요~? 날씨가 갑자기 추워지면서 피부가 엄청 건조해졌습니다!! 이대로 가다가는 피부가 다 벗겨질 것 같아서 알아보다가 이 제품을 찾게 되었습니다!! 가격도 저렴한 편이라 바로 구매했던 것 같습니다 ㅎㅎ 일단 배송도 정말 빠르게 왔고 오자 마자 뜯어서 냄새부터 맡아봤는데 향이 강하지 않아서 좋았습니다~~ 개운하게 샤워하고 이 제품을 발랐는데 발림성부터 정말 부드러웠습니다!!! 바르고 나서 몸이 촉촉해져서 정말 만족했습니다. 피부가 부드러워져서 남편이 자꾸 옆에서 제 팔을 만지작 합니다 ㅎㅎ 사길 정말 잘했던 것 같아요!! 피부가 부드러워지고 촉촉해져서 좋은 제품이에요~ 한 번 구매해서 사용해보세요~^^,윤기/피부(톤),피부가 부드러워지고,1,[속성] 윤기/피부(톤) [문장] 피부가 부드러워지고,,윤기/피부(톤),unchanged
train,1023343,SNS,헤어/바디케어,OO 웰** 고운발 풋크림 100g,"풋 크림 중에 이 제품이 단연코 짱이라고 할 수 있겠습니다!!! 과장이라고 하실 수도 있겠지만..... 제가 생각했을 때는 이 제품이 제일 좋은 것 같아요!! 자세한 후기 시작하겠습니다!! 발이 너무 건조하고 각질이 많아서 평소에 다양한 풋크림을 사용해봤습니다. 그 중에는 정말 비싼 제품도 있었고 유명한 제품도 다수 포함되었습니다. 하지만 이 제품이 가장 좋은 것 같습니다! 바를 때 부드러운 발림성도 마음에 들고 냄새 또한 강하지 않아서 부담이 없었습니다. 또한 꾸준히 바르면 발이 부드러워져서 정말 만족한 제품입니다!! 가격도 저렴하고 효과도 좋으니 이 제품만 계속 쓰게 됩니다~~ 다른 제품은 이미 다 버렸어요 ㅋㅋㅋ가족들에게도 선물하려고 저는 추가 구입했습니다!! 다들 좋아해주면 좋겠네요 ㅎㅎㅎ 저렴한 가격에 부드러운 발이 만들어집니다! 비싼 제품, 비싼 관리 다 필요 없습니다. 이 제품만 꾸준히 바르면 발이 촉촉해집니다!",가격,가격도 저렴하고,1,[속성] 가격 [문장] 가격도 저렴하고,,가격,unchanged
train,1023344,SNS,헤어/바디케어,OO 웰** 고운발 풋크림 100g,지인 추천으로 사용하게 되었는데 너무 좋아서 소개를 해드리려고 왔습니다!!! 바로 OOO OO 풋크림입니다!!! 말 그대로 발에 사용하는 제품으로 어떤 장점이 있는지 같이 알아볼까요? 상품명 그대로 바르기만 하면 정말 곱고 부드러운 발이 됩니다!!! 가성비가 정말 좋은 제품인 것 같아요 ㅎㅎㅎㅎ 가격도 저렴하고 효과도 좋으니 일석이조인 제품이죠!! 자기 전에 듬뿍 바르고 자고 있습니다. 이렇게 하면 아침에 촉촉한 발이 되니까 기분이 좋습니다 ㅎㅎㅎ 다만 냄새는 연고 냄새가 나서 그리 좋지는 않아요~~ 그래도 바르고 양말 신고 있어서 저는 냄새가 역하지는 않았습니다!! 약국에서 사지 마시고 인터넷에서 사시기를 추천드려요!! 훨씬 저렴하게 구매하실 수 있습니다 ㅎㅎ 가성비 좋은 최고의 풋크림! 저렴한 가격에 높은 효과를 보고 싶으신 분들은 꼭 구매하시길 추천합니다!! 긴 글 읽어 주셔서 감사합니다~,가격,가격도 저렴하고,1,[속성] 가격 [문장] 가격도 저렴하고,,가격,unchanged
train,1023580,SNS,헤어/바디케어,OO 맨** 데오드란트 스프레이 200ml,여름에 땀을 너무 많이 흘리면 몸에서 땀 냄새가 심해서 정말 골치 아프시죠? 그럴 때 땀 안 나는 사람들이 정말 부러웠습니다..... 하지만 이 제품을 알게 된 이후부터 저도 땀이 잘 안 나기 시작했습니다ㅎㅎ 어떤 제품인지 같이 알아 볼까요? 땀이 많이 나는 사람들이 가장 걱정하는 부분은 뭘까요?? 바로 땀 냄새 아니겠습니까? ㅋㅋㅋㅋ 정말 저 역시도 땀 냄새가 너무 심한 사람 중 한 명이었습니다. 하지만 이 제품을 쓰고 나서 부터는 땀 냄새가 전혀 나지 않습니다~~~ 땀 억제를 너무 잘해주는 이 제품 덕분인 것 같습니다 ㅎㅎㅎ 아주 효자 상품이네요~ 가격도 저렴하고 용량도 적지 않아서 두 달 정도 사용하기 가뿐합니다~~ 뿌리고 나면 정말 시원해서 기분까지 좋아집니다!! 다만 얼굴에 뿌리게 되면 자극적이니까 얼굴에는 뿌리지 마세요!! 저는 너무 좋아서 지인들한테 선물하고 있습니다!! 다들 좋아해주면 좋겠네요^^ 향도 좋고 땀 많은 사람들에게 적극 추천하는 제품입니다! 땀 냄새를 없애주는 데 탁월한 기능이 있으니 써 보시길 강추해요~ㅎㅎ,가격,가격도 저렴하고,1,[속성] 가격 [문장] 가격도 저렴하고,,가격,unchanged
train,1023657,SNS,헤어/바디케어,OO 클래식 핸드크림 30ml,겨울이 되고~ 건조해지고~ 내 살은 트고~ 특히 손이 고통 받고~ 후.. 그러던 와중에 매장에서 쇼핑을 하다가 발라보고 너무 좋아서 사게 된 제품입니다^^ 써보고 너무 좋아서 추천 해드리고 싶어서 가져왔어요~ 제 후기 보시고 꼭 사서 써보세용 ㅎㅎ 이 핸드크림... 심상치 않다...! 처음 발라보고 느낀 점을 말하자면 딱 이렇게 표현할 수 있다... 바로 대 박 상 품! 그만큼 정말 좋았던 제품이다!! 일단 다른 핸드크림은 따라올 수가 없는 부드러운 발림성이 너무 좋아요~!! 부드럽게 잘 발리고 바르면 손이 촉촉해져서 좋은 것 같습니다! 핸드크림 막 끈적거리고 그러면 사용하기 싫어지는데 이 제품은 끈적거림도 없어서 좋은 것 같아요^^ 굳이 단점을 적으라고 해도 적을 게 없어서... 편애 하는 것은 아니지만 진짜 없어요... 너무 좋았거든요 ㅎㅎ 핸드크림 중에 최고의 제품인 것 같아요~^^ 한 번 사용해보시고 올 겨울에 사용하기 딱 좋은 제품이니 잘 쓰셨으면 좋을 것 같습니다!!,발림성,부드럽게 잘 발리고,1,[속성] 발림성 [문장] 부드럽게 잘 발리고,,발림성,unchanged
train,1023752,SNS,헤어/바디케어,OO 카** 클래식 크림 133ml 1개,코로나로 손씻고 건조해진 요즘.. 핸드크림 필수예요.. 손씻고 나서 건조해진 손을 OO 핸드크림으로 보습을 충전하는 거 어떠세요? 저는 구매해서 회사에 하나 집에 하나 차에 하나 두고 있어요! 여러 묶음으로 사서 저렴하게 구입했습니다~~ 부드럽게 잘 발리고 보습도 잘 되는 제품입니다~ 용량이 많아서 오래오래 잘 사용하고 있어요! 향도 여러 가지인데 다 은은하고 만족해요! 저처럼 여러 개 구매해서 다양한 장소에 놔두면서 계속 손에 보습을 보충해보세요!,발림성,부드럽게 잘 발리고,1,[속성] 발림성 [문장] 부드럽게 잘 발리고,,발림성,unchanged
train,1024331,SNS,헤어/바디케어,OO 디** 바디로션 ,안녕하세요~ 바디로션이 떨어졌길래 리뷰가 좋은 ㅇㅇㅇ을 구매했는데 어떨까요~~ 바를 때는 점성이 묽어서 적은 양으로도 몸에 구석구석 바를 수 있어서 좋으네요. 생각보다 촉촉하구요. 촉촉하니 끈적임도 덜하고 바를 때도 부드럽게 발리고 만족스럽습니다. 용기가 펌프형이라 크림형보다 쓱 바르고 쓱 닫고 열기 편해서 좋습니다. 무향이라 순하고 자극도 없어 아주 좋아요. 요 제품은 자체로 보습력이 괜찮고 덧바르기에도 좋아서 여러 번 발라주는데 피부가 좋아지는 거 느껴요. 가격 면에서도 마음에 쏙 드는 녀석이에요. 올겨울 따뜻하게 온가족과 나눠써봐요~~,보습력/수분감,촉촉하니,1,[속성] 보습력/수분감 [문장] 촉촉하니,,보습력/수분감,unchanged
train,1024349,SNS,헤어/바디케어,OO 프** 스크럽 몸각질케어 클렌저,여러분 혹시 각질케어 꼭 해줘야하는 거 아시나요? 저는 늘상 바디워시로 구석구석 씻으면 되지 생각하고 따로 각질 케어는 안했던 사람입니다. 그래서 그런지 겨울이 되면 몸이 간지럽기도 하고 몸에 트러블도 생기고 난리도 아닙니다ㅠ 그러다 우연히 주변 지인에게 들었는데 몸 씻는 것도 중요하지만 그만큼 각질 케어도 중요하다고 하더라고요 그래서 사용한 제품입니다. 제 지인은 20살때부터 사용했다고 하더라고요! 그래서 더 믿음직스러웠답니다. 실제로 사용해보니 촉촉하고 피부가 매끄러워지는 거 있죵!!ㅎㅎ 게다가 저는 입자가 두꺼운 필링젤은 안좋아하는데 이건 제형 입자가 작아서 거슬리지 않습니다!!! 앞으로도 이거 꾸준히 사용할거예용,보습력/수분감,촉촉하고,1,[속성] 보습력/수분감 [문장] 촉촉하고,,보습력/수분감,unchanged
train,1024787,SNS,헤어/바디케어,OO 스** 프로텍션 크림 ,안녕하세요~ 건조한 계절에 쓰기 딱 좋은 ㅇㅇㅇ 크림 어때요? 손도 자주 씻고 날씨도 점점 건조해지다 보니 핸드크림이 많이 쓰이네요. 전에 사용하던 제품이 있는데 향은 좋지만 보습력이 떨어져 이 제품으로 바꿔서 사용해 봤는데요. 여기저기 눈에 잘 보이는 곳에 두고 사용하기 좋구요. 이런 계절엔 수시로 발라주니 정말 좋아요. 주말에 행사해서 저렴하게 잘 구매했습니다. 촉촉하고 흡수력도 좋습니다. ㅇㅇㅇ 제형이 너무 묽지도 끈적이지도 않아서 애용하게 될 것 같아요. 자기 전 이 제품 쓰고 편안한 밤 되시길 바래요~,보습력/수분감,촉촉하고,1,[속성] 보습력/수분감 [문장] 촉촉하고,,보습력/수분감,unchanged
train,1024828,SNS,헤어/바디케어,OO 핸드 앤 네일 크림 클래식 ,겨울이 다가왔네요~ 겨울이면 거칠거칠한 손이 걱정되시죠~? 제가 즐겨 쓰는 ㅇㅇㅇ크림 클래식이 있어요~~ 늘 쓰던 제품인데 겨울에 특히 사용하기 좋은 필수템 입니다. 배송이 빠르고 포장도 세심하게 해 주셔서 소중한 선물 같았어요~ 가성비도 아주 좋구요. 용량도 많아 오래 쓸 수 있어요. 촉촉하니 잘 스며들고 보습도 잘 되는 것 같아요~ 암튼 이 제품 없으면 안 되고 손이 잘 트는 타입이라 덕분에 늘 케어를 잘하고 있네요. 세심한 포장으로 선물용으로 괜찮아요~,보습력/수분감,촉촉하니,1,[속성] 보습력/수분감 [문장] 촉촉하니,,보습력/수분감,unchanged
train,1024850,SNS,헤어/바디케어,OO 녹** 샴푸 중건성두피용 ,안녕하세요~ 녹차향 싫지 않으시면 이 삼푸 어떨까 싶어요~~ 지인으로부터 추천받고 구매해서 사용해 봤습니다. 두피가 지성이라 처음에는 지성용을 쓰다가 매일 쓰기에는 너무 뻣뻣해지는 것 같아서 바꿨습니다. 민감성이랑 번갈아서 쓰고 있어요. ㅇㅇㅇ 샴푸는 머리카락도 확실히 덜 빠집니다. 두피가 시원해서 좋고 녹차향도 그런대로 괜찮습니다. 순해서 좋습니다. 두피에 자극이 적어서 모발이 덜 빠지는 것 같습니다. 추천해요. 우리의 머리를 단단히 붙잡아 줘요~,자극성,순해서 좋습니다.,1,[속성] 자극성 [문장] 순해서 좋습니다.,,자극성,unchanged
train,1024917,SNS,헤어/바디케어,"OO 산** 바디스크럽 단품,기획세트 2종 택1","안녕하세요~너무 괜찮은 바디스크럽 제품 하나 올려볼까 해요~~ 제가 좀 민감한 피부라 잘 맞는 제품 찾기가 쉽지 않은데 이 제품은 저에게 잘 맞는 것 같아요. 2주 전에 ㅇㅇ에서 샘플로 받아보고 사용을 해봤는데 넘 괜찮아서 구매했어요~ 전에 쓰던 바디스크럽은 저에겐 좀 자극적이더라구요, 근데 ㅇㅇㅇ 바디스크럽은 자극적이지 않아요. 알갱이 입자를 롤링하면 시원하기도 하고 피부가 부드러워지고 순해서 좋아요~ 향도 너무 강하지 않고 은은해서 좋았어요. 저처럼 예민한 피부에 추천해요~ 참 좋아요~한번 애용해 보세요~~",보습력/수분감,피부가 부드러워지고,1,[속성] 보습력/수분감 [문장] 피부가 부드러워지고,,보습력/수분감,unchanged
train,1024922,SNS,헤어/바디케어,OO 모이스춰라이징 로션 ,안녕하세요~ 아토피있는 아이들을 위한 좋은 제품이 있어 공유해요~ ㅇㅇㅇ 재구매했어요. 아토피 있는 아이 때문에 늘 사용 중입니다. 만족합니다. 보습력은 여러 제품 중 제일 좋은 듯합니다. 건조한 피부인데 촉촉해서 가렵지 않아서 좋아요. 촉촉한 면에서는 결코 뒤지지 않는 보습제인 것 같습니다. 대용량이라 자주 사는 번거로움도 없어 더 좋아요. 이번에 새로 디자인도 바껴서 훨씬 산뜻해 보입니다. 이제 긁지 말고 ㅇㅇㅇ로 해결하세요~~,기능/효과,건조한 피부인데 촉촉해서 가렵지 않아서 좋아요.,1,[속성] 기능/효과 [문장] 건조한 피부인데 촉촉해서 가렵지 않아서 좋아요.,,기능/효과,unchanged
train,1025832,SNS,헤어/바디케어,OO 바** 스트롱 프로텍션 크림 75ml ,여름이가고 낙엽이 떨어지는 계절 이제 겨울이 오네요.. 제 손도 차가워지네요! 손도 계절의 변화를 아는 것처럼 쩍쩍..갈라져요! 그럴 때 필수템! 바로 소개해드리죠~ 저는 핸드크림 중에 제일 좋은 제품이라고 추천드릴 수 있어요! 항상 이 계절이 되면 꼭 구매하는 제품이랍니다~ 일단 촉촉하고 흡수가 빨라서 손이 아기 손처럼 부들부들하고 윤기가 나요! 가격행사할 때 저렴하게 여러 개 사서 친구들에게 하나씩 선물중이에요! 부담없이 구매해서 아주 기분이 좋습니다~ 핸드크림은 역시 OO~ 강력추천!!,보습력/수분감,촉촉하고,1,[속성] 보습력/수분감 [문장] 촉촉하고,,보습력/수분감,unchanged
train,1026381,SNS,헤어/바디케어,OO 컬러 트리트먼트 세트,광고보고 셀럽들도 사용 많이 한다고 하길래 구매했는데... 별로임!! 이거 최대 3주동안 컬러 유지 된다고 해서 사용했는데. 3주는 무슨 일주일도 안돼서 색 다 빠졌습니다. 가격도 비싸고 집에 몇개 더 있는데. 이걸 언제 다 쓰나 이러고 있습니다. 사실 뭐 간편하긴 해요. 헹구고 씻으면 되니까 근데 어떻게 일주일만에 색이 다 빠집니까? 매일 사용하기도 머릿결이 안 좋을 거같고 .. 저는 앞으로 안쓸거같아요. 나름 유명 브랜드라서 잘 사용하겠거니 생각했는지 이게 뭔가요... 주변 지인이 이거 산다고 하면 저는 무조건 말릴겁니다!,가격,가격도 비싸고,-1,[속성] 가격 [문장] 가격도 비싸고,,가격,unchanged
train,1026421,SNS,헤어/바디케어,OO 파** 슈퍼 하드 크림 왁스 9,헤어 제품 고르실때 고민 참 많으시죠? 특히 왁스는 매번 고민하게 되는 것 같아요. 저는 OO 제품을 즐겨 사용하는 편이에요. 특히 이 제품은 항상 사용하던 왁스에요 ~발림성이 좋고 고정력도 좋은 편인 제품이랍니다~ 게다가 이번엔 쿠폰을 사용해서 저렴한 가격에 잘 샀네요~ 이 가격대에 이 정도 만족감을 주는 제품을 찾기란 쉽지 않은데요. OO 헤어제품들은 가성비가 참 좋다는생각을 하고 있어요 여러분들도 한번 사용해 보시면 반하실 것 같다는 생각에 후기를 남겨요~,발림성,발림성이 좋고,1,[속성] 발림성 [문장] 발림성이 좋고,,발림성,unchanged
train,1026428,SNS,헤어/바디케어,OO 딥** 바디에멀전 500ml,OO는 바디용품으로 워낙 유명해서 일단 믿고 구매해봤어요 악건성용은 아니에요 보습력은 일반피부용이라 보시면 될 것 같아요 전 복합성이라 적당했는데 악건성인 저희 어머니는 몇 번 발라보시더니 안되겠다고 하시더라구요 암튼 전 끈적임 없고 빠르게 흡수되어 사용하기 좋았어요 자극적이지 않고 향도 은은한 머스크향이구요 가격은 솔직히 싼건 아니지만 믿을만한 브랜드니까 이 정도는 감수해야 할 듯요 아직 사용기간이 길지 않아 일단 쭉 써보고 다시 리뷰 해볼게요,자극성,자극적이지 않고,1,[속성] 자극성 [문장] 자극적이지 않고,,자극성,unchanged
train,1026835,SNS,헤어/바디케어,OO 엠** 데미지 프로텍터 145ml,푸석푸석한 머리여서 그런지 자꾸만 거울을 보기가 싫어지더라구요. 파마 염색을 자주했더니 머리결도 완전..ㅠㅠ 그래서 에센스 이것저것 찾아보다가 이번에는 OO 제품을 사용해봤습니다!! 일단 중요한 가격! 가격도 저렴하고 품질도 괜찮았어요! 용기도 반투명색이라 얼마정도 남아있는지 확인하기 쉬웠구요.ㅎㅎ 제형은 약간 점성이 있으면서 그렇게 끈적이지는 않더라구요! 흡수도 금방되고 향도 만족했습니다. 샴푸 후에 발라주니 더더욱 머릿결에 영양공급이 잘 되는 것 같네요. 머리가 찰랑거리는 그 순간까지 저는 기대하면서 발라보겠습니다~ 찰랑한 머릿결을 위해서! 꾸준히가 중요하신 거 아시죠?ㅎㅎ,가격,가격도 저렴하고,1,[속성] 가격 [문장] 가격도 저렴하고,,가격,unchanged
train,1029548,SNS,헤어/바디케어,OO 미** 하드 왁스 ,"남편은 어릴 때부터 유명했던 일본 제품을 사용했었는데 제가 이번엔 OO 것을 구매해 보았어요. 남편은 바람이 불어도 머리카락이 흔들리지 않게 철벽 오지는 왁스를 선호해서 항상 하드왁스, 고정력 맥스 이런 걸 보고 구매하거든요. 추가로 스프레이까지 뿌리는 사람인데 이번에 구매한 OO 하드왁스가 다행히 마음에 든다고 하네요. 머리스타일에 예민한 남편이 만족할 정도면 고정력은 좋은 제품인 것 같아요. 다만 바르고 난 뒤 손을 씻어도 끈적임이 잘 없어지지 않는 점은 불만이래요. 그래도 가격도 저렴하고 전반적으로 만족스러운 제품이에요.",가격,가격도 저렴하고,1,[속성] 가격 [문장] 가격도 저렴하고,,가격,unchanged
train,1029573,SNS,헤어/바디케어,OO 로** 핸드 크림 150ML,핸드크림 유목민이라 이것저것 쓰다가 결국 OO으로 돌아왔어요! OOO 핸드크림 리뷰해봅니다 옛날에 써 봤지만 아무래도 가격대가 좀 부담스럽다보니 이것저것 다른 제품을 써봤는데요 역시나 OO만한게 없더라구요 적당히 보습도 되면서 무겁지 않고 갖고 다니기도 편하니까요 특히 유분기 계속 가서 피부에 덮이는 듯한 느낌 이런거 되게 싫어하는데 OO은 그런 기름진 느낌이 하나도 없어요 회사에서 일하는데 끈적이면 진짜 싫잖아요 많이 쓰는데는 다 이유가 있는 것이었습니다 대용량이라서 그나마 부담없이 잘 쓸 수 있는 것 같아요 만족합니다,흡수력,무겁지 않고,1,[속성] 흡수력 [문장] 무겁지 않고,,흡수력,unchanged
train,1029651,SNS,헤어/바디케어,OO 픽** 볼륨 헤어 스프레이 (볼륨 픽서),"OO 미용실에서 써 보고 성능이 좋아서 직접 구매하게 된 볼륨 픽서입니다. 사용감이 가볍고 향기도 산뜻한 편이라서 자주 쓰고 있어요. 너무 꾸민 티 나지 않게 데일리로 쓰기 좋습니다. 강하게 픽스 되는 제품은 아니지만, 그래서 오히려 자연스럽게 스타일링하기에 그만이에요. 하얀 가루 생기거나 뭉치지 않아요. 아침에 모양 잘 잡고 나면 저녁까지 지속이 잘 되고, 샴푸 하면 또 잘 씻겨서 스트레스 주지 않는 점을 칭찬하고 싶네요. 매일 쓰기 좋은 픽서 찾으신다면 이 제품을 추천 드립니다.",편의성/활용성,데일리로 쓰기 좋습니다.,1,[속성] 편의성/활용성 [문장] 데일리로 쓰기 좋습니다.,,편의성/활용성,unchanged
train,1029736,SNS,헤어/바디케어,OO 퍼퓸 핸드크림 3종 택 1,"가을이 와서 저도 쓰고 누구에게나 선물하기 좋은 아이템으로 핸드크림을 장만해 뒀어요. 제가 쓸 걸로는 OO 향을 골랐는데, 상큼한 오렌지 향 같은 걸 기대했는데 씁쓸한 냄새가 나서 놀랐어요. 약간 약 냄새 같기도 하고, 무슨 냄샌지 잘 모르겠네요. 계속 맡다 보니 우디 향으로 느껴져서 저보다는 남자분들한테 더 어울릴 것 같아요. 제형은 꾸덕한 크림 타입이지만 기름지지 않고 부드럽게 마무리 돼요. 향이 예상과 달라서 남편한테 양보해야 하나 고민 되네요. 남편은 어차피 핸드크림 잘 안 바르는데...",흡수력,기름지지 않고,1,[속성] 흡수력 [문장] 기름지지 않고,,흡수력,unchanged
train,1029833,SNS,헤어/바디케어,OO 울** 리페어 크림/로션 기획,"겨울철이 되니 건조함이 심해져 온 가족이 간지러움으로 고생하고 있었는데 보습에 좋다는 OOO 바디로션과 크림을 추천받아서 써 본 후기를 적어볼게요. 처음 봤을 때 가격도 저렴하고 용량도 많아서 마음에 들었어요. 로션은 약간 묽어서 몸 전체에 바르기 좋은데 부드럽고 촉촉하게 잘 발려요. 남편은 바르고 나서도 끈적이지 않아서 이 로션을 제일 선호합니다. 같이 산 크림은 꾸덕꾸덕한 제형인데 뭉치지 않고 발림성이 좋아서 더 건조한 부위인 무릎이나 팔꿈치, 얼굴에도 바르고 있어요. 아주 조금만 발라도 촉촉하고 보습력이 좋습니다. 추운 날에도 보들보들한 피부를 유지하고 싶으신 분은 OOO 로션, 크림을 자주 발라주세요.",가격,가격도 저렴하고,1,[속성] 가격 [문장] 가격도 저렴하고,,가격,unchanged
train,1030112,SNS,헤어/바디케어,OO 울** 리페어 크림/로션 기획,"날씨가 쌀쌀해지니 기존에 사용하던 바디로션으로는 보습이 부족하여 보습력이 더 강력하다는 OOO 로션과 크림을 구매했습니다. 샤워하고 난 후 바로 몸에 바르는데 촉촉하고 부드러움이 오래가서 좋아요. 뭣보다 밤에 몸이 가려워 긁는다고 제대로 잠을 못 자는데 자기 전 로션을 몸에 바르고 자면 피부가 진정되어 편하게 잡니다. 용기가 동그랗고 넓은 편이라 누르기도 편하고 로션으로 쓰기에 용기에서 한 번에 나오는 양도 만족스러워요. 크림은 발림성이 좋고 보습력이 정말 좋긴 한데 지성이신 분들은 끈적거릴 수도 있겠어요. 그래서 지성이나 중성 피부이신 분들께는 여름엔 추천하지 않습니다. 악건성피부인 저에게 맞는 고보습 로션과 크림, 드디어 찾았네요.",보습력/수분감,촉촉하고,1,[속성] 보습력/수분감 [문장] 촉촉하고,,보습력/수분감,unchanged
train,1030198,SNS,헤어/바디케어,OO 아** 폼 핸드솝 레몬향 250ml 1개,집에 한 통 다 써서 또 구매하려고 보니까 리필용도 있더라고요! 그래서 리필용으로 구매했습니다. OOO는 깔끔하게 잘 씻겨요. 그리고 난 후 손이 건조하다거나 땡김이 없어서 일상생활에서도 부담없이 편하게 사용하고 있네요!! 순하고 거품도 풍성해서 한번으로도 충분합니다 ㅎㅎ 리필용이 따로 있어서 저처럼 리필용 구매해서 써도 되니 환경도 생각하면서 가격도 절약되니 아주 좋습니다. 매일 잘 쓰고 있어서 만족합니다! 앞으로 저는 리필용으로 사서 계속 쓸거 같습니다~!,자극성,순하고,1,[속성] 자극성 [문장] 순하고,,자극성,unchanged
train,1030404,SNS,헤어/바디케어,OO 에** 스프레이 500ml 1개,저는 머리 고정이 잘 되는 스프레이를 찾으려고 정말 많이 제품을 바꿨는데 드디어 이 제품을 만나고 나서는 머리 고정이 잘 되어 만족하고 있습니다!! 가격도 저렴하고 품질도 좋아 가성비 좋은 스프레이입니다! 연예인이 왜 많이 사용하는지 알 수 있는 것 같아요!! 뿌리는 순간 머리 고정이 상당히 잘 되기 때문에 만족스러워요! 예쁘게 스타일링을 할 수 있어서 좋은 것 같습니다!! 개인적으로는 양이 많아서 좋은 것 같아요!! 저는 질보다 양을 선호하기 때문에 ㅎㅎㅎ 양이 많아 굉장히 추천 드리고 싶은 제품입니다!! 머리 고정 잘 되는 스프레이 찾으시면 이 제품 추천 드릴게요!! 완전 대박인 상품입니다~,가격,가격도 저렴하고,1,[속성] 가격 [문장] 가격도 저렴하고,,가격,unchanged
train,1030409,SNS,헤어/바디케어,OO 과** 컨퓸 헤어 밀키 로션 600ml 1개,안녕하세요~ 오늘 소개 해드리고 싶은 제품은 바로 이 제품이에요!! 제가 가장 좋아하는 헤어 로션이라 자신 있게 소개 해드릴 수 있을 것 같습니다!! 일단 세팅력이 정말 좋은 것 같아요! 머리결도 많이 좋아지고 무엇보다 머리결이 부드러워 좋은 것 같습니다!! 가격도 저렴하고 용량도 커서 만족하는 제품입니다!! 헤어 로션 중에는 이 제품이 제일 좋지 않나 생각을 하고 있어요!! 향도 좋아서 사용하면 정말 좋은 것 같습니다!! 바르고 머리카락이 끈적이지 않은 것이 가장 좋네요~~ 여러모로 품질이 좋아서 추천 드리고 싶은 제품입니다!! 한 번 사용해보시길 바랄게요!,가격,가격도 저렴하고,1,[속성] 가격 [문장] 가격도 저렴하고,,가격,unchanged
train,1030427,SNS,헤어/바디케어,OO 센** 바디워시 1L 2개,이 제품 어떠신가요? 오늘 알려 드리고 싶은 제품은 바로 OOO 바디워시입니다!! 기존에 다른 제품을 사용하다 올해 이 제품을 사용하고 너무 좋아서 후기 들고 왔어용~^^ 전에 사용하던 바디워시는 향도 안 좋고 피부에도 살짝 자극이 있는 것 같아 후기 보고 이 제품을 구매하게 되었어요! 일단 가격도 저렴하고 구성이 좋아서 구매할 때 큰 고민은 안 했던 것 같습니다! 받아 보니 정말 용량이 엄청나고 용기도 사용하기 편리하네요! 거품 잘 나오고 씻고 나서 몸에 트러블도 생기지 않아 만족하고 있습니다~ 물론 향도 좋구요!! 전체적으로 마음에 드는 바디워시라 당분간 이 제품에 정착할 것 같아요!! 후기 여기서 마칠게요~,가격,가격도 저렴하고,1,[속성] 가격 [문장] 가격도 저렴하고,,가격,unchanged
train,1030464,SNS,헤어/바디케어,OO 드** 데오드란트 롤온 50ml ,여름에 땀이 너무 많이 나는 1인입니다.. 땀이 정말 많이 나서 항상 고생했는데 땀이 나면 냄새 때문에 너무 힘들었습니다.. 그러다 이 제품 알게 되고 신세계를 맛보고 있습니다 마트에 갔다가 이 제품을 발견해서 우연히 사용했는데 사용감이 정말 좋았습니다!! 가격도 저렴하고 무엇보다 발림성이 뛰어나 좋았던 것 같습니다~ 바르면 바로 흡수가 되어 끈적거리지도 않네요!! 이거 바르고 여름에 돌아 다니면 땀 냄새가 아예 안 나서 깜짝 놀랐습니다!! 땀도 잘 나지 않으니 너무 좋네요~ 효과 좋은 제품인 것 같습니다!! 앞으로 이 제품만 꾸준히 사용하게 될 것 같습니다 ㅎㅎ,가격,가격도 저렴하고,1,[속성] 가격 [문장] 가격도 저렴하고,,가격,unchanged
train,1030469,SNS,헤어/바디케어,OO 클래식 핸드크림 30ml,겨울이 되고 너무 추워진 것 같아요~ 이럴 때 손이 정말 많이 터서 관리 하려고 핸드크림을 구매하게 되었습니다~~ 일주일 사용했는데 너무 사용감이 좋아서 추천 드리고 싶었습니다!! 이 핸드크림 너무 좋은 거 같아요! 일단 발림성이 너무 부드럽고 손이 정말 촉촉해지는 상품인 것 같습니다!! 바르고 나서 흡수도 빨라 손이 끈적이지 않는 점이 장점인 것 같습니다~ 개인적으로 향도 마음에 들어 사길 잘했다는 생각이 드네요!! 가격도 저렴하고 가성비 좋은 제품이 아닐까 생각이 들어요!! 저는 핸드크림 앞으로 이 제품만 사용할 것 같습니다!! OOO 핸드크림 사용하세요~,가격,가격도 저렴하고,1,[속성] 가격 [문장] 가격도 저렴하고,,가격,unchanged
train,1030481,SNS,헤어/바디케어,OO 오리지널 에센스 150ml,머릿결이 요새 안 좋아진 것 같아서 관리를 하려고 알아 보다가 이 제품을 발견하게 되었습니다!! 안 써본 제품이 없는데 효과가 가장 좋은 제품인 것 같아서 추천 드리고 싶네요!! 평소에 사용하던 제품을 다 써서 새로운 제품 찾다가 발견 했는데 머릿결이 정말 좋아지는 것 같습니다! 뻑뻑하던 머릿결이 완전 부드럽고 차분해진 것 같습니다!! 발림성도 좋고 향도 과하지 않아서 사용할 때 부담이 없네요! 머릿결에 수분감도 주는 것 같아 저는 머리 감고 항상 바르고 있습니다 ㅎㅎ 촉촉하고 부드러운 머릿결을 원하시는 분들은 무조건 사용하시길 바랍니다!! 효과 좋은 에센스에요~!,보습력/수분감,촉촉하고,1,[속성] 보습력/수분감 [문장] 촉촉하고,,보습력/수분감,unchanged
train,1031726,SNS,헤어/바디케어,OO 아** 폼 핸드솝 레몬향 250ml 1개,저는 이 제품만 벌써 10년 넘게 사용하고 있습니다!! 지금 같이 손 닦기가 중요한 시기에는 정말 필수적으로 사용해야 하는 것 같습니다! 추천 드리고 싶습니다~ 일단 가격도 저렴하고 무엇보다 리필 구성이 있어서 정말 좋은 것 같습니다~ 이 제품이 제가 봤을 때는 핸드 워시 중에 제일 품질이 좋은 것 같아요! 거품도 잘 나오고 세정력도 좋고 향균 효과도 있어서 너무 만족하고 있습니다~ 온 가족이 사용하기 좋아서 저희 가족은 집에 들어오면 바로 이 제품으로 손부터 닦고 있습니다!! 추천 드리고 싶네요~ 이 제품 구매 추천 드려요! 가성비 좋은 것 같습니다~~ ㅇㅇㅇ가 최고입니다~,가격,가격도 저렴하고,1,[속성] 가격 [문장] 가격도 저렴하고,,가격,unchanged
train,1031727,SNS,헤어/바디케어,OO 아** 폼 핸드솝 레몬향 250ml 1개,유명해서 이미 다들 알고 계실 것 같아요! 이 제품이야 말로 정말 손 세정제 중에 가장 좋은 제품이 아닐까 하는 생각이 듭니다~ㅎㅎ 이 제품 같은 경우에는 가격도 저렴하고 품질은 좋아서 가성비 넘치는 것 같습니다! 일단 용량도 꽤 많아 좋았고 무엇보다 온 가족이 사용하기 정말 좋은 것 같아요!! 먼저 손이 정말 잘 씻기고 세정력이 좋아서 손에 묻은 다양한 이물질을 잘 제거해 줍니다! 거품도 부드럽고 향도 좋아서 사용할 때 너무 편한 것 같아요~~!! 앞으로도 무조건 ㅇㅇㅇ만 사용할 것 같아요! 진짜 너무 마음에 드는 것 같습니다~~,가격,가격도 저렴하고,1,[속성] 가격 [문장] 가격도 저렴하고,,가격,unchanged
train,1031730,SNS,헤어/바디케어,OO 아** 폼 핸드솝 레몬향 250ml 1개,역시 손 세정제는 ㅇㅇㅇ가 정말 좋은 것 같아요!! 다른 손 세정제도 많이 사용을 했지만 이 ㅇㅇㅇ가 제일 좋은 것 같습니다!! 일단 가격도 저렴하고 리필 구성도 있어서 정말 좋은 제품이에요! 향도 좋고 거품도 부드럽고 거품 자체가 쫀쫀해서 저는 마음에 드는 것 같습니다~ 손 세정도 잘 되고 향균까지 되니까 믿고 사용합니다!! 저는 이걸 여기 저기 두고 사용하고 있어요! 온 가족이 정말 사용을 잘 하는 제품입니다!! 제품 자체가 순해서 항상 사용하게 되는 것 같네요! 추천 드리고 싶은 손 세정제입니다~ 손 세정제는ㅇㅇㅇ가 진리입니다~,가격,가격도 저렴하고,1,[속성] 가격 [문장] 가격도 저렴하고,,가격,unchanged
train,1031739,SNS,헤어/바디케어,OO 아** 오일 220ml 헤어에센스 트리트먼트 오일,헤어에센스를 많이 사용해서 아는데 이 제품이 가장 품질이 좋은 것 같습니다! 지금까지 사용했던 것들은 어디 하나씩 단점이 있었는데 이거는 단점이 없는 것 같아요! 가격도 저렴하고 무엇보다 품질이 좋아서 가성비 좋은 거 같아요!!! 샘플도 많이 줘서 너무 좋은 것 같습니다!! 발림 너무 부드럽고 바르고 나서 머리카락이 끈적거리지 않아서 정말 좋은 것 같아요!!! 그리고 향도 너무 좋아 이거 바른 날에는 주위에서 머리카락 냄새가 좋다고 난리네요~ 꾸준히 바르니 머릿결도 좋아진 것 같아 너무 만족합니다!! 헤어 에센스는 ㅇㅇㅇ가 역시 좋네요~ 소문 난 이유가 있는 것 같습니다 ㅎㅎ 추천 해요,가격,가격도 저렴하고,1,[속성] 가격 [문장] 가격도 저렴하고,,가격,unchanged
train,1031741,SNS,헤어/바디케어,OO 아** 오일 220ml 헤어에센스 트리트먼트 오일,제가 요새 꾸준하게 사용하고 있는 제품을 소개 해드리려고 합니다!!머릿결 관리에 너무 탁월해서 꼭 추천 드리고 싶었던 제품이네요 ㅎㅎ 일단 이 제품은 오일제형 자체가 끈적임이 없어서 정말 좋은 제품입니다!! 가격도 저렴하고 용량도 많아서 정말 좋은 것 같아요~ 게다가 발림도 좋고 바르면 머리가 끈적이지 않아 좋은 제품입니다!! 향도 은은해서 마음에 들고 꾸준히 바르면 확실히 머릿결이 부드럽고 매끄럽게 되는 것을 느낄 수가 있습니다!! 저는 너무 마음에 들어 벌써 2통 넘게 사용합니다!! 머릿결 푸석하신 분들은 이 제품 사용하세요~ 머릿결이 찰랑찰랑 변합니다~,가격,가격도 저렴하고,1,[속성] 가격 [문장] 가격도 저렴하고,,가격,unchanged
train,1031744,SNS,헤어/바디케어,OO 허** 네이처 샴푸 베이비파우더향,안녕하세요 오늘 추천 드리고 싶은 제품은 바로 ㅇㅇㅇ 네이처 샴푸입니다!! 저는 벌써 3년 넘게 이 샴푸만 사용하고 있어 장점을 잘 전달 해드릴 수 있을 것 같네요~~ 가격도 저렴하고 용량도 많은 샴푸를 찾으신다면 저는 이 제품을 추천 드리고 싶어요!! 온 가족이 사용하기 정말 좋은 샴푸라고 할 수 있습니다 ㅎㅎ 성분이 순해서 두피에 자극이 없고 세정력이 좋아 두피 속 노폐물과 기름기를 싹 제거해 줘서 정말 좋은 것 같습니다~~ 또한 향도 좋아서 머리 감고 나면 향이 정말 좋은 것 같습니다 ㅎㅎ 추천 드리고 싶네요! 샴푸 찾으시면 저는 이 제품을 꼭 추천 드리고 싶어요!! 완전 품질 좋습니다~,가격,가격도 저렴하고,1,[속성] 가격 [문장] 가격도 저렴하고,,가격,unchanged
train,1031752,SNS,헤어/바디케어,OO 데일리 바디로션 450ml 2개,안녕하세요~ 오늘 추천 드리고 싶은 제품은 ㅇㅇㅇ 바디로션입니다! 이 브랜드가 피부에 정말 좋은 브랜드인 지는 다들 알고 계시죠?? 일단 이 제품은 바디 로션 중에 가장 좋은 품질을 자랑하고 있는 것 같아요!! 그 이유는 향도 좋고 발림성도 좋은 것 같습니다!! 일단 부드럽게 잘 발리고 바르는 순간 촉촉해서 피부가 정말 매끈해지는 것 같습니다~~ 그래서 너무 좋아요!! 저는 건성 피부인데 너무 잘 맞아서 추천 드리고 싶은 제품입니다~^^ 사용감 정말 좋으니 꼭 사용 해보세요~ㅎㅎ 바디로션은 역시 ㅇㅇㅇ가 제일 잘 만드는 것 같습니다~ㅎㅎ 꼭 추천 드려요!!,발림성,부드럽게 잘 발리고,1,[속성] 발림성 [문장] 부드럽게 잘 발리고,,발림성,unchanged
train,1031754,SNS,헤어/바디케어,OO 데일리 바디로션 450ml 2개,바디로션 어떤 제품 사용하고 계신가요? 저는 이 제품 사용하고 있는데 너무 좋아 꼭 추천 드리고 싶었습니다!! 후기 바로 알려 드릴게요~ 일단 구성이 좋아 2개나 줘서 정말 좋은 거 같아요! 양도 많아서 오래 쓸 수 있고 유통기한도 길어서 정말 좋은 것 같습니다~ 발림 좋고 제형이 부드러워 정말 좋아요~~ 바르고 나면 피부결도 좋아지고 몸이 촉촉해져서 정말 마음에 듭니다!! 개인적으로 향이 정말 마음에 드는 것 같아요~~ 바디로션은 역시 이 브랜드가 제일 품질이 좋다고 생각합니다!! 추천 드리고 싶은 바디로션 제품입니다!! 다른 제품 보다 이 제품이 가장 좋은 것 같아요!,발림성,발림 좋고,1,[속성] 발림성 [문장] 발림 좋고,,발림성,unchanged
train,1031760,SNS,헤어/바디케어,OO 데오드란트 미네랄 롤 온 라** 66ml ,겨드랑이에 땀이 너무 많이 나서 이 제품 추천 드리고 싶었습니다!! 일단 가격도 저렴하고 품질도 좋아서 제가 가장 좋아하는 제품이에요~ 일단 이 제품의 경우에는 향도 너무 좋고~!! 바르면 땀이 억제가 잘 되어서 너무 좋은 것 같습니다!! 바르고 나서 흡수도 빨라서 끈적거리지 않아서 좋은 것 같아요~~!! ㅎㅎ 사용감이 너무 좋아요~ 가성비 좋은 제품이라 추천 드리고 싶어요!! 데오드란트 제품 찾으시면 저는 이 제품으로 추천 드리고 싶어요!! 후기는 여기서 마치도록 하겠습니다!! 이 제품 꼭 사용해보세요~~ㅎㅎㅎ,가격,가격도 저렴하고,1,[속성] 가격 [문장] 가격도 저렴하고,,가격,unchanged
train,1031761,SNS,헤어/바디케어,OO 스** 파우더 시트 15매 (1팩),이 제품은 처음 알게 되어서 구매를 하게 되었습니다!!ㅎㅎㅎ 사용하고 너무 좋아서 추천 드리고 싶어요!!! 후기 바로 알려 드릴게요!! 일단 이 제품은 파우더 시트라 사용하기 정말 편리한 것 같아요!! 가격도 저렴하고 품질도 좋아서 가성비가 정말 좋은 제품인 것 같습니다~ㅎㅎ 사용하고 나면 청량감도 들어서 정말 좋은 제품인 것 같아요!! 디자인도 괜찮아서 추천 드리고 싶어요!! 땀 냄새도 잘 안 나서 정말 좋은 것 같아요~~!! 향도 정말 좋아서 사용 추천 드리고 싶어요!! 여러분도 이 제품 한 번 사용하시길 추천 드릴게요!! 완전 추천 드려요~ㅎㅎ,가격,가격도 저렴하고,1,[속성] 가격 [문장] 가격도 저렴하고,,가격,unchanged
train,1031766,SNS,헤어/바디케어,OO 핸드워시 ,핸드워시가 필요해서 찾다가 이 제품 구매하게 되었어요!! 사용하고 너무 좋아서 계속 이 핸드워시만 사용하고 있네요~!! 후기 알려 드릴게요! 가격도 저렴하고 무엇보다 펌핑이 너무 잘 되어서 마음에 드는 거 같습니다!! 그래서 계속 이 제품만 사용하게 되는 것 같습니다~ 또한 향이 정말 좋아서 사용하고 나면 향이 좋네요!! 세정력도 좋아서 세균까지 싹 없어지는 것 같아요!! 전에 사용하던 핸드워시보다 품질이 좋아서 저는 이 제품만 계속 사용할 것 같습니다!! 추천 드리고 싶네요!! 유통기한도 길어서 오래 사용할 수 있겠네요!! 온 가족이 사용하기도 좋아요~,가격,가격도 저렴하고,1,[속성] 가격 [문장] 가격도 저렴하고,,가격,unchanged
train,1031769,SNS,헤어/바디케어,OO 내** 바디워시 900g x3,ㅇㅇㅇ 바디 로션을 사용하고 있어서 ㅇㅇㅇ 제품이 좋다는 것을 알고 있었습니다!! 그러던 와중에 바디워시를 알게 되어서 구매를 하게 되었어요!!ㅎㅎ 가격도 저렴하고 무엇보다 구성이 정말 좋았던 것 같습니다!! 유통기한도 길어서 오래 사용할 수 있을 거 같습니다!! 용량도 많아서 온 가족이 사용하기 정말 좋은 것 같아요! 운동 끝나고 이 제품으로 샤워를 하면 너무 개운한 것 같습니다!! 성분도 좋아서 아이들이 사용하기에도 좋은 제품인 것 같습니다!! 추천 드리고 싶네요!! ㅇㅇㅇ 바디워시 꼭 사용해보세요~ 가성비 최고의 제품이라고 할 수 있겠네요 ㅎㅎ,가격,가격도 저렴하고,1,[속성] 가격 [문장] 가격도 저렴하고,,가격,unchanged
train,1031778,SNS,헤어/바디케어,OO 프** 스크럽 몸각질케어 클렌저,안녕하세요~ 오늘 추천 드리고 싶은 제품은ㅇㅇㅇ스크럽 필링젤제거 몸각질케어입니다!! 사용 후 너무 만족해서 추천 드리고 싶었어요 ㅎㅎ 몸 각질 케어도 정말 중요하기 때문에 관리를 하고 싶어 구매를 하게 되었습니다! 가격도 저렴한 편이고 무엇보다 후기가 가장 좋아서 구매를 했네요!! 용량도 많아 오래 사용할 수 있는 것 같습니다!! 실제로 사용했더니 촉촉하고 피부가 매끄러워져서 정말 좋은 것 같습니다! 확실히 몸 각질 제거가 잘 되는 것 같아 너무 만족했어요!! 부드러운 피부결이 만들어져 추천 드리고 싶은 제품입니다!! 효과 최고네요~~,보습력/수분감,촉촉하고,1,[속성] 보습력/수분감 [문장] 촉촉하고,,보습력/수분감,unchanged
train,1031886,SNS,헤어/바디케어,OO 퍼퓸 샴푸/린스 600ml x1개,"OOO 샴푸, 린스는 가격도 저렴하고 무난하게 사용하기 좋아서 또 주문했어요. 그런데 더이상 재구매는 안 할 거 같아요. 샴푸는 2번 정도만 펌핑해서 사용하면 거품도 잘 나고 잘 씻깁니다. 린스는 제형의 촉감이 실키하고 고급스러워요. 신랑이 로즈 향을 좋아해서 다른 샴푸로 도전하려다가 결국 OOO로 돌아오게 되네요. 근데 펌프 쪽은 개선이 안 되나요? 한 번은 펌프가 고장 나서 다른 샴푸통의 펌프로 썼는데 이번에는 린스 뚜껑을 아무리 돌려도 꼭지가 안 올라와서 짜증났어요. 혼자 목욕탕에서 난리를 치다가 겨우 성공했어요. 가격, 용기 디자인, 향기 등은 다 마음에 드는데 펌프 뚜껑이 너무 불편해서 다음엔 그냥 다른 거 사려고 합니다.",가격,가격도 저렴하고,1,[속성] 가격 [문장] 가격도 저렴하고,,가격,unchanged
train,1031888,SNS,헤어/바디케어,OO 내** 바디워시 900g x3,촉촉하게 바디를 케어해주는 바디워시를 소개해 보려고 합니다. 제 후기를 보시고 구매에 도움이 되었으면 좋겠어요. OOO 바디워시는 오랫동안 사용하고 있는 저의 최애 상품 중 하나랍니다. 구성도 좋은데 가격이 마트 가격의 반값도 안되는 거 같아요. 배송도 하루 만에 도착했고 판매자분이 친절하게 응대해 주셔서 기분 좋았습니다. 이 바디워시 제품은 거품도 잘 나고 세정력도 좋아요. 향이 강한 바디워시를 싫어하는데 이 제품은 향이 은은하고 강하지 않아서 향에 예민하신 분들도 부담 없을 것 같습니다. 데일리용으로 좋습니다. 어르신분들과 아이들도 사용하기 좋아요.,편의성/활용성,데일리용으로 좋습니다.,1,[속성] 편의성/활용성 [문장] 데일리용으로 좋습니다.,,편의성/활용성,unchanged
train,1032113,SNS,헤어/바디케어,OO 온** 풋샴푸 자몽 385ml,2통째 구매하는 OOO 발샴푸 너무 만족해서 소개해봐요~ 일단 세정력 좋아요! 미끈거리지 않고 개운해서 좋아요. 발샴푸는 특히 발에 땀나거나 냄새날때 많이쓰는데 효과가 좋아 그 점에서 별 5개 드립니당!!^^여러가지 중에서 자몽민트가 향이 제일 좋은거 같구요. 이 제품은 거품이 바로 나와요! 그래서 발에 바로 뿌려서 씻을 수있어서 사용하기 너무 좋아요. 가격도 저렴하고 배송도 빠르고 완전 만족이예요~ 세정력 좋은 발샴푸 꼭 한번 사용해보세요~~,가격,가격도 저렴하고,1,[속성] 가격 [문장] 가격도 저렴하고,,가격,unchanged
train,1032129,SNS,헤어/바디케어,OO 일** 세라마이드 집중크림 500ml ,"예민한 피부를 가진 분들께 추천합니다~~!! 제가 원래 몸의 피부가 그렇게 예민한 편이 아니었는데 어느 순간부터 각질도 심해지고 조금만 찬바람을 쐬어도 따갑고 아프더라고요ㅠㅠ 그래서 가지고 있던 바디로션, 크림을 다 발라봤는데 심각하게 따갑고 붓기만 하더라고요ㅜㅜ 순하다는 베이비오일도 발라보고 이것저것 사서 발라봤는데 피부가 안가라앉더라고요ㅠ 진짜 아팠어요.... 결국 최대한 안좋은 성분 없어 좋고 순하다는 OOO을 처음 접했다가 신세계를 경험했답니다...무향이라 좋고 촉촉함이 오래가서 진짜 좋아요ㅎㅎㅎ 촉촉하고 자극이 없어 건조하신 분들, 아토피 있으신 분들께도 효과가 좋을 것 같아요~ 로션은 봄가을용으로 좋고 이 크림은 겨울 내내 쓰기 좋아요! 이거 진짜 대박입니다. 취침전 샤워 싹 하고 이거 바르면 아침까지 촉촉해요~ 저처럼 피부 예민하신 분들께 추천드려요!!",보습력/수분감,촉촉하고,1,[속성] 보습력/수분감 [문장] 촉촉하고,,보습력/수분감,unchanged
train,1032199,SNS,헤어/바디케어,OO 핑** 퍼퓸드 핸드크림,"향이 좋아 많이 찾는 핸드크림이라고 알려져 있대요~ 그래서 저도 사 보았지요! 후기 올려봅니다~ 요즘은 향이 많이 중요하더라구요~ 이왕 쓰는 핸드크림, 향도 좋아 향수 겸용으로도 쓰면 더 좋을 것 같긴 해요. 이름에도 퍼퓸이라고 ㅎ 어머! 향이 정말 좋으네요~ 약간 복숭아 향이 느껴지기도 하고, 끈적이지도 않고 미끈거림 없어서 사용감이 너무 좋아요. 그리고 촉촉하니 금방 스며들어요. 향도 좋고 보습도 챙기고 여러모로 참 좋은 제품이에요. 향이 너무 좋아 반할 수 있어요 ~~!",보습력/수분감,촉촉하니,1,[속성] 보습력/수분감 [문장] 촉촉하니,,보습력/수분감,unchanged
train,1032220,SNS,헤어/바디케어,OO 시** 스크럽 510g 10종 택1,안녕하세요~ 날이 추워지면서 점점 건조해지고 급기야 건조함 때문에 피부가 가렵기 시작해서 스크럽제를 구매했습니다! ㅇㅇㅇ 스크럽 제품이 5년 연속 1위를 했다고 해서 기대하고 사용했는데요~ 왜 5년 연속 1위를 했는지 알겠더라구요ㅎㅎ 스크럽제지만 피부에 전혀 자극 없는데도 스크럽은 잘 되는! 그런 제품이에요~ 촉촉함도 오래가서 따로 바디로션을 발라주지 않아도 건조함이 안 느껴지더라구요ㅎㅎ 다만 내용물을 떠서 사용하는 방식으로 위생이 중요하신 분들은 안 좋아실 것 같아요! 순하고 촉촉한 스크럽제 찾으시는 분들께 이 제품 추천드립니다~,자극성,순하고,1,[속성] 자극성 [문장] 순하고,,자극성,unchanged
train,1034092,SNS,헤어/바디케어,OO 모이스춰 바디워시&헤어,우연히 선물로 받아서 썼는데 가족분들이 다 좋아하셔서 구매했습니다. 처음엔 그냥 아무생각이 선물이어서 쓰게 됐는데 이제는 없으면 안됩니다. 일단 바디랑 헤어 모두 쓸 쑤 있어서 너무 편해요.그래서 저희는 여행 갈때도 이거는 꼭 챙긴답니다. 이게 보습효과도 있어서 가끔 바디워시 하고나면 피부가 건조해지는데 이거는 건조한 적이 없고 촉촉하고 뽀송했습니다. 향도 베이비파우더향으로 은은해서 더 좋네요 ㅎㅎ! 저희 가족들 모두 다 쓰기 좋아서 이거만 씁니다 ㅋㅋㅋ 저렴하게 할인할때 많이 쟁겨두려구요. 여러분도 써보세용~,보습력/수분감,촉촉하고,1,[속성] 보습력/수분감 [문장] 촉촉하고,,보습력/수분감,unchanged
train,1036318,SNS,헤어/바디케어,OO 진** 케어 샴푸 400ml,잦은 염색으로 머릿결이 장난이 아닌데 OOO 샴푸쓰고 괜찮아졌습니다. 염색을 자주하니 머리에 수분도 많이 없어져서 머리가 엄청 뻣뻣하고 얇아지더라고요. 빗으로도 잘 안빗겨지고 그랬는데 OOO 샴푸쓰고 많이 괜찮아졌어요. 일단 모발이 많이 부드러워졌습니다. 확실히 좋은성분인 생강에센셜 오일이 들어가서 자극적이지 않고 오히려 약해진 모발에 영양분을 꽉꽉 채워주는 거 있죠? 덕분에 상한 머리가 많이 괜찮아졌습니다. 유통기한도 길어서 오래오래 쓸 수 있을 거 같네요. 저처럼 모발이 약해지셨다면 모발관리해주는 OOO 제품 써보세요. 아마 만족하실 거예요~!,자극성,자극적이지 않고,1,[속성] 자극성 [문장] 자극적이지 않고,,자극성,unchanged
train,1036423,SNS,헤어/바디케어,OO 일** 모이스춰 스크럽워시 400ml ,"저는 이 제품이 바디스크럽인줄 알고 구매했는데, 알고 보니 바디워시랑 바디스크럽제가 같이 있어서 한 번에 해결할 수 있는 올인원 제품이더라구요! 그래서 스크럽 기능은 약하겠다고 생각했는데, 예상과 같이 스크럽 효과는 조금 낮아요ㅎㅎ 그래도 데일리로 사용하기 좋고 거품도 풍성하게 나서 워시로서 활용하기 좋아요! 한번에 스크럽과 워시 역할을 하니 편한 면도 있어요~! 수분감 있고 산뜻한 마무리감이라서 여름에 사용하기 더 좋은 것 같아요~ 은은한 유자향인데 향도 은근히 오래 지속돼서 만족스럽네요ㅎㅎ 스크럽 효과가 좀 더 업그레이드돼서 나왔으면 좋겠네요!",편의성/활용성,데일리로 사용하기 좋고,1,[속성] 편의성/활용성 [문장] 데일리로 사용하기 좋고,,편의성/활용성,unchanged
train,1036744,SNS,헤어/바디케어,OO 남자 올인원 퍼퓸 바디워시 500ml,저번에 젤타입의 바디워시 쓴 적이 있는데 젤타입은 저한테 안맞더라고요. 뭔가 씻어도 제대로 씻겨진 기분이 들지 않았거든요. 근데 이거는 거품제형으로 거품이 정말 풍성해요. 덕분에 뽀드득하니 잘 씻깁니다. 그렇다고 해서 피부가 건조하냐? 아니요. 오히려 촉촉하고 자극이 없었습니다. 유수분 밸런스가 딱 적절해서 그런 거 같아요. 향도 강하지 않은 제가 좋아하는 향이고 이 정도 용량에 이 정도 가격이면 정말 착한 거 같습니다. 앞으로 저는 이거만 쓸 거 같아요. 너무 잘쓰고 있습니다. 추천드려요.,보습력/수분감,촉촉하고,1,[속성] 보습력/수분감 [문장] 촉촉하고,,보습력/수분감,unchanged
train,1023545,SNS,메이크업/뷰티소품,OO 커** 크림 SPF50+ PA+++ 40ml,"저희 엄마가 OO제품 정말 좋아하는데요. 촉촉하고 발색이 자연스럽게 나오는 게 너무 좋대요. 대체 얼마나 좋은지 알아보고 싶어서 제가 한번 사용해봤습니다. 일단 향을 맡아봤는데, 어린 쑥 향 같기도 한 은은하고 향긋한 향의 느낌이 납니다. 바르는 느낌은 개인적으로 좀 밀린다는 느낌이 있지만 저희 엄마는 그런 느낌 없이 가볍게 툭툭 잘 발린다고 합니다. 매끈한 피부한테는 발림성도 좋나봅니다. 그래도 들뜸없이 착 달라붙고요. 마스크 써도 묻어남이 없다는 게 참 좋습니다. 피부톤도 화사해지고 잡티도 잘 가려져서 따로 커버 쿠션을 하지 않아도 될만큼 커버력이 맘에 드네요. 더 마음에 드는 건 매우 오래 지속된 다는 겁니다. 화장에 신경을 안쓰고 돌아다녔는데도, 잘 지워지지 않았습니다. 뭔가 엄마또래가 쓰는 브랜드 느낌이라 별로 쓸 생각이 없었는데, OO도 꽤나 괜찮은 제품이네요. 사용해보지도 않고 함부로 이건 아니네 하고 배제하면 안될 거 같아요~ 앞으로 내가 써보고 판단하는 걸로! 그럴려면 정말 많은 제품을 사용해봐야겠어요!",보습력/수분감,촉촉하고,1,[속성] 보습력/수분감 [문장] 촉촉하고,,보습력/수분감/쿨링감,merged_duplicate_label
train,1023859,SNS,메이크업/뷰티소품,OO 왕** 쿠션 본품 25g ,"OO 왕쿠션 들어보셨어요? 디자인이 확 튀길래 한번 사용해보려고 사봤습니다. 디자인 좀 바꿔달라는 후기도 많던데, 저는 뭔가 유아틱하고 재밌더라고요. 일단 엄청 큽니다. 그래서 바를 때 엄청 편해요. 퍼프도 엄청 커서 그냥 막 바르기 편해서 좋아요. 가격은 엄청 저렴해서 사실 조금 불안했거든요. 생각보다 발색력도 좋고 피부표현도 잘됩니다. 촉촉하고 광채도 살짝 납니다. 무너질때 조금 안예쁘게 나오긴 하지만, 가격대비 만족합니다. 그리고 케이스가 큰만큼 거울도 커서 손거울이 따로 필요없습니다. 와 얼굴이 작은편도 아닌데 몇번 팡팡 하니 끝나네요. 신기해요. 개인적으로 지성인 분들에게는 유분기가 느껴질 것 같고 건성이나 중건성인분들한테 잘 맞을 것 같다는 생각이 들었습니다. 가성비는 이 쿠션이 제일 좋은 것 같습니다. 크기가 한몫하네요. 커버력도 괜찮고요. 단지 뭔가 좀 튀어서 밖에서 꺼내면 다 쳐다보지 않을까 라는 생각은 들더라고요.",보습력/수분감,촉촉하고,1,[속성] 보습력/수분감 [문장] 촉촉하고,,보습력/수분감/쿨링감,merged_duplicate_label
train,1024314,SNS,메이크업/뷰티소품,OO 쥬** 틴트,"안녕하세요~ 오늘은 글로시 틴트 하나를 소개해 드리려고 해요~! 바로ㅇㅇㅇ틴트입니다~! 입술에 각질이 많아 글로시한 틴트를 찾다가 이 제품으로 한번 구매해 보았는데요. 나름 만족하는 제품입니다! 색상도 예쁘고 촉촉하고! 근데 가끔 입술 컨디션이 안 좋을 때는 요플레 현상이 일어나기도 하더라고요..ㅠㅠ 이거는 조금 아쉽지만 정말 가끔 있는 거라 걱정 안 하셔도 돼요! 향은 조금 호불호 갈릴 것 같고요, 오래 사용하다 보면 틴트 용기가 새니까 이건 꼭 염두에 놓으세요! 겨울을 곧 맞이하는 만큼 ㅇㅇㅇ 틴트 추천합니다~",색상,색상도 예쁘고,1,[속성] 색상 [문장] 색상도 예쁘고,,색상,unchanged
train,1026143,SNS,메이크업/뷰티소품,OO 트** 쿠션 21호 본품,"저는 홈쇼핑 채널 정말 많이 보는데요. 요즘 OO OOO 쿠션 제품이 정말 좋다고 많이 나오길래 한번 구매해봤습니다. 발림성이 좋고 제형이 아주 부드럽습니다. 눌러서 짜서 쓰는 용기라 위생적인 부분이 좋은 것 같습니다. 바른 후 땀이 나면 구멍이 송송 납니다. 다른 제품보다 땀에 지워지는 게 심하게 표가 나고 마스크에 묻어남이 좀 심한 것 같아요. 21호인데도 하얀 느낌은 아닙니다. 제가 그닥 흰 피부가 아닌데도 이 호수가 맞아서 아주 까만 피부가 아니면 21호를 쓰시길 추천드립니다. 커버가 엄청 잘된다고 그랬는데, 기대하는 만큼은 아니었던 것 같아요. 120시간 지속력이 있는지는 잘 모르겠습니다. 피부에 좋은 성분이 많이 들어있다고 했는데, 오랜 기간 써봐야 알 것 같아요. 눌러서 짜서 쓰니까 위생적이긴 하지만 이걸 잘못 컨트롤하면 옷에 튈 수 있으니까 조심하셔야 해요. 그래도 홈쇼핑에서 추천한다고 무조건 사는 건 아닌 것 같아요. 저는 앞으로 홈쇼핑 추천 제품들은 OOOO이라도 가서 테스트를 해보고 구매해보려고요.",발림성,발림성이 좋고,1,[속성] 발림성 [문장] 발림성이 좋고,,발림성,unchanged
train,1026265,SNS,메이크업/뷰티소품,OO 빅** 컨실러 PRO,"요즘은 쿠션+컨실러 조합이 인기더라고요. 그래서 저도 OO의 OOO 컨실러를 구입해 봤어요. 저는 다크서클을 가리려고 사 봤는데요. 저렴이 브랜드인 만큼 가격이 저렴하고 용량도 적당해서 선택했어요. 저렴이라서 큰 기대 없이 사용해 봤는데, 의외로 밀착력도 좋고 다크서클이 잘 가려지는 커버력이더라고요. 요즘은 커버력 좋은 파운데이션을 전체적으로 바르기보다는 피부 표현은 가볍게 하고 잡티 부분만 컨실러로 가리는 분들이 더 많으시던데, 데일리로 사용하기 좋은 컨실러인 듯해요. 가성비 좋은 컨실러로 추천합니다~",밀착력/접착력,밀착력도 좋고,1,[속성] 밀착력/접착력 [문장] 밀착력도 좋고,,밀착력/접착력,unchanged
train,1026286,SNS,메이크업/뷰티소품,OO 데** 립 밤 SPF15 4g,"이 제품은 한 20년째 쓰는 것 같아요ㅋㅋ 20년간 계속 쓴 건 아니지만 다른 거 쓰다가 이것도 쓰다가, 그렇게요. OO OOO 립 밤 사용후기입니다. 저는 겨울엔 이보다 더 촉촉한 제품을 선호해서 이 제품은 봄, 가을에 잘 써요. 가격도 저렴하고 품질도 좋고 디자인도 너무 유치하지 않아 마음에 들고 용기가 그립감도 좋고... 그냥 립 밤, 하면 표준처럼 생각되는 제품인 것 같아요. 색깔이나 향이 있는 제품이 궁금해서 이것저것 써 보긴 하지만, 그러다가도 한 번씩은 이 제품으로 돌아왔다 다시 외유를 나가게 되는, 베이스캠프 같은 제품이네요. 뭐, 긴 말이 필요 없는 제품이죠. 아마 재벌2세도 립밤은 이걸 쓰지 않을까...ㅋ",가격,가격도 저렴하고,1,[속성] 가격 [문장] 가격도 저렴하고,,가격,unchanged
train,1026337,SNS,메이크업/뷰티소품,1+1 OO 베** 데일리 휴대용 포켓 향수,"OO에서 향수도 나오는지 몰랐는데, 이런 귀요미 디자인 향수가 있었네요^^ OOO 향수를 사용해 봤답니다. 와~ 정말 100점 만점에 150점이에요. 아무 기대 없이 주문했던 터라 기대를 뛰어넘어 버렸기 때문이죠!ㅎㅎ 너무 마음에 드네요. 베이비파우더 향을 주문했는데, 어릴 적 엄마가 발라 주시던 그 향이 생각나면서 너무 포근하고 편안하고 안온한 느낌이 들었어요. 갑자기 엄마 보고 싶네요ㅜㅜ 향이 오래가진 않지만 이 가격에 이런 향이면 충분하죠. 고급 향수는 아니지만 편한 자리에 위트있게 사용하기엔 아주 괜찮은 듯해요.",지속력/유지력,향이 오래가진 않지만,-1,[속성] 지속력/유지력 [문장] 향이 오래가진 않지만,,지속력/유지력,unchanged
train,1026407,SNS,메이크업/뷰티소품,OO 에** 커버팩트본품2+리필3,쿠션 유목민 언제까지 할까요..ㅠㅜ다들 극찬하는 데 그정도까진 아닙니다. 촉촉하고 덧바르더라도 밀리지 않아서 좋긴했는데 한가지 아쉬운 점은 다크닝이 심하더라고요 아침에 바르고 점심먹고 2시간 뒤에 거울을 봤는데 다크닝이 심해서 깜짝 놀랐어요..ㅎㅎ 제가 막 하얀 피부가 아니라서 그런지 다크닝이 심해지면 더 얼굴에 칙칙해 보이는데 .. 이 제품이 딱 다크닝이 심하네요. 그것만 아니면 아주 괜찮은 제품인데 말이죠 핳하 일단 여러분들도 써보시고 어떤지 확인해보세요. 저만 그런 거일 수 있으니깐요,보습력/수분감,촉촉하고,1,[속성] 보습력/수분감 [문장] 촉촉하고,,보습력/수분감/쿨링감,merged_duplicate_label
train,1026409,SNS,메이크업/뷰티소품,OO 루** 밤 3g,가격이 비싸서 아쉬운 제품 !!! OOO제품이니까 당연히 비싼건 알았지만 정말 가격이 사악하네요..ㅠㅜ 용량도 작은데 다른 제품에 비해 좋은 것도 모르겠어요. 이 가격이면 비슷한 성능에 가성비 좋은 다른제품 살 거 같긴하네요. 그래도 잘 발리고 발림성이 부드러워서 좋았고 요즘 입술이 굉장히 건조했는데 바르니 촉촉하고 입술에 탱탱하니 불륨감이 생겨서 생기있어 보여서 그 점은 좋았던 거 같아요. 그치만 저는 이거 마져 다 쓰고 다른 제품으로 구매하려고 합니다.,보습력/수분감,촉촉하고,1,[속성] 보습력/수분감 [문장] 촉촉하고,,보습력/수분감/쿨링감,merged_duplicate_label
train,1026423,SNS,메이크업/뷰티소품,OO 빅** 리퀴드 컨실러 7g ,"자연스럽게 커버되는 제품을 찾다가 OO OOO 컨실러를 우연히 발견했는데, OOO이라는 단어가 마음에 들어 구매해 사용해봤습니다. OO는 그린빛깔이 선명하고 상당히 가볍고 컬러는 확실히 보색이 됩니다. 항상 코주변 볼 홍조를 달고 다니는지라 리퀴드타입 제형이 좋더라고요. 홍조는 백퍼 가려지지는 않지만 확실히 보색효과가 있어요. 자연스럽게 커버 되는 느낌입니다. 컨실러 입문자들에게 무난템으로 딱 좋을 것 같아요. 가격도 저렴하고 브랜드도 익숙하고 커버력도 가격 대비 적당합니다. 얇게 바르면 파운데이션을 바르지 않거나 얇게 발라도 되니 고정도 잘되고 유지도 잘 됩니다. 얼굴에 붉은끼 있는 분들이 자연스럽게 커버가 돼서 홍조를 가리고 싶으신 분들에게 추천드립니다.",가격,가격도 저렴하고,1,[속성] 가격 [문장] 가격도 저렴하고,,가격,unchanged
train,1027272,SNS,메이크업/뷰티소품,OO 잉** 스틱세럼,"안녕하세요~ 오늘은 ㅇㅇㅇ ㅇㅇ세럼을 소개해 드리도록 하겠습니다~ 촉촉한 립제품이고요, 촉촉하지만 발색은 되게 선명하게 되는 제품이에요~ 한번만 발라도 발색이 잘 나오고 부드럽고 촉촉합니다~ 그런데 한번만 바른거랑 여러 번 덧바른거랑 색상 차이는 크게 없어요. 한번 발랐을 때가 최대 발색이라고 생각하시면 됩니다! 촉촉이 제품이라 그런지 지속력은 그닥이고요, 촉촉하지만 은근 주름에 잘 끼여서 조금 아쉬운 제품이네요… 아쉬운 부분은 있지만 무난하게 사용할만한 제품이네요..ㅎㅎ",윤기/피부(톤),부드럽고,1,[속성] 윤기/피부(톤) [문장] 부드럽고,,윤기/피부(톤),unchanged
train,1027890,SNS,메이크업/뷰티소품,OO 하** 컬러세럼,"안녕하세요~ 요즘에도 가루형이나 고체형 블러셔를 쓴다구요? 저는 ㅇㅇㅇ ㅇㅇ으로 강하게 어필합니다~ 워터 세럼 블러셔라 부드럽게 잘 발리고 수분감도 있고 촉촉함도 유지시켜줘서 참 좋아요~! 제가 이번에 픽한 제품은 My besties라는 컬러이고요, 발색이 주홍빛이 나서 복숭아 볼처럼 불그레한 볼 표현이 사랑스럽기까지 합니다. 피부가 건조하신 분들은 특히 이 워터 세럼 블러셔를 추천드리는 바입니다. 입술에 발라서 자연스러운 입술 표현하기도 좋네요~! 분위기를 내고 싶은 날! 이 워터 세럼 블러셔 강추합니다~!",발림성,부드럽게 잘 발리고,1,[속성] 발림성 [문장] 부드럽게 잘 발리고,,발림성,unchanged
train,1028286,SNS,메이크업/뷰티소품,OO 킬** 픽서쿠션 (본품+리필) 커버쿠션,아직까지는 실내에서 마스크를 써야하잖아요. 그래서 저도 사무실있는동안 몇시간씩 마스크를 쓰고 있어서 마스크에 안 묻어나는 제품을 찾고 있었습니다. 제 동료가 이 제품 쓰고 있길래 물어봤더니 촉촉하고 묻어나지 않아서 좋다고 하길래 저도 따라서 구매했습니다. 일주일정도 쓰고 있는데 정말 마스크에 묻어나지 않더라고요!! 마스크에 묻어나면 지저분해보고 피부에도 안 좋을 것 같아서 싫었는데 이 제품은 묻어나지 않아 괜찮네요. 촉촉하고 커버력도 말해모해~ 너무 좋네요ㅎㅎ 그래서 지금까지 잘 쓰고 있어요. 구매했을 때 리필용 하나 더 주셔서 좋아요. 이거 다 쓰면 여러개 쟁겨 나야겠어요.,보습력/수분감,촉촉하고,1,[속성] 보습력/수분감 [문장] 촉촉하고,,보습력/수분감/쿨링감,merged_duplicate_label
train,1029476,SNS,메이크업/뷰티소품,OO 올** 쿠션 파운데이션 12g ,평소 화장을 진하게 하는편은 아니에요. 선크림에 파운데이션만 얇게 바르는 편인데 외출시 화장 수정용으로 선택하게 되었어요. 발림이 두껍지 않아서 답답한 느낌은 전혀 없고 촉촉하고 살짝 윤기도 있어 보여요. 피부가 까만 편인데 뜨는 느낌 없이 톤업이 돼서 자연스러워요. 자외선 차단이 충분히 돼서 외출시 선크림을 바르지 않아도 여러번 덧발라도 가벼워서 뜨거나 밀리지 않아요. 안심성분만 들어가 있다고 하니 민감한 피부에도 자극 걱정 없이 사용해도 된다고 합니다. 커버력은 그렇게 좋지 않으니 참고하세요.,보습력/수분감,촉촉하고,1,[속성] 보습력/수분감 [문장] 촉촉하고,,보습력/수분감/쿨링감,merged_duplicate_label
train,1030140,SNS,메이크업/뷰티소품,OO 프** 피니쉬 파우더 12g,안녕하세요! 저는 지성피부로 시간 지나면 기름이 엄청 올라오면서 화장도 다 지워지더라고요. 그래서 구매하게 된 제품입니다. 파우더를 화장 후에 발라주고 있어요. 제형의 입자가 고와서 뭉침없습니다! 그리고 보송하게 마무리돼서 유분기를 잘 잡아줍니다. 그래서 시간이 지나도 유분이 많이 올라오지 않아 화장이 많이 안지워지네요.지속력이 좋으니 피부표면도 매끄럽게 되고 좋네욯ㅎ 또 이거는 양조절 용이한 용기라서 너무 좋았어요. 파우더가 너무 확 나오면 가루 날림도 심한데 이거는 그런 적 없습니다. 유분기 많은 지성피부이신 분들은 고민하지마시고 당장 구매하세요!!,기능/효과,유분기를 잘 잡아줍니다.,1,[속성] 기능/효과 [문장] 유분기를 잘 잡아줍니다.,,기능/효과,unchanged
train,1030142,SNS,메이크업/뷰티소품,OO 프** 피니쉬 파우더 12g,여름에 땀 많이 흘려서 유분기도 많이 올라오고 화장도 다 지워졌는데 이거 바르고 그나마 괜찮아짐. 저는 파운데이션 바른 후 이 파우더로 얇게 발라주고 있는데 그러면 메이크업 유지가 오래갑니다. 이거 바른다고 피부가 건조하지 않았습니다. 그래서 데일리로 잘 사용하고 있어요. 저희 언니와 엄마도 이거 꾸준히 사용하더라고요. 양은 많은데 용기는 작아요. 그래서 들고다니기에도 좋습니다. 작은 가방에도 잘 들어가네요!! 이번여름에는 이거 잘 사용했습니다. 여러분도 이거 사용해보세요! 정말 좋아하실거예요~,편의성/활용성,데일리로 잘 사용하고 있어요.,1,[속성] 편의성/활용성 [문장] 데일리로 잘 사용하고 있어요.,,편의성/활용성,unchanged
train,1030486,SNS,메이크업/뷰티소품,OO 프** 피니쉬 파우더 12g,파우더 제품을 구매하고 싶어서 찾다가 구매하게 되었는데 사용하고 너무 좋아서 알려 드리고 싶었습니다~ 저는 피부가 좋지 않아서 보정을 많이 하는데 그래서 파우더 제품은 필수에요! 일단 이 제품은 유분기도 잘 잡아주고 무엇보다 피부가 건조하지 않아서 좋은 것 같습니다~ 양도 생각보다 많은 편이고 무엇보다 휴대하기 편해서 들고 다니면서 사용하기 좋은 것 같습니다~~여름에 사용하기 좋은 제품인 것 같아요!! 파우더 필요하신 분은 이 제품 추천 드릴게요!! 저는 계속 사용하려고 이번에 추가 주문 또 넣었습니다 ㅎㅎ,기능/효과,유분기도 잘 잡아주고,1,[속성] 기능/효과 [문장] 유분기도 잘 잡아주고,,기능/효과,unchanged
train,1030489,SNS,메이크업/뷰티소품,OO 픽** 틴트 4g,틴트 제품 찾고 계셨나요? 이 제품은 제가 개인적으로 제일 좋아하는 틴트라 추천 드리고 싶어 왔습니다 ㅎㅎ 가격도 저렴하고 품질도 우수한 틴트라 가성비가 좋다고 할 수 있어요~ 특히 발라 보시면 아시겠지만 발림성이 정말 부드럽고 발색도 예쁘게 잘 나와요!! 이거 바르고 나가는 날이면 생기가 돌아서 뭔가 자신 있게 마스크를 벗을 수 있는 것 같습니다 ㅎㅎ 용량도 꽤 많아서 오래 사용할 수 있는 것 같습니다!! 저는 벌써 1년 넘게 사용하고 있어요~ 발색도 정말 예뻐서 꼭 추천 드리고 싶은 틴트입니다!! OOO 틴트 추천 드려요 ^^,가격,가격도 저렴하고,1,[속성] 가격 [문장] 가격도 저렴하고,,가격,unchanged
train,1030537,SNS,메이크업/뷰티소품,OO 울** 립글로우 3.4g,립글로우 제품을 구매하고 싶었는데 이 제품이 후기가 가장 좋은 것 같아 구매를 하게 되었습니다! 구매 후기 알려 드릴게요!!ㅎㅎ 인터넷에서 쿠폰 써서 저렴하게 구입해서 만족했습니다! 사은품도 주셔서 정말 감사합니다~ 받자 마자 봤는데 디자인이 정말 고급스럽습니다! 돌려서 나오는 거라 사용하기도 간편하고 발랐는데 발림성이 정말 좋네요~ 색상도 예쁘고 발색도 좋아서 너무 만족합니다!! 이거 바르고 나가면 입술이 너무 예쁘다고 칭찬을 받네요~ 추천 드리고 싶습니다!! 지속력도 길어서 만족하고 밥 먹을 때 잘 지워지지 않아서 좋은 것 같습니다~ㅎㅎ,색상,색상도 예쁘고,1,[속성] 색상 [문장] 색상도 예쁘고,,색상,unchanged
train,1030538,SNS,메이크업/뷰티소품,OO 울** 립글로우 3.4g,최근에 알게 되어 구매해서 사용했는데 너무 좋아서 꼭 추천 드리고 싶었습니다!! 립글로우는 앞으로 이 제품만 꾸준하게 사용할 것 같아요!ㅎㅎ 디자인도 정말 고급스러워서 선물하기에도 좋은 제품인 것 같습니다!! 발림성도 부드럽고 입술도 촉촉해지는 것 같습니다!! 색상도 예쁘고 발색도 적당해서 너무 마음에 들어요~ 개인적으로 입술에 탄력이 느껴지는 것 같아 좋네요!! 지속력도 오래가고 물 먹을 때 지워지지 않아 좋은 것 같습니다! 전체적으로 사용감이 정말 마음에 듭니다!! 왜 이런 제품을 이제야 알았는지 아쉽네요!! 앞으로 제 립을 책임질 최고의 제품입니다~,색상,색상도 예쁘고,1,[속성] 색상 [문장] 색상도 예쁘고,,색상,unchanged
train,1030540,SNS,메이크업/뷰티소품,OO 울** 립글로우 3.4g,립글로우가 필요해서 찾다가 친구가 이 제품이 좋다고 해서 구매를 하게 되었어요! 가격도 저렴해서 좋았습니다!! 리뷰 알려 드릴게요 ㅎㅎ 이 제품은 제형이 매트하지 않아서 정말 좋은 것 같습니다! 부드럽게 잘 발리고 촉촉해서 입술에 수분감이 가득해 좋은 것 같아요! 향도 너무 산뜻해서 기분이 좋네요!! 개인적으로 디자인이 너무 고급스러워 선물하기에도 좋은 제품이 아닐까 생각이 드네요! 용량도 많아 오래 사용할 수 있어 좋습니다~ 나무랄 곳이 없는 제품인 것 같아요! 립글로우는 OOO이 정말 좋아요~ 앞으로 이 제품만 사용할 것 같습니다 :),발림성,부드럽게 잘 발리고,1,[속성] 발림성 [문장] 부드럽게 잘 발리고,,발림성,unchanged
train,1030542,SNS,메이크업/뷰티소품,OO 후** 립케어 4.8g,안녕하세요!! 오늘 추천 드리고 싶은 제품은 OOO OO입니다~ 이 제품은 워낙 유명해서 모르시는 분들이 계실까 싶기도 하네요!! 제품은 유명한 만큼 정말 품질이 좋았어요! 입술에 부드럽게 잘 발리고 바르면 흡수가 빨라 끈적이지도 않고 촉촉해서 좋았던 거 같습니다! 보습력이 좋아 겨울에는 무조건 사용해야할 필수템이 아닐까 생각이 들어요!! 화장 안 한날 이 제품만 발라도 입술에 생기가 있어 보입니다ㅎㅎ 가성비 정말 좋은 제품인 것 같아요! 가격도 저렴한데 효과는 좋으니 추천 드리고 싶습니다~ㅎㅎㅎ,발림성,부드럽게 잘 발리고,1,[속성] 발림성 [문장] 부드럽게 잘 발리고,,발림성,unchanged
train,1030546,SNS,메이크업/뷰티소품,OO 후** 립케어 4.8g,안녕하세요~ 최근에 처음 사용했는데 어지간한 립 제품보다 효과가 좋아서 추천을 하게 되었습니다!! 리뷰 보시고 사용 해보시면 참 좋을 것 같다고 생각이 들어요 ㅎㅎ 다른 립 제품 같은 경우에는 너무 과한 게 많아서 안 좋았는데 이 제품은 색이 과하지 않아서 좋은 것 같아요~ 발색도 은은해서 마음에 듭니다! 발림도 잘 발리고 무엇보다 바르고 나면 입술이 촉촉해져서 상당히 마음에 들어요!! 입술 건조하지 않은 게 제일 좋은 것 같습니다! 가격도 저렴하고 용량도 꽤 많아 오래 사용할 수 있어 좋은 것 같아요!! 이 제품 저는 알고만 있었지 사용은 처음 했는데 품질이 너무 좋아 추천 드리고 싶습니다,가격,가격도 저렴하고,1,[속성] 가격 [문장] 가격도 저렴하고,,가격,unchanged
train,1030554,SNS,메이크업/뷰티소품,OO 골** 블러셔,예전부터 사고 싶었던 제품인데 이번에 기획 할인을 해서 저렴하게 구입하게 되었습니다!! 사용 후에 너무 만족 해서 추천 드리고 싶은 제품입니다 ㅎㅎ 일단 가격도 저렴하고 사은품도 받아서 너무 좋았어요!! 발림성도 좋았고 케이스도 사용하기 편해서 좋았던 것 같습니다~ 바르고 나면 오렌지 빛으로 발색이 자연스럽게 되어 너무 좋네요!! 제 피부톤에 잘 어울려서 만족하고 있습니다!! 전에 사용하던 것 보다 품질이 훨씬 좋아 보여서 앞으로는 이 제품만 사용할 것 같습니다 ㅎㅎ 완전 추천 해요! 가성비 좋은 볼터치 제품 찾으시면 이 제품으로 추천 드릴게요!! 볼터치가 아주 예쁘게 잘 됩니다 ㅎㅎ,가격,가격도 저렴하고,1,[속성] 가격 [문장] 가격도 저렴하고,,가격,unchanged
train,1030565,SNS,메이크업/뷰티소품,OO 워터프루프 젤 아이라이너 1.4g,오늘 소개 해드리고 싶은 제품은 OOO 워터프루프 젤 아이라이너이네요! 워낙 유명해서 많은 분들이 알고 계실 것 같습니다!! 바로 리뷰 시작할게요^^ 가격도 저렴하고 효과도 좋은 제품 찾으시면 바로 이 제품 구매하시면 될 것 같아요! 제형이 젤 타입이라 정말 쉽게 잘 그려지고 사용하기도 편해요! 색깔도 마음에 들고 발색도 은근 있어 눈이 커 보이는 것 같아요!! 지속력도 꽤 긴 편이고 잘 지워지지 않아 만족하는 제품이랍니다~ 저는 이거 쓰고 눈이 예뻐 보인다는 소리를 많이 들었네요 ㅎㅎ 정말 장점만 가득한 제품인 것 같습니다!! 아이라이너는 이 제품에 정착 했습니다 ㅎㅎ,가격,가격도 저렴하고,1,[속성] 가격 [문장] 가격도 저렴하고,,가격,unchanged
train,1030572,SNS,메이크업/뷰티소품,OO 매** 네일/페디,네일샵 가기가 귀찮아서 알아 보다가 이 제품으로 구매하게 되었어요! OOO는 워낙 유명한 제품이니 믿고 구입할 수 있던 것 같습니다 ㅎㅎ 가격도 저렴하고 구성이 좋아 구입 결정에 큰 무리가 없었습니다!! 디자인이 너무 예뻐서 어떤 제품을 붙일지 처음에 고민이 많았어요!! 이거 붙이고 밖에 나가면 사람들이 손톱이 다 예쁘다고 해서 뿌듯하네요! 잘 떨어지지 않고 접착력이 좋아 물에 닿아도 괜찮네요!! 개인적으로 뗄 때도 자극 없이 떼어져서 좋은 것 같습니다 ㅎㅎ 추천 드리고 싶어요!! 나중에는 저희 딸들 손톱에도 붙여줘야 겠습니다!~ 좋은 품질의 제품을 산 것 같아 만족합니다!,가격,가격도 저렴하고,1,[속성] 가격 [문장] 가격도 저렴하고,,가격,unchanged
train,1030574,SNS,메이크업/뷰티소품,OO 매** 네일/페디,역시 네일은 OOO 아니겠습니까? 이미 많은 분들이 알고 있는 브랜드죠!! 저도 벌써 1년 넘게 꾸준하게 구입해서 사용하고 있는 브랜드에요!! 일단 네일샵 가면 가격도 비싸고 오고 가는 게 귀찮은데 이 제품은 가격도 저렴하고 집에서 혼자 편하게 할 수 있어 가성비가 좋은 것 같습니다!! 디자인도 상당히 예쁘고 개수도 많아서 정말 좋네요~접착력도 좋은 편이라 잘 떨어지지 않는 점이 마음에 듭니다!! 떼어낼 때 부드럽게 자극 없이 떨어져서 상당히 만족하고 있습니다!! 품질 정말 좋네요~ 역시 네일은 OOO!! 다른 제품도 사용했지만 저는 이 브랜드가 가장 좋은 것 같아요,가격,가격도 저렴하고,1,[속성] 가격 [문장] 가격도 저렴하고,,가격,unchanged
train,1030592,SNS,메이크업/뷰티소품,OO 워터프루프 젤 아이라이너 1.4g,안녕하세요! 오늘은 OOO 워터프루프 젤 아이라이너 구매 후기 가져왔습니다! 사용하고 좋은 것 같아서 추천 드리려고 왔네요^^ 배송도 정말 빠르게 잘 왔고 오자 마자 사용을 했는데 색상도 예쁘고 바르니 발색이 정말 마음에 들었습니다!! 펄감이 있어서 정말 좋았고 색상이 제 피부톤에 잘 맞아 기분이 좋았네요! 지속력도 꽤 긴 것 같고 잘 지워지지 않아 좋은 것 같습니다! 가격 대비 이 정도 품질이면 정말 최고의 가성비가 아닌가 하는 생각이 드네요!! 메이크업할 때 밋밋한 볼에 이 제품으로 볼 터치 하세요!! 정말 효과 좋은 것 같습니다~,색상,색상도 예쁘고,1,[속성] 색상 [문장] 색상도 예쁘고,,색상,unchanged
train,1031237,SNS,메이크업/뷰티소품,OO 핑** 쿠션 본품 1개 ,"홈쇼핑에서 여러 개 구입하면 정품 2개, 리필 4개에 사은품까지 있어서 좋았는데 요즘 TV 볼 시간도 없었고 홈쇼핑에 언제 하는지도 몰라서 인터넷 검색해서 믿을 만한 곳이라 생각되어 OO에서 주문했어요. 건조한 피부에 촉촉하고 당김이 없어서 좋아요. 마스크에도 잘 묻어나지 않고 어느 정도 지속성도 있어서 마음에 듭니다. 피부가 자연스럽게 톤업도 되고 용기가 가벼워서 휴대해서 사용하기도 좋습니다. 다음 시즌에 출시될 제품도 기대하며 기다리고 있어요~",보습력/수분감,촉촉하고,1,[속성] 보습력/수분감 [문장] 촉촉하고,,보습력/수분감/쿨링감,merged_duplicate_label
train,1031240,SNS,메이크업/뷰티소품,OO 핑** 쿠션 본품 1개 ,타사 제품 만족하고 잘 쓰고 있었는데 어느 날 보니 단종되어 다른 제품으로 찾다가 보니까 이 상품이 젤 비슷해 보여서 주문했어요. 화장품 케이스가 화려하고 예쁘네요. 발림성이 좋고 피부에 밀착도 잘 되는 제품이에요. 메이크업하고 피부 당김이 없고 피부가 매끈해 보여서 좋아요. 그런데 쓰던 거 보다 커버력은 좀 약한 거 같아요. 리필로 구입할지 다른 제품으로 알아볼지 좀 더 써봐야 알 거 같아요. 제가 잠시 사용해 본 후기지만 구매에 참고가 되시길~~~,발림성,발림성이 좋고,1,[속성] 발림성 [문장] 발림성이 좋고,,발림성,unchanged
train,1031241,SNS,메이크업/뷰티소품,OO 핑** 쿠션 본품 1개 ,홈쇼핑에서 보고 너무 사고 싶었는데 본품에 리필까지 수량이 너무 많아 엄두가 안 났어요. 처음 구입하면서 대량 구매는 좀 부담이었어요. 인터넷 뒤적이다가 본품 하나만 구매했어요. 택배 받고 상품을 보는 순간 고급스러운 케이스가 눈에 확 들어오네요. 발라보니 피부가 촉촉하고 화사해 보이네요. 얼굴에 잡티도 완전 커버 되어서 좋은 거 같아요. 이렇게 피부가 좋아 보이는 줄 알았다면 홈쇼핑에서 구입할 걸 그랬네요. 다음에는 홈쇼핑에서 대량으로 구매해야겠네요~~,보습력/수분감,피부가 촉촉하고,1,[속성] 보습력/수분감 [문장] 피부가 촉촉하고,,보습력/수분감/쿨링감,merged_duplicate_label
train,1031253,SNS,메이크업/뷰티소품,OO 팡** 빅 선쿠션S6(본품4개+리필4개+미니2개),저희 가족 하나씩 사용할 수 있게 더블 구성 상품으로 주문했어요. 여름에 갖고 다니면서 수시로 바르라고 하나씩 챙겨 주었어요. 이 상품 성분이 순하고 피부에 바르면 촉촉하고 번들거리지 않아요. 피부 톤 보정도 잘 되는 거 같아요. 제가 써보고 괜찮은 제품인 거 같아 가족들과 함께 사용해 보려고요. 제품 구성에 미니 샘플은 없어도 될 거 같아요. 미니 샘플이 너무 작아서 사용하기 불편했어요. 가족들이 자외선 차단 효과 볼 수 있게 잘 사용하면 좋을 거 같아요.,성분,성분이 순하고,1,[속성] 성분 [문장] 성분이 순하고,,성분,unchanged
train,1031286,SNS,메이크업/뷰티소품,OO 래** 마스카라 1+1 기획 (9ml+9ml),최근에 사용했는데 너무 사용감이 좋아서 추천 드리고 싶은 제품입니다!! 제 리뷰 보시고 마음에 드시면 구매 하셔도 좋을 것 같아요 ㅎㅎ 완전 추천 드립니다^^ 전에 사용하던 마스카라는 너무 금방 쳐지고 눈가에 자극도 있어 좋지 않았어요! 그래서 새로 바꾸려고 알아 보다가 이 제품이 가격도 저렴하고 구성도 좋아서 구매를 하게 되었습니다! 기대를 가지고 사용했는데 발림이 정말 부드러워 마음에 들었어요!! 눈썹도 생각한 만큼 잘 올라가서 기분이 좋았습니다!! 냄새도 많이 나지 않아 전체적으로 너무 좋네요~ 마스카라 제품 중에서 제일 좋다고 생각이 들어요! 저는 이 제품에 정착 했습니다 ㅎㅎㅎ,가격,가격도 저렴하고,1,[속성] 가격 [문장] 가격도 저렴하고,,가격,unchanged
train,1031287,SNS,메이크업/뷰티소품,OO 벨** 틴트 5.5g,다른 틴트를 사용하고 있었는데 이번에 새로운 틴트를 사보고 싶어서 구매를 하게 되었습니다!! 그럼 사용 리뷰 바로 알려 드릴게요~~ㅎㅎㅎ 가격대도 저렴한 편에 속해서 좋았고 후기도 좋은 글들이 많아 구매를 하게 되었어요~ 받아 보고 사용해보니 품질이 좋다는 걸 바로 느낄 수 있었습니다! 부드럽게 잘 발리고 제형이 뻑뻑하지 않아 좋았어요!! 지속력도 좋았습니다!! 전체적인 사용감이 너무 좋은 제품이라 틴트 찾으시는 분들은 이 제품 사용 해보시는 것도 좋을 것 같아요!! 색상도 정말 마음에 들어서 당분간은 이 틴트만 사용할 것 같습니다 ㅎㅎ 추천 해요^^,발림성,부드럽게 잘 발리고,1,[속성] 발림성 [문장] 부드럽게 잘 발리고,,발림성,unchanged
train,1031319,SNS,메이크업/뷰티소품,OO 시** 세럼쿠션 15g ,저는 OO 어플로 화장품을 많이 사는데요. OO 어플 보니까 OOO OOOO쿠션은 유해성분이 하나도 없더라고요. 그래서 한번 구매해봤어요. 저는 건성피부인데 피부에 닿자마자 촉촉해서 좋았어요. 물광표현도 예뻐요. 색은 21호를 골랐는데 반톤 피부 밝혀주면서 핑크베이스라고 하기엔 너무 핑크핑크하지도 않았어요. 지속력은 좀 아쉽지만 수정을 좀 하면 다시 예쁜 화장이 완성됩니다. 가격도 저렴하고 이 정도 아웃풋이 나오는 화장이면 저는 데일리로 쓸만 한 것 같아요. 강력 추천 드립니다.,가격,가격도 저렴하고,1,[속성] 가격 [문장] 가격도 저렴하고,,가격,unchanged
train,1031424,SNS,메이크업/뷰티소품,OO 레** EDT 100ml,oo 정말 유명한 브랜드죠! 저는 여기서 다른 향수 쓰다가 이 향수도 써 보고 싶어 넘어오게 되었습니다! 사용 해보니 너무 좋아서 추천 드리고 싶었습니다 ㅎㅎ 일단 가격도 저렴하고 용량도 많아 가성비가 좋은 향수인 것 같아요!! 무엇보다 향이 정말 상큼해서 마음에 들었어요~ 지속력도 길어서 한 번만 뿌려도 되는 것 같아요~ 전에 사용했던 제품도 이 브랜드라 마음에 들었는데 이 제품 역시 정말 좋아서 추천 드리고 싶네요!! 개인적으로 여름에 사용하면 더 좋을 것 같습니다 ㅎㅎ 디자인도 예뻐서 보는 맛도 있어요~ 추천 드리고 싶네요!! 향수는 이 제품 뿌리세요~,가격,가격도 저렴하고,1,[속성] 가격 [문장] 가격도 저렴하고,,가격,unchanged
train,1031429,SNS,메이크업/뷰티소품,OO 울** 립글로우 3.4g,최근에 친구가 이 제품을 소개 해줬어요~ 이거 쓰고 너무 좋다고 알려 줬는데 저도 사용 해보니까 너무 좋은 것 같아 알려 드리려고 왔습니다 ㅎㅎㅎ 가격은 살짝 비싼 편에 속하지만 품질은 정말 좋은 것 같아요! 일단 제품 디자인부터 저는 너무 고급스러워 마음에 들었습니다!! 부드럽게 잘 발리고 게다가 촉촉해서 바르고 나면 입술이 건조하지 않아 좋은 것 같습니다!! 그리고 향도 자극적이지 않아 정말 좋네요! 마스크에 묻어남도 심하지 않기에~ 이 립글로우는 너무 완벽한 것 같습니다!! 립글로우 제품 찾으시면 이 제품 추천 드릴게요!! 개인적으로 너무 만족하고 있습니다~,발림성,부드럽게 잘 발리고,1,[속성] 발림성 [문장] 부드럽게 잘 발리고,,발림성,unchanged
train,1031450,SNS,메이크업/뷰티소품,OO 매** 네일/페디,원래 이 제품을 사용하다가 다른 제품으로 넘어갔는데 그 제품이 너무 품질이 안 좋아서 다시 이 제품으로 돌아오게 됐네요! 역시 네일은 oo가 최고인 것 같습니다 ㅎㅎ 많은 브랜드를 사용 했지만 정말 이 브랜드가 품질이 최고인 것 같아요! 그 이유는 가격도 저렴하고 구성도 좋고 배송도 빠릅니다! 가장 좋은 점은 다른 브랜드와 달리 이 제품은 디자인이 너무 다양하고 예뻐서 좋은 것 같아요!! 이게 바로 이 브랜드의 장점이 아닌가 싶네요!! 또한 접착력도 너무 좋아 한 번 붙이면 잘 떨어지지 않습니다!! 지속력도 너무 길어서 꼭 추천 드리고 싶은 제품입니다!! 이 제품 가성비 좋으니 꼭 사용 해보세요~,가격,가격도 저렴하고,1,[속성] 가격 [문장] 가격도 저렴하고,,가격,unchanged
train,1031456,SNS,메이크업/뷰티소품,OO 에** 쿠션(리필 포함),이 쿠션은 너무 유명해서 벌써 많은 분들이 사용하고 계시더라구요~ 제 친구들도 이 제품만 사용하는데 다 칭찬만 해서 소개 해드리고 싶어 가져 왔습니다 ㅎㅎ 이 쿠션은 제 인생 쿠션이기도 해요! 벌써 사용한 지 5년 가까이 되는 것 같습니다 ㅎㅎ 일단 모든 피부타입에 잘 맞는 것 같아요! 그만큼 성분이 순한 것 같습니다~ 가격도 비싸지 않고 사은품도 많아서 항상 기분 좋아지는 제품이에요! 발림성 좋고 흡수력도 좋은 것 같습니다!! 무엇보다 강력한 커버력이 정말 마음에 드는 제품이네요~ 쿠션 찾으시면 저는 이 쿠션을 추천 드리고 싶어요!! 많은 사람들이 사용하는 것에는 이유가 있습니다~^^,발림성,발림성 좋고,1,[속성] 발림성 [문장] 발림성 좋고,,발림성,unchanged
train,1031457,SNS,메이크업/뷰티소품,OO 에** 쿠션(리필 포함),쿠션 제품 다들 어떤 제품 사용하고 계신가요? 마땅히 찾으신 제품이 없으시면 저는 이 쿠션을 완전 추천 드리고 싶어요!! 제가 제일 좋아하는 인생 쿠션입니다 ㅎㅎ 이 쿠션은 정말 유명하신 거 다들 아시죠? 그런데 가격도 저렴하고 구성도 좋아서 항상 구매하게 되는 것 같습니다!! 특히 색상도 정말 마음에 들고 모든 피부타입에 잘 맞아서 저는 이 제품 추천 드리고 싶어요~용량도 많아서 오래 사용할 수 있고 피부에 부드럽게 잘 발려서 좋습니다~ 전체적인 사용감이 훌륭한 제품이라 추천 드리고 싶네요!! 쿠션은 무조건 이 브랜드 꺼 사용하세요!!! 정말 후회 안 하실 것 같습니다 ㅎㅎ,가격,가격도 저렴하고,1,[속성] 가격 [문장] 가격도 저렴하고,,가격,unchanged
train,1031494,SNS,메이크업/뷰티소품,OO 롱** 팁 컨실러 7.5g,친구 추천을 받아 구입을 하게 되었는데 너무 좋아서 자세한 후기를 알려 드리려고 합니다!! 바로 후기 시작하도록 할게요~^^ 가격은 살짝 비싸긴 하지만 그만큼 품질이 정말 좋은 컨실러 제품인 것 같습니다!!ㅎㅎㅎ저는 사고 후회 안 했습니다~ 발림성 좋고 커버력이 너무 좋아서 제 기미가 다 가려 집니다!! 냄새도 별로 없고 무엇보다 지속력도 강해서 정말 좋은 것 같습니다! 촉촉하기 까지 한 제품이라 정말 좋은 것 같아요!! 안 좋은 점이 없는 컨실러인 것 같습니다 ㅎㅎ 추천 드리고 싶습니다!! 컨실러는 역시 이 브랜드가 정말 최고인 거 같아요!,발림성,발림성 좋고,1,[속성] 발림성 [문장] 발림성 좋고,,발림성,unchanged
train,1031505,SNS,메이크업/뷰티소품,OO 미니립밤 로지 7g 3개,"매장에서 보고 작고 귀여워서 사고 싶다는 생각이 들었어요. 작은 거 한 개 가격이라 하기에는 좀 비싼 같아서 집에 와서 인터넷으로 구매했어요. 매장 세일가 보다 더 저렴하게 주문했어요. 오리저널은 향이 없는데 향도 좋고 발색도 자연스럽게 되네요. 아침, 저녁으로 바랐더니 입술이 촉촉해져요. 용기 작고 귀여워서 구매했는데 각질에도 효과 있어서 너무 만족스러웠어요. 지금부터는 잘 갖고 다니면서 열심히 바르려고요. 만족하고 쓰는 제품이에요~ 추천 드려요~",향,향도 좋고,1,[속성] 향 [문장] 향도 좋고,,향,unchanged
train,1031507,SNS,메이크업/뷰티소품,OO 베** 틴트 6ml,제가 OO 좋아해서 자주 구매하고 있어요~ 그 중에서 OOO와 OO를 자주 사용합니다. 언제부터 쓴 건지는 정확히 기억은 안 나지만 5년 이상 꾸준히 바르고 있는 거 같아요. 색상도 예쁘고 착색도 잘 되는 제품이라 마음에 들었어요. 입술만 발라도 생기 있어 보여요. 가끔은 선크림에 틴트만 바르고 나가도 잘 모르더라고요ㅎㅎ 향과 지속력도 나쁘지 않고 옷이나 마스크에 묻어나지 않아 좋은 거 같아요. 앞으로도 제가 좋아하는 두 제품으로 꾸준히 구매할 듯합니다~~,색상,색상도 예쁘고,1,[속성] 색상 [문장] 색상도 예쁘고,,색상,unchanged
train,1031569,SNS,메이크업/뷰티소품,OO 하** 브로우 스타일러 0.07g ,"저는 아이브로우 유목민이었는데, OO OOO 브로우를 쓰고 나서 정착했습니다. 제가 눈썹 숱이 없는 편인데 그릴 땐 귀찮아서 펜슬 하나로 그리거든요. 그런데 발색이 어색하지 않고 자연스럽게 정말 잘 표현되는 것 같아요. 펜슬로 이런 느낌의 발색은 처음 느껴봅니다. 조금만 진하게 그려도 제 눈썹은 어색하게 되는데 이 제품은 얇고 그리기도 편해서 그런지 제가 그리고 싶은대로 그려지는 게 좋습니다. 단지 스크류브러쉬가 자극적이라 저는 브러쉬는 다른 걸 씁니다. 관심있으신 분은 참고하세요.",사이즈/두께,얇고,1,[속성] 사이즈/두께 [문장] 얇고,,사이즈/두께,unchanged
train,1031785,SNS,메이크업/뷰티소품,OO 롱** 팁 컨실러 7.5g,컨실러는 역시 ㅇㅇㅇ가 제일 잘 만드는 것 같아요!! 다른 컨실러에 비해 정말 완벽한 커버력을 보여주기 때문입니다! 오늘은 ㅇㅇㅇ 컨실러 추천 드리려고 왔어요 ㅎㅎ 일단 가격도 저렴하고 품질도 좋아서 꼭 추천 드리고 싶었어요! 저는 이 제품 사용한 지 벌써 5년이 넘어가고 있습니다! 긴 세월 동안 변함 없는 품질을 보여 주고 피부에 트러블도 생기지 않아 좋은 것 같습니다! 커버력은 정말 좋아서 잡티를 너무 잘 가려주는 것 같아요!! 이거 하고 나간 날에는 피부가 좋아 보인다고 해서 기분이 좋네요~~ 컨실러 제품 찾으시면 ㅇㅇㅇ 컨실러 추천 드릴게요! 커버력 좋고 품질 좋은 컨실러입니다~,가격,가격도 저렴하고,1,[속성] 가격 [문장] 가격도 저렴하고,,가격,unchanged
train,1031786,SNS,메이크업/뷰티소품,OO 롱** 팁 컨실러 7.5g,요새 이 ㅇㅇ 컨실러가 대세라고 해서 저도 구매를 하게 되었습니다!! 이 화장품이 왜 이렇게 좋나 하고 구입했는데 사용하니 좋은 점을 알 수 있었어요! 가격도 저렴하고 용량도 많아서 가성비 좋은 제품인 것 같아요!! 유통기한도 길어서 만족했고 소정의 사은품도 줘서 정말 기분이 좋았습니다!! 건조하지도 않고 발림도 좋아 사용 후에 촉촉해서 기분이 좋네요~~ 리뉴얼된 제품이라 그런지 전체적으로 품질이 너무 좋아서 추천 드리고 싶습니다!! 저는 이 컨실러에 정착한 것 같아요~ 이제 다른 컨실러는 안 사용합니다~ 추천 하고 싶어요!! 커버력 좋고 효과 좋은 ㅇㅇㅇ 컨실러! 많이 사용하세요~^^,가격,가격도 저렴하고,1,[속성] 가격 [문장] 가격도 저렴하고,,가격,unchanged
train,1031793,SNS,메이크업/뷰티소품,OO 치크팝 3.5g,요새 인터넷에서 이 제품이 인기가 많아서 저도 사용하고 싶어 구매를 하게 되었습니다!! 구매 후기 바로 알려 드릴게요 ㅎㅎ~ 가격은 저렴했고 인기가 많아서 구매를 했는데 역시 왜 인기가 많은지 알겠네요! 전체적인 품질이 정말 좋습니다!! 용기도 사용하기 편하고 디자인도 꽃 모양이라 예쁘네요! 발림성도 부드럽게 잘 발리고 가루 날리는 것도 없어서 사용할 때 좋았던 것 같습니다!! 특히 색상이 너무 은은하게 예뻐서 외출 전에는 무조건 바르고 나가는 것 같아요!! 데일리로 사용하기 좋은 제품입니다!! 블러셔 제품 찾으시면 이 제품 추천 드릴게요 :),용기,용기도 사용하기 편하고,1,[속성] 용기 [문장] 용기도 사용하기 편하고,,용기,unchanged
train,1031794,SNS,메이크업/뷰티소품,OO 치크팝 3.5g,최근에 알게 된 블러셔 제품인데 너무 색상이 예뻐서 이것만 사서 사용하게 되는 것 같습니다!! 정말 왜 이제야 알았을까 하는 아쉬움도 들게 하는 것 같아요! 친구가 이 제품 사용하고 너무 좋다고 해서 저도 구매를 했어요! 생각보다 가격도 저렴해서 여러 개 주문 했습니다~ 오자 마자 봤는데 색상이 다 마음에 들었어요!! 발랐을 때 가루 날림도 없고 발림성도 부드러워 잘 발립니다!! 색상도 예쁘고 은은한 발색까지 가지고 있어 블러셔 제품 중에서는 최고인 것 같아요!! 꼭 추천 드리고 싶습니다 ㅎㅎ 이거 바르고 나가면 예뻐졌다는 소리 많이 듣네요!! 덕분에 동안 미모 얘기 듣고 있습니다,색상,색상도 예쁘고,1,[속성] 색상 [문장] 색상도 예쁘고,,색상,unchanged
train,1031799,SNS,메이크업/뷰티소품,OO 네** 쿠션 매트 15g 5colors,"이 쿠션을 이제야 알았다니 정말 아쉬운 것 같아요!! 이렇게 좋은 품질의 쿠션을 왜 몰랐을까요,,,,,너무 아쉬운 것 같습니다!! 일단 사용하기 정말 편리해서 좋아요!! 거울도 크고 쿠션 크기도 딱 제 얼굴 사이즈에 맞고 무엇보다 용기 그립감이 너무 좋은 것 같아요~ 그래서 휴대하기 편한 것 같습니다~ 발림성 좋고 제형 자체가 촉촉해서 건조하지 않네요~ 커버력 좋아서 이거 바른 날에는 피부 좋다는 소리를 많이 듣는 것 같습니다!! 품질 좋은 쿠션이라고 생각이 들어요! 진작에 알았다면 더 좋았을 것이라는 생각이 들 만큼 완벽한 커버력을 자랑하는 것 같습니다~",발림성,발림성 좋고,1,[속성] 발림성 [문장] 발림성 좋고,,발림성,unchanged
train,1031814,SNS,메이크업/뷰티소품,OO 레** EDT 100ml,안녕하세요~ 오늘 추천 드리고 싶은 향수는 바로 ㅇㅇㅇ ㅇㅇ EDT 100ml입니다!! 여자 향수로 정말 추천 드리고 싶어서 가져 왔네요!! 일단 가격도 저렴하고 이 정도 가격에 이만한 향수는 찾기 힘든 것 같아요! 용량도 많으니까요~ 첫향은 상큼하고 달콤한데 잔향은 은은해서 정말 좋은 것 같습니다~ 향 지속력도 꽤 길어서 한 두번만 뿌려도 되니까 좋아요! 향수 디자인도 고급스러워서 화장대에 두고 보면 기분이 좋아지는 제품입니다!! 전체적인 향수 품질이 정말 좋은 것 같아요!! 향수 찾으시면 ㅇㅇㅇ 브랜드 추천 드릴게요~,가격,가격도 저렴하고,1,[속성] 가격 [문장] 가격도 저렴하고,,가격,unchanged
train,1031875,SNS,메이크업/뷰티소품,OO 어** 립글로우 3.5g 1개,OO OOO 기본 핑크만 사용했는데 울트라 핑크도 상품평이 좋아서 구매해 봤습니다. 그동안 사용한 기본 핑크 보다 색상도 예쁘고 발색도 더 예쁘네요. 사용감이 산뜻하고 얼굴도 더 화사하게 보여서 좋아요. 왜 한 가지 색상만 오래 사용했을까 싶네요ㅋㅋ 이 제품 역시 촉촉하고 발림성도 좋습니다. OO 제품은 다 좋은 듯합니다. 지금 사용 중인 향수도 고급지고 좋거든요. OOO 중에 스칼렛이라고 본 거 같은데 그 제품도 궁금하네요ㅎㅎ,보습력/수분감,촉촉하고,1,[속성] 보습력/수분감 [문장] 촉촉하고,,보습력/수분감/쿨링감,merged_duplicate_label
train,1031882,SNS,메이크업/뷰티소품,OO 한** 립밤 4g 1개,날씨가 건조해지면 립밤을 발라야 해요. 갖고 다니면서 수시로 바를 립밤을 찾고 있었어요. OO나 OOO도 많이 쓰는데 이번에는 그동안 안 써본 OO 제품으로 구입했어요. 입술에 부드럽게 발리고 끈적이지 않았어요. 주머니에 넣어서 수시로 바르기 좋고 촉촉하니 보습이 잘 되는 거 같아요. 입술에 자연스럽게 발색이 되고 한 번 더 바르면 립스틱 대용으로 사용 가능할 듯합니다. OOO과 OO가 발색이 어떨지 궁금하네요. 다음에 구매해보려고요. 써보니 괜찮아요~~ 추천!,보습력/수분감,촉촉하니,1,[속성] 보습력/수분감 [문장] 촉촉하니,,보습력/수분감/쿨링감,merged_duplicate_label
train,1032205,SNS,메이크업/뷰티소품,OO 꾸** 립틴트,안녕하세요~ 오늘은 ㅇㅇㅇ ㅇㅇ 립틴트 샤인을 리뷰해 보도록 하겠습니다~! ㅇㅇㅇ의 립제품도 좋다는 소리를 많이 들어 저도 이 기회에 한번 구매해 봤어요~ 저는 촉촉한 틴트를 좋아해서 이 제품을 구매해 봤는데요~ 발랐을 때 촉촉하고 부드럽게 발리긴 해요! 다만 발림성만 좋지 착색이 완전 꽝이더라구요ㅠㅠ 보통 균일하게 착색이 되어야 하는데 이 제품은 듬성듬성 착색돼요… 도대체 이게 뭔지…ㅎㅎ 그리고 촉촉한데도 불구하고 각질 부각이 있어서 좀 실망했네요… ㅇㅇㅇ립틴트 벨벳 타입도 있던데 그거는 괜찮을까요..? 이것도 한번 리뷰해 봐야겠네요~,보습력/수분감,촉촉하고,1,[속성] 보습력/수분감 [문장] 촉촉하고,,보습력/수분감/쿨링감,merged_duplicate_label
train,1032430,SNS,메이크업/뷰티소품,OO 킬** 브로우 듀얼 타투 펜 0.6g,안녕하세요~ 오늘 추천 드리고 싶은 제품은 타투펜입니다!! 요새 눈썹 문신 대용으로 인기가 많은 제품이라서 가져오게 되었습니다 ㅎㅎ 일단 이 제품 같은 경우에는 색상이 다양해서 참 좋았습니다!! 가격도 저렴해서 좋아요~ 잘 그려져서 너무 좋았고 눈가에 자극도 없어요!! 바르고 난 뒤 보면 색상도 예쁘고 발색도 은은해서 정말 마음에 드는 것 같습니다~~~ 잘 지워지지도 않고 번짐도 없어서 지속력이 상당히 오래 가는 타투펜이에요~ 그래도 리무버에는 잘 지워지니 걱정 안 하셔도 됩니다!! 타투펜 제품 찾으시면 저는 이 제품 추천 드리고 싶어요!!,색상,색상도 예쁘고,1,[속성] 색상 [문장] 색상도 예쁘고,,색상,unchanged
train,1032438,SNS,메이크업/뷰티소품,OO 울** 파우더 6.2g,메이크업 할 때 요새 이 제품 사용 안하면 화장이 잘 안 되는 것 같아 무조건 사용하고 있는 제품입니다!! 완전 추천 드리고 싶어 가져오게 되었네요~ 요새 핫한 ㅇㅇㅇ 제품이라 자신 있게 소개 해드릴 수 있네요! 저는 1년 넘게 사용하고 있는데 이 제품을 사용해야 화장이 잘 먹습니다! 발림성 좋고 가루 날림도 없고 무엇보다 피부 유분기를 잘 잡아줘서 좋아요!! 작은 모공과 흉터들도 가려주는 커버력이 있어 상당히 좋네요!! 화장 전에 이거 바르면 피부가 보송해서 좋은 것 같습니다!! 추천 드리고 싶어요! 개인적으로 여름에 사용하면 더 효과가 좋은 제품인 것 같네요 ㅎㅎ,발림성,발림성 좋고,1,[속성] 발림성 [문장] 발림성 좋고,,발림성,unchanged
train,1032440,SNS,메이크업/뷰티소품,OO 엉** 쿠션 14g,안녕하세요 오늘 추천 드리고 싶은 쿠션은 ㅇㅇㅇ 쿠션입니다!! 이 쿠션은 워낙 유명해서 다들 아실 것 같은데요~ 바로 후기 시작할게요!! 일단 이 쿠션 같은 경우에는 디자인이 너무 고급스러워 좋은 것 같아요!! 언뜻 보면 명품을 연상케 하는 화려한 디자인이 정말 마음에 듭니다!! 사이즈도 적당해 들고 다니기도 좋아요!! 부드럽게 잘 발리고 커버력이 상당히 좋아서 모공 잡티 기미를 다 가려줘서 피부가 좋아 보입니다!! 트러블도 없고 마스크에 묻어남도 없어서 품질 좋은 쿠션이라 생각 하네요! 추천 드리고 싶은 쿠션입니다!! ㅇㅇㅇ 쿠션 정말 최고인 것 같아요~ ㅎㅎㅎ,발림성,부드럽게 잘 발리고,1,[속성] 발림성 [문장] 부드럽게 잘 발리고,,발림성,unchanged
train,1032443,SNS,메이크업/뷰티소품,OO 엉** 쿠션 14g,최근에 쿠션을 추천 해달라는 의견이 많아서 오늘 쿠션 추천 해드리려고 왔습니다!! 오늘 추천 제품은 바로 ㅇㅇㅇ 쿠션입니다!! 이 쿠션을 추천 드리는 이유가 뭐냐~ 바로 가격도 저렴하고 디자인도 고급스럽고 품질도 좋기 때문입니다!! 이 정도 가격의 이 정도 품질이면 정말 가성비가 좋다고 할 수 있어요!! 제품 디자인도 예뻐서 호불호 없습니다!! 발림성이 너무 좋아 사용감이 가볍고 흡수도 빨라 바르고 나면 피부가 보송합니다!! 커버력도 좋기에 모공도 잘 가려줘 피부가 좋아 보이는 효과까지 누릴 수 있어요!! 쿠션 찾으시면 저는 이 쿠션으로 추천 드릴게요!! ㅇㅇㅇ 쿠션이 제일 품질 좋습니다,가격,가격도 저렴하고,1,[속성] 가격 [문장] 가격도 저렴하고,,가격,unchanged
train,1032453,SNS,메이크업/뷰티소품,OO 베** 10ml,OO 네일 제품 갖고 싶다 갖고 싶다고 노래를 불렀는데 남편이 드디어 사줬습니다 ㅎㅎ 일단 타 네일 제품보다는 솔이 납작하고 끝이 라운드여서 초보자도 쉽게 바르기 너무 좋아요. 색상도 짙고 선명해서 너무 이쁩니다. 다들 제가 네일 샵가서 바른 줄 알고 있네요 ㅋㅋ 부드럽게 잘 발리고 금방 말라서 너무 좋아요!! 네일샵가면 3~4만원하는데 가격대비 너무 좋습니다! 한 색상을 사니 다른 색상도 갖고 싶네요~ 남편~~~ 나 다른 색상도 또 사줘~~ OO 네일 너무 좋아요!,발림성,부드럽게 잘 발리고,1,[속성] 발림성 [문장] 부드럽게 잘 발리고,,발림성,unchanged
train,1032525,SNS,메이크업/뷰티소품,OO 스틱 레브르 4g ,동생이 자꾸 입술이 트길래 제가 구매했어요. 자꾸 뜯는 걸 보니깐 제 입술이 아픈 것 같았거든요 ㅎㅎ 일단 사이즈도 적당하고 용량도 많았습니다. 케이스도 깔끔하고 디자인이 이쁘네요. 향도 없고 색도 없어서 동생에게는 딱인 제품이네요 ㅎㅎ 아빠도 보시더니 하나 더 사달라고 하시네요 ㅎㅎ 우리집 남자들은 이 립밤에 푹 빠졌어요~ ㅎㅎ 가격도 괜찮고 효과도 좋고 ~ 보습력이 너무 좋아서 잘 때도 바르고 자요 ㅋㅋ 근데.. 왜 자꾸 잃어버릴까요? ㅎ 1+1 행사 자주 해주세요ㅠㅠ 자주 잃어버리는 동생과 아빠를 위해서~~,사이즈/두께,사이즈도 적당하고,1,[속성] 사이즈/두께 [문장] 사이즈도 적당하고,,사이즈/두께,unchanged
train,1032528,SNS,메이크업/뷰티소품,OO 왕** 쿠션+비비크림 대박세트,하나에 딱 꽂히면 그것만 쓰는 성격을 가졌어요 ㅋㅋ 이번에는 이 OO 왕쿠션에 딱~~~~ 심심해서 티비를 보던 중에 OO 쿠션을 판매하더라구요? 그래서 계속 봤는데 이거 요물이겠다 해서 구입했죠! 구성도 좋고 개수도 많아서 오래 쓸 것 같았거든요. 무엇보다 생일쿠폰도 임박해서 바로 사용했더니~가격대가 훨씬 저렴해졌어요~ㅋㅋ 기대를 가득하고 사용했더니..! 보습도 좋고 커버력은 물론 피부에 광까지~ 와!! 정말 좋아요. 저한테 딱 맞아서 제 스타일입니다~ㅎㅎ OO 왕쿠션..이 요물~~ 한동안 이것만 주구장창 쓸 계획입니다~~,보습력/수분감,보습도 좋고,1,[속성] 보습력/수분감 [문장] 보습도 좋고,,보습력/수분감/쿨링감,merged_duplicate_label
train,1032536,SNS,메이크업/뷰티소품,OO 울** 립글로우 3.4g,립글로우 제품이 필요해서 알아 보다가 이 제품이 후기가 가장 좋은 것 같아 구매를 하게 되었습니다!! 일단 다른 립글로우 제품에 비해 가격도 저렴해서 고민 없이 바로 주문을 했어요! 배송도 빠르고 사은품도 있어서 좋네요 ㅎㅎ 받고 나서 보니 디자인이 정말 예쁘네요~ ㅎㅎ 사이즈도 적당해서 들고 다니기 편한 것 같습니다!! 발림성도 부드러워 좋고 무엇보다 건조하지 않아서 좋았어요!! 색상도 예쁘고 발색도 제가 딱 원하는 정도로 나와 만족 했습니다!! 앞으로 이 립글로우만 꾸준하게 사용할 것 같네요! 마음에 들어 추가 주문 예정입니다~,색상,색상도 예쁘고,1,[속성] 색상 [문장] 색상도 예쁘고,,색상,unchanged
train,1032537,SNS,메이크업/뷰티소품,OO 울** 립글로우 3.4g,친구가 립글로우가 필요하다고 그렇게 징징 대서 깜짝 선물로 이번에 준비를 하게 되었어요! 받은 친구가 너무 좋다고 그래서 저도 뿌듯한 제품이네요!! 일단 이 제품 같은 경우에는 선물하기 정말 좋은 것 같습니다!! 가격도 저렴하고 무엇보다 디자인이 정말 고급스러워 예쁘기 때문이죠! 부드럽게 잘 발리고 사용감도 좋아요! 게다가 촉촉함까지 갖추고 있어서 가을 겨울에 사용하면 더 좋을 것 같습니다! 발색 은은해서 예쁘고 색상도 좋은 편이라 이 제품으로 추천 드리고 싶네요!! 립글로우 제품 찾으시면 ㅇㅇㅇ에서 구매하세요! 품질 최고인 것 같습니다!!,가격,가격도 저렴하고,1,[속성] 가격 [문장] 가격도 저렴하고,,가격,unchanged
train,1032537,SNS,메이크업/뷰티소품,OO 울** 립글로우 3.4g,친구가 립글로우가 필요하다고 그렇게 징징 대서 깜짝 선물로 이번에 준비를 하게 되었어요! 받은 친구가 너무 좋다고 그래서 저도 뿌듯한 제품이네요!! 일단 이 제품 같은 경우에는 선물하기 정말 좋은 것 같습니다!! 가격도 저렴하고 무엇보다 디자인이 정말 고급스러워 예쁘기 때문이죠! 부드럽게 잘 발리고 사용감도 좋아요! 게다가 촉촉함까지 갖추고 있어서 가을 겨울에 사용하면 더 좋을 것 같습니다! 발색 은은해서 예쁘고 색상도 좋은 편이라 이 제품으로 추천 드리고 싶네요!! 립글로우 제품 찾으시면 ㅇㅇㅇ에서 구매하세요! 품질 최고인 것 같습니다!!,발림성,부드럽게 잘 발리고,1,[속성] 발림성 [문장] 부드럽게 잘 발리고,,발림성,unchanged
train,1032540,SNS,메이크업/뷰티소품,OO 울** 립글로우 3.4g,어떤 립글로우 사용하고 계신가요? 저는 3년 넘게 이 제품만 고집하고 있습니다!! 중간 중간에 다른 제품도 사용을 했지만 이 제품이 좋아 다시 돌아오게 되는 것 같아요!! 가격도 저렴하고 품질이 좋아 정말 가성비 좋은 제품이에요!! 디자인도 고급스러워 괜찮고 무엇보다 발림성이 부드러워 만족하고 있습니다!! 다른 립글로우 제품과 달리 건조하지 않고 촉촉해서 겨울에 사용하기에도 괜찮은 제품이에요!! 색상도 정말 튀지 않고 자연스러워 좋은 것 같습니다!! 이러한 이유들 때문에 저는 이 제품만 사용하게 되는 것 같습니다 ㅎㅎ 이 브랜드 립글로우 아직 사용 전이시면 얼른 사용 해보시길 추천 드릴게요 ㅎㅎ,가격,가격도 저렴하고,1,[속성] 가격 [문장] 가격도 저렴하고,,가격,unchanged
train,1032542,SNS,메이크업/뷰티소품,OO 후** 립케어 4.8g,"간단하게 바를 제품을 찾다가 이 제품을 바르게 되었는데 품질이 상당히 괜찮아서 추천 드리고 싶었습니다!! ㅇㅇㅇ 이 제품은 제가 어릴 때부터 있던 제품인데 사실 사용 해본 적은 없었습니다!! 그냥 립밤인 줄 알고 사용 안 했는데 와,,, 제가 잘못 생각 했었습니다!! 발림성 너무 좋고 입술 보습이 상당해서 정말 촉촉해요!! 그런데 거기에 색상도 예쁘고 자연스러운 발색까지 되니까 일석이조인 것 같습니다!! 원래 립글로우 사용하고 있었는데 당분간 이거 사용할 것 같아요!! 가격도 저렴해서 다음에는 다른 종류도 한 번 사보고 싶네요!! 추천 드리고 싶습니다 :)",색상,색상도 예쁘고,1,[속성] 색상 [문장] 색상도 예쁘고,,색상,unchanged
train,1032545,SNS,메이크업/뷰티소품,OO 후** 립케어 4.8g,어릴 때부터 사용하던 제품인데 요즘 같이 추운 날씨 필수템이라 생각이 들어 가져 오게 되었습니다 ㅎㅎ 바로 시작할게요!! 날씨가 요즘 같이 건조하고 추우면 입술이 갈라 지는데 이 제품의 경우에는 보습력이 너무 좋아 입술이 갈라지지 않습니다!! 지속력도 길어서 한 번 바르면 촉촉함이 오래 유지가 되는 제품이에요!! 게다가 색상도 예쁘고 발색도 은은하게 빛이 나서 입술을 예쁘게 보여 주는 것 같습니다!! 다만 마스크에는 잘 묻어 나는 제품이라 이 점은 아시고 구입하시면 좋을 것 같습니다!! 품질 좋은 ㅇㅇㅇ~ ㅇㅇㅇ는 정말 사랑인 것 같습니다!! 저는 앞으로도 쭉 사용할 예정이네요~,색상,색상도 예쁘고,1,[속성] 색상 [문장] 색상도 예쁘고,,색상,unchanged
train,1032547,SNS,메이크업/뷰티소품,OO 아** 속눈썹 스페셜 구성,속눈썹 연장하러 샵 다니시나요? 비싼 돈 주고 가지 마시고 집에서 혼자 편하게 이 제품으로 사용하시면 정말 좋을 것 같아요!! 가격도 저렴하고 품질도 좋아 가성비 넘치는 상품이라고 할 수 있어요!! 최근에 속눈썹이 짧은 것 같아 구입해서 사용했는데 너무 좋아 만족하는 제품입니다! 혼자서 편하게 사용할 수 있고 속눈썹도 상당히 잘 붙어서 마음에 드는 제품이에요!! 제품 디자인 또한 좋아서 마음에 들었네요!! 눈가에 트러블이나 부작용도 생기지 않아 만족합니다!! 속눈썹 연장에는 이 제품이 제일 품질이 좋은 것 같네요~ 추천 드리고 싶습니다 ㅎㅎ,가격,가격도 저렴하고,1,[속성] 가격 [문장] 가격도 저렴하고,,가격,unchanged
train,1032573,SNS,메이크업/뷰티소품,OO 골** 블러셔,안녕하세요~ 오늘 추천 드리고 싶은 제품은 볼터치 제품입니다!! 최근에 볼터치 제품 추천 해 달라는 댓글이 많아서 하나 가져 왔습니다~ㅎㅎ 이 제품 같은 경우에는 가격도 저렴하고 품질도 상당히 좋은 제품이에요~!! 색상이 정말 예뻐서 너무 좋아요! 특히 바르고 나면 피부톤에 잘 맞아서 정말 좋은 것 같아요!! 발색도 은은해서 정말 좋은 것 같네요~^^ 제품 사이즈도 적당해서 들고 다니기 편한 제품입니다!! 지속력도 길어서 한 번 바르면 수정 화장을 또 안 해도 되니 좋은 것 같아요 ㅎㅎ 볼터치 제품 찾으시면 ㅇㅇㅇ제품 추천 드릴게요! 제가 항상 사용하는 볼터치 제품입니다~,가격,가격도 저렴하고,1,[속성] 가격 [문장] 가격도 저렴하고,,가격,unchanged
train,1032579,SNS,메이크업/뷰티소품,OO 골** 블러셔,볼터치 제품 어떤 거 사용하고 계시나요? 저는 이 제품 사용 하고 있는데 너무 좋아서 추천 드리려고 왔습니다~~ 바로 리뷰 시작할게요~ ㅎㅎ 친구 추천을 받아 사용 하게 되었는데 가격도 저렴하고 사은품도 있어서 너무 좋은 것 같아요! 사용 후 느낀점은 일단 발림성이 정말 잘 발려서 좋았고 제형에 펄이 있어서 좋은 것 같아요~ 그래서 바른 후에 피부에 정말 빛이 나는 것 같습니다~ 발색이 제 스타일이에요! 들고 다니기 편해서 쉽게 수정 화장을 할 수 있어 사용이 편리한 것 같습니다~~ 저는 앞으로 이 볼터치 제품만 사용할 것 같아요!! 가성비 좋은 제품인 것 같다고 생각 드네요~,가격,가격도 저렴하고,1,[속성] 가격 [문장] 가격도 저렴하고,,가격,unchanged
train,1032582,SNS,메이크업/뷰티소품,OO 워터프루프 젤 아이라이너 1.4g,안녕하세요~ 오늘 추천 드리고 싶은 제품은 ㅇㅇㅇ 아이라이너 제품입니다! 제가 정말 좋아하는 브랜드 제품이라 자신 있게 추천 드리고 싶네요 ㅎㅎ 가격도 저렴하고 배송도 빨라서 항상 좋아요~~ㅎㅎ 사은품도 많이 주셔서 좋은 브랜드입니다!! 일단 색상이 정말 예뻐서 좋은 것 같아요! 눈에 바를 때 발림성도 상당히 좋고 바르고 나서 자극도 없고 간지러움도 없어 좋은 것 같습니다!! 번짐도 없어 오래 유지가 된다는 점이 항상 이 제품을 선택하게 만드는 이유인 것 같아요~ 추천 드리고 싶습니다!!ㅎㅎ 아이라이너 제품 찾으시면ㅇㅇㅇ제품 추천 드리고 싶네요!! 발색 좋은 아이라이너입니다~,가격,가격도 저렴하고,1,[속성] 가격 [문장] 가격도 저렴하고,,가격,unchanged
train,1032599,SNS,메이크업/뷰티소품,OO 매** 네일/페디,안녕하세요~ 오늘은 손톱이 정말 예뻐지는 제품을 하나 가져 왔습니다!! 바로 ㅇㅇㅇ ㅇㅇ 네일인데요~ 저는 네일 샵 안 가고 무조건 이 제품으로 손톱 해요!! 이 제품 같은 경우에는 정말 많고 많은 네일 스티커 브랜드 중에 유명한 브랜드죠! 그만큼 품질이 좋기 때문에 그럽니다!! 가격도 저렴하고 구성도 참 좋아서 저도 구매할 때 너무 좋았어요!! 그리고 무엇보다 디자인이 다 트렌디하고 유니크해서 좋았건 것 같습니다!! 지속력도 길어서 한 번 붙이면 정말 오래 가는 점이 마음에 드는 것 같네요 ㅎㅎ 가성비 넘치는 제품인 것 같아요!! 꼭 추천을 드리고 싶습니다!! 네일은 ㅇㅇㅇ~,가격,가격도 저렴하고,1,[속성] 가격 [문장] 가격도 저렴하고,,가격,unchanged
train,1032607,SNS,메이크업/뷰티소품,OO 에** 쿠션(리필 포함),안녕하세요~ 오늘 소개 해드리고 싶은 제품은 바로 ㅇㅇㅇ쿠션입니다!! 최근에 친구 추천을 받아 사용했는데 너무 만족해서 이 쿠션에 정착 했네요!! 제형이 매트하지 않아 참 좋은 쿠션이에요~ 매트한 쿠션들은 바르면 건조하고 안 좋은데 이 제품은 촉촉하고 잘 발려서 피부 표현이 정말 깔끔하게 되는 제품입니다!! 그래서 추천 드리고 싶었어요~ 색상도 잘 맞고 커버력도 참 좋아서 여드름이나 기미를 정말 잘 가려주어 좋은 것 같습니다!! 완전 추천 드리고 싶은 제품이에요~ 구성도 좋고 가격도 착해서! 앞으로는 이 제품만 사용할 것 같습니다~ 제가 정착한 ㅇㅇㅇ 쿠션 완전 추천 드립니다 ㅎㅎ,보습력/수분감,촉촉하고,1,[속성] 보습력/수분감 [문장] 촉촉하고,,보습력/수분감/쿨링감,merged_duplicate_label
train,1032619,SNS,메이크업/뷰티소품,OO 코** 딥세럼 3.3ml,친구가 이 제품 너무 좋다고 해서 저도 믿고 구매를 하게 되었습니다!! 너무 사용하기 좋아서 추천 드리고 싶은 제품이에요!! 평소에 손톱 건강을 위해 OOO이 좋다는 것은 알았는데 직접 사서 발라보니 너무 좋은 것 같아요!! 가격도 저렴하고 무엇보다 용량도 많아서 오래 바를 수 있었습니다!! 효과가 정말 좋은 것 같아요! 한 달 정도 꾸준하게 사용하니까 정말 손톱이 튼튼해지는 효과를 느낄 수 있었습니다!! 저만 그렇게 생각하는 게 아니라 동생도 사용 후 좋다고 하네요!! 품질 좋은 OOO 제품 꼭 추천 드리고 싶어요!! 한 번 사용 해보세요~ ㅎㅎ,가격,가격도 저렴하고,1,[속성] 가격 [문장] 가격도 저렴하고,,가격,unchanged
train,1032630,SNS,메이크업/뷰티소품,OO 듀** 틴트,제가 정말 좋아하는 틴트를 소개 해드리기 위해 이 자리에 왔습니다!! 추천 드리는 틴트라 꼭 한 번 사용 해보시면 좋을 것 같아요!! 이 제품 같은 경우에는 가격도 저렴하고 사은품도 줘서 항상 사게 되는 것 같아요!! 일단 발림성도 상당히 좋고 제형이 나쁘지 않아서 괜찮아요!! 바르면 촉촉하게 잘 스며 들어서 지금처럼 건조한 가을 날씨에도 바르기 참 좋은 것 같아요!! 광택도 오래 지속이 되어 정말 좋습니다!! 발색도 딱 은은하게 나타나서 입술색이 예뻐 보이는 것 같습니다 ㅎㅎ 틴트는 OOO가 정말 상큼하고 예쁜 것 같습니다!! 색상 예쁜 틴트라서 추천 드려요!,가격,가격도 저렴하고,1,[속성] 가격 [문장] 가격도 저렴하고,,가격,unchanged
train,1032634,SNS,메이크업/뷰티소품,OO 듀** 틴트,안녕하세요~~ 오늘 소개 해드리고 싶은 제품은 OOO 틴트입니다!! 색상 예쁜 틴트 찾으시면 저는 이 제품을 추천 해드리고 싶어요!! 가격도 저렴하고 품질도 좋아서 이만한 틴트는 없는 것 같아요!! 그래서 저는 이 틴트만 사용하게 되는 것 같아요! 제형이 너무 매트하지 않아서 바르고 건조하지 않아서 좋은 것 같습니다~ 색도 정말 예뻐서 마음에 드네요~~ 입술에 생기까지 있으니 너무 좋은 것 같아요!! 향도 인공적이지 않아서 추천 드리고 싶은 제품이네요~ 나중에 다른 색상으로 또 구매하고 싶네요! 가격도 저렴해서 가성비 넘치는 제품인 것 같아요~~ 추천 드리고 싶은 틴트 제품입니다!!,가격,가격도 저렴하고,1,[속성] 가격 [문장] 가격도 저렴하고,,가격,unchanged
train,1032635,SNS,메이크업/뷰티소품,OO 슬림 엣** 아이라이너,안녕하세요!! 오늘 추천 드리고 싶은 제품은 OOO 듀얼 아이라이너입니다!! 제가 매일 사용하고 있는 아이라이너 제품이라 자신 있게 추천 드릴 수 있어요!! 가격도 저렴하고 품질도 좋아서 꼭 추천드리고 싶었어요! 이상한 아이라이너 사용하면 눈에서 번지고 잘 그려지지 않아 아쉬운데 이 제품은 정말 부드럽게 잘 그려질 뿐만 아니라 눈가에 자극도 없어요!! 색상도 정말 마음에 듭니다! 지속력도 길어서 눈물이나 땀에 번지지 않는 점이 상당히 마음에 드는 제품입니다!! 유통기한도 꽤 길어서 오래 사용해요! 아이라이너 제품 찾으시면 저는 이 제품으로 추천 드리고 싶어요!! 꼭 사용 해보세요~,가격,가격도 저렴하고,1,[속성] 가격 [문장] 가격도 저렴하고,,가격,unchanged
train,1033067,SNS,메이크업/뷰티소품,OO 키** 미니 립스틱,저는 다양한 스타일에 다양한 컬러의 옷을 입는데 색깔별로 립스틱을 구매하기는 좀 부담이더라고요. 가격도 저렴하고 여러 컬러들이 있어서 부담없이 질러봤습니다. 색감은 톡톡 찍어주면 연하게 발색되서 레드 컬러도 무난하게 활용이 가능하고요. 레이어드해서 발라줘도 어울리는 컬러 조합이라 레이어드도 많이 합니다. 부드럽게 발리지만 약간 매트한 느낌이 있어서 입술이 건조한 분들은 립밤을 바르고 발라주는 게 좋을 것 같아요. 처음에는 착색이 잘 되는 것 같은데 시간이 지나면 안쪽부터 조금씩 지워집니다. 그래도 한컬러만 사용하지 않고 여러가지 색깔을 사용할 수 있다는 점이 저에겐 너무 큰 장점이라 계속 사용하려고 합니다.,가격,가격도 저렴하고,1,[속성] 가격 [문장] 가격도 저렴하고,,가격,unchanged
train,1033074,SNS,메이크업/뷰티소품,OO 루** 쿠션 파운데이션 11g SPF50+ PA++++ ,"OO 프라이머가 좋다고해서 구매하면서 팩트도 같이 샀는데 좋은 것 같아 후기 올려봅니다. 광도 살짝 나면서 화장이 잘 먹어요. 발림성도 좋고 화장도 얇게 되어 뭉치지 않는 부분도 마음에 듭니다. 단점은 커버는 잘 안되어 컨실러는 필수입니다. 그래도 가격도 이정도면 저렴하고 흡수도 잘되고 조금만 발라도 예쁜 피부결로 화장이 되어 좋네요. 비싼 브랜드의 화장품도 많이 싸봤지만 저에게 맞는 건 아직 못찾았는데, OO 팩트 쓰고는 이걸로 정착했어요.",밀착력/접착력,화장이 잘 먹어요.,1,[속성] 밀착력/접착력 [문장] 화장이 잘 먹어요.,,밀착력/접착력,unchanged
train,1033249,SNS,메이크업/뷰티소품,OO 씨** 대왕쿠션 25g (본품1개) ,요즘 나가면 피부에 돈 들였냐는 둥 어디서 했냐는 둥 하더라구요 ㅎㅎ 그렇게까지 피부결이 달라 보일까요? 바로 ㅇㅇㅇ ㅇㅇ 대왕쿠션 덕분인데.. ㅎ 후기 올릴게요~ 대왕이라고 하더니 정말 대왕 큰 쿠션이군요! 쿠션이 크니 몇 번만 톡톡하면 되니 간편하게 쓸 수 있고요. 와우~! 얼굴에 광채가 흘러요~ 얼굴이 반짝반짝 싫지 않은 광이 이럴 수가~~ ㅎ 기미도 잡티도 정말 하나도 보이지 않고 투명한 피부로 재탄생 했어요! 마스크로 이 얼굴을 가려야 하는 현실이 안타깝지만 마스크에 묻어남도 없어요! 촉촉하고 윤기도 나고 지속력도 좋고 안 좋은 건 하나도 없는 듯~~ 이뻐지고 싶은 분들을 위한 최고의 선물이에요!,보습력/수분감,촉촉하고,1,[속성] 보습력/수분감 [문장] 촉촉하고,,보습력/수분감/쿨링감,merged_duplicate_label
train,1033349,SNS,메이크업/뷰티소품,OO 루** 립스틱 5종 + 파우치,몇번째 사용하고 너무 좋아서 지인들이나 가족한테도 선물하고 있습니다. 립스틱이 지속력이 좋을까 하는 의문이 항상있었는데 실제 이 제품 사용하고 놀랬습니다. 지속력이 정말 좋아요! 아침에 바르고 나갔는데 3~4시간이 지나도 그대로 였어요 마스크에도 묻어나지 않고 입술에 착 밀착돼서 너무 만족했답니다. 그리고 저는 촉촉한 립을 선호하는데 이거는 미끌거리지 않고 적당히 촉촉해서 좋았습니다. 색깔도 다양하고 다 예뻐서 저는 5개 다 소장하고 있답니다!! 지인들한테도 선물해줬을 때 다들 엄청 좋아하시더라고요~ 실패없는 립스틱이니 추천드립니다ㅎㅎ,흡수력,미끌거리지 않고,1,[속성] 흡수력 [문장] 미끌거리지 않고,,흡수력,unchanged
train,1033880,SNS,메이크업/뷰티소품,OO 내** 글로우 립밤 ,립밤이 필요해서 이것저것 찾아보는 중에 OO라는 브랜드는 처음 봐서 호기심에 구매해봤어요. 그냥 봤을 때는 아주 연한 핑크색인데 발라보니 살짝 핑크빛이 올라옵니다. 사실 저는 핑크빛보다는 차라리 체리코랄색을 더 선호하는 편이라 발색에 살짝 실망했지만 발색이 진하지는 않아서 편하게 쓸수는 있을 것 같아요. 냄새도 괜찮아요. 부드럽게 정말 잘 발리고요. 끈적임이 없고 보습력도 좋아 웬만큼 만족합니다. 이 제품은 단독으로 써도 좋지만 다른 컬러 바르고 그 위에 살짝 믹스해서 써도 괜찮을 것 같아요.,보습력/수분감,보습력도 좋아,1,[속성] 보습력/수분감 [문장] 보습력도 좋아,,보습력/수분감/쿨링감,merged_duplicate_label
train,1033885,SNS,메이크업/뷰티소품,OO 나** 모이스처 립밤 10ml ,입술이 건조하고 아토피 피부라 각질도 잘 일어나서 립밤이 필수인데 순한 제품이 잘 맞아서 찾던 와중 OO 립밤을 구매하게 되었어요. 이 제품은 향도 없고 너무 가볍지도 않고 제형이 약간 꾸덕하면서 촉촉한 게 보습막이 씌워지는 느낌이네요. 보습력도 짱짱하고 입술에 촉촉함도 오래가요. 입술 각질 진정시켜서 가라앉히게 정리하기도 좋고 자기전에 바르고 자면 다음날 입술이 보들보들 합니다. OO가 엄청 순한 제품이라고 하던데 립밤 역시 약한 피부에 쓰기 좋게 자극없이 순하고 좋네요.,향,향도 없고,1,[속성] 향 [문장] 향도 없고,,향,unchanged
train,1034207,SNS,메이크업/뷰티소품,OO 후** 립케어 4.8g,립스틱이나 틴트 제품을 쌩얼에 바르기에는 좀 그래서 제가 이 제품을 구입해봤어요. 립밤답게 일단 촉촉하고 무난하게 발색도 잘 됩니다. 정말 립스틱 대신 바르기 딱 좋네요. 스터디 카페 갈 때 쓱 바르면~ 집에 올 때까지 보습력이 남아있어요. 향이 살짝 너무 과일향이 나는 것 같아서 아쉽지만 그래도 거슬리는 정도까지는 아니여서 괜찮습니다. 전에는 하나 써보고 구매했는데 인터넷으로 구성도 괜찮아서 세트로 주문했네요. 여러 향 써보고 그중에 또 골라봐야겠네요~ ㅋㅋ 공부하는 친구들에게 딱 맞을 것 같아요~ 굿굿!!,보습력/수분감,촉촉하고,1,[속성] 보습력/수분감 [문장] 촉촉하고,,보습력/수분감/쿨링감,merged_duplicate_label
train,1034301,SNS,메이크업/뷰티소품,OO 울** 파우더 6.2g,"비싸지만 그래도 좋아서 계속 구매하는 제품 갖고 계신가요? 저는 있습니다! 바로 OO 파우더예요!! 먼저 얇게 잘 발리고 모공을 다 가려줍니다~ 생각보다 가루 날림도 적어요. 또, 유분을 잘 잡아줘서 얼굴을 보송보송하게 만들어주고 밝아져요. 피부를 매끄럽게 해주는 역할도 합니다. 하지만... 가격이 좀 비싸요. 상당히 ㅎㅎ 저는 매일 화장을 하다보니깐 가격대비 용량도 약간 적은 것같고.. 매일 구매하기가 조금 부담스러운 것 같아요. 그래도 이만한 효과를 보기 어려워서 다시 돌아옵니다..가격만 조금 더 저렴해지면 좋겠네요 ㅎㅎ 비싸지만.. 그만큼의 가치를 하는 파우더.. 입니다!",기능/효과,유분을 잘 잡아줘서,1,[속성] 기능/효과 [문장] 유분을 잘 잡아줘서,,기능/효과,unchanged
train,1034947,SNS,메이크업/뷰티소품,OO 울** 립글로우 3.4g,학생이 스승의 날 선물이라면서 들고 온 거 있죠~! ㅋㅋ 보자마자 잇몸이 아주 바싹 말랐네요ㅋㅋ 너무 좋아요. 매트한 제품만 바르고 있었는데 이 제품 바르니 이제 다시는 매트한 걸 못 쓰겠네요. 촉촉함이 아주 그냥 너무 좋아요. 향도 좋고 오래가고~ 건조한 제 입술이 촉촉해지고 있어요. 입술이 촉촉해지니깐 생기도 있어보이고! 스승의 날에 갑자기 받은 선물이라 너무 좋았어요. 포장도 너무 마음에 들었구요!! 그리고 포장 안에 들어있던 작은 향수 샘플도 주셔서 가끔씩 뿌립니다. 샘플 향수마저~~ 넘 좋네요!! OO 립글로우 짱짱!!ㅋㅋ,향,향도 좋고,1,[속성] 향 [문장] 향도 좋고,,향,unchanged
train,1034976,SNS,메이크업/뷰티소품,OO 소** 픽싱 스틱 섀도우 4color,"안녕하세요~ 애교살 메이크업이 한창인 요즘 저도 애교살용으로 이 제품을 구매했네요ㅎㅎ 후기 남길게요~^^ 발림성은 부드러운데, 잘 발려서 주름 끼임도 없고 펄 날림도 없어서 처음 발랐을 때는 완전 만족했네요~ 다만 발색된 색상이 제가 생각했던 것보다 어두워서 이 부분은 살짝 아쉬웠어요… 밀착력도 좋고 지속력도 너무 좋은데, 생각보다 잘 안 지워지더라구요…? 이 제품 사용할 때는 잘 안 지워지니 꼼꼼하게 지워주는 게 중요해요! 근데 찾아보니 이 제품에 안 좋은 성분이 들어가있더라구요… 사용하기가 무서워졌어요… 혹시 모르니 여러분들은 이 제품 피하세요..!!",밀착력/접착력,밀착력도 좋고,1,[속성] 밀착력/접착력 [문장] 밀착력도 좋고,,밀착력/접착력,unchanged
train,1035082,SNS,메이크업/뷰티소품,OO 롱** 쿠션 본품 12.5g ,OO 쿠션은 처음인데 여러 종류가 있더라고요. 건성인데 겁도없이 매트한 거 좋아하기도 하고 끈적이는 거 싫어서 유분기 있는 것은 피하고 싶어서 OOO 쿠션 본폼을 구입했어요. 이 제품은 얇게 한두 번 두드리면 커버도 잘 되고 광도 살짝 나서 예쁩니다. 촉촉하고 가볍게 발립니다. 근데 처음엔 이런 느낌이 좋았으나 시간이 지나니 번들거립니다. OOO은 마스크에 많이 묻고 잘 지워지네요. 물광을 싫어하시는 분들은 이 제품을 피하시는 게 좋을 것 같아요.,보습력/수분감,촉촉하고,1,[속성] 보습력/수분감 [문장] 촉촉하고,,보습력/수분감/쿨링감,merged_duplicate_label
train,1035082,SNS,메이크업/뷰티소품,OO 롱** 쿠션 본품 12.5g ,OO 쿠션은 처음인데 여러 종류가 있더라고요. 건성인데 겁도없이 매트한 거 좋아하기도 하고 끈적이는 거 싫어서 유분기 있는 것은 피하고 싶어서 OOO 쿠션 본폼을 구입했어요. 이 제품은 얇게 한두 번 두드리면 커버도 잘 되고 광도 살짝 나서 예쁩니다. 촉촉하고 가볍게 발립니다. 근데 처음엔 이런 느낌이 좋았으나 시간이 지나니 번들거립니다. OOO은 마스크에 많이 묻고 잘 지워지네요. 물광을 싫어하시는 분들은 이 제품을 피하시는 게 좋을 것 같아요.,지속력/유지력,잘 지워지네요.,-1,[속성] 지속력/유지력 [문장] 잘 지워지네요.,,지속력/유지력,unchanged
train,1035118,SNS,메이크업/뷰티소품,OO 디** 아이브로우 3D 2.2g ,눈썹을 그릴 때 펜슬보단 이런 섀도우형태의 아이브로우를 선호합니다. 앞머리가 동그란 브러쉬에 구성품으로 내장되어 있는 섀도우 브러쉬를 찾다가 OO 제품을 발견했습니다. 3색 그라데이션 파우더 브로우로 자연스러운 쉐딩 발색을 연출할 수 있습니다. 동그란 브러쉬가 눈썹 꼬리까지 자연스럽게 발리며 표현되어 마음에 듭니다. 유분에 강한 파우더 타입 제형이라 밀착력도 좋고 오랜 지속력으로 그닥 수정이 필요없습니다. 미니한 사이즈도 깜찍한 게 넘 마음에 드네요. 발색도 그렇고 마음에 드는 브러쉬도 찾아 기분이 좋습니다.,밀착력/접착력,밀착력도 좋고,1,[속성] 밀착력/접착력 [문장] 밀착력도 좋고,,밀착력/접착력,unchanged
train,1035543,SNS,메이크업/뷰티소품,OO 커** 쿠션,요즘 피부가 칙칙해져서 화사한 피부를 연출할 수 있는 제품을 찾고 있었어요. 어떤 제품 살지 고민하다가 상품평이 좋아서 샀답니다. 일단 오프라인보다 싸게 구입해서 좋았습니다. 배송도 빨랐고 포장도 잘 되어 있어서 깨지지 않고 도착했어요. 일단 상자를 열어보니 용기가 예뻐서 마음에 쏙 들었어요. 촉촉하고 적당히 커버력도 있어서 마음에 들었습니다. 커버 지속력이 꽤 좋은 거 같아요. 톤 보정 효과도 있어서 쿨톤인 저에게 잘 맞는 거 같아요. 그리고 기능성이라 주름 개선 효과도 있는 거 같습니다. 보습력 좋고 커버력 좋은 제품을 찾으시는 분들께 추천해요. 제 후기가 도움이 되었길 바랍니다.,보습력/수분감,촉촉하고,1,[속성] 보습력/수분감 [문장] 촉촉하고,,보습력/수분감/쿨링감,merged_duplicate_label
train,1035551,SNS,메이크업/뷰티소품,OO 파** 리퀴드 립컬러 5ml 1개,리퀴드 타입은 써보지 않아서 궁금하기도 했고 웜톤에 어울린다는 후기가 많아서 사봤어요. 배송이 느리다더니 주문한 다음 날 받아서 좋았어요. 립스틱 하나에 박스가 너무 커서 샘플이 많이 들어있을 거라고 기대했는데 샘플이 하나도 없어서 조금 아쉬웠습니다.ㅠㅠ 발라보니 부드럽게 잘 발리고 발색도 선명해서 마음에 들었어요. 그런데 바르고 밥도 먹고 커피도 한잔했더니 종이컵에 묻어나네요. 지속력은 오래가지 않아서 수시로 덧바르게 됩니다. 그래도 제 얼굴에 자연스럽게 발색되고 화사해져서 좋아요. 웜톤인 저에게 잘 어울리는 거 같아서 만족합니다.,발림성,부드럽게 잘 발리고,1,[속성] 발림성 [문장] 부드럽게 잘 발리고,,발림성,unchanged
train,1036170,SNS,메이크업/뷰티소품,OO 섀도우 팔레트 (1~16호 단품),"OOO 섀도우 팔레트 예쁘고 유용해 보여서 계속 노리고 있던 제품인데 가격이 비싸서ㅠㅠ 할인할 때 좋은 가격으로 냉큼 가지고 왔습니다ㅎㅎ 보이는 것과 같이 색상이 아주 다양해서 다 데일리로 사용하기 너무 좋을 것 같고 두루두루 잘 사용할 것 같아요! 저는 섀도우 바르면 대부분이 쌍꺼풀 라인에 끼는 편인데, 이 제품은 파우더 처리 한번 하고 발라주니까 잘 발려서 끼임 현상이 없어서 좋아요! 색상도 예쁘고 데일리로 사용할 수 있는 섀도우 팔레트로 추천드려요~!",색상,색상도 예쁘고,1,[속성] 색상 [문장] 색상도 예쁘고,,색상,unchanged
train,1036317,SNS,메이크업/뷰티소품,OO 미** 립스틱 특별 구성 세트,OOO 립틴트 잘 쓰고 있어서 이번에는 립스틱으로 구매했습니다. 생각보다 별로였는데요. 립 색깔이 되게 어두웠어요. 사진이나 영상에서는 이 정도까지는 아니었는데 립 색깔이 너무 어두워서 바르면 발색이 촌스러워보이는 거 있죠?! 그리고 립스틱이라 그런지 립틴트에 비해 각질 부각도 어느정도있었습니다. 그래도 발림성은 좋네요. 촉촉하니 부드럽게 발려서 입술이 자극적이지 않았구요. 립 바르고 디저트도 먹었는데 립이 안 지워진 걸 보면 지속력이 좋은 거 같습니다. 립 색깔이 너무 아쉽네요. 립틴트 같은 색상으로 립스틱 나왔으면 좋겠습니다. 참고하세요!,보습력/수분감,촉촉하니,1,[속성] 보습력/수분감 [문장] 촉촉하니,,보습력/수분감/쿨링감,merged_duplicate_label
train,1036363,SNS,메이크업/뷰티소품,OO 네** 쿠션 매트 15g 5colors,친구들이 이 제품을 쓰길래 얼마나 좋으면 그렇게 추천하는거지 하고 호기심에 구입해봤어요. 처음에 발랐을 때는 산뜻하고 괜찮았어요. 근데 커버력은 살짝 약한 느낌이 있네요. 덧발랐더니 커버력은 그대로이지만 무겁지 않고 가볍게 잘 밀착되더라구요. ㅎㅎ 마스크에도 잘 안 묻어나고 너무 좋았습니다. 근데 파우더 제품 같이 사용하면 너무 건조할 것 같아요. 무튼 잘 지워지지도 않고 마스크가 더러워지지도 않아서 중간에 새 마스크로 교체하지 않아도 될 것 같아요 ㅎ용량도 제법 있는 것 같아서 괜찮네요. 추천드립니다~~ 모두가 OO OOO을 한번씩 써보시길~ 흥해라 OO!,흡수력,무겁지 않고,1,[속성] 흡수력 [문장] 무겁지 않고,,흡수력,unchanged
train,1036387,SNS,메이크업/뷰티소품,OO 롱** 팁 컨실러 7.5g,얼굴에 기미랑 여드름 자국이 너무 신경 쓰여서 구매한 제품입니다. 자세한 후기 알려드릴게요. 세일 하기 전에는 살짝 비싼 감이 있고 세일하고 나서는 가격이 좋아 구매하기 좋습니다. 기미랑 여드름 자국에 사용해봤는데 커버력 모르겠네요 ㅋㅋ 그냥 덧바르는 정도여서 나중에는 피부가 뭉치더라구요 ㅎ 촉촉하고 발림성이 좋았지만 너무 많이 발랐는지 피부가 매끄럽지 않았어요. 이 제품이 좋다고 했지만 저한테는 맞지 않네요. 다른 브랜드 컨실러 구매해보려구요! 남은 건.. 동생 줘야겠네요 ㅎㅎ 동생 미안~ㅎㅎ 커버력을 모르겠어요.. ㅠㅠ 슬픕니다.,보습력/수분감,촉촉하고,1,[속성] 보습력/수분감 [문장] 촉촉하고,,보습력/수분감/쿨링감,merged_duplicate_label
train,1036388,SNS,메이크업/뷰티소품,OO 롱** 팁 컨실러 7.5g,"한달사용리뷰! 솔직하고 담백하게 제가 알려드릴게요~! 컨실러 고민중이신분 확인 부탁드려요! 저는 컨실러를 자주 사용하는 편은 아닙니다. 얼굴에 뭐가 났거나 다크써클을 한번씩 가려주는 용도로 사용하죠. 일단 커버력은 나쁘지 않지만 다크써클은.,. 잘 안가려져요. 오히려 나중에 다크닝이 올라와요 ㅠㅠ 촉촉하고 부드럽게 잘 발려지는데 양 조절도 어렵고 잘 모르겠네요. 다만 용량도 많고 용기 사이즈가 좋아서 가방에 넣어다니기는 좋지만.. 넵,. 그렇습니다. 긴 얘기는 더 이상하지 않을게요. 정말 솔직한 한달 후기입니다~ 사람마다 다르니 한번 다른 분 후기도 읽어보고 구매하세용!",보습력/수분감,촉촉하고,1,[속성] 보습력/수분감 [문장] 촉촉하고,,보습력/수분감/쿨링감,merged_duplicate_label
train,215296,쇼핑몰,스킨케어,OO 탄력 에센셜 3종 기획세트(21)+쇼핑백,은은한향 너무 좋고 발림성 좋고 끈적이지않아 만족 스럽게 잘 사용합니다,발림성,발림성 좋고,1,[속성] 발림성 [문장] 발림성 좋고,,발림성,unchanged
train,215645,쇼핑몰,스킨케어,OO 알** 알로에 기초 여름한정 최다구성,넘좋아요 두번째 구매입니다 크림이 좋아요 시원하고 끈적이지 않고 잘 스며들어요,보습력/수분감,시원하고,1,[속성] 보습력/수분감 [문장] 시원하고,,보습력/수분감,unchanged
train,215695,쇼핑몰,스킨케어,OO 미** 모이스처 3종 스페셜 세트,촉촉하고 향도좋고 발림성도 좋네요,보습력/수분감,촉촉하고,1,[속성] 보습력/수분감 [문장] 촉촉하고,,보습력/수분감,unchanged
train,215706,쇼핑몰,스킨케어,OO 세** 2종 구성 (스킨+에멀전),촉촉하고 사용감이 너무 무겁지 않아서 좋아요 ㅎㅎ 향기도 그렇게 진하지 않고 은은한 장미향이 납니다 ! 그냥 추천순에 뜨길래 구매한건데 좋아서 후기씁니다 ㅎㅎ,보습력/수분감,촉촉하고,1,[속성] 보습력/수분감 [문장] 촉촉하고,,보습력/수분감,unchanged
train,215744,쇼핑몰,스킨케어,OO 프리미엄 콜라겐 마스크팩 ** 스페셜 기본 구성,시트팩 에센스 너무 많아 흐르고.. 끈적이고.. 남은 에센스도 몸에 바르는게 한계가 있어 별로 안 좋아했는데 이팩은 에센스 과하지 않아서 좋네요! 건조하려나? 했는데 전혀 안 그러는게 신기해요! 어디 후기에서는 팩이 불투명해질때까지 1시간은 한다해서 해봤는데 촉촉하고 피부에 부담없고 트러블도 안 나서 앞으로 이거만 쓸거 같아요! 아 쿨링감도 너무 좋네요,보습력/수분감,촉촉하고,1,[속성] 보습력/수분감 [문장] 촉촉하고,,보습력/수분감,unchanged
train,215755,쇼핑몰,스킨케어,OO 퍼** 여성 기초 3종 세트,엄마가 아주 좋아하셨어요 촉촉하고 스며드는 느낌이 좋은 제품이예요,보습력/수분감,촉촉하고,1,[속성] 보습력/수분감 [문장] 촉촉하고,,보습력/수분감,unchanged
train,215879,쇼핑몰,스킨케어,OO 수** 토너/에멀젼/아이크림/에센스/크림 택1,촉촉하고 피부에 잘 스며드네요,보습력/수분감,촉촉하고,1,[속성] 보습력/수분감 [문장] 촉촉하고,,보습력/수분감,unchanged
train,215910,쇼핑몰,스킨케어,OO 자** 2종 기획세트 21년형,사용후 끈적임 없고 촉촉하고 매끄러워요,보습력/수분감,촉촉하고,1,[속성] 보습력/수분감 [문장] 촉촉하고,,보습력/수분감,unchanged
train,221108,쇼핑몰,스킨케어,OO 알** 알로에 기초 대박구성,촉촉하니 발림성도 좋고 시원한느낌도 들어요 크림제형은 립밤처럼 그느낌입니다 끈적거리지는않아요,보습력/수분감,촉촉하니,1,[속성] 보습력/수분감 [문장] 촉촉하니,,보습력/수분감,unchanged
train,221109,쇼핑몰,스킨케어,OO 알** 알로에 기초 대박구성,다써가서 주문했어요 무난하게 끈적임없이 피부가 편안합니다 저 꾸덕한 제형의 크림 딱풀마냥 얼굴에 바르고 아침에 일어나면 보들보들 촉촉해요,보습력/수분감,촉촉해요,1,[속성] 보습력/수분감 [문장] 촉촉해요,,보습력/수분감,unchanged
train,221114,쇼핑몰,스킨케어,OO 알** 알로에 기초 대박구성,순하고 향도 은은해서 좋아요. 촉촉하고 끈적이지 않는 것도 맘에 듭니다. 두번째 구입해서 동생이랑 나눠 쓰고 있어요.,자극성,순하고,1,[속성] 자극성 [문장] 순하고,,자극성,unchanged
train,221114,쇼핑몰,스킨케어,OO 알** 알로에 기초 대박구성,순하고 향도 은은해서 좋아요. 촉촉하고 끈적이지 않는 것도 맘에 듭니다. 두번째 구입해서 동생이랑 나눠 쓰고 있어요.,보습력/수분감,촉촉하고,1,[속성] 보습력/수분감 [문장] 촉촉하고,,보습력/수분감,unchanged
train,221209,쇼핑몰,스킨케어,OO 알** 알로에 기초 대박구성,넘좋아요 건성피부인데 촉촉하게 피부보습에 좋아요 순하고,자극성,순하고,1,[속성] 자극성 [문장] 순하고,,자극성,unchanged
train,222112,쇼핑몰,스킨케어,OO 알** 알로에 기초 대박구성,처음 주문해 사용해 보는데요. 구입하면서도 별 기대하지 않았어요. 다른 제품에 비해 가격이 저렴해서요. 홈쇼핑에 나올 때 마다 살가 말까하다가 그래도 한번 사용해보자 하고 주문해 봤는데 너무 좋아요~ 제피부가 건성인데 바르고 나면 촉촉하니 땡기지도 않고 끈적임도 없고 피부가 쫀쫀해지는거 같아요~ 이십대 중반인 딸과 함께 쓰고 있는데요 피부가 엄청 건성이고 입술이 너무 건조해서 갈라지고 피나고 허여게 일어나는데 입술에 크림을 바르는뎌 효과가 정말 좋아요~ 딸도 엄청 맘에 들어해요. 동생한테도 추천 했어요~,보습력/수분감,촉촉하니,1,[속성] 보습력/수분감 [문장] 촉촉하니,,보습력/수분감,unchanged
train,222460,쇼핑몰,스킨케어,OO G** 대용량 에스테틱 패키지 12종,건조했던 피부가 바르는 순간 보들보들 하니 참좋아요 발림성 좋고 저렴한가격에 한상자 가득하네요 한세트 울엄마 선물 드려야겠어요,발림성,발림성 좋고,1,[속성] 발림성 [문장] 발림성 좋고,,발림성,unchanged
train,222482,쇼핑몰,스킨케어,OO G** 대용량 에스테틱 패키지 12종,좋은가격에 잘 구매했습니다. 부모님 사드렸는데 너무 좋아하세요. 향도 좋고 발림성도 좋다고 하시네요^^,향,향도 좋고,1,[속성] 향 [문장] 향도 좋고,,향,unchanged
train,222583,쇼핑몰,스킨케어,OO 프** 콜라겐 기초세트 3+3+3 스페셜 패키지,향도 좋고 바르고 나면 촉촉하니 좋아요~ 두셋트구매해서 어머님이랑 같이사용합니다~,피부타입,향도 좋고,1,[속성] 피부타입 [문장] 향도 좋고,,피부타입,unchanged
train,222776,쇼핑몰,스킨케어,OO 마** 기초 윈터 스페셜,가격도 저렴하고 피부에 잘 흡수되고 좋아요,가격,가격도 저렴하고,1,[속성] 가격 [문장] 가격도 저렴하고,,가격,unchanged
train,310615,쇼핑몰,스킨케어,OO 쎈**  크림 50ml 1개,"내피부에잘맞아서 여러번 주문했어요. 요즘같은계절에 아주 좋습니다. 민감한편인데 촉촉하니 트러블도없이 잘쓰고 있습니다,",보습력/수분감,촉촉하니,1,[속성] 보습력/수분감 [문장] 촉촉하니,,보습력/수분감,unchanged
train,310651,쇼핑몰,스킨케어,OO 쎈**  크림 50ml 1개,용량이 조금 크면 좋겠습니다. 촉촉하고 부드럽습니다. 저녁에 바르고 자면 다음날 아침 피부가 부드럽네요. 추천합니다. 재구매해서 쓰고 있습니다.,보습력/수분감,촉촉하고,1,[속성] 보습력/수분감 [문장] 촉촉하고,,보습력/수분감,unchanged
train,310651,쇼핑몰,스킨케어,OO 쎈**  크림 50ml 1개,용량이 조금 크면 좋겠습니다. 촉촉하고 부드럽습니다. 저녁에 바르고 자면 다음날 아침 피부가 부드럽네요. 추천합니다. 재구매해서 쓰고 있습니다.,윤기/피부(톤),부드럽습니다.,1,[속성] 윤기/피부(톤) [문장] 부드럽습니다.,,윤기/피부(톤),unchanged
train,310685,쇼핑몰,스킨케어,OO 쎈**  크림 50ml 1개,꾸준히 OOO크림만 쓰고 있는데 촉촉하고 적당히 유분기도 있습니다 그리고 용기가 짜서 쓰는거라 위생적이고 넘 맘에 듭니다,보습력/수분감,촉촉하고,1,[속성] 보습력/수분감 [문장] 촉촉하고,,보습력/수분감,unchanged
train,310879,쇼핑몰,스킨케어,OO 블** 스네일 크림 50ml 1개,발림성 좋고 끈적이지않고 촉촉하니 좋네요. 시간이 지나도 속건조하지 않아서 좋습니다.,발림성,발림성 좋고,1,[속성] 발림성 [문장] 발림성 좋고,,발림성,unchanged
train,310889,쇼핑몰,스킨케어,OO 블** 스네일 크림 50ml 1개,여러개 한꺼번에 주문했습니다 촉촉하고 흡수력좋고 사용감이 깔끔합니다 최고네요,보습력/수분감,촉촉하고,1,[속성] 보습력/수분감 [문장] 촉촉하고,,보습력/수분감,unchanged
train,311019,쇼핑몰,스킨케어,OO 블** 스네일 크림 50ml 1개,발림성이 좋고 촉촉함도 마음에 듭니다. 유통기한도 넉넉하네요.,발림성,발림성이 좋고,1,[속성] 발림성 [문장] 발림성이 좋고,,발림성,unchanged
train,311151,쇼핑몰,스킨케어,OO 블** 스네일 크림 50ml 1개,ㅇㅇㅇ 바르고 나면 피부에 잘스며 들고 좋아요 미스트 많이 안뿌려도 되고 밤에 바르고 자면 아침까지 촉촉해요 낮에도 산뜻해서 잘 바르고 다녀요,보습력/수분감,촉촉해요,1,[속성] 보습력/수분감 [문장] 촉촉해요,,보습력/수분감,unchanged
train,311200,쇼핑몰,스킨케어,OO 블** 스네일 크림 50ml 1개,OOO OO 크림 촉촉하고 끈적이지 않고 넘 좋습니다. 앞으로도 계속 바를겁니다.,보습력/수분감,촉촉하고,1,[속성] 보습력/수분감 [문장] 촉촉하고,,보습력/수분감,unchanged
train,311214,쇼핑몰,스킨케어,OO 블** 스네일 크림 50ml 1개,촉촉하고 발림성 좋습니다. 많이 바르면 약간의 끈적임이 남지만 조금있으면 스며들어요. 향도 은은해서 크게 호불호가 없을듯 하고 유효기간이 넉넉합니다. 가격이 착해서 부담없이 손에도 자주 발라주기도하고 겨울철에는 특히 많이쓰게 됩니다. 배송비도 있고하니 한번에 두세개쯤 구입하면 가성비 좋습니다.,보습력/수분감,촉촉하고,1,[속성] 보습력/수분감 [문장] 촉촉하고,,보습력/수분감,unchanged
train,311291,쇼핑몰,스킨케어,OO 블** 스네일 크림 50ml 1개,가격대비 좋네요. 발림성이나 향도 좋고 보습도 오래 유지되는 거 같습니다,향,향도 좋고,1,[속성] 향 [문장] 향도 좋고,,향,unchanged
train,311345,쇼핑몰,스킨케어,OO 블** 스네일 크림 50ml 1개,아침까지 촉촉해서 좋은 것 같아요. 가격이 저렴해서 기대하지 않았어요. 악건성인 분들께 추천합니다. 가격도 저렴하고 지속시간도 길게 유지 되네요. 제피부엔 안성맞춤입니다. 이틀 사용해본 결과는 만족스럽습니다.,가격,가격도 저렴하고,1,[속성] 가격 [문장] 가격도 저렴하고,,가격,unchanged
train,311353,쇼핑몰,스킨케어,OO 블** 스네일 크림 50ml 1개,선물받아 써보고 너무좋아 주문했네요. 가격도 저렴하고 너무 좋습니다. 효과좋아 계속 쓸게요.,가격,가격도 저렴하고,1,[속성] 가격 [문장] 가격도 저렴하고,,가격,unchanged
train,311375,쇼핑몰,스킨케어,OO 블** 스네일 크림 50ml 1개,배송이 매우 빠르네요. 촉촉하고 발림성이 좋습니다. 저렴하고 좋은 상품이에요.,보습력/수분감,촉촉하고,1,[속성] 보습력/수분감 [문장] 촉촉하고,,보습력/수분감,unchanged
train,311411,쇼핑몰,스킨케어,OO 블** 스네일 크림 50ml 1개,제품 사용해보면 너무 좋아요. 촉촉하고 끈적임도 없고 주름개선에도 좋습니다.,보습력/수분감,촉촉하고,1,[속성] 보습력/수분감 [문장] 촉촉하고,,보습력/수분감,unchanged
train,311418,쇼핑몰,스킨케어,OO 블** 스네일 크림 50ml 1개,크림가격에 비하면 그 어느크림보다 저는 아주맘에 들어요. 피부가 촉촉하고 반짝거린다는 말을 많이 들었습니다.,보습력/수분감,피부가 촉촉하고,1,[속성] 보습력/수분감 [문장] 피부가 촉촉하고,,보습력/수분감,unchanged
train,311495,쇼핑몰,스킨케어,OO 블** 스네일 크림 50ml 1개,재구매제품으로 발림성도 좋고 촉촉하고 가성비 너무 좋아요.,보습력/수분감,촉촉하고,1,[속성] 보습력/수분감 [문장] 촉촉하고,,보습력/수분감,unchanged
train,311577,쇼핑몰,스킨케어,OO 블** 스네일 크림 50ml 1개,촉촉하니 부드러운 느낌이 좋아요. 저녁에 바르고 아침에 세수하면 부드러움이 느껴집니다.,보습력/수분감,촉촉하니,1,[속성] 보습력/수분감 [문장] 촉촉하니,,보습력/수분감,unchanged
train,311577,쇼핑몰,스킨케어,OO 블** 스네일 크림 50ml 1개,촉촉하니 부드러운 느낌이 좋아요. 저녁에 바르고 아침에 세수하면 부드러움이 느껴집니다.,윤기/피부(톤),부드러움이 느껴집니다.,1,[속성] 윤기/피부(톤) [문장] 부드러움이 느껴집니다.,,윤기/피부(톤),unchanged
train,311594,쇼핑몰,스킨케어,OO 블** 스네일 크림 50ml 1개,촉촉하고 좋아서 계속 사서 바르고 있습니다. 가격도 저렴해서 좋아요. 다 쓰기 전에 또 구매하겠습니다.,보습력/수분감,촉촉하고,1,[속성] 보습력/수분감 [문장] 촉촉하고,,보습력/수분감,unchanged
train,311684,쇼핑몰,스킨케어,OO 블** 스네일 크림 50ml 1개,건조한편인데 ㅇㅇㅇ크림은 촉촉하니 얼굴에 윤기가 나요. 유통기한도 길고 좋아요.,보습력/수분감,촉촉하니,1,[속성] 보습력/수분감 [문장] 촉촉하니,,보습력/수분감,unchanged
train,311727,쇼핑몰,스킨케어,OO 블** 스네일 크림 50ml 1개,"촉촉하고 향이 없어요, 가격도 맘에 듭니다. 좋은 제품 많이 파세요.",보습력/수분감,촉촉하고,1,[속성] 보습력/수분감 [문장] 촉촉하고,,보습력/수분감,unchanged
train,311732,쇼핑몰,스킨케어,OO 블** 스네일 크림 50ml 1개,잠깐 써봤는데 촉촉하고 사용감이 좋아서 한꺼번에 여러개 주문했어요. 피부가 조금 민감한 상태여서 그런지 살짝 트러블 생기는 거 같았는데 조금씩 바르면서 적응중인데 괜찮은거 같아요 가을 겨울에 더 좋을거 같습니다.,보습력/수분감,촉촉하고,1,[속성] 보습력/수분감 [문장] 촉촉하고,,보습력/수분감,unchanged
train,311736,쇼핑몰,스킨케어,OO 블** 스네일 크림 50ml 1개,촉촉하고 발림성도 좋고 향도 좋습니다. 무엇보다 주름개선에 좋습니다.,보습력/수분감,촉촉하고,1,[속성] 보습력/수분감 [문장] 촉촉하고,,보습력/수분감,unchanged
train,311744,쇼핑몰,스킨케어,OO 블** 스네일 크림 50ml 1개,가성비 갑 제품이에요. 촉촉하고 요거 하나면 충분해요. 듬뿍듬뿍 발라도 안 아까운 제품이라 좋습니다.,보습력/수분감,촉촉하고,1,[속성] 보습력/수분감 [문장] 촉촉하고,,보습력/수분감,unchanged
train,311808,쇼핑몰,스킨케어,OO 센**  크림 50ml 1개,시즌4를 썼을때 좋아서 더 좋아진 시즌5기대하며 구매했네요 촉촉하고 기대이상입니다. 기미에도 효과 있음 좋겠습니다.,보습력/수분감,촉촉하고,1,[속성] 보습력/수분감 [문장] 촉촉하고,,보습력/수분감,unchanged
train,311847,쇼핑몰,스킨케어,OO 센**  크림 50ml 1개,환절기마다 건조하던 피부가 촉촉해졌습니다. 몇 년째 재구매하고 있는데 가격도 좋고 효과도 좋습니다. 추천합니다.,보습력/수분감,피부가 촉촉해졌습니다.,1,[속성] 보습력/수분감 [문장] 피부가 촉촉해졌습니다.,,보습력/수분감,unchanged
train,311899,쇼핑몰,스킨케어,OO 센**  크림 50ml 1개,향은 거의 없으나 약간의 한약냄새같은 느낌만 있네요. 촉촉하고 발림성 좋습니다. 건조한 피부에 자기전에 바르니 아침까지 촉촉합니다. 건조함과 주름때문에 구입했는데 효과 만족합니다. 아직은 얼굴이 환해지는 미백효과까지는 모르겠지만 피부가 좋아지는 느낌이 있습니다.,보습력/수분감,촉촉하고,1,[속성] 보습력/수분감 [문장] 촉촉하고,,보습력/수분감,unchanged
train,311899,쇼핑몰,스킨케어,OO 센**  크림 50ml 1개,향은 거의 없으나 약간의 한약냄새같은 느낌만 있네요. 촉촉하고 발림성 좋습니다. 건조한 피부에 자기전에 바르니 아침까지 촉촉합니다. 건조함과 주름때문에 구입했는데 효과 만족합니다. 아직은 얼굴이 환해지는 미백효과까지는 모르겠지만 피부가 좋아지는 느낌이 있습니다.,지속력/유지력,아침까지 촉촉합니다.,1,[속성] 지속력/유지력 [문장] 아침까지 촉촉합니다.,,지속력,merged_duplicate_label
train,311954,쇼핑몰,스킨케어,OO 센**  크림 50ml 1개,저렴하게 잘 샀습니다. 발림성도 촉촉하고 좋아 잘 산 것 같습니다.,보습력/수분감,촉촉하고,1,[속성] 보습력/수분감 [문장] 촉촉하고,,보습력/수분감,unchanged
train,312189,쇼핑몰,스킨케어,OO 아** 마일드 에멀전 380ml 1개,OOO가 저렴한 가격이 최고입니다. 향 좋고 발림성 좋고 가성비 좋습니다.,발림성,발림성 좋고,1,[속성] 발림성 [문장] 발림성 좋고,,발림성,unchanged
train,312255,쇼핑몰,스킨케어,OO 아** 마일드 에멀전 380ml 1개,보습을 위해 몇년 째 사용합니다.저렴한 가격에 비해 촉촉하고 트러블도 없어 부담없이 사용합니다.,보습력/수분감,촉촉하고,1,[속성] 보습력/수분감 [문장] 촉촉하고,,보습력/수분감,unchanged
train,312292,쇼핑몰,스킨케어,OO 아** 마일드 에멀전 380ml 1개,"배송도 빠르고 좋아요. 얼굴부터 전신을 바를 수 있는 부담 없는 제품입니다. 가격이 착하고, 순해서 좋습니다. 모두가 다 사용할 수 있어요. 나중에 재구매 할 예정입니다.",자극성,순해서 좋습니다.,1,[속성] 자극성 [문장] 순해서 좋습니다.,,자극성,unchanged
train,312344,쇼핑몰,스킨케어,OO 아** 마일드 에멀전 380ml 1개,데일리로 사용하기에 좋아요. 가격도 저렴해서 얼굴에 마사지도 하고 얼굴이외의 건조한 피부에 수시로 바르기 좋습니다.,기능/효과,데일리로 사용하기에 좋아요.,1,[속성] 기능/효과 [문장] 데일리로 사용하기에 좋아요.,,기능/효과,unchanged
train,312361,쇼핑몰,스킨케어,OO 아** 마일드 에멀전 380ml 1개,가격도 저렴하고 발림도 괜찮고 인지도도 있는 제품이에요. 목욕후 바디 로숀으로 듬뿍듬뿍 편하게 사용하기 좋아요,가격,가격도 저렴하고,1,[속성] 가격 [문장] 가격도 저렴하고,,가격,unchanged
train,312393,쇼핑몰,스킨케어,OO 아** 마일드 에멀전 380ml 1개,착한 가격에 대용량이라 용량이 많아서 넉넉하게 바르고 있어요. 이 제품 여러번 사용했는데 끈적이지 않게 발리고 피부에 빨리 스며들고 향도 진하지 않고 은은해서 부담이 없어서 좋아요.,용량/개수,대용량이라,1,[속성] 용량/개수 [문장] 대용량이라,,용량,merged_duplicate_label
train,312579,쇼핑몰,스킨케어,OO 아** 마일드 에멀전 380ml 1개,발림성이 좋고 촉촉해서 좋습니다. 잘 스며들어서 좋아요.,발림성,발림성이 좋고,1,[속성] 발림성 [문장] 발림성이 좋고,,발림성,unchanged
train,312777,쇼핑몰,스킨케어,OO 아** 마일드 에멀전 380ml 1개,건성이라 로션을 많이 사용하는데 순하고 향도 자극적이지 않아서 사용하기 좋습니다,자극성,순하고,1,[속성] 자극성 [문장] 순하고,,자극성,unchanged
train,312805,쇼핑몰,스킨케어,OO 아** 마일드 에멀전 380ml 1개,"순하고, 저렴하고, 양이 많아요. 팔이나 다리도 맘 놓고 사용하니 좋습니다. 촉촉함도 오래가고, 끈적이지 않아요. 향도 은은하고 좋습니다.",자극성,순하고,1,[속성] 자극성 [문장] 순하고,,자극성,unchanged
train,312821,쇼핑몰,스킨케어,OO 아** 마일드 에멀전 380ml 1개,로션을 구매하여 사용해보니 저한테 맞고 좋아서 스킨도 같이 구매해봅니다. 이제 여름이라 스킨도 같이 구매했어요. 피부가 좋아지기를 기대합니다.,기능/효과,피부가 좋아지기를 기대합니다.,0,[속성] 기능/효과 [문장] 피부가 좋아지기를 기대합니다.,,기능/효과,unchanged
train,312886,쇼핑몰,스킨케어,OO 인** 기초 5종 세트,주름이 펴지는 변화가 생겼으면 좋겠습니다. 촉촉하고 광이 나네요. 촉촉함이 오래가지는 않지만 꾸준히 사용하다 보면 주름이 좋아질꺼라 봅니다.,보습력/수분감,촉촉하고,1,[속성] 보습력/수분감 [문장] 촉촉하고,,보습력/수분감,unchanged
train,312886,쇼핑몰,스킨케어,OO 인** 기초 5종 세트,주름이 펴지는 변화가 생겼으면 좋겠습니다. 촉촉하고 광이 나네요. 촉촉함이 오래가지는 않지만 꾸준히 사용하다 보면 주름이 좋아질꺼라 봅니다.,보습력/수분감,촉촉함이 오래가지는 않지만,-1,[속성] 보습력/수분감 [문장] 촉촉함이 오래가지는 않지만,,보습력/수분감,unchanged
train,312942,쇼핑몰,스킨케어,OO 인** 기초 5종 세트,저렴하게 구입했고 촉촉하니 피부가 맑아지네요. 항상 쓰는제품이라 안심하고 쓰고있습니다~^^,보습력/수분감,촉촉하니,1,[속성] 보습력/수분감 [문장] 촉촉하니,,보습력/수분감,unchanged
train,313064,쇼핑몰,스킨케어,OO D** 페이셜 로션 200ml 1개,크림쓰다가 날씨 따뜻해지면서 가볍게 바르려고 로션 샀는데 보습력이 좋아요. 저녁에 바르면 아침까지 촉촉해요,보습력/수분감,촉촉해요,1,[속성] 보습력/수분감 [문장] 촉촉해요,,보습력/수분감,unchanged
train,313065,쇼핑몰,스킨케어,OO D** 페이셜 로션 200ml 1개,"발림성이 좋고, 향도 거의 없고 ,피부에 흡수가 잘 되서 좋아요. 첫느낌은 기름진것 같았는데 시간이 좀 지나면 흡수되면서 수분이 확 채워지는 느낌이 있네요. 겉에만 촉촉한 느낌이 아니라 속까지 촉촉하네요. 워낙 건성이고 모공도 잘 막혀서 다른거 쓰면 트러블 나는데 이건 괜찮습니다.",발림성,발림성이 좋고,1,[속성] 발림성 [문장] 발림성이 좋고,,발림성,unchanged
train,313075,쇼핑몰,스킨케어,OO D** 페이셜 로션 200ml 1개,"건성인데 촉촉하고 끈적거리지 않아서 좋습니다. 데일리로 자주 쓸 것 같고, 용량도 크고, 가격도 착해서 만족감 최고입니다.",보습력/수분감,촉촉하고,1,[속성] 보습력/수분감 [문장] 촉촉하고,,보습력/수분감,unchanged
train,313080,쇼핑몰,스킨케어,OO D** 페이셜 로션 200ml 1개,OOO은 순하고 자극이 적어서 남녀노소 피부타입에 관계없이 사용할 수 있다고 들었습니다. 사용해보니 부드럽고 촉촉합니다. 다만 극 건성이신분들은 로션만으로는 부족할 것 같아요.,윤기/피부(톤),부드럽고,1,[속성] 윤기/피부(톤) [문장] 부드럽고,,윤기/피부(톤),unchanged
train,313086,쇼핑몰,스킨케어,OO D** 페이셜 로션 200ml 1개,착한성분의 기초제품 찾다가 ○○○ 처음 접하게 되었는데 이 로션이 저에겐 참 잘 맞아요 순하고 자극적이지않고 촉촉하네요,자극성,순하고,1,[속성] 자극성 [문장] 순하고,,자극성,unchanged
train,313099,쇼핑몰,스킨케어,OO D** 페이셜 로션 200ml 1개,몇년째 사용하고 있어요 피부가 예민해서 계속 사용했지만 그만큼 순하고 여름 겨울 상관없이 사용하기 좋아요 향도 없어 좋고요 바디에 발라도 순해서 문제 없습니다 겨울에는 이거 바르고 크림 얇게 바르면 좋습니다.,자극성,순하고,1,[속성] 자극성 [문장] 순하고,,자극성,unchanged
train,313107,쇼핑몰,스킨케어,OO D** 페이셜 로션 200ml 1개,순하고 민감성 피부에 정말 좋네요. 배송도 만족스럽네요. 더워질 때 양 조절해서 바르면 유분도 적당하고 보습도 좋네요. 장기적으로 사용해서 얼굴 홍조도 많이 개선됐네요.,자극성,순하고,1,[속성] 자극성 [문장] 순하고,,자극성,unchanged
train,313128,쇼핑몰,스킨케어,OO D** 페이셜 로션 200ml 1개,OOO 유명해서 사봤는데 순하고 촉촉해요. 건조함이 사라지고 유명한 이유가 있었네요. 나중에 크림종류 구매할께요.,자극성,순하고,1,[속성] 자극성 [문장] 순하고,,자극성,unchanged
train,313128,쇼핑몰,스킨케어,OO D** 페이셜 로션 200ml 1개,OOO 유명해서 사봤는데 순하고 촉촉해요. 건조함이 사라지고 유명한 이유가 있었네요. 나중에 크림종류 구매할께요.,보습력/수분감,촉촉해요,1,[속성] 보습력/수분감 [문장] 촉촉해요,,보습력/수분감,unchanged
train,313215,쇼핑몰,스킨케어,OO D** 페이셜 로션 200ml 1개,추천으로 ㅇㅇㅇ 사용하다가 다른 제품을 사용했는데 개인적인 차이는 있겠지만 전 ㅇㅇㅇ이 건성인 제 피부에 더 잘 맞는 것 같아요. 순하고 발림성도 좋아요 끈적임도 심하지 않아요.,자극성,순하고,1,[속성] 자극성 [문장] 순하고,,자극성,unchanged
train,313270,쇼핑몰,스킨케어,OO D** 페이셜 로션 200ml 1개,근데 너무 건조하네요. 처음에는 촉촉하고 발림성도 좋은데 흡수되고 나서 볼이랑 이마부분이 땡기네요.저는 트러블 같은건 나지 않았네요.,보습력/수분감,촉촉하고,1,[속성] 보습력/수분감 [문장] 촉촉하고,,보습력/수분감,unchanged
train,313274,쇼핑몰,스킨케어,OO D** 페이셜 로션 200ml 1개,"기름지지 않고, 보습력은 좋아서 데일리 케어로 좋습니다.가격이 저렴했으면 좋겠어요.",보습력/수분감,기름지지 않고,1,[속성] 보습력/수분감 [문장] 기름지지 않고,,보습력/수분감,unchanged
train,313284,쇼핑몰,스킨케어,OO D** 페이셜 로션 200ml 1개,보습용으로 꾸준히 사용합니다 OO로션보다 유분기가 적어서 더 순하게 느껴집니다. 가을까지 이거 하나로 보습이 가능했는데 추워지니 좀 부족합니다. 샘플로 온 크림을 써 봤는데 겨울엔 크림을 사용하는 것도 괜찮겠네요. 순하고 촉촉해서 데일리로 계속 사용하게 됩니다. OOO은 항상 안정적으로 보습할 수 있어 좋습니다.,자극성,순하고,1,[속성] 자극성 [문장] 순하고,,자극성,unchanged
train,313293,쇼핑몰,스킨케어,OO D** 페이셜 로션 200ml 1개,OOO 로션은 다른 제품에 비해 양이 많고 저렴하며 보습력이 좋습니다. 발랐을 때 기름지지 않고 부드럽게 발리며 산뜻한 느낌이 나네요. 배송도 빨라 만족합니다.,흡수력,기름지지 않고,1,[속성] 흡수력 [문장] 기름지지 않고,,흡수력,unchanged
train,313309,쇼핑몰,스킨케어,OO D** 페이셜 로션 200ml 1개,순하고 냄새도 없어서 좋고 환절기에 건조할 때 최고인 것 같습니다. 피부가 예민한데 다른 로션들처럼 트리블도 없어서 좋습니다.,자극성,순하고,1,[속성] 자극성 [문장] 순하고,,자극성,unchanged
train,313321,쇼핑몰,스킨케어,OO D** 페이셜 로션 200ml 1개,속건성 타입이라 보습력이 뛰어난건 모르겠습니다. 순하고 트러블 없이 잘 쓰고 있습니다. 무향에 여기저기 얼굴 말고도 여기저기 바르기 좋습니다.,자극성,순하고,1,[속성] 자극성 [문장] 순하고,,자극성,unchanged
train,313323,쇼핑몰,스킨케어,OO D** 페이셜 로션 200ml 1개,지성 수분 부족 복합성 피부인데 매일 이거 하나면 끝 입니다. 사계절 내내 필수입니다. 순하고 자극 없습니다.,자극성,순하고,1,[속성] 자극성 [문장] 순하고,,자극성,unchanged
train,313324,쇼핑몰,스킨케어,OO D** 페이셜 로션 200ml 1개,제품이 순하고 발림성 좋습니다. 촉촉함이 오래가지는 않지만 자주 바르기 좋고 성분이 좋아서 또 재구매를 하게 되네요. 구성품을 묶어서 자주 할인하면 좋겠네요.,보습력/수분감,촉촉함이 오래가지는 않지만,-1,[속성] 보습력/수분감 [문장] 촉촉함이 오래가지는 않지만,,보습력/수분감,unchanged
train,313333,쇼핑몰,스킨케어,OO D** 페이셜 로션 200ml 1개,어린이 피부에도 부드럽고 촉촉합니다 샤워한 후 바르면 자극적이지 않아 매우 좋아요 추천합니다,윤기/피부(톤),부드럽고,1,[속성] 윤기/피부(톤) [문장] 부드럽고,,윤기/피부(톤),unchanged
train,313353,쇼핑몰,스킨케어,OO D** 페이셜 로션 200ml 1개,피부과에서도 이 제품을 추천해줍니다 향기가 나는 제품은 아니지만 발림성 좋고 보습력이 좋아요,발림성,발림성 좋고,1,[속성] 발림성 [문장] 발림성 좋고,,발림성,unchanged
train,313366,쇼핑몰,스킨케어,OO D** 페이셜 로션 200ml 1개,복합성이라 유분도 많고 건조한 데는 피부가 터서 너무 걱정이었는데 이거 바르고 많이 좋아졌습니다 보습도 되고 순해서 좋습니다.,자극성,순해서 좋습니다.,1,[속성] 자극성 [문장] 순해서 좋습니다.,,자극성,unchanged
train,313389,쇼핑몰,스킨케어,OO D** 페이셜 로션 200ml 1개,무향이면서 발림성 좋고 바르면 피부에 겉돌지않고 촉촉하게 잘 스며들어서 좋습니다 끈적임도 없어 너무 좋아요 제조일자는 2022.02.11 이고 2025.08.10 이라 비교적 최신거라 사용기한이 길어 좋아요 페이스용 로션으론 가장 좋은 제품입니다,발림성,발림성 좋고,1,[속성] 발림성 [문장] 발림성 좋고,,발림성,unchanged
train,313396,쇼핑몰,스킨케어,OO D** 페이셜 로션 200ml 1개,"복합성피부에는 자극적이지 않고 보습력도 뛰어나며, 유분도 적당히 있는 이제품이 잘 맞아요. 계속 이제품 구매해서 사용할 예정입니다. 보습력 무자극성 로션을 찾는 분께 추천합니다. 가격도 저렴해서 부담없이 사용합니다.",자극성,자극적이지 않고,1,[속성] 자극성 [문장] 자극적이지 않고,,자극성,unchanged
train,313405,쇼핑몰,스킨케어,OO D** 페이셜 로션 200ml 1개,배송 빠르고 좋아요. 데일리로 사용하기 좋습니다. 남녀노소 다 쓸 수 있는게 장점이예요. 크림에 비해 보습력은 부족하네요. 재구매할거예요. 잘 쓰겠습니다.,기능/효과,데일리로 사용하기 좋습니다.,1,[속성] 기능/효과 [문장] 데일리로 사용하기 좋습니다.,,기능/효과,unchanged
train,313420,쇼핑몰,스킨케어,OO D** 페이셜 로션 200ml 1개,임신때부터 사용해서 지금까지 사용중이예요. 가격도 저렴하고 얼굴 바디까지 다 바를수 있어서 부담이 적고 좋습니다. 애들도 건조하고 트러블 생길때 발라주면 좋네요. 쓰기도 편해요.,가격,가격도 저렴하고,1,[속성] 가격 [문장] 가격도 저렴하고,,가격,unchanged
train,313454,쇼핑몰,스킨케어,OO D** 페이셜 로션 200ml 1개,순하고 촉촉해서 머리부터 발끝까지 매일 사용하고 있습니다. 얼굴에 유분기가 조금이라도 과하다 싶으면 뭐가 났었는데 이 제품은 덧발라도 잘 스며들어 좋습니다.,자극성,순하고,1,[속성] 자극성 [문장] 순하고,,자극성,unchanged
train,313461,쇼핑몰,스킨케어,OO D** 페이셜 로션 200ml 1개,순하고 데일리로 쓰기 좋습니다. 유분기가 있어서 아침에 쓰는 게 좋답니다. 순하고 오후에 기름이 적게 올라와서 괜찮아요.,자극성,순하고,1,[속성] 자극성 [문장] 순하고,,자극성,unchanged
train,313461,쇼핑몰,스킨케어,OO D** 페이셜 로션 200ml 1개,순하고 데일리로 쓰기 좋습니다. 유분기가 있어서 아침에 쓰는 게 좋답니다. 순하고 오후에 기름이 적게 올라와서 괜찮아요.,기능/효과,데일리로 쓰기 좋습니다.,1,[속성] 기능/효과 [문장] 데일리로 쓰기 좋습니다.,,기능/효과,unchanged
train,313470,쇼핑몰,스킨케어,OO D** 페이셜 로션 200ml 1개,사용해보니 괜찮습니다. 보습도 좋고 혹시 여드름 날까봐 보습용으로 샀는데 아직까지는 아무런 자극이 없네요.,보습력/수분감,보습도 좋고,1,[속성] 보습력/수분감 [문장] 보습도 좋고,,보습력/수분감,unchanged
train,313531,쇼핑몰,스킨케어,OO D** 페이셜 로션 200ml 1개,자극적이지 않고 발림성도 좋아서 약간 아토피가 있는데도 확실히 다른 로션 쓸데보다 가려움이 없어요. 민감성 피부인 사람이 사용하기 좋아요. 추천합니다.,자극성,자극적이지 않고,1,[속성] 자극성 [문장] 자극적이지 않고,,자극성,unchanged
train,313543,쇼핑몰,스킨케어,OO D** 페이셜 로션 200ml 1개,여드름에도 좋다고 합니다. 가격이 저렴했으면 좋겠어요. 보습도 좋고 여드름에도 좋아요 1+1행사가 그립네요,보습력/수분감,보습도 좋고,1,[속성] 보습력/수분감 [문장] 보습도 좋고,,보습력/수분감,unchanged
train,313558,쇼핑몰,스킨케어,OO D** 페이셜 로션 200ml 1개,"산지 오래되긴 했는데, 양이 많아서 아직도 쓰고 있어요. 여름에 쓰기에 더 산뜻하고, 끈적임이 없어서 좋습니다. 향도 없고 비싸서 행사할 때나 구입합니다.",향,향도 없고,1,[속성] 향 [문장] 향도 없고,,향,unchanged
train,313559,쇼핑몰,스킨케어,OO D** 페이셜 로션 200ml 1개,건조하고 가려운 것도 개선되고 크림과 함께 사용하면 보습 효과가 좋네요. 흡수되는데 조금 시간이 걸리는 편이라 제형 끈적임이 있어서 조금 아쉽습니다 데일리로 잘 사용하고 있어요.,기능/효과,데일리로 잘 사용하고 있어요.,1,[속성] 기능/효과 [문장] 데일리로 잘 사용하고 있어요.,,기능/효과,unchanged
train,313564,쇼핑몰,스킨케어,OO D** 페이셜 로션 200ml 1개,항상 쓰는 제품이라 구매했습니다 다른 제품 여러개 바르는 것보다 이거 하나 바르는게 특히나 요즘같은 더운 여름에는 좋네요 무겁지 않고 가볍게 흡수되고 순하네요. 이거 바르고 뾰루지 올라온 적도 없어서 만족하면서 쓰고 있습니다,흡수력,무겁지 않고,1,[속성] 흡수력 [문장] 무겁지 않고,,흡수력,unchanged
train,313574,쇼핑몰,스킨케어,OO D** 페이셜 로션 200ml 1개,묽은 제형이어서 잘 발리고 흡수는 여러 번 문질러야 합니다. 촉촉하고 촉촉함이 오래갑니다. 요즘 날씨에는 이거만 발라도 효과 좋습니다.,보습력/수분감,촉촉하고,1,[속성] 보습력/수분감 [문장] 촉촉하고,,보습력/수분감,unchanged
train,313594,쇼핑몰,스킨케어,OO D** 페이셜 로션 200ml 1개,"크림도 갖고 있는데 두 가지를 한꺼번에 쓸 필요는 없네요. 여름엔 크림보다 가벼운 로션이 적당한 것 같아요. 크림은 겨울에 쓰려고요. 로션이라고 해서 수분, 영양감이 크림보다 떨어지는 건 아니고 제형이 조금 가벼운 질감이라 산뜻합니다.",흡수력,산뜻합니다.,1,[속성] 흡수력 [문장] 산뜻합니다.,,흡수력,unchanged
train,313620,쇼핑몰,스킨케어,OO D** 페이셜 로션 200ml 1개,접촉성 피부염에 효과가 있습니다 순하고 자극없고 잘 발려서 좋습니다 특히 향이 없어 좋아요,자극성,순하고,1,[속성] 자극성 [문장] 순하고,,자극성,unchanged
train,313641,쇼핑몰,스킨케어,OO D** 페이셜 로션 200ml 1개,사용해보니 부드럽게 잘 발리고 매끄럽게 잘 스며들어 크림 바르기에도 아주 좋습니다. 크림이 쫀쫀한데 로션이 잘 흡수되면서 잘 받쳐주어 좋습니다.,발림성,부드럽게 잘 발리고,1,[속성] 발림성 [문장] 부드럽게 잘 발리고,,발림성,unchanged
train,313667,쇼핑몰,스킨케어,OO D** 페이셜 로션 200ml 1개,끈적이지 않고 촉촉해서 좋습니다. ㅇㅇㅇ로 정착하려고 합니다. 자극적이지 않고 냄새도 없어서 좋아요 저렴하게 구입했어요,자극성,자극적이지 않고,1,[속성] 자극성 [문장] 자극적이지 않고,,자극성,unchanged
train,313671,쇼핑몰,스킨케어,OO D** 페이셜 로션 200ml 1개,민감성 지루성 피부에 적합합니다. 성분이 순하고 바르면 피부가 촉촉해서 편안해집니다. 성분도 단순해서 성분 걱정할 필요도 없고 민감성 피부를 가지신 분께 적합한 로션입니다. 몇 통째 사용한건지 모르겠어요.,성분,성분이 순하고,1,[속성] 성분 [문장] 성분이 순하고,,성분,unchanged
train,313677,쇼핑몰,스킨케어,OO D** 페이셜 로션 200ml 1개,저자극에 보습력이 뛰어나고 발림성도 좋아서 십대 딸이 쓰고 있어요.,기능/효과,보습력이 뛰어나고,1,[속성] 기능/효과 [문장] 보습력이 뛰어나고,,기능/효과,unchanged
train,313722,쇼핑몰,스킨케어,OO D** 페이셜 로션 200ml 1개,속당김이 없어 너무 좋습니다. 순하고 발림성도 좋습니다. 사은품은 휴대로 잘 가지고 다니면서 건조할 때마다 덧바르고 있습니다.,자극성,순하고,1,[속성] 자극성 [문장] 순하고,,자극성,unchanged
train,313775,쇼핑몰,스킨케어,OO D** 페이셜 로션 200ml 1개,예민한 남편피부에 너무 좋다고 하네요 자극적이지 않고 순해요 피부과에서도 적극 추천하는 상품이예요,자극성,자극적이지 않고,1,[속성] 자극성 [문장] 자극적이지 않고,,자극성,unchanged
train,313785,쇼핑몰,스킨케어,OO D** 페이셜 로션 200ml 1개,사춘기 아이가 사용하고 있어요. 트러블이 있는 피부인데 얼굴에 바르면 무겁지 않고 가볍게 발려서 좋습니다.,흡수력,가볍게 발려서 좋습니다.,1,[속성] 흡수력 [문장] 가볍게 발려서 좋습니다.,,흡수력,unchanged
train,313786,쇼핑몰,스킨케어,OO D** 페이셜 로션 200ml 1개,"얼굴이 너무 건조해서 ○○○로션,크림 샀습니다 보습은 역시 ○○○이더라구요 온가족이 수시로 바릅니다~ 촉촉하고 트러블없고 좋아요~",보습력/수분감,촉촉하고,1,[속성] 보습력/수분감 [문장] 촉촉하고,,보습력/수분감,unchanged
train,313843,쇼핑몰,스킨케어,OO D** 페이셜 로션 200ml 1개,촉촉하고 자극이 적어 아토피 있는 아이에게 잘 맞는 것 같아 꾸준히 사용하고 있습니다.,보습력/수분감,촉촉하고,1,[속성] 보습력/수분감 [문장] 촉촉하고,,보습력/수분감,unchanged
train,313873,쇼핑몰,스킨케어,OO D** 페이셜 로션 200ml 1개,아이 로션으로 구매해 사용합니다. 촉촉하고 사용감과 보습이 좋습니다.,보습력/수분감,촉촉하고,1,[속성] 보습력/수분감 [문장] 촉촉하고,,보습력/수분감,unchanged
train,314066,쇼핑몰,스킨케어,OO 설** 탄력 크림 75ml 1개,이번 겨울엔 OOO탄력크림을 바른 후에는 촉촉하고 윤기가 납니다. 물론 보습력이 좋아서 얼굴에 뾰루지가 올라오긴 하지만 촉촉함에 만족하네요.,보습력/수분감,촉촉하고,1,[속성] 보습력/수분감 [문장] 촉촉하고,,보습력/수분감,unchanged
train,314072,쇼핑몰,스킨케어,OO 설** 탄력 크림 75ml 1개,촉촉하니 좋아요. 매일 바르지만 여느 크림보다 바르고 나면 피부가 쫀쫀해지고 피부결이 고아지는 느낌이 확실히 나요. 향기는 그리 진하지 않아서 힘들지는 않아요. 1년동안 써 오던 제품이라 이제는 평범하게 눌 쓰려니 해요.,보습력/수분감,촉촉하니,1,[속성] 보습력/수분감 [문장] 촉촉하니,,보습력/수분감,unchanged
train,314081,쇼핑몰,스킨케어,OO 설** 탄력 크림 75ml 1개,너무 좋아요. 촉촉하고 피부결이 좋아졌답니다. 비싸지만 피부에 잘 맞아서 만족스러워요. 계속 사용할 예정입니다.,보습력/수분감,촉촉하고,1,[속성] 보습력/수분감 [문장] 촉촉하고,,보습력/수분감,unchanged
train,314092,쇼핑몰,스킨케어,OO 설** 탄력 크림 75ml 1개,촉촉하고 발림이 좋습니다. 기존 제품들에 비해 보습력이 좋은지 얼굴 땅김 현상이 거의 없네요. 다른 기초 화장품도 같이 사용하니 시너지가 효과가 좋습니다. 피부톤도 밝아져서 좋아요.,보습력/수분감,촉촉하고,1,[속성] 보습력/수분감 [문장] 촉촉하고,,보습력/수분감,unchanged
train,314126,쇼핑몰,스킨케어,OO 설** 탄력 크림 75ml 1개,좋아요 촉촉하고 용량도 커서 좋아요 샘플도 받아서 만족합니다 할인한 가격으로 구입해서 좋아요 ㅇㅇㅇ탄력크림 어머니가 쓰셔서 구입했습니다 방판이나 백화점보다 샘플은 덜 받아도 가격이 저렴해서 좋아요,보습력/수분감,촉촉하고,1,[속성] 보습력/수분감 [문장] 촉촉하고,,보습력/수분감,unchanged
train,314164,쇼핑몰,스킨케어,OO 설** 탄력 크림 75ml 1개,사용해보니 좋습니다. 그래서 또 구매했습니다. 촉촉하고 보습성이 좋습니다. 많이 사용해서 얼굴의 건조함을 촉촉하게 해주는 것 같네요.,보습력/수분감,촉촉하고,1,[속성] 보습력/수분감 [문장] 촉촉하고,,보습력/수분감,unchanged
train,314199,쇼핑몰,스킨케어,OO 설** 탄력 크림 75ml 1개,너무 좋습니다. 잔주름도 없어진 것 같고 당김도 없어요. 촉촉하고 화장도 잘 먹어서 좋습니다. 다 쓰면 재구입할 거예요.,보습력/수분감,촉촉하고,1,[속성] 보습력/수분감 [문장] 촉촉하고,,보습력/수분감,unchanged
train,314214,쇼핑몰,스킨케어,OO 설** 탄력 크림 75ml 1개,OO 탄력크림 사용하던거라 주문했습니다 샘플로 온 OOO크림도 너무 좋아요 발림성 좋고 무겁지 않은데 촉촉해서 잘 사용하고 있습니다,발림성,발림성 좋고,1,[속성] 발림성 [문장] 발림성 좋고,,발림성,unchanged
train,314235,쇼핑몰,스킨케어,OO 설** 탄력 크림 75ml 1개,"사용해보니 촉촉하고 깔끔한 사용감, 트러블없이 충분히 영양공급되는 느낌이 좋아서 사용하게되었습니다. 저렴한 가격으로 구매해서 만족해요.",보습력/수분감,촉촉하고,1,[속성] 보습력/수분감 [문장] 촉촉하고,,보습력/수분감,unchanged
train,314253,쇼핑몰,스킨케어,OO 설** 탄력 크림 75ml 1개,촉촉하고 자극 없고 좋습니다. 항상 사용해요. 적립금 준다고 해서 미리 구매했는데 상품권을 안 주니 아쉽네요. 많이 저렴한 건 아니네요.,보습력/수분감,촉촉하고,1,[속성] 보습력/수분감 [문장] 촉촉하고,,보습력/수분감,unchanged
train,314943,쇼핑몰,스킨케어,OO 설** 탄력 크림 75ml 1개,좋은 가격에 잘 구매했어요.그런데 샘플 각이 찌그러져있고 뚜껑이 좀 열리네요.,가격,좋은 가격에 잘 구매했어요.,1,[속성] 가격 [문장] 좋은 가격에 잘 구매했어요.,,가격,unchanged
train,315058,쇼핑몰,스킨케어,OO 레** 탄력 3종 세트 1세트,상품 품질이 좋아요. 촉촉하고 양도 많아 좋습니다. 유분기도 있고 편하게 쓸 수 있는 제품인 것 같습니다.,보습력/수분감,촉촉하고,1,[속성] 보습력/수분감 [문장] 촉촉하고,,보습력/수분감,unchanged
train,315063,쇼핑몰,스킨케어,OO 레** 탄력 3종 세트 1세트,좋은 가격에 잘 구매했어요. 할머니가 화장품 새로 사셔야 하는데 알아보기 어려워 하셔서 이것저것 찾아보고 OO으로 샀습니다. 비싼 거 말고 싼 걸로 찾아달라셨는데 가격도 적당하고 가격에비해 구성이나 품질도 좋습니다. 로션은 펌프 용기를 선호하는데 OO은 스킨과 로션 둘다 펌프 용기라서 마음에 들어요. 할머니 피부에 잘 맞길 바랍니다.,가격,좋은 가격에 잘 구매했어요.,1,[속성] 가격 [문장] 좋은 가격에 잘 구매했어요.,,가격,unchanged
train,315068,쇼핑몰,스킨케어,OO 레** 탄력 3종 세트 1세트,ㅇㅇㅇ 레드애디션 3종세트 탄력 (스킨 로션 영양크림) 성분도 좋고 용기도 사용하기 편하고 상품 품질도 마음에 들어요.,편의성/활용성,용기도 사용하기 편하고,1,[속성] 편의성/활용성 [문장] 용기도 사용하기 편하고,,편의성/활용성,unchanged
train,315085,쇼핑몰,스킨케어,OO 레** 탄력 3종 세트 1세트,좋은 가격에 잘 구매했어요. 포인트사용해서 싸게 구입했습니다. ㅇㅇ은 오랫동안 이용해 왔던 제품이라 믿고 사용하네요.,가격,좋은 가격에 잘 구매했어요.,1,[속성] 가격 [문장] 좋은 가격에 잘 구매했어요.,,가격,unchanged
train,315108,쇼핑몰,스킨케어,OO 레** 탄력 3종 세트 1세트,○○○ 재구매했어요 가격도 저렴하고 품질 좋네요 특히 크림은 제형이 너무 리치하지 않고 적당해서 딱 좋아요,가격,가격도 저렴하고,1,[속성] 가격 [문장] 가격도 저렴하고,,가격,unchanged
train,315154,쇼핑몰,스킨케어,OO 레** 탄력 3종 세트 1세트,수년 전부터 써오던거라 주문했는데 역시 촉촉하고 좋습니다. 좋은 가격에 잘 구매했어요. 잘 쓸께요.,가격,좋은 가격에 잘 구매했어요.,1,[속성] 가격 [문장] 좋은 가격에 잘 구매했어요.,,가격,unchanged
train,315167,쇼핑몰,스킨케어,OO 레** 탄력 3종 세트 1세트,이모께 사드렸는데 좋아하시네요. 가격도 저렴하고 제품 품질도 좋고 다 맘에 듭니다.,가격,가격도 저렴하고,1,[속성] 가격 [문장] 가격도 저렴하고,,가격,unchanged
train,315278,쇼핑몰,스킨케어,OO 레** 탄력 3종 세트 1세트,언제나 믿고 쓰는 OO입니다. 촉촉하고 발림성이 부드럽습니다. 수분 유지도 좋습니다. 포장도 깔끔했습니다.,보습력/수분감,촉촉하고,1,[속성] 보습력/수분감 [문장] 촉촉하고,,보습력/수분감,unchanged
train,315348,쇼핑몰,스킨케어,OO 레** 탄력 3종 세트 1세트,"OOO은 좋아요. 저에게 잘 맞는 것 같습니다. 가격도 저렴하고 제품 품질도 좋아요. 향도 강하지 않아요. 유분기도 많지 않고, 피부에 흡수 잘 됩니다.",가격,가격도 저렴하고,1,[속성] 가격 [문장] 가격도 저렴하고,,가격,unchanged
train,315808,쇼핑몰,스킨케어,OO 레** 탄력 3종 세트 1세트,배송 빠르고 좋네요. 에센스 본품은 따로 주문했습니다. 가격도 저렴하고 유통기한도 넉넉하고 좋아요.,가격,가격도 저렴하고,1,[속성] 가격 [문장] 가격도 저렴하고,,가격,unchanged
train,315870,쇼핑몰,스킨케어,OO 레** 탄력 3종 세트 1세트,"엄마는 OO꺼 좋아하셔서 시켜드렸네요. 장점은 촉촉하고 유분이 많은점입니다, 단점은 너무 번들거리네요.",보습력/수분감,촉촉하고,1,[속성] 보습력/수분감 [문장] 촉촉하고,,보습력/수분감,unchanged
train,315883,쇼핑몰,스킨케어,OO 레** 탄력 3종 세트 1세트,화장품이 유분이 많아서 건조한 피부를 촉촉하게 해주고 사용감이 깔끔하네요. 가격도 저렴하면서도 가성비가 좋습니다.,보습력/수분감,유분이 많아서,1,[속성] 보습력/수분감 [문장] 유분이 많아서,,보습력/수분감,unchanged
train,316019,쇼핑몰,스킨케어,OO 레** 탄력 3종 세트 1세트,향도 좋고 보습력도 좋고 발림도 좋아서 다시 구매합니다. 탄력은 눈에 띄게 느낄 수는 없지만 가성비가 좋아서 넉넉하게 양껏 바르게 됩니다.,향,향도 좋고,1,[속성] 향 [문장] 향도 좋고,,향,unchanged
train,316051,쇼핑몰,스킨케어,OO 레** 클리어 수딩 크림 70ml 1개,민감지성피부라 조금만 안맞아도 뾰루지나 여드름이 나는데 OOO 수분크림은 그런적이 없습니다. 순하고 자극이 없어서 강추합니다. 다만 흡수력이 빠르고 좋은 편이라 건성분들은 좀 건조할 수도 있습니다.,자극성,순하고,1,[속성] 자극성 [문장] 순하고,,자극성,unchanged
train,316069,쇼핑몰,스킨케어,OO 레** 클리어 수딩 크림 70ml 1개,촉촉하고 부담스럽지 않은 제형입니다. 트러블 있어도 잘 바를 수 있습니다.,보습력/수분감,촉촉하고,1,[속성] 보습력/수분감 [문장] 촉촉하고,,보습력/수분감,unchanged
train,316100,쇼핑몰,스킨케어,OO 레** 클리어 수딩 크림 70ml 1개,"진정만 해주네요. 보습은 1도 없습니다. 제형이 묽어서 발림성 좋고 사용감 가볍습니다. 바로 흡수되고, 흡수되자마자 말라서 건조합니다. 진정작용은 나름 역할을 하는 것 같습니다.",발림성,발림성 좋고,1,[속성] 발림성 [문장] 발림성 좋고,,발림성,unchanged
train,316112,쇼핑몰,스킨케어,OO 레** 클리어 수딩 크림 70ml 1개,데일리 수분크림으로 아주 좋아요. 한창 겨울때 빼고는 이 크림 하나로 부족한 느낌없이 잘 쓰게 되는것 같습니다. ㅇㅇㅇ 크림 이후로 트러블 없이 피부가 많이 진정되었답니다. 순하고 피부에도 잘 스며들고 좋습니다.,자극성,순하고,1,[속성] 자극성 [문장] 순하고,,자극성,unchanged
train,316119,쇼핑몰,스킨케어,OO 레** 클리어 수딩 크림 70ml 1개,가벼운 타입 크림제형에 촉촉하고 자극적이지도 않고 흡수력은 무난해요. 타화장품 중 다른것과 같이 바르면 때처럼 밀리는건 있습니다. 서로 안 맞는 제품만 피하면 사용감 무난하게 쓰기 나쁘지 않습니다. 타 제품보다 흡수력이 가볍다합니다.,보습력/수분감,촉촉하고,1,[속성] 보습력/수분감 [문장] 촉촉하고,,보습력/수분감,unchanged
train,316132,쇼핑몰,스킨케어,OO 레** 클리어 수딩 크림 70ml 1개,여름에 이만한 수분크림이 또 있을까요. 지성한테 정말 좋은 수분크림이에요. 유분기 없이 촉촉해서 오랫동안 만족하는 제품입니다. 순하고 자극적이지 않아서 예민한 피부에 딱입니다.,자극성,순하고,1,[속성] 자극성 [문장] 순하고,,자극성,unchanged
train,316172,쇼핑몰,스킨케어,OO 레** 클리어 수딩 크림 70ml 1개,지성인데다 민감성 피부인데 ㅇㅇㅇ는 여름에 사용할때 가벼워 부담감이 없고 보습력이 좋네요. 하루 내내 피부가 촉촉하니 부드러워요. 향기는 아무향기도 없고 그냥 크림입니다. 용량도 많고 오랫동안 쓸 수 있는 것 같아요.,윤기/피부(톤),부드러워요.,1,[속성] 윤기/피부(톤) [문장] 부드러워요.,,윤기/피부(톤),unchanged
train,316225,쇼핑몰,스킨케어,OO 레** 클리어 수딩 크림 70ml 1개,"민감한 피부입니다. 순하고 트러블 올라오지 않으면서 촉촉하게 보습도 좋습니다. 발림성, 흡수성도 좋아요. 화장품은 저렴하면서도 피부에 잘맞고 좋은 제품이 있다는걸 알게 됐습니다.",자극성,순하고,1,[속성] 자극성 [문장] 순하고,,자극성,unchanged
train,316262,쇼핑몰,스킨케어,OO 레** 클리어 수딩 크림 70ml 1개,너무 좋습니다 가격도 저렴히 잘구입하고 샘플도 받아 좋아요 예민한 피부에 순하고 오일리하지않고 수분감을 오래 유지시켜줍니다,자극성,순하고,1,[속성] 자극성 [문장] 순하고,,자극성,unchanged
train,316277,쇼핑몰,스킨케어,OO 레** 클리어 수딩 크림 70ml 1개,아침에 사용하기는 번들거려서 부담스러워요 아침에 사용시 점심지나면 기름처럼 번들거리면서 광이 넘쳐요 저녁에 사용하면 아침에 번들거리긴해도 건조함없이 속까지 촉촉한 느낌이나요 냉장고에 넣어서 저녁에 세수하고 스킨사용후 이것만 바르고자는데도 속건성없이 촉촉해요 담날 세수하고나면 촉촉하고 부드러운 피부느낌이 지속됩니다.,보습력/수분감,촉촉하고,1,[속성] 보습력/수분감 [문장] 촉촉하고,,보습력/수분감,unchanged
train,316278,쇼핑몰,스킨케어,OO 레** 클리어 수딩 크림 70ml 1개,배송이 빠르고 너무 좋네요. 보습력이 정말 좋아요. 양도 많아 오래 쓸 수 있습니다. 촉촉하고 향도 좋구요. 꾸준히 이 브랜드 쓰고 있는데 믿고 씁니다. 흡수력 좋은 편이라서 쓰고 있어요.,보습력/수분감,촉촉하고,1,[속성] 보습력/수분감 [문장] 촉촉하고,,보습력/수분감,unchanged
train,316279,쇼핑몰,스킨케어,OO 레** 클리어 수딩 크림 70ml 1개,순해서 좋습니다. 민감한 제 피부에도 좋은 것 같아서 지속적으로 사용합니다. 피부 진정 효과 있습니다. 저렴하면서도 좋은 제품이라 생각됩니다. 앞으로도 계속 사용하겠습니다.,자극성,순해서 좋습니다.,1,[속성] 자극성 [문장] 순해서 좋습니다.,,자극성,unchanged
train,316287,쇼핑몰,스킨케어,OO 레** 클리어 수딩 크림 70ml 1개,"제형이 묽고, 발림성은 좋아요. 바르면 끈적임이 있어 불편해요. 사은품으로 주신 토너 샘플이 순해서 좋습니다.",자극성,순해서 좋습니다.,1,[속성] 자극성 [문장] 순해서 좋습니다.,,자극성,unchanged
train,316289,쇼핑몰,스킨케어,OO 레** 클리어 수딩 크림 70ml 1개,정말 OO 크림처럼 촉촉하고 쫀쫀한 느낌이 듭니다. 순해서 자주 사용하고 있습니다.,보습력/수분감,촉촉하고,1,[속성] 보습력/수분감 [문장] 촉촉하고,,보습력/수분감,unchanged
train,316291,쇼핑몰,스킨케어,OO 레** 클리어 수딩 크림 70ml 1개,좋아요 촉촉하고 흡수력도 좋고 여름이라 끈적임없어 좋습니다,보습력/수분감,촉촉하고,1,[속성] 보습력/수분감 [문장] 촉촉하고,,보습력/수분감,unchanged
train,316312,쇼핑몰,스킨케어,OO 레** 클리어 수딩 크림 70ml 1개,저렴하게 잘 샀습니다. 건조한 피부를 촉촉하게 하고 여드름이 많아 지성인 피부를 진정시카는 효과가 있어요. 다른 제품들보다 순하고 피부가 부드럽고 편안하며 가벼운 제품으로 누구에게나 잘 맞을 크림입니다.,자극성,순하고,1,[속성] 자극성 [문장] 순하고,,자극성,unchanged
train,316324,쇼핑몰,스킨케어,OO 레** 클리어 수딩 크림 70ml 1개,산뜻하고 냄새도 거의 없어서 사용하기 좋습니다. 일반 화장품보다 성분이 순하고 제형이 부드럽고 여드름피부에 자극적이지 않아서 좋아요. 데일리 필수 아이템이에요,성분,성분이 순하고,1,[속성] 성분 [문장] 성분이 순하고,,성분,unchanged
train,316394,쇼핑몰,스킨케어,OO 레** 클리어 수딩 크림 70ml 1개,"촉촉하고 발림성이 좋고, 피부에 빠르게 흡수하고 가벼운 느낌이라 넘 좋네요. 여드름 때문에 고민했는데 피부가 많이 좋아졌습니다.",보습력/수분감,촉촉하고,1,[속성] 보습력/수분감 [문장] 촉촉하고,,보습력/수분감,unchanged
train,316495,쇼핑몰,스킨케어,OO 레** 클리어 수딩 크림 70ml 1개,두번째 쓰고 있는데요. 나쁘지 않은 성분에 저렴한 가격까지 좋습니다. 아침까지 촉촉해요. 아침에 바르고 나면 오후까지는 당기지 않고 괜찮은것 같아요. 샘플로 받은 ㅇㅇㅇ도 써보고 좋으면 다음에 구매하려구요. 오랫동안 ㅇㅇㅇ 수분크림 사용했는데 안 좋은 성분이 너무 많았아요. 그것과 비교해도 충분히 좋아요.,보습력/수분감,촉촉해요,1,[속성] 보습력/수분감 [문장] 촉촉해요,,보습력/수분감,unchanged
train,316508,쇼핑몰,스킨케어,OO 레** 클리어 수딩 크림 70ml 1개,너무 마음에 들어서 재구매합니다. 흡수가 잘 돼서 듬뿍듬뿍 바르기 너무 좋습니다 촉촉하고 끈적이지 않아 아주 마음에 들어요,보습력/수분감,촉촉하고,1,[속성] 보습력/수분감 [문장] 촉촉하고,,보습력/수분감,unchanged
train,316528,쇼핑몰,스킨케어,OO 레** 클리어 수딩 크림 70ml 1개,"수부지 피부에 좋은 수분크림 입니다. 수분 크림 특유의 밀림도 없고, 촉촉함이 오래가서 좋아요.",보습력/수분감,촉촉함이 오래가서 좋아요.,1,[속성] 보습력/수분감 [문장] 촉촉함이 오래가서 좋아요.,,보습력/수분감,unchanged
train,316630,쇼핑몰,스킨케어,OO 레** 클리어 수딩 크림 70ml 1개,효과를 기대하며 사용하고 있습니다. 건조한 피부에 흡수가 잘되고 부드러워요. 촉촉한 피부가 됐으면 합니다. 잘 쓰겠습니다.,윤기/피부(톤),부드러워요.,1,[속성] 윤기/피부(톤) [문장] 부드러워요.,,윤기/피부(톤),unchanged
train,316660,쇼핑몰,스킨케어,OO 레** 클리어 수딩 크림 70ml 1개,피부에 좁쌀이 생겨서 크림을 구매했어요. 쓴 지 얼마 되지 않아서 효과는 잘 모르겠지만 일단 순하고 기름지지 않은데 건조하지도 않고 무난해서 만족스럽네요.,자극성,순하고,1,[속성] 자극성 [문장] 순하고,,자극성,unchanged
train,316831,쇼핑몰,스킨케어,OO 레** 클리어 수딩 크림 70ml 1개,배송도 빠르고 화장품도 안전하게 도착했습니다. 역시 OOO크림. 촉촉하고 어려지는 느낌에 흡수력도 좋고 모든 면에서 대만족이에요.,보습력/수분감,촉촉하고,1,[속성] 보습력/수분감 [문장] 촉촉하고,,보습력/수분감,unchanged
train,316832,쇼핑몰,스킨케어,OO 레** 클리어 수딩 크림 70ml 1개,다른 곳보다 저렴하고 배송도 빠릅니다. 크림은 이 제품만 계속 사용중인데 순하고 촉촉합니다.,자극성,순하고,1,[속성] 자극성 [문장] 순하고,,자극성,unchanged
train,316909,쇼핑몰,스킨케어,OO 레** 클리어 수딩 크림 70ml 1개,이 제품이 제 피부에 맞는 꿀아이템입니다. 촉촉하고 끈적이지도 않구요. 부드럽게 잘발리고 화장품 유해성분도 없어요. 잘 쓸께요.,보습력/수분감,촉촉하고,1,[속성] 보습력/수분감 [문장] 촉촉하고,,보습력/수분감,unchanged
train,316928,쇼핑몰,스킨케어,OO 레** 클리어 수딩 크림 70ml 1개,촉촉하고 제형이 쫀쫀해서 좋습니다. 배송이 택배함으로 부탁을 드렸는데 집 앞에 놓으셔서 아쉽네요. 아무튼 상품은 좋습니다.,보습력/수분감,촉촉하고,1,[속성] 보습력/수분감 [문장] 촉촉하고,,보습력/수분감,unchanged
train,316942,쇼핑몰,스킨케어,OO 레** 클리어 수딩 크림 70ml 1개,주변에서 추천해서 사봤는데 진짜 좋네요. 향은 거의 없는것같고 촉촉하니 잘 스며듭니다.,보습력/수분감,촉촉하니,1,[속성] 보습력/수분감 [문장] 촉촉하니,,보습력/수분감,unchanged
train,316948,쇼핑몰,스킨케어,OO 레** 클리어 수딩 크림 70ml 1개,○○○어플 보고 사봤는데 좋은거같네요 지성피부인데 발라도 기름지지않고 산뜻해요 좀 더 써보고 계속 사용해볼게요,흡수력,기름지지않고,1,[속성] 흡수력 [문장] 기름지지않고,,흡수력,unchanged
train,316948,쇼핑몰,스킨케어,OO 레** 클리어 수딩 크림 70ml 1개,○○○어플 보고 사봤는데 좋은거같네요 지성피부인데 발라도 기름지지않고 산뜻해요 좀 더 써보고 계속 사용해볼게요,흡수력,산뜻해요,1,[속성] 흡수력 [문장] 산뜻해요,,흡수력,unchanged
train,316992,쇼핑몰,스킨케어,OO 레** 클리어 수딩 크림 70ml 1개,아직 얼마 안 써서 효과까진 잘은 모르겠지만 발림성도 좋고 촉촉하고 좋은 듯해요. 꾸준히 써보고 효과 괜찮으면 쭈욱 구매할게요.,보습력/수분감,촉촉하고,1,[속성] 보습력/수분감 [문장] 촉촉하고,,보습력/수분감,unchanged
train,317074,쇼핑몰,스킨케어,OO 시카플라스트 밤 B5 100ml 1개,꾸준히 사용하는 기초 제품이라 재구매했네요. 트러블도 없고 순해서 좋습니다. 배송 빨라서 마음에 듭니다.,자극성,순해서 좋습니다.,1,[속성] 자극성 [문장] 순해서 좋습니다.,,자극성,unchanged
train,317135,쇼핑몰,스킨케어,OO 시카플라스트 밤 B5 100ml 1개,얼굴이 촉촉하고 밝아지고 잡티들이 안 생기네요. 착한가격에 믿고 쓸수있는 화장품이 생겨 기분좋네요.,보습력/수분감,촉촉하고,1,[속성] 보습력/수분감 [문장] 촉촉하고,,보습력/수분감,unchanged
train,317249,쇼핑몰,스킨케어,OO 시카플라스트 밤 B5 100ml 1개,효능은 잘 모르겠지만 다음날 촉촉해요 아쉬운 점은 발림성이 나쁜지 바르고 마스크 쓰면 하얀 얼굴자국이 마스크에 생겨요,보습력/수분감,촉촉해요,1,[속성] 보습력/수분감 [문장] 촉촉해요,,보습력/수분감,unchanged
train,317258,쇼핑몰,스킨케어,OO 시카플라스트 밤 B5 100ml 1개,쫀득한 제형에 발림성 좋고 수시로 덧발라도 밀리지 않습니다. 수분 크림과 섞어서 사용하면 더 촉촉하니 좋습니다.,발림성,발림성 좋고,1,[속성] 발림성 [문장] 발림성 좋고,,발림성,unchanged
train,317271,쇼핑몰,스킨케어,OO 시카플라스트 밤 B5 100ml 1개,촉촉하고 피부가 진정되는 느낌이 듭니다,보습력/수분감,촉촉하고,1,[속성] 보습력/수분감 [문장] 촉촉하고,,보습력/수분감,unchanged
train,317309,쇼핑몰,스킨케어,OO 시카플라스트 밤 B5 100ml 1개,이거 쓰면 흉터 자국도 연해지고 상처도 빨리 아무는 느낌입니다 피부도 맑아지는 느낌이예요 촉촉하고 당기지 않아요,보습력/수분감,촉촉하고,1,[속성] 보습력/수분감 [문장] 촉촉하고,,보습력/수분감,unchanged
train,317310,쇼핑몰,스킨케어,OO 시카플라스트 밤 B5 100ml 1개,촉촉하고 화장후에도 끈적임없어 좋네요.재생크림을 이번에 첨 써보는건데 왜 진작몰랐을까싶어요.,보습력/수분감,촉촉하고,1,[속성] 보습력/수분감 [문장] 촉촉하고,,보습력/수분감,unchanged
train,317325,쇼핑몰,스킨케어,OO 시카플라스트 밤 B5 100ml 1개,3주째 바르는 중이예요. 발림성 좋고 용량도 가격대비 좋아요. 피부 트러블이 생기지 않아서 좋습니다. 효과는 다 써봐야 알 것 같아요.,발림성,발림성 좋고,1,[속성] 발림성 [문장] 발림성 좋고,,발림성,unchanged
train,317363,쇼핑몰,스킨케어,OO 시카플라스트 밤 B5 100ml 1개,피부가 정말 재생한다는 말이 정확한거 같습니다 바르고 다음날 아침에 피부가 환해지고 뽀송해지네요 밤에 팩처럼 바르고 자면 효과가 눈에 보입니다 가격도 저렴하고 부담없이 사용할 수 있어서 너무 좋네요,가격,가격도 저렴하고,1,[속성] 가격 [문장] 가격도 저렴하고,,가격,unchanged
train,317411,쇼핑몰,스킨케어,OO 시카플라스트 밤 B5 100ml 1개,사용은 처음인데 발림성 좋습니다. 촉촉하고 왜 이제서야 샀는지 후회 중입니다.,보습력/수분감,촉촉하고,1,[속성] 보습력/수분감 [문장] 촉촉하고,,보습력/수분감,unchanged
train,317414,쇼핑몰,스킨케어,OO 시카플라스트 밤 B5 100ml 1개,배송도 빠르고 샘플도 많이 보내주셔서 좋네요 제품 발라보니 발림성도 부드럽고 촉촉해요 눈에 가까이 바르면 좀 시리네요 그것 빼고는 괜찮아요,보습력/수분감,촉촉해요,1,[속성] 보습력/수분감 [문장] 촉촉해요,,보습력/수분감,unchanged
train,317416,쇼핑몰,스킨케어,OO 시카플라스트 밤 B5 100ml 1개,항상 쓰는 제품인데 발림성 좋고 피부톤이 한결 밝아진 느낌이라 만족하며 쓰고 있습니다.,발림성,발림성 좋고,1,[속성] 발림성 [문장] 발림성 좋고,,발림성,unchanged
train,317440,쇼핑몰,스킨케어,OO 시카플라스트 밤 B5 100ml 1개,바르고 나면 약간 기름이 뜨긴 하는데 양도 많고 발림성 좋고 트러블 안 나서 데일리로 쓰기 참 좋네요,발림성,발림성 좋고,1,[속성] 발림성 [문장] 발림성 좋고,,발림성,unchanged
train,223644,쇼핑몰,스킨케어,OO 보** 남성기초 1+1+1+대용량워시2,향도 좋고 보습력도 좋네요 남편 아들이 잘쓰고있어요,향,향도 좋고,1,[속성] 향 [문장] 향도 좋고,,향,unchanged
train,223738,쇼핑몰,스킨케어,OO 알** 알로에 기초 세트,촉촉하고 좋아요~ 향도 안강하고 수분감도 좋아요,보습력/수분감,촉촉하고,1,[속성] 보습력/수분감 [문장] 촉촉하고,,보습력/수분감,unchanged
train,223868,쇼핑몰,스킨케어,OO 그**  스킨 200ml,순하고 트러블없고 좋음,자극성,순하고,1,[속성] 자극성 [문장] 순하고,,자극성,unchanged
train,223889,쇼핑몰,스킨케어,OO 인** 오리지널(스킨2+로션2+크림2),향도 좋고 잘 스며들어 좋아요..,향,향도 좋고,1,[속성] 향 [문장] 향도 좋고,,향,unchanged
train,223890,쇼핑몰,스킨케어,OO 인** 오리지널(스킨2+로션2+크림2),얼마전에 구매했는데 촉촉하고 향이 좋아요 다시 구매하는거랍니다 ㅎ,보습력/수분감,촉촉하고,1,[속성] 보습력/수분감 [문장] 촉촉하고,,보습력/수분감,unchanged
train,223906,쇼핑몰,스킨케어,OO 알** 알로에 기초 최다구성,항상 이것만 쓰는데 정말 좋아요 건조가 심한피부인데 알로에 크림으로 피부가 촉촉하고 피부톤도 좋아졌어요,보습력/수분감,피부가 촉촉하고,1,[속성] 보습력/수분감 [문장] 피부가 촉촉하고,,보습력/수분감,unchanged
train,223907,쇼핑몰,스킨케어,OO 알** 알로에 기초 최다구성,끈적임없음ㆍ순하고 부드럽게 피부에 스며듬ㆍ 용량ㆍ가격 모두 흡족합니다ㆍ,흡수력,순하고,1,[속성] 흡수력 [문장] 순하고,,흡수력,unchanged
train,223947,쇼핑몰,스킨케어,OO 알** 알로에 기초 최다구성,엄마가 피부 알레르기가 있으신데 이 제품은 순해서 괜찮다고 하시네요. 시원하고 수분이 충분해 좋다고 하세요.,보습력/수분감,시원하고,1,[속성] 보습력/수분감 [문장] 시원하고,,보습력/수분감,unchanged
train,317500,쇼핑몰,스킨케어,OO 시카플라스트 밤 B5 100ml 1개,자극적이지않고 순하고 보습력이 좋습니다. 좋은가격에 구매했어요.,자극성,순하고,1,[속성] 자극성 [문장] 순하고,,자극성,unchanged
train,317543,쇼핑몰,스킨케어,OO 시카플라스트 밤 B5 100ml 1개,촉촉하고 발림성이 좋아서 겨울에 쓰기 좋아요 그런데 흉터제거 효과는 크게 모르겠네요ㅠ 겨울에 쓰기 딱 인거 같아요 순하고 트러블 없이 잘 쓰고 있습니다,보습력/수분감,촉촉하고,1,[속성] 보습력/수분감 [문장] 촉촉하고,,보습력/수분감,unchanged
train,317543,쇼핑몰,스킨케어,OO 시카플라스트 밤 B5 100ml 1개,촉촉하고 발림성이 좋아서 겨울에 쓰기 좋아요 그런데 흉터제거 효과는 크게 모르겠네요ㅠ 겨울에 쓰기 딱 인거 같아요 순하고 트러블 없이 잘 쓰고 있습니다,자극성,순하고,1,[속성] 자극성 [문장] 순하고,,자극성,unchanged
train,317552,쇼핑몰,스킨케어,OO 시카플라스트 밤 B5 100ml 1개,촉촉하고 발림이 좋아요. 근데 양 많이 사용하면 하얗게 뜨네요.,보습력/수분감,촉촉하고,1,[속성] 보습력/수분감 [문장] 촉촉하고,,보습력/수분감,unchanged
train,317651,쇼핑몰,스킨케어,OO 시카플라스트 밤 B5 100ml 1개,항상 구매하는 제품이네요 겨울에도 촉촉하고 쿠폰써서 저렴한데 사은품도 포함이라 좋아요,보습력/수분감,촉촉하고,1,[속성] 보습력/수분감 [문장] 촉촉하고,,보습력/수분감,unchanged
train,317729,쇼핑몰,스킨케어,OO 시카플라스트 밤 B5 100ml 1개,겨울에 ㅇㅇㅇ 밤 없으면 안되요. 이거만 발라도 촉촉하고 민감한 제 피부에 안정과 진정을 주는 느낌이에요. 이번에 세일해서 구입해서 더 좋습니다.,보습력/수분감,촉촉하고,1,[속성] 보습력/수분감 [문장] 촉촉하고,,보습력/수분감,unchanged
train,317739,쇼핑몰,스킨케어,OO 시카플라스트 밤 B5 100ml 1개,상품 안전하고 빠르게 잘 받았어요. 다른데 비해 가격도 저렴하고 배송도 빨라서 좋습니다. 상품은 좋구요. 샘플이 없어서 아쉽네요. 다 쓰면 또 주문하겠습니다.,가격,가격도 저렴하고,1,[속성] 가격 [문장] 가격도 저렴하고,,가격,unchanged
train,317779,쇼핑몰,스킨케어,OO 시카플라스트 밤 B5 100ml 1개,좋습니다. 처음에는 하얗게 되었는데 지금은 잘 발리고 좋습니다. 촉촉하고 부드럽고 트러블도 좀 잦아든거 같습니다. 처음에 백탁현상 때문에 별로였는데 수분크림이랑 함께 바르니 잘 흡수되고 좋네요.,보습력/수분감,촉촉하고,1,[속성] 보습력/수분감 [문장] 촉촉하고,,보습력/수분감,unchanged
train,317779,쇼핑몰,스킨케어,OO 시카플라스트 밤 B5 100ml 1개,좋습니다. 처음에는 하얗게 되었는데 지금은 잘 발리고 좋습니다. 촉촉하고 부드럽고 트러블도 좀 잦아든거 같습니다. 처음에 백탁현상 때문에 별로였는데 수분크림이랑 함께 바르니 잘 흡수되고 좋네요.,윤기/피부(톤),부드럽고,1,[속성] 윤기/피부(톤) [문장] 부드럽고,,윤기/피부(톤),unchanged
train,317795,쇼핑몰,스킨케어,OO 시카플라스트 밤 B5 100ml 1개,"보들보들, 촉촉, 보습력 짱, 물광 피부의 잡티로 피부과 다녔는데, 피부과에서 OOO제품 사용하고 있어 구입 했어요. OO에서 편하게 구입할 수 있어 좋네요. 촉촉하고 보습력 최고입니다.",보습력/수분감,촉촉하고,1,[속성] 보습력/수분감 [문장] 촉촉하고,,보습력/수분감,unchanged
train,317807,쇼핑몰,스킨케어,OO 시카플라스트 밤 B5 100ml 1개,제품도 진심 만족합니다. 발림성도 좋고 촉촉하고 피부도 환하게 밝아져서 좋습니다.,보습력/수분감,촉촉하고,1,[속성] 보습력/수분감 [문장] 촉촉하고,,보습력/수분감,unchanged
train,317831,쇼핑몰,스킨케어,OO 시카플라스트 밤 B5 100ml 1개,레이저시술하고 병원에서 재생크림 사용하라고 해서 구입했습니다. 촉촉하고 무향이라서 좋네요.,보습력/수분감,촉촉하고,1,[속성] 보습력/수분감 [문장] 촉촉하고,,보습력/수분감,unchanged
train,317847,쇼핑몰,스킨케어,OO 시카플라스트 밤 B5 100ml 1개,재생크림으로 부드럽게 발리며 피부를 촉촉하게 장시간 오래 유지가 되네요. 약간의 백탁이 있는지 피부가 환해지는 느낌도 있어서 붉은끼가 있는 피부라 제 피부에 잘 맞습니다. 사춘기 여드름이 있는 아이도 발림성 좋고 피부 진정효과도 있습니다.,발림성,발림성 좋고,1,[속성] 발림성 [문장] 발림성 좋고,,발림성,unchanged
train,317860,쇼핑몰,스킨케어,OO 시카플라스트 밤 B5 100ml 1개,크림 바를 때 치약 바르는 느낌과 비슷하네요. 얼굴에 펴바르면 처음엔 백탁현상이 있어요. 그리고 완전 피부에 흡수되니 백탁현상은 사라졌고 피부가 촉촉해졌습니다. 근데 끈적임이 조금 있어서 자기전에 바르면 좋을 것 같아요. 보습력 좋고 끈적임이 조금 있는 거 말고는 좋습니다.,발림성,피부가 촉촉해졌습니다.,1,[속성] 발림성 [문장] 피부가 촉촉해졌습니다.,,발림성,unchanged
train,317872,쇼핑몰,스킨케어,OO 시카플라스트 밤 B5 100ml 1개,이 제품 만족도 최고입니다 피부가 예민해서 고민이 많았는데 촉촉하면서도 피부에 윤기를 줘요 그야말로 꿀피부로 만들어주는 크림입니다 화장을 안했는데도 화장한듯 생얼로도 자신있게 다닐 수 있어요 흡수력도 좋고 끈적이지도 않고 하루종일 촉촉하네요 예민한 피부가 쓰면 참 좋을 듯해요 한번 써보고 너무 좋아서 계속 구매하고 싶어집니다,지속력/유지력,하루종일 촉촉하네요,1,[속성] 지속력/유지력 [문장] 하루종일 촉촉하네요,,지속력,merged_duplicate_label
train,317889,쇼핑몰,스킨케어,OO 시카플라스트 밤 B5 100ml 1개,부드럽게 잘 발리고 생각보다 금방 흡수됩니다. 유분감도 있고 수분감도 있어서 좋아요. 건조한 편이라 더 잘 맞았고 바른 다음에 윤기가 돌아서 피부가 반짝거려요. 환절기와 찬바람 불 때 피부진정과 보습용으로 좋은 것 같아요.,발림성,부드럽게 잘 발리고,1,[속성] 발림성 [문장] 부드럽게 잘 발리고,,발림성,unchanged
train,317978,쇼핑몰,스킨케어,OO 시카플라스트 밤 B5 100ml 1개,가을이라 피부 건조하고 뽀루지나면 안 없어져서 피부재생에도 좋다해서 구입했는데 효과 괜찮네요. 촉촉하고 발림도 괜찮습니다.,보습력/수분감,촉촉하고,1,[속성] 보습력/수분감 [문장] 촉촉하고,,보습력/수분감,unchanged
train,318005,쇼핑몰,스킨케어,OO 시카플라스트 밤 B5 100ml 1개,2년 넘게 쓰고 있는 제품이예요. 순하고 촉촉합니다. 지성은 여름에 쓰기 부담스러울 수 있을 것 같아요.,자극성,순하고,1,[속성] 자극성 [문장] 순하고,,자극성,unchanged
train,318255,쇼핑몰,스킨케어,OO 티** 시카 수딩 토너 510ml 1개,좋은 가격에 잘 구매했어요. 촉촉하고 피부진정에 효과가 좋아요. 솜에 적셔서 트러블 난 피부에 올려놓으면 진정되어 좋습니다.,가격,좋은 가격에 잘 구매했어요.,1,[속성] 가격 [문장] 좋은 가격에 잘 구매했어요.,,가격,unchanged
train,318255,쇼핑몰,스킨케어,OO 티** 시카 수딩 토너 510ml 1개,좋은 가격에 잘 구매했어요. 촉촉하고 피부진정에 효과가 좋아요. 솜에 적셔서 트러블 난 피부에 올려놓으면 진정되어 좋습니다.,보습력/수분감,촉촉하고,1,[속성] 보습력/수분감 [문장] 촉촉하고,,보습력/수분감,unchanged
train,318284,쇼핑몰,스킨케어,OO 티** 시카 수딩 토너 510ml 1개,진정 효과가 좋다는 OOO 시카 수딩 토너를 사용해 봤습니다. 진정 효과는 확실히 좋네요. 이틀 발랐는데 효과가 있습니다. 부드럽고 촉촉하고 아주 마음에 듭니다.,윤기/피부(톤),부드럽고,1,[속성] 윤기/피부(톤) [문장] 부드럽고,,윤기/피부(톤),unchanged
train,318513,쇼핑몰,스킨케어,OO 에** 기초 4종 세트 1세트,유분이 적당하고 끈적이지 않아서 좋습니다. 가격도 저렴하고 구성품인 에센스 영양크림까지 너무 잘 사용하고 있네요. 유리용기에 담겨있어 너무 좋아요.,가격,가격도 저렴하고,1,[속성] 가격 [문장] 가격도 저렴하고,,가격,unchanged
train,318533,쇼핑몰,스킨케어,OO 에** 기초 4종 세트 1세트,건조한피부에 촉촉하니 보습력 좋아요 향도 좋고 끈적임도 없습니다,보습력/수분감,촉촉하니,1,[속성] 보습력/수분감 [문장] 촉촉하니,,보습력/수분감,unchanged
train,318533,쇼핑몰,스킨케어,OO 에** 기초 4종 세트 1세트,건조한피부에 촉촉하니 보습력 좋아요 향도 좋고 끈적임도 없습니다,향,향도 좋고,1,[속성] 향 [문장] 향도 좋고,,향,unchanged
train,318570,쇼핑몰,스킨케어,OO 슈퍼바이탈 크림 50ml 1개,"촉촉하고 발림성좋고, 트러블없이 잘 사용하고있네요",보습력/수분감,촉촉하고,1,[속성] 보습력/수분감 [문장] 촉촉하고,,보습력/수분감,unchanged
train,318580,쇼핑몰,스킨케어,OO 슈퍼바이탈 크림 50ml 1개,푸석하고 생기 없어 보이는 피부에 만족스럽게 사용하고 있습니다. 제형의 쫀쫀함에 좋은 성분이 들어있을 거 같은 착한 상품입니다. 피부색도 전체적으로 밝아집니다. 촉촉하고 건강한 사용감 느낌을 느낄 수 있습니다.,보습력/수분감,촉촉하고,1,[속성] 보습력/수분감 [문장] 촉촉하고,,보습력/수분감,unchanged
train,318586,쇼핑몰,스킨케어,OO 슈퍼바이탈 크림 50ml 1개,세일할때 구매해서 2개를 한개 가격에 저렴하게 구매했습니다. 샘플도 많이 주고 좋습니다. 제형이 쫀쫀해서 저녁에 기초바르고 마지막에 바르고 자면 아침에 세안 시 피부가 덜 건조하고 부드러워요. 요즘 같은 계절에는 바르기 좋네요.,윤기/피부(톤),부드러워요.,1,[속성] 윤기/피부(톤) [문장] 부드러워요.,,윤기/피부(톤),unchanged
train,318599,쇼핑몰,스킨케어,OO 슈퍼바이탈 크림 50ml 1개,유분기가 많아서 가을 겨울철에 빛을 발하는 제품입니다 발림성도 좋고 제형이 부드럽구요 건조하지 않고 촉촉하고 자연스런 광이 납니다,보습력/수분감,촉촉하고,1,[속성] 보습력/수분감 [문장] 촉촉하고,,보습력/수분감,unchanged
train,318644,쇼핑몰,스킨케어,OO 슈퍼바이탈 크림 50ml 1개,계속 사용하던 제품이에요. 가격도 저렴하고 샘플도 많이줘서 너무 좋습니다. 꾸준히 사용해서 효과 있으면 좋겠어요,가격,가격도 저렴하고,1,[속성] 가격 [문장] 가격도 저렴하고,,가격,unchanged
train,318865,쇼핑몰,스킨케어,OO 슈퍼바이탈 크림 50ml 1개,촉촉하면서 좋은 품질의 제품이에요. OOO는 피부에 밀착력이 좋고 순해서 좋습니다.,자극성,순해서 좋습니다.,1,[속성] 자극성 [문장] 순해서 좋습니다.,,자극성,unchanged
train,318921,쇼핑몰,스킨케어,OO 슈퍼바이탈 크림 50ml 1개,좋은 가격에 잘 구매했어요. 발림성은 부드럽고 촉촉함은 오래 유지됩니다. 흡수성은 잘 모르겠습니다. 제형이 꾸덕해서 영양공급은 될 거 같은데 끈적여서 머리카락이 붙고 흡수가 느려 베개에도 묻네요. 좀 사용해 봐야 되겠어요.,가격,좋은 가격에 잘 구매했어요.,1,[속성] 가격 [문장] 좋은 가격에 잘 구매했어요.,,가격,unchanged
train,318997,쇼핑몰,스킨케어,OO 슈퍼바이탈 크림 50ml 1개,겨울부터 이른봄까지 넉넉히 발라주면 촉촉하고 푸석하지 않아서 좋습니다. 다른 크림은 수입 제품보다 좋습니다.,보습력/수분감,촉촉하고,1,[속성] 보습력/수분감 [문장] 촉촉하고,,보습력/수분감,unchanged
train,319099,쇼핑몰,스킨케어,OO 슈퍼바이탈 크림 50ml 1개,"용기가 바뀌기 전 OOO 크림을 써왔는데, 비교해볼 때 끈적거림이 덜하고 산뜻합니다.",흡수력,산뜻합니다.,1,[속성] 흡수력 [문장] 산뜻합니다.,,흡수력,unchanged
train,319182,쇼핑몰,스킨케어,OO 슈퍼바이탈 크림 50ml 1개,보습도 좋고 탄력에도 좋고 미백까지 되는것 같아요. 향도 은은하고 좋아요. 앞으로도 ㅇㅇ크림리치만 사용할 것 같네요.,보습력/수분감,보습도 좋고,1,[속성] 보습력/수분감 [문장] 보습도 좋고,,보습력/수분감,unchanged
train,319267,쇼핑몰,스킨케어,OO 슈퍼바이탈 크림 50ml 1개,"피부가 당긴다고 하셔서 사 드렸는데, 촉촉하니 당김도 없다고 좋아하셨어요.",보습력/수분감,촉촉하니,1,[속성] 보습력/수분감 [문장] 촉촉하니,,보습력/수분감,unchanged
train,319471,쇼핑몰,스킨케어,OO 슈퍼바이탈 크림 50ml 1개,나이가 들어가니 이런 유분있는 제품을 써야할것 같아 주문했습니다. 용량도 작고 가격이 비싸지만 피부가 촉촉하고 얼굴 당기지 않아서 좋네요.,보습력/수분감,피부가 촉촉하고,1,[속성] 보습력/수분감 [문장] 피부가 촉촉하고,,보습력/수분감,unchanged
train,319578,쇼핑몰,스킨케어,OO 한** 탄력+탄력 크림 10종 세트,좋은 가격에 잘 구매했어요. 제 피부에도 너무 잘 맞고 가격도 저렴하고 마음에 쏙 들어요. 꾸준히 사용해서 효과 보면 좋겠어요. 지인에게도 추천했습니다. 감사해요.,가격,좋은 가격에 잘 구매했어요.,1,[속성] 가격 [문장] 좋은 가격에 잘 구매했어요.,,가격,unchanged
train,319578,쇼핑몰,스킨케어,OO 한** 탄력+탄력 크림 10종 세트,좋은 가격에 잘 구매했어요. 제 피부에도 너무 잘 맞고 가격도 저렴하고 마음에 쏙 들어요. 꾸준히 사용해서 효과 보면 좋겠어요. 지인에게도 추천했습니다. 감사해요.,가격,가격도 저렴하고,1,[속성] 가격 [문장] 가격도 저렴하고,,가격,unchanged
train,319597,쇼핑몰,스킨케어,OO 한** 탄력+탄력 크림 10종 세트,향도 좋고 끈적임도 심하지 않아 좋습니다. 유통기한도 넉넉해서 너무 맘에 듭니다.,향,향도 좋고,1,[속성] 향 [문장] 향도 좋고,,향,unchanged
train,319602,쇼핑몰,스킨케어,OO 한** 탄력+탄력 크림 10종 세트,좋은 가격에 잘 구매했어요. 제품이 마음에 들어서 기분이 좋습니다. 다음엔 더 좋은 구성으로 판매했으면 좋겠어요.,가격,좋은 가격에 잘 구매했어요.,1,[속성] 가격 [문장] 좋은 가격에 잘 구매했어요.,,가격,unchanged
train,319616,쇼핑몰,스킨케어,OO 한** 탄력+탄력 크림 10종 세트,"촉촉하니 지금 사용하기 좋습니다. 건조함이 심해졌는데, 바른 즉시 촉촉해지고, 스며드는 느낌이 좋네요. 탄력과 촉촉한 효과를 기대하며 열심히 사용해 보려구요.",보습력/수분감,촉촉하니,1,[속성] 보습력/수분감 [문장] 촉촉하니,,보습력/수분감,unchanged
train,319733,쇼핑몰,스킨케어,OO 로**  스네일 크림 50ml 1개,"좋아요. 건성인데 촉촉하고 발림성 좋고 성분이 순하게 업그레이드된게 제일 마음에 들어요. O, OO, OOO, OOOO 등등 고가 화장품도 쓰는 중인데 이 크림이 제일 마음에 드는건 왜 그럴까요",보습력/수분감,촉촉하고,1,[속성] 보습력/수분감 [문장] 촉촉하고,,보습력/수분감,unchanged
train,319733,쇼핑몰,스킨케어,OO 로**  스네일 크림 50ml 1개,"좋아요. 건성인데 촉촉하고 발림성 좋고 성분이 순하게 업그레이드된게 제일 마음에 들어요. O, OO, OOO, OOOO 등등 고가 화장품도 쓰는 중인데 이 크림이 제일 마음에 드는건 왜 그럴까요",발림성,발림성 좋고,1,[속성] 발림성 [문장] 발림성 좋고,,발림성,unchanged
train,319759,쇼핑몰,스킨케어,OO 로**  스네일 크림 50ml 1개,한 달 꾸준히 사용했는데 얼굴 당김도 많이 사라졌습니다. 피부도 처짐이 생기는데 진행을 막아주고 탄력이 생겼습니다. OO제품 사용하면서 느끼지만 가격 대비 좋습니다. 건성인 저는 촉촉하고 번들거리지 않고 흡수력이 좋아 데일리로 좋습니다.,보습력/수분감,촉촉하고,1,[속성] 보습력/수분감 [문장] 촉촉하고,,보습력/수분감,unchanged
train,319763,쇼핑몰,스킨케어,OO 로**  스네일 크림 50ml 1개,다른 곳보다 싸게 구매했습니다.샘플 써보고 괜찮아서 구매했는데 저녁에만 영양크림으로 바르고 있네요. 촉촉하고 부드럽게 발리고 기름지지 않네요. 향도 은은하니 좋아요. 처음 발랐을 때도 트러블 나지 않았습니다. 가격대비 좋은 제품같아 재구매할거예요.,보습력/수분감,촉촉하고,1,[속성] 보습력/수분감 [문장] 촉촉하고,,보습력/수분감,unchanged
train,319769,쇼핑몰,스킨케어,OO 로**  스네일 크림 50ml 1개,저렴한 가격과 좋은 품질로 데일리 템으로 추천해요. 이 크림은 세수 후 수시로 바르거나 화장 전에 바르고 있어요. 가격대비 매우 좋네요. 성분 좋고 촉촉하고 사용감 좋고 흡수력 좋고 세일할때 재구매 하려고 해요.,보습력/수분감,촉촉하고,1,[속성] 보습력/수분감 [문장] 촉촉하고,,보습력/수분감,unchanged
train,319795,쇼핑몰,스킨케어,OO 로**  스네일 크림 50ml 1개,이 제품이 촉촉하니 괜찮다고 하십니다. 제형이 부드럽게 발리고 자극이 없어서 좋아하시네요.,보습력/수분감,촉촉하니,1,[속성] 보습력/수분감 [문장] 촉촉하니,,보습력/수분감,unchanged
train,319819,쇼핑몰,스킨케어,OO 로**  스네일 크림 50ml 1개,촉촉하니 건조한 계절에 바르기 좋은거 같습니다. 아직 큰 효과는 모르겠지만 트러블없이 촉촉해서 만족하네요. 화이트닝 효과도 나타나면 더욱 좋을거 같습니다.,보습력/수분감,촉촉하니,1,[속성] 보습력/수분감 [문장] 촉촉하니,,보습력/수분감,unchanged
train,319835,쇼핑몰,스킨케어,OO 로**  스네일 크림 50ml 1개,촉촉하고 피부가 쫀쫀한 느낌입니다. 다른 사이트 보다 저렴하게 주문하게 되어 좋으네요.,보습력/수분감,촉촉하고,1,[속성] 보습력/수분감 [문장] 촉촉하고,,보습력/수분감,unchanged
train,319856,쇼핑몰,스킨케어,OO 로**  스네일 크림 50ml 1개,촉촉하고 피부에 수분이 잘 공급되는 느낌이 듭니다 이제 사용한지 일주일 정도밖에 안되어 지켜보고 있어요 추천받아서 산 거라서 효과가 있기를 바라고 있네요 나이가 들어서인지 계절 때문인지 피부가 건조한 느낌이 많이 들었는데 이거 듬뿍 바르고 자면 좋네요,보습력/수분감,촉촉하고,1,[속성] 보습력/수분감 [문장] 촉촉하고,,보습력/수분감,unchanged
train,319858,쇼핑몰,스킨케어,OO 로**  스네일 크림 50ml 1개,얼굴에 수분감이 부족하고 금방 건조해져서 크림도 이것 저것 많이 사용해 써봤는데 자극적이지도 않고 촉촉하니 괜찮습니다. 효과가 좋다면 지속적으로 사용하고 싶은 의사 있어요.,보습력/수분감,촉촉하니,1,[속성] 보습력/수분감 [문장] 촉촉하니,,보습력/수분감,unchanged
train,319899,쇼핑몰,스킨케어,OO 로**  스네일 크림 50ml 1개,건성이라 촉촉하고 잘 스며들어요. 발림성도 부드럽습니다. 향도 강하지 않아 좋아요. 저렴하게 잘 샀어요. 사은품으로 샘플 주셔서 좋아요. 배송은 상자로 종이 포장되어 아주 깔끔하게 왔습니다.,보습력/수분감,촉촉하고,1,[속성] 보습력/수분감 [문장] 촉촉하고,,보습력/수분감,unchanged
train,319914,쇼핑몰,스킨케어,OO 로**  스네일 크림 50ml 1개,이걸 바르고 잔 다음날은 피부가 촉촉하고 쫀쫀합니다 ○○○크림 중 제일 좋네요,보습력/수분감,촉촉하고,1,[속성] 보습력/수분감 [문장] 촉촉하고,,보습력/수분감,unchanged
train,319922,쇼핑몰,스킨케어,OO 로**  스네일 크림 50ml 1개,기존 ㅇㅇㅇ 크림을 사용하고 좋아서 업그레이드된 ㅇㅇ ㅇㅇㅇ 크림을 한통 샀어요. 가격이 비싸지만 사용 후 피부가 촉촉하고 매끈해지는 효과가 있어서 재구매 했어요. 꾸준히 사용하고 효과 보고 싶어요. 좋은 제품입니다,보습력/수분감,피부가 촉촉하고,1,[속성] 보습력/수분감 [문장] 피부가 촉촉하고,,보습력/수분감,unchanged
train,319946,쇼핑몰,스킨케어,OO 로**  스네일 크림 50ml 1개,자주 구매해서 사용하는 제품이에요 촉촉하고 발림성도 좋습니다 끈적임은 살짝 있는 편이라서 여름에만 다른제품 사용해요,보습력/수분감,촉촉하고,1,[속성] 보습력/수분감 [문장] 촉촉하고,,보습력/수분감,unchanged
train,320063,쇼핑몰,스킨케어,OO 로**  스네일 크림 50ml 1개,촉촉하고 부드럽고 유수분감도 오래 지속되고 가격도 좋습니다 배송도 빠르고 포장도 잘 되었고요 예전에도 만족해서 이번에 하나 더 구매했는데 또 재구매할 거예요,보습력/수분감,촉촉하고,1,[속성] 보습력/수분감 [문장] 촉촉하고,,보습력/수분감,unchanged
train,320063,쇼핑몰,스킨케어,OO 로**  스네일 크림 50ml 1개,촉촉하고 부드럽고 유수분감도 오래 지속되고 가격도 좋습니다 배송도 빠르고 포장도 잘 되었고요 예전에도 만족해서 이번에 하나 더 구매했는데 또 재구매할 거예요,윤기/피부(톤),부드럽고,1,[속성] 윤기/피부(톤) [문장] 부드럽고,,윤기/피부(톤),unchanged
train,320120,쇼핑몰,스킨케어,OO 로**  스네일 크림 50ml 1개,바르고나서 번들거리지 않고 끈적임도 없지만 부드럽고 촉촉합니다.,윤기/피부(톤),부드럽고,1,[속성] 윤기/피부(톤) [문장] 부드럽고,,윤기/피부(톤),unchanged
train,320293,쇼핑몰,스킨케어,OO 로**  스네일 크림 50ml 1개,사용하니 밀착되고 보습력 좋고 업그레이드 확실히 되네요. OOO은 젤제형 느낌 OO은 크림제형인 것이 다릅니다.,흡수력,밀착되고,1,[속성] 흡수력 [문장] 밀착되고,,흡수력,unchanged
train,320352,쇼핑몰,스킨케어,OO 로**  스네일 크림 50ml 1개,제형이 수분크림과 영양크림 중간이라서 좋습니다. 부드럽고 흡수가 잘 되어서 앞으로 계속 쓰려고요. 샘플도 많이 주셔서 좋아요.,윤기/피부(톤),부드럽고,1,[속성] 윤기/피부(톤) [문장] 부드럽고,,윤기/피부(톤),unchanged
train,320388,쇼핑몰,스킨케어,OO 로**  스네일 크림 50ml 1개,촉촉하고 건조한 걸 못 느끼네요 보습은 이 크림이 최고네요 한가지 아쉬운건 양이 조금 적네요.,보습력/수분감,촉촉하고,1,[속성] 보습력/수분감 [문장] 촉촉하고,,보습력/수분감,unchanged
train,320446,쇼핑몰,스킨케어,OO 로**  스네일 크림 50ml 1개,부드럽게 잘 발리고 효과가 좋아요 그런데 누가 뜯은 흔적이 있어요 테이프는 없고 테이프 뜯은 흔적만 있네요ㅜ반품하기 귀찮아 그냥 쓰긴 하는데 찝찝해요,발림성,부드럽게 잘 발리고,1,[속성] 발림성 [문장] 부드럽게 잘 발리고,,발림성,unchanged
train,320465,쇼핑몰,스킨케어,OO 로**  스네일 크림 50ml 1개,블랙 나온후로 한번 사봤는데 너무 좋더라구요. 촉촉하니 보습도 더 잘되고 성분도 좋아요. 유통기한도 길고 포장도 깔끔하니 넘 좋네요.,보습력/수분감,촉촉하니,1,[속성] 보습력/수분감 [문장] 촉촉하니,,보습력/수분감,unchanged
train,320628,쇼핑몰,스킨케어,OO 로**  스네일 크림 50ml 1개,OOO OO 크림은 꾸준히 몇 년째 쓰는 제품입니다. 찐득하지 않고 촉촉하고 윤기도 적당해요. 산뜻하니 좋습니다.,보습력/수분감,촉촉하고,1,[속성] 보습력/수분감 [문장] 촉촉하고,,보습력/수분감,unchanged
train,320663,쇼핑몰,스킨케어,OO 로**  스네일 크림 50ml 1개,촉촉하고 부드럽게 발리고 좋습니다. 저렴하게 구매해서 좋습니다.,보습력/수분감,촉촉하고,1,[속성] 보습력/수분감 [문장] 촉촉하고,,보습력/수분감,unchanged
train,320778,쇼핑몰,스킨케어,OO 마** 모이스처 스킨 소프너 320ml 1개,에센스처럼 촉촉하고 보습력 좋습니다. 건성피부에 괜찮네요.,보습력/수분감,촉촉하고,1,[속성] 보습력/수분감 [문장] 촉촉하고,,보습력/수분감,unchanged
train,320817,쇼핑몰,스킨케어,OO 마** 모이스처 스킨 소프너 320ml 1개,향도 좋고 끈적임 없이 촉촉합니다 가격 저렴해서 듬뿍 발라 사용하고 있습니다.,향,향도 좋고,1,[속성] 향 [문장] 향도 좋고,,향,unchanged
train,321092,쇼핑몰,스킨케어,OO 마** 모이스처 스킨 소프너 320ml 1개,좋은 제품입니다. 촉촉하고 부드러워 괜찮아요. 양도 많아 좋습니다.,보습력/수분감,촉촉하고,1,[속성] 보습력/수분감 [문장] 촉촉하고,,보습력/수분감,unchanged
train,321093,쇼핑몰,스킨케어,OO 마** 모이스처 스킨 소프너 320ml 1개,마음에 들어요. 촉촉하고 부드럽네요 양도 많아 편하게 쓸 수 있습니다,보습력/수분감,촉촉하고,1,[속성] 보습력/수분감 [문장] 촉촉하고,,보습력/수분감,unchanged
train,321651,쇼핑몰,스킨케어,OO 마** 모이스처 스킨 소프너 320ml 1개,저렴한 가격에 구매해서 정말 좋아요 항상 쓰던 제품이라 촉촉하니 좋네요 또 구매하겠습니다,보습력/수분감,촉촉하니 좋네요,1,[속성] 보습력/수분감 [문장] 촉촉하니 좋네요,,보습력/수분감,unchanged
train,321778,쇼핑몰,스킨케어,OO 해** 시카페어 크림 50ml 1개,장점은 자기전 얼굴에 바르고 자면 다음날 촉촉하고 수분 가득한 느낌이예요 단점은 용량에 비해 가격대가 살짝 높네요,보습력/수분감,촉촉하고,1,[속성] 보습력/수분감 [문장] 촉촉하고,,보습력/수분감,unchanged
train,321927,쇼핑몰,스킨케어,OO 해** 시카페어 크림 50ml 1개,저렴하게 구입해서 좋아요. 피부에 간편하게 바르기도 좋고 상품 품질 좋아요. 발림성 좋고 지속성도 좋아요. 선물하기도 좋고 마음에 들어요.,발림성,발림성 좋고,1,[속성] 발림성 [문장] 발림성 좋고,,발림성,unchanged
train,321935,쇼핑몰,스킨케어,OO 해** 시카페어 크림 50ml 1개,향도 좋고 바르고나면 번들거리는 것도 적고 촉촉하네요. 기초를 대충 바르고 크림을 바르니 얼굴이 당기는 듯합니다. 건조한 듯한 느낌이 드네요.피부가 각질이 일어나지는 않습니다. 바르면 즉각적으로 부드러워지며 일주일정도 사용후 피부톤이 밝아진 것을 느낄 수 있어요,향,향도 좋고,1,[속성] 향 [문장] 향도 좋고,,향,unchanged
train,321967,쇼핑몰,스킨케어,OO 해** 시카페어 크림 50ml 1개,발림성이 좋고 끈적이지 않아요.,발림성,발림성이 좋고,1,[속성] 발림성 [문장] 발림성이 좋고,,발림성,unchanged
train,321968,쇼핑몰,스킨케어,OO 해** 시카페어 크림 50ml 1개,.발림성 좋고 흡수도 빠르네요. 나이트는 여드름에 효과 있었는데 이 제품도 효과를 기대해봅니다.,발림성,발림성 좋고,1,[속성] 발림성 [문장] 발림성 좋고,,발림성,unchanged
train,322038,쇼핑몰,스킨케어,OO 해** 시카페어 크림 50ml 1개,트러블이 심한 편인데 이거만큼 순하고 발림성 편하고 트러블 잡아주는 제품 못봤네요,자극성,순하고,1,[속성] 자극성 [문장] 순하고,,자극성,unchanged
train,322429,쇼핑몰,스킨케어,OO 해** 시카페어 크림 50ml 1개,늘 쓰는 제품이네요. 싸게 잘 샀습니다. 촉촉하고 부드럽고 발림성도 좋아요.,보습력/수분감,촉촉하고,1,[속성] 보습력/수분감 [문장] 촉촉하고,,보습력/수분감,unchanged
train,322429,쇼핑몰,스킨케어,OO 해** 시카페어 크림 50ml 1개,늘 쓰는 제품이네요. 싸게 잘 샀습니다. 촉촉하고 부드럽고 발림성도 좋아요.,윤기/피부(톤),부드럽고,1,[속성] 윤기/피부(톤) [문장] 부드럽고,,윤기/피부(톤),unchanged
train,322683,쇼핑몰,스킨케어,OO 해** 시카페어 크림 50ml 1개,저넉에 바르고자면 제형이 도톰히 부드럽게 피부에 발려 피부재생을 돕는 것 같습니다 순하고 쫀쫀하네요 보호가 잘 되는 보습크림 같습니다 리뉴얼되어 무향으로 바뀐 게 아쉽지만 제품의 제형텍스쳐 만족합니다,자극성,순하고,1,[속성] 자극성 [문장] 순하고,,자극성,unchanged
train,322706,쇼핑몰,스킨케어,OO 해** 시카페어 크림 50ml 1개,재생효과에 좋다고해서 ㅇㅇㅇ 쓰고 있어요. 향도 없고 발림성도 좋고 끈적임도 없는데 보습력도 촉촉해요,향,향도 없고,1,[속성] 향 [문장] 향도 없고,,향,unchanged
train,322750,쇼핑몰,스킨케어,OO 레** 아이크림 포페이스 30ml 4개,발림 좋고 자고난 후 촉촉한 피부가 좋네요. 요즘 나의 최애가 되었습니다.,발림성,발림 좋고,1,[속성] 발림성 [문장] 발림 좋고,,발림성,unchanged
train,322801,쇼핑몰,스킨케어,OO 레** 아이크림 포페이스 30ml 4개,훨씬 주름이 좋아졌어요. 향도 좋고 하루종일 당기지 않습니다. 그리고 트러블이 생기지않고 순한것 같습니다.,향,향도 좋고,1,[속성] 향 [문장] 향도 좋고,,향,unchanged
train,574738,쇼핑몰,스킨케어,OO 시** 퍼펙트 휩 클렌징폼 120g 4개,이 제품만 사용하고 있습니다. 촉촉하고 얼굴 당김도 없고 거품도 풍성하고 깨끗하게 씻겨지는 것 같습니다.,보습력/수분감,촉촉하고,1,[속성] 보습력/수분감 [문장] 촉촉하고,,보습력/수분감,unchanged
train,574913,쇼핑몰,스킨케어,OO 딥 클렌징오일 200ml 3개,5년 동안 쓰고 있네요. 다른 것도 써봤는데 다시 돌아오게 되네요. 잘 지워지고 자극적이지 않아서 좋네요. 가격도 여기가 저렴합니다.,기능/효과,잘 지워지고,1,[속성] 기능/효과 [문장] 잘 지워지고,,기능/효과,unchanged
train,576470,쇼핑몰,스킨케어,OO 딥 클린 포밍 클렌저 175g 1개,"자극 없고, 깨끗하게 지워지고, 순해서 좋습니다. 향은 아쉽지만, 재구매할 계획입니다. 큰사이즈에 용량도 넉넉해서 좋네요.",자극성,순해서 좋습니다.,1,[속성] 자극성 [문장] 순해서 좋습니다.,,자극성,unchanged
train,576528,쇼핑몰,스킨케어,OO 딥 클린 포밍 클렌저 175g 1개,가격도 저렴하고 평도 좋네요. 남편이랑 같이 쓰는데 거품도 풍부하고 세정력도 좋고 세수하고 나면 개운해서 아주 좋아요. 남편은 지성피부라 좋다는 제품 이것저것 써봤는데 쓸만 한 걸 못 찾았거든요. 이 제품은 군말 없이 쓰네요.,가격,가격도 저렴하고,1,[속성] 가격 [문장] 가격도 저렴하고,,가격,unchanged
train,576545,쇼핑몰,스킨케어,OO 딥 클린 포밍 클렌저 175g 1개,클렌저 제품을 많이 써봤는데 대부분 미끌거리고 개운한 느낌이 없었습니다. 이 제품은 개운한 사용감이고 순하고 세정력이 좋습니다. 계속 사용할 생각압니다. 세안 후에는 건조함이 생겨 다른 크림을 발라야합니다. 보습력이 살짝 아쉽지만 제품은 만족합니다.,자극성,순하고,1,[속성] 자극성 [문장] 순하고,,자극성,unchanged
train,576630,쇼핑몰,스킨케어,OO 딥 클린 포밍 클렌저 175g 1개,OOO 포밍 클렌져는 자주 구매하는 제품이에요. 잘 씻겨서 뽀득뽀득해서 제일 좋아요. 세정이 깨끗이 되는 거 같고 향도 좋고 상쾌하고 너무 좋아요. 재구매하려고 합니다. 감사해요.,향,향도 좋고,1,[속성] 향 [문장] 향도 좋고,,향,unchanged
train,576740,쇼핑몰,스킨케어,OO 딥 클린 포밍 클렌저 175g 1개,○○○ 자극적이지 않고 부드럽게 클렌징되어서 좋아요 향기가 거의 없는 무향이예요. 데일리로 쓰기에 적당한 제품입니다. 재구매의사 있어요.,자극성,자극적이지 않고,1,[속성] 자극성 [문장] 자극적이지 않고,,자극성,unchanged
train,576778,쇼핑몰,스킨케어,OO 딥 클린 포밍 클렌저 175g 1개,복합성 피부인데 뾰루지도 있고 이마와 코에는 피지분비가 많아요. 이 제품은 세정력이 좋아서 세안 후 개운한 느낌이 좋네요. 미끈거리지 않고 뽀드득거리는 느낌이 좋아서 애용해요. 겨울에는 입가나 볼이 약간 당길 때도 있어서 건성피부이신 분들한테는 추천하지 않아요.,기능/효과,미끈거리지 않고,1,[속성] 기능/효과 [문장] 미끈거리지 않고,,기능/효과,unchanged
train,576814,쇼핑몰,스킨케어,OO 딥 클린 포밍 클렌저 175g 1개,몇년째 쭉 사용해 오고 있네요.가격도 저렴하고 세정력이 뛰어납니다. 그래서 건조하다는 느낌이 조금 들어요. 화장하고 클렌징 따로 안해도 깨끗하게 씻어집니다.이번엔 세일 많이해서 잘 샀어요.,가격,가격도 저렴하고,1,[속성] 가격 [문장] 가격도 저렴하고,,가격,unchanged
train,576850,쇼핑몰,스킨케어,OO 딥 클린 포밍 클렌저 175g 1개,지성이라 항상 여드름에 뭔가나서 스트레스였네요 세안하고 나면 시원하고 사용감이 개운한 느낌이 아주 좋아요,보습력/수분감,시원하고,1,[속성] 보습력/수분감 [문장] 시원하고,,보습력/수분감,unchanged
train,576861,쇼핑몰,스킨케어,OO 딥 클린 포밍 클렌저 175g 1개,역시 딥 클렌징입니다. 깨끗하게 세정되는 제품입니다. 용량을 조금만 사용해도 부드러운 거품이 풍부하게 잘 일어나고 세안 후 개운한 느낌이 드네요. 무엇보다도 세정력이 좋으면서도 세안 후에 당기거나 하지 않고 탄력적으로 느껴집니다. 모공 케어까지 되는 느낌이에요. 아주 만족스러운 제품입니다. 앞으로도 구매 의사 있습니다. 맘에 드는 제품이고 데일리로 쓰기 좋습니다. 좋은 제품 잘 사용하겠습니다.,기능/효과,데일리로 쓰기 좋습니다.,1,[속성] 기능/효과 [문장] 데일리로 쓰기 좋습니다.,,기능/효과,unchanged
train,577055,쇼핑몰,스킨케어,OO 순** 클렌징폼 200ml 1개,고체형 쓰다가 액체형으로 바꿨는데 좋네요 세안후 촉촉하고 잘 씻겨서 미끌거리지 않고 깔끔한 느낌 너무 좋아요 앞으로 자주 이용할거같네요 제 피부에 잘 맞는거 같네요 재구매의사 있습니다,보습력/수분감,촉촉하고,1,[속성] 보습력/수분감 [문장] 촉촉하고,,보습력/수분감,unchanged
train,577058,쇼핑몰,스킨케어,OO 순** 클렌징폼 200ml 1개,다른 제품 쓰다가도 다시 생각나는 제품입니다. 거품도 잘 나고 세안후 당김도 심하지 않고 순해서 좋습니다. 순해서 어떤 피부든 잘 맞을것 같습니다. 추천해요.,자극성,순해서 좋습니다.,1,[속성] 자극성 [문장] 순해서 좋습니다.,,자극성,unchanged
train,577078,쇼핑몰,스킨케어,OO 순** 클렌징폼 200ml 1개,"한 통 사용하고 좋아서 또 구매해요. 순하고 거품도 잘나고, 씻고나면 당김없이 촉촉해서 만족해요",자극성,순하고,1,[속성] 자극성 [문장] 순하고,,자극성,unchanged
train,577146,쇼핑몰,스킨케어,OO 순** 클렌징폼 200ml 1개,일반폼 보다 순하고 문지를수록 쫀쫀한 제형의 거품이 많이 나서 세안후 사용감이 개운하고 촉촉한 느낌이 듭니다. 용기가 펌핑형태로 되어 있어 열고 닫는 번거러움 없이 편하게 사용할 수 있어 좋은 것 같습니다. 향은 아쉽네요,자극성,순하고,1,[속성] 자극성 [문장] 순하고,,자극성,unchanged
train,577149,쇼핑몰,스킨케어,OO 순** 클렌징폼 200ml 1개,순하고 자극이 없고 당기지 않네요. 거품이 많이 나지는 않네요. 다른 샘플은 없지만 클렌징 50ml* 4개나 더 주니 정품을 하나 더 받는 셈이라 좋습니다,자극성,순하고,1,[속성] 자극성 [문장] 순하고,,자극성,unchanged
train,577154,쇼핑몰,스킨케어,OO 순** 클렌징폼 200ml 1개,전에 사용하다가 가격이 너무 비싸서 다른 제품으로 바꿨는데 이번에 본품 200ml에 50ml 샘플을 4개나 준다고 해서 마음에 들어 샀습니다. 처음 사용할 때는 기존에 사용하는 것보다 거품이 덜 나는 것 같고 헹굼이 뽀드득하게 안되어서 별로였어요. 그런데 자꾸 사용하다 보니 세안 후 당김도 없고 순해서 좋습니다.,자극성,순해서 좋습니다.,1,[속성] 자극성 [문장] 순해서 좋습니다.,,자극성,unchanged
train,577167,쇼핑몰,스킨케어,OO 순** 클렌징폼 200ml 1개,OOO 클렌징 제품은 어른들이 쓴다고 생각 하는데 자극이 없어서 연약한 피부를 가진 사람이라면 추천합니다. 순하고 제형이 부드럽고 세안 후 당김 없어요. 이것만 쓰게 되어요. 클렌징은 다른 순한 제품도 있긴 한데 번갈아 가며 쓰지만 OOO는 정말 좋습니다.,자극성,순하고,1,[속성] 자극성 [문장] 순하고,,자극성,unchanged
train,577178,쇼핑몰,스킨케어,OO 순** 클렌징폼 200ml 1개,폼클렌징 여러가지써보아도 ○○○폼은 따라올수없네요 피부자극없고 촉촉하고 향까지 은은하니 기분까지 좋네요 저녁세안은 기분이 더 좋아지네요 많은분들께 추천해주고 싶고 추천해요 가격이 저렴해서 지인도 선물하고 쟁여놓고 있어요 마음도 뿌듯하고 걱정없이 사용하니 완전 좋네요,보습력/수분감,촉촉하고,1,[속성] 보습력/수분감 [문장] 촉촉하고,,보습력/수분감,unchanged
train,577215,쇼핑몰,스킨케어,OO 순** 클렌징폼 200ml 1개,평이 좋길래 사보고 싶었어요. 오늘 첨 써봤는데 순하고 깨끗하게 잘 씻기고 피부에 자극 없어요. 같이 온 OO팩 얼굴에 붙이고 상품평 남기네요. 엄마도 사주고 싶은 상품입니다.,자극성,순하고,1,[속성] 자극성 [문장] 순하고,,자극성,unchanged
train,577330,쇼핑몰,스킨케어,OO 순** 클렌징폼 200ml 1개,"씻고나서 건조하지 않고 순하고 자극적이지 않아서 좋습니다. 세안시 잔여물이 남아서 말끔하게 씻기지는 않지만,가벼운 세안에는 좋은 것 같아요.",자극성,순하고,1,[속성] 자극성 [문장] 순하고,,자극성,unchanged
train,577336,쇼핑몰,스킨케어,OO 순** 클렌징폼 200ml 1개,향기가 은은하고 세정력도 좋아요. 피부가 세안 후에 건조함이 적고 부드럽고 촉촉해요. 어마어마한 효과는 아직은 잘 모르겠네요,윤기/피부(톤),부드럽고,1,[속성] 윤기/피부(톤) [문장] 부드럽고,,윤기/피부(톤),unchanged
train,577336,쇼핑몰,스킨케어,OO 순** 클렌징폼 200ml 1개,향기가 은은하고 세정력도 좋아요. 피부가 세안 후에 건조함이 적고 부드럽고 촉촉해요. 어마어마한 효과는 아직은 잘 모르겠네요,보습력/수분감,촉촉해요,1,[속성] 보습력/수분감 [문장] 촉촉해요,,보습력/수분감,unchanged
train,577362,쇼핑몰,스킨케어,OO 순** 클렌징폼 200ml 1개,오랫동안 사용하고 있는 클렌징폼입니다. 피부가 약하고 예민해서 다른 제품은 못쓰는데 이 제품은 순하고 세수하고 촉촉합니다. 다른 제품을 사용하면 아쉬운 점이 많아서 결국 이 제품으로 돌아옵니다. 세일해서 저렴하게 구입했습니다.,자극성,순하고,1,[속성] 자극성 [문장] 순하고,,자극성,unchanged
train,577491,쇼핑몰,스킨케어,OO 순** 클렌징폼 200ml 1개,구성 사은품 쓰다가 좋아서 주문했습니다. 세안 후에 건조함 없이 뽀송해서 좋습니다. 효과도 기대가 됩니다.,기능/효과,뽀송해서 좋습니다.,1,[속성] 기능/효과 [문장] 뽀송해서 좋습니다.,,기능/효과,unchanged
train,577681,쇼핑몰,스킨케어,OO 순** 클렌징폼 200ml 1개,OOO 폼은 순하고 피부에 잘 맞아서 화장실마다 두려고 하나 더 구매했는데 사은품이 오일로만 와서 아쉽습니다. 구성 중 하나는 폼으로 알았는데 조금 아쉽지만 구성 좋아 만족은 합니다.,자극성,순하고,1,[속성] 자극성 [문장] 순하고,,자극성,unchanged
train,577708,쇼핑몰,스킨케어,OO 순** 클렌징폼 200ml 1개,저렴한 가격에 샀습니다. 구성이 좋아서 여행용으로 쓰면 좋습니다. 순하게 잘 지워지네요. 향은 아쉽네요.,기능/효과,잘 지워지네요.,1,[속성] 기능/효과 [문장] 잘 지워지네요.,,기능/효과,unchanged
train,577834,쇼핑몰,스킨케어,OO 순** 클렌징폼 200ml 1개,부드럽고 순하고 거품도 잘나네요. 펌프형이라 사용하기 편리합니다. 다만 한방 향이라 좀 아쉽네요.,윤기/피부(톤),부드럽고,1,[속성] 윤기/피부(톤) [문장] 부드럽고,,윤기/피부(톤),unchanged
train,577834,쇼핑몰,스킨케어,OO 순** 클렌징폼 200ml 1개,부드럽고 순하고 거품도 잘나네요. 펌프형이라 사용하기 편리합니다. 다만 한방 향이라 좀 아쉽네요.,자극성,순하고,1,[속성] 자극성 [문장] 순하고,,자극성,unchanged
train,577875,쇼핑몰,스킨케어,OO 순** 클렌징폼 200ml 1개,할인 많이 받아 구입했습니다. 항상 쓰는 제품이긴 한데 좋은 가격에 구입해서 좋아요. 순하고 제형이 부드러워서 쟁여두고 쓴답니다. 피부에 자극도 덜하고 깨끗이 닦아지네요. 더 큰 사이즈에 가격도 적당하게 나왔으면 좋겠어요. 용량이 작아서 그런지 빨리 쓰는 느낌이 드네요.,자극성,순하고,1,[속성] 자극성 [문장] 순하고,,자극성,unchanged
train,577885,쇼핑몰,스킨케어,OO 순** 클렌징폼 200ml 1개,항상 쓰는 ○○○ 클렌징 폼 너무 좋네요 가격은 좀 비싸지만 자극적이지 않고 부드럽게 느껴지는 세안후 느낌이 좋아요 세정력 좋으면서 피부에도 순하니 만족도가 좋네요~ 사은품이 좀 아쉽긴하지만 꼭 필요한 아이템만으로 채워주니 괜찮습니다,자극성,자극적이지 않고,1,[속성] 자극성 [문장] 자극적이지 않고,,자극성,unchanged
train,578620,쇼핑몰,스킨케어,OO 이** 턴오버 28 어드밴스드 트루 클렌징폼 180ml 1개,피부가 약해서 바꾸기가 쉽지 않은데 사용하던 제품이 없어져서 할 수 없이 선택한 제품이예요 세안후 당김도 없고 촉촉하고 자극적이지 않아 좋습니다.,보습력/수분감,촉촉하고,1,[속성] 보습력/수분감 [문장] 촉촉하고,,보습력/수분감,unchanged
train,580390,쇼핑몰,스킨케어,OO 레** 클리어 수딩폼 150ml 1개,"오래전부터 매일 사용하는 제품인데, 순하고 부드럽고 거품도 잘나고 만족해요. 세안후 건조함은 좀 있지만 앞으로도 계속 사용할 것 같습니다.",자극성,순하고,1,[속성] 자극성 [문장] 순하고,,자극성,unchanged
train,580390,쇼핑몰,스킨케어,OO 레** 클리어 수딩폼 150ml 1개,"오래전부터 매일 사용하는 제품인데, 순하고 부드럽고 거품도 잘나고 만족해요. 세안후 건조함은 좀 있지만 앞으로도 계속 사용할 것 같습니다.",윤기/피부(톤),부드럽고,1,[속성] 윤기/피부(톤) [문장] 부드럽고,,윤기/피부(톤),unchanged
train,580556,쇼핑몰,스킨케어,OO 레** 클리어 수딩폼 150ml 1개,배송은 다소 늦었지만 괜찮았어요. 아이들과 같이 사용하기도 좋네요. 세안 후 얼굴이 촉촉하고 부드럽습니다. 무엇보다도 진정 효과가 있어 민감한 피부에 조금이나마 도움이 되는 듯합니다.,윤기/피부(톤),부드럽습니다.,1,[속성] 윤기/피부(톤) [문장] 부드럽습니다.,,윤기/피부(톤),unchanged
train,580723,쇼핑몰,스킨케어,OO 레** 클리어 수딩폼 150ml 1개,트러블 진정됩니다. 순하고 사용감은 세안 후 깔끔합니다. 막 당기지도 않습니다.,자극성,순하고,1,[속성] 자극성 [문장] 순하고,,자극성,unchanged
train,580789,쇼핑몰,스킨케어,OO 레** 클리어 수딩폼 150ml 1개,처음 사용했을 때 거품이 잘 나지 않고 헹구어도 폼이 남아있는 것처럼 미끈거립니다. 사용하다 보니 적응 되고 자극적이지 않고 피부가 부드럽게 느껴져서 재구매했습니다.,자극성,자극적이지 않고,1,[속성] 자극성 [문장] 자극적이지 않고,,자극성,unchanged
train,580827,쇼핑몰,스킨케어,OO 레** 클리어 수딩폼 150ml 1개,부드럽게 잘 발리고 톤업 효과도 어느 정도 있어서 좋습니다. 트러블도 안 나고 세안도 아주 잘됩니다. 유통기한이 임박한 걸 보내셔서 반품 하려다 잘 쓰고 있습니다.,발림성,부드럽게 잘 발리고,1,[속성] 발림성 [문장] 부드럽게 잘 발리고,,발림성,unchanged
train,580892,쇼핑몰,스킨케어,OO 레** 클리어 수딩폼 150ml 1개,세정력은 괜찮은 것 같은데 피부가 땡기면서 살짝 건조 해지는 것 같습니다. 건성 피부에는 안 맞아요. 거품망에 넣고 주물주물하면 거품 잘 납니다.,보습력/수분감,피부가 땡기면서,-1,[속성] 보습력/수분감 [문장] 피부가 땡기면서,,보습력/수분감,unchanged
train,580933,쇼핑몰,스킨케어,OO 레** 클리어 수딩폼 150ml 1개,여드름 있는 사춘기 아이 사용하려고 구매했습니다. 성분이 순하면서 촉촉하고 사용감이 좋다고 합니다. 여드름 피부에도 자극적이지 않고 순해서 좋습니다.,보습력/수분감,촉촉하고,1,[속성] 보습력/수분감 [문장] 촉촉하고,,보습력/수분감,unchanged
train,580933,쇼핑몰,스킨케어,OO 레** 클리어 수딩폼 150ml 1개,여드름 있는 사춘기 아이 사용하려고 구매했습니다. 성분이 순하면서 촉촉하고 사용감이 좋다고 합니다. 여드름 피부에도 자극적이지 않고 순해서 좋습니다.,자극성,순해서 좋습니다.,1,[속성] 자극성 [문장] 순해서 좋습니다.,,자극성,unchanged
train,580946,쇼핑몰,스킨케어,OO 레** 클리어 수딩폼 150ml 1개,피부가 지성과 건성 다 있는 복합성이라 어떤 제품도 별로라서 알아보니 클렌징이 중요하다고 해서 구매했습니다. 이 제품 순하고 좋습니다. 효과 기대하며 계속 사용하겠습니다.,자극성,순하고,1,[속성] 자극성 [문장] 순하고,,자극성,unchanged
train,580973,쇼핑몰,스킨케어,OO 레** 클리어 수딩폼 150ml 1개,폼클렌징을 이것저것 써봐도 딱히 만족한게 없었는데 이 제품은 만족합니다. 계속 사용 중입니다. 거품도 풍성하고 향도 좋고 자극적이지 않아서 좋습니다. 용량만 컸으면 완벽했지만 다른 부분은 만족합니다.,향,향도 좋고,1,[속성] 향 [문장] 향도 좋고,,향,unchanged
train,581066,쇼핑몰,스킨케어,OO 레** 클리어 수딩폼 150ml 1개,순하고 거품이 잘 나서 클렌징폼은 항상 이 제품을 사용합니다. 좋은 가격으로 살 수 있어서 좋아요.,자극성,순하고,1,[속성] 자극성 [문장] 순하고,,자극성,unchanged
train,581114,쇼핑몰,스킨케어,OO 레** 클리어 수딩폼 150ml 1개,제형이 보들보들하고 거품이 잘 나네요. 자극적이지 않고 피부에 스며들어 화장과 미세 먼지가 잘 씻겨나갑니다. 부모님께도 선물로 드렸습니다. 선크림 사용하고 쓰시니 잘 씻기고 좋다고 합니다.,자극성,자극적이지 않고,1,[속성] 자극성 [문장] 자극적이지 않고,,자극성,unchanged
train,581140,쇼핑몰,스킨케어,OO 레** 클리어 수딩폼 150ml 1개,거품이 잘 나서 좋습니다. 심하게 뽀득 거리지도 않고 그렇다고 미끌거리지도 않고 촉촉하게 세안이 됩니다.,기능/효과,미끌거리지도 않고,1,[속성] 기능/효과 [문장] 미끌거리지도 않고,,기능/효과,unchanged
train,224544,쇼핑몰,스킨케어,OO 송** 안티에이징 라인 스페셜,향도 좋고 제품제형이 쫀쫀해서 너무 좋아요~~ 수분기가 약간 없는것 같기도 한데 잘쓰고있습니다,향,향도 좋고,1,[속성] 향 [문장] 향도 좋고,,향,unchanged
train,224548,쇼핑몰,스킨케어,OO 송** 안티에이징 라인 스페셜,항상쓰던제품 재구매합니다 향도 좋고 제품 제형이 쫀쫀해서 너무 좋아요~ 정착하니 이것저것 안봐도 되고 편하고 제품도 저랑 잘 맞고 좋습니다,향,향도 좋고,1,[속성] 향 [문장] 향도 좋고,,향,unchanged
train,224553,쇼핑몰,스킨케어,OO 송** 안티에이징 라인 스페셜,은은한향으 바르면 촉촉하고 매끄럽고 좋아요. 스킨도 로션처럼 누르는 타입이였다면 스킨사용시 돔 불편하네요 스펙츄라도 있었으면 좋았을 거 같아요,보습력/수분감,촉촉하고,1,[속성] 보습력/수분감 [문장] 촉촉하고,,보습력/수분감,unchanged
train,224568,쇼핑몰,스킨케어,OO 송** 안티에이징 라인 스페셜,티비에서 보다 OOO이라서 믿고 구매해봤는데 역시 좋네요 ㅎㅎ 촉촉하고 땡기지 않고 좋은것같에요!,보습력/수분감,촉촉하고,1,[속성] 보습력/수분감 [문장] 촉촉하고,,보습력/수분감,unchanged
train,224615,쇼핑몰,스킨케어,OO 희** 콜라겐 특화 기초 더블구성,쓰던 화장품이 알레르기있어 버리고 구입해서 3일째 바르니 향도 좋고 가볍게 스미는 느낌있어 좋으네요 투명하고 맑은 피부를 기대해봅니다 느낌이 좋으네요,향,향도 좋고,1,[속성] 향 [문장] 향도 좋고,,향,unchanged
train,224759,쇼핑몰,스킨케어,OO 화** 기초 3종 더블세트+원액,촉촉히 스며들어 부드럽고 향기도좋고 피부도밝아진듯합니다,윤기/피부(톤),부드럽고,1,[속성] 윤기/피부(톤) [문장] 부드럽고,,윤기/피부(톤),unchanged
train,224856,쇼핑몰,스킨케어,OO 자** 2종 기획 세트(21)+쇼핑백(품절시미증정),"OOO. 믿고 구입, 사용합니다. 촉촉하고 은은한 향이 기분좋게 만듭니다. 많이 파세요",보습력/수분감,촉촉하고,1,[속성] 보습력/수분감 [문장] 촉촉하고,,보습력/수분감,unchanged
train,225072,쇼핑몰,스킨케어,OO 더** 2종 기초 기획 세트(20.12),지인들에게 추천하는 상품입니다. 촉촉하고 발림성 좋아요. 굿,보습력/수분감,촉촉하고,1,[속성] 보습력/수분감 [문장] 촉촉하고,,보습력/수분감,unchanged
train,225133,쇼핑몰,스킨케어,OO 비** 로션 100ml,트러블이 시작된 초6 딸아이가 쓰고 있어요..자극적이지 않아 잘 쓰고 있어요. 순하고 제형이 부드러워요.,자극성,순하고,1,[속성] 자극성 [문장] 순하고,,자극성,unchanged
train,225225,쇼핑몰,스킨케어,OO 리** 여성 기초 3종 + 쇼핑백,마침 로션이 똑 떨어져서 구매했는데 번개같이배달왔네요 유효기간도 24년까지 넉넉해서 더 좋네요 촉촉하니 좋네요,보습력/수분감,촉촉하니 좋네요,1,[속성] 보습력/수분감 [문장] 촉촉하니 좋네요,,보습력/수분감,unchanged
train,225420,쇼핑몰,스킨케어,OO 단백질 볼륨 앰플 (대용량2+중용량2+리프팅볼),촉촉하고 발림성도 좋은데 용량이 적네요,보습력/수분감,촉촉하고,1,[속성] 보습력/수분감 [문장] 촉촉하고,,보습력/수분감,unchanged
train,225433,쇼핑몰,스킨케어,OO 단백질 볼륨 앰플 (대용량2+중용량2+리프팅볼),평소갖고싶던거라 구매했는데 역시나 촉촉하고 발림성도 너무좋아요.꾸준히쓰고 주름완화되길...,보습력/수분감,촉촉하고,1,[속성] 보습력/수분감 [문장] 촉촉하고,,보습력/수분감,unchanged
train,581186,쇼핑몰,스킨케어,OO 레** 클리어 수딩폼 150ml 1개,순하고 여드름에 좋다고 해서 구매해 봤습니다. 사용해봤는데 유분에 대한 세정력도 괜찮고 수분을 많이 뺏어가지도 않아서 만족합니다.,자극성,순하고,1,[속성] 자극성 [문장] 순하고,,자극성,unchanged
train,581248,쇼핑몰,스킨케어,OO 레** 클리어 수딩폼 150ml 1개,약산성이 좋다고 해서 바꿨네요. 그 동안은 OOO 클렌저를 사용했네요. 약산성성분 클렌징 오일이랑 함께 사용 중인데 여드름 피부에는 드라마틱한 효과는 없지만 쓰고 나면 당기지 않고 부드럽고 자극적이지 않아서 저는 좋습니다. 가격도 좋네요.,윤기/피부(톤),부드럽고,1,[속성] 윤기/피부(톤) [문장] 부드럽고,,윤기/피부(톤),unchanged
train,581487,쇼핑몰,스킨케어,OO 순** 클렌징오일 200ml 1개,매일 저녁에 클렌징으로 사용하고 있습니다. 자극 없고 순하고 당김 없어서 만족하며 오랜 기간 사용해오고 있습니다. 근데 가격 조금만 낮춰주세요.,자극성,순하고,1,[속성] 자극성 [문장] 순하고,,자극성,unchanged
train,581514,쇼핑몰,스킨케어,OO 순** 클렌징오일 200ml 1개,"타제품 사용하다 지인 추천으로 OOO로 갈아탔는데 좋네요. 세정력도 좋고, 무엇보다 순해서 좋습니다. 용량이 좀 적고, 가격이 비싸지만, 재구매할 계획입니다.",자극성,순해서 좋습니다.,1,[속성] 자극성 [문장] 순해서 좋습니다.,,자극성,unchanged
train,581515,쇼핑몰,스킨케어,OO 순** 클렌징오일 200ml 1개,"세정력도 좋고, 무엇보다 순해서 좋습니다. 자극없이 세정되고, 촉촉함도 좋습니다. 양이 적어 아쉽고, 가격이 저렴하진 않지만, 다음에도 또 구매하려 합니다.",자극성,순해서 좋습니다.,1,[속성] 자극성 [문장] 순해서 좋습니다.,,자극성,unchanged
train,581569,쇼핑몰,스킨케어,OO 순** 클렌징오일 200ml 1개,재구매해요. 순하고 피부에 자극이 없어서 좋아요. ○○○ 클렌징오일이 사용해본 오일중 가장 마음에 들어요. 세정력은 뛰어나진 않은데 순해서 가장 좋아요. 다 사용하고 재구매할께요. 양도 많은데 세일할때 싸게 잘 샀어요.,자극성,순하고,1,[속성] 자극성 [문장] 순하고,,자극성,unchanged
train,581791,쇼핑몰,스킨케어,OO 순** 클렌징오일 200ml 1개,상품 품질이 좋아요. 마음에 들어서 딸이 이 제품만 사용하네요. 얼굴에 바르면 모공 안에 때나 나오는 기분이랍니다. 근데 눈 따가움 없이 순하고 잘 닦여서 이 제품을 사용합니다. 가격만 조금 더 저렴하면 좋겠네요.,자극성,순하고,1,[속성] 자극성 [문장] 순하고,,자극성,unchanged
train,581810,쇼핑몰,스킨케어,OO 순** 클렌징오일 200ml 1개,몇 년 째 오래 쓰고 있는 제품입니다. 세정력도 괜찮고 순하고 제형이 오일리한데 사용감은 산뜻한 느낌이어서 좋아요. 대용량 버전도 나오는데 자주 나왔으면 좋겠습니다.,자극성,순하고,1,[속성] 자극성 [문장] 순하고,,자극성,unchanged
train,581832,쇼핑몰,스킨케어,OO 순** 클렌징오일 200ml 1개,OO에서 가끔 최저가 수준으로 할인 할 때가 있어서 아주 싸게 샀습니다. 향도 좋고 가벼운 사용감이라 기분이 좋습니다. 효과 기대해보겠습니다.,향,향도 좋고,1,[속성] 향 [문장] 향도 좋고,,향,unchanged
train,581839,쇼핑몰,스킨케어,OO 순** 클렌징오일 200ml 1개,세일 기간에 저렴하게 샀습니다. 사은품도 들어 있고 순하고 피부가 촉촉해져서 좋네요. 아내가 써보고 좋다고 하셔서 구입했습니다. 자주 써서 좋은 효과를 맛보고 싶습니다.,자극성,순하고,1,[속성] 자극성 [문장] 순하고,,자극성,unchanged
train,581886,쇼핑몰,스킨케어,OO 순** 클렌징오일 200ml 1개,미끌거리지 않고 티슈로 닦고 물로 헹구니 보송해서 좋습니다. 휴지로 닦는 게 피부에 자극 생기고 불편하긴 하지만 물로도 마무리가 잘 되어서 좋습니다. 좋은 효과 기대해봅니다.,기능/효과,미끌거리지 않고,1,[속성] 기능/효과 [문장] 미끌거리지 않고,,기능/효과,unchanged
train,581886,쇼핑몰,스킨케어,OO 순** 클렌징오일 200ml 1개,미끌거리지 않고 티슈로 닦고 물로 헹구니 보송해서 좋습니다. 휴지로 닦는 게 피부에 자극 생기고 불편하긴 하지만 물로도 마무리가 잘 되어서 좋습니다. 좋은 효과 기대해봅니다.,기능/효과,보송해서 좋습니다.,1,[속성] 기능/효과 [문장] 보송해서 좋습니다.,,기능/효과,unchanged
train,581997,쇼핑몰,스킨케어,OO 순** 클렌징오일 200ml 1개,클렌징폼만 쓰다가 클렌징폼이 좋아서 오일 찾아보니 오일도 자극없이 순하다고 해서 폼과 같이 쓰려고 구매했네요 오일을 사용해 보니 자극없이 잘 닦입니다 순하고 좋은것 같아요,자극성,순하고,1,[속성] 자극성 [문장] 순하고,,자극성,unchanged
train,582041,쇼핑몰,스킨케어,OO 순** 클렌징오일 200ml 1개,○○○ 쓰다가 적당한것 찾아보다 사게 되었네요 리뷰가 좋아서 구매해봤는데 향이 강하네요. 그것 빼고는 다 좋습니다. 발림성 좋고 잘 지워집니다 재구매의사 있네요,발림성,발림성 좋고,1,[속성] 발림성 [문장] 발림성 좋고,,발림성,unchanged
train,582041,쇼핑몰,스킨케어,OO 순** 클렌징오일 200ml 1개,○○○ 쓰다가 적당한것 찾아보다 사게 되었네요 리뷰가 좋아서 구매해봤는데 향이 강하네요. 그것 빼고는 다 좋습니다. 발림성 좋고 잘 지워집니다 재구매의사 있네요,기능/효과,잘 지워집니다,1,[속성] 기능/효과 [문장] 잘 지워집니다,,기능/효과,unchanged
train,582055,쇼핑몰,스킨케어,OO 순** 클렌징오일 200ml 1개,늘 잘 쓰는 제품입니다. 순해서 좋습니다. 어떤 피부 타입이든 괜찮아서 사용하셔도 좋습니다. 온 가족이 같이 사용하기에 좋습니다. 화장도 잘 지워 집니다. 유화작업 할 때 하얘집니다.,자극성,순해서 좋습니다.,1,[속성] 자극성 [문장] 순해서 좋습니다.,,자극성,unchanged
train,582057,쇼핑몰,스킨케어,OO 순** 클렌징오일 200ml 1개,타 제품 사용하다가 지인 추천으로 갈아 탔는데 순하고 세정력이 좋습니다. 당김도 없어서 좋습니다. ㅇㅇㅇ 클렌징 추천합니다. 한방 향이 있지만 심하지는 않아요.,자극성,순하고,1,[속성] 자극성 [문장] 순하고,,자극성,unchanged
train,582063,쇼핑몰,스킨케어,OO 순** 클렌징오일 200ml 1개,향도 좋고 세정력도 좋네요. 잘 사용하고 있어요. 재 구매 의사도 있어요. 제품 구성 중 작은 것도 있어서 여행 갈 때 가져가기도 좋습니다. 구성도 마음에 들어요.,향,향도 좋고,1,[속성] 향 [문장] 향도 좋고,,향,unchanged
train,582105,쇼핑몰,스킨케어,OO 순** 클렌징오일 200ml 1개,자극없이 순하고 세정이 잘 됩니다. 티슈로 닦지 않고 가볍게 문지른 후 물로 세안하면 되니 간편하게 잘 사용하고 있답니다. 오일이라 미끈거리는 잔여감은 남으니 가벼운 세안제로 2차 세안하면 더 좋아요.,자극성,순하고,1,[속성] 자극성 [문장] 순하고,,자극성,unchanged
train,225465,쇼핑몰,스킨케어,OO 단백질 볼륨 앰플 (대용량2+중용량2+리프팅볼),촉촉하고 광택 까지 기대이상이요,보습력/수분감,촉촉하고,1,[속성] 보습력/수분감 [문장] 촉촉하고,,보습력/수분감,unchanged
train,225467,쇼핑몰,스킨케어,OO 단백질 볼륨 앰플 (대용량2+중용량2+리프팅볼),발림성도 좋고 촉촉하고 가격대비 좋은상품인것 같아요,보습력/수분감,촉촉하고,1,[속성] 보습력/수분감 [문장] 촉촉하고,,보습력/수분감,unchanged
train,225484,쇼핑몰,스킨케어,OO 단백질 볼륨 앰플 매니아구성(앰플14+골든볼3+세럼2+무체3),포장이 이뻐서 맘에 들었어요ㅎ 촉촉하고 윤기도 나고 좋아서 담에 엄마두 하나 보내드리려구요! 고현정앰플이라 하면 좋아하실듯해용,보습력/수분감,촉촉하고,1,[속성] 보습력/수분감 [문장] 촉촉하고,,보습력/수분감,unchanged
train,225493,쇼핑몰,스킨케어,OO 단백질 볼륨 앰플 매니아구성(앰플14+골든볼3+세럼2+무체3),강추드립니다~~! 지인들에게도 소문내고 있어요 촉촉하고 광도 나고 선물용으로도 딱일듯해요,보습력/수분감,촉촉하고,1,[속성] 보습력/수분감 [문장] 촉촉하고,,보습력/수분감,unchanged
train,225501,쇼핑몰,스킨케어,OO 단백질 볼륨 앰플 매니아구성(앰플14+골든볼3+세럼2+무체3),찐추천!! 재구매했는데 홈쇼핑화장품 중 젤 만족해요~ 여름 화장품은 이걸로 떙일 듯해요 촉촉하고시원합니다,보습력/수분감,촉촉하고,1,[속성] 보습력/수분감 [문장] 촉촉하고,,보습력/수분감,unchanged
train,225505,쇼핑몰,스킨케어,OO 단백질 볼륨 앰플 매니아구성(앰플14+골든볼3+세럼2+무체3),피부가 부드럽고 촉촉해서 만족이용 탄력효과는 더 써봐야 알듯합니다,윤기/피부(톤),피부가 부드럽고,1,[속성] 윤기/피부(톤) [문장] 피부가 부드럽고,,윤기/피부(톤),unchanged
train,225561,쇼핑몰,스킨케어,OO 퍼** 기미관리 세럼7개+대용량에센스킨 1개,피부에 잘스며들고 촉촉해요,보습력/수분감,촉촉해요,1,[속성] 보습력/수분감 [문장] 촉촉해요,,보습력/수분감,unchanged
train,225633,쇼핑몰,스킨케어,OO 윤** 에센스 120ml,가격도 저렴하고 배송도 아주 빠르네요 유통기한도 넉넉해서 더 맘에 듭니다,가격,가격도 저렴하고,1,[속성] 가격 [문장] 가격도 저렴하고,,가격,unchanged
train,225648,쇼핑몰,스킨케어,OO 단백질 볼륨 앰플 (대용량2+중용량4+리프팅볼),촉촉하고 바르면 잘스며드는 느낌이듭니다,보습력/수분감,촉촉하고,1,[속성] 보습력/수분감 [문장] 촉촉하고,,보습력/수분감,unchanged
train,225661,쇼핑몰,스킨케어,OO 단백질 볼륨 앰플 (대용량2+중용량4+리프팅볼),"유통기한이 23년 까지네요,앰플 자체가 짧은건지. 최근 제조일자 걸로 보내 줬으면 좋았을껄. 앰플은 좋아요 사용해보고 좋아서 재구매거든요. 흡수도빠르고 부드럽고 건조함 못느껴요.많은 양 안발라도되고 이거만 발라도되요",윤기/피부(톤),부드럽고,1,[속성] 윤기/피부(톤) [문장] 부드럽고,,윤기/피부(톤),unchanged
train,225673,쇼핑몰,스킨케어,OO 단백질 볼륨 앰플 (대용량2+중용량4+리프팅볼),촉촉하고 발림성도 좋고 미백효과는 아직 잘모르겠지만 계속쓰다보면 좋아지겠지요.,보습력/수분감,촉촉하고,1,[속성] 보습력/수분감 [문장] 촉촉하고,,보습력/수분감,unchanged
train,225696,쇼핑몰,스킨케어,OO 세럼 스틱,향도 좋고 생각보다 품질이 괜찮은 듯합니다 좀 더 써보고 좋으면 재구매할까 합니다 근데 용기나 컬러가 좀 너무 노티나는 느낌 이랄까 약간 아쉽긴합니다,향,향도 좋고,1,[속성] 향 [문장] 향도 좋고,,향,unchanged
train,225718,쇼핑몰,스킨케어,1+1+1 OO 세럼 스틱 /멀티밤,가격 착하고 바르니 물광느낌에 촉촉해요 약간 꿀 냄새가 나서 좋아요,보습력/수분감,촉촉해요,1,[속성] 보습력/수분감 [문장] 촉촉해요,,보습력/수분감,unchanged
train,225727,쇼핑몰,스킨케어,1+1+1 OO 세럼 스틱 /멀티밤,촉촉하고 휴대하기 좋아서 더욱 좋아요,보습력/수분감,촉촉하고,1,[속성] 보습력/수분감 [문장] 촉촉하고,,보습력/수분감,unchanged
train,225734,쇼핑몰,스킨케어,1+1+1 OO 세럼 스틱 /멀티밤,OO 먼저 써보고 있던차 OOO의 세럼스틱을 다시 구입했어요 향도 좋고 맘에들어 지인과 나눠쓰다가 한시즌전제품이라 약간 저렴하고 제품이 믿음이가서 주문했어요 피부가 늘어질틈없이 효과를 기대하며 계속바르려구요,향,향도 좋고,1,[속성] 향 [문장] 향도 좋고,,향,unchanged
train,225751,쇼핑몰,스킨케어,1+1+1 OO 세럼 스틱 /멀티밤,촉촉하고 이마주름팔자주름도 목주름모두효과가잇네요.그래서 세번째 구입햇어요.너무만족합니다.,보습력/수분감,촉촉하고,1,[속성] 보습력/수분감 [문장] 촉촉하고,,보습력/수분감,unchanged
train,225797,쇼핑몰,스킨케어,1+1+1 OO 세럼 스틱 /멀티밤,배송도 포장도 굿~ 사용하기도 간편하고 촉촉하고 피부에 윤이나서 건조한피부에 딱이네요~,보습력/수분감,촉촉하고,1,[속성] 보습력/수분감 [문장] 촉촉하고,,보습력/수분감,unchanged
train,225807,쇼핑몰,스킨케어,OO 비타민 앰플 더블구성,맑고 촉촉해서 좋아요. 타 브랜드 비타민C제품보다 피부가 따끔거리지 않고 부드럽고 촉촉히 스며드는 느낌이 좋아요.,윤기/피부(톤),부드럽고,1,[속성] 윤기/피부(톤) [문장] 부드럽고,,윤기/피부(톤),unchanged
train,225828,쇼핑몰,스킨케어,OO 젠** 대용량 앰플 특별구성,남편과 넉넉히 아끼지 않고 바르려고 샀어요 샤워후 바로 바르니 촉촉하고 시간이 지나니 피부가 쫀쫀해 지는 느낌이에요 만족합니다^^,보습력/수분감,촉촉하고,1,[속성] 보습력/수분감 [문장] 촉촉하고,,보습력/수분감,unchanged
train,225834,쇼핑몰,스킨케어,OO 젠** 대용량 앰플 특별구성,대용량이라 제품의 질이 떨어지거나 작은 앰플보다 별로겠거니 생각했는데 어제 받고 한번 발라봤는데 건조했던 피부가 촉촉하고 탄력도 생긴듯하고 만족합니다 마스크팩도 좋고 기초3종도 모두 좋아요 감사합니다^^,보습력/수분감,촉촉하고,1,[속성] 보습력/수분감 [문장] 촉촉하고,,보습력/수분감,unchanged
train,225847,쇼핑몰,스킨케어,OO 기미관리 화이트닝 스팟세럼 세트 (총17개),발림성이 좋고 끈적임이 없어 너무 좋아요,발림성,발림성이 좋고,1,[속성] 발림성 [문장] 발림성이 좋고,,발림성,unchanged
train,225870,쇼핑몰,스킨케어,OO 기미관리 화이트닝 스팟세럼 세트 (총17개),상품 받고 오늘 개봉해 봤네요. 발림성이 좋고 제품구성 양이 많아서 좋아요. 기미가 없어지길 바라고 꾸준히 사용하려고 합니다.,발림성,발림성이 좋고,1,[속성] 발림성 [문장] 발림성이 좋고,,발림성,unchanged
train,225885,쇼핑몰,스킨케어,OO 기미관리 화이트닝 스팟세럼 세트 (총17개),엄마와 저는 이상품 아주 만족 하네요 다 사용해가는데 판매 하는 곳을 못 찾았는데 딱 여기서 방송 하여 얼른 주문 하였어요 양도 많고가격도 저렴하고 아주 만족해요,가격,가격도 저렴하고,1,[속성] 가격 [문장] 가격도 저렴하고,,가격,unchanged
train,225889,쇼핑몰,스킨케어,OO 기미관리 화이트닝 스팟세럼 세트 (총17개),처음 사용 하는 거라 별 기대 안했는데 아주 만족 합니다. 끈적임도 없고 향도 좋고 부드럽게 피부에 스며 드네요. 피부톤도 많이 밝아지고 예민한 피부에 트러블도 없어 꾸준히 사용 할 것 같아요.,향,향도 좋고,1,[속성] 향 [문장] 향도 좋고,,향,unchanged
train,225894,쇼핑몰,스킨케어,OO 기미관리 화이트닝 스팟세럼 세트 (총17개),발림성이 좋고 향도 거부감 안들어요. 바르고 자도 되는 제품이라 더욱 좋네요. 바르고 나면 얼굴도 뽀얘지고해서 전 쿠션 안하고 다닙니다. 자외선도 주름도 화이트닝도 되는 제품이라 더욱 좋은것 같네요. 기미도 이거 바르면서 좀 옅어졌음 좋겠네요.,발림성,발림성이 좋고,1,[속성] 발림성 [문장] 발림성이 좋고,,발림성,unchanged
train,226127,쇼핑몰,스킨케어,OO 화이트닝 스팟세럼 세트,가격도 저렴하고 제품질도 좋습니다. 사용해보고 효과있으면 꾸준히 사용해보겠습니다.,가격,가격도 저렴하고,1,[속성] 가격 [문장] 가격도 저렴하고,,가격,unchanged
train,226363,쇼핑몰,스킨케어,OO 화이트닝 스팟세럼 세트,잘 받았습니다. 재구매 상품입니다. 사용 해보니 촉촉하고 기미가 연하게 변화했어요. 추천합니다.,보습력/수분감,촉촉하고,1,[속성] 보습력/수분감 [문장] 촉촉하고,,보습력/수분감,unchanged
train,226568,쇼핑몰,스킨케어,OO 화이트닝 스팟세럼 세트,저는 모공이 넓어서 그런지 자꾸 들뜨고 밀리고 모공에 허연게 낀것처럼...흡수되질않아요 저만그런건지.. ㅜㅜ 아침에는 전혀 못 바르고 나갈듯합니다. 피부가 두둥실 ~~ 두둥실~~떠요 ㅜㅜ 밤에만 몇일 더 사용해보고 효과없음 반품해야겠어요,발림성,밀리고,-1,[속성] 발림성 [문장] 밀리고,,발림성,unchanged
train,226806,쇼핑몰,스킨케어,OO 화이트닝 스팟세럼 세트,오늘 받아서 첨발라봅니다 우선 손등에 발라보니 화이트닝 되어 안바른 쪽과비교되게 하얗고 발림성도 부드럽고 촉촉하지만 끈적이지 않고 보송합니다. 얼굴에도 발라보니 역시 보송하고 화이트닝 되어 얼굴이 화사하게 살아나는것 같아요 꾸준히 발라보고 정말 기미가 색이 옅어지는지는 2주후에 확인해보겠습니다.참 단점이라곤 향이 좋지 않아요.,흡수력,보송합니다.,1,[속성] 흡수력 [문장] 보송합니다.,,흡수력,unchanged
train,227604,쇼핑몰,스킨케어,OO 비타민 C 화이트닝 앰플 30ml * 2,기미가 조금 옅어진 거 같아요. 촉촉하고 끈적이지 않고 밤에 바르고 자면 아침에 세수할 때 손에 느껴지는 촉촉한 느낌이 좋네요. 아침에는 밤에 바르는 양보다 좀 적게 바르면 번들거림도 없고 적당한 거 같아요,보습력/수분감,촉촉하고,1,[속성] 보습력/수분감 [문장] 촉촉하고,,보습력/수분감,unchanged
train,227647,쇼핑몰,스킨케어,OO 화이트닝 스팟세럼 세트,밀리고 스며들지도 읺네요 그리고 넘 뻑뻑하고 배탁도 약간 있어요 수분감은1도 없네요,흡수력,밀리고,-1,[속성] 흡수력 [문장] 밀리고,,흡수력,unchanged
train,227690,쇼핑몰,스킨케어,OO 미** 모이스처 크림 60ml Y,촉촉하고 잘 스며들어요. 겨울에 딱 좋아요 :-),보습력/수분감,촉촉하고,1,[속성] 보습력/수분감 [문장] 촉촉하고,,보습력/수분감,unchanged
train,227717,쇼핑몰,스킨케어,OO 마** 크림 9개+아쿠아 앰플+마스크팩 10매,언젠가 사야지 했던 제품을 구입해서인지 사용해보니 하루사용에 촉촉하고 피부가 많이 좋아진것 같은 느낌ㅋㅋ,보습력/수분감,촉촉하고,1,[속성] 보습력/수분감 [문장] 촉촉하고,,보습력/수분감,unchanged
train,227741,쇼핑몰,스킨케어,OO 마** 크림 9개+아쿠아 앰플+마스크팩 10매,마데카크림항상써왔는데 정말없어서는안는 좋은크림이네요잘쓸께요 앞으로도계속쓸께요 감사합니다촉촉해요 이번 구성은 정말 최고네요,보습력/수분감,촉촉해요,1,[속성] 보습력/수분감 [문장] 촉촉해요,,보습력/수분감,unchanged
train,227783,쇼핑몰,스킨케어,OO 마** 선크림 50ml x 3개,부드럽고 촉촉한데 끈적임은 제로에요 피부가 생기있어 보여요 강추합니다~^^,윤기/피부(톤),부드럽고,1,[속성] 윤기/피부(톤) [문장] 부드럽고,,윤기/피부(톤),unchanged
train,227821,쇼핑몰,스킨케어,OO 마** 앰플 3박스+마스크 3박스+무료체험분,촉촉하고 발림도 좋고 약간향도있고 할인받아 저렴하게 잘산것같아요~제가 사용하는것 보고 신랑이 부러워해서 앰플하나 발라주었더니 넘 좋아하네요~ 저녁마다 함께 사용하고 있어요~ 좋은건 같이 해야죠 ~,보습력/수분감,촉촉하고,1,[속성] 보습력/수분감 [문장] 촉촉하고,,보습력/수분감,unchanged
train,227835,쇼핑몰,스킨케어,OO 마** 앰플 3박스+마스크 3박스+무료체험분,처음쓰는건아니지만 일단 촉촉하고 기미관리는 좀더쓰고나서야 품평할수있겠죠 열심히써보면 정답나올거라믿고 효과기대합니다,보습력/수분감,촉촉하고,1,[속성] 보습력/수분감 [문장] 촉촉하고,,보습력/수분감,unchanged
train,227951,쇼핑몰,스킨케어,OO 멀티밤,원래 지성이라 기초화장품 아니고는 덧바르지 않는데 멀티밤은 촉촉하고 건조하지 않게 해주면서도 제형이 너무 끈적이거나 기름지지않아 너무 좋네요,보습력/수분감,촉촉하고,1,[속성] 보습력/수분감 [문장] 촉촉하고,,보습력/수분감,unchanged
train,227969,쇼핑몰,스킨케어,OO 멀티밤,촉촉하고 윤기가 있어 보여 좋아요 지인들에게 선물하고 싶어요,보습력/수분감,촉촉하고,1,[속성] 보습력/수분감 [문장] 촉촉하고,,보습력/수분감,unchanged
train,227984,쇼핑몰,스킨케어,OO 멀티밤,사용해보니 믿지 않았는데 너 넝 하루종일 촉촉하고 주름도 없어진것같네요 이제는 더블구성으로 주욵새야겠어요,보습력/수분감,촉촉하고,1,[속성] 보습력/수분감 [문장] 촉촉하고,,보습력/수분감,unchanged
train,228049,쇼핑몰,스킨케어,OO 멀티밤,촉촉하고 부드러워요 젊어지는건 어쩔수없어도 주름이 줄어들었으면좋겠어요,보습력/수분감,촉촉하고,1,[속성] 보습력/수분감 [문장] 촉촉하고,,보습력/수분감,unchanged
train,228059,쇼핑몰,스킨케어,OO 멀티밤,왠지 피부가 촉촉하고 주름이 지워질것같아여 두번째 구입해서 쓰는중입니다,보습력/수분감,피부가 촉촉하고,1,[속성] 보습력/수분감 [문장] 피부가 촉촉하고,,보습력/수분감,unchanged
train,228088,쇼핑몰,스킨케어,OO 멀티밤,OOO멀티밤 피부가 촉촉하고 주름개선에 도움이 된다고 하니 계속사용할거예요,보습력/수분감,피부가 촉촉하고,1,[속성] 보습력/수분감 [문장] 피부가 촉촉하고,,보습력/수분감,unchanged
train,228096,쇼핑몰,스킨케어,OO 멀티밤,촉촉하고부드럽게발리고좋아요,보습력/수분감,촉촉하고,1,[속성] 보습력/수분감 [문장] 촉촉하고,,보습력/수분감,unchanged
train,228102,쇼핑몰,스킨케어,OO 멀티밤,촉촉하고 윤기나나면 건조함이 덜한것같아요,보습력/수분감,촉촉하고,1,[속성] 보습력/수분감 [문장] 촉촉하고,,보습력/수분감,unchanged
train,228125,쇼핑몰,스킨케어,OO 멀티밤,촉촉하고 휴과잘돼면좋겠어요 믿고잘쓰게요. 유통기간오래해요,보습력/수분감,촉촉하고,1,[속성] 보습력/수분감 [문장] 촉촉하고,,보습력/수분감,unchanged
train,228207,쇼핑몰,스킨케어,OO 멀티밤,쓰던건데 적립금써서 저렴하게 잘 샀네요 촉촉하고 바르면 피부가 탱글해져서 주름이 없어지는것 같아요,보습력/수분감,촉촉하고,1,[속성] 보습력/수분감 [문장] 촉촉하고,,보습력/수분감,unchanged
train,228436,쇼핑몰,스킨케어,OO 멀티밤,직장동료가 좋다고 극찬을 해서 사 보았습니다. 저랑 엄마랑 피부가 앏아서 잘 건조해지거든요. 촉촉하고 주름개선에 도움이 많이 될 것 같습니다.,보습력/수분감,촉촉하고,1,[속성] 보습력/수분감 [문장] 촉촉하고,,보습력/수분감,unchanged
train,228439,쇼핑몰,스킨케어,OO 멀티밤,촉촉하고 윤기가나고 좋으네요 ~,보습력/수분감,촉촉하고,1,[속성] 보습력/수분감 [문장] 촉촉하고,,보습력/수분감,unchanged
train,228452,쇼핑몰,스킨케어,OO 멀티밤,방송 많이 나오길래 궁금해서 사봤는데 부드럽고 끈적이지 않고 좋아요,윤기/피부(톤),부드럽고,1,[속성] 윤기/피부(톤) [문장] 부드럽고,,윤기/피부(톤),unchanged
train,228482,쇼핑몰,스킨케어,OO 멀티밤,너무 갖고 싶었던터에 세일하길래 바로 구매했어요 향도 좋고 발림성도 좋아요 근데 양이 좀 적어 보이네요,향,향도 좋고,1,[속성] 향 [문장] 향도 좋고,,향,unchanged
train,228505,쇼핑몰,스킨케어,OO 멀티밤,촉촉하고 주름이 펴지는거같아요 강추,보습력/수분감,촉촉하고,1,[속성] 보습력/수분감 [문장] 촉촉하고,,보습력/수분감,unchanged
train,228559,쇼핑몰,스킨케어,OO 멀티밤,부드럽고 향도 좋고 지금은 여름이라 좀 그런데 가을부터는 잘 쓸수 있을것 같아요,윤기/피부(톤),부드럽고,1,[속성] 윤기/피부(톤) [문장] 부드럽고,,윤기/피부(톤),unchanged
train,228559,쇼핑몰,스킨케어,OO 멀티밤,부드럽고 향도 좋고 지금은 여름이라 좀 그런데 가을부터는 잘 쓸수 있을것 같아요,향,향도 좋고,1,[속성] 향 [문장] 향도 좋고,,향,unchanged
train,228578,쇼핑몰,스킨케어,OO 멀티밤,촉촉하고 발림성이 좋으며 팔자주름에 집중적으로 바르고 있어요~^^,보습력/수분감,촉촉하고,1,[속성] 보습력/수분감 [문장] 촉촉하고,,보습력/수분감,unchanged
train,228714,쇼핑몰,스킨케어,OO 마** 크림 9개+그린 마** 수딩젤크림 2개까지 ! ,촉촉하고너무 좋아요 성분도 착하네요,보습력/수분감,촉촉하고,1,[속성] 보습력/수분감 [문장] 촉촉하고,,보습력/수분감,unchanged
train,228744,쇼핑몰,스킨케어,OO 마** 크림 앰플 1개,스틱으로 되어 있고 휴대하기 편해서 좋네요!! 부드럽게 잘 발리고 바르고 나면 촉촉해서 좋네요,발림성,부드럽게 잘 발리고,1,[속성] 발림성 [문장] 부드럽게 잘 발리고,,발림성,unchanged
train,228748,쇼핑몰,스킨케어,OO 마** 크림 앰플 1개,와 요즘 더워서 기미도 많이 생겼는데 ㅠㅜ 발림성 좋고 자주 바르니깐 기미가 많이 줄어 드는 것 같아요,발림성,발림성 좋고,1,[속성] 발림성 [문장] 발림성 좋고,,발림성,unchanged
train,228771,쇼핑몰,스킨케어,OO 마** 크림 앰플 1개,기미쓱틱 바르기도 편하고 쫀쫀한 제형이에요~ 밀착력도 좋고 꾸준히 바르고 효과 보길 바래봅니다~!,흡수력,밀착력도 좋고,1,[속성] 흡수력 [문장] 밀착력도 좋고,,흡수력,unchanged
train,228825,쇼핑몰,스킨케어,OO 마** 앰플 3개+미스트 1개,마테카 멜라켑쳐스 배송받아 바로 발라봤는데 촉촉하고 끈적거리지도않고 손쉽게 바로 바를수 있어서 강추예요 효과는 한달후에 후기올릴께요,보습력/수분감,촉촉하고,1,[속성] 보습력/수분감 [문장] 촉촉하고,,보습력/수분감,unchanged
train,228832,쇼핑몰,스킨케어,OO 마** 앰플 3개+미스트 1개,주름이랑 수분 때문에 주문햇어요 발림성은좋으나 유분이많은거같아요 촉촉하고 너무번들거리네요 효과는조금더사용해봐야 할듯~~ 촉촉한거좋아요 주름개선에도움이되는지~~,보습력/수분감,촉촉하고,1,[속성] 보습력/수분감 [문장] 촉촉하고,,보습력/수분감,unchanged
train,228927,쇼핑몰,스킨케어,OO 마** 앰플 3개+미스트 1개,"믿고쓰는 제품이라 고민1도 없이주문했어요. 습관적으로 쓰는 스틱제품들, 이 제품보고는 너무 반갑고 기다리던 제품이라 버로질렀네요. 받자마자 씻고 바로 써봤는데 촉촉하니 발림성 좋고 향도 좋네요. 마데카 제품들은 다 써봤기에 좋은걸 알아 믿고 씁니다. 효과가 좋길 바라며 열심히쓰고 재구매 하려구요.",발림성,발림성 좋고,1,[속성] 발림성 [문장] 발림성 좋고,,발림성,unchanged
train,228997,쇼핑몰,스킨케어,OO 마** 앰플 6개+미스트 2개 +앰플 1개,촉촉하고 목주름이 펴지는 느낌이에요,보습력/수분감,촉촉하고,1,[속성] 보습력/수분감 [문장] 촉촉하고,,보습력/수분감,unchanged
train,215989,쇼핑몰,스킨케어,OO 자** 기초 2종 기획세트(2021) + 쇼핑백(품절시 미증정),촉촉하고 피부가 부드럽고 향도 좋고 아주 좋아요,보습력/수분감,촉촉하고,1,[속성] 보습력/수분감 [문장] 촉촉하고,,보습력/수분감,unchanged
train,215989,쇼핑몰,스킨케어,OO 자** 기초 2종 기획세트(2021) + 쇼핑백(품절시 미증정),촉촉하고 피부가 부드럽고 향도 좋고 아주 좋아요,윤기/피부(톤),피부가 부드럽고,1,[속성] 윤기/피부(톤) [문장] 피부가 부드럽고,,윤기/피부(톤),unchanged
train,216063,쇼핑몰,스킨케어,OO 알로에 기초 (큐어크림2스킨2에멀젼2에센셜1),촉촉하고 점성이 쫀쫀하고 좋아요,보습력/수분감,촉촉하고,1,[속성] 보습력/수분감 [문장] 촉촉하고,,보습력/수분감,unchanged
train,216078,쇼핑몰,스킨케어,OO 알로에 기초 (큐어크림2스킨2에멀젼2에센셜1),큐어프러스크림만 사서 썼었는데 마침 기초가 떨어져서 사게 되었네요~ 향도 좋고 보습도 잘되는거 같아요~ 두셋트라 딸이랑 한셋트씩 흐고 있어요~,향,향도 좋고,1,[속성] 향 [문장] 향도 좋고,,향,unchanged
train,216091,쇼핑몰,스킨케어,OO 알로에 기초 (큐어크림2스킨2에멀젼2에센셜1),좋은 가격대로 품질좋은 제품 구입했어요 끈적임 없이 촉촉하고 피부에 잘 스며드네요^^,보습력/수분감,촉촉하고,1,[속성] 보습력/수분감 [문장] 촉촉하고,,보습력/수분감,unchanged
train,216175,쇼핑몰,스킨케어,OO 송** 탄력기초 고보습 패키지,마침 거의 다 써서 사야 했는데 딱 방송해서 얼른 주문했어요 건조한 피부가 촉촉하고 탄력이 생겨 좋아요,피부타입,건조한 피부가 촉촉하고,1,[속성] 피부타입 [문장] 건조한 피부가 촉촉하고,,피부타입,unchanged
train,216175,쇼핑몰,스킨케어,OO 송** 탄력기초 고보습 패키지,마침 거의 다 써서 사야 했는데 딱 방송해서 얼른 주문했어요 건조한 피부가 촉촉하고 탄력이 생겨 좋아요,보습력/수분감,피부가 촉촉하고,1,[속성] 보습력/수분감 [문장] 피부가 촉촉하고,,보습력/수분감,unchanged
train,216253,쇼핑몰,스킨케어,OO 효** 기초 10종 세트,촉촉하고 탄력이 느껴지네요 어머니와 나눠 썼더니 무척 좋아하시네요 잘쓸게요,보습력/수분감,촉촉하고,1,[속성] 보습력/수분감 [문장] 촉촉하고,,보습력/수분감,unchanged
train,216273,쇼핑몰,스킨케어,OO 그** 퍼펙션 토탈 케어,성분이 순하고 부드럽게 흡수되네요 좋아요,성분,성분이 순하고,1,[속성] 성분 [문장] 성분이 순하고,,성분,unchanged
train,216345,쇼핑몰,스킨케어,OO 스** 기초 3종 세트+핸드크림3+쇼핑백3장,향도 좋고 사용시 청량감 있습니다.,향,향도 좋고,1,[속성] 향 [문장] 향도 좋고,,향,unchanged
train,216370,쇼핑몰,스킨케어,OO 진** 콜라겐 기초 14종 찬스 ,촉촉하고 흡수도 잘되고 향이 좋아 잘 쓰고 있어요~^^,보습력/수분감,촉촉하고,1,[속성] 보습력/수분감 [문장] 촉촉하고,,보습력/수분감,unchanged
train,216386,쇼핑몰,스킨케어,OO G** 기초 총 10종 (사은품포함),방송보고 두세트 구매해서 사용하는데 정말 촉촉하고 건성인 제피부에 안성맞춤..공항 면세점에서 봤는데 방송에서 저렴하게 구매하니 더 좋네요~ 가격도 저렴하고 제품구성도 알차고 정말 대만족합니다^^재구매 또 할께요^^♡ 참존 대박나세요^^;;,가격,가격도 저렴하고,1,[속성] 가격 [문장] 가격도 저렴하고,,가격,unchanged
train,216447,쇼핑몰,스킨케어,OO G** 기초 광채패키지,가격도 저렴하고 실속있네요~ 유효기간도 좋아요^^,가격,가격도 저렴하고,1,[속성] 가격 [문장] 가격도 저렴하고,,가격,unchanged
train,229155,쇼핑몰,스킨케어,OO 멀티밤 기본세트(멀티밤 2 +미스트앰플 1),빠른배송 감사합니다 계속 쓰는 제품이라 발림성 좋고 보습도 좋아요,발림성,발림성 좋고,1,[속성] 발림성 [문장] 발림성 좋고,,발림성,unchanged
train,229198,쇼핑몰,스킨케어,OO 멀티밤 기본세트(멀티밤 2 +미스트앰플 1),항상쓰는제품ᆢ 향도 좋고 사용하기편리하구 어머님도 향좋다며 눈가 주름에 신경씁니다~,향,향도 좋고,1,[속성] 향 [문장] 향도 좋고,,향,unchanged
train,229229,쇼핑몰,스킨케어,OO 멀티밤 기본세트(멀티밤 2 +미스트앰플 1),홈쇼핑 시청후 구매하여 아내에게 선물하니 자기전 발라보고 피부가 촉촉하고 부드러워 진거 같다고 너무좋아함.,보습력/수분감,피부가 촉촉하고,1,[속성] 보습력/수분감 [문장] 피부가 촉촉하고,,보습력/수분감,unchanged
train,229245,쇼핑몰,스킨케어,OO 멀티밤 기본세트(멀티밤 2 +미스트앰플 1),나이가 드니 화장품 바르고 좀 지나면 건조해졌는데 이거 바르니 촉촉하니 사용하기 편해서 자주 덧바르고 좋아요,보습력/수분감,촉촉하니,1,[속성] 보습력/수분감 [문장] 촉촉하니,,보습력/수분감,unchanged
train,229249,쇼핑몰,스킨케어,OO 멀티밤 기본세트(멀티밤 2 +미스트앰플 1),친정엄마가 지인이 발라줬는데 좋다구 사달라고 하셔서 샀어요 전 지복합피부 개기름 넘치고 엄마는 건성이신데 기름지다는 평보구 엄마만 드리려고 한세트구매 작은거 써보니 촉촉하고 주름당기는듯 팽팽한 느낌만 있고 좀 지복합피부엔 다소 부담되서 자기전에만 발라요 그리고 향이 좋아요,보습력/수분감,촉촉하고,1,[속성] 보습력/수분감 [문장] 촉촉하고,,보습력/수분감,unchanged
train,229264,쇼핑몰,스킨케어,OO 멀티밤 기본세트(멀티밤 2 +미스트앰플 1),주위분들께서 얼굴에 수시로 바르니까 좋다고해서 저도 주문해서 발라보니까 촉촉하고 윤기있고 역시나 좋네요.,보습력/수분감,촉촉하고,1,[속성] 보습력/수분감 [문장] 촉촉하고,,보습력/수분감,unchanged
train,229294,쇼핑몰,스킨케어,OO 멀티밤 기본세트(멀티밤 2 +미스트앰플 1),방송보고 바로 구매했아요. 스틱이라 편하게 바르기 쉽고 촉촉하고 윤기가 나서 만족스럽네요. 향도 좋아요,보습력/수분감,촉촉하고,1,[속성] 보습력/수분감 [문장] 촉촉하고,,보습력/수분감,unchanged
train,229307,쇼핑몰,스킨케어,OO 멀티밤 기본세트(멀티밤 2 +미스트앰플 1),이미 써왔던 상품이라 재구매하게되었구요 이번엔 선물용으로 구매 했는데 간편성 좋고 휴대가 용이한점 발림성 좋고 주름개선 모든면에서 만족하고있습니다.,발림성,발림성 좋고,1,[속성] 발림성 [문장] 발림성 좋고,,발림성,unchanged
train,229313,쇼핑몰,스킨케어,OO 멀티밤 기본세트(멀티밤 2 +미스트앰플 1),"주위에서 다들 추천해주어서 딸과 함께 사용하려고 구입했는데 착한가격 너무 마음에 듭니다. 제품은 바로 사용해 봤는데 촉촉하고 발림성이좋고 향도 마음에 들었습니다. 여기저기 소문낼듯...그리고, 미스트는 딸에게 양보했어요.ㅜㅜ 미스트 향이 너무 좋다고 해서...",보습력/수분감,촉촉하고,1,[속성] 보습력/수분감 [문장] 촉촉하고,,보습력/수분감,unchanged
train,229406,쇼핑몰,스킨케어,OO 멀티밤 기본세트(멀티밤 2 +미스트앰플 1),촉촉하고 적당히 유분기가 있어서 지금부터 쓰기에 좋은거 같아요~엄마한테 하나드리니 넘 좋아 하시네요~,보습력/수분감,촉촉하고,1,[속성] 보습력/수분감 [문장] 촉촉하고,,보습력/수분감,unchanged
train,229407,쇼핑몰,스킨케어,OO 멀티밤 기본세트(멀티밤 2 +미스트앰플 1),최근 사용해 본 화장품 중 이 제품 추천해요!! 크기는 작지만 촉촉하고 피부에 광나게 해 줍니다. 주름 펴는 효과도 있는 것 같고 휴대용으로 가지고 다니면서 건조한 부위에 발라주면 넘 좋아요! 메이컵 위에 발라도 뭉치지 않아요. 이제 곧 건조한 계절이 오는데 보습에 효과적이에요. 가격이 좀 더 착해지고 대용량 제품이 나왔으면 해요. 한 번은 꼭 사용해 보시길 추천합니다.,보습력/수분감,촉촉하고,1,[속성] 보습력/수분감 [문장] 촉촉하고,,보습력/수분감,unchanged
train,229430,쇼핑몰,스킨케어,OO 멀티밤 기본세트(멀티밤 2 +미스트앰플 1),요즘 방송에서 좋다고 해서 한번 써볼까 해서 주문했어요! 주름있는곳에 발라보니 번들거리는 느낌은 있지만 잠자기전 바르고 일어나면 피부가 촉족해져서 담날 화장할때 좋은것같아요 향도 좋고 콜라겐미스트도 좋습니다!!,향,향도 좋고,1,[속성] 향 [문장] 향도 좋고,,향,unchanged
train,229453,쇼핑몰,스킨케어,OO 멀티밤 기본세트(멀티밤 2 +미스트앰플 1),찬바람 불기 시작하면 더 좋을거 같아요~ 촉촉하고 사용하기 편해 좋아요~~ 휴대하기도 간편하고!! 추천합니다~,보습력/수분감,촉촉하고,1,[속성] 보습력/수분감 [문장] 촉촉하고,,보습력/수분감,unchanged
train,229455,쇼핑몰,스킨케어,OO 멀티밤 기본세트(멀티밤 2 +미스트앰플 1),TV광고를 너무 많이학‥ 가격도 저령햇니 주문했는데 완전 만족이예요 콜라겐 성분인데 큰적이지않고 촉촉하고 특히 입술에 발랐더니 립밤보다 훨씬 촉촉하고 느낌도좋아요 다쓰고나면 재주문할것 같아요~,보습력/수분감,촉촉하고,1,[속성] 보습력/수분감 [문장] 촉촉하고,,보습력/수분감,unchanged
train,229470,쇼핑몰,스킨케어,OO 멀티밤 기본세트(멀티밤 2 +미스트앰플 1),피부가 건조한 저에겐 필수품이 된거 같네요 촉촉하고 주름이 옅어지는 느낌이 좋아 떨어지기전에 적립금 사용하여 재구매 했습니다,보습력/수분감,촉촉하고,1,[속성] 보습력/수분감 [문장] 촉촉하고,,보습력/수분감,unchanged
train,229478,쇼핑몰,스킨케어,OO 멀티밤 기본세트(멀티밤 2 +미스트앰플 1),딸이구입을해서사용하고있는데촉촉하고반짝반짝얼굴이귀티나는느낌매우만족합니다해서제가구매를했답니다,보습력/수분감,촉촉하고,1,[속성] 보습력/수분감 [문장] 촉촉하고,,보습력/수분감,unchanged
train,229500,쇼핑몰,스킨케어,OO 멀티밤 기본세트(멀티밤 2 +미스트앰플 1),배송 엄청 빨랐구요~ 막 드라마틱한 효과가 있는 변화는 아니지만 발림성이 좋고 촉촉함은 있어요~ 꾸준히 써볼 예정입니다~~,발림성,발림성이 좋고,1,[속성] 발림성 [문장] 발림성이 좋고,,발림성,unchanged
train,229533,쇼핑몰,스킨케어,OO 멀티밤 기본세트(멀티밤 2 +미스트앰플 1),발림성도 좋고 촉촉하고 번들거림 심하지 않아 꾸준히 잘 쓸거 같고 주름 관리에 도움이 될것 같아요.,보습력/수분감,촉촉하고,1,[속성] 보습력/수분감 [문장] 촉촉하고,,보습력/수분감,unchanged
train,229555,쇼핑몰,스킨케어,OO 멀티밤 기본세트(멀티밤 2 +미스트앰플 1),다른매장에서견본품을발라봤는데촉촉하고반들거리는느낌에가격이좀비싸다는생각으로구입을못하고왔는데딸이사줘서열심히바르고있는중입니다얼굴주름이쫙피워지는촉감과함께늘반질반질한분위기가기분을좋게하네요나이가있어도청춘같이젊어진다는건가히를만나기쁘고즐거운인생인것같아요,보습력/수분감,촉촉하고,1,[속성] 보습력/수분감 [문장] 촉촉하고,,보습력/수분감,unchanged
train,229560,쇼핑몰,스킨케어,OO 멀티밤 기본세트(멀티밤 2 +미스트앰플 1),가을만되면 피부가 메마르기 시작하고 얼굴색도 칙칙해 보여서 어떤걸 사용해볼까 고민하던 중 광고보고 주문했어요 상품 도착하고 바로 사용해 보고 너무 좋았어요. 촉촉하고 광택이나고 정말 만족 합니다.,보습력/수분감,촉촉하고,1,[속성] 보습력/수분감 [문장] 촉촉하고,,보습력/수분감,unchanged
train,229571,쇼핑몰,스킨케어,OO 멀티밤 기본세트(멀티밤 2 +미스트앰플 1),사용해보고 좋아서 선물로보내줬는데 써보고 싶었던 거라고 넘 좋아하네요.제가 써본 결과 촉촉하고 얼굴에 광이나서 넘 좋아요~,보습력/수분감,촉촉하고,1,[속성] 보습력/수분감 [문장] 촉촉하고,,보습력/수분감,unchanged
train,229578,쇼핑몰,스킨케어,OO 멀티밤 기본세트(멀티밤 2 +미스트앰플 1),촉촉하고 향이 좋아요~주름개선 되길 바라며~,보습력/수분감,촉촉하고,1,[속성] 보습력/수분감 [문장] 촉촉하고,,보습력/수분감,unchanged
train,229604,쇼핑몰,스킨케어,OO 멀티밤 기본세트(멀티밤 2 +미스트앰플 1),촉촉하고 피부 느낌도 부드러운데 광고처럼 주름은 그닥 ᆢ조금 과대 공고인듯ᆢ,보습력/수분감,촉촉하고,1,[속성] 보습력/수분감 [문장] 촉촉하고,,보습력/수분감,unchanged
train,229627,쇼핑몰,스킨케어,OO 멀티밤 기본세트(멀티밤 2 +미스트앰플 1),하루종일 촉촉해요. 주름관리는 아직 모르겠지만 수분이 충분하니 도움될것 같아요. 꾸준히 써볼께요.,보습력/수분감,촉촉해요,1,[속성] 보습력/수분감 [문장] 촉촉해요,,보습력/수분감,unchanged
train,229637,쇼핑몰,스킨케어,OO 멀티밤 기본세트(멀티밤 2 +미스트앰플 1),사용해보고 알았습니다.~ 왜 가히가 인기인지~ 은은한향도 좋고 발림도 좋고 바르고 나면 촉촉하고 부드럽고 끈적이지 않아 더 좋고^^ 잘 샀다고 스스로 칭찬했어요^^,윤기/피부(톤),부드럽고,1,[속성] 윤기/피부(톤) [문장] 부드럽고,,윤기/피부(톤),unchanged
train,229709,쇼핑몰,스킨케어,OO 멀티밤 기본세트(멀티밤 2 +미스트앰플 1),제품을 보고 고민만하다 지인언니가 사용후 넘 좋다고해서 고민없이 바로구매후 사용해보니 촉촉하니 딱 건조한 가을에 맞는 제품이네요,보습력/수분감,촉촉하니,1,[속성] 보습력/수분감 [문장] 촉촉하니,,보습력/수분감,unchanged
train,229717,쇼핑몰,스킨케어,OO 멀티밤 기본세트(멀티밤 2 +미스트앰플 1),촉촉하니 피부에 잘 스며들고 좋아요,보습력/수분감,촉촉하니,1,[속성] 보습력/수분감 [문장] 촉촉하니,,보습력/수분감,unchanged
train,229720,쇼핑몰,스킨케어,OO 멀티밤 기본세트(멀티밤 2 +미스트앰플 1),지금 사용하고 있는데 만족하네요. 요즘 화장을 안하고다니는데 이것만 발라도 촉촉하고 얼굴에 윤기가 나요. 언니들 주려고 이번에 구입했어요~,보습력/수분감,촉촉하고,1,[속성] 보습력/수분감 [문장] 촉촉하고,,보습력/수분감,unchanged
train,229755,쇼핑몰,스킨케어,OO 멀티밤 기본세트(멀티밤 2 +미스트앰플 1),받자마자 발라봤어요. 촉촉하니 효과가 너무 좋네요. 괜히 인기가 좋은게 아닌가봐요. 최고입니다~,보습력/수분감,촉촉하니,1,[속성] 보습력/수분감 [문장] 촉촉하니,,보습력/수분감,unchanged
train,229766,쇼핑몰,스킨케어,OO 멀티밤 기본세트(멀티밤 2 +미스트앰플 1),요즘 핫하다는 가희멀티밤 집사람이 얼굴도 당기고 주름도 생겨 관리하고싶다고 구매하엿는데 가희바르고 난뒤 얼굴 당김이 없고 촉촉하니.좋타하네요,보습력/수분감,촉촉하니,1,[속성] 보습력/수분감 [문장] 촉촉하니,,보습력/수분감,unchanged
train,229803,쇼핑몰,스킨케어,OO 멀티밤 기본세트(멀티밤 2 +미스트앰플 1),처음써보았는데 발림성도 좋고 촉촉하니 부드럽게 잘발리네요~~~간편해서 쓰기도 편해서 너무 좋네요^^ 잘 구매한것같아요 잘쓸께요^^,보습력/수분감,촉촉하니,1,[속성] 보습력/수분감 [문장] 촉촉하니,,보습력/수분감,unchanged
train,229818,쇼핑몰,스킨케어,OO 멀티밤 기본세트(멀티밤 2 +미스트앰플 1),혹시나 싶어서 한개만 주문해서 사용해봤는데 사용감도 좋고 촉촉하고 티비보다가 생각나면 덧바르기도 편해서 좋아요 방송하는거 보고 바로 재주문 했어요 다 쓰고 또 주문할것 같네요,보습력/수분감,촉촉하고,1,[속성] 보습력/수분감 [문장] 촉촉하고,,보습력/수분감,unchanged
train,229826,쇼핑몰,스킨케어,OO 멀티밤 기본세트(멀티밤 2 +미스트앰플 1),촉촉해서 주름예방은 될듯해요ㆍ 촉촉하고 휴대도 편해서 언제어디든 주름예방은 될듯합니다ㆍ꾸준히 사용해봐야겠어요,보습력/수분감,촉촉하고,1,[속성] 보습력/수분감 [문장] 촉촉하고,,보습력/수분감,unchanged
train,229851,쇼핑몰,스킨케어,OO 멀티밤 기본세트(멀티밤 2 +미스트앰플 1),촉촉하고 매끈하고 좋습니다. 계속구매 할거 같아요,보습력/수분감,촉촉하고,1,[속성] 보습력/수분감 [문장] 촉촉하고,,보습력/수분감,unchanged
train,229856,쇼핑몰,스킨케어,OO 멀티밤 기본세트(멀티밤 2 +미스트앰플 1),부드럽고 촉촉하게 그리고.피부톤을 자연스럽게 표현해주는거 같아 너무.잘사용하고 있읍니자~~ 광택도.나구~~ 촉촉 그자체입니다~~,윤기/피부(톤),부드럽고,1,[속성] 윤기/피부(톤) [문장] 부드럽고,,윤기/피부(톤),unchanged
train,229865,쇼핑몰,스킨케어,OO 멀티밤 기본세트(멀티밤 2 +미스트앰플 1),눈가 주름이 많고 건조해서 주문했는데 아침 점심 저녁 화장 위에 덧발라요. 촉촉하고 광채도 나서 좋은데 살짝 끈적임은 있네요.,보습력/수분감,촉촉하고,1,[속성] 보습력/수분감 [문장] 촉촉하고,,보습력/수분감,unchanged
train,229871,쇼핑몰,스킨케어,OO 멀티밤 기본세트(멀티밤 2 +미스트앰플 1),자기전 발라주니 아침까지 촉촉해요 부부가 같이 사용합니다. 배송이 좀 늦어요,보습력/수분감,촉촉해요,1,[속성] 보습력/수분감 [문장] 촉촉해요,,보습력/수분감,unchanged
train,229883,쇼핑몰,스킨케어,OO 멀티밤 기본세트(멀티밤 2 +미스트앰플 1),요아이 진짜 광채나네요 첨엔 유분기 있는건가 했는데 그렇진 않구요 촉촉하고 광채 지속력 짱입니다 그리고 미스트는 보통 뿌리면 건조해지기 마련인데 콜라겐성분이 들어서인지 미스트도 쏘~옥 맘에 들어요 ^^*,보습력/수분감,촉촉하고,1,[속성] 보습력/수분감 [문장] 촉촉하고,,보습력/수분감,unchanged
train,229896,쇼핑몰,스킨케어,OO 멀티밤 기본세트(멀티밤 2 +미스트앰플 1),아이크림도있는데 하도 주름에 좋다고해서 구매했는데 제가 다이어트중이라 살이빠지면서 건조하면서ᆢ주름이 많이생겼는데 촉촉하고 너무발림성두 좋고ᆢ다쓰고 또 주문해야겠네요~,보습력/수분감,촉촉하고,1,[속성] 보습력/수분감 [문장] 촉촉하고,,보습력/수분감,unchanged
train,229912,쇼핑몰,스킨케어,OO 멀티밤 기본세트(멀티밤 2 +미스트앰플 1),항상 TV에서 보던 상품으로 궁금해서 사봤는데 진짜 좋네요...향도 좋고 무엇보다 쓰기가 너무 편해요.. 거울이 없어도 쓱~~쉽게 바를수 있어 너무 좋네요~기미관리하는 노랑색도 구매했어요~~,향,향도 좋고,1,[속성] 향 [문장] 향도 좋고,,향,unchanged
train,229942,쇼핑몰,스킨케어,OO 멀티밤 기본세트(멀티밤 2 +미스트앰플 1),촉촉하고 부드럽게 발리고 주름개선 기능성으로서 너무 좋네요 온가족이 다 함께 사용 하네요 ᆢ,보습력/수분감,촉촉하고,1,[속성] 보습력/수분감 [문장] 촉촉하고,,보습력/수분감,unchanged
train,229943,쇼핑몰,스킨케어,OO 멀티밤 기본세트(멀티밤 2 +미스트앰플 1),"무엇보다 발림성이 좋고 스틱형이라 손에 묻히지않고 깔끔하고 손쉽게 사용할 수 있어서 너무 좋습니다.. 다만, 용량대비 가격이 비싸서 조금은 부담스럽지만,, 효과만 좋다면 꾸준히 사용할듯싶어요~ 사은품도 언능언능 보내주시면 감사하겠습니다 ^^",발림성,발림성이 좋고,1,[속성] 발림성 [문장] 발림성이 좋고,,발림성,unchanged
train,229952,쇼핑몰,스킨케어,OO 멀티밤 기본세트(멀티밤 2 +미스트앰플 1),단품 사서 써보고 좋아서 다시 주문했어요 발림성 좋고 촉촉해요,발림성,발림성 좋고,1,[속성] 발림성 [문장] 발림성 좋고,,발림성,unchanged
train,229952,쇼핑몰,스킨케어,OO 멀티밤 기본세트(멀티밤 2 +미스트앰플 1),단품 사서 써보고 좋아서 다시 주문했어요 발림성 좋고 촉촉해요,보습력/수분감,촉촉해요,1,[속성] 보습력/수분감 [문장] 촉촉해요,,보습력/수분감,unchanged
train,229957,쇼핑몰,스킨케어,OO 멀티밤 기본세트(멀티밤 2 +미스트앰플 1),시어머님이 주문 부탁하셔서 구입하게 되었어요. 상품 도착하고 가희 스틱밤 하나 주셔서 저도 바르고 있는데 촉촉하고 제가 좋아하는 제형이에요. 뽀송뽀송한 느낌은 아니고 유수분이 적절하면서 촉촉하다고 생각 하시면 될것 같아요~ 지금 계절 부터 쓰기 딱 좋으네요~^^,보습력/수분감,촉촉하고,1,[속성] 보습력/수분감 [문장] 촉촉하고,,보습력/수분감,unchanged
train,229974,쇼핑몰,스킨케어,OO 멀티밤 기본세트(멀티밤 2 +미스트앰플 1),오일성분이 함유 되어 있어서 그런지 촉촉하고 발림성 부드럽네요ㅎ,보습력/수분감,촉촉하고,1,[속성] 보습력/수분감 [문장] 촉촉하고,,보습력/수분감,unchanged
train,229991,쇼핑몰,스킨케어,OO 멀티밤 기본세트(멀티밤 2 +미스트앰플 1),적립금이 있어서 싸게 구매했는데 ~ 촉촉하고 주름이 쫙 펴지는느낌 이예요 아쉬운건 용량이 너무 작아 금방 쓰겠네요,보습력/수분감,촉촉하고,1,[속성] 보습력/수분감 [문장] 촉촉하고,,보습력/수분감,unchanged
train,230002,쇼핑몰,스킨케어,OO 멀티밤 기본세트(멀티밤 2 +미스트앰플 1),주름고민이여서 주문했는데 바르기도 편하고 촉촉하고 광택이 나고 발림이 부드럽습니다.,보습력/수분감,촉촉하고,1,[속성] 보습력/수분감 [문장] 촉촉하고,,보습력/수분감,unchanged
train,230028,쇼핑몰,스킨케어,OO 멀티밤 기본세트(멀티밤 2 +미스트앰플 1),연예인만 쓰는건줄알았는데 일반인도 써도 짱!! 화장도 잘먹고 촉촉하고 지금가을시즌에 강추^^,흡수력,화장도 잘먹고,1,[속성] 흡수력 [문장] 화장도 잘먹고,,흡수력,unchanged
train,230028,쇼핑몰,스킨케어,OO 멀티밤 기본세트(멀티밤 2 +미스트앰플 1),연예인만 쓰는건줄알았는데 일반인도 써도 짱!! 화장도 잘먹고 촉촉하고 지금가을시즌에 강추^^,보습력/수분감,촉촉하고,1,[속성] 보습력/수분감 [문장] 촉촉하고,,보습력/수분감,unchanged
train,230035,쇼핑몰,스킨케어,OO 멀티밤 기본세트(멀티밤 2 +미스트앰플 1),얼굴에 주름이 심해져서 구매해 사용해보니 피부가 땡기면서 주름이 약간 변화가 있는거 처럼 보여 추가 구매했어요,탄력,피부가 땡기면서,1,[속성] 탄력 [문장] 피부가 땡기면서,,탄력,unchanged
train,230036,쇼핑몰,스킨케어,OO 멀티밤 기본세트(멀티밤 2 +미스트앰플 1),엄마가 사고 싶다고해서 사서 같이 쓰고 있어요 촉촉하고 제형이 부드럽고 바르는 느낌도 너무 좋아요 엄마도 좋아해요,보습력/수분감,촉촉하고,1,[속성] 보습력/수분감 [문장] 촉촉하고,,보습력/수분감,unchanged
train,230043,쇼핑몰,스킨케어,OO 멀티밤 기본세트(멀티밤 2 +미스트앰플 1),가히 주름관리 멀티밤 촉촉하고 쓰기 편해 구매했어요~~ 다름 곳보다 저렴하고 적립까지 해주니 굿굿 이렇게 편라게 주름관리하고 미백관리가 되다니 정말 강츄입니다 다름 밤들도 방송했으면 좋겠어요^^,보습력/수분감,촉촉하고,1,[속성] 보습력/수분감 [문장] 촉촉하고,,보습력/수분감,unchanged
train,230057,쇼핑몰,스킨케어,OO 멀티밤 기본세트(멀티밤 2 +미스트앰플 1),요즘 광고 및 협찬이 많이나와 화장품은 홈쇼핑에서 처음 사 봤는데 바르기도 넘 편하고 밀착력도 좋고 아침에 바르고 저녁때까지 촉촉합니다 바른지는 몇일 안됐지만 주름개선에도 도움이 많이 될것 같습니다 지인들에게도 추천하고 있습니다 감사합니다!!,흡수력,밀착력도 좋고,1,[속성] 흡수력 [문장] 밀착력도 좋고,,흡수력,unchanged
train,230060,쇼핑몰,스킨케어,OO 멀티밤 기본세트(멀티밤 2 +미스트앰플 1),저는 네번째 구매하였습니다 저한테논 너무 잘 맞아서 좋아촉촉하고 알굴이당기지 않아서좋아요,보습력/수분감,촉촉하고,1,[속성] 보습력/수분감 [문장] 촉촉하고,,보습력/수분감,unchanged
train,230076,쇼핑몰,스킨케어,OO 멀티밤 기본세트(멀티밤 2 +미스트앰플 1),케이스도 아담하니. 이쁘고 쓰기에 간편하네요. 촉촉하니 미백과 주름에 좋다니 꾸준히 써보려합니다.,보습력/수분감,촉촉하니,1,[속성] 보습력/수분감 [문장] 촉촉하니,,보습력/수분감,unchanged
train,230187,쇼핑몰,스킨케어,OO 멀티밤 기본세트(멀티밤 2 +미스트앰플 1),명성은 익히 들어알고있었지만 직접 사용해보니 너무 좋아요^^ 건조함을 느낄 겨를없이 촉촉하고 주름도 옅어지고 있어요~ 앞으로도 꾸준하게 구매해야겠어요,보습력/수분감,촉촉하고,1,[속성] 보습력/수분감 [문장] 촉촉하고,,보습력/수분감,unchanged
train,230204,쇼핑몰,스킨케어,OO 멀티밤 기본세트(멀티밤 2 +미스트앰플 1),멀티밤 자글자글한 눈가 주름고민 때문에 선택했는데 정말 잘 선택했다고 생각합니다 일단 사용하기 편하고 밤에 바르고 잔는데 아침까지 촉촉하고 눈가주름도 살짝 효과도보고 끈적임이 없어 계속 제주문 할것같아요,보습력/수분감,촉촉하고,1,[속성] 보습력/수분감 [문장] 촉촉하고,,보습력/수분감,unchanged
train,230214,쇼핑몰,스킨케어,OO 멀티밤 기본세트(멀티밤 2 +미스트앰플 1),지인으로 추천받아 써보려고했는데 마침티브이방송으로구입했읍니다 여름내내 바닷가에 좌외선을많이쐬 주름지고 그을린얼굴고민했는데 며칠써보니많이밝아지고촉촉하고 밖에나갈때도 주름이없어보여너무좋아요,보습력/수분감,촉촉하고,1,[속성] 보습력/수분감 [문장] 촉촉하고,,보습력/수분감,unchanged
train,230232,쇼핑몰,스킨케어,OO 멀티밤 기본세트(멀티밤 2 +미스트앰플 1),요즘 핫한 제품이라 여름내내 찜해놨다가 아침저녁으로 선선한 이 계절에 건조한 내 피부 관리 들어가려구 구입했어요. 제형이 넘 쫀쫀하고 부드러워서 우선 울 4자매한테 소개하렵니다. 양이 작아서 재구매해야할듯요..,제형,부드러워서,1,[속성] 제형 [문장] 부드러워서,,제형,unchanged
train,230234,쇼핑몰,스킨케어,OO 멀티밤 기본세트(멀티밤 2 +미스트앰플 1),제형이 끈적이지않고 촉촉해요 냄새도 너무좋고 기대이상 이에요 짱 잘산것같아요ㅠㅠ 주름도 쫙쫙펴져랏♡ 상품평 사은품 언제와요?,보습력/수분감,촉촉해요,1,[속성] 보습력/수분감 [문장] 촉촉해요,,보습력/수분감,unchanged
train,230248,쇼핑몰,스킨케어,OO 멀티밤 기본세트(멀티밤 2 +미스트앰플 1),촉촉하고 윤기가 나고 탄력감도 좋아요ᆢ,보습력/수분감,촉촉하고,1,[속성] 보습력/수분감 [문장] 촉촉하고,,보습력/수분감,unchanged
train,230298,쇼핑몰,스킨케어,OO 멀티밤 기본세트(멀티밤 2 +미스트앰플 1),피부가 촉촉하고 윤기가 넘쳐요,보습력/수분감,피부가 촉촉하고,1,[속성] 보습력/수분감 [문장] 피부가 촉촉하고,,보습력/수분감,unchanged
train,230329,쇼핑몰,스킨케어,OO 멀티밤 기본세트(멀티밤 2 +미스트앰플 1),촉촉하고 발림성 좋아요~~ 눈가주름 집중케어 하려고 주문했어요~~,보습력/수분감,촉촉하고,1,[속성] 보습력/수분감 [문장] 촉촉하고,,보습력/수분감,unchanged
train,230339,쇼핑몰,스킨케어,OO 멀티밤 기본세트(멀티밤 2 +미스트앰플 1),촉촉하고 자연스럽게 광이 올라와서 좋네요~,보습력/수분감,촉촉하고,1,[속성] 보습력/수분감 [문장] 촉촉하고,,보습력/수분감,unchanged
train,230346,쇼핑몰,스킨케어,OO 멀티밤 기본세트(멀티밤 2 +미스트앰플 1),발림성이 좋고 바른 후에도 촉촉한 느낌이 좋아요. 목주름이 좋아졌으면 좋겠어요~^$,발림성,발림성이 좋고,1,[속성] 발림성 [문장] 발림성이 좋고,,발림성,unchanged
train,230372,쇼핑몰,스킨케어,OO 멀티밤 기본세트(멀티밤 2 +미스트앰플 1),발림성이 좋고 얼굴에 광택이 나서 사용하면서 효과가 기대되는 제품입니다,발림성,발림성이 좋고,1,[속성] 발림성 [문장] 발림성이 좋고,,발림성,unchanged
train,230398,쇼핑몰,스킨케어,OO 멀티밤 기본세트(멀티밤 2 +미스트앰플 1),지인한테 추천받아 구매하게됐어요 발라보니 촉촉하고 느낌이 좋아요 끈적임없습니다 잘쓰겠습니다,보습력/수분감,촉촉하고,1,[속성] 보습력/수분감 [문장] 촉촉하고,,보습력/수분감,unchanged
train,230403,쇼핑몰,스킨케어,OO 멀티밤 기본세트(멀티밤 2 +미스트앰플 1),발림성 좋고 촉촉하네요~ 엄마랑 하나씩 나눠서 쓰는데 엄마도 좋다고 하네요~,발림성,발림성 좋고,1,[속성] 발림성 [문장] 발림성 좋고,,발림성,unchanged
train,230411,쇼핑몰,스킨케어,OO 멀티밤 기본세트(멀티밤 2 +미스트앰플 1),택배받자마자 세수하고 발라보았어요~ 오늘은 습도가 높은날이라 다소 무거운감이 있었지만 바르고나니 촉촉하고 은은한광이나서 좋았답니다 살짝 겉도나 싶었는데 금방 스며드네요~^^ 자기전에 쓱~바르고자면 주름관리에 좋을듯해요,보습력/수분감,촉촉하고,1,[속성] 보습력/수분감 [문장] 촉촉하고,,보습력/수분감,unchanged
train,230420,쇼핑몰,스킨케어,OO 멀티밤 기본세트(멀티밤 2 +미스트앰플 1),"요즘 핫이슈잖아요. 여러번 써 보고 싶었어요. 근데 가격이 좀 세더라구요. 근데 특가로 나와 언른 구매했어요. 근데 미스트는 기대 안했는데 이거 품질이 물건이네요. 미세분사에 세수하고 바로 뿌렸는데 댕김도 없고 촉촉하고 오래 지속되고, 지인에게 추천하고 재구매 확정요.",보습력/수분감,촉촉하고,1,[속성] 보습력/수분감 [문장] 촉촉하고,,보습력/수분감,unchanged
train,230423,쇼핑몰,스킨케어,OO 멀티밤 기본세트(멀티밤 2 +미스트앰플 1),여기저기 다들 쓴다하니 주문했어요 진짜 좋을지 오늘 받자마자 써봤는데 헉 향도 좋고 촉촉함도 다르네요 굿이예요,향,향도 좋고,1,[속성] 향 [문장] 향도 좋고,,향,unchanged
train,230447,쇼핑몰,스킨케어,OO 멀티밤 기본세트(멀티밤 2 +미스트앰플 1),너무 사고싶었는데 지성이라 고민했는데 촉촉하고 끈적임은 없지만 버들거리긴하네요 그래도 넘~ 좋아요^^ 모두 모두 예뻐지자구요~~♡,흡수력,촉촉하고,1,[속성] 흡수력 [문장] 촉촉하고,,흡수력,unchanged
train,230471,쇼핑몰,스킨케어,OO 멀티밤 기본세트(멀티밤 2 +미스트앰플 1),다른사이트에 주문했다가 거기 취소하고 바로 구매했어요. 가격도 저렴하고 구성품도 많아서 좋아요. 상품은 더 좋고요. 발림성 좋고 향도 은은하니 괜찮아요,가격,가격도 저렴하고,1,[속성] 가격 [문장] 가격도 저렴하고,,가격,unchanged
train,230471,쇼핑몰,스킨케어,OO 멀티밤 기본세트(멀티밤 2 +미스트앰플 1),다른사이트에 주문했다가 거기 취소하고 바로 구매했어요. 가격도 저렴하고 구성품도 많아서 좋아요. 상품은 더 좋고요. 발림성 좋고 향도 은은하니 괜찮아요,발림성,발림성 좋고,1,[속성] 발림성 [문장] 발림성 좋고,,발림성,unchanged
train,230483,쇼핑몰,스킨케어,OO 멀티밤 기본세트(멀티밤 2 +미스트앰플 1),배송빠르구요 한개는 지인에게 선물하려구요 오자마자 개봉해서 사용해보았어요 광고처럼 끈적임없이 발림성 좋고 피부가 당기지 않아 주름관리에 좋을것같아요 휴대하기도 편하니 가지고 다니며 수시로 발라봐야겠네요,발림성,발림성 좋고,1,[속성] 발림성 [문장] 발림성 좋고,,발림성,unchanged
train,230526,쇼핑몰,스킨케어,OO 멀티밤 더블세트(멀티밤 4 +미스트앰플 2),가희 사용하니 촉촉하니 주름이 부드러워지는거같아요 회사언니도 사달라고해서 두세트 주문해줬어요~미스트도 향이좋아서 자꾸뿌리게됩니다 건조해지는 환절기에 수분공급도 되니 일석이조입니다,보습력/수분감,촉촉하니,1,[속성] 보습력/수분감 [문장] 촉촉하니,,보습력/수분감,unchanged
train,230548,쇼핑몰,스킨케어,OO 멀티밤 더블세트(멀티밤 4 +미스트앰플 2),이전에 구입해서 써봤는데 너무 좋아서 이번에 시댁선물 용으로 구입했어요 촉촉하니 주름두 없어지는 거 같고 강추 합니다 가히 짱 좋아요^^!!,보습력/수분감,촉촉하니,1,[속성] 보습력/수분감 [문장] 촉촉하니,,보습력/수분감,unchanged
train,230589,쇼핑몰,스킨케어,OO 멀티밤 더블세트(멀티밤 4 +미스트앰플 2),우와ㅡ받자말자 바로 사용했는데 역시나 좋네요.여기홈쇼핑 할인도 타사보다 많이되고 좋아요. 미스트앰플도. 끈적임없이 촉촉하고 본품도 말이 필요없이 품질이 좋아요.열심히 잘쓸께요,보습력/수분감,촉촉하고,1,[속성] 보습력/수분감 [문장] 촉촉하고,,보습력/수분감,unchanged
train,230608,쇼핑몰,스킨케어,OO 멀티밤 더블세트(멀티밤 4 +미스트앰플 2),친구추천으로 건조함을 보충하려고 구매함 촉촉하고 향이 너무좋아요 가지고다니며 사용할수있어 편하고 항상 촉촉한상태를 유지할수있어 좋아요~!!,보습력/수분감,촉촉하고,1,[속성] 보습력/수분감 [문장] 촉촉하고,,보습력/수분감,unchanged
train,230613,쇼핑몰,스킨케어,OO 멀티밤 더블세트(멀티밤 4 +미스트앰플 2),촉촉하고 50대가 쓰기 좋아요. 얼굴에 윤기가 흐르고 바른 후에 찐득하지 않아서 좋아요. 그래서 얼굴이 밝아보여요~,보습력/수분감,촉촉하고,1,[속성] 보습력/수분감 [문장] 촉촉하고,,보습력/수분감,unchanged
train,230619,쇼핑몰,스킨케어,OO 멀티밤 더블세트(멀티밤 4 +미스트앰플 2),너무 광고성일줄만 알고 고민했는데 어차피 써볼거 빨리 구매해서 써보자해서 구매했어요 !! 오자마자 엄마랑 아빠랑 저랑 하나씩 가지구 써봤는데 광이 나니까 확실히 주름표현이 덜해보여서 좋더라구요! 거기에 미스트 앰플까지 같이 관리하니까 촉촉하고 워낙 제품이 디자인도 고급스러운 느낌이라 더 좋더라구요 ! 저처럼 고민하시는 분들 한번 구매해보시면 좋을것같아여!,보습력/수분감,촉촉하고,1,[속성] 보습력/수분감 [문장] 촉촉하고,,보습력/수분감,unchanged
train,230628,쇼핑몰,스킨케어,OO 멀티밤 더블세트(멀티밤 4 +미스트앰플 2),눈가 주름 때문에 신청했는데 촉촉하고 주름에 너무 좋은듯 합니다 다쓰고 나면 재구매 하려고요 좋은 제품 감사합니다,보습력/수분감,촉촉하고,1,[속성] 보습력/수분감 [문장] 촉촉하고,,보습력/수분감,unchanged
train,230651,쇼핑몰,스킨케어,OO 멀티밤 더블세트(멀티밤 4 +미스트앰플 2),친정 엄마 부탁으로 사드렸는데 촉촉하니 주름도 옅어지고 휴대성도 좋다셔서 이번엔 더블세트로 구매했네요. 카드할인 받으면 여기가 제일 저렴한거 같아요. 하지만 배송이 좀 걸려서 별하나 뺍니다.,보습력/수분감,촉촉하니,1,[속성] 보습력/수분감 [문장] 촉촉하니,,보습력/수분감,unchanged
train,230681,쇼핑몰,스킨케어,OO 멀티밤 더블세트(멀티밤 4 +미스트앰플 2),가희 주름관리 멀티밤!! 촉촉하고 제형이 부드러워 발림이 정말 좋습니다. 특히 건조한 계절에 너무 좋습니다. 재구매하여 사용합니다~~^^,보습력/수분감,촉촉하고,1,[속성] 보습력/수분감 [문장] 촉촉하고,,보습력/수분감,unchanged
train,230707,쇼핑몰,스킨케어,OO 멀티밤 더블세트(멀티밤 4 +미스트앰플 2),촉촉하고 발림성이 좋아요 ~ 젊어지는 기분입니다♡ 방송 알람 기다렸다가 얼른 구매했는데 지인들도 사라고 추천 해야겠어요 번창하세요♡,보습력/수분감,촉촉하고,1,[속성] 보습력/수분감 [문장] 촉촉하고,,보습력/수분감,unchanged
train,230717,쇼핑몰,스킨케어,OO 멀티밤 더블세트(멀티밤 4 +미스트앰플 2),스마트폰으로 인한 목주름 때문에 매번 가히멀티밤 써보고 싶었는데 가격에비해 작은 것 같아서 못사고 머뭇거리다가 홈쇼핑 대박 구성으로 바로 주문했어요! 4개라서 엄마2개 저2개 엄마는 눈가에 주름 걱정해서 드렸는데 너무 만족하면서 쓰고 계세요! 저도 원래 얼굴에 바르는 걸 잘 못챙겨 바르는데 스틱은 너무 편해서 손에도 안 묻고 매번 챙겨 바르는 것 같아요 !! 목 주름도 꾸준히 쓰면 효과 볼 것 같은게 아직 몇 번 못 썻지만 그래도 진하게 보이던 목 주름이 지금 선명하게 보이지 않고 살짝 주름 잡힌 그렆게 보여서 만족하고 또 로션 바르기 싫어서 얼굴에 슥슥하니 편해서 너무 좋아요 !!! 입술에도 바르는데 보습되고 반질반질 만족하네용:) 또 다음에 쓰고 이런 구성으로 본다면 꼭 또 사고 싶어요~ 재구매의향 있습니다! 같이 온 앰플도 칙 뿌리면 되니까 촉촉하고 너무 좋아용 제꺼 사면서 엄마드렸는데 엄마도 너무 만족하고 괜히 효도아닌 효도한 기분이라 좋네용 ◡̈ 가히 멀티밤 최고입니다!!!! ㅠㅠㅠㅠㅠ,보습력/수분감,촉촉하고,1,[속성] 보습력/수분감 [문장] 촉촉하고,,보습력/수분감,unchanged
train,230726,쇼핑몰,스킨케어,OO 멀티밤 더블세트(멀티밤 4 +미스트앰플 2),어머님들께 나눠드리고 같이 쓰려고 주문했어요 바르니 촉촉하고 피부가 쫀쫀한 느낌이 드네요~ 잘쓰겠습니다^^,보습력/수분감,촉촉하고,1,[속성] 보습력/수분감 [문장] 촉촉하고,,보습력/수분감,unchanged
train,230732,쇼핑몰,스킨케어,OO 멀티밤 더블세트(멀티밤 4 +미스트앰플 2),촉촉하고 윤기가 흘러요~ 자주써서 또 구매했어요 강추합니다. 광나요^^미스트도 향이좋고 밤은 촉촉 이번엔4개짜리사요ㅋ,보습력/수분감,촉촉하고,1,[속성] 보습력/수분감 [문장] 촉촉하고,,보습력/수분감,unchanged
train,230747,쇼핑몰,스킨케어,OO 멀티밤 더블세트(멀티밤 4 +미스트앰플 2),방송으로만 보다가 호기심으로 한번 구매해서 발랐는데 너무 좋아서 이번에 또 구매했어요. 너무 부드럽고 촉촉하고 화장하고 나서도 바를 수 있어서 편하고 좋은거 같아요,보습력/수분감,촉촉하고,1,[속성] 보습력/수분감 [문장] 촉촉하고,,보습력/수분감,unchanged
train,230758,쇼핑몰,스킨케어,OO 멀티밤 더블세트(멀티밤 4 +미스트앰플 2),시누이가 써보고 좋다며 하나줘서 써봤는데 바르기도 간편하고 좋아요~ 이번엔 제가 더블세트사서 시어머님이랑 시누이랑 나눠쓸려구요~^^꾸준히 써서 효과를 기대해봅니다.,제품구성,꾸준히 써서 효과를 기대해봅니다.,0,[속성] 제품구성 [문장] 꾸준히 써서 효과를 기대해봅니다.,,제품구성,unchanged
train,230773,쇼핑몰,스킨케어,OO 멀티밤 더블세트(멀티밤 4 +미스트앰플 2),엄마에게 선물했어요! 촉촉하고 광이 난다고 많이 좋아사세요~,보습력/수분감,촉촉하고,1,[속성] 보습력/수분감 [문장] 촉촉하고,,보습력/수분감,unchanged
train,230805,쇼핑몰,스킨케어,OO 멀티밤 더블세트(멀티밤 4 +미스트앰플 2),향도 좋고 사용하기 편해요 주름 펴지길 기대합니다,향,향도 좋고,1,[속성] 향 [문장] 향도 좋고,,향,unchanged
train,230817,쇼핑몰,스킨케어,OO 멀티밤 더블세트(멀티밤 4 +미스트앰플 2),너무좋아요 주름도 막 펴지는거같아요 아빠가 사주셔서 엄마랑 언니랑 나눠썼어요^^!!!촉촉하니 좋네요,보습력/수분감,촉촉하니 좋네요,1,[속성] 보습력/수분감 [문장] 촉촉하니 좋네요,,보습력/수분감,unchanged
train,230853,쇼핑몰,스킨케어,OO 멀티밤 더블세트(멀티밤 4 +미스트앰플 2),촉촉하고 광이나서 참 좋아요,보습력/수분감,촉촉하고,1,[속성] 보습력/수분감 [문장] 촉촉하고,,보습력/수분감,unchanged
train,230876,쇼핑몰,스킨케어,OO 멀티밤 더블세트(멀티밤 4 +미스트앰플 2),촉촉하고 광이 나면서 당기지않아서 만족합니다,보습력/수분감,촉촉하고,1,[속성] 보습력/수분감 [문장] 촉촉하고,,보습력/수분감,unchanged
train,230904,쇼핑몰,스킨케어,OO 멀티밤 더블세트(멀티밤 4 +미스트앰플 2),발라보니 촉촉하고 은은한 향이나면서 효과가 좋습니다 늦게산걸 후회하네요,보습력/수분감,촉촉하고,1,[속성] 보습력/수분감 [문장] 촉촉하고,,보습력/수분감,unchanged
train,230914,쇼핑몰,스킨케어,OO 멀티밤 더블세트(멀티밤 4 +미스트앰플 2),향도 좋고 느낌이 좋아요 사용하기 편하고 제 피부랑 맞는덧 같아요,향,향도 좋고,1,[속성] 향 [문장] 향도 좋고,,향,unchanged
train,230938,쇼핑몰,스킨케어,OO 멀티밤 더블세트(멀티밤 4 +미스트앰플 2),촉촉하고 발림성이 너무좋아요 친정엄마와 언니에게 선물 주려고 구매 했네요 가히 주름관리 멀티밤 짱입니다~~~,보습력/수분감,촉촉하고,1,[속성] 보습력/수분감 [문장] 촉촉하고,,보습력/수분감,unchanged
train,230975,쇼핑몰,스킨케어,OO 멀티밤 더블세트(멀티밤 4 +미스트앰플 2),촉촉하고 피부톤이밝아져요 주름없어지길 바래요,보습력/수분감,촉촉하고,1,[속성] 보습력/수분감 [문장] 촉촉하고,,보습력/수분감,unchanged
train,230979,쇼핑몰,스킨케어,OO 멀티밤 더블세트(멀티밤 4 +미스트앰플 2),"배송받자마자 언박싱, 세수하고 바로 사용해보았네요. TV에서 사용하는거 많이 봤었는데 직접 써보니 부드럽고 촉촉한데 유분감이 있어요. 꾸준히 잘 사용해볼께요.",윤기/피부(톤),부드럽고,1,[속성] 윤기/피부(톤) [문장] 부드럽고,,윤기/피부(톤),unchanged
train,230989,쇼핑몰,스킨케어,OO 멀티밤 더블세트(멀티밤 4 +미스트앰플 2),티비에서 광고를 많이해서 신랑이 쓰고싶었나봐요~ 요즘 피부에 관심많을 40대중반이거든요~ㅋㅋ 발림이 부드럽고 촉촉해요 끈적임은 첨 발랏을때 약간 있는듯했는데 며칠바르니 그 끈적인 느낌은 이제 없더라고요. 화장하기전에도 바르고 파우더해도 뭉침없고요 자기전에 바르고 자니 얼굴색이 좀 밝아진느낌이랄까 ㅋㅋ 암튼 좋아요~~ 신랑과 같이 쓰자고 ㅋ 더블로 구매했습니다^^ 배송도 빠르고 ~~ 기존에 저는 쓰고있던 제품이라 다시 사고싶었는데 딱 좋습니다,보습력/수분감,촉촉해요,1,[속성] 보습력/수분감 [문장] 촉촉해요,,보습력/수분감,unchanged
train,231013,쇼핑몰,스킨케어,OO 멀티밤 더블세트(멀티밤 4 +미스트앰플 2),배송도 하루만에왓어요 ㅋㅋㅋㅋ 오자말자 바르고나갓다왓는ㄷㅔ 몇시간이지나도 바른부분이 촉촉해요 엄마랑나눠쓰려고 더블로샀어요,보습력/수분감,촉촉해요,1,[속성] 보습력/수분감 [문장] 촉촉해요,,보습력/수분감,unchanged
train,231018,쇼핑몰,스킨케어,OO 멀티밤 더블세트(멀티밤 4 +미스트앰플 2),가히 선물할려고 샀는데 하나는 제가 사용해요 뭐... 남자가 사용하면 안되나요 ㅋㅋ 촉촉하고 깊은 주름도 개선되는듯 하네요 좋아요 근데 다른곳에서 구성품 오일이 추가됐어요 ㅠㅠ,보습력/수분감,촉촉하고,1,[속성] 보습력/수분감 [문장] 촉촉하고,,보습력/수분감,unchanged
train,231024,쇼핑몰,스킨케어,OO 멀티밤 더블세트(멀티밤 4 +미스트앰플 2),3달전부터 선물받아 써봤더니 너무 좋아서 주문했네요..촉촉하고 사용하기 너무 간편해서 늘 갖고 다니면서 사용중입니다..,보습력/수분감,촉촉하고,1,[속성] 보습력/수분감 [문장] 촉촉하고,,보습력/수분감,unchanged
train,231060,쇼핑몰,스킨케어,OO 멀티밤 더블세트(멀티밤 4 +미스트앰플 2),꺄~~~ 드디어 받게된 더블구성♡♡ 낱개로 한번 사서 써보고 이건 인생템 이라 정하였다능 가히~^^ 일단 가을과 겨울 맞이를 위해 주름관리로 구매 했어요^^ 더블 구성이라니.. 안살수 없죵 ^^ 전 더블 구성으로 2세트 구매해서 친정엄마랑 시어머니랑 형님이랑 같이 사이좋게 나눠 쓰기로 했습니다 저희 어머님도 피부가 촉촉하고 환해보인다고 너무 좋아하셔요~♡♡ 감사히 잘쓰겠습니다^^,보습력/수분감,피부가 촉촉하고,1,[속성] 보습력/수분감 [문장] 피부가 촉촉하고,,보습력/수분감,unchanged
train,231108,쇼핑몰,스킨케어,OO 멀티밤 더블세트(멀티밤 4 +미스트앰플 2),세상 유명한 가히♡ 드뎌 저도 구매했네요. 저는 우선 피부가 지성입니다. 물론 처음 가히를 발랐을땐 기름기가 엄청있어보여요.근데요~저녁에 바르고 자고 아침이되면 우와~소리가 절로나와요 촉촉하고 주름관리도 잘된느낌? 첨에는 엄마랑 나눠쓰려고 더블로샀는데... 제가 혼자써도 될듯합니다.ㅋㅋ 추석 선물로 한셋트 더 사드려야겠어요. 가히는 사랑입니당,보습력/수분감,촉촉하고,1,[속성] 보습력/수분감 [문장] 촉촉하고,,보습력/수분감,unchanged
train,231155,쇼핑몰,스킨케어,OO 멀티밤 더블세트(멀티밤 4 +미스트앰플 2),촉촉하고 피부가 쫀쫀합니다 지인들 명절선물로도 딱이네요,보습력/수분감,촉촉하고,1,[속성] 보습력/수분감 [문장] 촉촉하고,,보습력/수분감,unchanged
train,231196,쇼핑몰,스킨케어,OO 멀티밤 더블세트(멀티밤 4 +미스트앰플 2),촉촉하고 부드러은거 느껴지는데 지성 피부에는 좀 오일리하게 느껴지는 질거 같애요 목에 바를때 두 턱이 닿으면 끈적 거릭는 느낌이 별로 상쾌하지 않아요,보습력/수분감,촉촉하고,1,[속성] 보습력/수분감 [문장] 촉촉하고,,보습력/수분감,unchanged
train,231203,쇼핑몰,스킨케어,OO 멀티밤 더블세트(멀티밤 4 +미스트앰플 2),가히!! 무슨 말이 필요할까요~!!! ~단연최고!! 바르고나면 은은한향이 코끝을 스치고 기분까지 좋아져용 촉촉하고 부드러운 느낌이고 다들 얼굴좋아진거같다고 하니 넘 좋네용 !!!,보습력/수분감,촉촉하고,1,[속성] 보습력/수분감 [문장] 촉촉하고,,보습력/수분감,unchanged
train,231217,쇼핑몰,스킨케어,OO 멀티밤 더블세트(멀티밤 4 +미스트앰플 2),"요즘 가히 모르는 사람이 없을정도로 인기 만점이죠..효과는 어떨지 너무 기대되네요,. 요즘 콜라겐이 대세여서 함유율도 높고 즣은 성분이 많은거 같고 환절기가 되어 까칠해진 피부에 영양공급 해야죠. 콜라겐 미스트도 너무 써보고 싶던거라 구성도 좋구 가격도 저렴하고 사은품도 대박.. 써보고 기미라인 구입할꺼에요~~~♡♡",가격,가격도 저렴하고,1,[속성] 가격 [문장] 가격도 저렴하고,,가격,unchanged
train,231225,쇼핑몰,스킨케어,OO 멀티밤 더블세트(멀티밤 4 +미스트앰플 2),"요새 환절기라 피부 걱정되서 샀는데 촉촉하고 사용하기 편해서 너무 좋아요 멀티밤, 미스트 둘다 잘 사용하고 있어요~",보습력/수분감,촉촉하고,1,[속성] 보습력/수분감 [문장] 촉촉하고,,보습력/수분감,unchanged
train,231227,쇼핑몰,스킨케어,OO 멀티밤 더블세트(멀티밤 4 +미스트앰플 2),엄마가 너무 써보고 싶어하셔서 방송중 구매해봤습니다.. 정말 전 반신반의 하던참이었어요. 음..우선 처음엔 `뭐야 왜이리 번들거려`였어요..하지만 체온으로 녹아 스며드는 느낌이랄까 곧 촉촉하고 환해지더군요(광채까지는 아닌듯~^^) 꾸준히 써보려 마음먹었어요.. 아!! 목에 바른뒤가 주름이 옅어지는게 가장 마음에 든 일인입니다~,보습력/수분감,촉촉하고,1,[속성] 보습력/수분감 [문장] 촉촉하고,,보습력/수분감,unchanged
train,231263,쇼핑몰,스킨케어,OO 멀티밤 더블세트(멀티밤 4 +미스트앰플 2),지금 받아보고 건조한 부위에 발랐어요...촉촉하고 끈적이지 않습니다....꾸준히 써볼 생각입니다,보습력/수분감,촉촉하고,1,[속성] 보습력/수분감 [문장] 촉촉하고,,보습력/수분감,unchanged
train,231274,쇼핑몰,스킨케어,OO 멀티밤 더블세트(멀티밤 4 +미스트앰플 2),계속 사용중인 제품이예요 바르기 편하고 촉촉해요 비싼거 같아 별 하나 뺐어요,보습력/수분감,촉촉해요,1,[속성] 보습력/수분감 [문장] 촉촉해요,,보습력/수분감,unchanged
train,231300,쇼핑몰,스킨케어,OO 멀티밤 더블세트(멀티밤 4 +미스트앰플 2),부모님이 연세가 있으셔서 관리를 조금이라도 하고 싶어하셨었는데 마침 좋은 제품 판매 하고있어서 바로 주문했습니다 어머님이 좋다고 해주시네요 촉촉하고 쓰기도 편하다고^^ 감사합니다~,보습력/수분감,촉촉하고,1,[속성] 보습력/수분감 [문장] 촉촉하고,,보습력/수분감,unchanged
train,231304,쇼핑몰,스킨케어,OO 멀티밤 더블세트(멀티밤 4 +미스트앰플 2),아주 맘에 듭니다 촉촉하고 끈적임없이 좋네요 추천합니다,보습력/수분감,촉촉하고,1,[속성] 보습력/수분감 [문장] 촉촉하고,,보습력/수분감,unchanged
train,231319,쇼핑몰,스킨케어,OO 멀티밤 더블세트(멀티밤 4 +미스트앰플 2),드디어 구입하게 된 가히 멀티밤~~ 방송하기만을 얼마나 기다렸는지 몰라요 지인들이 써보고 너무 좋다고 추천받아서 구입했는데 발림성도 좋고 촉촉하고 주름이 싹싹 펴지는 느낌이 벌써드네요 재구매할수있게 좋은 효과 나타났음 좋겠어요,보습력/수분감,촉촉하고,1,[속성] 보습력/수분감 [문장] 촉촉하고,,보습력/수분감,unchanged
train,231321,쇼핑몰,스킨케어,OO 멀티밤 더블세트(멀티밤 4 +미스트앰플 2),번들거리지 않고 촉촉해요 주름개선은 좀 더 써 보고요 미스트 좋아요 향도 좋고요,보습력/수분감,촉촉해요,1,[속성] 보습력/수분감 [문장] 촉촉해요,,보습력/수분감,unchanged
train,231326,쇼핑몰,스킨케어,OO 멀티밤 더블세트(멀티밤 4 +미스트앰플 2),엄마 언니와 나눔~~ 촉촉하고 매끄러운 좋은느낌 다들 좋다고 하네요 자꾸 건조해져가는데 피부에 너무 좋네요,보습력/수분감,촉촉하고,1,[속성] 보습력/수분감 [문장] 촉촉하고,,보습력/수분감,unchanged
train,216457,쇼핑몰,스킨케어,OO 효** 기초세트 4대천왕 특집구성 (전고객 쇼핑백),처음 써보는데 향도 좋고 이 가격에 구성도 알차네요. 배송도 빠르고 좋네요!! 다쓰면 또 재구매하겠습니다. 자주 방송해주세요~,향,향도 좋고,1,[속성] 향 [문장] 향도 좋고,,향,unchanged
train,216494,쇼핑몰,스킨케어,OO 효** 기초세트 4대천왕 특집구성 (전고객 쇼핑백),저렴하게잘샀습니다 제피부에잘맞는것같고 촉촉하니잘스며드네요 앞으로도꾸준히사용할거같네요^^,보습력/수분감,촉촉하니,1,[속성] 보습력/수분감 [문장] 촉촉하니,,보습력/수분감,unchanged
train,216525,쇼핑몰,스킨케어,OO 효** 기초세트 4대천왕 특집구성 (전고객 쇼핑백),지난번에 샀는데 또 구매했네요! 역시 수려한 너무 좋아요~ 촉촉하고 피부가 좋아지는 느낌~ 다 쓰면 또 구매하고 싶네요^^ 구성도 너무 좋아요,보습력/수분감,촉촉하고,1,[속성] 보습력/수분감 [문장] 촉촉하고,,보습력/수분감,unchanged
train,216530,쇼핑몰,스킨케어,OO 효** 기초세트 4대천왕 특집구성 (전고객 쇼핑백),써보니 쪽쪽하고 얼굴에 착착 안기는것이 마음에 속 드네요♡♡♡,탄력,쪽쪽하고,1,[속성] 탄력 [문장] 쪽쪽하고,,탄력,unchanged
train,216533,쇼핑몰,스킨케어,OO 효** 기초세트 4대천왕 특집구성 (전고객 쇼핑백),수려한 제품을 처음 사서 써본건데 순하고 향도 좋아요^^ 제가 복합성에 T존 부위는 번들거리고 다른부위는 건조한데요.. 요새 여름이라고 스킨만 바르고 다녔더니 피부 상하는것같아 화장품 사려던 차에 수려한 세트보고 구입했는데요 ~ 생각보다 만족스러워요^^ 꾸준히 발라봐야겠어요. 로션도 제형이 엄청 쫀쫀한게 크림이라 해도 되겠어요!,자극성,순하고,1,[속성] 자극성 [문장] 순하고,,자극성,unchanged
train,216540,쇼핑몰,스킨케어,OO 효** 기초세트 4대천왕 특집구성 (전고객 쇼핑백),"여름에도 얼굴이 건조한 편인데요, 저녁 세안 후 바르고 자기전에 크림을 한번 더 바르고 잤더니 다음날까지 촉촉함이 유지돼서 좋았어요 저렴하게 구매했는데 향도 좋고 발림성도 좋아서 기분 좋네요 다음에 또 구매의향 있습니다^^",향,향도 좋고,1,[속성] 향 [문장] 향도 좋고,,향,unchanged
train,216572,쇼핑몰,스킨케어,OO 보** 남성기초 1+1+1 올인원워시세트,엘지상품이라서 믿고 구매했어요 향도 좋고 제품수량도 많아서 만족합니다,향,향도 좋고,1,[속성] 향 [문장] 향도 좋고,,향,unchanged
train,216592,쇼핑몰,스킨케어,OO 보** 남성기초 1+1+1 올인원워시세트,향도 좋고 디자인 좋고 제품구성 훌륭합니다,향,향도 좋고,1,[속성] 향 [문장] 향도 좋고,,향,unchanged
train,216736,쇼핑몰,스킨케어,OO 보** 남성기초 1+1+1 올인원워시세트,신랑 쓴다고 주문했는데 아주 만족해합니다. 향도 좋고 저렴한 가격에 3세트 나 받고 정말 좋아요. 다음에 재구매하고 싶습니다.,향,향도 좋고,1,[속성] 향 [문장] 향도 좋고,,향,unchanged
train,231376,쇼핑몰,스킨케어,OO 멀티밤 더블세트(멀티밤 4 +미스트앰플 2),고민만하다가 이번에 추석이라 엄마랑 같이 쓰려고 주문했는데 촉촉하니 좋네요 엄마가 피부 좋아지고 있다고 너무 좋아하시네요,보습력/수분감,촉촉하니 좋네요,1,[속성] 보습력/수분감 [문장] 촉촉하니 좋네요,,보습력/수분감,unchanged
train,231397,쇼핑몰,스킨케어,OO 멀티밤 더블세트(멀티밤 4 +미스트앰플 2),티비 광고도 마니 하고 아는 언니 추전으로 샀는데 넘 좋네요 ㅎ 향도 좋고 왠지 모르게 주름이 펴지는 그런 느낌 이랄까요^^ 강추 합니다 넘 좋아요ㅎ,향,향도 좋고,1,[속성] 향 [문장] 향도 좋고,,향,unchanged
train,231420,쇼핑몰,스킨케어,OO 멀티밤 더블세트(멀티밤 4 +미스트앰플 2),지인추천으로 구매했는데... 지속적으로 사용해봐야겠지만 촉촉하고 끈적임도 덜하고 또 휴대하기도 편하고 좋은거 같아요~,보습력/수분감,촉촉하고,1,[속성] 보습력/수분감 [문장] 촉촉하고,,보습력/수분감,unchanged
train,231431,쇼핑몰,스킨케어,OO 멀티밤 더블세트(멀티밤 4 +미스트앰플 2),수분보충으로 열심히 쓰고 있습니다. 케이스도 이쁘고 기쁜마음으로 맘에 쏙드는 제품이여요 좋아요~^^,용기,케이스도 이쁘고,1,[속성] 용기 [문장] 케이스도 이쁘고,,용기,unchanged
train,231463,쇼핑몰,스킨케어,OO 멀티밤 더블세트(멀티밤 4 +미스트앰플 2),아내에게 선물했는데 너무 좋다고 하네요. 촉촉하고 주름이 펴진 듯한 느낌이 지금까지 써본 것중 제일 좋다고 합니다. 보기에도 좋아 보여요~~,보습력/수분감,촉촉하고,1,[속성] 보습력/수분감 [문장] 촉촉하고,,보습력/수분감,unchanged
train,231473,쇼핑몰,스킨케어,OO 멀티밤 더블세트(멀티밤 4 +미스트앰플 2),가히 멀티밤 사용해보니 피부가 촉촉하고 윤기도나며... 건성피부인 제게 딱인 제품인것같아요~ 가히 멀티밤 꾸준히 사용하며 피부미인되렵니다~ 좋은제품 감사합니다~많이파세용~^^,보습력/수분감,피부가 촉촉하고,1,[속성] 보습력/수분감 [문장] 피부가 촉촉하고,,보습력/수분감,unchanged
train,231486,쇼핑몰,스킨케어,OO 멀티밤 더블세트(멀티밤 4 +미스트앰플 2),오늘 받자마자 사용해봅니다 주문하고 어찌나 기다렸던지ᆢ 우선 끈적일까 걱정해는데 전혀~~ 촉촉하고 피부가 부드러우며 광까지ᆢ 엄마랑 언니랑 나눔하니 네개도 부족하네요~,보습력/수분감,촉촉하고,1,[속성] 보습력/수분감 [문장] 촉촉하고,,보습력/수분감,unchanged
train,231513,쇼핑몰,스킨케어,OO 멀티밤 더블세트(멀티밤 4 +미스트앰플 2),소문으로만 듣던 가히 멀티밤 드디어 써봤어요. 듣던대로 촉촉하고 얼굴이 팽팽해져 입체감 있고 피부도 탱탱해 보이네요.. 가격 좋고 착한구성.. 완전 짱이에요~!!,보습력/수분감,촉촉하고,1,[속성] 보습력/수분감 [문장] 촉촉하고,,보습력/수분감,unchanged
train,231519,쇼핑몰,스킨케어,OO 멀티밤 더블세트(멀티밤 4 +미스트앰플 2),두번째 주문인데 써보니 좋아요...촉촉하고 바르고 나면 윤기가 나서 생기있어 보여요~~~,보습력/수분감,촉촉하고,1,[속성] 보습력/수분감 [문장] 촉촉하고,,보습력/수분감,unchanged
train,231605,쇼핑몰,스킨케어,OO 멀티밤 더블세트(멀티밤 4 +미스트앰플 2),확실히 좋다고 소문 날만 하네요^^ 부드럽게 잘 발리고 촉촉한 느낌이 너무 좋아요~ 재구매각입니다!!,발림성,부드럽게 잘 발리고,1,[속성] 발림성 [문장] 부드럽게 잘 발리고,,발림성,unchanged
train,231608,쇼핑몰,스킨케어,OO 멀티밤 더블세트(멀티밤 4 +미스트앰플 2),예전에도 써본제품인데 너무좋아서 또구매했어요 촉촉하고 사용하기 편리하고 저희엄마는 멀티밤은 싹싹 긁어서 남김없이 바르실정도에요 다쓰면 또 구매할거에요 추천!,보습력/수분감,촉촉하고,1,[속성] 보습력/수분감 [문장] 촉촉하고,,보습력/수분감,unchanged
train,231615,쇼핑몰,스킨케어,OO 멀티밤 더블세트(멀티밤 4 +미스트앰플 2),가희..소문만듣고있다가 홈쇼핑에나온 상품을보고 처음구입해봤습니다. 촉촉하고 끊적거리자않으면서 같이주는 구성품인 미스트랑 사용하니까 완전 대박상품이네효. 재구매해야할것같습니다. 눈가잔주름들이 눈에띄게 사라집니다.,보습력/수분감,촉촉하고,1,[속성] 보습력/수분감 [문장] 촉촉하고,,보습력/수분감,unchanged
train,231659,쇼핑몰,스킨케어,OO 멀티밤 더블세트(멀티밤 4 +미스트앰플 2),"하나써보고 좋아서 엄마랑 지인분들 드리려고 세트로 구매하면서 상품평이벤트 참여합니다~ 촉촉하니 환절기, 가을겨울에 넘 좋을것같아요!",보습력/수분감,촉촉하니,1,[속성] 보습력/수분감 [문장] 촉촉하니,,보습력/수분감,unchanged
train,231663,쇼핑몰,스킨케어,OO 멀티밤 더블세트(멀티밤 4 +미스트앰플 2),발림성이 좋고 제품은 괜찮으나 끈적거림이 남네요.,발림성,발림성이 좋고,1,[속성] 발림성 [문장] 발림성이 좋고,,발림성,unchanged
train,231681,쇼핑몰,스킨케어,OO 멀티밤 더블세트(멀티밤 4 +미스트앰플 2),드디어 샀네요 ㅋㅋ 발림성 좋고 구성품인 미스트도 좋아요! 추석이라 더블구성 사서 가족들 선물로 준비!,발림성,발림성 좋고,1,[속성] 발림성 [문장] 발림성 좋고,,발림성,unchanged
train,231691,쇼핑몰,스킨케어,OO 멀티밤 더블세트(멀티밤 4 +미스트앰플 2),"평소에 주름관리에 좋다고해서 구매를 고민하고 있었는데 마침 좋은구성에 좋은가격으로 홈쇼핑 하고 있길래 엄마, 작은엄마, 여동생, 저 이렇게 4명이 한번 사용해보려고 구매했어요!! 사이즈도 적당하고 디자인도 너무 예뻐서 잘 사용할 거 같아요!! 배송도 너무 빠르네요~~~ :)",용기,사이즈도 적당하고,1,[속성] 용기 [문장] 사이즈도 적당하고,,용기,unchanged
train,231717,쇼핑몰,스킨케어,OO 멀티밤 더블세트(멀티밤 4 +미스트앰플 2),쉽게 편하게 매일 관리가 가능하다는점 너무좋아요! 촉촉하고 손에 안묻으니 청결해서 좋아요 ㅎㅎ 콜라겐 미스트도 촉촉하고좋아요 믿쓰가희입니당,보습력/수분감,촉촉하고,1,[속성] 보습력/수분감 [문장] 촉촉하고,,보습력/수분감,unchanged
train,231744,쇼핑몰,스킨케어,OO 멀티밤 더블세트(멀티밤 4 +미스트앰플 2),보습도 좋고 저녁에 바르고 자고 일어나면 산뜻하고 좋아요 ..이번에 또 재구매하게 됫네요. 휴대도 간편하고 넘 좋아요^^,사용감,보습도 좋고,1,[속성] 사용감 [문장] 보습도 좋고,,사용감,unchanged
train,231760,쇼핑몰,스킨케어,OO 멀티밤 더블세트(멀티밤 4 +미스트앰플 2),촉촉하고 눈가주름개선에 넘 좋아요~~미스트는 냉장고에 두고 사용하니 청량감도있고 촉촉합니다~^^,보습력/수분감,촉촉하고,1,[속성] 보습력/수분감 [문장] 촉촉하고,,보습력/수분감,unchanged
train,231763,쇼핑몰,스킨케어,OO 멀티밤 더블세트(멀티밤 4 +미스트앰플 2),요즘 가히 모르면 간첩이죠? ㅋㅋ TV광고나 연예인들도 엄청 많이 쓰고 해서 저도 한번 구매 했어요 가족끼리 사용 할거라서 더블 패키지로 구매 했어요 발림성 좋고 생각 보다 촉촉 하더라고 ㅋㅋㅋㅋ효과를 보려면 꾸준히 사용해 봐야 할거 같아요 가히짱,발림성,발림성 좋고,1,[속성] 발림성 [문장] 발림성 좋고,,발림성,unchanged
train,231784,쇼핑몰,스킨케어,OO 멀티밤 더블세트(멀티밤 4 +미스트앰플 2),배송받자마자 사용해봤어요촉촉하고 발림성이 아주좋네요~~주름도 펴지는것같아요 ~~ 휴대하기 너무편해서 남편도 같이 사용하겠다고 하네요~~^^,보습력/수분감,촉촉하고,1,[속성] 보습력/수분감 [문장] 촉촉하고,,보습력/수분감,unchanged
train,231794,쇼핑몰,스킨케어,OO 멀티밤 더블세트(멀티밤 4 +미스트앰플 2),요즘 타 홈쇼핑에서도 많이 방송하는거 보며 구매하려던 차에 뷰티란 권미란에서 카드할인 까지 받고 적립금까지 주는 좋은 조건으로 판매하길래 바로 주문해서 어제 상품 받았어요. 케이스도 예쁘고 향도 좋고 발림성도 정말 좋아요. 구매하길 잘 한거 같아요.,향,향도 좋고,1,[속성] 향 [문장] 향도 좋고,,향,unchanged
train,231822,쇼핑몰,스킨케어,OO 멀티밤 더블세트(멀티밤 4 +미스트앰플 2),주변에서 다들 추천해서 저도 한번 사봤어요. 요즘 가히 안쓰는 사람이 없더라구요. 향도 좋고 발림도 좋고 완전 대만족입니다. 더 써봐야 효과를 알겠지만 딸도 주고 저도 쓰고 좋은 가격에 산 거 같아서 좋네요 ^^ 배송도 빠르게 왔어요,향,향도 좋고,1,[속성] 향 [문장] 향도 좋고,,향,unchanged
train,231826,쇼핑몰,스킨케어,OO 멀티밤 더블세트(멀티밤 4 +미스트앰플 2),요즘 핫한 상품이라 관심이 많았었는데 마침 방송을 보며 더블세트로 구입하게 되었습니다. 기대감으로 오늘 받아보고 얼른 발라보았어요. 향도 좋고 발림성이 굿! 바른곳은 촉촉하니 윤기가 흐르네요. 소문이 거짓은 아니네요. 꾸준히 발라서 있던 주름도 완전히 지우렵니다. 콜라겐 미스트도 향이 은은하니 넘 좋네요. 뿌린후 톡톡 두드려주니 흡수되어서 끈적임이 없어 좋았습니다. 한개는 우리 올케 선물해주려 포장합니다. ㅎ ㅎ,향,향도 좋고,1,[속성] 향 [문장] 향도 좋고,,향,unchanged
train,231836,쇼핑몰,스킨케어,OO 멀티밤 더블세트(멀티밤 4 +미스트앰플 2),받자마자 발라봤어요ㆍ부드럽게발리고 촉촉하니광이나네요ㆍ입술이건조하고 자주트는데ㆍ번들번들하니 촉촉합니다ㆍ광고를많이해서 혹시나구입했는데 역시 만족합니다ㆍ근데ㆍ양이적네요ㆍ손가락두마디좀못되는듯ᆢㅠ 암튼 잘쓰겠습니다ㆍ,보습력/수분감,촉촉하니,1,[속성] 보습력/수분감 [문장] 촉촉하니,,보습력/수분감,unchanged
train,231843,쇼핑몰,스킨케어,OO 멀티밤 더블세트(멀티밤 4 +미스트앰플 2),팔자주름이 깊어서 완화시켜보려구 구매했어요. 써보니 촉촉하고 윤기가 나네요. 동생에게 꼭 추천 할꺼예요.。◕‿◕ 。,보습력/수분감,촉촉하고,1,[속성] 보습력/수분감 [문장] 촉촉하고,,보습력/수분감,unchanged
train,231892,쇼핑몰,스킨케어,OO 멀티밤 더블세트(멀티밤 4 +미스트앰플 2),두번째 구매합니다. 향도 좋고 건조한 피부를 촉촉하게 좋은거 같아요^^ 다만 양이 적어서 이번에는 더블로 구매합니다.,향,향도 좋고,1,[속성] 향 [문장] 향도 좋고,,향,unchanged
train,231897,쇼핑몰,스킨케어,OO 멀티밤 더블세트(멀티밤 4 +미스트앰플 2),정말 좋아요 ㅎ 엄마랑 사서 나눠썼는데 너무 좋아서 다시 주문했어요~촉촉하고 정말 피부개선이 빨리 나타나는 것 같아요,보습력/수분감,촉촉하고,1,[속성] 보습력/수분감 [문장] 촉촉하고,,보습력/수분감,unchanged
train,231931,쇼핑몰,스킨케어,OO 멀티밤 더블세트(멀티밤 4 +미스트앰플 2),멀티밤은 여름에는 너무 반들거려서 밤에만 사용해야 할 것 같아요. ㅎㅎ 입술까지 2~3일 발랐는데 각질도 사라지고 촉촉하니 좋네요. 미스트는 개인적으로 향도 좋고 안개분사여서 고루 뿌려져서 좋아요. 촉촉하고 산뜻한데 뿌린직후에는 살짝 끈적임이 있어서 여름에는 밤에만 사용하고 다른때는 자주 사용할 것 같아요.,보습력/수분감,촉촉하고,1,[속성] 보습력/수분감 [문장] 촉촉하고,,보습력/수분감,unchanged
train,231931,쇼핑몰,스킨케어,OO 멀티밤 더블세트(멀티밤 4 +미스트앰플 2),멀티밤은 여름에는 너무 반들거려서 밤에만 사용해야 할 것 같아요. ㅎㅎ 입술까지 2~3일 발랐는데 각질도 사라지고 촉촉하니 좋네요. 미스트는 개인적으로 향도 좋고 안개분사여서 고루 뿌려져서 좋아요. 촉촉하고 산뜻한데 뿌린직후에는 살짝 끈적임이 있어서 여름에는 밤에만 사용하고 다른때는 자주 사용할 것 같아요.,보습력/수분감,촉촉하니 좋네요,1,[속성] 보습력/수분감 [문장] 촉촉하니 좋네요,,보습력/수분감,unchanged
train,231953,쇼핑몰,스킨케어,OO 타** 아이크림 포 페이스,"밤에 잘때 이거만 바르고 자면 아침까지 피부가 부드럽고 촉촉한 느낌이라 좋아요. 이번에는 며느리, 딸, 언니, 친구에게 선물로 나누어주었어요. 모두들 좋다고 하네요.",윤기/피부(톤),피부가 부드럽고,1,[속성] 윤기/피부(톤) [문장] 피부가 부드럽고,,윤기/피부(톤),unchanged
train,231968,쇼핑몰,스킨케어,OO 타** 아이크림 포 페이스,촉촉하고 잘스며 드는거 같아요~ 지인분들과 나눠쓰려구요^^ 좋은제품 감사합니다. 또 구매할꺼예요~,보습력/수분감,촉촉하고,1,[속성] 보습력/수분감 [문장] 촉촉하고,,보습력/수분감,unchanged
train,232001,쇼핑몰,스킨케어,OO 브** 크림 4+1 (추가구성 2ml 10매+화장품파우치),계속 쓰고 있는 제품인데요ㆍ다른 화장품 바르지 않아도 촉촉하고 기미가 옅어 지는것 같아요ㆍ눈에 확 띠도록은 아니지만 꾸준히 바르면 효과 좋으리라 생각하고 열심히 바르고 있고 지인에게도 선물했는데 효과있길 기대합니다,보습력/수분감,촉촉하고,1,[속성] 보습력/수분감 [문장] 촉촉하고,,보습력/수분감,unchanged
train,232013,쇼핑몰,스킨케어,OO 브** 크림 4+1 (추가구성 2ml 10매+화장품파우치),기미가 하루 아침에 없어지는 게 아니라서 아직 효과는 잘 모르겠지민 제형이 적당히 쫀쫀하고 부드러워서 피부에 광도 나고 너무 좋아요~!,제형,부드러워서,1,[속성] 제형 [문장] 부드러워서,,제형,unchanged
train,232058,쇼핑몰,스킨케어,OO 브** 크림 1+1/ 기미크림/ 화이트닝/ 미백,아직 써본지 얼마되지않았지만 촉촉하고 윤기가있어 계속사용하면 피부가 좋아질거같아요,보습력/수분감,촉촉하고,1,[속성] 보습력/수분감 [문장] 촉촉하고,,보습력/수분감,unchanged
train,232091,쇼핑몰,스킨케어,[1+1] OO 링클 바운스 멀티 밤 9g,친구들 쓰는거 빌려 쓰다가 큰맘 먹고 주문했습니다~건조한 요즘 수시로 발라주니 촉촉하고 광이 나서 화장 안하고 다녀도 되어 좋아용~ 2세트 구입해서 아들도 같이 쓰고 있습니다^^,보습력/수분감,촉촉하고,1,[속성] 보습력/수분감 [문장] 촉촉하고,,보습력/수분감,unchanged
train,232116,쇼핑몰,스킨케어,[1+1] OO 링클 바운스 멀티 밤 9g,나이가 들어 가면서 이마와 눈주위 주름이 신경이 많이 쓰였는데 가이를 써보니 아주 촉촉하고 부드럽게 퍼짐을 느낄 수 있어 참 좋습니다. 열심히 쓰게 됩니다,보습력/수분감,촉촉하고,1,[속성] 보습력/수분감 [문장] 촉촉하고,,보습력/수분감,unchanged
train,232137,쇼핑몰,스킨케어,OO 마** 앰플 7개+파워앰플 2개,재구매입니다 촉촉하고 잔주름도 안보이고... 남편이 더 열심히 쓰네요 쟁여두고 쓰는 필수템될듯요,보습력/수분감,촉촉하고,1,[속성] 보습력/수분감 [문장] 촉촉하고,,보습력/수분감,unchanged
train,232186,쇼핑몰,스킨케어,OO 마** 앰플 3개+파워앰플 1개,동국제약 마데카를 믿고 구매했는데 촉촉하고 향도 좋습니다.그런데 처음사용하는데 바를때 밑으로 빠지는게 맞는지 품질이 불량인거 같은데 사용하기 불편합니다,보습력/수분감,촉촉하고,1,[속성] 보습력/수분감 [문장] 촉촉하고,,보습력/수분감,unchanged
train,232214,쇼핑몰,스킨케어,OO 마** 앰플 3개+파워앰플 1개,번들거리지않고 촉촉해요,보습력/수분감,촉촉해요,1,[속성] 보습력/수분감 [문장] 촉촉해요,,보습력/수분감,unchanged
train,232224,쇼핑몰,스킨케어,OO 마** 앰플 3개+파워앰플 1개,촉촉하고 수시로바르니좋구 앰플을바르고자면 담날 얼굴촉촉하고 화장도잘받아요,보습력/수분감,촉촉하고,1,[속성] 보습력/수분감 [문장] 촉촉하고,,보습력/수분감,unchanged
train,232234,쇼핑몰,스킨케어,OO 주름관리 멀티밤 기본세트(멀티밤2+미스트앰플1),요즘들어 피부가 건조해서 구매하게도었고 구매후 얼굴에 발라보니 촉촉하고 부드러워 너무 좋아요 지인에게 추천 했답니다~^^,보습력/수분감,촉촉하고,1,[속성] 보습력/수분감 [문장] 촉촉하고,,보습력/수분감,unchanged
train,232235,쇼핑몰,스킨케어,OO 주름관리 멀티밤 기본세트(멀티밤2+미스트앰플1),가히 멀티밤 지속 사용중~호기심 다른 멀티밤 구매 사용해보니 흡수보다는 겉돌기만하고..돈들인것이 아까워 몇번 발랐는데 진짜 후회했습니다 ..다른 제품 멀티밤은 쟁여두고.. 다시 가히 구매했습니다 가히 멀티밤 60대 저한테는 하루종일 촉촉하고 눈가 이마 잔주름 정말 효과가 좋았습니다,보습력/수분감,촉촉하고,1,[속성] 보습력/수분감 [문장] 촉촉하고,,보습력/수분감,unchanged
train,232269,쇼핑몰,스킨케어,OO 주름관리 멀티밤 기본세트(멀티밤2+미스트앰플1+오일1),언니가 건네준 가히멀티밤~ 처음에는 받아만 놓고 있다가 어느날 외출하면서 발라봤더니 촉촉하고 광채도나고 너무 좋았어요 그날이후로 계속해서 애용하게 되었어요 특히 외출시 간편해서 가지고 다니면서 쓰기에 너무좋아요,보습력/수분감,촉촉하고,1,[속성] 보습력/수분감 [문장] 촉촉하고,,보습력/수분감,unchanged
train,232274,쇼핑몰,스킨케어,OO 주름관리 멀티밤 기본세트(멀티밤2+미스트앰플1+오일1),엄마꺼사고 이번엔 동생선물로 구매했어요 촉촉하니 좋네요 용기 안쪽 홈 부분이 매끈하게 생겼으면 마지막까지 쓰기가 좋을것 같네요,보습력/수분감,촉촉하니 좋네요,1,[속성] 보습력/수분감 [문장] 촉촉하니 좋네요,,보습력/수분감,unchanged
train,232282,쇼핑몰,스킨케어,OO 주름관리 멀티밤 기본세트(멀티밤2+미스트앰플1+오일1),선물받아 써보니 좋았어요 촉촉하니 당김없이 너무좋아 다시구매하게 되었어요^^,보습력/수분감,촉촉하니,1,[속성] 보습력/수분감 [문장] 촉촉하니,,보습력/수분감,unchanged
train,232308,쇼핑몰,스킨케어,OO 주름관리 멀티밤 기본세트(멀티밤2+미스트앰플1+오일1),써보고 향도 좋고 촉촉해서 선물하려고 다시 샀어요 좋답니다~~ 구성품인 오일도 좋으면 또 구매할께요~,향,향도 좋고,1,[속성] 향 [문장] 향도 좋고,,향,unchanged
train,232331,쇼핑몰,스킨케어,OO 주름관리 멀티밤 기본세트(멀티밤2+미스트앰플1+오일1),tv볼때마다 나오길래 요녀석이뭔가 궁금하던차에 딱 마주쳤네요 맨얼굴에도 화장한 위에도 사용가능하니 신세계예요~~ 얼굴땅길때마다 안경벗고 미스트 뿌려댔는데 앙징맞은 케이스 꺼내 슥슥하고나면 땡김이 사라져요 용량이 많지않아 아쉽지만 케이스도 이쁘고 조그만해서 가지고 다니기 편해요,용기,케이스도 이쁘고,1,[속성] 용기 [문장] 케이스도 이쁘고,,용기,unchanged
train,232376,쇼핑몰,스킨케어,OO 주름관리 멀티밤 기본세트(멀티밤2+미스트앰플1+오일1),가히 씨밤.아쿠아밤 사용했구요. 겨울이 되서 너무 건조해서 멀티밤 구매합니다. 촉촉하고 주름에도 효과가 있었으면 좋겠어요^^,보습력/수분감,촉촉하고,1,[속성] 보습력/수분감 [문장] 촉촉하고,,보습력/수분감,unchanged
train,232420,쇼핑몰,스킨케어,OO 주름관리 멀티밤 기본세트(멀티밤2+미스트앰플1+오일1),이쁜엄마 선물해드리니 역시 요즘 엄마들 사이에서 필수품 없는 엄마들이 없다면서 바르기 쉽기 촉촉하고 반질반질하다며 너무 좋아하시네요. 덕분에 기분 좋아요.,보습력/수분감,촉촉하고,1,[속성] 보습력/수분감 [문장] 촉촉하고,,보습력/수분감,unchanged
train,232448,쇼핑몰,스킨케어,OO 주름관리 멀티밤 기본세트(멀티밤2+미스트앰플1+오일1),입소문 듣고 구매했습니다 피부가 촉촉하고 탱탱하게 너무 좋아요 지인들에게 소개해주고 싶은 제품이네요,보습력/수분감,피부가 촉촉하고,1,[속성] 보습력/수분감 [문장] 피부가 촉촉하고,,보습력/수분감,unchanged
train,232453,쇼핑몰,스킨케어,OO 주름관리 멀티밤 기본세트(멀티밤2+미스트앰플1+오일1),사용하기 편해서 늘 가지고 다니는 필수품이 되었네요 ㅎ 촉촉하고 부드러운 발림성이 좋아요,보습력/수분감,촉촉하고,1,[속성] 보습력/수분감 [문장] 촉촉하고,,보습력/수분감,unchanged
train,232463,쇼핑몰,스킨케어,OO 주름관리 멀티밤 기본세트(멀티밤2+미스트앰플1+오일1),겨울철이라 실내에서 근무할 때 점심먹고 한 번씩 발라주는데 촉촉하니 당기지 않고 좋아요. 입술도 너무 건조한데 한번씩 발라주면 촉촉하니 향도 좋고 좋습니다.,보습력/수분감,촉촉하니,1,[속성] 보습력/수분감 [문장] 촉촉하니,,보습력/수분감,unchanged
train,232513,쇼핑몰,스킨케어,OO 주름관리 멀티밤 기본세트(멀티밤2+미스트앰플1+오일1),쭉 쓰고 있는데요 촉촉하고 주름도 사라지고 잔주름이 사라지니까 살찐 것처럼 통통해요 나하고 잘 맞아요,보습력/수분감,촉촉하고,1,[속성] 보습력/수분감 [문장] 촉촉하고,,보습력/수분감,unchanged
train,232526,쇼핑몰,스킨케어,OO 주름관리 멀티밤 기본세트(멀티밤2+미스트앰플1+오일1),"두번째 구입입니다~ 촉촉하고 사용하기 간편해서 좋아용^^ 미스트,동배오일 구성까지 굿굿입니다:-)",보습력/수분감,촉촉하고,1,[속성] 보습력/수분감 [문장] 촉촉하고,,보습력/수분감,unchanged
train,232585,쇼핑몰,스킨케어,OO 주름관리 멀티밤 기본세트(멀티밤2+미스트앰플1+오일1),진짜 좋아요... 지금 3통째 사용중인데 또 구매하고 싶어요 촉촉하고 발림성이 너무 좋습니다♥ 건조한 피부에 딱이에요,보습력/수분감,촉촉하고,1,[속성] 보습력/수분감 [문장] 촉촉하고,,보습력/수분감,unchanged
train,232643,쇼핑몰,스킨케어,OO 주름관리 멀티밤 기본세트(멀티밤2+미스트앰플1+오일1),우리 이쁜엄마선물해드리려고 주문했는데.. 쓱쓱바르니 쉽고 편리하고 촉촉하니 눈가주름관리와 바를수록 피부가 고급져보이네요. 한개 더 주문해서 동생과 나눠 써야겠네요.,보습력/수분감,촉촉하니,1,[속성] 보습력/수분감 [문장] 촉촉하니,,보습력/수분감,unchanged
train,232649,쇼핑몰,스킨케어,OO 주름관리 멀티밤 기본세트(멀티밤2+미스트앰플1+오일1),받자마자쓰고있어요~~ 하루종일 촉촉하고 요즘같이 건조한날에 아주좋아요~~,보습력/수분감,촉촉하고,1,[속성] 보습력/수분감 [문장] 촉촉하고,,보습력/수분감,unchanged
train,232663,쇼핑몰,스킨케어,OO 주름관리 멀티밤 기본세트(멀티밤2+미스트앰플1+오일1),써보고 주위 선물 하려고 샀어요. 눈 주위에 바르고 있는데 덜 건조하고 촉촉해요 휴대하기도 편해서 좋아요,보습력/수분감,촉촉해요,1,[속성] 보습력/수분감 [문장] 촉촉해요,,보습력/수분감,unchanged
train,232732,쇼핑몰,스킨케어,OO 주름관리 멀티밤 기본세트(멀티밤2+미스트앰플1+오일1),눈 밑이 건조했는데 OO홈쇼핑에서 설명듣고 구매했어요 괜찮네요 건조한 눈 밑이 촉촉하고 매끄럽네요,보습력/수분감,촉촉하고,1,[속성] 보습력/수분감 [문장] 촉촉하고,,보습력/수분감,unchanged
train,232776,쇼핑몰,스킨케어,OO 주름관리 멀티밤 기본세트(멀티밤2+미스트앰플1+오일1),"기미밤쓰고있는데 좋아서 이것도 구매했어요. 발림성 좋고 촉촉하니 좋네요ㅎ 얼굴, 목까지 손으로 안 문지르고 슥슥 바를 수있어 강추입니딘",발림성,발림성 좋고,1,[속성] 발림성 [문장] 발림성 좋고,,발림성,unchanged
train,232795,쇼핑몰,스킨케어,OO 주름관리 멀티밤 기본세트(멀티밤2+미스트앰플1+오일1),역시 가히네요^^ 다른거 썼는데 방송보고일단구매 역시가히가히 하는 이율 알겠네요^^ 촉촉하고 발리는느낌이다르네요 담번구매예약이용♡♡♡,보습력/수분감,촉촉하고,1,[속성] 보습력/수분감 [문장] 촉촉하고,,보습력/수분감,unchanged
train,232815,쇼핑몰,스킨케어,OO 주름관리 멀티밤 기본세트(멀티밤2+미스트앰플1+오일1),휴대도 간편하고 손에 안 묻히고 쉽게 사용할 수 있어서 좋아요~ 발림성 좋고 바르면 피부에 광이나요 한 개씩 사서 쓰다가 우연히 홈쇼핑보다가 샀는데 하나씩 살때보다 저렴하고 구성품인 미스트나 오일 이런 다른 제품도 써볼 수 있어서 좋네요 더블세트랑 고민하다 싱글샀는데 더블로 살걸 그랬어요 ㅠㅠ 담에 방송하면 더블로 주문해야겠어요,발림성,발림성 좋고,1,[속성] 발림성 [문장] 발림성 좋고,,발림성,unchanged
train,232821,쇼핑몰,스킨케어,OO 주름관리 멀티밤 기본세트(멀티밤2+미스트앰플1+오일1),광고를 많이 하는 제품이라서 궁금하게 생각하다가 구매하게 되었습니다. 촉촉하고 얼굴뿐만 아니라 목까지 관리할수 있어서 좋고 스틱형이라 간편해서 좋았습니다.,보습력/수분감,촉촉하고,1,[속성] 보습력/수분감 [문장] 촉촉하고,,보습력/수분감,unchanged
train,232845,쇼핑몰,스킨케어,OO 주름관리 멀티밤 기본세트(멀티밤2+미스트앰플1+오일1),일요일 방송보고 주문했는데 26일 도착해서 저녁에 바르고 잤는데 아침에 일어나서도 촉촉하고 입술이 건조했는데 입술도 윤기있고 너무 좋은거 같아요. 엄마도 하나 사드려야겠어요^^,보습력/수분감,촉촉하고,1,[속성] 보습력/수분감 [문장] 촉촉하고,,보습력/수분감,unchanged
train,232856,쇼핑몰,스킨케어,OO 주름관리 멀티밤 기본세트(멀티밤2+미스트앰플1+오일1),피부가 건성이라 좀 신경쓰여서 좋다는것 나름 다써봤지만 가히 멀티밤 만끔 촉촉하고 잔주름도 완하된것 확실히 알겠드라고요 제주문 해서 잘쓰고 있답니다 상품평 작성시 멀티밤 하나더주나요^^,보습력/수분감,촉촉하고,1,[속성] 보습력/수분감 [문장] 촉촉하고,,보습력/수분감,unchanged
train,232883,쇼핑몰,스킨케어,OO 주름관리 멀티밤 기본세트(멀티밤2+미스트앰플1+오일1),어머님께 선물해드렸는데 너무 좋아하시네요. 촉촉하고 발림성도 좋아요. 스틱형이라 휴대하기도 간편하고 요즘처럼 찬바람 불때 딱인것 같아요!!!,보습력/수분감,촉촉하고,1,[속성] 보습력/수분감 [문장] 촉촉하고,,보습력/수분감,unchanged
train,232907,쇼핑몰,스킨케어,OO 주름관리 멀티밤 기본세트(멀티밤2+미스트앰플1+오일1),엄마쓰시는거 써보고 왜 가히 가희하나 이해했어요. 촉촉하고 반딱반딱 광이 나서 기분도 반짝반짝 좋네요 다쓰고 또 주문할께요,보습력/수분감,촉촉하고,1,[속성] 보습력/수분감 [문장] 촉촉하고,,보습력/수분감,unchanged
train,232937,쇼핑몰,스킨케어,OO 주름관리 멀티밤 기본세트(멀티밤2+미스트앰플1+오일1),가히중에 제일 좋아하는 멀티밤~ 이젠 자기전에 안바르면 허전해요. 벌써 네번째 구입입니다. 막 바르고났을땐 좀 번들거린다 싶다가도 자고 다음날 아침 거울보면 절로 웃음나와요. 촉촉하고 환해져있거든요. 너무 좋습니다 목에도 한번 바르면 안바르곤 못봐요. 아직도 살까말까 고민이신분 한번 써보세요. 저처럼 쭉~~ 소장하게될거에요^^,보습력/수분감,촉촉하고,1,[속성] 보습력/수분감 [문장] 촉촉하고,,보습력/수분감,unchanged
train,232987,쇼핑몰,스킨케어,OO 주름관리 멀티밤 기본세트(멀티밤2+미스트앰플1+오일1),인생아이템이라구매했는데 번들거리지 않고 촉촉하니 좋네요 꾸준히 사용할것같습니다~^^,보습력/수분감,촉촉하니 좋네요,1,[속성] 보습력/수분감 [문장] 촉촉하니 좋네요,,보습력/수분감,unchanged
train,233069,쇼핑몰,스킨케어,OO 주름관리 멀티밤 기본세트(멀티밤2+미스트앰플1+오일1),가히는 다른 홈 쇼핑메서 이미 구입하여 사용하고 있습니다 화장대 및 핸드백에 간편하게 넣고 다니며 수시로 바르는데 촉촉하고 윤이 나서 만나는 사람마다 피부가 좋아졌다고 칭찬합니다 주름도 개선되는 느낌이라 좋아요. 아쉬운 것은 양이 적고 용기 디자인이 아랫부분까지 사용하기가 쉽지 않다는 겁니다,보습력/수분감,촉촉하고,1,[속성] 보습력/수분감 [문장] 촉촉하고,,보습력/수분감,unchanged
train,233093,쇼핑몰,스킨케어,OO 주름관리 멀티밤 기본세트(멀티밤2+미스트앰플1+오일1),모두가 좋다고하길래 고민끝에 주문했어요. 가을이라 푸석하고 건조해서 걱정이었는데..저녁세안후 바르고자면 아침피부가 촉촉하고 당기질않네요..촉촉하고 윤이나고 좋은데전 끈적임이 있어요..그리고 뚜껑열기가 넘빡빡해서 힘들고요. 좀더써봐야알겠지만 기대가되는제품입니다 ㅎㅎ,보습력/수분감,촉촉하고,1,[속성] 보습력/수분감 [문장] 촉촉하고,,보습력/수분감,unchanged
train,233136,쇼핑몰,스킨케어,OO 주름관리 멀티밤 기본세트(멀티밤2+미스트앰플1+오일1),엄마바르는것보고 따라발랏는데 촉촉하고 부드럽고 그다음날 피부도좋아보이더라고요~바로구매했습니다 잘쓸게요^^,보습력/수분감,촉촉하고,1,[속성] 보습력/수분감 [문장] 촉촉하고,,보습력/수분감,unchanged
train,233136,쇼핑몰,스킨케어,OO 주름관리 멀티밤 기본세트(멀티밤2+미스트앰플1+오일1),엄마바르는것보고 따라발랏는데 촉촉하고 부드럽고 그다음날 피부도좋아보이더라고요~바로구매했습니다 잘쓸게요^^,윤기/피부(톤),부드럽고,1,[속성] 윤기/피부(톤) [문장] 부드럽고,,윤기/피부(톤),unchanged
train,233166,쇼핑몰,스킨케어,OO 주름관리 멀티밤 기본세트(멀티밤2+미스트앰플1+오일1),엄마 선물로 사드렸어요~ 써보시고 좋다고 해서 벌써 두번째 주문입니다. 촉촉하고 사용하기 간편한데다 향도 마음에 드신다네요. 계속 사드려고요.,보습력/수분감,촉촉하고,1,[속성] 보습력/수분감 [문장] 촉촉하고,,보습력/수분감,unchanged
train,233172,쇼핑몰,스킨케어,OO 주름관리 멀티밤 기본세트(멀티밤2+미스트앰플1+오일1),스틱타입이라서 편하게 바를수도 있어서 편해서 좋고 피부결도 매끄러워지고 번들거림이나 제형에끈적거림이 없어부담이 되지않고 촉촉하고 보습이 잘 되어 만족합니다,보습력/수분감,촉촉하고,1,[속성] 보습력/수분감 [문장] 촉촉하고,,보습력/수분감,unchanged
train,233188,쇼핑몰,스킨케어,OO 주름관리 멀티밤 기본세트(멀티밤2+미스트앰플1+오일1),좋아요~ 배송도 빠르고.. 하도 방송에 나와서 궁금했는데 생각보다 크기는 작은거 같고.. 구성품인 앰플은 더 작은거 같고.. 그래도 촉촉하고 끈적임이 없어 괜찮아요~~,보습력/수분감,촉촉하고,1,[속성] 보습력/수분감 [문장] 촉촉하고,,보습력/수분감,unchanged
train,233189,쇼핑몰,스킨케어,OO 주름관리 멀티밤 기본세트(멀티밤2+미스트앰플1+오일1),배송 생각보다빠르네요! 솔직히광고많이 하길래 궁금반으로 작은 금액아니라서 고민고민하다 주문했는데 생각보다 괜찮네요 촉촉하고 끚적이지않구요 지금가튼 날씨에는 계속발라줄거가타요! 근데저는 입술에 바르는건 뭔가 향이 계속 거슬려서 ㅎㅎㅎ 입술은 안바를거가타요 ㅋㅋ 잘쓸게요 감사합니다,보습력/수분감,촉촉하고,1,[속성] 보습력/수분감 [문장] 촉촉하고,,보습력/수분감,unchanged
train,233205,쇼핑몰,스킨케어,OO 주름관리 멀티밤 기본세트(멀티밤2+미스트앰플1+오일1),엄마 선물해드렸더니 엄청 좋아하세요ㅎㅎ 발림성 좋고 촉촉하게 잘 발린다고합니다ㅎㅎ 딱 지금계절 쓰기좋다고하세요ㅎㅎ 좋아요!! 이 구성이면 앞으로도 또 살거같아요 추천추천!!,발림성,발림성 좋고,1,[속성] 발림성 [문장] 발림성 좋고,,발림성,unchanged
train,233258,쇼핑몰,스킨케어,OO 주름관리 멀티밤 기본세트(멀티밤2+미스트앰플1+오일1),발림성이 좋고 바른곳이 피부가 반짝거리고 반들거려서 좋아요 대신 끈적임이 있어서 머리카락이 달라붙는 단점이있네요,보습력/수분감,발림성이 좋고,1,[속성] 보습력/수분감 [문장] 발림성이 좋고,,보습력/수분감,unchanged
train,233303,쇼핑몰,스킨케어,OO 주름관리 멀티밤 기본세트(멀티밤2+미스트앰플1+오일1),3개다쓰고 주문해서4번째 사용중입니다~ 크게 주름이 달라지는건없는데 바르고 시간이 지나면 피부가 반짝반짝 촉촉하고 땡기지않아 이용합니다 전에는 타홈쇼핑사에서 주문했는데... OO쇼핑에서도 상품평사은품도 있고 가격혜택이 가장좋네요 ...앞으론 OO쇼핑으로 혜택받고 구매해야겠어요~,보습력/수분감,촉촉하고,1,[속성] 보습력/수분감 [문장] 촉촉하고,,보습력/수분감,unchanged
train,233350,쇼핑몰,스킨케어,OO 주름관리 멀티밤 기본세트(멀티밤2+미스트앰플1+오일1),잘 받았습니자. 촉촉하고 잘 발리네요.,보습력/수분감,촉촉하고,1,[속성] 보습력/수분감 [문장] 촉촉하고,,보습력/수분감,unchanged
train,233359,쇼핑몰,스킨케어,OO 주름관리 멀티밤 기본세트(멀티밤2+미스트앰플1+오일1),두번째 사용인데 촉촉하고 윤기있어서 좋아요,보습력/수분감,촉촉하고,1,[속성] 보습력/수분감 [문장] 촉촉하고,,보습력/수분감,unchanged
train,233410,쇼핑몰,스킨케어,OO 주름관리 멀티밤 기본세트(멀티밤2+미스트앰플1+오일1),여고 모임에서 친구가 쓰는 것 보고 마침 그 날 밤 방송하길래 얼른 구매했습니다. 촉촉하고 윤기가나며 끈적이지 않고 좋네요. 흡수가 잘되며 목주름 관리도 편한 것 같습니다. 다 쓰고 나면 재구매 의사 있습니다^^,보습력/수분감,촉촉하고,1,[속성] 보습력/수분감 [문장] 촉촉하고,,보습력/수분감,unchanged
train,233459,쇼핑몰,스킨케어,OO 주름관리 멀티밤 기본세트(멀티밤2+미스트앰플1+오일1),소문으로만 듣던 멀티밤ㆍ 역쉬나입니다 받자마자 바로 눈가 주름에 발라봤습니다 촉촉하고 주름개선효과가 엄지척입니다 무슨 마술 같습니다~~,보습력/수분감,촉촉하고,1,[속성] 보습력/수분감 [문장] 촉촉하고,,보습력/수분감,unchanged
train,233480,쇼핑몰,스킨케어,OO 주름관리 멀티밤 기본세트(멀티밤2+미스트앰플1+오일1),핸드백에 쏙 소지하기 간편하구요~촉촉하고 발림성 좋네요~~^^얼른 다 쓰고 재구매 해야겠어요,보습력/수분감,촉촉하고,1,[속성] 보습력/수분감 [문장] 촉촉하고,,보습력/수분감,unchanged
train,233486,쇼핑몰,스킨케어,OO 주름관리 멀티밤 기본세트(멀티밤2+미스트앰플1+오일1),요즘 방송매체에 많이 등장해서 한번 써보고 싶어 주문했는데 발림성이 좋고 촉촉해서 눈가 팔자 입가 위주로 옆에 두고 자주자주 바를 것 같네요.,발림성,발림성이 좋고,1,[속성] 발림성 [문장] 발림성이 좋고,,발림성,unchanged
train,233511,쇼핑몰,스킨케어,OO 주름관리 멀티밤 기본세트(멀티밤2+미스트앰플1+오일1),3일째 사용중인데 촉촉하고 윤기가 많이나며 보습에 효과가 좋을듯 합니다 계속 열심히 사용해 주름을 예방 해보겠습니다~**,보습력/수분감,촉촉하고,1,[속성] 보습력/수분감 [문장] 촉촉하고,,보습력/수분감,unchanged
train,233521,쇼핑몰,스킨케어,OO 주름관리 멀티밤 기본세트(멀티밤2+미스트앰플1+오일1),너무 써보고 싶었는데 촉촉하고 수분감이 좋아요! 다양하게 활용할 수 있어서 좋네요,보습력/수분감,촉촉하고,1,[속성] 보습력/수분감 [문장] 촉촉하고,,보습력/수분감,unchanged
train,233528,쇼핑몰,스킨케어,OO 주름관리 멀티밤 기본세트(멀티밤2+미스트앰플1+오일1),재구매했어요.확실히 사용할때와 너무달라요.촉촉하고 피부윤기 짱이에요!!!,보습력/수분감,촉촉하고,1,[속성] 보습력/수분감 [문장] 촉촉하고,,보습력/수분감,unchanged
train,233531,쇼핑몰,스킨케어,OO 주름관리 멀티밤 기본세트(멀티밤2+미스트앰플1+오일1),촉촉하고 윤기나고 사용하기 편리하고 언제어디서나 휴대하기 너무너무 간편해요,보습력/수분감,촉촉하고,1,[속성] 보습력/수분감 [문장] 촉촉하고,,보습력/수분감,unchanged
train,233535,쇼핑몰,스킨케어,OO 주름관리 멀티밤 기본세트(멀티밤2+미스트앰플1+오일1),오자마자 뜯어서 피부에 발랐네요. 촉촉하니 흡수가 잘되는 거 같고 꾸준히 발라서 주름 좀 엷어지게 만들어야 겠네요.,흡수력,촉촉하니,1,[속성] 흡수력 [문장] 촉촉하니,,흡수력,unchanged
train,233538,쇼핑몰,스킨케어,OO 주름관리 멀티밤 기본세트(멀티밤2+미스트앰플1+오일1),엄마가 한번 써보고싶다하셔서 구매해봤어요. 오늘 도착해서 써봤는데 촉촉하고 향이 좋아요. 가을 겨울에 건조한편인데 광도나고 좋아요.,보습력/수분감,촉촉하고,1,[속성] 보습력/수분감 [문장] 촉촉하고,,보습력/수분감,unchanged
train,233569,쇼핑몰,스킨케어,OO 주름관리 멀티밤 더블세트(멀티밤4+미스트앰플2+오일2),온가족용으로 구매했습니다 배송도 빠르고 이번 겨울에는 ○○○로 우리 가족 피부를 위해서 잘 사용하겠습니다 촉촉하니 좋네요 효과를 기대해봅니다 재구매 의사 있음.,기능/효과,촉촉하니 좋네요,1,[속성] 기능/효과 [문장] 촉촉하니 좋네요,,기능/효과,unchanged
train,233589,쇼핑몰,스킨케어,OO 주름관리 멀티밤 더블세트(멀티밤4+미스트앰플2+오일2),가격대비 많이 써지는것에 비해 가격은 좀 비싼듯요 촉촉하고 사용하기 간편해서 잘 사용하고 있어요.. 사용직 후 번들거림 있지만 잔주름 생기지 않게 잘 잡아주고 당김없어서 좋아요,보습력/수분감,촉촉하고,1,[속성] 보습력/수분감 [문장] 촉촉하고,,보습력/수분감,unchanged
train,233669,쇼핑몰,스킨케어,OO 주름관리 멀티밤 더블세트(멀티밤4+미스트앰플2+오일2),피부느낌 촉촉하고 피부가 부드럽고 주름이 덜 생길것 같아 좋습니다,윤기/피부(톤),피부가 부드럽고,1,[속성] 윤기/피부(톤) [문장] 피부가 부드럽고,,윤기/피부(톤),unchanged
train,233682,쇼핑몰,스킨케어,OO 주름관리 멀티밤 더블세트(멀티밤4+미스트앰플2+오일2),드디어 왔네요 발림성 좋고 끈적이 없어 좋고 촉촉한 이 느낌 더욱 좋네요 효과 기대됩니다 구성품 미스트 케이스도 이쁘고 ~감사합니다,발림성,발림성 좋고,1,[속성] 발림성 [문장] 발림성 좋고,,발림성,unchanged
train,233704,쇼핑몰,스킨케어,OO 주름관리 멀티밤 더블세트(멀티밤4+미스트앰플2+오일2),"어머니한테 선물 받아서 쓰다가 너무 좋아서 시어머님,여동생 선물로 2세트 구매 했어요~ 촉촉하고 휴대도 간편하다고 너무 좋아하시네요^-^",보습력/수분감,촉촉하고,1,[속성] 보습력/수분감 [문장] 촉촉하고,,보습력/수분감,unchanged
train,233713,쇼핑몰,스킨케어,OO 주름관리 멀티밤 더블세트(멀티밤4+미스트앰플2+오일2),한개를 선물받아 사용해보았는데 발림성도 좋고 다음날 일어나면 피부가 촉촉하고 수분이 가득 채워지는 느낌이어서 또 주문했습니다. 구성품으로 미스트까지 있어 더 더 좋아요^^,보습력/수분감,피부가 촉촉하고,1,[속성] 보습력/수분감 [문장] 피부가 촉촉하고,,보습력/수분감,unchanged
train,233787,쇼핑몰,스킨케어,OO 주름관리 멀티밤 더블세트(멀티밤4+미스트앰플2+오일2),우연히 홈쇼핑을 보다 단품으로 주문해서 써보았는데 너무 좋은거에요 얼굴이 건조 할때 마다 바르닌까 피부가 촉촉하고 윤기가 흘러 눈가 주름 예방에 큰도움을 받게 되어 제구매를 하게 되어습니다 칭구들 한테도 추천해 줄정도로 가희멀티밤 사랑 합니다,보습력/수분감,피부가 촉촉하고,1,[속성] 보습력/수분감 [문장] 피부가 촉촉하고,,보습력/수분감,unchanged
train,233804,쇼핑몰,스킨케어,OO 주름관리 멀티밤 더블세트(멀티밤4+미스트앰플2+오일2),엄마가 저번에 써보고 또 사달라고 하셔서 재주문했어요 ㅎㅎ 간편하게 쓱쓱 암때나 바르니 편해서 더 잘 쓰시는거같아요 저도 옆에서 한번 발라봤더니 촉촉하고 향도 좋네요! 미스트앰플도 색이 이쁘네용,보습력/수분감,촉촉하고,1,[속성] 보습력/수분감 [문장] 촉촉하고,,보습력/수분감,unchanged
train,233851,쇼핑몰,스킨케어,OO 주름관리 멀티밤 더블세트(멀티밤4+미스트앰플2+오일2),너무좋아요 구성품도 너무좋구요 촉촉하고 부드럽게 발리구 끈적이지않아서 너무좋아요,보습력/수분감,촉촉하고,1,[속성] 보습력/수분감 [문장] 촉촉하고,,보습력/수분감,unchanged
train,233881,쇼핑몰,스킨케어,OO 주름관리 멀티밤 더블세트(멀티밤4+미스트앰플2+오일2),시부모님께서 가지고 싶어 하셔서 구매했습니다. 근데 구성이 좋지 않아서 친정 어머니 것은 구매하지 못했습니다. 가격도 비싸고 오일과 미스트 밖에 없는 구성이라 선물하기 아쉽습니다.,가격,가격도 비싸고,-1,[속성] 가격 [문장] 가격도 비싸고,,가격,unchanged
train,233901,쇼핑몰,스킨케어,OO 주름관리 멀티밤 더블세트(멀티밤4+미스트앰플2+오일2),발림이 좋고 촉촉해요 자주 덧발라주니 더 효과가 좋네요,보습력/수분감,촉촉해요,1,[속성] 보습력/수분감 [문장] 촉촉해요,,보습력/수분감,unchanged
train,216818,쇼핑몰,스킨케어,OO 스** 기초 스페셜 슬림구성,리리코스 화장품 첫구매입니다. 딸이랑 같이 사용하려고 샀는데 딸도 좋다고 하네요. 성분이 순하고 바르면 촉촉해요. 피부가 매끈해지네요^^ 잘 사용하겠습니다.,성분,성분이 순하고,1,[속성] 성분 [문장] 성분이 순하고,,성분,unchanged
train,216831,쇼핑몰,스킨케어,OO 스** 기초 스페셜 슬림구성,리리코스는 예전에 고가라인으로 쉽게 구매할 수 없었다 지금도 단품구매시 비싸다 홈쇼핑에서는 가성비 굿으로 구매가능하다 향도 좋고 품질이 고가의 느낌도 난다 물론 써보면 효과도 좋다,향,향도 좋고,1,[속성] 향 [문장] 향도 좋고,,향,unchanged
train,216838,쇼핑몰,스킨케어,OO 스** 기초 스페셜 슬림구성,구성이 마음에 듭니다. 여행용 스킨 로션이 필요하던차에 방송을 보고 주문했는데 향도 좋고 건조한 피부에 잘 스며들어서 정말 맘에 듭니다.감사합니다.,향,향도 좋고,1,[속성] 향 [문장] 향도 좋고,,향,unchanged
train,216857,쇼핑몰,스킨케어,OO 스** 기초 스페셜 슬림구성,기초제품을 바꾸면 좀 걱정이 되어 항상 사용하던 제품을 쓰다가 가격도 저렴하고 구성이 좋아서 리리코스로 큰 맘 먹고 바꿨는데 관리받은 것처럼 얼굴이 촉촉하고 윤기가 나네요~ 동생한테 한세트는 선물로 줘서 빨리 사용하고 한번더 써봐야겠어요,가격,가격도 저렴하고,1,[속성] 가격 [문장] 가격도 저렴하고,,가격,unchanged
train,216867,쇼핑몰,스킨케어,OO 스** 기초 스페셜 슬림구성,주름이 바로 채워지고 촉촉하고 피부도 톤이 조금씩 밝아져서 정말 좋아요,보습력/수분감,촉촉하고,1,[속성] 보습력/수분감 [문장] 촉촉하고,,보습력/수분감,unchanged
train,216872,쇼핑몰,스킨케어,OO 스** 기초 스페셜 슬림구성,설화x를 쓰다가 제 피부타입에 맞지않는것 같아서 기초를 바꿔봐야지...생각하고있는데 방송에 나오길래 유심히 보고 바로 결제했습니다. 가격대비 구성은 너무 맘에들고 워낙 유명한 제품이니 믿고 써보려구요~ 오늘받아서 크림만 개봉하고 써봤는데 촉촉하니 요즘같은 날씨에 꼭 필요한 제품이네요~ 번창하세요~~,보습력/수분감,촉촉하니,1,[속성] 보습력/수분감 [문장] 촉촉하니,,보습력/수분감,unchanged
train,216881,쇼핑몰,스킨케어,OO 스** 기초 스페셜 슬림구성,추석전이라 늦게 올줄 알았는데 배송도 엄청 빠르고 좋아요 전에부터 사고 싶었는데 물건 받자마자 쓰던것 중단하고 발랐어요 저는 건성인데 촉촉하고 탱탱한 느낌이 좋았어요 역시 리리코스입니다 잘 쓰겠습니다 감사합니다 ^^,보습력/수분감,촉촉하고,1,[속성] 보습력/수분감 [문장] 촉촉하고,,보습력/수분감,unchanged
train,216911,쇼핑몰,스킨케어,OO 스** 기초 스페셜 슬림구성,제 나이가 60대인데도 촉촉하고 좋아요 30대인 우리딸도 좋다고해요 수분감이 많아서 촉촉하고 주름이 없어지는건 모르겠어요,보습력/수분감,촉촉하고,1,[속성] 보습력/수분감 [문장] 촉촉하고,,보습력/수분감,unchanged
train,216972,쇼핑몰,스킨케어,OO 스** 기초 스페셜 슬림구성,받자마자 얼른 발라보았어요 촉촉하고 쫀쫀해지는 느낌이 정말 너무 좋았어요 엄마와 저 앞으로가 더 기대됩니다~^^,보습력/수분감,촉촉하고,1,[속성] 보습력/수분감 [문장] 촉촉하고,,보습력/수분감,unchanged
train,216980,쇼핑몰,스킨케어,OO 스** 기초 스페셜 슬림구성,가격대비 구성품도 좋고 향도 좋고 무엇보다 제형이 쫀쫀해서 너무 좋네요~추석에 선물하기 딱 좋은 상품인 것 같아요 잘 사용 하겠습니다^^,향,향도 좋고,1,[속성] 향 [문장] 향도 좋고,,향,unchanged
train,233934,쇼핑몰,스킨케어,OO 주름관리 멀티밤 더블세트(멀티밤4+미스트앰플2+오일2),바르면 얼굴에 예쁘게 광이나서 봤을 때 정말 예뻐보이고 촉촉하고 부드러워서 건성인 저한테는 더 좋았던 것 같아요 ㅎㅎ 여름에는 미스트 위주로 뿌리고 나머지 계절엔 멀티밤 미스트 다잘 사용할 수 있을 것 같네요 정말 추천합니다 !!,보습력/수분감,촉촉하고,1,[속성] 보습력/수분감 [문장] 촉촉하고,,보습력/수분감,unchanged
train,233934,쇼핑몰,스킨케어,OO 주름관리 멀티밤 더블세트(멀티밤4+미스트앰플2+오일2),바르면 얼굴에 예쁘게 광이나서 봤을 때 정말 예뻐보이고 촉촉하고 부드러워서 건성인 저한테는 더 좋았던 것 같아요 ㅎㅎ 여름에는 미스트 위주로 뿌리고 나머지 계절엔 멀티밤 미스트 다잘 사용할 수 있을 것 같네요 정말 추천합니다 !!,윤기/피부(톤),부드러워서,1,[속성] 윤기/피부(톤) [문장] 부드러워서,,윤기/피부(톤),unchanged
train,233964,쇼핑몰,스킨케어,OO 주름관리 멀티밤 더블세트(멀티밤4+미스트앰플2+오일2),"배송도 빠르고, 제품도 너무 좋아요. 선물했는데 다들너무 좋아합니다. 유통기한도 길고, 가성비 최고입니다",가격,가성비 최고입니다,1,[속성] 가격 [문장] 가성비 최고입니다,,가격,unchanged
train,233989,쇼핑몰,스킨케어,OO 주름관리 멀티밤 더블세트(멀티밤4+미스트앰플2+오일2),너무나 유명한 가히를 큰맘 먹고 샀어요. 반가운 마음에 오자마자 주름에 펴바르고 예뻐지길 기대해봅니다. 촉촉하니 잘 발라지고 윤기가 나니 좋네요. 하지만 생각보다 더 끈적거리네요.,보습력/수분감,촉촉하니,1,[속성] 보습력/수분감 [문장] 촉촉하니,,보습력/수분감,unchanged
train,233993,쇼핑몰,스킨케어,OO 주름관리 멀티밤 더블세트(멀티밤4+미스트앰플2+오일2),"여기저기서 하도 좋다고 해서 눈딱감고 샀네요? 물품이 오자마자 써보니 촉촉하고 잘스며들고 주름살이 펴질거 같네요, 잘산거 같네요~^ 딸하고 나누어서 잘쓰겠습니다",보습력/수분감,촉촉하고,1,[속성] 보습력/수분감 [문장] 촉촉하고,,보습력/수분감,unchanged
train,234001,쇼핑몰,스킨케어,OO 주름관리 멀티밤 더블세트(멀티밤4+미스트앰플2+오일2),가히 비타C balm 쓰고 있는데 기미에 도움 받음과 동시에 주름이랑 여기저기 멀티로 쓰고 싶어서 구매했어요. 여기 저기 쓱쓱 바르기 쉽고 촉촉하고 건조가 심한데다 입술이 잘 트고 갈라져 입술에 발라도 되서 너무 좋아요,보습력/수분감,촉촉하고,1,[속성] 보습력/수분감 [문장] 촉촉하고,,보습력/수분감,unchanged
train,234015,쇼핑몰,스킨케어,OO 주름관리 멀티밤 더블세트(멀티밤4+미스트앰플2+오일2),어제주문했는데 오늘 배송왔어요! 받자마자 바로썼는데 엄마랑 딸이 같이 쓸 수 있는 상품이라 너무 만족하구요 ㅎㅎ 날씨가 추워져서 밖에서 메이크업한 상태에서 눈가랑 팔자주름에 발라주니까 당김도 없고 촉촉하고 부드럽게 발리더라구요!ㅎㅎ 너무 만족합니다 ㅎㅎ 앰플과 오일바르고 나서 눈가랑 팔자 주름 생기기 쉬운 부분에 마무리해주면 효과가 좋을거같아요! 너무 만족합니다!!,보습력/수분감,촉촉하고,1,[속성] 보습력/수분감 [문장] 촉촉하고,,보습력/수분감,unchanged
train,234030,쇼핑몰,스킨케어,OO 주름관리 멀티밤 더블세트(멀티밤4+미스트앰플2+오일2),아는 언니가 좋다고 발라보라고해서 사용해봤는데 촉촉하고 광이자연스럽게나서 피부가 더좋아보이네요 주름에도 많이 도움이되길바라면서 잘사용해보도록할게요,보습력/수분감,촉촉하고,1,[속성] 보습력/수분감 [문장] 촉촉하고,,보습력/수분감,unchanged
train,234082,쇼핑몰,스킨케어,OO 주름관리 멀티밤 더블세트(멀티밤4+미스트앰플2+오일2),"광고에 많이나오길래 네**로 구매해서 사용해보고 너무좋아 ㅇㅇ쇼핑 방송하길래 구매했습니다.. 처음 발랐을때는 유분기가 많은것같아 반신반의했는데 자고일어나보니 건조했던 얼굴이 반들반들 너무좋더라구요. 출근할때도 눈가랑 팔자주름,입술주위바르고 나가는데 하루종일 촉촉하고 시간이 지나면서 자연스럽게 스며드면서 광이 납니다.. 피부가 지*같아서 처음 쓸때만 괜찮다가 트러블 나는 피분데도 가히는 한통 다쓸때까지 전혀 트러블 없이 사용했기에 대용량 구매각했습니다. 다쓰고 또구매할께요~ 좋은 제품만들어줘서 정말감사해요^^",보습력/수분감,촉촉하고,1,[속성] 보습력/수분감 [문장] 촉촉하고,,보습력/수분감,unchanged
train,234088,쇼핑몰,스킨케어,OO 주름관리 멀티밤 더블세트(멀티밤4+미스트앰플2+오일2),원래 낱개로 구매해서 사용 하다가 홈쇼핑에서 너무저렴하게 판매하구있어서 바로 더블 구성구매 했어요^^ 향도 너무좋고 촉촉하고 얼굴에 광나서 너무좋아요,보습력/수분감,촉촉하고,1,[속성] 보습력/수분감 [문장] 촉촉하고,,보습력/수분감,unchanged
train,234131,쇼핑몰,스킨케어,OO 주름관리 멀티밤 더블세트(멀티밤4+미스트앰플2+오일2),촉촉하니 좋네요 향도 좋아요~ 재구매 의사 있습니다~^^ 수고하세요,보습력/수분감,촉촉하니 좋네요,1,[속성] 보습력/수분감 [문장] 촉촉하니 좋네요,,보습력/수분감,unchanged
train,234149,쇼핑몰,스킨케어,OO 주름관리 멀티밤 더블세트(멀티밤4+미스트앰플2+오일2),촉촉하고 간편하게 바를수 있고 얼굴에 윤기가 흐르네요 넘 마음에 들에요 ~~,보습력/수분감,촉촉하고,1,[속성] 보습력/수분감 [문장] 촉촉하고,,보습력/수분감,unchanged
train,234150,쇼핑몰,스킨케어,OO 주름관리 멀티밤 더블세트(멀티밤4+미스트앰플2+오일2),건조할때 발라봤는데 촉촉하지 않네요. OO 생각보다 보습력이 별로입니다. 뚜껑이 자꾸 열려서 주머니에 넣고 다니기도 불편하고 저녁에 잘 때 바르고 자면 아침까지 촉촉함이 유지되지 않아요.,보습력/수분감,촉촉함이 유지되지 않아요.,-1,[속성] 보습력/수분감 [문장] 촉촉함이 유지되지 않아요.,,보습력/수분감,unchanged
train,234157,쇼핑몰,스킨케어,OO 주름관리 멀티밤 더블세트(멀티밤4+미스트앰플2+오일2),피부가 건조하고 잔주름이 신경쓰여서 구매 하였습니다 향도 좋고 매우 촉촉하고 피부에 광이 도네요 잔주름도 옅어진거 같습니다 30대 중반 딸이 써보더니 다음 날 피부가 더 탱탱해져 보인다네요 만족하며 쓰고 있습니다 멀티밤 잊지말고 보내주세요,향,향도 좋고,1,[속성] 향 [문장] 향도 좋고,,향,unchanged
train,234158,쇼핑몰,스킨케어,OO 주름관리 멀티밤 더블세트(멀티밤4+미스트앰플2+오일2),가격이 좀 비싼것 같아 별반뺍니다 발림성 좋고 촉촉함이 오래갑니다 주름 효과는 더 써봐야 알것같네요,발림성,발림성 좋고,1,[속성] 발림성 [문장] 발림성 좋고,,발림성,unchanged
train,234197,쇼핑몰,스킨케어,OO 주름관리 멀티밤 더블세트(멀티밤4+미스트앰플2+오일2),엄마가 쓰시길래 얻어써봤는데 좋더라구요~향도 좋고 사용하기 간편하니~수시로 발라주고있어요 얼굴은 화장땜에 자주는 안바르고 목은 늘 촉촉한상태유지하게끔 발라주니 기분탓인지 주름이 옅어진거같아요~,향,향도 좋고,1,[속성] 향 [문장] 향도 좋고,,향,unchanged
train,234241,쇼핑몰,스킨케어,OO 주름관리 멀티밤 더블세트(멀티밤4+미스트앰플2+오일2),계속 구매하려고 하다 방송보고 재빠르게 구매했네요.촉촉하고 다른 밤타입보다 가볍고 좋아요. 양이 넉넉하게 만들어졌음하는 아쉬움이 ㅎ ㅎ ㅁ방쓰고 재구매할것같아요~,보습력/수분감,촉촉하고,1,[속성] 보습력/수분감 [문장] 촉촉하고,,보습력/수분감,unchanged
train,234258,쇼핑몰,스킨케어,OO 주름관리 멀티밤 더블세트(멀티밤4+미스트앰플2+오일2),바르기 편하고 바른후에 피부가 당김없이 촉촉하고 부드러워요,보습력/수분감,촉촉하고,1,[속성] 보습력/수분감 [문장] 촉촉하고,,보습력/수분감,unchanged
train,234274,쇼핑몰,스킨케어,OO 주름관리 멀티밤 더블세트(멀티밤4+미스트앰플2+오일2),"이가격에 구성품은 대박입니다!! 게다가 상품평작성시 사은품두개가 더온다니~ 처음 발랐을때 얼굴에 바세린 바른거마냥 끈적이는 느낌이 그랬는데 시간이 지나 스며들며 내피부와 어우러지니 광나고 촉촉하고 기분탓인지 주름이 없어보이기도하고, 뽀얀피부에 바르면 자체만으로도 너무 예쁘겠어요^^ 저는 까만피부라 맨얼굴에 하니 이제품이 빛을 못보네요~ 역시 여자피부는 하얗고봐야되는거 같아여~ 막 좋다기보다는 더 사용해봐야 알것 같아요",보습력/수분감,촉촉하고,1,[속성] 보습력/수분감 [문장] 촉촉하고,,보습력/수분감,unchanged
train,234313,쇼핑몰,스킨케어,OO 주름관리 멀티밤 더블세트(멀티밤4+미스트앰플2+오일2),주위분들게 입소문 듣고 구매했는데 쫀쫀하니 피부 탄력이 장난아니네요 촉촉하니 피부에 잘 스며요. 다쓰면 또 구매할것같네요~~,보습력/수분감,촉촉하니,1,[속성] 보습력/수분감 [문장] 촉촉하니,,보습력/수분감,unchanged
train,234323,쇼핑몰,스킨케어,OO 주름관리 멀티밤 더블세트(멀티밤4+미스트앰플2+오일2),눈가 주름 때문에 고민하다 구매했어요. 발림성 좋고 바르자마자 촉촉해요. 첫 구매지만 매우 만족해요. 용량이 좀더 컸으면 하는 아쉬움은 있네요.,발림성,발림성 좋고,1,[속성] 발림성 [문장] 발림성 좋고,,발림성,unchanged
train,234342,쇼핑몰,스킨케어,OO 주름관리 멀티밤 더블세트(멀티밤4+미스트앰플2+오일2),촉촉하고 진짜 주름이 없어진거같은 느낌 그리고 피부가 탱탱해지거같아요~~,보습력/수분감,촉촉하고,1,[속성] 보습력/수분감 [문장] 촉촉하고,,보습력/수분감,unchanged
train,234412,쇼핑몰,스킨케어,OO 주름관리 멀티밤 더블세트(멀티밤4+미스트앰플2+오일2),오늘 드뎌 받았어요 늘 눈팅만 하다가 구매했네요 주위에서도 써보고 좋다고도하고 또 써보고 싶다는 사람도 있고 ~~^^ 오자 마자 뜯어서 사용해봤어요 미스트 앰플 향이 너어무~~좋네요 촉촉하고 확실히 덜 건조하고 좋은것 같아요 계속 써보고 효과가 좋으면 재구매 할께요,보습력/수분감,촉촉하고,1,[속성] 보습력/수분감 [문장] 촉촉하고,,보습력/수분감,unchanged
train,234423,쇼핑몰,스킨케어,OO 주름관리 멀티밤 더블세트(멀티밤4+미스트앰플2+오일2),건조한피부인데 광고보고 사고싶다가 가격도 구성도 좋아 구입후 딸과 친정엄마와 나누어 쓰려구요^^ 사용해보니 촉촉하고 빛이나네요~향도 좋구요.,보습력/수분감,촉촉하고,1,[속성] 보습력/수분감 [문장] 촉촉하고,,보습력/수분감,unchanged
train,234465,쇼핑몰,스킨케어,OO 주름관리 멀티밤 더블세트(멀티밤4+미스트앰플2+오일2),건조하고 주름이보여서 고민중에 좋은 상품을 만났네요 ~ 콜라겐성분이 촉촉하고 향기도좋아서 쓰기좋아요~ 아들하고 나눠쓰고있네요~잘쓸께요 감사합니다~,보습력/수분감,촉촉하고,1,[속성] 보습력/수분감 [문장] 촉촉하고,,보습력/수분감,unchanged
train,234517,쇼핑몰,스킨케어,OO 주름관리 멀티밤 더블세트(멀티밤4+미스트앰플2+오일2),간편하면서 촉촉하고 잘 스며들어 아침에 일어나 보면 건조하지 않아 너무 좋아요. 그리고 휴대도 간편하여 필요시마다 수시로 바를수 있어 피부건조를 막아주니 주름걱정이 사라졌어요. 굳입니딘. 적극적으로 추천합니다.,보습력/수분감,촉촉하고,1,[속성] 보습력/수분감 [문장] 촉촉하고,,보습력/수분감,unchanged
train,234528,쇼핑몰,스킨케어,OO 주름관리 멀티밤 더블세트(멀티밤4+미스트앰플2+오일2),지인 추천으로 사봤는데 촉촉하고 보습감이 좋아요~! 스틱형이라 편하고 휴대하기 간편한거같아요,보습력/수분감,촉촉하고,1,[속성] 보습력/수분감 [문장] 촉촉하고,,보습력/수분감,unchanged
train,234536,쇼핑몰,스킨케어,OO 주름관리 멀티밤 더블세트(멀티밤4+미스트앰플2+오일2),스틱타입이라 편할것 같아서 주문했어요 촉촉하니 발림성이 좋네요 양이 적어 금방 쓸것 같아요 조금만 더 저렴했음 좋겠네요,보습력/수분감,촉촉하니,1,[속성] 보습력/수분감 [문장] 촉촉하니,,보습력/수분감,unchanged
train,234567,쇼핑몰,스킨케어,OO 주름관리 멀티밤 더블세트(멀티밤4+미스트앰플2+오일2),찬바람 부니 눈가 입가 건조해져요.촉촉하고 향도 은은하니 좋으네요^^ 구성이 풍성해서 겨울동안 엄마랑 넉넉하게 쓰겠네용~~,보습력/수분감,촉촉하고,1,[속성] 보습력/수분감 [문장] 촉촉하고,,보습력/수분감,unchanged
train,234570,쇼핑몰,스킨케어,OO 주름관리 멀티밤 더블세트(멀티밤4+미스트앰플2+오일2),엄마랑 같이 쓰려고 샀는데요. 주름커버는 잘 안되네요. 용기가 약간 무겁지만 쓰다보면 적응이 될라나요. 가격대비 구성도 별로네요.,가격,가격대비 구성도 별로네요.,-1,[속성] 가격 [문장] 가격대비 구성도 별로네요.,,가격,unchanged
train,234574,쇼핑몰,스킨케어,OO 주름관리 멀티밤 더블세트(멀티밤4+미스트앰플2+오일2),촉촉하고 부드럽게 잘 발려요~,보습력/수분감,촉촉하고,1,[속성] 보습력/수분감 [문장] 촉촉하고,,보습력/수분감,unchanged
train,234603,쇼핑몰,스킨케어,OO 주름관리 멀티밤 더블세트(멀티밤4+미스트앰플2+오일2),한번 써보고 좋아서 또 구매했어요 촉촉하고 부드럽게 잘발리고 스틱형이라 편해요 계속 구매해서 사용하고 싶네요~ 주름에 효과가 있는거 같아요 꾸준히 사용해볼게요~,보습력/수분감,촉촉하고,1,[속성] 보습력/수분감 [문장] 촉촉하고,,보습력/수분감,unchanged
train,234608,쇼핑몰,스킨케어,OO 주름관리 멀티밤 더블세트(멀티밤4+미스트앰플2+오일2),몇일사용중인데요 촉촉하고 제형이 부드러워 발림성좋아요 주름개선은 더 써바야겠죠,보습력/수분감,촉촉하고,1,[속성] 보습력/수분감 [문장] 촉촉하고,,보습력/수분감,unchanged
train,234640,쇼핑몰,스킨케어,OO 주름관리 멀티밤 더블세트(멀티밤4+미스트앰플2+오일2),기다리던 멀티밤이 왔어요!! 받자마자 파바박 뜯어 여기저기 발라보았어요 향도 좋고 발림성이 좋네요^^ 양이 쪼~금 아쉬워요~~,향,향도 좋고,1,[속성] 향 [문장] 향도 좋고,,향,unchanged
train,234664,쇼핑몰,스킨케어,OO 주름관리 멀티밤 더블세트(멀티밤4+미스트앰플2+오일2),겨울이면 주름도 주름이지만 건조함에 화장품 구입을 이것저것 많이 하는 편인데 겨울에 건조한 피부에는 OO 멀티밤 하나로는 부족하네요. 주름은 오래 써야 효과가 있을 것 같고 건조함을 잘 잡아주지 못해요. 저녁에 얼굴 전체 얇게 도포하고 자 봤는데 아침까지 촉촉함이 유지되지 않아요.,보습력/수분감,촉촉함이 유지되지 않아요.,-1,[속성] 보습력/수분감 [문장] 촉촉함이 유지되지 않아요.,,보습력/수분감,unchanged
train,234688,쇼핑몰,스킨케어,OO 주름관리 멀티밤 더블세트(멀티밤4+미스트앰플2+오일2),"선물로 받아서 사용해봤습니다. 매일 사용해 봤는데 눈가, 입가 주름에 생각보다 효과가 없어요. 계속 사용할 생각은 없습니다. 가격도 비싸고 용량도 작아요. 촉촉하지도 않네요.",가격,가격도 비싸고,-1,[속성] 가격 [문장] 가격도 비싸고,,가격,unchanged
train,234690,쇼핑몰,스킨케어,OO 주름관리 멀티밤 더블세트(멀티밤4+미스트앰플2+오일2),주변에서 좋다고 해서..주문하고 오늘받았어요 받자마자 사용해봤는데 역시 좋네요^^ 건조한 얼굴에 발라주니 아직까지 촉촉해요 좋습니다.,보습력/수분감,촉촉해요,1,[속성] 보습력/수분감 [문장] 촉촉해요,,보습력/수분감,unchanged
train,234711,쇼핑몰,스킨케어,OO 주름관리 멀티밤 더블세트(멀티밤4+미스트앰플2+오일2),쓱 바르려고 했는데 용기가 잘 돌아가지 않아서 사용하기 불편하네요. 입술에도 발랐는데 촉촉하지 않아요. 가격도 비싼데 안 좋아요.,편의성/활용성,사용하기 불편하네요.,-1,[속성] 편의성/활용성 [문장] 사용하기 불편하네요.,,편의성/활용성,unchanged
train,234714,쇼핑몰,스킨케어,OO 주름관리 멀티밤 더블세트(멀티밤4+미스트앰플2+오일2),가히 멀티밤 선물 받아 사용하고 있어요 피부가 촉촉하고 광이 반짝반짝 구매 기회를 기다리는 중 때마침 OO쇼핑 방송하는 걸 보고 바로 주문 다쓰고 나면 재 구매 의사도 있어요 ^-^,보습력/수분감,피부가 촉촉하고,1,[속성] 보습력/수분감 [문장] 피부가 촉촉하고,,보습력/수분감,unchanged
train,234717,쇼핑몰,스킨케어,OO 주름관리 멀티밤 더블세트(멀티밤4+미스트앰플2+오일2),"오늘 상품 받았어요^^ 오자마자 발라보니 쪽쪽하게 주름을 펴주는 그런 느낌이 확 드네요!!! 광도 나구요..그리고 미스트,.수분감이 너믄 대박인듯요 얼굴이 번쩍번쩍해요 광이나요..너무 좋네요~^^ 꾸준히 쓸듯 합니다.",탄력,쪽쪽하게,1,[속성] 탄력 [문장] 쪽쪽하게,,탄력,unchanged
train,234730,쇼핑몰,스킨케어,OO 주름관리 멀티밤 더블세트(멀티밤4+미스트앰플2+오일2),사용하니 촉촉하고 당김도 덜하고 매우 만족합니다,보습력/수분감,촉촉하고,1,[속성] 보습력/수분감 [문장] 촉촉하고,,보습력/수분감,unchanged
train,234822,쇼핑몰,스킨케어,OO 주름관리 멀티밤 더블세트(멀티밤4+미스트앰플2+오일2),가히 TV광고방송도 많이보고 드라마에서도 바르는 모습이 자주나오더라구요. 고민하다가 구매해서 사용해보니 정말로 좋더라구요~ 가히가 왜 대박이났는지 알겠어요~ 촉촉하고 발림성도 부드럽고 너무너무 좋아요. 이제품 가히 강추합니다.~^^,보습력/수분감,촉촉하고,1,[속성] 보습력/수분감 [문장] 촉촉하고,,보습력/수분감,unchanged
train,234841,쇼핑몰,스킨케어,OO 주름관리 멀티밤 더블세트(멀티밤4+미스트앰플2+오일2),피부가건조하고 잔주름이많아서 지인에추전으로 주문해서 한번썼는데도 촉촉하고 탄력이느껴지는것같아 앞으로도 쭈욱써야될것같아요,보습력/수분감,촉촉하고,1,[속성] 보습력/수분감 [문장] 촉촉하고,,보습력/수분감,unchanged
train,234856,쇼핑몰,스킨케어,OO 주름관리 멀티밤 더블세트(멀티밤4+미스트앰플2+오일2),"가히멀티밤 써보고 너무 좋아 더블세트로 구매했어요! 눈주위, 눈썹위, 이마, 팔자주름, 입주변, 목주름에 쭉쭉 그어주며 발라주면 되니 세상 편하더라구요~! 나중엔 너무 아까워 목주변은 매일은 못하겠더라는ㅋㅋ 용기가 끝까지 쓰려면 조금 힘들긴하지만 그래도 하나남김없이 2통째쓰고 다쓰기전 쟁여두려고 주문했습니다! 전 구성품 미스트도 넘 좋았어요! 향도 좋고 뿌리고나면 피부가 예뻐보인다고 해야하나? 너무 맘에 들었습니다! 이번엔 구성품에 오일도 있어 더 기대되네요~! 요즘같이 건조한 날씨에 사용하기 더욱 좋습니다! 쟁여뒀으니 남편한테도 발라주며 선심썼네요~!ㅋㅋ 이번구성 멀티밤 많이주셔서 너무 좋습니다!!^^",향,향도 좋고,1,[속성] 향 [문장] 향도 좋고,,향,unchanged
train,234857,쇼핑몰,스킨케어,OO 주름관리 멀티밤 더블세트(멀티밤4+미스트앰플2+오일2),두번째 구매입니다.간편해서 자주 사용하게 되고 건성피부에 촉촉하니 좋네요.언니가 써보고 반해서 더블신청해서 반땡했어요.,보습력/수분감,촉촉하니 좋네요,1,[속성] 보습력/수분감 [문장] 촉촉하니 좋네요,,보습력/수분감,unchanged
train,234866,쇼핑몰,스킨케어,OO 주름관리 멀티밤 더블세트(멀티밤4+미스트앰플2+오일2),주변 지인이 써보고 너무 좋은 기억이 있다고 하길래 좋을 것 같아서 이번에 구매했는데 유통기한도 짧고 샘플도 골고루 안 왔어요. 가격도 비싸고 할인도 잘 안 해서 더 비싸게 느껴지네요. 오일은 너무 끈적이고 같이 온 미스트 별로네요. 환절기에도 사용하기 힘들 거 같아요.,가격,가격도 비싸고,-1,[속성] 가격 [문장] 가격도 비싸고,,가격,unchanged
train,234911,쇼핑몰,스킨케어,OO 주름관리 멀티밤 더블세트(멀티밤4+미스트앰플2+오일2),TV cf나 홈쇼핑에서 많이 판매를 하고 있어 관심이 생겼으며 실제 구입후 사용해보니 촉촉하고 발림성이 좋으며 여러번 덧발라도 두껍지 않아요.,보습력/수분감,촉촉하고,1,[속성] 보습력/수분감 [문장] 촉촉하고,,보습력/수분감,unchanged
train,234925,쇼핑몰,스킨케어,OO 주름관리 멀티밤 더블세트(멀티밤4+미스트앰플2+오일2),얼마전 딸애가 엄마 한번 써봐 좋네요 해서 사용했는데 날씨가 추워지면 눈가부분이 많이 당겨 신경쓰였는데 이걸 바르니 촉촉하고 보습도 잘되는거 같아 구매했는데 사은품도 많고 만족합니다,보습력/수분감,촉촉하고,1,[속성] 보습력/수분감 [문장] 촉촉하고,,보습력/수분감,unchanged
train,234967,쇼핑몰,스킨케어,OO 주름관리 멀티밤 더블세트(멀티밤4+미스트앰플2+오일2),엄마와 나눠 쓰려고 더블 세트로 주문했습니다. 부담스러운 가격이지만 주름개선 효과 기대해 봅니다. 건조한 피부에 발라보니 촉촉함이 오래 지속되지는 않네요. 자주 발라줘야 합니다.,보습력/수분감,촉촉함이 오래 지속되지는 않네요.,-1,[속성] 보습력/수분감 [문장] 촉촉함이 오래 지속되지는 않네요.,,보습력/수분감,unchanged
train,234969,쇼핑몰,스킨케어,OO 주름관리 멀티밤 더블세트(멀티밤4+미스트앰플2+오일2),너무 광고를 많이 하는 제품이라 호기심에 구입했어요. 아직은 큰 효과는 모르겠습니다. 한번 발라봤는데 탱탱한 느낌도 없고 얼굴에 빛이 나진 않네요. 그래도 꾸준히 쓰면 효과가 있길 바랍니다.,윤기/피부(톤),탱탱한 느낌도 없고,-1,[속성] 윤기/피부(톤) [문장] 탱탱한 느낌도 없고,,윤기/피부(톤),unchanged
train,234975,쇼핑몰,스킨케어,OO 주름관리 멀티밤 더블세트(멀티밤4+미스트앰플2+오일2),엄마와 함께 주름 및 피부관리 하려고 구매했습니다. 오자마자 발라봤는데 제형이 쫀쫀하고 촉촉하니 좋네요. 주름 쫙쫙 펴지길 기대하며 열심히 발라보려구요. 이모님들께도 적극 추천하렵니다.,보습력/수분감,촉촉하니 좋네요,1,[속성] 보습력/수분감 [문장] 촉촉하니 좋네요,,보습력/수분감,unchanged
train,235015,쇼핑몰,스킨케어,OO 주름관리 멀티밤 더블세트(멀티밤4+미스트앰플2+오일2),향도 좋고 발림성도 좋고 촉촉하니 너무 좋네요ㅎ 이 좋은걸 왜 지금 샀나 싶어요ㅎㅎ 건조한 얼굴에 촉촉함이 대박입니다ㅎ,향,향도 좋고,1,[속성] 향 [문장] 향도 좋고,,향,unchanged
train,235024,쇼핑몰,스킨케어,OO 주름관리 멀티밤 더블세트(멀티밤4+미스트앰플2+오일2),피부가 건성이라 댕기고 주름이많아서 .나름 신경을 쓰는데. 보는사람들이 피곤해보인다.어디아프냐 하면.ㅠㅠ 그래서 혹시나 하고 구매함. 한번 받자마자 발라보니 촉촉하고 윤기가 생김.주름도 옅어진거같고,보습력/수분감,촉촉하고,1,[속성] 보습력/수분감 [문장] 촉촉하고,,보습력/수분감,unchanged
train,235037,쇼핑몰,스킨케어,OO 주름관리 멀티밤 더블세트(멀티밤4+미스트앰플2+오일2),엄마 선물해드렸어요 촉촉하고 피부가 탄력이 생긴것 같아서 좋으시다고 하시네요,보습력/수분감,촉촉하고,1,[속성] 보습력/수분감 [문장] 촉촉하고,,보습력/수분감,unchanged
train,235131,쇼핑몰,스킨케어,OO 주름관리 멀티밤 더블세트(멀티밤4+미스트앰플2+오일2),촉촉하고 부드럽게 흡수되어 주름개선에 정말 좋아요. 좋은 제품 저렴하게 잘 구매했어요.,보습력/수분감,촉촉하고,1,[속성] 보습력/수분감 [문장] 촉촉하고,,보습력/수분감,unchanged
train,235150,쇼핑몰,스킨케어,OO 주름관리 멀티밤 더블세트(멀티밤4+미스트앰플2+오일2),부드럽게 잘 발리고 촉촉합니다. 바르는 순간 향기까지 좋아서 기분이 좋네요~ 엄마도 써보시고 만족해하십니다 ~^^,발림성,부드럽게 잘 발리고,1,[속성] 발림성 [문장] 부드럽게 잘 발리고,,발림성,unchanged
train,235163,쇼핑몰,스킨케어,OO 주름관리 멀티밤 더블세트(멀티밤4+미스트앰플2+오일2),촉촉하고 광채가 나 피부가 밝아졌네요~,보습력/수분감,촉촉하고,1,[속성] 보습력/수분감 [문장] 촉촉하고,,보습력/수분감,unchanged
train,235194,쇼핑몰,스킨케어,OO 주름관리 멀티밤 더블세트(멀티밤4+미스트앰플2+오일2),광고하는것보고 아~나도써보고싶다했는데 OO쇼핑에서 방송하는것보고 바르는방법과 장점등을 꼼꼼히보고 구매하게되었어요 저는 저녁세안후 다른기초케어바른후 마지막에 바르는데 너무촉촉하고좋아요 더이상주름안질것같아요ㅎㅎ 아침에일어나보면 피부가 윤기가나면서 촉촉하고 피부결 덕에 화장도너무잘된답니다 쭈우욱 쓸거예요~~~^^,보습력/수분감,촉촉하고,1,[속성] 보습력/수분감 [문장] 촉촉하고,,보습력/수분감,unchanged
train,235201,쇼핑몰,스킨케어,OO 주름관리 멀티밤 더블세트(멀티밤4+미스트앰플2+오일2),지인이 좋다고 해서 구매해서 써봤는데 기름지고 얼굴에 잘 흡수되지 않네요. 재구매 할 생각 없습니다. 써보고 좋으면 선물하려고 했는데 번들거리고 저와 맞지 않아서 재구매 의사 없네요.,흡수력,기름지고,-1,[속성] 흡수력 [문장] 기름지고,,흡수력,unchanged
train,235207,쇼핑몰,스킨케어,OO 주름관리 멀티밤 더블세트(멀티밤4+미스트앰플2+오일2),간단하게 사용할 수 있을 것 같아 젋어지려고 구매해 봤네요. 기대만큼 촉촉하지는 않네요. 건성 피부라 발라도 촉촉함이 오래가지 않네요. 수시로 자주 덧발라 줘야 합니다. 용량도 적은데 용기 아래 남는 부분이 아쉽네요.,보습력/수분감,촉촉함이 오래가지 않네요.,-1,[속성] 보습력/수분감 [문장] 촉촉함이 오래가지 않네요.,,보습력/수분감,unchanged
train,235212,쇼핑몰,스킨케어,OO 주름관리 멀티밤 더블세트(멀티밤4+미스트앰플2+오일2),엄마가 써보고 좋다고 또 주문하라 하시네요 발림성이 좋고 촉촉하니 올겨울 건조함은 잊어버리고 지낼 것 같네요,발림성,발림성이 좋고,1,[속성] 발림성 [문장] 발림성이 좋고,,발림성,unchanged
train,235212,쇼핑몰,스킨케어,OO 주름관리 멀티밤 더블세트(멀티밤4+미스트앰플2+오일2),엄마가 써보고 좋다고 또 주문하라 하시네요 발림성이 좋고 촉촉하니 올겨울 건조함은 잊어버리고 지낼 것 같네요,보습력/수분감,촉촉하니,1,[속성] 보습력/수분감 [문장] 촉촉하니,,보습력/수분감,unchanged
train,235236,쇼핑몰,스킨케어,OO 주름관리 멀티밤 더블세트(멀티밤4+미스트앰플2+오일2),가히. 두번째주문 했어요. 정말. 부드럽게잘발리고. 촉촉해요 또주문할꺼예요,보습력/수분감,촉촉해요,1,[속성] 보습력/수분감 [문장] 촉촉해요,,보습력/수분감,unchanged
train,235253,쇼핑몰,스킨케어,OO 주름관리 멀티밤 더블세트(멀티밤4+미스트앰플2+오일2),써보고 너무 좋아서 재구매하려고 했는데 가성비 좋은 구성으로 홈쇼핑에 나왔네요^^ 바르면 쫀쫀했다가 피부의 열과 만나 촉촉해지며 광채가 납니다. 기분탓인지 진짜인지 이거 바르면 주름이 좀 옅어진듯한 느낌도 나용 ㅋㅋ 콜라겐 미스트도 정말 애용하고있어요 향도 좋고 뿌리면 얼굴에 광이 ^^ 꼭 써보세요 강추합니다!!,향,향도 좋고,1,[속성] 향 [문장] 향도 좋고,,향,unchanged
train,235273,쇼핑몰,스킨케어,OO 주름관리 멀티밤 더블세트(멀티밤4+미스트앰플2+오일2),배송이 무척빠르고 촉촉하고 품질이 너무 조아요,보습력/수분감,촉촉하고,1,[속성] 보습력/수분감 [문장] 촉촉하고,,보습력/수분감,unchanged
train,235277,쇼핑몰,스킨케어,OO 주름관리 멀티밤 더블세트(멀티밤4+미스트앰플2+오일2),"눈가가 건조해서 찾던중 괜찮은 제품이 있다고 해서 구매했어요. 마침 시어머니도 사고 싶어하길래 얼른 주문 했습니다. 한번 발라봤는데, 유분이 많아서 그런지 뭉치고, 기름져보여요.",보습력/수분감,유분이 많아서,-1,[속성] 보습력/수분감 [문장] 유분이 많아서,,보습력/수분감,unchanged
train,235291,쇼핑몰,스킨케어,OO 주름관리 멀티밤 더블세트(멀티밤4+미스트앰플2+오일2),어머님이 좋다고 꼭 사용해보라고 해서 주문해서 오자마자 바로 발랐어요 촉촉하고 피부가 윤기있어보이고 땡김도 덜한거 같아 남편도 발라줬어요 남편도 괜찮다고 하네요 딸이 고2인데 딸한테도 사용해 보라고 해야겠어요,보습력/수분감,촉촉하고,1,[속성] 보습력/수분감 [문장] 촉촉하고,,보습력/수분감,unchanged
train,235321,쇼핑몰,스킨케어,OO 주름관리 멀티밤 더블세트(멀티밤4+미스트앰플2+오일2),두번째 주문해서 써요~ 한번쓰고는 절대 안쓸수가 없더라구요^^ 당김없고 촉촉하고 잔주름도 펴지는듯한 느낌 팍팍 느껴집니다~ 동생한테도 선물했는데 좋아라해요 ㅎㅎ,보습력/수분감,촉촉하고,1,[속성] 보습력/수분감 [문장] 촉촉하고,,보습력/수분감,unchanged
train,235361,쇼핑몰,스킨케어,OO 주름관리 멀티밤 더블세트(멀티밤4+미스트앰플2+오일2),겨울이면 늘 건조해서 당겼는데 요고요고 요물입니다ㅎㅎ 촉촉하고 수분감도 가득해 아주아주 만족합니다 건조하신분들꺼 강추합니다~~^^,보습력/수분감,촉촉하고,1,[속성] 보습력/수분감 [문장] 촉촉하고,,보습력/수분감,unchanged
train,235452,쇼핑몰,스킨케어,OO 주름관리 멀티밤 더블세트(멀티밤4+미스트앰플2+오일2),촉촉하고 피부가점점 맑아지는느낌입니다 재사용3번째입니다,보습력/수분감,촉촉하고,1,[속성] 보습력/수분감 [문장] 촉촉하고,,보습력/수분감,unchanged
train,235463,쇼핑몰,스킨케어,OO 주름관리 멀티밤 더블세트(멀티밤4+미스트앰플2+오일2),"이번에 구매해서 사용했어요. 피부가 확실히 좋아진다고 광고하던데, 아직 피부가 좋아지지 않았습니다. 유분이 많아서 인지 피부에 트러블이 생겨서 엉망이 됐습니다.",윤기/피부(톤),유분이 많아서,-1,[속성] 윤기/피부(톤) [문장] 유분이 많아서,,윤기/피부(톤),unchanged
train,235466,쇼핑몰,스킨케어,OO 주름관리 멀티밤 더블세트(멀티밤4+미스트앰플2+오일2),주변에서 주름 케어에 사용하기 좋다해서 구매했어요. 스틱 제형이 뻑뻑해서 부드럽게 잘 발리지 않네요. 촉촉하지 않아요. 가격도 비싸고 용량도 적어서 부담스러워요.,가격,가격도 비싸고,-1,[속성] 가격 [문장] 가격도 비싸고,,가격,unchanged
train,235494,쇼핑몰,스킨케어,OO 주름관리 멀티밤 더블세트(멀티밤4+미스트앰플2+오일2),어느날 갑자기 목주름이 깊게 패여있는 느낌이라 무작정 인터넷을 검색했어요 가히 밤제품과 유사한 멀티밤들이 많더라고요 그래도왠지 가히가 성분면에서 더끌려서 여기저기 찾아봤는데 가격이 은근히 있더라구요 인터넷에서 이정도면 최저가다하고 구매한 다음날 ㅇㅇ쇼핑에서 방영하더라구요 엄청 좋은금액으로! 무조건 양많은것으로 구매했습니다 발림성 좋고 편리하고 무엇보다 끈적임없이 잘바르고 계속 바르고 싶어져요,발림성,발림성 좋고,1,[속성] 발림성 [문장] 발림성 좋고,,발림성,unchanged
train,235532,쇼핑몰,스킨케어,OO 주름관리 멀티밤 더블세트(멀티밤4+미스트앰플2+오일2),요즘 날씨도 추워지고 건조한데 안그래도 주름때문에 고민이신 엄마 선물로 주문해드렸어요~ 주름개선에도 효과가 있다고도 하고 이번찬스로 생각보다 저렴한 가격에 여러개 구매 할수 있어서 좋았답니다~ 받자마자 좋아하며 사용해보고 하시는 말씀이 건성 피부엔 딱이라면서 촉촉하고 수분막을 형성해주는 느낌이라 건조해지지도 않을거 같다며 목까지 바르시더라구요~ 어디든 바를수있다는것도 큰 장점인거 같네요~,보습력/수분감,촉촉하고,1,[속성] 보습력/수분감 [문장] 촉촉하고,,보습력/수분감,unchanged
train,235575,쇼핑몰,스킨케어,OO 주름관리 멀티밤 더블세트(멀티밤4+미스트앰플2+오일2),촉촉하고 윤기나 딸과함께 쓰려고 재 구매햇어요.,보습력/수분감,촉촉하고,1,[속성] 보습력/수분감 [문장] 촉촉하고,,보습력/수분감,unchanged
train,235612,쇼핑몰,스킨케어,OO 주름관리 멀티밤 더블세트(멀티밤4+미스트앰플2+오일2),건조함이 사라지고 피부가 부드럽고 윤기가 나는것 같아요~~^^ 절대강추 입니다~~ 남편도 하나 달라고 하더니 정말 좋다고하네요~,윤기/피부(톤),피부가 부드럽고,1,[속성] 윤기/피부(톤) [문장] 피부가 부드럽고,,윤기/피부(톤),unchanged
train,235613,쇼핑몰,스킨케어,OO 주름관리 멀티밤 더블세트(멀티밤4+미스트앰플2+오일2),아는동생에게 선물받고 써보고 바로 더블셋트주문했어요~촉촉하니 휴대해서 언제든 관리가되서 좋아요. 양이 좀 아쉬워요 .양이 작아열심히바르믄 10일도 못갈듯 ㅋ,보습력/수분감,촉촉하니,1,[속성] 보습력/수분감 [문장] 촉촉하니,,보습력/수분감,unchanged
train,235626,쇼핑몰,스킨케어,OO 주름관리 멀티밤 더블세트(멀티밤4+미스트앰플2+오일2),"워낙 유명한 제품이라 궁금하던차에 구입하게 되었어요~촉촉하고 향도 좋은데, 좀 번들거리는감이 있네요. 당기는 부위에는 확실히 좋아요. 엄마,동생이랑 나눠쓰려고 합니다^^",보습력/수분감,촉촉하고,1,[속성] 보습력/수분감 [문장] 촉촉하고,,보습력/수분감,unchanged
train,235772,쇼핑몰,스킨케어,OO 주름관리 멀티밤 더블세트(멀티밤4+미스트앰플2+오일2),어제 받아서 바로 슥슥~~ 촉촉하고 광이 번쩍번쩍ㅋ 다쓰고 또 주문할께요^^,보습력/수분감,촉촉하고,1,[속성] 보습력/수분감 [문장] 촉촉하고,,보습력/수분감,unchanged
train,235790,쇼핑몰,스킨케어,OO 주름관리 멀티밤 더블세트(멀티밤4+미스트앰플2+오일2),사용하기 편하고 좋아요 바르자 마자 촉촉하고 광이 나네요 기대됩니다,보습력/수분감,촉촉하고,1,[속성] 보습력/수분감 [문장] 촉촉하고,,보습력/수분감,unchanged
train,235795,쇼핑몰,스킨케어,OO 주름관리 멀티밤 더블세트(멀티밤4+미스트앰플2+오일2),ㅇㅇ멀티밤 사용 해보고 있습니다. 사용해 보니 제형이 끈끈해서 펴 바르기가 불편합니다. 유분이 많아서 산뜻한 느낌이 없습니다.,보습력/수분감,유분이 많아서,-1,[속성] 보습력/수분감 [문장] 유분이 많아서,,보습력/수분감,unchanged
train,235812,쇼핑몰,스킨케어,OO 주름관리 멀티밤 더블세트(멀티밤4+미스트앰플2+오일2),요즘 너무 광고도 많이 하고 유명하길래 구매했어요. 발림성도 좋고 촉촉하고 요즘같은 건조한 날씨에 바르기 좋을거 같아요,보습력/수분감,촉촉하고,1,[속성] 보습력/수분감 [문장] 촉촉하고,,보습력/수분감,unchanged
train,235848,쇼핑몰,스킨케어,OO 주름관리 멀티밤 더블세트(멀티밤4+미스트앰플2+오일2),생각보다 별로인 OOO이네요. 처음엔 오일리한 느낌이라 피부가 번들거립니다. 요즘같은 건조한 시기에 촉촉함도 덜하고 끈적임이 있어 손이가질 않네요. 가족과 나눠써야하니 구성이 작아 올 겨울에 금방 다 쓸 것 같습니다.,윤기/피부(톤),피부가 번들거립니다.,-1,[속성] 윤기/피부(톤) [문장] 피부가 번들거립니다.,,윤기/피부(톤),unchanged
train,235857,쇼핑몰,스킨케어,OO 주름관리 멀티밤 더블세트(멀티밤4+미스트앰플2+오일2),발림성이 좋고 얼굴이 촉촉 윤기가 자르르~~ 이마 주름이 많이 좋아졌어요 ~~ 멀티밤 짱~~,발림성,발림성이 좋고,1,[속성] 발림성 [문장] 발림성이 좋고,,발림성,unchanged
train,235910,쇼핑몰,스킨케어,OO 주름관리 멀티밤 더블세트(멀티밤4+미스트앰플2+오일2),지인이 쓰는데 좋아보여서 구매해봤습니다. 생각보다 촉촉하지 않네요. 피부가 거칠고 건조해지는 시기라 기대했는데 촉촉함이 없어서 실망했습니다. 가격도 비싸고 올 겨울에 사용하기 적합한 제품이 아닌 거 같아요.,가격,가격도 비싸고,-1,[속성] 가격 [문장] 가격도 비싸고,,가격,unchanged
train,235915,쇼핑몰,스킨케어,OO 주름관리 멀티밤 더블세트(멀티밤4+미스트앰플2+오일2),촉촉하니 수시로 바르기 좋고 겨울에 잔주름 걱정 덜겠어요- 휴대성이 좋아 자주 이용 합니다~^^,보습력/수분감,촉촉하니,1,[속성] 보습력/수분감 [문장] 촉촉하니,,보습력/수분감,unchanged
train,235962,쇼핑몰,스킨케어,OO 주름관리 멀티밤 더블세트(멀티밤4+미스트앰플2+오일2),"주름 때문에 고민이 많아 남편과 나눠 쓰려고 더블세트 주문했습니다. 도착하자마자 발라보니, 아이크림보다 유분이 적어서 얼굴 땡김이 있네요. 그래서 촉촉하지도 않고요. 끈적임도 있어서 머리카락이 달라붙어서 사용하기 불편하네요. 아직 효과는 잘 모르겠지만 기대중이네요.",편의성/활용성,사용하기 불편하네요.,-1,[속성] 편의성/활용성 [문장] 사용하기 불편하네요.,,편의성/활용성,unchanged
train,235970,쇼핑몰,스킨케어,OO 주름관리 멀티밤 더블세트(멀티밤4+미스트앰플2+오일2),겉지성 속건조 피부라 아무리 로션크림을 발라도 피부가 당겼는데 어제 받아서 발라보니 당기지않아서 좋아요 촉촉해요,보습력/수분감,촉촉해요,1,[속성] 보습력/수분감 [문장] 촉촉해요,,보습력/수분감,unchanged
train,235988,쇼핑몰,스킨케어,OO 주름관리 멀티밤 더블세트(멀티밤4+미스트앰플2+오일2),다들 후기가좋아서 정말 사고싶었던 제품인데 가격이 비싼편이라 망설이다가 홈쇼핑에서 저렴한 가격에 구성도좋아서 엄마랑 나눠쓰려고 구매했어요! 배송 받자마자 발라봤는데 촉촉하고 광나고 정말 신세계!! 엄마랑 저랑 서로 마주보면서 얼굴에 광난다고 벌써 주름이 펴지는거같다고 좋아했네요^^ 꾸준히 바르면 효과가 더 좋아지겠죠??? 정말 가히 멀티밤 최고에용!!!,보습력/수분감,촉촉하고,1,[속성] 보습력/수분감 [문장] 촉촉하고,,보습력/수분감,unchanged
train,236020,쇼핑몰,스킨케어,OO 마** 크림 총10개 +마** 에센스,2일째 사용했구요. 촉촉하고 발림성이 좋아요. 아직 드라마틱한 효과는 모르겠어요. 생각보다 용량이 적네요.,보습력/수분감,촉촉하고,1,[속성] 보습력/수분감 [문장] 촉촉하고,,보습력/수분감,unchanged
train,236075,쇼핑몰,스킨케어,OO 주름관리 멀티밤 기본세트(멀티밤2+미스트앰플1+오일1),배송은 좀느린편이에요 가히멀티밤은 편하게 건조한곳 바르기 좋아요 눈가 입가 자주건조해지는곳에 가지고 다니면서 쓱 발라주기만 하면됩니다 미스트보다 휴대하기 편하고 촉촉해요,보습력/수분감,촉촉해요,1,[속성] 보습력/수분감 [문장] 촉촉해요,,보습력/수분감,unchanged
train,236076,쇼핑몰,스킨케어,OO 주름관리 멀티밤 기본세트(멀티밤2+미스트앰플1+오일1),긴가민가했는데 피부가 촉촉하고 건조함에당김이느껴지지않아 너무좋아서 재구매했네요. 좋은제품 넘 감사합니다. 번창하세요^^~~~,보습력/수분감,피부가 촉촉하고,1,[속성] 보습력/수분감 [문장] 피부가 촉촉하고,,보습력/수분감,unchanged
train,236118,쇼핑몰,스킨케어,OO 마** 앰플 7개+파워앰플 2개,사용이 간편하고 발림성이 좋고 흡수도 잘됩니다,발림성,발림성이 좋고,1,[속성] 발림성 [문장] 발림성이 좋고,,발림성,unchanged
train,236123,쇼핑몰,스킨케어,OO 마** 앰플 7개+파워앰플 2개,메크럽게 발리고 착붙이네요 은은한 향도 거부감 없고 촉촉하고 광이 살아 나네요 옫겨울 기미 걱정 좀 덜 수 있겠네요,보습력/수분감,촉촉하고,1,[속성] 보습력/수분감 [문장] 촉촉하고,,보습력/수분감,unchanged
train,236131,쇼핑몰,스킨케어,OO 마** 앰플 3개+파워앰플 1개,촉촉하니 스며드는것 같고 발림성도 최고입니다ᆢ강추,보습력/수분감,촉촉하니,1,[속성] 보습력/수분감 [문장] 촉촉하니,,보습력/수분감,unchanged
train,236184,쇼핑몰,스킨케어,OO 마** 크림 총10개 +마** 에센스,끈적이지않지만 촉촉하고 피부도 잘 정돈되서 좋아요.건성피부인데 꾸준히 사용하니 건성이 많이 완화되었어요.최애템입니다~,보습력/수분감,촉촉하고,1,[속성] 보습력/수분감 [문장] 촉촉하고,,보습력/수분감,unchanged
train,236189,쇼핑몰,스킨케어,OO 마** 크림 총10개 +마** 에센스,처음써보는건데 겨울에 건조한피부를 지켜줄것같아요 발라보니 촉촉하고 끈적임도없고 자기전에 바르면 아침에 일어났을때 얼굴이 땡기는거 없이 좋아요 아침에 바르면 저녁에 클렌징하기 전까지 미스트뿌릴필요 없이 계속 수분감이 유지되네요 순하고 발림성 좋아서 건성인 저에게는 딱이에요,자극성,순하고,1,[속성] 자극성 [문장] 순하고,,자극성,unchanged
train,236254,쇼핑몰,스킨케어,OO 주름관리 멀티밤 기본세트(멀티밤2+미스트1+오일1)+쇼핑백1,홈쇼핑 구성이 조금 더 저렴한것 같아서 구매했어요. 배송도 빨랐구요. 소장이 편하고 그러다보니 간편하게 쓱 자주바를수 있는점이 좋은것같아요. 수시로 쓰고있는데 좁쌀이 좀 올라와서 줄여보려구요. 오랫동안 촉촉하고 향도 좋아요,보습력/수분감,촉촉하고,1,[속성] 보습력/수분감 [문장] 촉촉하고,,보습력/수분감,unchanged
train,236263,쇼핑몰,스킨케어,OO 주름관리 멀티밤 기본세트(멀티밤2+미스트1+오일1)+쇼핑백1,관심을 많았는데 직접 써보니 촉촉하고 간편해서 자꾸 손이 가네요 왜 인기있는지 알겠어요 저녁까지 피부에 생기가 유지되어 넘 좋아요~,보습력/수분감,촉촉하고,1,[속성] 보습력/수분감 [문장] 촉촉하고,,보습력/수분감,unchanged
train,236269,쇼핑몰,스킨케어,OO 주름관리 멀티밤 기본세트(멀티밤2+미스트1+오일1)+쇼핑백1,가히 멀티밤 써보니 촉촉하고 광이나서 주름도 덜 보이는거같고 눈가주름이 옅어지는 느낌이 듭니다.마침 다 써가서 OO쇼핑서 가격도 괜찮아서 주문했어요.쇼핑백도 주셔서 선물하기도 좋을것같아요.,보습력/수분감,촉촉하고,1,[속성] 보습력/수분감 [문장] 촉촉하고,,보습력/수분감,unchanged
train,236278,쇼핑몰,스킨케어,OO 주름관리 멀티밤 기본세트(멀티밤2+미스트1+오일1)+쇼핑백1,"딸이랑 나눠서 쓰고있어요. 사용한지 얼마안돼 극적인 효과는 잘 모르겠지만 목주름, 눈가, 입술에 집중적으로 바르고 있어요. 촉촉하고 당김이 확실히 덜한듯 해요. 큰 효과를 기대하고 있습니다~재구매 할듯...",보습력/수분감,촉촉하고,1,[속성] 보습력/수분감 [문장] 촉촉하고,,보습력/수분감,unchanged
train,236290,쇼핑몰,스킨케어,OO 주름관리 멀티밤 기본세트(멀티밤2+미스트1+오일1)+쇼핑백1,친구한테 1개 선물받아서 써보고는 바로 구매했어요 촉촉하고 흡수가 좋은편이에요 기름진 느낌보다는 반짝이는 느낌. 들떠서 불쾌한느낌 아니구요 너무 만족해요 건조할때 딱!! 자기전에도 딱! 진짜 너무 만족^^ 굿뜨♡,보습력/수분감,촉촉하고,1,[속성] 보습력/수분감 [문장] 촉촉하고,,보습력/수분감,unchanged
train,217001,쇼핑몰,스킨케어,OO 한방 기초 화장품 3+3+3+3세트 ,가격도 저렴하고 촉촉하고 좋아요,가격,가격도 저렴하고,1,[속성] 가격 [문장] 가격도 저렴하고,,가격,unchanged
train,217004,쇼핑몰,스킨케어,OO 항산화성분 스템셀 기초 스페셜 슬림구성,가을되면 건조하고 쓰라린 피부였는데 리리코스 제품이 촉촉하고 보습이 잘 되어 이런 건조한 증상이 쓰고나서 좋아졌어요 좋은 구성으로 잘 구매했네요~,보습력/수분감,촉촉하고,1,[속성] 보습력/수분감 [문장] 촉촉하고,,보습력/수분감,unchanged
train,217035,쇼핑몰,스킨케어,OO 송** 탄력기초 전구성 더블세트,정말 대박이네요 한방화장품은한방냄새가심해서 좀 그랬는데 이건 은은하니 냄새도좋고 오자마자써봤는데 왕촉촉 겨울에강추입니다 뿅반했어요ㅠ 챡챡 얼굴에 흡수쩔어요 촉촉해요 셋트도 다두개씩이라 동생이랑나눠서샀는데 열심히쓰고다시또써야겠어요요,흡수력,촉촉해요,1,[속성] 흡수력 [문장] 촉촉해요,,흡수력,unchanged
train,217067,쇼핑몰,스킨케어,OO 송** 탄력기초 전구성 더블세트,이번에 구입한 OOO제품은 가격대비 구성이 풍부해서 아침 저녁으로 부담없이 듬뿍 바르고 있답니다ㅎ OO라인 크림은 OOO라인보다 더 쫀쫀한 크림제형 타입이라서 요즘처럼 건조한 날씨에 자기전에 듬뿍 바르고 자니 아침에 정말 촉촉했어요ㅎ OO라인은 아침에 쓰기에 부담 없는거 같구요ㅎ 어쨋거나 두라인 모두 끈적임 없이 촉촉하고 쫀쫀해서 다 쓰면 재구매 할거 같아요^^,보습력/수분감,촉촉하고,1,[속성] 보습력/수분감 [문장] 촉촉하고,,보습력/수분감,unchanged
train,217090,쇼핑몰,스킨케어,OO 한방기초 화장품 무려 3+3+3세트,향도 좋고 대체로 좋은것같아요. 구성품 많이 줘서 더좋네요.ㅎ 앞으로도 재구매할것같아요.,향,향도 좋고,1,[속성] 향 [문장] 향도 좋고,,향,unchanged
train,217107,쇼핑몰,스킨케어,OO 보** 남성기초 1+1+1 트래블 키트,보닌은 20대부터 써서 브랜드 믿고 샀습니다. 향도 좋고 제품구성도 푸짐하네요. 여행 많이 다니는데 구성품인 여행팩... 굿!!!^^,향,향도 좋고,1,[속성] 향 [문장] 향도 좋고,,향,unchanged
train,217198,쇼핑몰,스킨케어,OO 프** 엑스퍼트 기초 최다구성,얼굴팩으로 유명하고 잘 썼던 경험으로 믿고 구매했어요 샘플만 써봤는데 얼굴 당기지 않고 좋은거 같아요 건성에 민감성이라 바로 표나는데 촉촉하니 좋네요 잘쓰고 다시 구매할께요,보습력/수분감,촉촉하니 좋네요,1,[속성] 보습력/수분감 [문장] 촉촉하니 좋네요,,보습력/수분감,unchanged
train,217210,쇼핑몰,스킨케어,OO 프** 엑스퍼트 기초 최다구성,트러블 없이 촉촉하고 탱탱한 피부 추천합니다,보습력/수분감,촉촉하고,1,[속성] 보습력/수분감 [문장] 촉촉하고,,보습력/수분감,unchanged
train,217265,쇼핑몰,스킨케어,OO 보** 남성기초 1+1+1 대용량 폼클렌저 ,"건조하기쉬운 요즘 남성 얼굴에도 보습이 필요한데 거친 남성피부타입에 딱이네요. 향도 좋고, 거기에 탄력유지까지 좋네요. 구성또한 풍성하고 완전 강추네요.",향,향도 좋고,1,[속성] 향 [문장] 향도 좋고,,향,unchanged
train,217281,쇼핑몰,스킨케어,OO 보** 남성기초 1+1+1 대용량 폼클렌저 ,남편과 아들이 잘 사용하고 있어요 향도 좋고 피부에도 좋다고 하네요,향,향도 좋고,1,[속성] 향 [문장] 향도 좋고,,향,unchanged
train,217343,쇼핑몰,스킨케어,OO 보** 남성기초 1+1+1 대용량 폼클렌저 ,향도 좋고 용기도 고급져 보이고 일단 구성이 맘에 듭니다 후회없이 쓰고 있습니다,향,향도 좋고,1,[속성] 향 [문장] 향도 좋고,,향,unchanged
train,217370,쇼핑몰,스킨케어,OO 보** 남성기초 1+1+1 대용량 폼클렌저 ,3셋트라 남편 아들 둘이 한세트씩 사용합니다. 화장품병용기가 고급져 보이나 무겁습니다. 좀 가벼운 용기로 개선되면 여행에 휴대하기 좋겠습니다. 향은 좋다고 합니다,용기,무겁습니다.,-1,[속성] 용기 [문장] 무겁습니다.,,용기,unchanged
train,236307,쇼핑몰,스킨케어,OO 주름관리 멀티밤 기본세트(멀티밤2+미스트1+오일1)+쇼핑백1,촉촉하고 향이 은은해서 좋아요.너무 신기한게 촉촉함이 오래가요.,보습력/수분감,촉촉하고,1,[속성] 보습력/수분감 [문장] 촉촉하고,,보습력/수분감,unchanged
train,236307,쇼핑몰,스킨케어,OO 주름관리 멀티밤 기본세트(멀티밤2+미스트1+오일1)+쇼핑백1,촉촉하고 향이 은은해서 좋아요.너무 신기한게 촉촉함이 오래가요.,보습력/수분감,촉촉함이 오래가요.,1,[속성] 보습력/수분감 [문장] 촉촉함이 오래가요.,,보습력/수분감,unchanged
train,236318,쇼핑몰,스킨케어,OO 주름관리 멀티밤 기본세트(멀티밤2+미스트1+오일1)+쇼핑백1,배송 빠르고 구성품 빠짐없이 잘 왔어요. 한번 사용해서 효과는 모르겠지만 발림성 좋고 편하게 바를 수 있어 좋네요.,발림성,발림성 좋고,1,[속성] 발림성 [문장] 발림성 좋고,,발림성,unchanged
train,236329,쇼핑몰,스킨케어,OO 주름관리 멀티밤 기본세트(멀티밤2+미스트1+오일1)+쇼핑백1,몇번의 재구매인지 기억도 안나요 촉촉하고 바르고 메이컵해도 주름이 펴져서 눈가에도 절대 화장이 끼지않아요 목부분도 수시로 발라주니 좋네요,보습력/수분감,촉촉하고,1,[속성] 보습력/수분감 [문장] 촉촉하고,,보습력/수분감,unchanged
train,236360,쇼핑몰,스킨케어,OO 주름관리 멀티밤 기본세트(멀티밤2+미스트1+오일1)+쇼핑백1,선물이 들어왔는데 전 끈적임을 좋아하지않아 크림도 못바르는관계로 엄마와 동생을 줬는데 촉촉하고 피부에 광이 나서 넘 좋다고 더 사달라고해 주문했어요 도착받자마자 강취당했습니다^^,보습력/수분감,촉촉하고,1,[속성] 보습력/수분감 [문장] 촉촉하고,,보습력/수분감,unchanged
train,236380,쇼핑몰,스킨케어,OO 주름관리 멀티밤 기본세트(멀티밤2+미스트1+오일1)+쇼핑백1,건조한 피분데 제품 바르고 난후 촉촉하고 윤기가 있는게 보이네요,보습력/수분감,촉촉하고,1,[속성] 보습력/수분감 [문장] 촉촉하고,,보습력/수분감,unchanged
train,236399,쇼핑몰,스킨케어,OO 주름관리 멀티밤 기본세트(멀티밤2+미스트1+오일1)+쇼핑백1,배송도 빠르고 구성도 좋네요!!! 어머니가 써보더니 촉촉하고 윤기나서 좋다고 하시네요 ㅎㅎ 다른데보다 저렴하게 잘산거같아요!만족합니다,보습력/수분감,촉촉하고,1,[속성] 보습력/수분감 [문장] 촉촉하고,,보습력/수분감,unchanged
train,236432,쇼핑몰,스킨케어,OO 주름관리 멀티밤 기본세트(멀티밤2+미스트1+오일1)+쇼핑백1,배송도 빠르고 상품도 안전하게 잘 왔어요. 그런데 용기 뚜껑이 자꾸 열려서 사용하기 불편하네요. 금방 촉촉해지지도 않고요. 쟁여두고 쓰려고 구매했는데 후회됩니다. 가격도 비싼데 청구할인 혜택이 없어서 아쉽네요. 상품평 이벤트 사은품 보내주세요.,편의성/활용성,사용하기 불편하네요.,-1,[속성] 편의성/활용성 [문장] 사용하기 불편하네요.,,편의성/활용성,unchanged
train,236448,쇼핑몰,스킨케어,OO 주름관리 멀티밤 기본세트(멀티밤2+미스트1+오일1)+쇼핑백1,처음 구매하는 거라 세트구성으로 구매했습니다. 근데 촉촉함도 덜 하고 건조함도 가시질 않네요. 가격도 비싸고 가격대비 용량도 적습니다. 재구매는 생각해 봐야겠습니다.,가격,가격도 비싸고,-1,[속성] 가격 [문장] 가격도 비싸고,,가격,unchanged
train,236464,쇼핑몰,스킨케어,OO 주름관리 멀티밤 기본세트(멀티밤2+미스트1+오일1)+쇼핑백1,가격은 비싸지만 광고를 많이 하길래 너무 써보고 싶어 고민하다 주문했어요. 뚜껑이 자꾸 열려서 사용하기 불편하네요. 미스트는 향이 별로고 뿌려도 촉촉해지지 않아요.,편의성/활용성,사용하기 불편하네요.,-1,[속성] 편의성/활용성 [문장] 사용하기 불편하네요.,,편의성/활용성,unchanged
train,236481,쇼핑몰,스킨케어,OO 주름관리 멀티밤 기본세트(멀티밤2+미스트1+오일1)+쇼핑백1,친정엄마가 너무 좋아하셔서~설 선물하고 추가로 또 구매했네요. 유사제품 유*드 보다 용량이 1g적고 비싸긴 하지만...향도 좋고 자꾸 손이 가네요,향,향도 좋고,1,[속성] 향 [문장] 향도 좋고,,향,unchanged
train,236529,쇼핑몰,스킨케어,OO 주름관리 멀티밤 기본세트(멀티밤2+미스트1+오일1)+쇼핑백1,두번째사는건데정말좋아요 끈적이지않으면서부드럽고촉촉해요,윤기/피부(톤),부드럽고,1,[속성] 윤기/피부(톤) [문장] 부드럽고,,윤기/피부(톤),unchanged
train,236529,쇼핑몰,스킨케어,OO 주름관리 멀티밤 기본세트(멀티밤2+미스트1+오일1)+쇼핑백1,두번째사는건데정말좋아요 끈적이지않으면서부드럽고촉촉해요,보습력/수분감,촉촉해요,1,[속성] 보습력/수분감 [문장] 촉촉해요,,보습력/수분감,unchanged
train,236572,쇼핑몰,스킨케어,OO 주름관리 멀티밤 기본세트(멀티밤2+미스트1+오일1)+쇼핑백1,주위에서 권해서 처음으로 구매해서 오늘 오자마자 사용해 봤어요. 그런데 생각 이상으로 촉촉하고 피부에 잘 흡수되는게 더 구매해야 겠어요.,보습력/수분감,촉촉하고,1,[속성] 보습력/수분감 [문장] 촉촉하고,,보습력/수분감,unchanged
train,236612,쇼핑몰,스킨케어,OO 주름관리 멀티밤 기본세트(멀티밤2+미스트1+오일1)+쇼핑백1,친구가 목주름 없어졌다고 추천해서 한번 사봤는데 효과가 있을지 기대되네요!!! 발라봤는데 촉촉하고 발림성 좋아서 편하게 자주 사용할 수 있을 것 같아요!,보습력/수분감,촉촉하고,1,[속성] 보습력/수분감 [문장] 촉촉하고,,보습력/수분감,unchanged
train,236625,쇼핑몰,스킨케어,OO 주름관리 멀티밤 기본세트(멀티밤2+미스트1+오일1)+쇼핑백1,미스트도 너무 좋아요 요즘 눈가가 너무 건조했는데 바르니 촉촉하니 광이나네요,보습력/수분감,촉촉하니,1,[속성] 보습력/수분감 [문장] 촉촉하니,,보습력/수분감,unchanged
train,236628,쇼핑몰,스킨케어,OO 주름관리 멀티밤 기본세트(멀티밤2+미스트1+오일1)+쇼핑백1,"배송 빠르구요,, 쓰기 간편해서 좋네요~ 건조한 편인데 슥슥 바르고 나면 촉촉하고 윤기가 납니다. 고민하다 구매했는데 진작 할 껄 그랬네요^^",보습력/수분감,촉촉하고,1,[속성] 보습력/수분감 [문장] 촉촉하고,,보습력/수분감,unchanged
train,236648,쇼핑몰,스킨케어,OO 주름관리 멀티밤 기본세트(멀티밤2+미스트1+오일1)+쇼핑백1,입소문이 자자해 꼭 쓰고싶어 주문해서 썼는데 왜 가희 멀티밤이 인기있는지 알겠네요. 발림성 좋고 풍부한 수분감에 계속 사용하면 좋은 피부될 듯 기대해봅니다~~~^^,발림성,발림성 좋고,1,[속성] 발림성 [문장] 발림성 좋고,,발림성,unchanged
train,236739,쇼핑몰,스킨케어,OO 주름관리 멀티밤 기본세트(멀티밤2+미스트1+오일1)+쇼핑백1,발림성이 좋고 윤기가 나서 좋은것 같아요. 재구매의사 있습니다!! 안전하고 빠른배송 감사합니다~^^,발림성,발림성이 좋고,1,[속성] 발림성 [문장] 발림성이 좋고,,발림성,unchanged
train,236741,쇼핑몰,스킨케어,OO 주름관리 멀티밤 기본세트(멀티밤2+미스트1+오일1)+쇼핑백1,미스트는 전부터사용하고있는거라 좋은지 알겠는데 OOO밤 사용해보니 촉촉하고 얼굴에 광도 나고 좋네요~^^,보습력/수분감,촉촉하고,1,[속성] 보습력/수분감 [문장] 촉촉하고,,보습력/수분감,unchanged
train,236768,쇼핑몰,스킨케어,OO 주름관리 멀티밤 기본세트(멀티밤2+미스트1+오일1)+쇼핑백1,받자마자 세안후 바로 사용해보니 촉촉하고 흡수가 잘되면서 부드럽게 발라져요. 만족합니다 앞으로도 효과가 좋아 꾸준히 사용할거 같습니다.,보습력/수분감,촉촉하고,1,[속성] 보습력/수분감 [문장] 촉촉하고,,보습력/수분감,unchanged
train,236786,쇼핑몰,스킨케어,OO 주름관리 멀티밤 기본세트(멀티밤2+미스트1+오일1)+쇼핑백1,남편이 사보라고 해서 구입했어여 발림성 좋고 바르고 나니 촉촉하고 괜찮아요 향도 거의 없고 나쁘지 않아요 입술 건조해서 립밤 따로 쓰지 않아도 되고 편하네요. 배송은 너~~무 느려서 별하나 뺍니다~,발림성,발림성 좋고,1,[속성] 발림성 [문장] 발림성 좋고,,발림성,unchanged
train,236820,쇼핑몰,스킨케어,OO 주름관리 멀티밤 기본세트(멀티밤2+미스트1+오일1)+쇼핑백1,tv에서 광고 많이 하길래 혹시나 하고 구매했는데.. 발림성 좋고 당김없이 촉촉하네요.,발림성,발림성 좋고,1,[속성] 발림성 [문장] 발림성 좋고,,발림성,unchanged
train,236834,쇼핑몰,스킨케어,OO 주름관리 멀티밤 기본세트(멀티밤2+미스트1+오일1)+쇼핑백1,제품크기가 조금작아서 실망했지만 ᆢ제품을사용해보니 촉촉하고 향도 좋습니다ᆢ나중에 다쓰고 나면 재구매 할 생각입니다ᆢ,보습력/수분감,촉촉하고,1,[속성] 보습력/수분감 [문장] 촉촉하고,,보습력/수분감,unchanged
train,236854,쇼핑몰,스킨케어,OO 주름관리 멀티밤 기본세트(멀티밤2+미스트1+오일1)+쇼핑백1,촉촉하고 일단 향이 너무좋아요 얼굴 움직일때마다 좋은향이 나서 기분도 좋습니다,보습력/수분감,촉촉하고,1,[속성] 보습력/수분감 [문장] 촉촉하고,,보습력/수분감,unchanged
train,236946,쇼핑몰,스킨케어,OO 주름관리 멀티밤 더블세트(멀티밤4+미스트2+오일2)+쇼핑백2,바쁘게 살다보니 피부관리실 한번 가기가 너무 힘든데 가히 멀티밤 하나면 주름걱정 안해도 될거같아요 OO 에서 하나씩 구매해 쓰다가 여기서 저렴한가격에 구매해 너무 좋아요 촉촉하고 발림성 너무좋고 흡수도 너무 잘되고 너무 짱이에요~!!!!,보습력/수분감,촉촉하고,1,[속성] 보습력/수분감 [문장] 촉촉하고,,보습력/수분감,unchanged
train,236969,쇼핑몰,스킨케어,OO 주름관리 멀티밤 더블세트(멀티밤4+미스트2+오일2)+쇼핑백2,오늘 도착했는데 엄마가 써보고 너무좋아서 추천해줘서 구매했어요 주름도 커버되고 보습이 짱 좋아요~~^^,기능/효과,주름도 커버되고,1,[속성] 기능/효과 [문장] 주름도 커버되고,,기능/효과,unchanged
train,236998,쇼핑몰,스킨케어,OO 주름관리 멀티밤 더블세트(멀티밤4+미스트2+오일2)+쇼핑백2,지인 소문으로 삿는데 써보니 너무좋아서 방송보고 재구매합니다. 피부 윤기도있고 촉촉하니 좋네요,보습력/수분감,촉촉하니 좋네요,1,[속성] 보습력/수분감 [문장] 촉촉하니 좋네요,,보습력/수분감,unchanged
train,237052,쇼핑몰,스킨케어,OO 주름관리 멀티밤 더블세트(멀티밤4+미스트2+오일2)+쇼핑백2,재구매했어여 촉촉하고 주름선두 약해지는것같구 쓰기편하구. 가방에넣어다녀두 작아서. 가지고다니기편해여,보습력/수분감,촉촉하고,1,[속성] 보습력/수분감 [문장] 촉촉하고,,보습력/수분감,unchanged
train,237106,쇼핑몰,스킨케어,OO 주름관리 멀티밤 더블세트(멀티밤4+미스트2+오일2)+쇼핑백2,친정엄마가 광고보고 계속 사고 싶어하셔서 사드렸어요. 이틀 정도 발라봤는데 촉촉하고 눈가 주름도 옅어진 것 같대요ㅋㅋㅋ 저도 하나 얻어서 바르게 되었는데 은은한 향기가 마음에 들었어요. 요즘 같이 건조한 계절에 틈틈이 바르니 효과가 있겠구나 싶더라고요.,보습력/수분감,촉촉하고,1,[속성] 보습력/수분감 [문장] 촉촉하고,,보습력/수분감,unchanged
train,237231,쇼핑몰,스킨케어,OO 주름관리 멀티밤 더블세트(멀티밤4+미스트2+오일2)+쇼핑백2,촉촉하니 발림성도 좋고 부드러워요~ 주름에 바르는 것만으로도 보습 탱탱하게 주는 느낌이에요. 겨울철 건조한 피부 촉촉해서 너무 좋네요ㅎㅎ,보습력/수분감,촉촉하니,1,[속성] 보습력/수분감 [문장] 촉촉하니,,보습력/수분감,unchanged
train,237236,쇼핑몰,스킨케어,OO 주름관리 멀티밤 더블세트(멀티밤4+미스트2+오일2)+쇼핑백2,하루종일촉촉해요 윤기팍팍 벌써3번째구입했습니다,보습력/수분감,촉촉해요,1,[속성] 보습력/수분감 [문장] 촉촉해요,,보습력/수분감,unchanged
train,237262,쇼핑몰,스킨케어,OO 주름관리 멀티밤 더블세트(멀티밤4+미스트2+오일2)+쇼핑백2,"엄마랑 나눠 쓰려고 주문했는데~ 빨리 배송왔어요. 멀티밤은 가히가 젤 좋은거같아요. 촉촉하고 지속력도 오래가고 건성 피부에 너무 좋아요. 눈가,이마,미간에 바르면 당김도 없고 가히 비타민c밤이랑 같이 쓰는데 좋으네요. 오일은 첨 써보는데 잘 쓸거같네요. 다 쓰면 또 주문할께요 :D",보습력/수분감,촉촉하고,1,[속성] 보습력/수분감 [문장] 촉촉하고,,보습력/수분감,unchanged
train,237280,쇼핑몰,스킨케어,OO 주름관리 멀티밤 더블세트(멀티밤4+미스트2+오일2)+쇼핑백2,나이가 이제 30대가 초반이 되어 피부관리를 하고 싶어서 구매를 했습니다! 발라보니 끈적이지 않고 촉촉하여 좋았으며! 색상도 예쁘고 구성이 정말 좋습니다! 끈적임이 싫어서 평소 스킨만 바르고 다녔는데 가히로 피부 미인이 되보려구요! 잘 쓰겠습니다!,용기,색상도 예쁘고,1,[속성] 용기 [문장] 색상도 예쁘고,,용기,unchanged
train,237309,쇼핑몰,스킨케어,OO 주름관리 멀티밤 더블세트(멀티밤4+미스트2+오일2)+쇼핑백2,가히 바르면 촉촉하고 잔주름도 옅어진것 같아서 이제 없으면 안되는 필수품이예요 그런데 양이 너무 적네요 ㅠㅜ 그것만 빼면 다 만족합니다,보습력/수분감,촉촉하고,1,[속성] 보습력/수분감 [문장] 촉촉하고,,보습력/수분감,unchanged
train,237325,쇼핑몰,스킨케어,OO 주름관리 멀티밤 더블세트(멀티밤4+미스트2+오일2)+쇼핑백2,겨울이라 특히 건조한 피부에 바르면 촉촉하고 윤기가 반짝 반짝 기분도 좋아요~ 잘쓰고 다음에 또 구매할게요~,보습력/수분감,촉촉하고,1,[속성] 보습력/수분감 [문장] 촉촉하고,,보습력/수분감,unchanged
train,237355,쇼핑몰,스킨케어,OO 주름관리 멀티밤 더블세트(멀티밤4+미스트2+오일2)+쇼핑백2,바르는것도 편해보이고 좋아하는 배우가 광고 하길래 사봤는데 촉촉하고 발림성도 좋네요~~ 앞으로 잘 사용할께요 배송이 엄청빠르네요^^,보습력/수분감,촉촉하고,1,[속성] 보습력/수분감 [문장] 촉촉하고,,보습력/수분감,unchanged
train,237379,쇼핑몰,스킨케어,OO 주름관리 멀티밤 더블세트(멀티밤4+미스트2+오일2)+쇼핑백2,지금쓰고있는 제품이 다 떨어져가는데 마침 좋은구성으로 ㅇㅇ쇼핑에서 방송해서 사고싶다하니 신랑이 사주네요~ 신랑하고도 같이쓰지만 얼굴도 촉촉하고 신랑 이마주름도 많이 좋아졌어요 친구들에게도 이야기하니 구성좋다고 다 같이 구매했네요~향도 좋고 발림성도 좋고 피부도 촉촉하니 보습효과도있어 겨울내내 땀김없이 넘좋아요~^^,향,향도 좋고,1,[속성] 향 [문장] 향도 좋고,,향,unchanged
train,237415,쇼핑몰,스킨케어,OO 주름관리 멀티밤 더블세트(멀티밤4+미스트2+오일2)+쇼핑백2,예민하고 건조해서 고민하던 중에 사용했습니다. 생각보다 피부가 당기고 촉촉함이 오래가지 않고 사용하기에도 불편해서 추천하지 않습니다. 타 사이트보다 구성도 안 좋고 가격도 비싸서 만족하지 않습니다.,보습력/수분감,촉촉함이 오래가지 않고,-1,[속성] 보습력/수분감 [문장] 촉촉함이 오래가지 않고,,보습력/수분감,unchanged
train,237482,쇼핑몰,스킨케어,OO 주름관리 멀티밤 더블세트(멀티밤4+미스트2+오일2)+쇼핑백2,건조한 탓인지 얼굴이 푸석이고 나이가 들어가면서 주름도 늘고..ㅠㅠ 그래서 광고에 많이 나오는 것 보고 처음으로 구매해서 써보았네요. 발림성이 좋고 손 사용 안하고 쓱 바르니 편해요. 보습력이 좋아서 그런지 촉촉하니 광채가 나고 향도 은은하니 맘에 듭니다.,발림성,발림성이 좋고,1,[속성] 발림성 [문장] 발림성이 좋고,,발림성,unchanged
train,237482,쇼핑몰,스킨케어,OO 주름관리 멀티밤 더블세트(멀티밤4+미스트2+오일2)+쇼핑백2,건조한 탓인지 얼굴이 푸석이고 나이가 들어가면서 주름도 늘고..ㅠㅠ 그래서 광고에 많이 나오는 것 보고 처음으로 구매해서 써보았네요. 발림성이 좋고 손 사용 안하고 쓱 바르니 편해요. 보습력이 좋아서 그런지 촉촉하니 광채가 나고 향도 은은하니 맘에 듭니다.,보습력/수분감,촉촉하니,1,[속성] 보습력/수분감 [문장] 촉촉하니,,보습력/수분감,unchanged
train,237523,쇼핑몰,스킨케어,OO 주름관리 멀티밤 더블세트(멀티밤4+미스트2+오일2)+쇼핑백2,항상 사용하던 제품입니다. 마침 좋은구성으로 구입하게되었습니다. 촉촉함이 오래가서 좋아요.,보습력/수분감,촉촉함이 오래가서 좋아요.,1,[속성] 보습력/수분감 [문장] 촉촉함이 오래가서 좋아요.,,보습력/수분감,unchanged
train,237660,쇼핑몰,스킨케어,OO 주름관리 멀티밤 더블세트(멀티밤4+미스트2+오일2)+쇼핑백2,가히 엄마가 광고보고 너무 궁금해하셔서 구매했어요 조금 써봤는데 피부가 부드럽고 광택이나네요 잘 산거같아요 효과 기대중입니다,윤기/피부(톤),피부가 부드럽고,1,[속성] 윤기/피부(톤) [문장] 피부가 부드럽고,,윤기/피부(톤),unchanged
train,237665,쇼핑몰,스킨케어,OO 주름관리 멀티밤 더블세트(멀티밤4+미스트2+오일2)+쇼핑백2,건성인 저에겐 딱~~~^^ 촉촉하고 윤기가 좔좔~~~ 지성피부는 번들거림이 좀 있다능.ㅎㅎ,보습력/수분감,촉촉하고,1,[속성] 보습력/수분감 [문장] 촉촉하고,,보습력/수분감,unchanged
train,237675,쇼핑몰,스킨케어,OO 주름관리 멀티밤 더블세트(멀티밤4+미스트2+오일2)+쇼핑백2,촉촉하고향이좋네요 어느정도써봐야할것같아요 첫발림은만족합니다,보습력/수분감,촉촉하고,1,[속성] 보습력/수분감 [문장] 촉촉하고,,보습력/수분감,unchanged
train,237729,쇼핑몰,스킨케어,OO 주름관리 멀티밤 더블세트(멀티밤4+미스트2+오일2)+쇼핑백2,카청 할인받으려고 남편아이디로 구매했어용ㅎㅎ 너무 궁금해서 구매해봤고 받자마자 써봤는데 발림성 좋고 진쨔 촉촉해요! 바르는 순간 광이 나더라구요! 미스트는 아직 쓰기 전이고 오일은 보는순간 오일 색감에 홀려서 저도모르게 손이 가더라구용 오일이라 너무 기름지지 않을까 걱정했는데 기름지지않고 얼굴에 금방 스며들어요! 아기낳고 피부당김도 심하고 얼굴에 각질이 말도 못했는데 가히 덕분에 제 피부를 조금이라도 지킬수 있을꺼같단 생각에 구매하길 정말 잘했다는 생각이 드네요^^ 주름관리 잘되는지는 꾸준히 써보고 느껴볼께용! 아! 두개는 저희 친정엄마랑 시어머님 드리려고 생각하고 있었는데 선물하기 좋게 쇼핑백도 두개나 와서 너무 좋아요^^ 주는사람 받는사람 모두 만족스러운 선물이 될꺼같아요!,발림성,발림성 좋고,1,[속성] 발림성 [문장] 발림성 좋고,,발림성,unchanged
train,237729,쇼핑몰,스킨케어,OO 주름관리 멀티밤 더블세트(멀티밤4+미스트2+오일2)+쇼핑백2,카청 할인받으려고 남편아이디로 구매했어용ㅎㅎ 너무 궁금해서 구매해봤고 받자마자 써봤는데 발림성 좋고 진쨔 촉촉해요! 바르는 순간 광이 나더라구요! 미스트는 아직 쓰기 전이고 오일은 보는순간 오일 색감에 홀려서 저도모르게 손이 가더라구용 오일이라 너무 기름지지 않을까 걱정했는데 기름지지않고 얼굴에 금방 스며들어요! 아기낳고 피부당김도 심하고 얼굴에 각질이 말도 못했는데 가히 덕분에 제 피부를 조금이라도 지킬수 있을꺼같단 생각에 구매하길 정말 잘했다는 생각이 드네요^^ 주름관리 잘되는지는 꾸준히 써보고 느껴볼께용! 아! 두개는 저희 친정엄마랑 시어머님 드리려고 생각하고 있었는데 선물하기 좋게 쇼핑백도 두개나 와서 너무 좋아요^^ 주는사람 받는사람 모두 만족스러운 선물이 될꺼같아요!,보습력/수분감,기름지지않고,1,[속성] 보습력/수분감 [문장] 기름지지않고,,보습력/수분감,unchanged
train,237758,쇼핑몰,스킨케어,OO 주름관리 멀티밤 더블세트(멀티밤4+미스트2+오일2)+쇼핑백2,촉촉하고 발림이 좋네요 ㅎㅎ 주름있는것도 탱글탱글 효과가 좋아지면 좋겠어요!!,보습력/수분감,촉촉하고,1,[속성] 보습력/수분감 [문장] 촉촉하고,,보습력/수분감,unchanged
train,237786,쇼핑몰,스킨케어,OO 주름관리 멀티밤 더블세트(멀티밤4+미스트2+오일2)+쇼핑백2,ㅇㅇ 한번 써보려고 제품구성이 마음에 들지 않았지만 구매했습니다. 받자마자 사용해 봤습니다. 유분기가 많아서 피부가 번들거립니다. 향도 제 취향은 아니네요.,흡수력,피부가 번들거립니다.,-1,[속성] 흡수력 [문장] 피부가 번들거립니다.,,흡수력,unchanged
train,237794,쇼핑몰,스킨케어,OO 주름관리 멀티밤 더블세트(멀티밤4+미스트2+오일2)+쇼핑백2,와이프가 선물로 받아서 사용해보고는 쓰기에 편하고 아침에 일어나면 촉촉하다면서 용량이 적은게 아쉽다고 해서 큰맘먹고 선물로 사줬더니 넘 좋아하네요. 저도 같이 쓰고 있는데 촉촉하니 발림이 좋으네요. 잘 쓰고 있습니다.,보습력/수분감,촉촉하니,1,[속성] 보습력/수분감 [문장] 촉촉하니,,보습력/수분감,unchanged
train,237928,쇼핑몰,스킨케어,OO 주름관리 멀티밤 더블세트(멀티밤4+미스트2+오일2)+쇼핑백2,촉촉하고 발림성좋고 보습도 잘되네요~ 저는 주로 목이랑 눈밑 팔자주름에 바르는데 손에 안묻히고 바를 수 있으니 자주 잘챙겨 바르게 돼서 좋아요!,보습력/수분감,촉촉하고,1,[속성] 보습력/수분감 [문장] 촉촉하고,,보습력/수분감,unchanged
train,237941,쇼핑몰,스킨케어,OO 주름관리 멀티밤 더블세트(멀티밤4+미스트2+오일2)+쇼핑백2,지인이 선물로 줘서 쓰게 되었어요. 바를 때 뭉침 현상으로 사용하기 불편하네요. 얼굴이 건조한데 OOO 사용해도 촉촉하지 않네요.,편의성/활용성,사용하기 불편하네요.,-1,[속성] 편의성/활용성 [문장] 사용하기 불편하네요.,,편의성/활용성,unchanged
train,237980,쇼핑몰,스킨케어,OO 주름관리 멀티밤 더블세트(멀티밤4+미스트2+오일2)+쇼핑백2,주위 직원의 추천으로 샀습니다. 평소에 피부가 건조하고 푸석했는데 가희 작품을 쓰고나서는 광이 나고 수분감이 있어 보습효과 있었어요. 함께 온 미스트도 사용했는데 향이 좋고 촉촉하고 얼굴에서 윤이 나네요.,보습력/수분감,촉촉하고,1,[속성] 보습력/수분감 [문장] 촉촉하고,,보습력/수분감,unchanged
train,237994,쇼핑몰,스킨케어,OO 주름관리 멀티밤 더블세트(멀티밤4+미스트2+오일2)+쇼핑백2,피부가 촉촉하고 광택이 나서넘 좋아요 잘쓸게요,보습력/수분감,피부가 촉촉하고,1,[속성] 보습력/수분감 [문장] 피부가 촉촉하고,,보습력/수분감,unchanged
train,238007,쇼핑몰,스킨케어,OO 주름관리 멀티밤 더블세트(멀티밤4+미스트2+오일2)+쇼핑백2,항상 쓰던 제품이에요~ 구성이좋아서 바로 구매했네요~~ ㅎ 촉촉하고 끈적임이없어서 좋아요!,보습력/수분감,촉촉하고,1,[속성] 보습력/수분감 [문장] 촉촉하고,,보습력/수분감,unchanged
train,238079,쇼핑몰,스킨케어,OO 주름관리 멀티밤 더블세트(멀티밤4+미스트2+오일2)+쇼핑백2,극건성피부라 구매 했어요~ 부드럽게 발리고 흡수도 잘되는 느낌이에요~ 풀구성에 가성비도 좋고 좋은제품 이네요 콜라겐 미스트 향도 좋고 뿌리는 즉시 피부가 촉촉해져요~ 스틱도 발림성 좋고 향도 좋고 피부가 건강해지는 느낌이에요 오일은 흡수가 너무 잘되네요~~^^,향,향도 좋고,1,[속성] 향 [문장] 향도 좋고,,향,unchanged
train,238106,쇼핑몰,스킨케어,OO 주름관리 멀티밤 더블세트(멀티밤4+미스트2+오일2)+쇼핑백2,한세트 다쓰고 다시재주문합니다 여기 쇼핑이 조건이 너무좋아서 이제 여기방송 기다리게 되네요 가히제품은 하루종일 촉촉하고 광이나게 해줘요 너무좋은제품입니다 제품구성이 엄마랑 나눠써도 될정도로 푸짐한 양입니다,보습력/수분감,촉촉하고,1,[속성] 보습력/수분감 [문장] 촉촉하고,,보습력/수분감,unchanged
train,238111,쇼핑몰,스킨케어,OO 주름관리 멀티밤 더블세트(멀티밤4+미스트2+오일2)+쇼핑백2,써보니 건성인 저한테 딱인것 같아요 촉촉하고 수분이 오래 먹금고있어 당기지않고 건조하지 않아 좋습니다,보습력/수분감,촉촉하고,1,[속성] 보습력/수분감 [문장] 촉촉하고,,보습력/수분감,unchanged
train,238120,쇼핑몰,스킨케어,OO 주름관리 멀티밤 더블세트(멀티밤4+미스트2+오일2)+쇼핑백2,남편이 가히가히 노래를부르기에 샀는데 좋긴좋네요 제형이 많이끈적이지도않고 촉촉하고 얼굴이밝아보여요,보습력/수분감,촉촉하고,1,[속성] 보습력/수분감 [문장] 촉촉하고,,보습력/수분감,unchanged
train,238173,쇼핑몰,스킨케어,OO 주름관리 멀티밤 더블세트(멀티밤4+미스트2+오일2)+쇼핑백2,보습력 짱이네요. 하루종일 촉촉하네요 엄마선물로 드리니 너무 만족해하시네요 뿌듯하네요 앞으로 꾸준히 애용할듯해요^^,보습력/수분감,하루종일 촉촉하네요,1,[속성] 보습력/수분감 [문장] 하루종일 촉촉하네요,,보습력/수분감,unchanged
train,238174,쇼핑몰,스킨케어,OO 주름관리 멀티밤 더블세트(멀티밤4+미스트2+오일2)+쇼핑백2,갈수록 깊어지는 팔자주름 보며 시술까지 생각했었는데 가히를 만나고나니 왠지 병원안가도 되겠다는 생각이..촉촉하고 윤기나면서 오래 유지해주니 정말 만족스럽다.지인들에게 선물해야지..,보습력/수분감,촉촉하고,1,[속성] 보습력/수분감 [문장] 촉촉하고,,보습력/수분감,unchanged
train,238183,쇼핑몰,스킨케어,OO 주름관리 멀티밤 더블세트(멀티밤4+미스트2+오일2)+쇼핑백2,"시어머니께 주름 관리하시라고 생신 선물로 주문해 드렸습니다. 가격도 비싸고 용량도 적어서 빨리 닳아요. 나이가 들면서 피부가 건조한데, 바르면 촉촉함이 충만하지 않네요.",가격,가격도 비싸고,-1,[속성] 가격 [문장] 가격도 비싸고,,가격,unchanged
train,238192,쇼핑몰,스킨케어,OO 주름관리 멀티밤 더블세트(멀티밤4+미스트2+오일2)+쇼핑백2,주변에서 다들 사용해보고 다들 좋다는 소문을 들었는데 채널 돌리던중 방송이 나와서 주문해서 배송받은날부터 계속 사용중인데요~~ 너무 부드럽게 싸악~~~잘 발리네요~~ 촉촉하고 꿀먹은피부처럼 먼가 탱탱해지는기분입니다~~~ 앞으로도 계속 사용할 예정입니다^_^인생템찾았네요~~~,보습력/수분감,촉촉하고,1,[속성] 보습력/수분감 [문장] 촉촉하고,,보습력/수분감,unchanged
train,238215,쇼핑몰,스킨케어,OO 주름관리 멀티밤 더블세트(멀티밤4+미스트2+오일2)+쇼핑백2,"주변에서 좋다는 말 듣고, 이번 홈쇼핑 조건이 좋은 것 같아 구매해봤는데 역시 가히네요!!! 제 피부가 지성이라 유분기로 안맞을 것 같았는데 촉촉하니 제형이 찐득하지고 않고 좋아요~ 꾸준히 써서 주름 안생기도록 해볼게요~ 강추합니다!!!",보습력/수분감,촉촉하니,1,[속성] 보습력/수분감 [문장] 촉촉하니,,보습력/수분감,unchanged
train,238231,쇼핑몰,스킨케어,OO 주름관리 멀티밤 더블세트(멀티밤4+미스트2+오일2)+쇼핑백2,사야지 사야지 하다 오프라인에서 한 개 구입 한 후 이마 잔주름 바로 효과 오길래 주문했습니다 ㅎ 제가 악건성이라 항상 이마가 땡기는데 너무 좋아요.하루종일 촉촉하고 이마가 반짝반짝 이뻐 보여서 거울 자주 봅니다~~^^ 함께 온 구성품인 미스트도 어제 뿌려 보았어요 만족합니다!^^ 밤 반은 엄마 드리고 반은 제가 써용,보습력/수분감,촉촉하고,1,[속성] 보습력/수분감 [문장] 촉촉하고,,보습력/수분감,unchanged
train,238257,쇼핑몰,스킨케어,OO 주름관리 멀티밤 더블세트(멀티밤4+미스트2+오일2)+쇼핑백2,"예전에 써보고 좋아서 방송할 때 바로 재구매했어요ㅎㅎ 촉촉하고 사용 방법도 간편해서 좋아요~~ 스틱, 앰플만 사용해도 겨울이어두 건조하지 않고 좋아요ㅎㅎㅎ",보습력/수분감,촉촉하고,1,[속성] 보습력/수분감 [문장] 촉촉하고,,보습력/수분감,unchanged
train,238269,쇼핑몰,스킨케어,OO 주름관리 멀티밤 더블세트(멀티밤4+미스트2+오일2)+쇼핑백2,엄마 선물 드렸어요. 촉촉하고 광택이 나서 맘에 든다고 하십니다. 좋은 구성 감사해요.,보습력/수분감,촉촉하고,1,[속성] 보습력/수분감 [문장] 촉촉하고,,보습력/수분감,unchanged
train,238275,쇼핑몰,스킨케어,OO 주름관리 멀티밤 더블세트(멀티밤4+미스트2+오일2)+쇼핑백2,"효과적인 보습과 눈가, 눈밑,목 주름위해 구매해봤습니다. 일단 얼굴 주름진곳마다 한번씩 편하게 슥슥 발라주고 푸석하고 건조한 면에 발랐는데 당김도 없어지고 촉촉하니 좋네요 한두번 바른다고 주름이 개선될리는 당연없겠죠? 꾸준히 관리한번 해봐야겠습니다 수량구성도 괜찮고 미스트도 같이 있어서 히터많이 트는 사무실 책상에 올려두고 관리좀 해야겠어요 가희주름관리 멀티밤 굿^^",보습력/수분감,촉촉하니 좋네요,1,[속성] 보습력/수분감 [문장] 촉촉하니 좋네요,,보습력/수분감,unchanged
train,238350,쇼핑몰,스킨케어,OO 주름관리 멀티밤 더블세트(멀티밤4+미스트2+오일2)+쇼핑백2,아버지와 함께 사용하려고 구입했습니다. 가격도 비싸고 구성도 아쉬웠지만 급해서 구매했습니다. 용기는 스틱형인데 생각보다 바르기 불편합니다. 주름 개선 효과는 아직 잘 모르겠습니다.,가격,가격도 비싸고,-1,[속성] 가격 [문장] 가격도 비싸고,,가격,unchanged
train,238357,쇼핑몰,스킨케어,OO 주름관리 멀티밤 더블세트(멀티밤4+미스트2+오일2)+쇼핑백2,"요즘 눈밑에 주름이 생긴것 같아서 언나랑 같이 써보려고 구매했어요, 원래 눈밑이 건조했는데 촉촉함도 부족하고 목, 눈가, 팔자 할것 없이 주름에는 효과를 잘 모르겠네요. 가격도 비싸고 부담스럽습니다.",가격,가격도 비싸고,-1,[속성] 가격 [문장] 가격도 비싸고,,가격,unchanged
train,238358,쇼핑몰,스킨케어,OO 주름관리 멀티밤 더블세트(멀티밤4+미스트2+오일2)+쇼핑백2,"촉촉하니 발림성좋고, 스틱형이라 편하네요 .",보습력/수분감,촉촉하니,1,[속성] 보습력/수분감 [문장] 촉촉하니,,보습력/수분감,unchanged
train,238372,쇼핑몰,스킨케어,OO 주름관리 멀티밤 더블세트(멀티밤4+미스트2+오일2)+쇼핑백2,시누이사용준인거 써보고 너무 좋아서 사야겟다 사야겟다 생각만하고있엇어요 ㅎㅎ 근데 홈쇼핑에 딱 !! 구성이 너무 좋게나와 기분좋게 바로 구매햇습니다^^ 같이 받은 구성품 미스트랑 오일도 너무 좋네요 상쾌하고 괜히 벌써 피부가 좋아지는기분 ^^ 사용하기 편해서 보이는곳마다 두고 쓸예정이에요 ㅎㅎ촉촉하니 너무 좋아요,보습력/수분감,상쾌하고,1,[속성] 보습력/수분감 [문장] 상쾌하고,,보습력/수분감,unchanged
train,238407,쇼핑몰,스킨케어,OO 주름관리 멀티밤 더블세트(멀티밤4+미스트2+오일2)+쇼핑백2,병원에서 가족간병하시는 어머니 사드렸어요 병원이 히터를 오래틀어놔서 많이건조하다 하시더라구요 발라보시더니 너무좋아하시고 촉촉하고 흡수력도 빠르다고 하시네요 감사합니다 많이파세요,보습력/수분감,촉촉하고,1,[속성] 보습력/수분감 [문장] 촉촉하고,,보습력/수분감,unchanged
train,238442,쇼핑몰,스킨케어,OO 주름관리 멀티밤 더블세트(멀티밤4+미스트2+오일2)+쇼핑백2,방송 나올때마다 살지말지 고민하다 구매했네요 구성도 조아서 엄마 하나 드리고 딸하고 나눠서 쓰고 있어요 밀착도도 좋고 ㅎ 제가 건성인데 바르고나면 윤기가 자르르 흐르고 촉촉하니,보습력/수분감,촉촉하니,1,[속성] 보습력/수분감 [문장] 촉촉하니,,보습력/수분감,unchanged
train,238461,쇼핑몰,스킨케어,OO 주름관리 멀티밤 더블세트(멀티밤4+미스트2+오일2)+쇼핑백2,엄마랑 같이 써보려고 더블세트 구매했어요. 본품도 좋지만 구성품중 같이온 미스트가 개인적으로 너무 마음에 드네요. 미세하게 분사되어 밀착력이 좋고 흡수된 후에 남는 피부감촉이부드러워서 너무 좋아요^^,흡수력,밀착력이 좋고,1,[속성] 흡수력 [문장] 밀착력이 좋고,,흡수력,unchanged
train,238470,쇼핑몰,스킨케어,OO 주름관리 멀티밤 더블세트(멀티밤4+미스트2+오일2)+쇼핑백2,촉촉하고 향도 좋아 사용하던 제품이었는데 조금더 저렴하게 구입할수 있어 좋았어요~^^,보습력/수분감,촉촉하고,1,[속성] 보습력/수분감 [문장] 촉촉하고,,보습력/수분감,unchanged
train,238473,쇼핑몰,스킨케어,OO 주름관리 멀티밤 더블세트(멀티밤4+미스트2+오일2)+쇼핑백2,"드라마 모범택시(종영시점도 오래됨)에서 여검사가 바르는걸보고 띠용~ 그때부터 열혈 사용중입니다 근데 그 인기만큼이나 값이 비싸 아껴쓰던중, 홈쇼핑보고 청구할인에 싸게 샀어요ㅋㅋ바르면 광채가 나고 부드럽고 순해서 딸도 같이 쓰네요^^ 광채가 탁월한 가히 너무좋아요",윤기/피부(톤),부드럽고,1,[속성] 윤기/피부(톤) [문장] 부드럽고,,윤기/피부(톤),unchanged
train,238484,쇼핑몰,스킨케어,OO 주름관리 멀티밤 더블세트(멀티밤4+미스트2+오일2)+쇼핑백2,요즘 드라마에서도 많이 보이길래 호기심으로 큰 딸에게 하나 사주었다가 촉촉하니 반질반질 오래가는게 괜찮아보여서 마침 좋은 구성과 좋은 가격에 판매하여 재구매 하게되었어요 틈틈히 써보고 피부관리 열심히 해야겠어요~~~,보습력/수분감,촉촉하니,1,[속성] 보습력/수분감 [문장] 촉촉하니,,보습력/수분감,unchanged
train,238488,쇼핑몰,스킨케어,OO 주름관리 멀티밤 더블세트(멀티밤4+미스트2+오일2)+쇼핑백2,"요즘 방송에 OOO 제품 많이 나와서 구매했습니다. 피부에 흡수가 잘 안되고, 반질반질 거리는 느낌도 좋지 않네요. 가격도 비싸고 품질이 실망스러운 제품입니다.",가격,가격도 비싸고,-1,[속성] 가격 [문장] 가격도 비싸고,,가격,unchanged
train,238497,쇼핑몰,스킨케어,OO 주름관리 멀티밤 더블세트(멀티밤4+미스트2+오일2)+쇼핑백2,주변 친구들의 추천으로 첫주문하여 배송받자마자 사용해봤는데 멀티밤은 바르기 편하고 향도 좋고 촉촉함이 오래가는것 같아요~미스트 또한 뿌리고 나니 건조함이 사라지고 산뜻한 느낌이 들어서 좋네요^^얼른 열심히 잘 사용하고 다시 주문해야겠어요! 적극 추천합니다!,향,향도 좋고,1,[속성] 향 [문장] 향도 좋고,,향,unchanged
train,238543,쇼핑몰,스킨케어,OO 주름관리 멀티밤 더블세트(멀티밤4+미스트2+오일2)+쇼핑백2,너무좋다는 지인 소개로 주문해봤는데 아직 몇번 써보진 않았지만 촉촉하고 얼굴이 환해지는 느낌 밝아진 느낌입니다 열심히 써볼께요,보습력/수분감,촉촉하고,1,[속성] 보습력/수분감 [문장] 촉촉하고,,보습력/수분감,unchanged
train,238562,쇼핑몰,스킨케어,OO 주름관리 멀티밤 더블세트(멀티밤4+미스트2+오일2)+쇼핑백2,촉촉하고 부드러움이 느껴지고 얼굴이 화사한 느낌이드네용. 넘 맘에들어요~~♡,보습력/수분감,촉촉하고,1,[속성] 보습력/수분감 [문장] 촉촉하고,,보습력/수분감,unchanged
train,238566,쇼핑몰,스킨케어,OO 주름관리 멀티밤 더블세트(멀티밤4+미스트2+오일2)+쇼핑백2,발림성 좋고 촉촉하고 건성피부에 특히 좋을듯 해요 입술에는 립밤 바른 기분으로 촉촉 보들보들~물광효과 짱이네요~잘 애용해볼께요,발림성,발림성 좋고,1,[속성] 발림성 [문장] 발림성 좋고,,발림성,unchanged
train,238566,쇼핑몰,스킨케어,OO 주름관리 멀티밤 더블세트(멀티밤4+미스트2+오일2)+쇼핑백2,발림성 좋고 촉촉하고 건성피부에 특히 좋을듯 해요 입술에는 립밤 바른 기분으로 촉촉 보들보들~물광효과 짱이네요~잘 애용해볼께요,보습력/수분감,촉촉하고,1,[속성] 보습력/수분감 [문장] 촉촉하고,,보습력/수분감,unchanged
train,238585,쇼핑몰,스킨케어,OO 주름관리 멀티밤 더블세트(멀티밤4+미스트2+오일2)+쇼핑백2,전부터 누군가 추천하길래 써볼까 했었는데... 저한테는 안맞는 것 같아요. 발라도 촉촉함이 오래가지 않네요. 제형이 뻑뻑해서 부드럽게 발리지 않아요. 써보고 괜찮으면 엄마도 사드리려고 했었는데 안사는게 나을 듯요.,보습력/수분감,촉촉함이 오래가지 않네요.,-1,[속성] 보습력/수분감 [문장] 촉촉함이 오래가지 않네요.,,보습력/수분감,unchanged
train,238588,쇼핑몰,스킨케어,OO 주름관리 멀티밤 더블세트(멀티밤4+미스트2+오일2)+쇼핑백2,엄마 생신 선물로 OO 보내 드렸더니 너무 좋아하세요. 비싼 거라 아껴 바르신다면서 촉촉하니 효과도 좋지 않겠냐고 기대하시네요. OO 덕에 이쁜 딸 되었습니다.,보습력/수분감,촉촉하니,1,[속성] 보습력/수분감 [문장] 촉촉하니,,보습력/수분감,unchanged
train,238679,쇼핑몰,스킨케어,OO 주름관리 멀티밤 더블세트(멀티밤4+미스트2+오일2)+쇼핑백2,피부가 촉촉하고 잘 스며들어서 너무좋아요^^,보습력/수분감,피부가 촉촉하고,1,[속성] 보습력/수분감 [문장] 피부가 촉촉하고,,보습력/수분감,unchanged
train,238708,쇼핑몰,스킨케어,OO 주름관리 멀티밤 더블세트(멀티밤4+미스트2+오일2)+쇼핑백2,가히 제품 너무 좋네요~ 발림도 좋고 일단 손에 묻히지 않고 손쉽게 얼굴에 바를 수 있는 점이 정말 좋아요~ 촉촉하고 흡수도 잘되고~ 재구매하려고요~,보습력/수분감,촉촉하고,1,[속성] 보습력/수분감 [문장] 촉촉하고,,보습력/수분감,unchanged
train,238740,쇼핑몰,스킨케어,OO 주름관리 멀티밤 더블세트(멀티밤4+미스트2+오일2)+쇼핑백2,주름관리위해 구매했는데 확실히 다른 제품보다 주름개선효과가 좋은거 같아요 촉촉하고 오래 유지되는거 같아요,보습력/수분감,촉촉하고,1,[속성] 보습력/수분감 [문장] 촉촉하고,,보습력/수분감,unchanged
train,238787,쇼핑몰,스킨케어,OO 주름관리 멀티밤 더블세트(멀티밤4+미스트2+오일2)+쇼핑백2,한번써보면 끊을수가없어요~!! 촉촉하고 주름예방도 되고 너무 좋아요~ 구성이 너무좋아서 구매를 안할수가 없어요ㅎㅎ구성품이 많아 오래오래 쓰겠어요!! 최고에요 최고!!,보습력/수분감,촉촉하고,1,[속성] 보습력/수분감 [문장] 촉촉하고,,보습력/수분감,unchanged
train,238830,쇼핑몰,스킨케어,OO 주름관리 멀티밤 더블세트(멀티밤4+미스트2+오일2)+쇼핑백2,잔주름.겨울철피부건조때문에구매했는데 촉촉하고사용너무간편해서좋아요 ●강추강추●,보습력/수분감,촉촉하고,1,[속성] 보습력/수분감 [문장] 촉촉하고,,보습력/수분감,unchanged
train,238856,쇼핑몰,스킨케어,OO 주름관리 멀티밤 더블세트(멀티밤4+미스트2+오일2)+쇼핑백2,엄마친구들이 다 쓴다고 사달라고해서 엄마랑 나눠쓸려고 구매했어요~촉촉하니 얼굴도 반짜반짝 광도나고 너무 좋네요~~,보습력/수분감,촉촉하니,1,[속성] 보습력/수분감 [문장] 촉촉하니,,보습력/수분감,unchanged
train,238873,쇼핑몰,스킨케어,OO 주름관리 멀티밤 더블세트(멀티밤4+미스트2+오일2)+쇼핑백2,친정엄마랑 나눠쓸려고 주문했어요~ 향도 좋고 구성도 많아서 좋아요^^ 따로 아이크림을 안바르고 있는데 가히로 편하게 주름관리할 수 있을거 같아요! 감사합니다!,향,향도 좋고,1,[속성] 향 [문장] 향도 좋고,,향,unchanged
train,238927,쇼핑몰,스킨케어,OO 주름관리 멀티밤 더블세트(멀티밤4+미스트2+오일2)+쇼핑백2,예전부터 함 써보고 싶었는데 드디어 사용합니다~^^ 하루종일 촉촉하고 피부에 탄력이 생긴 느낌이예요~~암튼 수시로 바르게 되요~ 생각했던거 보다 만족도가 높네요~~^^,보습력/수분감,촉촉하고,1,[속성] 보습력/수분감 [문장] 촉촉하고,,보습력/수분감,unchanged
train,238935,쇼핑몰,스킨케어,OO 주름관리 멀티밤 더블세트(멀티밤4+미스트2+오일2)+쇼핑백2,처음엔 선물받아서 써봤는데 너무 편하고 좋아서 구매했어요~ 요새 다른 쇼핑몰에서도 똑같은 구성으로 방송 많이 하는데 여기가 젤 싸네요^^ 아이크림은 따로 바르고 두드려 흡수하는것도 귀찮은데 가히 멀티밤은 정말 편하고 촉촉하고 광도 돌고 강추입니다.,보습력/수분감,촉촉하고,1,[속성] 보습력/수분감 [문장] 촉촉하고,,보습력/수분감,unchanged
train,238952,쇼핑몰,스킨케어,OO 주름관리 멀티밤 더블세트(멀티밤4+미스트2+오일2)+쇼핑백2,광고효과로 일단 써보고 싶긴하더라고요. 더블세트로 저렴하게 잘사서 주변에 선물도하고 .가히는 다들 좋아하네요. 써보니깐 왜 인기인지 알듯싶네요.사용이 간편하고.촉촉하고 착붙는 제형의 질감이 기존과는 확실히 차별성이 있네요.기능성도 기대해봅니다. 잘쓸께요.!,보습력/수분감,촉촉하고,1,[속성] 보습력/수분감 [문장] 촉촉하고,,보습력/수분감,unchanged
train,238957,쇼핑몰,스킨케어,OO 주름관리 멀티밤 더블세트(멀티밤4+미스트2+오일2)+쇼핑백2,엄마가 홈쇼핑에서 보고 사고 싶다고 하셔서 구매했는데 오자마자 뜯어서 써보시더니 향도 은은하니 좋고 번들거릴까봐 걱정했는데 그렇지도 않고 촉촉하고 엄청 좋다고 하세요~~,보습력/수분감,촉촉하고,1,[속성] 보습력/수분감 [문장] 촉촉하고,,보습력/수분감,unchanged
train,238985,쇼핑몰,스킨케어,OO 주름관리 멀티밤 더블세트(멀티밤4+미스트2+오일2)+쇼핑백2,도착하자마자 설레여서 바로 발랐어요 역시 소문대로촉촉하고 반짝반짝 광이 나네요~ 친정엄마와 나누었어요^^,보습력/수분감,촉촉하고,1,[속성] 보습력/수분감 [문장] 촉촉하고,,보습력/수분감,unchanged
train,239014,쇼핑몰,스킨케어,OO 주름관리 멀티밤 더블세트(멀티밤4+미스트2+오일2)+쇼핑백2,"엄마가 너무 써보고 싶어해서 구매해봤는데 써보기 전에는 너무 기름질것 같아서 걱정했는데 기름지는 느낌없이 생각보다 매끈한 느낌으로 마무리되서 좋구요 같이 주신 구성품 미스트, 오일은 기대 안했는데 향도 좋고 마무리사용감도 좋네요",향,향도 좋고,1,[속성] 향 [문장] 향도 좋고,,향,unchanged
train,239077,쇼핑몰,스킨케어,OO 주름관리 멀티밤 더블세트(멀티밤4+미스트2+오일2)+쇼핑백2,상품평이 좋아 방송보자마자 주문했어요 오자마자 한번 발라밨는데 촉촉하고 건조함감 없이 좋은것같아요 엄마랑 같이 쓰면 좋을 것 같아요~,보습력/수분감,촉촉하고,1,[속성] 보습력/수분감 [문장] 촉촉하고,,보습력/수분감,unchanged
train,239091,쇼핑몰,스킨케어,OO 주름관리 멀티밤 더블세트(멀티밤4+미스트2+오일2)+쇼핑백2,멀티밤 방송하는거보고 구매했습니다. 주름에 효과는 없는거 같고 얼굴에 생기도 덜하네요. 가격도 비싸고 가격대비 용량이 적습니다.,가격,가격도 비싸고,-1,[속성] 가격 [문장] 가격도 비싸고,,가격,unchanged
train,239126,쇼핑몰,스킨케어,OO 주름관리 멀티밤 더블세트(멀티밤4+미스트2+오일2)+쇼핑백2,구성이 너무 작아 아쉽네요. 촉촉함도 덜하고 기름기가 많아 번들거림이 심합니다. 써보고 주름개선 효과도 있기를 바라네요.,흡수력,기름기가 많아,-1,[속성] 흡수력 [문장] 기름기가 많아,,흡수력,unchanged
train,239132,쇼핑몰,스킨케어,OO 주름관리 멀티밤 더블세트(멀티밤4+미스트2+오일2)+쇼핑백2,다른 화장품 쓰다가 OOO 나오고 나서는 OOO 만 쓰는데 가격도 비싸고 가격대비 용량이 적습니다. 구성이 작아 아쉽고 앞으로 다양한 패키지상품이 나왔음 좋겠습니다.,가격,가격도 비싸고,-1,[속성] 가격 [문장] 가격도 비싸고,,가격,unchanged
train,239140,쇼핑몰,스킨케어,OO 주름관리 멀티밤 더블세트(멀티밤4+미스트2+오일2)+쇼핑백2,원래쓰던제품인데 너무좋아서 또 구매해요. 촉촉하고 쓰기간편해서 계속 쓰게되네요~ 배송도 너무빠르고 좋네요♥,보습력/수분감,촉촉하고,1,[속성] 보습력/수분감 [문장] 촉촉하고,,보습력/수분감,unchanged
train,217446,쇼핑몰,스킨케어,OO 항** 기초세트 탄력기초 ,처음사용해보는데 촉촉하고 왠지 탄력이 생긴듯한 느낌도 드네요.앞으로 쭉 사용할것같아요.,보습력/수분감,촉촉하고,1,[속성] 보습력/수분감 [문장] 촉촉하고,,보습력/수분감,unchanged
train,217459,쇼핑몰,스킨케어,OO 항** 기초세트 탄력기초 ,구성도좋고가격도괜찮은데제품도만족하며잘바르고있어요흡수도잘되고촉촉해요다쓰면재구매할거같아요,보습력/수분감,촉촉해요,1,[속성] 보습력/수분감 [문장] 촉촉해요,,보습력/수분감,unchanged
train,217499,쇼핑몰,스킨케어,OO M** 남성기초세트 특집 구성,가격도 저렴하고 향도 은은하고 남편이 괜찮다고 하네요,가격,가격도 저렴하고,1,[속성] 가격 [문장] 가격도 저렴하고,,가격,unchanged
train,217518,쇼핑몰,스킨케어,OO M** 남성기초세트 특집 구성,향도좋고 촉촉하고 발림성이 좋으네요~ 바지로션은 향이 너무진한것같아요~ 통이 귀엽습니다~,보습력/수분감,촉촉하고,1,[속성] 보습력/수분감 [문장] 촉촉하고,,보습력/수분감,unchanged
train,217526,쇼핑몰,스킨케어,OO M** 남성기초세트 특집 구성,디자인이 고급스럽진 않습니다. 무려 3박스라 1박스를 선물로 주려고 했는데 박스가 그닥 선물용으로 주기엔 모자람이 있네요. 하지만 제품에 대한 품평을 논하자고 한다면 넘 좋습니다. 끈적임도 없고 상쾌하고 부드럽습니다.,보습력/수분감,상쾌하고,1,[속성] 보습력/수분감 [문장] 상쾌하고,,보습력/수분감,unchanged
train,217526,쇼핑몰,스킨케어,OO M** 남성기초세트 특집 구성,디자인이 고급스럽진 않습니다. 무려 3박스라 1박스를 선물로 주려고 했는데 박스가 그닥 선물용으로 주기엔 모자람이 있네요. 하지만 제품에 대한 품평을 논하자고 한다면 넘 좋습니다. 끈적임도 없고 상쾌하고 부드럽습니다.,윤기/피부(톤),부드럽습니다.,1,[속성] 윤기/피부(톤) [문장] 부드럽습니다.,,윤기/피부(톤),unchanged
train,217567,쇼핑몰,스킨케어,OO 보** 남성기초 1+1+1 설특집구성 ,향도 좋고 가격도 너무 좋고 상품구성 멋지네요. 배송 또한 좋아서. 구매한지 2주만에 재구매해서 쌓아놓구 쓸려구 ..ㅋ,향,향도 좋고,1,[속성] 향 [문장] 향도 좋고,,향,unchanged
train,217589,쇼핑몰,스킨케어,OO 보** 남성기초 1+1+1 설특집구성 ,샘플 써봤는데 촉촉하고 특히 향이 부드러워서 좋습니다,보습력/수분감,촉촉하고,1,[속성] 보습력/수분감 [문장] 촉촉하고,,보습력/수분감,unchanged
train,217599,쇼핑몰,스킨케어,OO 보** 남성기초 1+1+1 설특집구성 ,2년전에 구입한 상품보다 향도 좋고 사용감도 훨씬 좋아요,향,향도 좋고,1,[속성] 향 [문장] 향도 좋고,,향,unchanged
train,217631,쇼핑몰,스킨케어,OO 보** 남성기초 1+1+1 설특집구성 ,향도 좋고 발림성이좋아서 다들 좋아하네요,향,향도 좋고,1,[속성] 향 [문장] 향도 좋고,,향,unchanged
train,217646,쇼핑몰,스킨케어,OO 한방기초 화장품 2+2+2+2+2 세트,제 나이에는 딱인거같아요~촉촉하고 적당히 윤기도있고..성분이 꼭필요한거만 들어있어서 더욱 좋았어요~,보습력/수분감,촉촉하고,1,[속성] 보습력/수분감 [문장] 촉촉하고,,보습력/수분감,unchanged
train,217665,쇼핑몰,스킨케어,OO 송** 탄력기초 전구성 더블세트,오늘 받자마자 이것저것 발라보았어요. 우선 냄새도 좋고 발림성도 좋더라구요~ 촉촉하니 거칠어진피부가 좋아질것같아 좋아요. 무엇보다 엄마가 엄청좋아하시네요^^,보습력/수분감,촉촉하니,1,[속성] 보습력/수분감 [문장] 촉촉하니,,보습력/수분감,unchanged
train,217667,쇼핑몰,스킨케어,OO 송** 탄력기초 전구성 더블세트,"향도 괜찮고, 촉촉하니 잘스며들고 참 좋네요. 다음에 또 주문하고 싶네요~~^^",보습력/수분감,촉촉하니,1,[속성] 보습력/수분감 [문장] 촉촉하니,,보습력/수분감,unchanged
train,217681,쇼핑몰,스킨케어,OO 송** 탄력기초 전구성 더블세트,OOO 세트 구매해서 써봤는데 얼굴에 착 감기면서 촉촉하고 흡수력이 너무 좋아요 재구매 의사 100%입니다,보습력/수분감,촉촉하고,1,[속성] 보습력/수분감 [문장] 촉촉하고,,보습력/수분감,unchanged
train,217693,쇼핑몰,스킨케어,OO 송** 탄력기초 전구성 더블세트,친정엄마께 선물해드렸는데 넘 좋아하시네요~~ 촉촉하고 보습력이 있어서 만족하신데요~~,보습력/수분감,촉촉하고,1,[속성] 보습력/수분감 [문장] 촉촉하고,,보습력/수분감,unchanged
train,217704,쇼핑몰,스킨케어,OO 송** 탄력기초 전구성 더블세트,이틀만에 빠른 배송으로 받아 스킨부터 발라 보았더니 촉촉함을 느끼네요 아침까지 촉촉해요 아이크림도 2개 있어 아끼지 않고 써도 좋을듯 하네요,보습력/수분감,촉촉해요,1,[속성] 보습력/수분감 [문장] 촉촉해요,,보습력/수분감,unchanged
train,217729,쇼핑몰,스킨케어,OO 송** 탄력기초 전구성 더블세트,전부터 OOO을 써보고싶었는데 우연히 방송보고 구성이 좋아서 신청했어요~ 생각보다 향은 좀 그런데 촉촉하고 탄력감이 좋네요 꾸준히 사용하면 좋아질것 같아요~,보습력/수분감,촉촉하고,1,[속성] 보습력/수분감 [문장] 촉촉하고,,보습력/수분감,unchanged
train,217739,쇼핑몰,스킨케어,OO 송** 탄력기초 전구성 더블세트,촉촉하고 구성도 좋고 배송 진짜 빠르고 좋아요,보습력/수분감,촉촉하고,1,[속성] 보습력/수분감 [문장] 촉촉하고,,보습력/수분감,unchanged
train,217751,쇼핑몰,스킨케어,OO 송** 탄력기초 전구성 더블세트,"구성도 좋고, 촉촉하니 좋네요 딸과 같이 나눠쓰는데 딸도 좋다고 하네요 .다음에 또 살께요~~^^",보습력/수분감,촉촉하니 좋네요,1,[속성] 보습력/수분감 [문장] 촉촉하니 좋네요,,보습력/수분감,unchanged
train,217765,쇼핑몰,스킨케어,OO 송** 탄력기초 전구성 더블세트,상품이 실속 있고 가성비 최고입니다. 향도 좋고 품질도 만족합니다.,향,향도 좋고,1,[속성] 향 [문장] 향도 좋고,,향,unchanged
train,239202,쇼핑몰,스킨케어,OO 주름관리 멀티밤 더블세트(멀티밤4+미스트2+오일2)+쇼핑백2,건조한 요즘 엄마 피부가 거칠어지셔서 선물해드렸어요! 향이 거의 없어서 부담없구요~ 촉촉하니 피부에서 광이 나요! 다 쓰시면 재구매해야겠습니다. 빠른 배송 감사합니다.,보습력/수분감,촉촉하니,1,[속성] 보습력/수분감 [문장] 촉촉하니,,보습력/수분감,unchanged
train,239248,쇼핑몰,스킨케어,OO 주름관리 멀티밤 더블세트(멀티밤4+미스트2+오일2)+쇼핑백2,받자마자 썼어요.부드러운 발림감에 촉촉하고 탄력감도 좋은것같아요.잘 써겠습니다,보습력/수분감,촉촉하고,1,[속성] 보습력/수분감 [문장] 촉촉하고,,보습력/수분감,unchanged
train,239311,쇼핑몰,스킨케어,OO 주름관리 멀티밤 더블세트(멀티밤4+미스트2+오일2)+쇼핑백2,주문하고 배송이 빨라서 우선 좋았고요 쇼핑백도 두개라 반은 선물했어요 도착해서 막 써봤는데 부드럽게 잘 발리고 보습감이 너무 좋아요 감사합니다 잘쓰겠습니다,발림성,부드럽게 잘 발리고,1,[속성] 발림성 [문장] 부드럽게 잘 발리고,,발림성,unchanged
train,239326,쇼핑몰,스킨케어,OO 주름관리 멀티밤 더블세트(멀티밤4+미스트2+오일2)+쇼핑백2,선물 받아서 써봤는데 너무 좋아서 직접 구입하게 됐어요~ 향도 좋고 구성도 알차고 좋아요. 요즘처럼 건조할때 바르면 보습도 잘되고 무엇보다 스틱이라 손에 묻지않아도 되니 더더 좋아요!,향,향도 좋고,1,[속성] 향 [문장] 향도 좋고,,향,unchanged
train,239381,쇼핑몰,스킨케어,OO 주름관리 멀티밤 더블세트(멀티밤4+미스트2+오일2)+쇼핑백2,써보고 싶어서 샀어요. 근데 예상했던 것과 다르게 용기가 작네요 좀 가격도 비싸고 오래 쓸 줄 알았는데 양이 작아 금방 쓸 것 같아요.,가격,가격도 비싸고,-1,[속성] 가격 [문장] 가격도 비싸고,,가격,unchanged
train,239390,쇼핑몰,스킨케어,OO 주름관리 멀티밤 더블세트(멀티밤4+미스트2+오일2)+쇼핑백2,악건성인데 요즘 더 건조한 계절이라서 더더욱 필요한 제품인것 같아요. 촉촉하고 발림성도 좋아요. 건조한 피부인 분들은 만족할 것 같아요~~ 향기도 나는듯 안나는듯 은은해서 좋습니다. 재구매 의사 있어요^^,보습력/수분감,촉촉하고,1,[속성] 보습력/수분감 [문장] 촉촉하고,,보습력/수분감,unchanged
train,239401,쇼핑몰,스킨케어,OO 주름관리 멀티밤 더블세트(멀티밤4+미스트2+오일2)+쇼핑백2,너무유명한가히..계속눈으로만 보고 고민하다 드디어 샀습니다^^ 멀티밤이라 역쉬 쪽쪽하게 주름사이사이 메뀌어주는듯 바르고보니 잔주름이 덜보이는것같네요 계속잘써보겠습니다 사은품부탁드립니다~~,보습력/수분감,쪽쪽하게,1,[속성] 보습력/수분감 [문장] 쪽쪽하게,,보습력/수분감,unchanged
train,239409,쇼핑몰,스킨케어,OO 주름관리 멀티밤 더블세트(멀티밤4+미스트2+오일2)+쇼핑백2,드뎌 받았습니다. 늘 쓰던 제품인데 저렴하게 득템했어요~발림성 좋고 향도 은은하니 좋아요. 계속쓰다보면 주름 옅어지겠죠~,발림성,발림성 좋고,1,[속성] 발림성 [문장] 발림성 좋고,,발림성,unchanged
train,239495,쇼핑몰,스킨케어,OO 주름관리 멀티밤 더블세트(멀티밤4+미스트2+오일2)+쇼핑백2,오늘 택배가 와서 너무좋아요 너무 사고 싶었는데 이제야 써보네요 왠지 한버 써봤는데 촉촉하고 얼굴에서 광이나네요 잔주름이 많았는데 효과를 기대하며 계속 써야겠어요 감사합니다,보습력/수분감,촉촉하고,1,[속성] 보습력/수분감 [문장] 촉촉하고,,보습력/수분감,unchanged
train,239501,쇼핑몰,스킨케어,OO 주름관리 멀티밤 더블세트(멀티밤4+미스트2+오일2)+쇼핑백2,"눈가,입가 주름 고민이 있던차에 친구가 추천해줘서 구입했습니다. 발림성 좋고 촉촉하고 무엇보다 휴대가 편해 간편하게 수시로 바를 수 있어 좋네요. 더블구성으로 넉넉한 수량이라 화장대 위,파우치,백 안에 각각 넣어두고 언제 어디서나 손쉽게 바르게 되어 좋습니다",발림성,발림성 좋고,1,[속성] 발림성 [문장] 발림성 좋고,,발림성,unchanged
train,239501,쇼핑몰,스킨케어,OO 주름관리 멀티밤 더블세트(멀티밤4+미스트2+오일2)+쇼핑백2,"눈가,입가 주름 고민이 있던차에 친구가 추천해줘서 구입했습니다. 발림성 좋고 촉촉하고 무엇보다 휴대가 편해 간편하게 수시로 바를 수 있어 좋네요. 더블구성으로 넉넉한 수량이라 화장대 위,파우치,백 안에 각각 넣어두고 언제 어디서나 손쉽게 바르게 되어 좋습니다",보습력/수분감,촉촉하고,1,[속성] 보습력/수분감 [문장] 촉촉하고,,보습력/수분감,unchanged
train,239523,쇼핑몰,스킨케어,OO 주름관리 멀티밤 더블세트(멀티밤4+미스트2+오일2)+쇼핑백2,안녕하세요~~~~ 가히 제품을 벌써 세번째 쓰고 있습니다 저 같이 건조한 피부에는 촉촉하고 광도 나고 피부가 깨끗하게 보여서 피부 좋고 밝아보여서 넘 좋아요~~~ 미스트 같은경우도 다른제품을 써보면 피부가 넘건조해지고 땡기는데 가히껀 땡기지도 않고 촉촉해요~~~^^ 저녁에 자기전에 바르고 자면 다음날에도 피부가 촉촉하게 유지가 되더라구~~~넘 좋아서 선물을 주니 다들 좋다고 하더라구요~~ 전 강추입니다~~ 재구매 의사 있습니다~~^^ 배송도 넘 빨라서 좋아요~~~^^,보습력/수분감,촉촉하고,1,[속성] 보습력/수분감 [문장] 촉촉하고,,보습력/수분감,unchanged
train,239535,쇼핑몰,스킨케어,OO 주름관리 멀티밤 더블세트(멀티밤4+미스트2+오일2)+쇼핑백2,지인에게 선물받아 한통 써보고 완전반했죠. 타 홈쇼핑에서 방송중이길래 놓칠세라 당장 구매했어요. 그런데 또 OO쇼핑서도 하는겁니다. 쟁여두고 쓰려고 또 질렀죠. 중건성피부인데도 쪼임없이 촉촉하고 좀지나면 보송하니 좋아요. 주변에서 5년은 어려보인다네요.ㅎㅎ 돈벌었네요.~^,보습력/수분감,촉촉하고,1,[속성] 보습력/수분감 [문장] 촉촉하고,,보습력/수분감,unchanged
train,239606,쇼핑몰,스킨케어,OO 주름관리 멀티밤 더블세트(멀티밤4+미스트2+오일2)+쇼핑백2,단품으로 구매해서 쓰고 좋아서 이번에 풀구성 구매합니다. 건성이라 촉촉하고 주름도 쫙~ 펴지는거 같아요^^,보습력/수분감,촉촉하고,1,[속성] 보습력/수분감 [문장] 촉촉하고,,보습력/수분감,unchanged
train,239632,쇼핑몰,스킨케어,OO 주름관리 멀티밤 더블세트(멀티밤4+미스트2+오일2)+쇼핑백2,풀세트로 주문했어요! 미스트는 처음써보는데 향도 좋고 촉촉해요 스틱이랑 같이 쓰니 더 오래 가는것 같아요!!,보습력/수분감,촉촉해요,1,[속성] 보습력/수분감 [문장] 촉촉해요,,보습력/수분감,unchanged
train,239654,쇼핑몰,스킨케어,OO 주름관리 멀티밤 더블세트(멀티밤4+미스트2+오일2)+쇼핑백2,주름이 고민이어서 주문했습니다. 가격도 비싸고 자주 바르니 용량도 적어서 빨리 닳아요. 건조한 피부에 발랐는데 촉촉하지 않네요. 주름에는 효과 있으면 좋겠습니다.,가격,가격도 비싸고,-1,[속성] 가격 [문장] 가격도 비싸고,,가격,unchanged
train,239657,쇼핑몰,스킨케어,OO 주름관리 멀티밤 더블세트(멀티밤4+미스트2+오일2)+쇼핑백2,"요즘 난방으로 건조해서 구입해 봤어요. 아침에 출근하면 써봤는데, 뭉침현상으로 사용하기 불편하네요. 촉촉함도 아쉽고, 용량 대비 가격이 너무 비싸요.",편의성/활용성,사용하기 불편하네요.,-1,[속성] 편의성/활용성 [문장] 사용하기 불편하네요.,,편의성/활용성,unchanged
train,239671,쇼핑몰,스킨케어,OO 주름관리 멀티밤 더블세트(멀티밤4+미스트2+오일2)+쇼핑백2,너무도좋은 상품 잘쓰겠습니다. 피부가 촉촉하고 피부탄력에도 많은도움이 되는거같아요~,보습력/수분감,피부가 촉촉하고,1,[속성] 보습력/수분감 [문장] 피부가 촉촉하고,,보습력/수분감,unchanged
train,239710,쇼핑몰,스킨케어,OO 주름관리 멀티밤 더블세트(멀티밤4+미스트2+오일2)+쇼핑백2,종일 촉촉하고 광이 나네요~ 건조한 겨울 날씨에 딱입니다 추천추천요~**,보습력/수분감,촉촉하고,1,[속성] 보습력/수분감 [문장] 촉촉하고,,보습력/수분감,unchanged
train,239712,쇼핑몰,스킨케어,OO 주름관리 멀티밤 더블세트(멀티밤4+미스트2+오일2)+쇼핑백2,상품 잘 받았습니다^^ 받자 마자.. 사진찍고 ..발라보니.. 너무나 좋습니다^^ 원하는 부위에 자주자주 생각날때마다.. 발라주니.. 촉촉하고 광이 나요..,보습력/수분감,촉촉하고,1,[속성] 보습력/수분감 [문장] 촉촉하고,,보습력/수분감,unchanged
train,239798,쇼핑몰,스킨케어,OO D** 크림 링클리페어 7종+숄머플러,촉촉하니 발림성이 좋고 얼굴이 매끈한것 같아요,보습력/수분감,촉촉하니,1,[속성] 보습력/수분감 [문장] 촉촉하니,,보습력/수분감,unchanged
train,239798,쇼핑몰,스킨케어,OO D** 크림 링클리페어 7종+숄머플러,촉촉하니 발림성이 좋고 얼굴이 매끈한것 같아요,발림성,발림성이 좋고,1,[속성] 발림성 [문장] 발림성이 좋고,,발림성,unchanged
train,240013,쇼핑몰,스킨케어,OO 마** 크림 최대용량 세트,무조건무조건 좋아요 저는 50대구요 제피부가 완전건성인데 촉촉하고 피부좋아졌다는소리 많이 듣네요 강추입니당^^,보습력/수분감,촉촉하고,1,[속성] 보습력/수분감 [문장] 촉촉하고,,보습력/수분감,unchanged
train,240034,쇼핑몰,스킨케어,OO 보** 퍼펙트 링클 ,저녁에 바르고 아침에 세안을 하니 피부고 고와지고 한결 촉촉합니다...몇일 언써서...라부팅이라든가...이론건 모르겟고 촉촉하고 당김없어서 좋아요,보습력/수분감,촉촉하고,1,[속성] 보습력/수분감 [문장] 촉촉하고,,보습력/수분감,unchanged
train,240050,쇼핑몰,스킨케어,OO 기미 크림 패치 세트,크림이 제형이 쫀쫀하네요 종일 촉촉해요 패치도 열심히 붙여야겠어요 재구매하기를 기대해요,보습력/수분감,촉촉해요,1,[속성] 보습력/수분감 [문장] 촉촉해요,,보습력/수분감,unchanged
train,240093,쇼핑몰,스킨케어,OO 마** 크림 시즌3 79,"처음 주문할때는 정말 기대 안하고 무료 체험분을 써 보구 안좋은면 반품 할려고 시켰어요^^ 체험을으로 2번 정도 쓰니까 촉촉하고, 미백효과에 좋더라구요^^ 제가 잡티 기미가 많아서 이것도 효과가 있다고 하니 열심히 발라보겠습니다^^ 정말 좋아지고 싶어요^^ 효과를 본다면 정말 이것만 평생 쓰겠습니다 주변에도 많이 알리고요^^ ㅋㅋㅋㅋㅋㅋㅋㅋㅋㅋㅋㅋㅋㅋㅋㅋㅋㅋ",보습력/수분감,촉촉하고,1,[속성] 보습력/수분감 [문장] 촉촉하고,,보습력/수분감,unchanged
train,240198,쇼핑몰,스킨케어,[5+1덤증정 ]OO 보** 핸드크림 6종세트+쇼핑백,선물로 산건데 촉촉하고 향도 상당히 좋다고 합니다. 선물 한 사람도... 선문 받은 사람도.. 만족 합니다..,보습력/수분감,촉촉하고,1,[속성] 보습력/수분감 [문장] 촉촉하고,,보습력/수분감,unchanged
train,240228,쇼핑몰,스킨케어,OO 대용량 크림 200g x3,대용량이라 아끼지않고 사용할수 있어 좋아요 가격도 저렴하고 향도 좋아요 주름개선 기능성이라고 하는데 사용한지 며칠 안되어서 효능 후기는 못올리네요,가격,가격도 저렴하고,1,[속성] 가격 [문장] 가격도 저렴하고,,가격,unchanged
train,240231,쇼핑몰,스킨케어,OO 갈** 크림 120ml,성분이 괜찮은것 같아서 주문해봤는데 만족합니다 피부가 건조한편인데 촉촉하고 자극없이 괜찮네요 세일가격에 적립금까지 이용해서 저렴히 구매했고 배송은 빨랐어요,보습력/수분감,촉촉하고,1,[속성] 보습력/수분감 [문장] 촉촉하고,,보습력/수분감,unchanged
train,240252,쇼핑몰,스킨케어,OO 더** 아이크림 40mlx4개,발림성 좋고 향도 무난하네요~ 대용량이라 얼굴전체 넉넉하게 발라요~,발림성,발림성 좋고,1,[속성] 발림성 [문장] 발림성 좋고,,발림성,unchanged
train,240306,쇼핑몰,스킨케어,OO 마** 크림,피부에 윤기가 흐르고 화장이 잘 먹어요. 피부가 화사해 지는 느낌이예요.언니꺼 써 보고 좋아서 구매했어요.,흡수력,화장이 잘 먹어요.,1,[속성] 흡수력 [문장] 화장이 잘 먹어요.,,흡수력,unchanged
train,240312,쇼핑몰,스킨케어,OO 마** 크림,배송은 빨리 왔구요 가성비 좋은 양이구요 발랐을때 저는 유분기 싫어하는데 약간 유분기는 느껴져요 끈적끈적 이랄까.. 대신 밤에 바르고 자면 촉촉함 아침까지 유지되구요 아침 출근할때 바르고 저녁 됐는데 하루종일 촉촉해요 끈적이고 무거운 느낌만 들하면 참 좋겠네요 70%만족이예요 잘써볼께요 샘플은 양이 딱 한번 바를 꺼라 싸보고 결정 하기에는 좀 그렇네요 하루이틀 정도는 발라봐야 하는데 ㅋㅋ 어쩔수 없이 구매한 본품 뜯어서 발라봅니다 큰 트러블 없으니 꾸준히 발라볼께요,보습력/수분감,촉촉해요,1,[속성] 보습력/수분감 [문장] 촉촉해요,,보습력/수분감,unchanged
train,240328,쇼핑몰,스킨케어,OO 마** 크림,10%로 할인 쿠폰에 적립금 까지 사용해 아주 저렴하게 구입해 촉촉하고 발림성 좋은 마데카크림 잘사용 하겠습니다 ~^^,보습력/수분감,촉촉하고,1,[속성] 보습력/수분감 [문장] 촉촉하고,,보습력/수분감,unchanged
train,240360,쇼핑몰,스킨케어,OO 화** 크림 특별구성,촉촉하고 얼굴이 밝아진것 같아요,보습력/수분감,촉촉하고,1,[속성] 보습력/수분감 [문장] 촉촉하고,,보습력/수분감,unchanged
train,240382,쇼핑몰,스킨케어,OO 화** 크림 특별구성,화장품 살때 트러블생길까봐 화장품 고르기가 참어려운데 긴가민가하고 주문했는데 이건좋네요 촉촉하고 약간끈적거리긴하지만 참을만은해요 기미가 살짝연해지는 느낌이예요 글루타치온의 효과인가~~ 암튼 좋아요 얼릉 기미없어져서 피부깨끗해졌으면좋겠네요 ㅎ,보습력/수분감,촉촉하고,1,[속성] 보습력/수분감 [문장] 촉촉하고,,보습력/수분감,unchanged
train,240419,쇼핑몰,스킨케어,OO 화** 크림 특별구성,배송받자 저녁세안후 바로 듬뿍 바르고 잣어요 세상에나 아침에 피부가 넘 부드럽고 탄력까지 잇어보엿네요 넘 좋아요,윤기/피부(톤),피부가 넘 부드럽고,1,[속성] 윤기/피부(톤) [문장] 피부가 넘 부드럽고,,윤기/피부(톤),unchanged
train,240453,쇼핑몰,스킨케어,OO 화** 크림 특별구성,더 사용을해봐야 알겠지만 향도 좋고 쫀득한 제형이네요 제형이 끈적이지않아만족합니다,향,향도 좋고,1,[속성] 향 [문장] 향도 좋고,,향,unchanged
train,240455,쇼핑몰,스킨케어,OO 화** 크림 특별구성,촉촉하고 화사해져요,보습력/수분감,촉촉하고,1,[속성] 보습력/수분감 [문장] 촉촉하고,,보습력/수분감,unchanged
train,240475,쇼핑몰,스킨케어,OO 화** 크림 특별구성(무료체험6개),사용감도 촉촉하고 쫀득하면서 너무 좋네요ㅎ 향기도 좋아요,보습력/수분감,촉촉하고,1,[속성] 보습력/수분감 [문장] 촉촉하고,,보습력/수분감,unchanged
train,240481,쇼핑몰,스킨케어,OO 화** 크림 특별구성(무료체험6개),촉촉하고 탄력있는거 같습니다,보습력/수분감,촉촉하고,1,[속성] 보습력/수분감 [문장] 촉촉하고,,보습력/수분감,unchanged
train,240515,쇼핑몰,스킨케어,OO 화** 크림 특별구성(무료체험6개),촉촉하고 탱탱해지는게 느껴지는거 같네요,보습력/수분감,촉촉하고,1,[속성] 보습력/수분감 [문장] 촉촉하고,,보습력/수분감,unchanged
train,240530,쇼핑몰,스킨케어,OO 알** 선스틱 특별구성,촉촉함이 오래가지 않고 바르면 시원하지 않습니다. 알로에 성분이 좋지 않은 것 같아요. 피부가 따갑습니다.,지속력/유지력,촉촉함이 오래가지 않고,-1,[속성] 지속력/유지력 [문장] 촉촉함이 오래가지 않고,,지속력,merged_duplicate_label
train,240550,쇼핑몰,스킨케어,OO 알** 선스틱 특별구성,알로에 제품만 구입하는 편입니다. 가격도 비싸고 구성이 좋지 않았지만 OO알로에 제품이라 구매했습니다.,가격,가격도 비싸고,-1,[속성] 가격 [문장] 가격도 비싸고,,가격,unchanged
train,240558,쇼핑몰,스킨케어,OO 알** 선스틱 특별구성,시원하고 부드럽게 잘 발려요 끈적임도 없고 만족합니다^^,보습력/수분감,시원하고,1,[속성] 보습력/수분감 [문장] 시원하고,,보습력/수분감,unchanged
train,240578,쇼핑몰,스킨케어,OO 아이케어밤 리프레쉬 2+1,촉촉하고수분이많아요,보습력/수분감,촉촉하고,1,[속성] 보습력/수분감 [문장] 촉촉하고,,보습력/수분감,unchanged
train,240619,쇼핑몰,스킨케어,OO 더** 크림 특별구성(무료체험6개),샘플써보니 촉촉하고 쫀쫀하네요 잘 산거 같아요 계속 써볼 게요,보습력/수분감,촉촉하고,1,[속성] 보습력/수분감 [문장] 촉촉하고,,보습력/수분감,unchanged
train,240744,쇼핑몰,스킨케어,[5+1덤증정]OO 블** 핸드크림 5종세트+쇼핑백,향도 좋고 가지고 다니기에 적당한 크기에요 너무 기름지지도 않고 좋아요,향,향도 좋고,1,[속성] 향 [문장] 향도 좋고,,향,unchanged
train,240775,쇼핑몰,스킨케어,OO 프** 기초 2+2+2 완벽더블+스페셜케어 3종 (총11종),좋아요 생각보다 발림느낌더좋고 촉촉하고 홈쇼핑 제품 망설였는데 괜찮네요^^,보습력/수분감,촉촉하고,1,[속성] 보습력/수분감 [문장] 촉촉하고,,보습력/수분감,unchanged
train,240892,쇼핑몰,스킨케어,OO 마** 크림 8개+대용량에센스,촉촉하고 피부에 자극이 없어 좋아요,보습력/수분감,촉촉하고,1,[속성] 보습력/수분감 [문장] 촉촉하고,,보습력/수분감,unchanged
train,240949,쇼핑몰,스킨케어,OO 비** 보습크림,극건성인 제 피부에 딱 좋아요 발림성이 진짜 연고처럼 잘 안발려지지만 촉촉해요,보습력/수분감,촉촉해요,1,[속성] 보습력/수분감 [문장] 촉촉해요,,보습력/수분감,unchanged
train,241062,쇼핑몰,스킨케어,OO 마** 크림 대용량 8개+대용량에센스,이틀 밖에 사용 안 해서 효과는 잘 모르겠고 자기 전에 바르고 일어나면 피부가 건조합니다.,보습력/수분감,피부가 건조합니다.,-1,[속성] 보습력/수분감 [문장] 피부가 건조합니다.,,보습력/수분감,unchanged
train,241260,쇼핑몰,스킨케어,OO 순** 스킨케어 2종세트,순하고 보습력 짱입니다 건성이신 분들에게 강추^^,자극성,순하고,1,[속성] 자극성 [문장] 순하고,,자극성,unchanged
train,241279,쇼핑몰,스킨케어,OO 프** 기초 2세트+골드케어 3종,Ahc다워요 촉촉하고 제형이 끈적임없고요,보습력/수분감,촉촉하고,1,[속성] 보습력/수분감 [문장] 촉촉하고,,보습력/수분감,unchanged
train,241332,쇼핑몰,스킨케어,OO 일** 선크림 150ml+수딩 젤 175ml,제품 좋아요촉촉하고 자극도 없이 순해요 앞으로도 계속 이용할 생각입니다^~^,보습력/수분감,촉촉하고,1,[속성] 보습력/수분감 [문장] 촉촉하고,,보습력/수분감,unchanged
train,241441,쇼핑몰,스킨케어,OO 크림 2주 체험킷(1ml*14개),2주분의 샘플을 공짜로 받을수 있어 좋았어요 포장도 꼼꼼하고 메모지까지 챙겨주셨습니다 화장품도 만족합니다 촉촉하고 발림성도 좋고~ 2주 사용후가 기대됩니다~^^,보습력/수분감,촉촉하고,1,[속성] 보습력/수분감 [문장] 촉촉하고,,보습력/수분감,unchanged
train,241459,쇼핑몰,스킨케어,OO 크림 2주 체험킷(1ml*14개),촉촉하고 잘발리네요 좀 더 써봐야겠어요,보습력/수분감,촉촉하고,1,[속성] 보습력/수분감 [문장] 촉촉하고,,보습력/수분감,unchanged
train,241564,쇼핑몰,스킨케어,OO 썬 모이스처라이저 SPF50+ PA++++ 100ml,아이들에게 쓰고 있어요 지금까지 썬크림 사서 다 써본적 없는데 닥터 바이오는 다 쓰고 또 구입해요~~ 부드럽고 끈적임없이 흡수되는 점이 너무 좋아요~~ 용량도 커서 몸에도 바르고 너무좋아요~~,윤기/피부(톤),부드럽고,1,[속성] 윤기/피부(톤) [문장] 부드럽고,,윤기/피부(톤),unchanged
train,241884,쇼핑몰,스킨케어,OO 마** 크림 50ml*5+15ml*2+파워앰플 30ml*1,사용 한 결과 피부가 거칠어지고 피부결이 푸석해집니다. 아침에 피부가 건조합니다. 유통기한도 짧은 제품이 왔습니다.,보습력/수분감,피부가 건조합니다.,-1,[속성] 보습력/수분감 [문장] 피부가 건조합니다.,,보습력/수분감,unchanged
train,242113,쇼핑몰,스킨케어,OO 하** 마스크팩 스페셜 구성,"써보지 않고 방송만 보고 두 세트 주문했는데, 얇아서 사용하기 불편하네요. 촉촉함은 아쉬운 듯하고, 가격은 좀 더 저렴하면 좋을 것 같아요.",편의성/활용성,사용하기 불편하네요.,-1,[속성] 편의성/활용성 [문장] 사용하기 불편하네요.,,편의성/활용성,unchanged
train,242411,쇼핑몰,스킨케어,OO 앱** 순면 마스크팩 총 100매,1일1팩으로 좋아요 촉촉하고 일시적으로 미백효과 느낌도 있는듯해요 사이즈가 세로는 충분한데 폭은 살짝 작은듯합니다 저렴하게 구매해서 제피부엔 잘맞아서 만족합니다,보습력/수분감,촉촉하고,1,[속성] 보습력/수분감 [문장] 촉촉하고,,보습력/수분감,unchanged
train,242804,쇼핑몰,스킨케어,OO 콜라겐 크림팩 기본구성(50g*7개+6g*5개+스파츌러),피부가 건조해지고 탄력이없어져 구매했는데 무료체험분 사용하고 좋아서 구매했습니다 딸도 같이쓰는데 촉촉하니 탄력이 생기는것 같아 좋다고하네요,보습력/수분감,촉촉하니,1,[속성] 보습력/수분감 [문장] 촉촉하니,,보습력/수분감,unchanged
train,242833,쇼핑몰,스킨케어,OO 코** 석고 마스크팩 22회관리분+앰플2박스,타사 석고팩 쓰고 있는데 마르고 떼면 벌겋게 피부에 자극이 되서 이 제품 전에 썼던 기억 있어 구입했는데 자극적이지 않고 촉촉해서 좋으네요^^,자극성,자극적이지 않고,1,[속성] 자극성 [문장] 자극적이지 않고,,자극성,unchanged
train,243156,쇼핑몰,스킨케어,OO V** 미라팩 역대 최다구성 패키지 (밴드2 + 마스크팩46매 + 크림1),상품받자마자 붙여봣는데 얼굴에 착달라붙는느낌이고 쫀쫀하구 촉촉하고 써본 팩중에 젤좋은거같아요 감사합니다~~~,보습력/수분감,촉촉하고,1,[속성] 보습력/수분감 [문장] 촉촉하고,,보습력/수분감,unchanged
train,243157,쇼핑몰,스킨케어,OO V** 미라팩 역대 최다구성 패키지 (밴드2 + 마스크팩46매 + 크림1),마스크팩이 너무 조각조각 들어있어서 오히려 불편. 그냥 하나로 되있으면 좋을뻔. 목까지 쭉 한번에 붙일수 있도록. 조각조각 나눠져있고 거기에필름지까지 앞뒤로 붙어있어서 떼내기 불편했음. 오자마자 샘플 써봤는데 가려움증 전혀없고 보습도 좋고 꾸준히 사용하면 피부 좋아질듯. 아쉬운건 좀더 에센스가 풍성하게 들어있으면 좋을듯. 같이 온 밴드 처진 피부에 꾸준히 사용하면 도움될듯.,보습력/수분감,보습도 좋고,1,[속성] 보습력/수분감 [문장] 보습도 좋고,,보습력/수분감,unchanged
train,243166,쇼핑몰,스킨케어,OO 석고 마스크팩 5박스+ 앰플2개 추가,처음 사용이라서 그런지 코부분이 들떠서 사용하기 불편하네요. 자꾸 사용하다보면 잘 붙일 수 있겠죠? 이제 한 번 사용해서 효과는 잘 모르겠어요. 계속 사용해 볼께요.,편의성/활용성,사용하기 불편하네요.,-1,[속성] 편의성/활용성 [문장] 사용하기 불편하네요.,,편의성/활용성,unchanged
train,243214,쇼핑몰,스킨케어,OO 마** 마스크팩 최다구성세트 ,마데카 크림을 써봤기때문에 마스크팩도 좋을거라 예상했지만 기대를 저버리지않았네여~~촉촉하고 당김이 확실히 덜하네여~피부도 울기가 나거여~~좋은제품 잘 사요할께여~~,보습력/수분감,촉촉하고,1,[속성] 보습력/수분감 [문장] 촉촉하고,,보습력/수분감,unchanged
train,243285,쇼핑몰,스킨케어,OO 알** 알로에 더블케어 마스크팩,무엇보다 마스크시트가 맘에 들구요.. 내피부를 촉촉하고 쫀쫀하게 해줘서 좋네요.. 요즘 일일일팩합니다^^*,보습력/수분감,촉촉하고,1,[속성] 보습력/수분감 [문장] 촉촉하고,,보습력/수분감,unchanged
train,243390,쇼핑몰,스킨케어,OO  베** 클랜저세트 ,씻으면 화면처럼 광이 안 나고 피부가 부드럽지 않아요. 미세먼지까지 깨끗하게 지워준다는데 잘 안 씻기는 느낌이 들어요. 향도 별로예요.,윤기/피부(톤),피부가 부드럽지 않아요.,-1,[속성] 윤기/피부(톤) [문장] 피부가 부드럽지 않아요.,,윤기/피부(톤),unchanged
train,243429,쇼핑몰,스킨케어,OO  베** 클랜저세트 ,클렌저 이것저것 많이 사봤지만 늘 만족스럽지 않아서 이 제품에 기대했는데 세정력이 만족스럽지는 않아요. 일단 메이크업이 잘 지워지지 않고 클렌징 한번에는 잔여감이 있어요. 늘 눈 화장이 잘 안 지워져 몇 번씩 지우다가 제품 후기가 좋아서 구매했는데 잘 씻기지 않네요. 괜히 구매한 거 같아요.,기능/효과,잘 지워지지 않고,-1,[속성] 기능/효과 [문장] 잘 지워지지 않고,,기능/효과,unchanged
train,243467,쇼핑몰,스킨케어,OO  베** 클랜저세트 ,광고 보고 구매했는데 낚인 기분이에요. 화장이 잘 안 지워지고 세안 후 피부가 너무 건조해요. 사용감도 개운하지 않아요. 비추예요.,기능/효과,잘 안 지워지고,-1,[속성] 기능/효과 [문장] 잘 안 지워지고,,기능/효과,unchanged
train,243657,쇼핑몰,스킨케어,OO 베** 클랜저세트 한진 ,피부가 맑아지는느낌입니다~ 촉촉하고 한번에끝내니 편하네요~,보습력/수분감,촉촉하고,1,[속성] 보습력/수분감 [문장] 촉촉하고,,보습력/수분감,unchanged
train,243660,쇼핑몰,스킨케어,OO 베** 클랜저세트 한진 ,몇일 써본 결과 보습도 좋도 향도 좋고 TV에서 얘기한 그대로 좋습니다.,향,향도 좋고,1,[속성] 향 [문장] 향도 좋고,,향,unchanged
train,243692,쇼핑몰,스킨케어,OO 베** 클랜저세트 한진 ,메이크업을 매일해서 잘 지워지는 제품을 찾고 있어 구매해 봤어요. 근데 제형이 부드럽지 않고 잘 지워지지 않아요. 아침 세안시에도 거품이 잘 나지 않아서 만족스럽지 않고 향도 별로예요.,기능/효과,잘 지워지지 않아요.,-1,[속성] 기능/효과 [문장] 잘 지워지지 않아요.,,기능/효과,unchanged
train,243711,쇼핑몰,스킨케어,OO 베** 클랜저세트 한진 ,오늘 테스트 써 봤는데 정말 피부에 안 맞네요. 잘 안 지워지고 씻은 후 많이 당겨요. 재구매 0%입니다. 배송도 너무 느려서 별 하나 더 뺐습니다.,기능/효과,잘 안 지워지고,-1,[속성] 기능/효과 [문장] 잘 안 지워지고,,기능/효과,unchanged
train,243718,쇼핑몰,스킨케어,OO 베** 클랜저세트 한진 ,후회없는 아이템에 손꼽아요. 배송이 느려 기대 안 했는데 촉촉하고 향이 좋아요.,보습력/수분감,촉촉하고,1,[속성] 보습력/수분감 [문장] 촉촉하고,,보습력/수분감,unchanged
train,243901,쇼핑몰,스킨케어,OO 베** 클랜저세트 한진 ,사용하고나면 피부가 부드럽고 맑아진 느낌이 확 드네요~~~,윤기/피부(톤),피부가 부드럽고,1,[속성] 윤기/피부(톤) [문장] 피부가 부드럽고,,윤기/피부(톤),unchanged
train,244584,쇼핑몰,스킨케어,OO 베** 클랜저세트,씻고 난 후 촉촉하고 매끈거리는 느낌이 좋아요 일단 피부톤이 밝아 졌어요 믿고 쓰는 제품입니다,보습력/수분감,촉촉하고,1,[속성] 보습력/수분감 [문장] 촉촉하고,,보습력/수분감,unchanged
train,217788,쇼핑몰,스킨케어,OO 항노화 기초세트 주름 특화 기초 ,향도 좋고 촉촉함이 너무 좋아요♡,향,향도 좋고,1,[속성] 향 [문장] 향도 좋고,,향,unchanged
train,217872,쇼핑몰,스킨케어,OO G** 프리미엄 기초 패키지 ,촉촉하고 끈적임없어 좋아요,보습력/수분감,촉촉하고,1,[속성] 보습력/수분감 [문장] 촉촉하고,,보습력/수분감,unchanged
train,217874,쇼핑몰,스킨케어,OO G** 프리미엄 기초 패키지 ,촉촉하고 저렴하니 가격대비 만족합니다,보습력/수분감,촉촉하고,1,[속성] 보습력/수분감 [문장] 촉촉하고,,보습력/수분감,unchanged
train,217880,쇼핑몰,스킨케어,OO G** 프리미엄 기초 패키지 ,촉촉하고 잘 스며들어 사용하기 괜찮네요,보습력/수분감,촉촉하고,1,[속성] 보습력/수분감 [문장] 촉촉하고,,보습력/수분감,unchanged
train,217890,쇼핑몰,스킨케어,OO G** 프리미엄 기초 패키지 ,저희 초등학교 4학년 딸아이가 엄마 생일이라고 용돈을 모아서 사줬네요 ㅋㅋ 유분기가 많치안아 좋은것같아요 딸아이가 로션 바른 제얼굴을 보더니 자기도 발라보고싶다고 난리더라고요 ㅋㅋ 촉촉하고 유분기도 적당~~,보습력/수분감,촉촉하고,1,[속성] 보습력/수분감 [문장] 촉촉하고,,보습력/수분감,unchanged
train,217934,쇼핑몰,스킨케어,OO G** 프리미엄 기초 패키지 ,브랜드 이미지가 좋아 구매 했습니다. 촉촉하고 사용감이 좋아요.,보습력/수분감,촉촉하고,1,[속성] 보습력/수분감 [문장] 촉촉하고,,보습력/수분감,unchanged
train,217946,쇼핑몰,스킨케어,OO G** 프리미엄 기초 패키지 ,발림성좋고 스밈성좋고 바른후 뒤끝없고 부드러워 피부가 좋아진듯 한 느낌들어요 구매하길 잘한듯 해요,윤기/피부(톤),부드러워,1,[속성] 윤기/피부(톤) [문장] 부드러워,,윤기/피부(톤),unchanged
train,217966,쇼핑몰,스킨케어,OO G** 프리미엄 기초 패키지 ,저렴한 가격에 두세트나 받았네요 오랜만에 참존꺼 써보니 좋네요 촉촉하고 잘쓸께요~,보습력/수분감,촉촉하고,1,[속성] 보습력/수분감 [문장] 촉촉하고,,보습력/수분감,unchanged
train,217982,쇼핑몰,스킨케어,OO G** 프리미엄 기초 패키지 ,향도 좋고 있을것만 딱있는 구성도 좋고 어머니께서 엄청 좋아하시네요 종이 케이스가 좀 구겨져서 왔지만 유통기한은 기네요~,향,향도 좋고,1,[속성] 향 [문장] 향도 좋고,,향,unchanged
train,218019,쇼핑몰,스킨케어,OO 마** 콜라겐 스킨 소프너,쫀쫀한 제형 스킨 얼굴에 발라도 훌러내리지 않고 촉촉해요,보습력/수분감,촉촉해요,1,[속성] 보습력/수분감 [문장] 촉촉해요,,보습력/수분감,unchanged
train,218115,쇼핑몰,스킨케어,OO 프** 엑스퍼트 기초 최다구성,향이 좋아요 촉촉하고 윤기가 있어요 피부가 매끈하고 좋아요,보습력/수분감,촉촉하고,1,[속성] 보습력/수분감 [문장] 촉촉하고,,보습력/수분감,unchanged
train,218121,쇼핑몰,스킨케어,OO 프** 엑스퍼트 기초 최다구성,트러블도 없고 촉촉해요,보습력/수분감,촉촉해요,1,[속성] 보습력/수분감 [문장] 촉촉해요,,보습력/수분감,unchanged
train,218290,쇼핑몰,스킨케어,OO 보** 남성기초 1+1+1,전에 사용하던 제품보다 향도 좋고 피부에 흡수가 잘 되네요 끈적이지도 않고 좋으네요 양도 1+1+1 이라 득템한 기분이네요~!!!,향,향도 좋고,1,[속성] 향 [문장] 향도 좋고,,향,unchanged
train,245457,쇼핑몰,스킨케어,OO 일** 보습 마스크팩 100매,촉촉하니 팩을하고난뒤 피곤해 잠들었는데피부가 하나도 당기지않았어요 향도좋아요,보습력/수분감,촉촉하니,1,[속성] 보습력/수분감 [문장] 촉촉하니,,보습력/수분감,unchanged
train,245465,쇼핑몰,스킨케어,OO 일** 보습 마스크팩 30매,OOO 마스크는 처음 사용해 보는데 촉촉하고 피부가 맑아 보이네요 역시 OO 좋습니다,보습력/수분감,촉촉하고,1,[속성] 보습력/수분감 [문장] 촉촉하고,,보습력/수분감,unchanged
train,245515,쇼핑몰,스킨케어,OO 일** 보습 마스크팩 30매,촉촉하고 탄력이 생기는것 같아요,보습력/수분감,촉촉하고,1,[속성] 보습력/수분감 [문장] 촉촉하고,,보습력/수분감,unchanged
train,245579,쇼핑몰,스킨케어,OO 프리미엄 순면 마스크팩 110매,계속 쓰고 있는 팩이에요. 가격도 저렴하고 양도 많아서 1일1팩 중입니다 무엇보다 성분 원료를 아끼지않고 듬뿍듬뿍 담은듯해요 언제 방송할지 기다렸네요 이번에도 잘 쓸게요.,가격,가격도 저렴하고,1,[속성] 가격 [문장] 가격도 저렴하고,,가격,unchanged
train,245684,쇼핑몰,스킨케어,OO 해** 클렌징폼 3입 모음,품질만족 가격만족 촉촉하고 잘 스며들어요 계속 쓰고 있읍니다,보습력/수분감,촉촉하고,1,[속성] 보습력/수분감 [문장] 촉촉하고,,보습력/수분감,unchanged
train,246292,쇼핑몰,스킨케어,OO 코** 석고 마스크팩 22회+프로폴리스 크림2개,얼굴 크기에 맞지 않고 너무 커서 잡아당길 수가 없네요. 머리에도 묻게 되고 잘 굳지도 않아요. 하고 나면 탱탱한 느낌도 없고 시원하지도 않고 가격도 비싸고 효과가 만족스럽지 않아서 실망입니다.,탄력,탱탱한 느낌도 없고,-1,[속성] 탄력 [문장] 탱탱한 느낌도 없고,,탄력,unchanged
train,246292,쇼핑몰,스킨케어,OO 코** 석고 마스크팩 22회+프로폴리스 크림2개,얼굴 크기에 맞지 않고 너무 커서 잡아당길 수가 없네요. 머리에도 묻게 되고 잘 굳지도 않아요. 하고 나면 탱탱한 느낌도 없고 시원하지도 않고 가격도 비싸고 효과가 만족스럽지 않아서 실망입니다.,가격,가격도 비싸고,-1,[속성] 가격 [문장] 가격도 비싸고,,가격,unchanged
train,246338,쇼핑몰,스킨케어,OO 코** 석고 마스크팩 22회+프로폴리스 크림2개,에센스팩만 붙이고 있는것보다는 겉에서 석고시트가 겉으로 날아가는 수분을 잡아주니까 촉촉하고 시원함이 떼어낼때까지 있어서 좋구요 그래서 그런건가 얼굴에 붓기가 있었는데 좀 가라앉은 느낌이에요.. 이런팩 처음이라 장당 가격으로 따지면 일반 마스크팩보다는 부담스러운 가격인데 일주일에 한번정도 해주면 될거같아서 한번 써볼라구여~,보습력/수분감,촉촉하고,1,[속성] 보습력/수분감 [문장] 촉촉하고,,보습력/수분감,unchanged
train,247024,쇼핑몰,스킨케어,OO 프리미엄 순면 마스크팩 110매,AHC여배우마스크팩은 몇년째 잘쓰고있어요 에센스양의 충분함으로 피부가 촉촉하고 생기가 돌고 1일1팩은 진리예요ㅎㅎ 전 개인적으로미백보습을 제일좋아하는데 이제 날씨가 더워지니까 10팩을 진정보습으로 보내주셔서 넘 좋네요 그날의 컨디션과 피부에 따라 골라붙여요 꼭 써보세요~♡,보습력/수분감,피부가 촉촉하고,1,[속성] 보습력/수분감 [문장] 피부가 촉촉하고,,보습력/수분감,unchanged
train,248383,쇼핑몰,스킨케어,OO 주름관리 멀티밤 더블세트(멀티밤4+미스트2+오일2)+쇼핑백2,아주 좋아요~ 발림성도 부드럽고 촉촉해요 목이나 얼굴 여러군데 바를수 있어서 간편해요 홈쇼핑에서 판매할때 얼른 구매하는 편이에요~~ 가격도 저렴하고 구성 종류도 다양하고 또 판매했으면 좋겠어요^^,보습력/수분감,촉촉해요,1,[속성] 보습력/수분감 [문장] 촉촉해요,,보습력/수분감,unchanged
train,248383,쇼핑몰,스킨케어,OO 주름관리 멀티밤 더블세트(멀티밤4+미스트2+오일2)+쇼핑백2,아주 좋아요~ 발림성도 부드럽고 촉촉해요 목이나 얼굴 여러군데 바를수 있어서 간편해요 홈쇼핑에서 판매할때 얼른 구매하는 편이에요~~ 가격도 저렴하고 구성 종류도 다양하고 또 판매했으면 좋겠어요^^,가격,가격도 저렴하고,1,[속성] 가격 [문장] 가격도 저렴하고,,가격,unchanged
train,248401,쇼핑몰,스킨케어,OO 주름관리 멀티밤 더블세트(멀티밤4+미스트2+오일2)+쇼핑백2,넘 좋아요 촉촉하고 얼굴이 윤기가 나서좋아요 담에 구매 또할께요,보습력/수분감,촉촉하고,1,[속성] 보습력/수분감 [문장] 촉촉하고,,보습력/수분감,unchanged
train,248465,쇼핑몰,스킨케어,OO 세럼 스틱 10g 1+1,촉촉하니 매일매일 사용하기 편해요. 윤기있는 피부로 외출하니 젊어진 느낌입니다.,보습력/수분감,촉촉하니,1,[속성] 보습력/수분감 [문장] 촉촉하니,,보습력/수분감,unchanged
train,248514,쇼핑몰,스킨케어,OO 주름관리 멀티밤 기본세트(멀티밤2+미스트1+오일1)+쇼핑백1,엄마가 엄청 써보고 싶다고 해서 사봤어요:) 생각보다 향도 좋고 발림성도 좋아요 기름진다고 하는 부분도 무슨 말이지는 알겠지만.....화장전에 바르는거라 크게 신경안쓰이는부분이예용ㅋㅋ감사합니당,향,향도 좋고,1,[속성] 향 [문장] 향도 좋고,,향,unchanged
train,248731,쇼핑몰,스킨케어,OO 주름관리 멀티밤 기본세트(멀티밤2+미스트1+오일1)+쇼핑백1,가히 지인꺼 잠깐 써보고 좋아서 주문했는데 역시 좋네요~~ 배송도 빠르고 좋아요 촉촉하고 바르자마자 쫀쫀해서 주름 펴지는 느낌이에요 좋네요ㅎㅎ,보습력/수분감,촉촉하고,1,[속성] 보습력/수분감 [문장] 촉촉하고,,보습력/수분감,unchanged
train,248746,쇼핑몰,스킨케어,OO 주름관리 멀티밤 더블세트(멀티밤4+미스트2+오일2)+쇼핑백2,촉촉하고 탄력이 느껴져요 주름이 펴지는 것 같아요,보습력/수분감,촉촉하고,1,[속성] 보습력/수분감 [문장] 촉촉하고,,보습력/수분감,unchanged
train,248755,쇼핑몰,스킨케어,OO 주름관리 멀티밤 더블세트(멀티밤4+미스트2+오일2)+쇼핑백2,지인분이 선물로 줘서 하나 써본후 구매했어요..쓸때와 안쓸때가 넘 차이가 나요.. 촉촉하고 얼굴빛이 광이 나는게 넘 마음에 듭니다 구성도 넘 맘에듭니다~~,보습력/수분감,촉촉하고,1,[속성] 보습력/수분감 [문장] 촉촉하고,,보습력/수분감,unchanged
train,248769,쇼핑몰,스킨케어,OO 주름관리 멀티밤 더블세트(멀티밤4+미스트2+오일2)+쇼핑백2,사용도 간편하고 촉촉하고 지속력도 좋아요 우연한 기회에 사용하게 되었는데 이제 없으면 안될꺼 같아요 ㅎ,보습력/수분감,촉촉하고,1,[속성] 보습력/수분감 [문장] 촉촉하고,,보습력/수분감,unchanged
train,248804,쇼핑몰,스킨케어,OO 주름관리 멀티밤 더블세트(멀티밤4+미스트2+오일2)+쇼핑백2,사용해보니 하루종일 촉촉하고 윤기가 있어서 좋아요~ 주름도 가려지는것같고 잔주름은 없어진듯~,보습력/수분감,촉촉하고,1,[속성] 보습력/수분감 [문장] 촉촉하고,,보습력/수분감,unchanged
train,248856,쇼핑몰,스킨케어,OO 주름관리 멀티밤 기본세트(멀티밤2+미스트1+오일1)+쇼핑백1,저번에 써보고 좋아서 샀는데 지인들 하나씩 주다보니 제가 쓸게 없어서 또 구매했어요. 한번만 발라도 하루종일 촉촉하고 바르기 편하고 휴대하기도 좋아요,보습력/수분감,촉촉하고,1,[속성] 보습력/수분감 [문장] 촉촉하고,,보습력/수분감,unchanged
train,248893,쇼핑몰,스킨케어,OO 주름관리 멀티밤 더블세트(멀티밤4+미스트2+오일2)+쇼핑백2,첫 구매해 보았어요 촉촉하고 매끄러워 한번만 발라도 주름이 쫙 펴지는듯한 느낌~ 강력 추천합니댜 끈적임이 없어 너무 좋아요^^,보습력/수분감,촉촉하고,1,[속성] 보습력/수분감 [문장] 촉촉하고,,보습력/수분감,unchanged
train,248900,쇼핑몰,스킨케어,OO 주름관리 멀티밤 더블세트(멀티밤4+미스트2+오일2)+쇼핑백2,주위에서 좋다고 추천하길래 주문해봤어요. 그런데 생각보다 촉촉하지 않아요. 수시로 사용 중인데 촉촉함이 오래가지 않네요. 주위에 써보라고 나눠줬는데 효과가 없어서 재구매할 생각은 없어요.,지속력/유지력,촉촉함이 오래가지 않네요.,-1,[속성] 지속력/유지력 [문장] 촉촉함이 오래가지 않네요.,,지속력,merged_duplicate_label
train,248906,쇼핑몰,스킨케어,OO 주름관리 멀티밤 더블세트(멀티밤4+미스트2+오일2)+쇼핑백2,주름이 고민이신 엄마가 써보고 싶다해서 이번 기회에 더블세트로 구매해 같이 사용하려고 주문했어요. 가격도 비싸고 구성도 살짝 아쉽지만 주름에 효과 있었으면 좋겠습니다.,가격,가격도 비싸고,-1,[속성] 가격 [문장] 가격도 비싸고,,가격,unchanged
train,248915,쇼핑몰,스킨케어,OO 주름관리 멀티밤 더블세트(멀티밤4+미스트2+오일2)+쇼핑백2,촉촉하고 발림성도 좋네요 광도 과하지않구요 너무 좋아요,보습력/수분감,촉촉하고,1,[속성] 보습력/수분감 [문장] 촉촉하고,,보습력/수분감,unchanged
train,248929,쇼핑몰,스킨케어,OO 주름관리 멀티밤 더블세트(멀티밤4+미스트2+오일2)+쇼핑백2,넘어져 이마부분을 다쳤는데 멍이 눈주위에 보라색으로 넓게 퍼져 연고도 못 바르고 있었는데 가히 밤을 수시로 발라주니 효과가 좋았어요. 가히 밤을 멍 부위를 발라주면 촉촉하고 수분 공급을 해줘서 치료제 역할도 해주니 너무 좋았어요.,보습력/수분감,촉촉하고,1,[속성] 보습력/수분감 [문장] 촉촉하고,,보습력/수분감,unchanged
train,248938,쇼핑몰,스킨케어,OO 주름관리 멀티밤 더블세트(멀티밤4+미스트2+오일2)+쇼핑백2,이모가 너무좋다고 엄마한테 소개해서 엄마의 권유로 구매하게되었는데 생각보다 훨씬촉촉하고 부드러워 좋네요 애기낳고 많이 건조했는데 간편하게 쓱쓱 발라 관리할수 있어서 너무좋네요 다쓰면 계속 재구매할 예정입니다 홈쇼핑방송 자주해주세요~!,보습력/수분감,촉촉하고,1,[속성] 보습력/수분감 [문장] 촉촉하고,,보습력/수분감,unchanged
train,248950,쇼핑몰,스킨케어,OO 알로에 기초 (큐어크림2스킨2에멀젼2에센셜1),순하고 트러블 없고 좋네요,자극성,순하고,1,[속성] 자극성 [문장] 순하고,,자극성,unchanged
train,248965,쇼핑몰,스킨케어,OO 저** 멀티밤 10g 2+1 / 총 3개,다른 제품 사용하다 입소문 좋아서 갈아탔습니다. 사용했던 기존 제품보다 가격도 비싸고 더 촉촉하다는 느낌도 없네요. 비싼 가격만큼 효과가 좋기를 바랍니다.,가격,가격도 비싸고,-1,[속성] 가격 [문장] 가격도 비싸고,,가격,unchanged
train,248987,쇼핑몰,스킨케어,OO 주름관리 멀티밤 기본세트(멀티밤2+미스트1+오일1)+쇼핑백1,요즘 거울 볼 때마다 피부가 건조해서 크림을 챙겨발라도 개선되지 않아 어떤 제품을 발라 보는게 좋을까 알아보던중.. 가히를 써봐야겠다는 생각이 들었어요. 일단 평이 너무 좋으니 믿고 구매했죠! 한번 쓰윽 바르고 나니 촉촉함이 오래 유지되고 건조함이 사라져서 만족도 높게 사용중에 있구요. 가히 감히 추천드립니다!,보습력/수분감,촉촉함이 오래 유지되고,1,[속성] 보습력/수분감 [문장] 촉촉함이 오래 유지되고,,보습력/수분감,unchanged
train,249005,쇼핑몰,스킨케어,OO 주름관리 멀티밤 더블세트(멀티밤4+미스트2+오일2)+쇼핑백2,구성품이 많아 딸에게도 선물하고 아들 여친에게도 선물하고 ㅎㅎ 전 오늘 3일째 사용중인데 건조함이 심한데 촉촉해서 첫째 좋구요~~ 두번째는 타사 비슷한 제품 사용한적이 있는데 너무 번들거려 흘러내려서인지 눈이 따갑고 피부가 가렵고 무겁고 그런 느낌이 심했는데 이건 작은 오일빼곤 산뜻해서 좋네요 특히 미스트는 너무 좋아서 자주 손이 가네요 팩하기전에 뿌려주고 하니 더 촉촉한 느낌이였어요 아직 3일 밖에 안되서 주름개선 이런건 못 느끼겠지만 촉촉하고 번들거리거나 무겁지 않아 좋네요 저는 추천입니다 ~~^^,보습력/수분감,촉촉하고,1,[속성] 보습력/수분감 [문장] 촉촉하고,,보습력/수분감,unchanged
train,249062,쇼핑몰,스킨케어,OO 주름관리 멀티밤 더블세트(멀티밤4+미스트2+오일2)+쇼핑백2,가히는 주름 관리가 너무 좋아서 열심히 바르는중입니다 ~~촉촉하고 윤기나고 아주좋아요 너무 마음들어요,보습력/수분감,촉촉하고,1,[속성] 보습력/수분감 [문장] 촉촉하고,,보습력/수분감,unchanged
train,249213,쇼핑몰,스킨케어,OO 주름관리 멀티밤 더블세트(멀티밤4+미스트2+오일2)+쇼핑백2,좋은구성으로 잘 산거 같아요. 촉촉하고 얼굴에서 광이나요~~가족이랑 나눠서 써야겠어요. ^^,보습력/수분감,촉촉하고,1,[속성] 보습력/수분감 [문장] 촉촉하고,,보습력/수분감,unchanged
train,249235,쇼핑몰,스킨케어,OO 기미관리 멀티밤 기본세트,발림성 좋고 끈적이지 않고 좋아요. 저렴하게 기회되면 또 구매할께요. 상품은 2개구매했는데 사은품 2개부탁합니다,발림성,발림성 좋고,1,[속성] 발림성 [문장] 발림성 좋고,,발림성,unchanged
train,249252,쇼핑몰,스킨케어,OO 주름관리 멀티밤 더블세트(멀티밤4+미스트2+오일2)+쇼핑백2,"워낙 유명해서 사봤어요. 일단 바르기가 너무 간편해서 좋구요. 눈가, 팔자, 목주름 등등 전부 발림성 좋고 쉽게 바를수 있는게 최대 장점 같습니다. 꾸준하게 써볼께요.",발림성,발림성 좋고,1,[속성] 발림성 [문장] 발림성 좋고,,발림성,unchanged
train,249282,쇼핑몰,스킨케어,OO 주름관리 멀티밤 기본세트(멀티밤2+미스트1+오일1)+쇼핑백1,목주름 때문에 구입했어요^* 향도 좋고 손에 안묻고 편하게 바를수 있어 좋아요~ 좋은 효과 기대합니다~~,향,향도 좋고,1,[속성] 향 [문장] 향도 좋고,,향,unchanged
train,249299,쇼핑몰,스킨케어,OO 주름관리 멀티밤 기본세트(멀티밤2+미스트1+오일1)+쇼핑백1,엄마가 쓰는거 좋아보여서 제꺼하나 구입해봤는데 너무 좋네요 향도 은은하고 좋고 촉촉하고 끈적이지않을까 그게 젤 걱정이긴해요 잘쓸게요,보습력/수분감,촉촉하고,1,[속성] 보습력/수분감 [문장] 촉촉하고,,보습력/수분감,unchanged
train,249324,쇼핑몰,스킨케어,OO 주름관리 멀티밤 더블세트(멀티밤4+미스트2+오일2)+쇼핑백2,드뎌 장만했네요 주변에서 좋다고들 해서 써볼려구요 일단은 윤기가 흐르는게 좋네요 피부가 건조해서 당겼는데 촉촉하니 좋네요,보습력/수분감,촉촉하니 좋네요,1,[속성] 보습력/수분감 [문장] 촉촉하니 좋네요,,보습력/수분감,unchanged
train,249370,쇼핑몰,스킨케어,OO 주름관리 멀티밤 더블세트(멀티밤4+미스트2+오일2)+쇼핑백2,촉촉하지가 않습니다. 계속 써봐야 효과는 알수 있을 듯 합니다. 제품구성인 미스트는 번들거립니다. 분사력이 좀 아쉽네요. 타 쇼핑에서 더 싸게 판매해요. 하루 사이에 가격 차이는 속상하네요.,보습력/수분감,번들거립니다,-1,[속성] 보습력/수분감 [문장] 번들거립니다,,보습력/수분감,unchanged
train,249411,쇼핑몰,스킨케어,OO 주름관리 멀티밤 더블세트(멀티밤4+미스트2+오일2)+쇼핑백2,늘 쓰는제품입니다~ 느는주름 걱정인대 요것이 지껴주것지요 촉촉하고 바르면 바르면 피부가 탱탱해보여요~,보습력/수분감,촉촉하고,1,[속성] 보습력/수분감 [문장] 촉촉하고,,보습력/수분감,unchanged
train,249458,쇼핑몰,스킨케어,OO 기미관리 멀티밤 기본세트,발림성도 좋고 매끈하고 기미가 흐려지는 기분이듬,윤기/피부(톤),매끈하고,1,[속성] 윤기/피부(톤) [문장] 매끈하고,,윤기/피부(톤),unchanged
train,249480,쇼핑몰,스킨케어,OO 주름관리 멀티밤 더블세트(멀티밤4+미스트2+오일2)+쇼핑백2,가히 좋다는 얘기를 주변에서 듣고 지내다가 홈쇼핑에서 하기만 기다리는중에 남편이 아파서 살이 빠지니 얼굴에 주름이 생겨 가히를 사용하면 어떨까 궁금하여 구매결정하게 되었습니다 구매는 더블구성인데 한셋트를 선물하고 나서 한셋트만 찍은 인증샷입니다 그리고 써보니 촉촉하고 윤기가 나며 주름진부분이 조금씩 효과를 보여주고 있는것 같습니다 만족하며 계속써보렵니다 그리고 친구에게 또 소개해보려고 합니다~!!,보습력/수분감,촉촉하고,1,[속성] 보습력/수분감 [문장] 촉촉하고,,보습력/수분감,unchanged
train,249505,쇼핑몰,스킨케어,OO 기미관리 멀티밤 기본세트,기미가 많이 올라온 제게 엄마가 선물로 해주신다고 하서 구매했어요:) 효과가 있기를 기대합니다~향도 좋고 발림성도 두텁네요 꾸준히 사용해볼게요~ 이렇게 구매후기 남기면 선물 하나 더 오는거 맞죠?!,향,향도 좋고,1,[속성] 향 [문장] 향도 좋고,,향,unchanged
train,249560,쇼핑몰,스킨케어,OO 주름관리 멀티밤 더블세트(멀티밤4+미스트2+오일2)+쇼핑백2,발림도 좋고 가격도 싸게 샀네요~ 촉촉하고 크기도 작아서 사용하기 간편해요!! 추천합니다,보습력/수분감,촉촉하고,1,[속성] 보습력/수분감 [문장] 촉촉하고,,보습력/수분감,unchanged
train,249571,쇼핑몰,스킨케어,OO 마** 앰플 7개+파워앰플 2개,구성품인 앰플 사용해 보았는데 촉촉하지 않고 피부가 건조해집니다. 얼굴에 제품이 스며들지 않아서 번들거립니다. 스틱 제형이 진뜩거려서 바르면 피부가 답답합니다.,흡수력,번들거립니다,-1,[속성] 흡수력 [문장] 번들거립니다,,흡수력,unchanged
train,249610,쇼핑몰,스킨케어,OO 주름관리 멀티밤 기본세트(멀티밤2+미스트앰플1+오일1),배송이빨라요 향이 좋아요 촉촉해요 상품평에 대한 추가 상품 배송부탁해요,보습력/수분감,촉촉해요,1,[속성] 보습력/수분감 [문장] 촉촉해요,,보습력/수분감,unchanged
train,249642,쇼핑몰,스킨케어,OO 주름관리 멀티밤 기본세트(멀티밤2+미스트1+오일1)+쇼핑백1,엄마랑 같이 쓰려고 주문했습니다. 기름지고 번들거려서 자기 전에만 사용하고 있습니다. 다시 주문 할 일은 없을 것 같습니다.,보습력/수분감,기름지고,-1,[속성] 보습력/수분감 [문장] 기름지고,,보습력/수분감,unchanged
train,249689,쇼핑몰,스킨케어,OO 링클스틱 6개+리프팅 크림 1개+스틱1개,타사제품에 비해 번들거림이 덜하고 부드럽고사용감이 넘 좋아서 주변에 강추했네요,윤기/피부(톤),부드럽고,1,[속성] 윤기/피부(톤) [문장] 부드럽고,,윤기/피부(톤),unchanged
train,249772,쇼핑몰,스킨케어,OO 알** 알로에 기초 대박구성,가격도 비싸고 제형 점성이 찐득거려서 바르면 피부가 답답할 정도입니다. 크림 제형은 너무 굳어서 떠서 사용하기가 힘들 정도에요.,가격,가격도 비싸고,-1,[속성] 가격 [문장] 가격도 비싸고,,가격,unchanged
train,249778,쇼핑몰,스킨케어,OO 마** 크림 11통+앰플 2개 +멜** 앰플 2개 ,다른제품 사용해보려고 선물 받아서 써봤는데 이 제 품처럼 순하고 트러블 없이 발림성 좋은 제품 아직 못찾았어요 둘째 갖고 20년부터 쭉 사용한 제품 주름 개선 제품으로 사용했지만 생각보다 효과는 크게 티나게 보이는 부분은 없었지만 나름 만족하고 사용하고 있는 제품 입니다 이마 쪽 주름 개선으로 이마에 듬뿍 발라주고 있어 이마 사진 찰칵 했어요,자극성,순하고,1,[속성] 자극성 [문장] 순하고,,자극성,unchanged
train,249815,쇼핑몰,스킨케어,OO 큐** 알로에 기초 8종 세트,촉촉하고 좋네요..향도 좋고 잘 흡수되는 듯 하네요,향,향도 좋고,1,[속성] 향 [문장] 향도 좋고,,향,unchanged
train,249819,쇼핑몰,스킨케어,OO 기** 멀티밤 더블세트,ㅇㅇ 처음으로 써봤는데 가격도 비싸고 매일 쓰고 있는데 아직까지는 주름이 없어지지는 않습니다. 홈쇼핑에 나왔길래 샀는데 효과가 없어서 속상해요.,가격,가격도 비싸고,-1,[속성] 가격 [문장] 가격도 비싸고,,가격,unchanged
train,249835,쇼핑몰,스킨케어,OO 기미관리 멀티밤 기본세트,가희 티비에서 연예인들이 자주하고나와서 남편이 선물해줘서 써봤는데 보습이 좋아서 자고일어나도 촉촉해요 추가주문해서 사용하고있어요 기미 잡티용도 나와서 좋을거라 생각하고 주문ᆢ 사용해보니 조금 매트한감이 있어서 멀티밤이랑 같이 사용하고있습니다 바르고 피부가 깨끗하고 환해졌음 좋겠네요^^,보습력/수분감,촉촉해요,1,[속성] 보습력/수분감 [문장] 촉촉해요,,보습력/수분감,unchanged
train,249852,쇼핑몰,스킨케어,OO 주름관리 멀티밤 더블세트(멀티밤4+미스트2+오일2)+쇼핑백2,기존에 사용하던 제품으로 재구매합니다 피부가 촉촉하고 탄력있어지는 느낌 제대로입니다,보습력/수분감,피부가 촉촉하고,1,[속성] 보습력/수분감 [문장] 피부가 촉촉하고,,보습력/수분감,unchanged
train,249882,쇼핑몰,스킨케어,OO 주름관리 멀티밤 더블세트(멀티밤4+미스트2+오일2)+쇼핑백2,친구가 선물해서 써보았는데 촉촉하고 주름은 작아지는 것같아요~ 손쉽게 바르기 편하고 어디서나 슥 바르니 좋았어요^^ 건성피부라 약간 당기는 기분이 들때 바르니 광이 나서 좋아요 잘 쓰겠습니다,보습력/수분감,촉촉하고,1,[속성] 보습력/수분감 [문장] 촉촉하고,,보습력/수분감,unchanged
train,249924,쇼핑몰,스킨케어,OO 마**크림 12통+멜** 앰플 4병,앰플 양이 적어요. 알고 보니 저렴한 곳이 많은데 여기서 비싸게 샀네요. 피부가 좋아지기를 기대합니다.,윤기/피부(톤),피부가 좋아지기를 기대합니다.,0,[속성] 윤기/피부(톤) [문장] 피부가 좋아지기를 기대합니다.,,윤기/피부(톤),unchanged
train,249955,쇼핑몰,스킨케어,OO 링클스틱 6개+리프팅 크림 1개+스틱1개,"원래 쓰던 동국제약 앰플이랑 향이 똑같아요 피부가 너무 건조해서 샀는데, 잠깐 발랐는데 발림성 좋고 유분이 많아 효과가 있단 생각이 드네요!!",발림성,발림성 좋고,1,[속성] 발림성 [문장] 발림성 좋고,,발림성,unchanged
train,249966,쇼핑몰,스킨케어,OO 기미관리 멀티밤 기본세트,얼굴에 없던 잡티 기미가 생겨서 고민했어요. 어제 받고 사용했는데 피부가 부드럽고 자고 일어났더니 아직도 촉촉하고 밝아진 기분. 잘 사용할게요. 잡티없는 그날을 기다리며,윤기/피부(톤),피부가 부드럽고,1,[속성] 윤기/피부(톤) [문장] 피부가 부드럽고,,윤기/피부(톤),unchanged
train,249966,쇼핑몰,스킨케어,OO 기미관리 멀티밤 기본세트,얼굴에 없던 잡티 기미가 생겨서 고민했어요. 어제 받고 사용했는데 피부가 부드럽고 자고 일어났더니 아직도 촉촉하고 밝아진 기분. 잘 사용할게요. 잡티없는 그날을 기다리며,보습력/수분감,촉촉하고,1,[속성] 보습력/수분감 [문장] 촉촉하고,,보습력/수분감,unchanged
train,249996,쇼핑몰,스킨케어,OO 주름관리 멀티밤 더블세트(멀티밤4+미스트2+오일2)+쇼핑백2,어제 받아보고 바로 써봤는데 너무 좋네요!!! 제형이 쫀득쫀득하고 얼굴에 물광이 생겨요! 지성이랑 건성다가지고 있는데 속당김이 전혀없어서 너무 좋습니다! 수시로 바르려구요! 신랑이랑도 같이 쓸거에요! 엄마랑 언니 지인들에게도 추천하려고요! 꾸준히 써보려고 합니다 미스트도 너무 좋구요 향도 좋고 여러모로 잘샀다고 생각합니다!! 완전 추천 꾸준히 쓰고 효과가 좋았음 좋겠습니다,향,향도 좋고,1,[속성] 향 [문장] 향도 좋고,,향,unchanged
train,250093,쇼핑몰,스킨케어,OO 주름관리 멀티밤 더블세트(멀티밤4+미스트2+오일2)+쇼핑백2,언니의 추천으로 구매쌨는데 촉촉하고 피부가 땡기지 않고 아주 좋습니다 피부의 잔주름에 효과가 좋을것 같아요 재구매할것 같아요,보습력/수분감,촉촉하고,1,[속성] 보습력/수분감 [문장] 촉촉하고,,보습력/수분감,unchanged
train,250185,쇼핑몰,스킨케어,OO 주름관리 멀티밤 더블세트(멀티밤4+미스트2+오일2)+쇼핑백2,3번째 구매입니다~ 사용감도 좋구~ 촉촉하니 광채가 나요~ 선물용으로도 만족입니다,보습력/수분감,촉촉하니,1,[속성] 보습력/수분감 [문장] 촉촉하니,,보습력/수분감,unchanged
train,250256,쇼핑몰,스킨케어,OO 주름관리 멀티밤 기본세트(멀티밤2+미스트1+오일1)+쇼핑백1,벌써이만큼이나사용했어요! 끈적임없이 매끈하고 촉촉해서평소건조함이없어졌어요! 향도산뜻하고!! 가희!! 너무사랑스럽네요~ㅋ,보습력/수분감,매끈하고,1,[속성] 보습력/수분감 [문장] 매끈하고,,보습력/수분감,unchanged
train,250286,쇼핑몰,스킨케어,OO 보** 크림 매니아구성,환절기 날씨에 바르니까 정말 좋네요^^ 저녁에 스킨만 바르구 바로 ICS 보툴링클 크림 넉넉하게 바르고 잤더니 피부가 촉촉하고 보습감도 만족스러워요.. 크림에서 기분 좋은 향기도 나네요~,보습력/수분감,피부가 촉촉하고,1,[속성] 보습력/수분감 [문장] 피부가 촉촉하고,,보습력/수분감,unchanged
train,250296,쇼핑몰,스킨케어,OO 링클스틱 6개+리프팅 크림 1개+스틱1개,동국제약 워낙 마데카 라인이나 화이트닝으로도 유명해서 믿고 구입했습니다^^ 엄마랑 나누어 쓰고 있는데 며칠 안됐지만 촉촉하고 휴대하기 편해서 잘사용할것같아요! 주름개선 기대합니다~!!^^,보습력/수분감,촉촉하고,1,[속성] 보습력/수분감 [문장] 촉촉하고,,보습력/수분감,unchanged
train,250316,쇼핑몰,스킨케어,OO 주름관리 멀티밤 더블세트(멀티밤4+미스트2+오일2)+쇼핑백2,주위에서 좋다고 쓰는사람이 많길래 한번써보자하고 주문했습니다...받아서 바로 써보니 향도 좋고 발림도좋고 너무 맘에 듭니다...이번건 가족들하고 나눠쓰고 또 방송하면 주문해야겠어요...너무 좋아요. 배송도 완젼 빨라요^^,향,향도 좋고,1,[속성] 향 [문장] 향도 좋고,,향,unchanged
train,250358,쇼핑몰,스킨케어,OO 기미관리 멀티밤 기본세트,배송도 빠르고 기대했던대로 발림이 부드럽고 촉촉하고 아주 마음에 듭니다 꾸준히 잘사용해 봐야겠어요,보습력/수분감,촉촉하고,1,[속성] 보습력/수분감 [문장] 촉촉하고,,보습력/수분감,unchanged
train,250370,쇼핑몰,스킨케어,OO 주름관리 멀티밤 더블세트(멀티밤4+미스트2+오일2)+쇼핑백2,하루만에 퀵배송이 됐네요~ 가히로 주름관리하고 있어요 향도 좋고 촉촉하고 얼굴에 윤기가 좌르르~ 너무 좋아요 마침 똑 떨어졌는데 방송으로 구매해서 엄마한테도 선물하려고 반반 나눴네요~ㅎㅎ 아직 안써보신분이 있다면 꼭 써보시라고 추천!! 강추강추!!,향,향도 좋고,1,[속성] 향 [문장] 향도 좋고,,향,unchanged
train,250370,쇼핑몰,스킨케어,OO 주름관리 멀티밤 더블세트(멀티밤4+미스트2+오일2)+쇼핑백2,하루만에 퀵배송이 됐네요~ 가히로 주름관리하고 있어요 향도 좋고 촉촉하고 얼굴에 윤기가 좌르르~ 너무 좋아요 마침 똑 떨어졌는데 방송으로 구매해서 엄마한테도 선물하려고 반반 나눴네요~ㅎㅎ 아직 안써보신분이 있다면 꼭 써보시라고 추천!! 강추강추!!,보습력/수분감,촉촉하고,1,[속성] 보습력/수분감 [문장] 촉촉하고,,보습력/수분감,unchanged
train,250372,쇼핑몰,스킨케어,OO 주름관리 멀티밤 더블세트(멀티밤4+미스트2+오일2)+쇼핑백2,가희 멀티밤 더블구성을 재구매했습니다. 피부가 촉촉하고 윤기가 난다는 말을 보는 이마다 많이 했습니다. 효과는 다 가희 멀티밤을 지속적으로 수시로 바른 덕분이라 생각됩니다. 결혼한 딸에게도 나누어 주고 다 쓰고 재구매하려 합니다.,보습력/수분감,피부가 촉촉하고,1,[속성] 보습력/수분감 [문장] 피부가 촉촉하고,,보습력/수분감,unchanged
train,250376,쇼핑몰,스킨케어,OO 주름관리 멀티밤 더블세트(멀티밤4+미스트2+오일2)+쇼핑백2,다른제품에비해 가격이좀있어서 다른것써봤는데 결국다시돌아오네요 너무번들거리지도않은 광채가 넘 맘에들고 하루종일촉촉해요 좋은가격에 사게되서만족합니다~~,보습력/수분감,촉촉해요,1,[속성] 보습력/수분감 [문장] 촉촉해요,,보습력/수분감,unchanged
train,250380,쇼핑몰,스킨케어,OO 주름관리 멀티밤 더블세트(멀티밤4+미스트2+오일2)+쇼핑백2,어제 주문해서 오늘 도착했어요 . 퀵배송 매우 만족합니다 가희 멀티밤 더블구성을 재구매했습니다. 피부가 촉촉하고 윤기가 죄르르 ~~~ 주변에서 피부 좋아졌다는말 많이 듣네요~ 엄마랑 반반 나눠서쓰면 너무 좋아요~^^,보습력/수분감,피부가 촉촉하고,1,[속성] 보습력/수분감 [문장] 피부가 촉촉하고,,보습력/수분감,unchanged
train,250469,쇼핑몰,스킨케어,OO 주름관리 멀티밤 더블세트(멀티밤4+미스트2+오일2)+쇼핑백2,오자마자 써봤어요 촉촉하고 발리는느낌도좋고 향도 좋아요 꾸준히 열씨미 써볼께요~~주름아 없어져라!!!!,보습력/수분감,촉촉하고,1,[속성] 보습력/수분감 [문장] 촉촉하고,,보습력/수분감,unchanged
train,250511,쇼핑몰,스킨케어,OO 주름관리 멀티밤 더블세트(멀티밤4+미스트2+오일2)+쇼핑백2,방송광고를보고 써봐야겠다 하고 구매하게 되었는대 촉촉하고 얼굴에 윤기가난것같았습니다 주름이 펴지거나 잔주름이 보이지안는것은 조금더 써봐야할것같습니다 촉촉함은 오래동안지속되니 만족합니다,보습력/수분감,촉촉하고,1,[속성] 보습력/수분감 [문장] 촉촉하고,,보습력/수분감,unchanged
train,250556,쇼핑몰,스킨케어,OO 마** 크림 11통+앰플 2개 +멜** 앰플 2개 ,부드럽게 잘 발리고 흡수도 쏘~옥 잘되서 좋아요,발림성,부드럽게 잘 발리고,1,[속성] 발림성 [문장] 부드럽게 잘 발리고,,발림성,unchanged
train,250610,쇼핑몰,스킨케어,OO 마** 크림 11통+앰플 2개 +멜** 앰플 2개 ,전에 사용해봤는데 피부에 잘 스며들고 부드러워 제 피부에 잘 맞아서 다시 구매했어요.,발림성,부드러워,1,[속성] 발림성 [문장] 부드러워,,발림성,unchanged
train,250621,쇼핑몰,스킨케어,OO 주름관리 멀티밤 더블세트(멀티밤4+미스트2+오일2)+쇼핑백2,사용한지 6일째 요즘 핫한 제품이라 예뻐지고 젊어보이게 저도 구매했어요 택배파업으로 많이 기다렸지만 사길 잘한것 같아요 구매 첫날 저녁에 바르고 다음날 아침 얼굴색이 조금 다르다는걸 느꼈어요 화사하게 밝고 생기가 있어 보이는 피부 무엇보다 내얼굴이 예뻐 보이더라구요 ㅎㅎ 바를때 부드럽고 바른뒤 매끈 촉촉하게 화사해지는것 같아요 사용하기도 편하고 휴대하기도 좋아요 오일 마스트향도 좋아요 잘바를게요,윤기/피부(톤),바를때 부드럽고,1,[속성] 윤기/피부(톤) [문장] 바를때 부드럽고,,윤기/피부(톤),unchanged
train,250666,쇼핑몰,스킨케어,OO 보** 크림 매니아구성,얼굴이 너무 건조하고 주름 때문에 고민이었는데 깊은주름에 효과가 있다고 하니 열심히 써볼라구요 샘플 주셔서 사용해봤는데 수분감두 있구 발림성 좋고 괜찮은것 같네요 주름은 더 써봐야 효과를 알겠네요,발림성,발림성 좋고,1,[속성] 발림성 [문장] 발림성 좋고,,발림성,unchanged
train,250677,쇼핑몰,스킨케어,OO 퍼** 세럼 매니아구성,촉촉하고 부드럽게 잘 스며들어 좋아요,보습력/수분감,촉촉하고,1,[속성] 보습력/수분감 [문장] 촉촉하고,,보습력/수분감,unchanged
train,250755,쇼핑몰,스킨케어,OO 주름관리 멀티밤 더블세트(멀티밤4+미스트2+오일2)+쇼핑백2,딸아이가 60대 엄마도 멀티밤 사용해보시라고 신청해주어서 아무런생각없이 얼굴에 발라보았더니 잔주름도 보이지않고 화장도 잘먹고 촉촉한 피부가되어 너무좋아요 가까운지인들에게 강추!!!,흡수력,화장도 잘먹고,1,[속성] 흡수력 [문장] 화장도 잘먹고,,흡수력,unchanged
train,250794,쇼핑몰,스킨케어,OO 기미관리 멀티밤 기본세트,향도 좋고 촉촉하네요~아직 이틀밖에 사용안해서 잡티랑 피부색은 효과는 모르겠지만 바르기 편해서 꾸준히 사용할수 있을것 같아요~,향,향도 좋고,1,[속성] 향 [문장] 향도 좋고,,향,unchanged
train,250898,쇼핑몰,스킨케어,OO 주름관리 멀티밤 기본세트(멀티밤2+미스트앰플1+오일1),얼굴이 너무 건조하고 평소 귀찮아서 뭘 잘 안발라서 간편하게 사용할수 있는거 구입해봤어요. 역시 간편하게 쓱쓱 바르고 나가기 정말 좋네요! 여름에는 좀 끈적할 수 있을거 같은데 암튼 촉촉하고 지속력도 좋아요,보습력/수분감,촉촉하고,1,[속성] 보습력/수분감 [문장] 촉촉하고,,보습력/수분감,unchanged
train,250901,쇼핑몰,스킨케어,OO 마** 크림 11통+앰플 2개 +멜** 앰플 2개 ,남편이랑 같이 꾸준히 잘 쓰고 있습니다. 당김도 없고 촉촉하니 수분 보습이 짱인듯~,보습력/수분감,촉촉하니,1,[속성] 보습력/수분감 [문장] 촉촉하니,,보습력/수분감,unchanged
train,250910,쇼핑몰,스킨케어,OO 로** 대용량 워터 토너 500ml,이거 진짜 좋아요 성분도 착하고 용량도 짐승이고 촉촉하고 닥토용으로도 굿~ 강추합니다^^,보습력/수분감,촉촉하고,1,[속성] 보습력/수분감 [문장] 촉촉하고,,보습력/수분감,unchanged
train,251005,쇼핑몰,스킨케어,OO 주름관리 멀티밤 기본세트(멀티2+아쿠아1+미스트1+오일1)+쇼핑백1,건조한 피부여서 화장품을 발라도 땡기는 느낌이 있었는데 가희멀티밤을 바르고 부터는 촉촉하고 피부가 좋아졌다는 이야기를 많이 들어요. 더블세트를 사서 지인들에게 선물하고 싶은데 방송을 어쩌다 한번씩 하는거 같아서 속상해요..자주자주 했으면 좋겠어요..,보습력/수분감,촉촉하고,1,[속성] 보습력/수분감 [문장] 촉촉하고,,보습력/수분감,unchanged
train,251040,쇼핑몰,스킨케어,OO 스** 에센셜 클렌징 폼 250ml 기획세트,부드럽고 향도 은은하니 좋아요 본품 유통기한은 23년 5월이네요 샘플들은 24년인데...,윤기/피부(톤),부드럽고,1,[속성] 윤기/피부(톤) [문장] 부드럽고,,윤기/피부(톤),unchanged
train,251260,쇼핑몰,스킨케어,OO 워** 선크림 60ml x 2개,건성피부에요. 촉촉하고 화사하게 톤업됩니다. 광도 돌아요. 간만에 맘에드는 참 맘에드는 선크림이에요. 추천합니다~~! 배송도 빨랐어요,보습력/수분감,촉촉하고,1,[속성] 보습력/수분감 [문장] 촉촉하고,,보습력/수분감,unchanged
train,251468,쇼핑몰,스킨케어,OO 주름관리 멀티밤 기본세트(멀티2+아쿠아1+미스트1+오일1)+쇼핑백1,발림성이 좋고 성분이 좋은지 주름개선효과가 있는거같아요사용하기 편해서 지속적으로 구매해서 사용하고있어요,발림성,발림성이 좋고,1,[속성] 발림성 [문장] 발림성이 좋고,,발림성,unchanged
train,251825,쇼핑몰,스킨케어,OO 주름관리 멀티밤 기본세트(멀티밤2+미스트1+오일1)+쇼핑백1,요즘 많은 사람들이 쓰고 있다해서 드디어 나도 구입 정말 윤기가 자르르 촉촉하고 향까지 마음에 쏙 들어요,보습력/수분감,촉촉하고,1,[속성] 보습력/수분감 [문장] 촉촉하고,,보습력/수분감,unchanged
train,251835,쇼핑몰,스킨케어,OO 주름관리 멀티밤 더블세트(멀티4+아쿠아2+미스트2+오일2)+쇼핑백2,바쁠때 간편하게 사용하려고 샀는데 휴대하기 불편해 수시로 바르기 힘드네요. 저는 손으로 바르는게 더 편한 것 같아요. 유통기한은 왜이렇게 짧은지... 가격대비 구성도 별로네요.,제품구성,가격대비 구성도 별로네요.,-1,[속성] 제품구성 [문장] 가격대비 구성도 별로네요.,,제품구성,unchanged
train,251841,쇼핑몰,스킨케어,OO 주름관리 멀티밤 더블세트(멀티4+아쿠아2+미스트2+오일2)+쇼핑백2,엄마께서 늘 쓰시는겁니다. 구성이 좋아서 뭐에 홀린듯 또 구매해서 선물로 보내드렸어요~ 엄청 좋아하시네요~~^^ 촉촉하고 발림성이 좋아서 추천합니다^^,보습력/수분감,촉촉하고,1,[속성] 보습력/수분감 [문장] 촉촉하고,,보습력/수분감,unchanged
train,252162,쇼핑몰,스킨케어,OO 주름관리 멀티밤 기본세트(멀티2+아쿠아1+미스트1+오일1)+쇼핑백1,하루종일 촉촉하네요 끈적임도없고 고민하다 주문했는데 고민하지말고 얼릉 주문할껄 했네요,지속력/유지력,하루종일 촉촉하네요,1,[속성] 지속력/유지력 [문장] 하루종일 촉촉하네요,,지속력,merged_duplicate_label
train,252191,쇼핑몰,스킨케어,OO 주름관리 멀티밤 기본세트(멀티2+아쿠아1+미스트1+오일1)+쇼핑백1,"이마와 눈주위가 늘 건조하고 잔주름땜에 유명한 엡풀화장품을 써보았지만 그다지 효과을 못봐서 속상해 하던차 지인의 피부가 요즘 넘탄력져보여 물어보니 가희멀티밤을 사용한지 얼마되지 않았는데 놀랍게 피부변화가 생겨 ^^ 나두~~ 곧 바로 구입모드로 행하였다~ 지금 친구들이 나를 보고 멀티밤을 바르니 10년전 피부로 돌아갔다고 난리났네요 ㅎㅎ 피부가 촉촉하고, 주름도 펴진것 같아요 가희 멀티밤 내인생에 최고의 선택!!!",보습력/수분감,피부가 촉촉하고,1,[속성] 보습력/수분감 [문장] 피부가 촉촉하고,,보습력/수분감,unchanged
train,252237,쇼핑몰,스킨케어,OO 주름관리 멀티밤 더블세트(멀티4+아쿠아2+미스트2+오일2)+쇼핑백2,"저번에 사서 써보고 좋고, 효과를 기대할려고 또 구매합니다 오래 지속적으로 사용해야 효과가 있겠죠?? 촉촉하고 발림도 좋아요~^^",보습력/수분감,촉촉하고,1,[속성] 보습력/수분감 [문장] 촉촉하고,,보습력/수분감,unchanged
train,252284,쇼핑몰,스킨케어,OO 주름관리 멀티밤 더블세트(멀티4+아쿠아2+미스트2+오일2)+쇼핑백2,부드럽고 촉촉해서 사용감이 좋아요^^ 구성도 맘에 듭니다~,윤기/피부(톤),부드럽고,1,[속성] 윤기/피부(톤) [문장] 부드럽고,,윤기/피부(톤),unchanged
train,252363,쇼핑몰,스킨케어,OO 주름관리 멀티밤 더블세트(멀티4+아쿠아2+미스트2+오일2)+쇼핑백2,여름까지 아주 든든해요 소문 듣고 구매합니다 한번 발라보니 촉촉하고 광채가 광채가 반짝반짝 묻어남 전혀없구요 아쿠아는 자외선차단기능까지있어서 강추 구성품인 앰플이랑 미스트도 너~~무 좋아요 고민하고 있다면 주문하세요 구성 너무 좋아요,보습력/수분감,촉촉하고,1,[속성] 보습력/수분감 [문장] 촉촉하고,,보습력/수분감,unchanged
train,218307,쇼핑몰,스킨케어,OO 보** 남성기초 1+1+1,세번째 재구매네요. 향도 오래가고 제품구성도 괜찮아서 계속 구매함,향,향도 오래가고,1,[속성] 향 [문장] 향도 오래가고,,향,unchanged
train,218327,쇼핑몰,스킨케어,OO 보** 남성기초 1+1+1,향도 좋고 제형이 끈적거라지 랂는 질감도 맘에들고 가성비좋아요,향,향도 좋고,1,[속성] 향 [문장] 향도 좋고,,향,unchanged
train,218367,쇼핑몰,스킨케어,OO 희** 콜라겐 기초세트+대용량 4종,바르고 금방 말라버리는 스킨 로션이 아니에요 촉촉하고 부드럽게 감싸주네요,보습력/수분감,촉촉하고,1,[속성] 보습력/수분감 [문장] 촉촉하고,,보습력/수분감,unchanged
train,218468,쇼핑몰,스킨케어,OO M** 남성기초세트 ,가격도 저렴하고 향이 맘에들어 재구매 했어요 앞으로도 재구매 할께요,가격,가격도 저렴하고,1,[속성] 가격 [문장] 가격도 저렴하고,,가격,unchanged
train,218579,쇼핑몰,스킨케어,OO 프** 콜라겐 기초세트 3+3+3 스페셜 패키지,받아서 바로사용했는데 제형이 부드럽고촉촉하고 아주좋아요 언니랑 친구랑 한세트씩나눠주고 저두 한세트사용중이에요~~저렴한가격에 딱필요한구성 아주맘에 들어요~~^^,보습력/수분감,촉촉하고,1,[속성] 보습력/수분감 [문장] 촉촉하고,,보습력/수분감,unchanged
train,218705,쇼핑몰,스킨케어,OO 프** 콜라겐 기초세트 3+3+3 스페셜 패키지,향도 좋고 갯수도많아서 좋습니다 저렴해서 좋네요,향,향도 좋고,1,[속성] 향 [문장] 향도 좋고,,향,unchanged
train,218828,쇼핑몰,스킨케어,OO G** 기초 대용량 스페셜(총10종),상품잘받았습니다~향도 좋고 가성비도 최고네요~~^^* 잘쓸거같아요~~,향,향도 좋고,1,[속성] 향 [문장] 향도 좋고,,향,unchanged
train,219159,쇼핑몰,스킨케어,OO 보** 남성기초 1+1+1,향도 좋고 가격대비 3세트 주고 가성비 짱 입니다. 다 쓰고 재구매 했습니다.,향,향도 좋고,1,[속성] 향 [문장] 향도 좋고,,향,unchanged
train,219275,쇼핑몰,스킨케어,OO 알** 알로에 기초 대박구성,요즘 미세먼지고 거칠어진 피부 걱정덜었네요. 촉촉하구 부드러워요. 가족이 함께쓰니 가성비 좋구여 성분이 천연이라 안심이예요.,보습력/수분감,부드러워요.,1,[속성] 보습력/수분감 [문장] 부드러워요.,,보습력/수분감,unchanged
train,219461,쇼핑몰,스킨케어,OO 액** 리프팅 앰플 더블구성,아내가 너무 좋아하네요~ 저도 가끔 같이 바르는데 촉촉하고 팽팽한 느낌이 들어요~,보습력/수분감,촉촉하고,1,[속성] 보습력/수분감 [문장] 촉촉하고,,보습력/수분감,unchanged
train,252507,쇼핑몰,스킨케어,OO 마** 크림 11통+앰플 2개 +멜** 앰플 2개 ,처음 사용해보는데 촉촉하니 좋네요 단점이라면 향이 좀... 연고냄새?!,보습력/수분감,촉촉하니 좋네요,1,[속성] 보습력/수분감 [문장] 촉촉하니 좋네요,,보습력/수분감,unchanged
train,252615,쇼핑몰,스킨케어,OO 주름관리 멀티밤 기본세트(멀티2+아쿠아1+미스트1+오일1)+쇼핑백1,왜들 좋다고하는지 알것같아요 한번 바르면 마음 편히 웃어도 주름 질것같지않은 느낌이 들정도록 촉촉하고 오랫동안 광택이나서 피부결 좋아보여요:),보습력/수분감,촉촉하고,1,[속성] 보습력/수분감 [문장] 촉촉하고,,보습력/수분감,unchanged
train,252648,쇼핑몰,스킨케어,OO 기** 멀티밤3개+미스트1개 +스틱1개,"기미,미백에 효과있다고해서 구매했는데 받고나서 바로 사용해보니 촉촉하고 반질반질 윤기가나서 맘에 들었어요 계속 사용해봐야 효과를 알겠지만 맘에 듭니다 다쓰고 다시 구매하고 싶네요 감사합니다",보습력/수분감,촉촉하고,1,[속성] 보습력/수분감 [문장] 촉촉하고,,보습력/수분감,unchanged
train,252704,쇼핑몰,스킨케어,OO 기** 멀티밤3개+미스트1개 +스틱1개,번들거림없이 피부속 스며드는 느낌이넘 좋아요 촉촉해요 주름에도 좋은것 같아요,보습력/수분감,촉촉해요,1,[속성] 보습력/수분감 [문장] 촉촉해요,,보습력/수분감,unchanged
train,252726,쇼핑몰,스킨케어,OO 주름관리 멀티밤 기본세트(멀티2+아쿠아1+미스트1+오일1)+쇼핑백1,"가희는 방송 보고 계속 사용하고 있는 제품이에요. 눈가주름, 팔자주름 부위에 발라 주면 하루 종일 촉촉하고 건조하지 않아요. 특히 피부가 건성인 경우에는 효과가 더욱 좋아요",보습력/수분감,촉촉하고,1,[속성] 보습력/수분감 [문장] 촉촉하고,,보습력/수분감,unchanged
train,252751,쇼핑몰,스킨케어,OO 주름관리 멀티밤 기본세트(멀티2+아쿠아1+미스트1+오일1)+쇼핑백1,원래 사용하던 제품 구성에 추가구성과 상품평이벤트 본품까지 하나더 준다고 해서 여유있는데 미리 시켰어요. 지속적으로 사용중 촉촉해요,보습력/수분감,촉촉해요,1,[속성] 보습력/수분감 [문장] 촉촉해요,,보습력/수분감,unchanged
train,252827,쇼핑몰,스킨케어,OO 보** 크림 50ml,엄마 생신이라 구입했어요 엄마 드리는거 시어머님꺼도 함께 구매했어요 끈적이지도 않고 촉촉하고 잘 스며들어요 피부가 맨들 맨들 해지고 주름도 옅어지는거 같다며 엄마랑 시어머님니 너무 좋아하세요 ^^,보습력/수분감,촉촉하고,1,[속성] 보습력/수분감 [문장] 촉촉하고,,보습력/수분감,unchanged
train,252831,쇼핑몰,스킨케어,OO 보** 크림 50ml,마스크를 자주 하느라 피부트러블도 생기고 점점 늙어가니까 피부도 건조한게 많이 느껴지네요ㅠ 친구 추천받고 속는셈치고 산 크림인데 와 넘넘 좋아서 반해버렸다는거~ 우선 발림성이 좋고 촉촉함이 지속되어서 건조함이 많이 사라졌고요 그러다보니 건조할때 보이는 피부주름같은게 많이 줄었어요 이게 젤 신기하네요 요즘 어디 가기 무서운데 홈케어만으로도 관리가 가능하니 만족도 1000% 입니다,발림성,발림성이 좋고,1,[속성] 발림성 [문장] 발림성이 좋고,,발림성,unchanged
train,252832,쇼핑몰,스킨케어,OO 보** 크림 50ml,요즘 환절기라 그런지 피부 당김이 심하고 너무 건조해서 피부가 푸석 거리는거 같아서 찾아보다가 구매했어요~ 30대 중반으로 들어서니 주름도 관리해야될거같아서 기능성화장품으로 구매했어요! 처음에 발라보니 제형안에 아주 미세한 알갱이들이 있는데 이것들이 녹으면서 쫙 흡수가 되는게 너무 신기하네요!ㅎㅎ 정말 한번 밖에 안발라봤는데 효과가 느껴지는거같아요 ㅋㅋ 기분탓인가;; 그래도 확실히 피부당김도 없이 촉촉하고 흡수력 대박인거같아요! 꾸준히 사용해볼게요,보습력/수분감,촉촉하고,1,[속성] 보습력/수분감 [문장] 촉촉하고,,보습력/수분감,unchanged
train,252845,쇼핑몰,스킨케어,OO 보** 크림 50ml,아직 30대 초반이몀 피부 짱짱하다고 생각했어요 피부도 푸석해보이고 주름도 더 잘보여서 관리하려고 샀는데 주름개선크림이다보니 찐더거리고 발림성이 무거울줄 알았는데 생각보다 잘림성도 가볍고 촉촉하니 좋네요 향도 좋고 피부가 탄력적으로 되는거 같아요 하나더 사서 부모님도 드리고 싶네요,보습력/수분감,촉촉하니 좋네요,1,[속성] 보습력/수분감 [문장] 촉촉하니 좋네요,,보습력/수분감,unchanged
train,252845,쇼핑몰,스킨케어,OO 보** 크림 50ml,아직 30대 초반이몀 피부 짱짱하다고 생각했어요 피부도 푸석해보이고 주름도 더 잘보여서 관리하려고 샀는데 주름개선크림이다보니 찐더거리고 발림성이 무거울줄 알았는데 생각보다 잘림성도 가볍고 촉촉하니 좋네요 향도 좋고 피부가 탄력적으로 되는거 같아요 하나더 사서 부모님도 드리고 싶네요,향,향도 좋고,1,[속성] 향 [문장] 향도 좋고,,향,unchanged
train,252847,쇼핑몰,스킨케어,OO 보** 크림 50ml,보툴링크 크림 딱 제가 원하던 거에요 65살인데 크림이 딱 주름개선을 원했는데 성분이 빵빵해서 좋아요 ㅎ 딱 마음에 들어요~ 발림성 묵직하고 그러면서도 촉촉하고 오래가요 ㅎ 피부가 쫀쫀하고 ㅎㅎ 너무 좋아요,보습력/수분감,촉촉하고,1,[속성] 보습력/수분감 [문장] 촉촉하고,,보습력/수분감,unchanged
train,252849,쇼핑몰,스킨케어,OO 기** 멀티밤3개+미스트1개 +스틱1개,발림성 좋고 무향인듯 은은한 향도 좋아요.,발림성,발림성 좋고,1,[속성] 발림성 [문장] 발림성 좋고,,발림성,unchanged
train,252864,쇼핑몰,스킨케어,OO 보** 크림 50ml,배송도 너무 빠르고 포장도 깔끔하게 잘되어있네요. 실제로 받았을때 케이스가 너무 고급져서 1차로 깜짝놀랫습니다ㅎㅎ 그리고 피부에 자극없이 촉촉하고 부드러운 느낌이 너무 좋습니다. 구성성분을 읽어보니 피부탄력과 주름에 많은 도움이 된다고하더라구요. 나이가드니깐 그런부분에 신경 많이 쓰고있었는데 잘 되었습니다. 제형이 만졌을땐 쫀득쫀득하지만 피부에 바르면 부드럽게 스며들어서 아주좋습니다,보습력/수분감,촉촉하고,1,[속성] 보습력/수분감 [문장] 촉촉하고,,보습력/수분감,unchanged
train,252879,쇼핑몰,스킨케어,OO 보** 크림 50ml,촉촉하고 부드러워요 바르고나면 예쁘게 윤광돌고 피부좋아보이네요 건조한편인데도 마무리로 요거하나발라주면 촉촉하고 좋네요 향도좋아서 맘에들어요,보습력/수분감,촉촉하고,1,[속성] 보습력/수분감 [문장] 촉촉하고,,보습력/수분감,unchanged
train,252892,쇼핑몰,스킨케어,OO 보** 크림 50ml,배송 진짜 빠르네요!! 쓰던게 똑 떨어져서 급하게 주문한건데 배송 빠르게 잘 받았어요 발림성도 부드럽고 촉촉하니 피부 깊숙한곳까지 잘 스며드는것 같아요,보습력/수분감,촉촉하니,1,[속성] 보습력/수분감 [문장] 촉촉하니,,보습력/수분감,unchanged
train,252901,쇼핑몰,스킨케어,OO 기** 멀티밤3개+미스트1개 +스틱1개,촉촉하고 스무디 해요. 향도 고급스럽고 발림성이 좋네요. 아직 드라마틱한 효과는 못봤지만 꾸준히 써볼게요. 감사합니다.,보습력/수분감,촉촉하고,1,[속성] 보습력/수분감 [문장] 촉촉하고,,보습력/수분감,unchanged
train,253060,쇼핑몰,스킨케어,OO 보** 크림 매니아구성,혹시나하고 주문하고 체험분 쓰고 아니면 반품 하려 했는데 발림성 좋고 촉촉하고 밀리지 않아서 본품 개봉 했어요 쓰면쓸수록 효과 좋았으면해요,발림성,발림성 좋고,1,[속성] 발림성 [문장] 발림성 좋고,,발림성,unchanged
train,253060,쇼핑몰,스킨케어,OO 보** 크림 매니아구성,혹시나하고 주문하고 체험분 쓰고 아니면 반품 하려 했는데 발림성 좋고 촉촉하고 밀리지 않아서 본품 개봉 했어요 쓰면쓸수록 효과 좋았으면해요,보습력/수분감,촉촉하고,1,[속성] 보습력/수분감 [문장] 촉촉하고,,보습력/수분감,unchanged
train,253066,쇼핑몰,스킨케어,OO 보** 크림 50ml,어버이날 선물로 크림 하나 사달라 그래 가지고 이것저것 구매했는데 이게 제일 좋아 보여서 엄마한테 이거 드릴려구요 촉촉하고 끈적임이 없어서 엄마의 화장품 다 바르고 마무리로 이거 바르면 좋을 거 같아요,보습력/수분감,촉촉하고,1,[속성] 보습력/수분감 [문장] 촉촉하고,,보습력/수분감,unchanged
train,253095,쇼핑몰,스킨케어,OO 보** 크림 50ml,수분크림 사용하고 나면 촉촉하니 지속력도 좋아요 건성 타입이라 항상 건조한 느낌이 있었는데 적당한 유 분 감도 있는 것 같고 잘 스며 드네요,보습력/수분감,촉촉하니,1,[속성] 보습력/수분감 [문장] 촉촉하니,,보습력/수분감,unchanged
train,253124,쇼핑몰,스킨케어,OO 보** 크림 50ml,향도 좋고 발림성도 끈적임이 없이 제형이 부드럽게 발립니다 하루종일 촉촉한듯ㅋㅋ 바르고 자고 일어나면 피부가 좀 뽀샤시 효과처럼 안정되어보여요. 크림덕인지 주름이랑 잡티가 줄고있어요.,향,향도 좋고,1,[속성] 향 [문장] 향도 좋고,,향,unchanged
train,253415,쇼핑몰,스킨케어,OO 주름관리 멀티밤 더블세트(멀티4+아쿠아2+미스트2+오일2)+쇼핑백2,"저렴한게 2세트 구입했네요.ㅎㅎ 구성이 너무 좋아요. 얼굴, 목에 바르니 발림성이 좋고 딸들이이랑 싸우지 않고 부담없이 쓸 수 있겠네요.ㅎㅎ",발림성,발림성이 좋고,1,[속성] 발림성 [문장] 발림성이 좋고,,발림성,unchanged
train,253433,쇼핑몰,스킨케어,OO 주름관리 멀티밤 기본세트(멀티2+아쿠아1+미스트1+오일1)+쇼핑백1,계속 사용했던건데 또 구매했습니다. 미스트가 안개처럼 나오지 않아 사용하기 불편하네요. 구성품이 적을뿐 아니라 가격대비 용량도 적습니다.,편의성/활용성,사용하기 불편하네요.,-1,[속성] 편의성/활용성 [문장] 사용하기 불편하네요.,,편의성/활용성,unchanged
train,253464,쇼핑몰,스킨케어,OO 주름관리 멀티밤 더블세트(멀티4+아쿠아2+미스트2+오일2)+쇼핑백2,한번 구매후 계속 구매해서 엄마랑 같이 쭈욱 사용중입니다 발림성 좋고 촉촉하니 만족합니다ㅋ,발림성,발림성 좋고,1,[속성] 발림성 [문장] 발림성 좋고,,발림성,unchanged
train,253606,쇼핑몰,스킨케어,OO 주름관리 멀티밤 기본세트(멀티2+아쿠아1+미스트1+오일1)+쇼핑백1,배송도 빠르고 상품도 마음에들어요 한번만발라도 오래도록 촉촉하고 얼굴이 반짝반짝 윤기나보여요,보습력/수분감,촉촉하고,1,[속성] 보습력/수분감 [문장] 촉촉하고,,보습력/수분감,unchanged
train,253795,쇼핑몰,스킨케어,OO 주름관리 멀티밤 더블세트(멀티4+아쿠아2+미스트2+오일2)+쇼핑백2,건조한 피부가 촉촉하고 생기가 도는듯요 사용하기도 간편하고 품질도 만족합니다 지인에게 강추하고 싶어요,기능/효과,건조한 피부가 촉촉하고,1,[속성] 기능/효과 [문장] 건조한 피부가 촉촉하고,,기능/효과,unchanged
train,253795,쇼핑몰,스킨케어,OO 주름관리 멀티밤 더블세트(멀티4+아쿠아2+미스트2+오일2)+쇼핑백2,건조한 피부가 촉촉하고 생기가 도는듯요 사용하기도 간편하고 품질도 만족합니다 지인에게 강추하고 싶어요,보습력/수분감,촉촉하고,1,[속성] 보습력/수분감 [문장] 촉촉하고,,보습력/수분감,unchanged
train,254016,쇼핑몰,스킨케어,OO 보** 크림 매니아구성,너무좋아요 촉촉하고 저녁에 바르고 자면 아침까지촉촉하고 피부가 고아져요 계속판매했으면 좋겠어요,보습력/수분감,촉촉하고,1,[속성] 보습력/수분감 [문장] 촉촉하고,,보습력/수분감,unchanged
train,254071,쇼핑몰,스킨케어,OO 주름관리 멀티밤 기본세트(멀티2+아쿠아1+미스트1+오일1)+쇼핑백1,좋다고 해서 사봤는데 저한테는 맞지 않아요. 주름에 효과도 없고 유분이 많아서 번들거리네요. 어제 외출했는데 뚜껑이 자꾸 열려서 휴대하기 불편했습니다. 아쿠아밤도 효과가 없네요.,보습력/수분감,유분이 많아서,-1,[속성] 보습력/수분감 [문장] 유분이 많아서,,보습력/수분감,unchanged
train,254276,쇼핑몰,스킨케어,OO 주름관리 멀티밤 더블세트(멀티4+아쿠아2+미스트2+오일2)+쇼핑백2,굉장히 부드럽게 발리고 바르자마자 수분광이 올라와요 가장 좋았던건 립밤을 하루에도 세네번씩 바르는데 이건 한번만 발라도 계속 촉촉해요 제가 써 보고 좋아서 시어머님과 동서 한테도 나눠 줬어요 어미님도 한번 발라보시더니 즉각적으로 효과가 있는거 같다며 좋아하시더라구요^^,보습력/수분감,촉촉해요,1,[속성] 보습력/수분감 [문장] 촉촉해요,,보습력/수분감,unchanged
train,254364,쇼핑몰,스킨케어,OO 주름관리 멀티밤 더블세트(멀티4+아쿠아2+미스트2+오일2)+쇼핑백2,부드럽게 잘 발리고 탄력에 도움이 되는 것 같아 재구매했어여. 이곳에서 구입하면 구성도 좋도 갯수도 많고 여름이라 선스틱도 있어서 좋네요~ ^^,제품구성,갯수도 많고,1,[속성] 제품구성 [문장] 갯수도 많고,,제품구성,unchanged
train,254364,쇼핑몰,스킨케어,OO 주름관리 멀티밤 더블세트(멀티4+아쿠아2+미스트2+오일2)+쇼핑백2,부드럽게 잘 발리고 탄력에 도움이 되는 것 같아 재구매했어여. 이곳에서 구입하면 구성도 좋도 갯수도 많고 여름이라 선스틱도 있어서 좋네요~ ^^,발림성,부드럽게 잘 발리고,1,[속성] 발림성 [문장] 부드럽게 잘 발리고,,발림성,unchanged
train,254399,쇼핑몰,스킨케어,OO 보**크림 기본구성,발림성이 좋고 광채가 죽이네요,발림성,발림성이 좋고,1,[속성] 발림성 [문장] 발림성이 좋고,,발림성,unchanged
train,254428,쇼핑몰,스킨케어,OO 주름관리 멀티밤 기본세트(멀티2+아쿠아1+미스트1+오일1)+쇼핑백1,주변에서 좋다고 추천을 많이 하길래 궁금해서 구매해 봤습니다. 가격대비 구성이 아쉽고 스틱용기라 끝까지 다 쓰기 어렵네요. 꾸준히 써봤지만 효과가 눈에 보이지 않고 손에 묻으면 끈적여요. 촉촉하지 않고 잘 발리지도 않아요. 온 가족이 편하게 쓸 수 있는 제품은 아니네요.,제품구성,가격대비 구성이 아쉽고,-1,[속성] 제품구성 [문장] 가격대비 구성이 아쉽고,,제품구성,unchanged
train,254431,쇼핑몰,스킨케어,OO 마** 크림 11통+앰플 2개 +멜** 앰플 2개 ,제품 잘쓰고있어요 많이 건성인데 제품 사용후 촉촉하고 얼굴에 윤기가 나요 잘쓰겠습니다,보습력/수분감,촉촉하고,1,[속성] 보습력/수분감 [문장] 촉촉하고,,보습력/수분감,unchanged
train,254482,쇼핑몰,스킨케어,OO 보** 크림 50ml,신소재로 인증받아서 효과가 좋다는 지인 말 듣고 구매했습니다! 제형안에 알갱이 같은 것이 들어있는데 문지르면 부드럽게 흡수되고 좋네요 ㅎㅎ 촉촉하고 주름개선 효과가 눈으로 보이는 듯 해서 챙겨 잘 바르고 있습니다^^,보습력/수분감,촉촉하고,1,[속성] 보습력/수분감 [문장] 촉촉하고,,보습력/수분감,unchanged
train,254483,쇼핑몰,스킨케어,OO 보** 크림 50ml,발림성이 정말 좋아요~^^ 피부가 부드럽고 촉촉하게 잘 발려리는데 제형 안에 알갱이 같은 것이 있어서 문지러주면 이게 펴발려서 싸악 사라지면서 흡수되네요~^^ 요즘 잔주름이 늘어나는 듯 한데 이거 바르고 주름 개선 기능 효과를 많이 보고 싶어요~^^,윤기/피부(톤),피부가 부드럽고,1,[속성] 윤기/피부(톤) [문장] 피부가 부드럽고,,윤기/피부(톤),unchanged
train,254585,쇼핑몰,스킨케어,OO 알로에 수분진정 기초 7종,알로에 큐어 좋아요 촉촉하고 보습력 좋네요 배송 빠르고 만족합니다,보습력/수분감,촉촉하고,1,[속성] 보습력/수분감 [문장] 촉촉하고,,보습력/수분감,unchanged
train,254595,쇼핑몰,스킨케어,OO 주름관리 멀티밤 기본세트(멀티2+아쿠아1+미스트1+오일1)+쇼핑백1,5월 가정의 날 맞이해서 와이프에게 넘즈시 선물 해주었더니 너무나 반가워하면서 고마워서 감탄사 연발.ㅋ 주름진 눈 밑 에 바르더니 너무나 촉촉하고 흡수가 잘 되고 발라보니 끈적임도 없고 바르기도 편하고 휴대하기도 편하고 가격도 저렴하고 좋다하면서 기뻐하네요 이번에 와이프에게 점수 몽땅 땃어요. 강추!,가격,가격도 저렴하고,1,[속성] 가격 [문장] 가격도 저렴하고,,가격,unchanged
train,254701,쇼핑몰,스킨케어,OO 주름관리 멀티밤 기본세트(멀티2+아쿠아1+미스트1+오일1)+쇼핑백1,촉촉하고 흡수력이 좋네요ㅡ 바르고 잤더니 아침에 더 주름이 펴진듯 재구매했어요~^^ 땀나기 시작한 계절...아쿠아도 더 구입하려구요~~^^,보습력/수분감,촉촉하고,1,[속성] 보습력/수분감 [문장] 촉촉하고,,보습력/수분감,unchanged
train,254708,쇼핑몰,스킨케어,[5+1덤증정 ]OO 보** 핸드크림 6종세트+쇼핑백,촉촉하고 향기가 넘 좋네요. 선물용 으로도 최고네요. 재구매도 했어요~~^^,보습력/수분감,촉촉하고,1,[속성] 보습력/수분감 [문장] 촉촉하고,,보습력/수분감,unchanged
train,254778,쇼핑몰,스킨케어,OO 주름관리 멀티밤 기본세트(멀티2+아쿠아1+미스트1+오일1)+쇼핑백1,잔주름을좀커버하고쉽게화장하려고구매했어요. 역시고문대로사용하기편하고촉촉하고품질이좋네요. 울엄마도사드려야겠어요.,보습력/수분감,촉촉하고,1,[속성] 보습력/수분감 [문장] 촉촉하고,,보습력/수분감,unchanged
train,254812,쇼핑몰,스킨케어,OO 주름관리 멀티밤 더블세트(멀티4+아쿠아2+미스트2+오일2)+쇼핑백2,이가격에이구성 놓치지말구 구매하세용 구성품 엠플미스트도 쓰던건데 촉촉하고 쓰기간편해요 사은품으로주신 오일은 첨써보는데 아직써보진않았는데 효과 좋겠죠??ㅎㅎ대박찬스입니당,보습력/수분감,촉촉하고,1,[속성] 보습력/수분감 [문장] 촉촉하고,,보습력/수분감,unchanged
train,254998,쇼핑몰,스킨케어,OO 마** 선스틱2+앰플+멜** 스틱,발림성 좋고 무색무취 좋아요 남성턱에는 적합하지않음 제형이 뭉쳐서 사이에 낌,발림성,발림성 좋고,1,[속성] 발림성 [문장] 발림성 좋고,,발림성,unchanged
train,255195,쇼핑몰,스킨케어,OO 알로에 기초 (큐어크림2스킨2에멀젼2에센셜1),향도 좋고 순하고 제가 강한향에 취약하거든요.눈따갑고 두통와요.그런데 이상품은 전혀 전~~~혀 자극없어요,향,향도 좋고,1,[속성] 향 [문장] 향도 좋고,,향,unchanged
train,255195,쇼핑몰,스킨케어,OO 알로에 기초 (큐어크림2스킨2에멀젼2에센셜1),향도 좋고 순하고 제가 강한향에 취약하거든요.눈따갑고 두통와요.그런데 이상품은 전혀 전~~~혀 자극없어요,자극성,순하고,1,[속성] 자극성 [문장] 순하고,,자극성,unchanged
train,255302,쇼핑몰,스킨케어,OO 주름관리 멀티밤 기본세트(멀티2+아쿠아1+미스트1+오일1)+쇼핑백1,촉촉하고 탄력있는 피부가 되게 해주네요.^^ 무엇보다 링클이 최고네요. 재구매 했어요. 이것 만 쓰게 되네요~~^^,보습력/수분감,촉촉하고,1,[속성] 보습력/수분감 [문장] 촉촉하고,,보습력/수분감,unchanged
train,255311,쇼핑몰,스킨케어,OO 주름관리 멀티밤 더블세트(멀티4+아쿠아2+미스트2+오일2)+쇼핑백2,평소 눈밑이 악건성이라 주름이 늘 자리 잡고 있었는데가히를 바르는 순간 촉촉하니 주름도 신기하게 펴지고 눈이 시리거나 침침함이 없고 바르기도 편리한게 넘 좋아요 ~강추합니다. 이제부터 가히만 구매 할꺼에요~~,보습력/수분감,촉촉하니,1,[속성] 보습력/수분감 [문장] 촉촉하니,,보습력/수분감,unchanged
train,255387,쇼핑몰,스킨케어,1+1+1 OO 세럼 스틱 /멀티밤,향도 좋고 바르면 얼굴에 윤기도 있어서 좋아요.,향,향도 좋고,1,[속성] 향 [문장] 향도 좋고,,향,unchanged
train,255395,쇼핑몰,스킨케어,OO 주름관리 멀티밤 더블세트(멀티4+아쿠아2+미스트2+오일2)+쇼핑백2,촉촉하고 번들거리고...좋습니다,보습력/수분감,촉촉하고,1,[속성] 보습력/수분감 [문장] 촉촉하고,,보습력/수분감,unchanged
train,255467,쇼핑몰,스킨케어,[5+1덤증정 ]OO 보** 핸드크림 6종세트+쇼핑백,촉촉하고 향도 좋아서 좋았구요. 각각 향이다르고 포장이 각각 되어있어서. 휴대하기에도좋고..선물용으로 좋아 재구매 했네요~^^,보습력/수분감,촉촉하고,1,[속성] 보습력/수분감 [문장] 촉촉하고,,보습력/수분감,unchanged
train,255468,쇼핑몰,스킨케어,OO 보** 남성기초 3세트+올인원 워시2,상품평을 보고 구매했네요. 가격도 저렴하고 배송도 빠르고 최고입니다. 향도 오래가고 좋습니다.,가격,가격도 저렴하고,1,[속성] 가격 [문장] 가격도 저렴하고,,가격,unchanged
train,255516,쇼핑몰,스킨케어,OO 알로에 선스틱 기본구성,김정문 알로에 선스틱 번들거리지않고 바르기편하고 일단 너무시원한 느낌이 들어서 너무 상쾌하고 좋아요 백탁현상도 없고 바르고난다음 무거운느낌도 없고 산뜻해요,흡수력,산뜻해요,1,[속성] 흡수력 [문장] 산뜻해요,,흡수력,unchanged
train,255635,쇼핑몰,스킨케어,OO 주름관리 멀티밤 더블세트(멀티4+아쿠아2+미스트2+오일2)+쇼핑백2,처음엔 미디어 광고에 자주 보이길래 나도 한번 써볼까해서 주문했습니다. 오! 그런데 기대이상이네요! 가격도 좋고 무엇보다 사용하기 편리해서 괜찮습니다요 사용한지 일주일 정도 되었는데 외출시 건조해졌을 때 주로 쓰고 있습니다. 주변에서 얼굴피부 좋아졌다는 소릴 듣는데 가히멀티밤 덕분이가 싶네요. 촉촉하고 발림성도 부드러워요! 전 만족스러워서 친정어머니께도 선물로 사드리려고 합니다.,보습력/수분감,촉촉하고,1,[속성] 보습력/수분감 [문장] 촉촉하고,,보습력/수분감,unchanged
train,255794,쇼핑몰,스킨케어,OO 주름관리 멀티밤 기본세트(멀티2+아쿠아1+미스트1+오일1)+쇼핑백1,기대했던 상품이 오늘 도착했어요 발림성 좋고 향도 좋고 피부가 좋아지길 바래요,발림성,발림성 좋고,1,[속성] 발림성 [문장] 발림성 좋고,,발림성,unchanged
train,255794,쇼핑몰,스킨케어,OO 주름관리 멀티밤 기본세트(멀티2+아쿠아1+미스트1+오일1)+쇼핑백1,기대했던 상품이 오늘 도착했어요 발림성 좋고 향도 좋고 피부가 좋아지길 바래요,향,향도 좋고,1,[속성] 향 [문장] 향도 좋고,,향,unchanged
train,255872,쇼핑몰,스킨케어,OO 주름관리 멀티밤 기본세트(멀티2+아쿠아1+미스트1+오일1)+쇼핑백1,촉촉함이 오래가지 않고 잔주름이 개선되는지는 아직 모르겠어요. 비싸게 샀으니 그냥 써보려고 합니다.,지속력/유지력,촉촉함이 오래가지 않고,-1,[속성] 지속력/유지력 [문장] 촉촉함이 오래가지 않고,,지속력,merged_duplicate_label
train,255935,쇼핑몰,스킨케어,OO 주름관리 멀티밤 더블세트(멀티4+아쿠아2+미스트2+오일2)+쇼핑백2,우선 배송이 엄청 빨라요!! 총알 배송 감사합니다. 발라지는 느낌도 부드럽고 촉촉하고 가희를 바른 후 화장하면 물광 장난 아니에요. 잘 쓸게요!! 구성품으로 썬스틱까지 주셔서 감사해여. OO쇼핑에서 사면 비싼데 역시 홈쇼핑이 가격 짱입니다!!,보습력/수분감,촉촉하고,1,[속성] 보습력/수분감 [문장] 촉촉하고,,보습력/수분감,unchanged
train,255969,쇼핑몰,스킨케어,OO 주름관리 멀티밤 더블세트(멀티4+아쿠아2+미스트2+오일2)+쇼핑백2,향기가 강하지 않고 은은합니다. 발림성 좋고 확실하게 피부에 확 좋은건 계속 써봐야 겠구요. 첫 느낌 좋고 눈가 입가 촉촉하게 바르게 좋겠습니다. 건조한 피부에 바를거 고민했는데 이제야 이걸 써보네요. 잘쓰겠습니다.,발림성,발림성 좋고,1,[속성] 발림성 [문장] 발림성 좋고,,발림성,unchanged
train,256155,쇼핑몰,스킨케어,OO 주름관리 멀티밤 기본세트(멀티2+아쿠아1+미스트1+오일1)+쇼핑백1,세번째 구매합니다 바르기 쉽고 촉촉하고 부드러워요 주름이 연해지니 자주 바르게 되고 빨리 없어져서 용량이 컸으면 좋겠어요 ^^~,보습력/수분감,촉촉하고,1,[속성] 보습력/수분감 [문장] 촉촉하고,,보습력/수분감,unchanged
train,256399,쇼핑몰,스킨케어,OO 주름관리 멀티밤 더블세트(멀티4+아쿠아2+미스트2+오일2)+쇼핑백2,매번 홈쇼핑에서 가히멀티밤 나오는거 보고 너무 궁금해서 오프라인 매장에서 하나 사서 사용했는데 너무 좋더라구요. 외출할때 멀티밤만 발라도 건조하거나 끈적임없이 촉촉함이 오래 유지되고 사용도 간편하고 무엇보다 이번 더블구성이 너무 좋아서 바로 구매했어요. 친정엄마랑 나눠서 잘 쓰겠습니다. ^^,보습력/수분감,촉촉함이 오래 유지되고,1,[속성] 보습력/수분감 [문장] 촉촉함이 오래 유지되고,,보습력/수분감,unchanged
train,256595,쇼핑몰,스킨케어,OO 주름관리 멀티밤 더블세트(멀티4+아쿠아2+미스트2+오일2)+쇼핑백2,동생의 선물로 1개를 주어서 사용해보니 촉촉하니 굵은 주름까지 효과가 있어 제가 주문하여 사용합니다. 양은 좀 적어 아쉽지만 효과 만점이라 적극 추천 합니다,보습력/수분감,촉촉하니,1,[속성] 보습력/수분감 [문장] 촉촉하니,,보습력/수분감,unchanged
train,256636,쇼핑몰,스킨케어,OO 주름관리 멀티밤 더블세트(멀티4+아쿠아2+미스트2+오일2)+쇼핑백2,받자마자 눈가 이마 팔자주름 부분 턱 목에 발라봤어요 제가 건성인편이라 기초 화장을 다하고 얼마지나면 피부가 당기는 느낌인데 요건바르고 두시간이 지났는데도 아직까지 촉촉해요 당김이 없어요 앞으로 주름개선효과가 기대되네요~,보습력/수분감,촉촉해요,1,[속성] 보습력/수분감 [문장] 촉촉해요,,보습력/수분감,unchanged
train,256876,쇼핑몰,스킨케어,OO 주름관리 멀티밤 기본세트(멀티2+아쿠아1+미스트1+오일1)+쇼핑백1,향도 좋고 구성도 좋아요~ 후대하기 좋아서 자주쓸거같아요 다 쓰면 또 살게요,향,향도 좋고,1,[속성] 향 [문장] 향도 좋고,,향,unchanged
train,257284,쇼핑몰,스킨케어,OO 주름관리 멀티밤 기본세트(멀티2+아쿠아1+미스트1+오일1)+쇼핑백1,주름 걱정인 언니와 건조한 피부인 저와 써볼려고 샀어요 그동안 광고도 많이보고 홈쇼핑 자주 나오는거보고 써보고 싶었는데 이번에 사야지 하고 맘먹었을때 샀어요ㅋㅋㅋㅋ 촉촉하고 발림성이 좋아서 좋아요^^ 담번엔 더블구성으로 사서 쟁여두고 써야겠어요^^,보습력/수분감,촉촉하고,1,[속성] 보습력/수분감 [문장] 촉촉하고,,보습력/수분감,unchanged
train,257339,쇼핑몰,스킨케어,OO 태** 에센셜 마스크 10매,항상 사용하는제품 저렴한가격에 구매해서 만족합니다 피부에 트러블없이 잘맞고 건조한 제피부에 사용하면 촉촉하고 부드러워서 자주사용하는팩입니다,윤기/피부(톤),부드러워서,1,[속성] 윤기/피부(톤) [문장] 부드러워서,,윤기/피부(톤),unchanged
train,257409,쇼핑몰,스킨케어,OO 주름관리 멀티밤 기본세트(멀티2+아쿠아1+미스트1+오일1)+쇼핑백1,발림성 좋고 사용하기 편해요 저렴한 가격에 잘구매했어요 써보고 재구매 할께요,발림성,발림성 좋고,1,[속성] 발림성 [문장] 발림성 좋고,,발림성,unchanged
train,257459,쇼핑몰,스킨케어,OO 주름관리 멀티밤 기본세트(멀티2+아쿠아1+미스트1+오일1)+쇼핑백1,지금까지 사용해 오던 제품이고 올 여름도 가희제품으로 촉촉하고 탄력있는 피부를 유지해 보렵니다~^-^,보습력/수분감,촉촉하고,1,[속성] 보습력/수분감 [문장] 촉촉하고,,보습력/수분감,unchanged
train,257578,쇼핑몰,스킨케어,OO 내** 선스틱 22g(SPF50+) 2개,아직 사용전이긴한데 손등에 살짝 발라보니 촉촉하고 발림성 좋아요,보습력/수분감,촉촉하고,1,[속성] 보습력/수분감 [문장] 촉촉하고,,보습력/수분감,unchanged
train,257853,쇼핑몰,스킨케어,OO 주름관리 멀티밤 기본세트(멀티2+아쿠아1+미스트1+오일1)+쇼핑백1,주름에 신경을 안쓰고있었는데 나이가 들어가니 주름이 신경쓰여 주문해봤어요~ 향도 좋고 발림성도 부드러워 전 완전 대만족이에요~~ 휴대하기도 편하고 수시로 바르기도 너무 좋아요~ 주름걱정은 이제 한시름 놓은거같아요^^,향,향도 좋고,1,[속성] 향 [문장] 향도 좋고,,향,unchanged
train,257886,쇼핑몰,스킨케어,OO 주름관리 멀티밤 기본세트(멀티2+아쿠아1+미스트1+오일1)+쇼핑백1,선물도 하고 써보고 싶어서 구매했습니다. 용기가 잘 돌아가지 않아서 사용하기 불편하네요. 상품평을 보니 효과가 좋다고 하던데 발라보니 주름이 옅어지는 느낌이 없어요. 다 쓰면 재구매는 안 할 생각입니다. 깊어지는 주름에 걱정이 많아 OO 바르면 주름이 옅어질까 기대했는데 효과가 없어서 실망입니다.,편의성/활용성,사용하기 불편하네요.,-1,[속성] 편의성/활용성 [문장] 사용하기 불편하네요.,,편의성/활용성,unchanged
train,258108,쇼핑몰,스킨케어,OO 주름관리 멀티밤 기본세트(멀티2+아쿠아1+미스트1+오일1)+쇼핑백1,기다리고 기다리던 가히 멀티밤을 받자마자 세안후 발랐어요 정말 요즘 얼굴이 너무 건조해서 팩도 앰플도 바를때뿐 건조함이 느겨졌는데 가히멀티밤을 바르니 시간이 지나도 촉촉하고 끈적이지도 않아 기분이 좋아지네요 자주이용 할듯 감사합니다,보습력/수분감,촉촉하고,1,[속성] 보습력/수분감 [문장] 촉촉하고,,보습력/수분감,unchanged
train,258331,쇼핑몰,스킨케어,OO 마** 크림 11통+앰플 28ml 1개+무료체험 3매 ,촉촉하고 흡수도 빠르고 좋아요. 여러 개라서 지인이랑 같이 쓰고 앰플도 대용량으로 있어서 잘 쓰겠어요.,보습력/수분감,촉촉하고,1,[속성] 보습력/수분감 [문장] 촉촉하고,,보습력/수분감,unchanged
train,258450,쇼핑몰,스킨케어,OO 주름관리 멀티밤 더블세트(멀티4+아쿠아2+미스트2+오일2)+쇼핑백2,평소 피부가 건조한 편인데 밤에 바르고 자면 일어난 뒤 촉촉하고 보습감이 느껴져 좋고 화장할 때는 적당량 바르고 하면 건조하지 않아 화장하면 잘 먹어 좋아요!!,보습력/수분감,촉촉하고,1,[속성] 보습력/수분감 [문장] 촉촉하고,,보습력/수분감,unchanged
train,258486,쇼핑몰,스킨케어,OO 주름관리 멀티밤 더블세트(멀티4+아쿠아2+미스트2+오일2)+쇼핑백2,간편하게 사용할수 있어서 너무 편리합니다. 바르면 촉촉하니 윤기가 흘러서 다들 뭐 쓰냐고 물어보네요 ㅎㅎ 앞으로도 자주 구입해서 쓸것같습니당>< 저는 여러개 사서 남편얼굴에도 발라주는데 남편도 좋아하더라구요,보습력/수분감,촉촉하니,1,[속성] 보습력/수분감 [문장] 촉촉하니,,보습력/수분감,unchanged
train,258517,쇼핑몰,스킨케어,OO 주름관리 멀티밤 더블세트(멀티4+아쿠아2+미스트2+오일2)+쇼핑백2,OO가 요즘 유행하길래 샀습니다. OO가 촉촉하고 주름케어에 좋다길래 기대했는데 촉촉하지 않고 주름에 효과가 없네요. 가격대비 구성이 아쉽고 더블로 구매했지만 양이 작아서 금방 쓸 거 같아요.,가격,가격대비 구성이 아쉽고,-1,[속성] 가격 [문장] 가격대비 구성이 아쉽고,,가격,unchanged
train,258530,쇼핑몰,스킨케어,OO 주름관리 멀티밤 기본세트(멀티2+아쿠아1+미스트1+오일1)+쇼핑백1,같이 일하는 분이 써서 구매해봤어요~ 촉촉하고 잔주름 가려져서좋아요,보습력/수분감,촉촉하고,1,[속성] 보습력/수분감 [문장] 촉촉하고,,보습력/수분감,unchanged
train,258676,쇼핑몰,스킨케어,OO 주름관리 멀티밤 더블세트(멀티4+아쿠아2+미스트2+오일2)+쇼핑백2,57년동안 아무리 좋은 제품을 써봤어도 악건성인 얼굴엔 만족한적이 없었습니다. 가히 멀티밤도 어쩔수 없겠지...과장광고 이겠지 하며 반신반의로 처음 써봤는데 정말 신기하게도 하루종일 촉촉하고 얼굴이 땅기지가않아 만족도 100% 이상입니다. 주위분들도 무슨 관리받았냐고 물어볼정도예요 가히 멀티밤을 자연스럽게 자랑하며 바른답니다. 휴대가 간편해 저의 핸드백에 필수템으로 가지고 다녀요.,보습력/수분감,촉촉하고,1,[속성] 보습력/수분감 [문장] 촉촉하고,,보습력/수분감,unchanged
train,259090,쇼핑몰,스킨케어,OO 에** 퓨어 선쿠션 더블구성,시원하고 촉촉하게 잘 스며듭니다.,보습력/수분감,시원하고,1,[속성] 보습력/수분감 [문장] 시원하고,,보습력/수분감,unchanged
train,259112,쇼핑몰,스킨케어,OO 마** 크림 11통+앰플 28ml 1개+무료체험 3매 ,마데카크림 처음입문다인데 혹시나 해서 첨 구매했어요 와우~~~브라보 촉촉하고 발림성 좋고 끈적이지 않고 광채까지 차오르는게 대박상품이네여 전 기존에 엘렌**달팽* 매니아였는데 요걸로 갈아타도 좋을거 같아여 완전 강추합니다,보습력/수분감,촉촉하고,1,[속성] 보습력/수분감 [문장] 촉촉하고,,보습력/수분감,unchanged
train,259112,쇼핑몰,스킨케어,OO 마** 크림 11통+앰플 28ml 1개+무료체험 3매 ,마데카크림 처음입문다인데 혹시나 해서 첨 구매했어요 와우~~~브라보 촉촉하고 발림성 좋고 끈적이지 않고 광채까지 차오르는게 대박상품이네여 전 기존에 엘렌**달팽* 매니아였는데 요걸로 갈아타도 좋을거 같아여 완전 강추합니다,발림성,발림성 좋고,1,[속성] 발림성 [문장] 발림성 좋고,,발림성,unchanged
train,259203,쇼핑몰,스킨케어,OO 주름관리 멀티밤 더블세트(멀티4+아쿠아2+미스트2+오일2)+쇼핑백2,"잘 받았습니다. 2번째 주문해서 쓰고 있는데요, 부드럽게 잘 발리고 앞으로 계속해서 쓸 것 같아요. 꾸준히 바르면 효과가 좋았으면 좋겠네요.",발림성,부드럽게 잘 발리고,1,[속성] 발림성 [문장] 부드럽게 잘 발리고,,발림성,unchanged
train,259298,쇼핑몰,스킨케어,OO 주름관리 멀티밤 더블세트(멀티4+아쿠아2+미스트2+오일2)+쇼핑백2,부드럽게 잘 발리고 간편해서 소지하기 좋습니다,발림성,부드럽게 잘 발리고,1,[속성] 발림성 [문장] 부드럽게 잘 발리고,,발림성,unchanged
train,259327,쇼핑몰,스킨케어,OO 주름관리 멀티밤 기본세트(멀티2+아쿠아1+미스트1+오일1)+쇼핑백1,너무나도 자주 TV이에서 광고하길래 도대체 얼마나 좋을지... 고민 중에 마침 OO쇼핑을 보다 혹~~해서 구매했어요. 그런데 이 것의 기름기가 피부 숨을 못 쉬게 하나봐요. 기름기가 많아 얼굴이 가려워 손이 자꾸 가네요. 개선이 되길 바라요. 참고로 난 건성피부.그리고 설명서에 설명이 부족해요. 구성물 얼마나 있는지 화장품의 어떤 순서일 때 써하는지 등. 아쿠아아는 설명서가 아예 없어요. 번창하세요.,보습력/수분감,기름기가 많아,-1,[속성] 보습력/수분감 [문장] 기름기가 많아,,보습력/수분감,unchanged
train,259384,쇼핑몰,스킨케어,OO 주름관리 멀티밤 더블세트(멀티4+아쿠아2+미스트2+오일2)+쇼핑백2,휴대하기 간편해서 좋구요 발림성이 좋고 촉촉하니 넘 맘에 듭니다.,발림성,발림성이 좋고,1,[속성] 발림성 [문장] 발림성이 좋고,,발림성,unchanged
train,259410,쇼핑몰,스킨케어,OO 주름관리 멀티밤 기본세트(멀티2+아쿠아1+미스트1+오일1)+쇼핑백1,초민감 피부인데..오자마자 테스트.. 다행히 가렵거나 그런게 없네요.. 효과는 좀더 사용해봐야 하겠지만 일단은 향도 좋고 쓰기편하네요.,향,향도 좋고,1,[속성] 향 [문장] 향도 좋고,,향,unchanged
train,259550,쇼핑몰,스킨케어,OO 주름관리 멀티밤 더블세트(멀티4+아쿠아2+미스트2+오일2)+쇼핑백2,입소문도 낫고 괜찮다해서 쓴 제품이예요 촉촉하고 당기질않아서 넘 좋네요,보습력/수분감,촉촉하고,1,[속성] 보습력/수분감 [문장] 촉촉하고,,보습력/수분감,unchanged
train,259571,쇼핑몰,스킨케어,OO 마**크림 1통+ 오일앰플 30ml 1개,꾸준히 잘 쓰겠습니다. 촉촉하고 광이 나면서 흡수가 빨라요.,보습력/수분감,촉촉하고,1,[속성] 보습력/수분감 [문장] 촉촉하고,,보습력/수분감,unchanged
train,259672,쇼핑몰,스킨케어,OO 마** 크림 11통+앰플 28ml 1개+무료체험 3매 ,촉촉하고 발림성도 조아요,보습력/수분감,촉촉하고,1,[속성] 보습력/수분감 [문장] 촉촉하고,,보습력/수분감,unchanged
train,259729,쇼핑몰,스킨케어,OO 알로에 선스틱 매니아구성,발림성 좋고 바를때 순간 시원한 느낌도 돟아요 잘 사용하고 있습니다,발림성,발림성 좋고,1,[속성] 발림성 [문장] 발림성 좋고,,발림성,unchanged
train,259798,쇼핑몰,스킨케어,OO 기미관리 멀티밤 기본세트,가히제품은 주름관리 제품을 꾸준히 쓰고 있는데 만족하고 쓰고 있는중이라 믿음이 가서 기미관리제품도 주문했습니다. 받자마자 슥슥 발라보니 역시나 촉촉하니 발림성이 좋고 기미개선효과를 기대하며 앞으로 지속적으로 사용해 보겠습니다~♡,발림성,발림성이 좋고,1,[속성] 발림성 [문장] 발림성이 좋고,,발림성,unchanged
train,259886,쇼핑몰,스킨케어,OO 퍼** 세럼 매니아구성,정말 촉촉해요^^~지금 3주째 쓰고있는데 느낌인지는 모르겠지만 기미가 큰거 2~3개 양볼옆으로 있었는데 많이 연해진거같아요. 사진을 못찍긴했는데 확실히 기미가 옅어지기는해요. 그리고 무엇보다 저녁에바르면 아침까지 촉촉하고 아침에 세안후 바르면 하루종일 얼굴이 반짝 거려요 ㅋ 대신 2번정도 덧바르면 더 좋더라고요^^~,보습력/수분감,촉촉하고,1,[속성] 보습력/수분감 [문장] 촉촉하고,,보습력/수분감,unchanged
train,259895,쇼핑몰,스킨케어,OO 보** 크림 기본구성(체험분최대),발림성 좋고 쏙 스며드는게 아주 좋네요,발림성,발림성 좋고,1,[속성] 발림성 [문장] 발림성 좋고,,발림성,unchanged
train,260094,쇼핑몰,스킨케어,OO 주름관리 멀티밤 기본세트(멀티2+아쿠아1+미스트1+오일1)+쇼핑백1,딸이 사줘서 지속적으로 사용해 보고 너무 좋아서 구매 했습니다 어느날부터인지 셀카 찍으면 주름이 보여서 너무보기 싫어지고 서글퍼지더라구요 작년 가을에 사준건데 집에서 수시로 발랐더니 주름이 좋아지는게느껴지더라구요 요즘 더운데도 끈적임이 적어서 티브 보다기도 바르고 수시로 발랐더니 촉촉하고 매끈해서 친구들한테도 적극 추천중 입니다 딸은 휴가때나 온다니 거의 다써서 한세트만 구매 합니다,보습력/수분감,촉촉하고,1,[속성] 보습력/수분감 [문장] 촉촉하고,,보습력/수분감,unchanged
train,260162,쇼핑몰,스킨케어,OO 마** 크림 11통+앰플 2개 +멜** 앰플 2개 ,여러차례재구매합니다 촉촉하고발림성좋고피부탄략도유지되고,보습력/수분감,촉촉하고,1,[속성] 보습력/수분감 [문장] 촉촉하고,,보습력/수분감,unchanged
train,260445,쇼핑몰,스킨케어,OO 주름관리 멀티밤 더블세트(멀티4+아쿠아2+미스트2+오일2)+쇼핑백2,배송 정말 빠르네요! 지인에게 받아 써보니 역시가 역시~ 발림성 좋고 윤기나는 느낌이 좋아 큰 구성으로 샀습니다~,발림성,발림성 좋고,1,[속성] 발림성 [문장] 발림성 좋고,,발림성,unchanged
train,260722,쇼핑몰,스킨케어,OO 마** 크림 11통+앰플 28ml 1개+무료체험 3매 ,제품을바르고나부드럽고촉촉하니좋아요 항상애용하지만 하나로해결해서 편리하고 가져다니기간편하고편리해서좋아요,윤기/피부(톤),부드럽고,1,[속성] 윤기/피부(톤) [문장] 부드럽고,,윤기/피부(톤),unchanged
train,260783,쇼핑몰,스킨케어,OO 주름관리 멀티밤 더블세트(멀티4+아쿠아2+미스트2+오일2)+쇼핑백2,촉촉하고 잔주름까지 싹 펴지는 효과에 정말 짱입니다,보습력/수분감,촉촉하고,1,[속성] 보습력/수분감 [문장] 촉촉하고,,보습력/수분감,unchanged
train,303820,쇼핑몰,스킨케어,OO 기초 2종 세트 1세트,건조하고 유분이 적은 얼굴에 OOO가 잘 맞아요. 촉촉하고 보습력이 좋아요.,보습력/수분감,촉촉하고,1,[속성] 보습력/수분감 [문장] 촉촉하고,,보습력/수분감,unchanged
train,303827,쇼핑몰,스킨케어,OO 기초 2종 세트 1세트,향도 좋고 촉촉하게 스며들어 발림도 좋아 계속 사용합니다,향,향도 좋고,1,[속성] 향 [문장] 향도 좋고,,향,unchanged
train,303827,쇼핑몰,스킨케어,OO 기초 2종 세트 1세트,향도 좋고 촉촉하게 스며들어 발림도 좋아 계속 사용합니다,보습력/수분감,촉촉하게 스며들어,1,[속성] 보습력/수분감 [문장] 촉촉하게 스며들어,,보습력/수분감,unchanged
train,219484,쇼핑몰,스킨케어,OO 액** 리프팅 앰플 더블구성,써보니 너무좋아서^^♡ ~~사부인께도 오늘 한개 더 주문해서 선물했네요 바르는 순간 리프팅됨과 동시에 촉촉함이 좋을뿐아니라 아침세안하니 촉촉하고 부드럽고좋으네요♡ 대박나세용,보습력/수분감,촉촉하고,1,[속성] 보습력/수분감 [문장] 촉촉하고,,보습력/수분감,unchanged
train,219576,쇼핑몰,스킨케어,OO 콜라겐 기초세트 3+3+3+폼 2종 최다구성,처음써보는제품인데 써보니 좋아요 향도좋고 촉촉하고 쫀쫀하고피부가 탱글탱글해지는 기분이 드는것 같아요 양도 많아서 오래 쓸것같아요 잘쓰겠습니다,보습력/수분감,촉촉하고,1,[속성] 보습력/수분감 [문장] 촉촉하고,,보습력/수분감,unchanged
train,219927,쇼핑몰,스킨케어,OO 프** 콜라겐 기초세트 3+3+3 스페셜 패키지,향도 좋고 배송도 빠르고 저렴하게 잘 샀네요 단 펌핑용기가 아닌게 아쉽네요,향,향도 좋고,1,[속성] 향 [문장] 향도 좋고,,향,unchanged
train,220090,쇼핑몰,스킨케어,OO 알** 알로에 기초 에센셜구성,촉촉하고 보습력도 좋아서 만족해요,보습력/수분감,촉촉하고,1,[속성] 보습력/수분감 [문장] 촉촉하고,,보습력/수분감,unchanged
train,220302,쇼핑몰,스킨케어,OO G** 기초 대용량 스페셜(총10종),촉촉하고 구성도 풍부해서 좋아요~^^,보습력/수분감,촉촉하고,1,[속성] 보습력/수분감 [문장] 촉촉하고,,보습력/수분감,unchanged
train,220639,쇼핑몰,스킨케어,OO G** 기초 스킨2+로션2,사용감 좋고 촉촉해요,보습력/수분감,촉촉해요,1,[속성] 보습력/수분감 [문장] 촉촉해요,,보습력/수분감,unchanged
train,220668,쇼핑몰,스킨케어,OO G** 기초 스킨2+로션2,스킨로션이 떨어져가서 주문했어요~ 향도 좋고 촉촉해요! 유리용기에 펌핑해 쓰니 신선하게 끝까지 사용가능하겠어요! 2세트 저렴하게 샀네요~,향,향도 좋고,1,[속성] 향 [문장] 향도 좋고,,향,unchanged
train,220760,쇼핑몰,스킨케어,OO 쑥** 에센스2+쑥크림2,촉촉하고 끈저임없고 다좋은데 향이 일반적인 은은한 쑥향이 아니고 고수향 같은 향이 나요ㅠㅠ,보습력/수분감,촉촉하고,1,[속성] 보습력/수분감 [문장] 촉촉하고,,보습력/수분감,unchanged
train,221103,쇼핑몰,스킨케어,OO 알** 알로에 기초 대박구성,알로에성분이 피부에 좋을꺼같아 주문했는데 부드럽고 흡수도 괜찮은거같네요 근데 스킨 로숀 나오는 입구가 눌러서 하는 펌핑이었슴합니다,윤기/피부(톤),부드럽고,1,[속성] 윤기/피부(톤) [문장] 부드럽고,,윤기/피부(톤),unchanged
train,303855,쇼핑몰,스킨케어,OO 기초 2종 세트 1세트,OOO 제품 써보니 좋아서 구매했습니다. OO유액과 OO수액도 촉촉하고 영양이 가득해서 건성인 저에겐 딱 좋아요.,보습력/수분감,촉촉하고,1,[속성] 보습력/수분감 [문장] 촉촉하고,,보습력/수분감,unchanged
train,303923,쇼핑몰,스킨케어,OO 기초 2종 세트 1세트,OOO세트는 세안후에 가장 먼저 피부에 발라주는 기초제품입니다. 순하고 발림이 부드러운 화장품입니다. 거부감없는 은은한 향도 좋고요. 스킨만 발라도 촉촉해지며 피부가 당기지 않게 보습력이 좋습니다.,자극성,순하고,1,[속성] 자극성 [문장] 순하고,,자극성,unchanged
train,303937,쇼핑몰,스킨케어,OO 기초 2종 세트 1세트,촉촉하고 발림성이 좋습니다 자극이 없는 게 좋습니다. 향이 진한 거를 좋아하지 않는 저로서는 아주 만족합니다.,보습력/수분감,촉촉하고,1,[속성] 보습력/수분감 [문장] 촉촉하고,,보습력/수분감,unchanged
train,303960,쇼핑몰,스킨케어,OO 기초 2종 세트 1세트,OO 자음 2종 세트 보습력이 좋습니다. 촉촉하고 잘 발립니다. 지성 피부에는 별로 좋지 않은 듯 합니다. 자극은 없습니다. 화장품 냄새가 강해서 어른 화장품 냄새입니다.,보습력/수분감,촉촉하고,1,[속성] 보습력/수분감 [문장] 촉촉하고,,보습력/수분감,unchanged
train,304032,쇼핑몰,스킨케어,OO 기초 2종 세트 1세트,환절기에 푸석푸석해지는 피부가 촉촉하게 유지됩니다. 겨울에도 촉촉하니 항상 사용합니다. 비싼게 단점인데 여기서 저렴하게 샀습니다.,보습력/수분감,촉촉하니,1,[속성] 보습력/수분감 [문장] 촉촉하니,,보습력/수분감,unchanged
train,304057,쇼핑몰,스킨케어,OO 기초 2종 세트 1세트,OO 자음 2종 기획 세트로 구매하면 구성품으로 여행용 작은 세트 4개가 들어있네요 여행갈 때 넣어가서 사용하기 좋습니다 순하고 제형도 부드럽습니다 향도 은은하고 좋습니다,자극성,순하고,1,[속성] 자극성 [문장] 순하고,,자극성,unchanged
train,304059,쇼핑몰,스킨케어,OO 기초 2종 세트 1세트,촉촉하고 향이 좋습니다 얼굴 색도 밝아진 거 같습니다 늘 잘 쓰고 있습니다,보습력/수분감,촉촉하고,1,[속성] 보습력/수분감 [문장] 촉촉하고,,보습력/수분감,unchanged
train,304069,쇼핑몰,스킨케어,OO 기초 2종 세트 1세트,건성인 피부에 적당한 유분으로 촉촉하고 건조함이 없어 항상 사용합니다.,보습력/수분감,촉촉하고,1,[속성] 보습력/수분감 [문장] 촉촉하고,,보습력/수분감,unchanged
train,304378,쇼핑몰,스킨케어,OO 기초 2종 세트 1세트,구성도 좋습니다. 촉촉하고 피부에 잘 흡수되어서 좋습니다.,보습력/수분감,촉촉하고,1,[속성] 보습력/수분감 [문장] 촉촉하고,,보습력/수분감,unchanged
train,304589,쇼핑몰,스킨케어,OO 기초 2종 세트 1세트,항상 믿고 구매해요. 촉촉하고 피부에 잘 맞네요. 다음에도 구매해야죠.,보습력/수분감,촉촉하고,1,[속성] 보습력/수분감 [문장] 촉촉하고,,보습력/수분감,unchanged
train,304625,쇼핑몰,스킨케어,OO 기초 2종 세트 1세트,촉촉하고 향도 좋고 상품권이 있어 더 저렴한 거 같아 좋았습니다,보습력/수분감,촉촉하고,1,[속성] 보습력/수분감 [문장] 촉촉하고,,보습력/수분감,unchanged
train,304625,쇼핑몰,스킨케어,OO 기초 2종 세트 1세트,촉촉하고 향도 좋고 상품권이 있어 더 저렴한 거 같아 좋았습니다,향,향도 좋고,1,[속성] 향 [문장] 향도 좋고,,향,unchanged
train,304644,쇼핑몰,스킨케어,OO 기초 2종 세트 1세트,순하고 촉촉하고 좋은 화장품이네요. 구성도 좋습니다.,자극성,순하고,1,[속성] 자극성 [문장] 순하고,,자극성,unchanged
train,304644,쇼핑몰,스킨케어,OO 기초 2종 세트 1세트,순하고 촉촉하고 좋은 화장품이네요. 구성도 좋습니다.,보습력/수분감,촉촉하고,1,[속성] 보습력/수분감 [문장] 촉촉하고,,보습력/수분감,unchanged
train,304657,쇼핑몰,스킨케어,OO 기초 2종 세트 1세트,25년 넘게 사용하는 OO 기초 제품 최고입니다. 피부가 촉촉하고 탄력과 보습에는 최상의 제품이네요,윤기/피부(톤),피부가 촉촉하고,1,[속성] 윤기/피부(톤) [문장] 피부가 촉촉하고,,윤기/피부(톤),unchanged
train,304671,쇼핑몰,스킨케어,OO 기초 2종 세트 1세트,OO OOO2종 항상 쓰는 제품입니다 선물로도 좋아요 촉촉하고 흡수잘되고 좋습니다.,보습력/수분감,촉촉하고,1,[속성] 보습력/수분감 [문장] 촉촉하고,,보습력/수분감,unchanged
train,304727,쇼핑몰,스킨케어,OO 기초 2종 세트 1세트,항상 쓰는 제품입니다. 순해서 좋습니다. 가격도 저렴하게 잘 샀네요.,자극성,순해서 좋습니다.,1,[속성] 자극성 [문장] 순해서 좋습니다.,,자극성,unchanged
train,304779,쇼핑몰,스킨케어,OO 기초 2종 세트 1세트,성분이 순하고 촉촉해서 좋아요 간절기에 딱 좋아요 샘플도 많이 챙겨주셨어요 가격은 좀 비싸네요.,발림성,성분이 순하고,1,[속성] 발림성 [문장] 성분이 순하고,,발림성,unchanged
train,304785,쇼핑몰,스킨케어,OO 기초 2종 세트 1세트,항상 사용하는제품입니다. 촉촉하고 향도 넘좋아요. 이번에 행사많이해서 싸게 샀네요. 너무좋아요. 믿고 쓰는 OOO. 샘플에 상품권까지 최고예요.,보습력/수분감,촉촉하고,1,[속성] 보습력/수분감 [문장] 촉촉하고,,보습력/수분감,unchanged
train,304798,쇼핑몰,스킨케어,OO 기초 2종 세트 1세트,OOO 제품 쓰다가 다른 제품은 못 쓰겠어요. 촉촉하고 쫀쫀한 피부가 되는거 같아서 만족해요.,보습력/수분감,촉촉하고,1,[속성] 보습력/수분감 [문장] 촉촉하고,,보습력/수분감,unchanged
train,304844,쇼핑몰,스킨케어,OO 링** 보습 밤 스틱 9g 1개,가격도 저렴하고 꼭 필요한 단품으로 구매할수 있어서 너무 좋습니다. 다 사용하면 재구매 하려구요 꾸준히 사용해서 주름에 효과 있으면 좋겠어요,가격,가격도 저렴하고,1,[속성] 가격 [문장] 가격도 저렴하고,,가격,unchanged
train,304877,쇼핑몰,스킨케어,OO 링** 보습 밤 스틱 9g 1개,촉촉하고 피부에 닿는 사용감이 좋습니다.,보습력/수분감,촉촉하고,1,[속성] 보습력/수분감 [문장] 촉촉하고,,보습력/수분감,unchanged
train,304951,쇼핑몰,스킨케어,OO 링** 보습 밤 스틱 9g 1개,촉촉하고 피부가 젊게 좋아진 느낌입니다. 바른 효과가 있기를 바랍니다.,보습력/수분감,촉촉하고,1,[속성] 보습력/수분감 [문장] 촉촉하고,,보습력/수분감,unchanged
train,304997,쇼핑몰,스킨케어,OO 링** 보습 밤 스틱 9g 1개,주위에서 다 쓰고 있어서 구매했습니다. 촉촉하고 주름에 효과있는 듯합니다.,보습력/수분감,촉촉하고,1,[속성] 보습력/수분감 [문장] 촉촉하고,,보습력/수분감,unchanged
train,305149,쇼핑몰,스킨케어,OO 링** 보습 밤 스틱 9g 1개,그전에 구매해서 얼굴에 발라보니 촉촉하니 좋다고 하고 또 구매해 주라고하네요 항상 ㅇㅇㅇ만 효과있다고 사용하네요. 또 구매할께요,보습력/수분감,촉촉하니,1,[속성] 보습력/수분감 [문장] 촉촉하니,,보습력/수분감,unchanged
train,305229,쇼핑몰,스킨케어,OO 링** 보습 밤 스틱 9g 1개,향이 좀 별로입니다 촉촉하고 발림성도 좋습니다,보습력/수분감,촉촉하고,1,[속성] 보습력/수분감 [문장] 촉촉하고,,보습력/수분감,unchanged
train,305256,쇼핑몰,스킨케어,OO 링** 보습 밤 스틱 9g 1개,얼굴이 건조하고 트러블이 있는데 효과가 좋습니다. 바르는 즉시 촉촉하고 물광 느낌이 납니다.,보습력/수분감,촉촉하고,1,[속성] 보습력/수분감 [문장] 촉촉하고,,보습력/수분감,unchanged
train,305582,쇼핑몰,스킨케어,OO 링** 보습 밤 스틱 9g 1개,써보니까 촉촉하고 주름 커버도 되는 것 같아서 좋아요.,보습력/수분감,촉촉하고,1,[속성] 보습력/수분감 [문장] 촉촉하고,,보습력/수분감,unchanged
train,305600,쇼핑몰,스킨케어,OO 링** 보습 밤 스틱 9g 1개,발림성 좋고 촉촉함 오래지속되네요. 용량이 적어 금방써지네요. 다 써갈때는 끝을 파서 쓰게 되네요.,발림성,발림성 좋고,1,[속성] 발림성 [문장] 발림성 좋고,,발림성,unchanged
train,305610,쇼핑몰,스킨케어,OO 링** 보습 밤 스틱 9g 1개,촉촉하고 주름관리하기 편하고 효과가 좋은거 같습니다,보습력/수분감,촉촉하고,1,[속성] 보습력/수분감 [문장] 촉촉하고,,보습력/수분감,unchanged
train,305779,쇼핑몰,스킨케어,OO 링** 보습 밤 스틱 9g 1개,촉촉하고 반질반질 하네요.저한테는 맞아서 또 구매했습니다. 유통기한 이렇게 긴줄 알았으면 더 사는건데 생각했네요.,보습력/수분감,촉촉하고,1,[속성] 보습력/수분감 [문장] 촉촉하고,,보습력/수분감,unchanged
train,305804,쇼핑몰,스킨케어,OO 카** 아이크림 포 페이스 30ml 1개,선물로 드렸는데 많이 좋아하시네요. 촉촉하고 발림성도 좋다고 하시네요.,보습력/수분감,촉촉하고,1,[속성] 보습력/수분감 [문장] 촉촉하고,,보습력/수분감,unchanged
train,305808,쇼핑몰,스킨케어,OO 카** 아이크림 포 페이스 30ml 1개,"끈적임이 없이 흡수력이 좋습니다. 피부에 겉돌지 않아 영양크림을 발라도 번들거림이 없어 좋고, 덧발랐을때도 촉촉하게 스며들어 지속적으로 바를수 있어 좋아요. 재구매해서 사용해도 좋을 상품입니다.",흡수력,촉촉하게 스며들어,1,[속성] 흡수력 [문장] 촉촉하게 스며들어,,흡수력,unchanged
train,305820,쇼핑몰,스킨케어,OO 카** 아이크림 포 페이스 30ml 1개,상품평이 좋아서 구매했어요. 저에겐 자극적이지 않고 발림성 좋고 촉촉합니다. 어떤 제품이든 드라마틱한 효과는 없잖아요. 그냥 현상유지만이라도 되게 꾸준히 사용해보려구요. 가성비 좋아요.,보습력/수분감,발림성 좋고,1,[속성] 보습력/수분감 [문장] 발림성 좋고,,보습력/수분감,unchanged
train,305842,쇼핑몰,스킨케어,OO 카** 아이크림 포 페이스 30ml 1개,발림성도 좋고 부드럽고 얇게 잘 펴 발라지네요 향도 좋고 제형도 가볍습니다,향,향도 좋고,1,[속성] 향 [문장] 향도 좋고,,향,unchanged
train,305891,쇼핑몰,스킨케어,OO 카** 아이크림 포 페이스 30ml 1개,단품으로 한번 사봤는데 발림성 좋고 촉촉합니다. 다른효과도 기대하며 꾸준히 써볼려구요.,발림성,발림성 좋고,1,[속성] 발림성 [문장] 발림성 좋고,,발림성,unchanged
train,305904,쇼핑몰,스킨케어,OO 카** 아이크림 포 페이스 30ml 1개,신제품 나올때마다 쓰고 있어서 구매했습니다. 촉촉하고 자극 없고 저렴하고 좋아요.,보습력/수분감,촉촉하고,1,[속성] 보습력/수분감 [문장] 촉촉하고,,보습력/수분감,unchanged
train,305958,쇼핑몰,스킨케어,OO 카** 아이크림 포 페이스 30ml 1개,항상 쓰고 있는 최애 아이크림인데요. 발림성 좋고 잘 스며들어서 좋습니다.,발림성,발림성 좋고,1,[속성] 발림성 [문장] 발림성 좋고,,발림성,unchanged
train,306005,쇼핑몰,스킨케어,OO 카** 아이크림 포 페이스 30ml 1개,아카시아향이 나면서 촉촉하고 부드럽게 발려서 좋네요.제일 마음에 드는건 끈적이지 않는다는것입니다. 저녁에 듬뿍 바르고 자고나면 아침에 탱탱한 느낌 좋습니다.,보습력/수분감,촉촉하고,1,[속성] 보습력/수분감 [문장] 촉촉하고,,보습력/수분감,unchanged
train,306040,쇼핑몰,스킨케어,OO 카** 아이크림 포 페이스 30ml 1개,OO OOO아이크림 신제품 나와서 써보려고 구매했습니다. 아이크림을 얼굴 전체에 바르니까 부자가 된 느낌이 드네요. 이번 제품 향도 좋고 수분 많아 촉촉하네요. 아쉬운 점은 제품별 장점을 구별해서 알려주면 좋겠어요. 선택하기 어려워서요. 배송은 빠르네요.,향,향도 좋고,1,[속성] 향 [문장] 향도 좋고,,향,unchanged
train,306213,쇼핑몰,스킨케어,OO 카** 아이크림 포 페이스 30ml 1개,애용하는 제품이에요. 촉촉하고 발림성이 좋습니다. 배송도 빨라 너무 좋네요,보습력/수분감,촉촉하고,1,[속성] 보습력/수분감 [문장] 촉촉하고,,보습력/수분감,unchanged
train,306334,쇼핑몰,스킨케어,OO 카** 아이크림 포 페이스 30ml 1개,가격이 저렴해요 가성비 좋아요 촉촉하고 흡수력이 좋아서 로션처럼 발라요,보습력/수분감,촉촉하고,1,[속성] 보습력/수분감 [문장] 촉촉하고,,보습력/수분감,unchanged
train,306426,쇼핑몰,스킨케어,OO 카** 아이크림 포 페이스 30ml 1개,꾸준히 쓰던 크림입니다. 가격도 저렴하고 수분력도 만족합니다.,가격,가격도 저렴하고,1,[속성] 가격 [문장] 가격도 저렴하고,,가격,unchanged
train,306478,쇼핑몰,스킨케어,OO 카** 아이크림 포 페이스 30ml 1개,주변에서 추천해줘서 써보려고 샀어요. 가격도 저렴하고 발림성이 좋아요. 얼굴전체에 바를 수 있어서 좋네요.,가격,가격도 저렴하고,1,[속성] 가격 [문장] 가격도 저렴하고,,가격,unchanged
train,306637,쇼핑몰,스킨케어,OO 카** 아이크림 포 페이스 30ml 1개,저렴하게 잘샀습니다. 배송도 빠르네요. 촉촉하고 쫀쫀한 제형이 제 맘에 쏙 든답니다. 앞으로 쭉 써볼께요.,보습력/수분감,촉촉하고,1,[속성] 보습력/수분감 [문장] 촉촉하고,,보습력/수분감,unchanged
train,306953,쇼핑몰,스킨케어,OO 설** 기초 3종 세트,가격도 저렴하고 사용감도 좋고 정말 좋습니다. 계속 사용하고 있는 제품입니다.,가격,가격도 저렴하고,1,[속성] 가격 [문장] 가격도 저렴하고,,가격,unchanged
train,307416,쇼핑몰,스킨케어,OO 설** 기초 3종 세트,ㅇㅇㅇ는 늘 믿고 구입하는 화장품이에요. 발림성 좋고 흡수력도 좋은 것 같아요. 적립금에 카드 할인까지 저렴하게 구입했어요.,발림성,발림성 좋고,1,[속성] 발림성 [문장] 발림성 좋고,,발림성,unchanged
train,307480,쇼핑몰,스킨케어,OO 설** 기초 3종 세트,사용하던 제품으로 바르면 피부가 촉촉하고 부드러워지네요~ 피부가 촉촉해서 숨쉬는 느낌이네요,보습력/수분감,피부가 촉촉하고,1,[속성] 보습력/수분감 [문장] 피부가 촉촉하고,,보습력/수분감,unchanged
train,307514,쇼핑몰,스킨케어,OO 설** 기초 3종 세트,제품 5년 넘게 쓰고 있습니다. 순하고 보습력이 좋습니다. 이번 사은 행사는 구성이 너무 푸짐해서 좋았습니다.,자극성,순하고,1,[속성] 자극성 [문장] 순하고,,자극성,unchanged
train,307625,쇼핑몰,스킨케어,OO 설** 기초 3종 세트,선물하니 좋아하시네요. OO하면 좋은 비싸고 좋은 제품이라는 것을 알아서 선물용으로 좋습니다. 향도 좋습니다 촉촉하고 피부에 흡수력도 좋은 느낌이 드네요,보습력/수분감,촉촉하고,1,[속성] 보습력/수분감 [문장] 촉촉하고,,보습력/수분감,unchanged
train,307708,쇼핑몰,스킨케어,OO 설** 기초 3종 세트,저렴하게 잘 구매했습니다. 부드럽고 촉촉해서 수분감이 오래가네요.,윤기/피부(톤),부드럽고,1,[속성] 윤기/피부(톤) [문장] 부드럽고,,윤기/피부(톤),unchanged
train,307738,쇼핑몰,스킨케어,OO 설** 기초 3종 세트,항상 사용하는 제품인데 촉촉하고 ○○○에센스 포함된제품이라 기초로는 딱 좋네요 가격도 착하게 잘구입했습니다,보습력/수분감,촉촉하고,1,[속성] 보습력/수분감 [문장] 촉촉하고,,보습력/수분감,unchanged
train,307747,쇼핑몰,스킨케어,OO 설** 기초 3종 세트,건조한 날씨에 피부가 촉촉하고 향기도 좋아 마음에 들어하네요 구성도 다양해서 쓰임새가 있어서 좋습니다 선물용인데 쇼핑백이 안 온 게 아쉽네요,보습력/수분감,피부가 촉촉하고,1,[속성] 보습력/수분감 [문장] 피부가 촉촉하고,,보습력/수분감,unchanged
train,307846,쇼핑몰,스킨케어,OO D** 페이셜 크림 150ml 1개,환절기가 되면 건조함이 심해져서 구입했어요. 자극적이지 않고 건조한 피부에는 괜찮은 것 같아요.,자극성,자극적이지 않고,1,[속성] 자극성 [문장] 자극적이지 않고,,자극성,unchanged
train,307866,쇼핑몰,스킨케어,OO D** 페이셜 크림 150ml 1개,늘 쓰는 제품이에요. 향도 거의 없는 편이고 발림성 좋고 촉촉해서 계속 사용하고 있어요. 얼굴 및 바디로션 겸용으로 쓰고 있습니다. 항상 만족합니다. 추천해요.,발림성,발림성 좋고,1,[속성] 발림성 [문장] 발림성 좋고,,발림성,unchanged
train,307867,쇼핑몰,스킨케어,OO D** 페이셜 크림 150ml 1개,처음에는 순하고 촉촉해서 좋았는데 며칠 사용했더니 뾰루지가 올라와서 지금은 사용 중단했네요. 피부가 진정되면 다시 사용해봐야알것같습니다.,자극성,순하고,1,[속성] 자극성 [문장] 순하고,,자극성,unchanged
train,307883,쇼핑몰,스킨케어,OO D** 페이셜 크림 150ml 1개,데일리용으로 무난하게 쓸수있는 제품입니다. 촉촉하고 부드럽고 발림성도 좋아서 매일 아침과 밤에 로션으로 사용합니다. 향도 무향이라 부담스럽지않고 가격은 좀 있지만 몇통째 꾸준히 이것만 써요!,보습력/수분감,촉촉하고,1,[속성] 보습력/수분감 [문장] 촉촉하고,,보습력/수분감,unchanged
train,307883,쇼핑몰,스킨케어,OO D** 페이셜 크림 150ml 1개,데일리용으로 무난하게 쓸수있는 제품입니다. 촉촉하고 부드럽고 발림성도 좋아서 매일 아침과 밤에 로션으로 사용합니다. 향도 무향이라 부담스럽지않고 가격은 좀 있지만 몇통째 꾸준히 이것만 써요!,윤기/피부(톤),부드럽고,1,[속성] 윤기/피부(톤) [문장] 부드럽고,,윤기/피부(톤),unchanged
train,307886,쇼핑몰,스킨케어,OO D** 페이셜 크림 150ml 1개,ㅇㅇㅇ크림 좋아서 항상 구매하네요. 촉촉하고 발림성도 좋고 제일 좋아하는 제품이에요. 나이 상관없이 효과는 좋은듯합니다.,보습력/수분감,촉촉하고,1,[속성] 보습력/수분감 [문장] 촉촉하고,,보습력/수분감,unchanged
train,307904,쇼핑몰,스킨케어,OO D** 페이셜 크림 150ml 1개,믿고 쓰는 OOO입니다. 어디에나 발라도 촉촉하고 순해서 트러블이 나지 않아요. 순해서 아기도 쓸 수 있을 듯 합니다.,보습력/수분감,촉촉하고,1,[속성] 보습력/수분감 [문장] 촉촉하고,,보습력/수분감,unchanged
train,307905,쇼핑몰,스킨케어,OO D** 페이셜 크림 150ml 1개,향도 없고 보습력도 좋네요. 환절기철에 많이 건조해지는데 이제품쓰고 건조함 많이 개선되서 매우 좋습니다.데일리템으로 4계절 무난하게 쓰기 좋은 제품입니다.,피부타입,향도 없고,1,[속성] 피부타입 [문장] 향도 없고,,피부타입,unchanged
train,307910,쇼핑몰,스킨케어,OO D** 페이셜 크림 150ml 1개,OOO크림은 촉촉하고 순해서 좋습니다. 뜨거운 여름에는 피부가 더 예민해지는데 듬뿍바르고 자고나면 피부가 많이 좋아집니다. 꾸준히 쓰고 있습니다.,보습력/수분감,촉촉하고,1,[속성] 보습력/수분감 [문장] 촉촉하고,,보습력/수분감,unchanged
train,307910,쇼핑몰,스킨케어,OO D** 페이셜 크림 150ml 1개,OOO크림은 촉촉하고 순해서 좋습니다. 뜨거운 여름에는 피부가 더 예민해지는데 듬뿍바르고 자고나면 피부가 많이 좋아집니다. 꾸준히 쓰고 있습니다.,자극성,순해서 좋습니다.,1,[속성] 자극성 [문장] 순해서 좋습니다.,,자극성,unchanged
train,307928,쇼핑몰,스킨케어,OO D** 페이셜 크림 150ml 1개,OO OOO크림은 기본템으로 써요 수분 보충하기 좋아요 밤에 바르면 아침에 촉촉하고 건조함 하나도 없고 좋습니다. 만족해요. 저렴하게 구매했습니다. 다음에도 이 제품으로 사야겠습니다.,보습력/수분감,촉촉하고,1,[속성] 보습력/수분감 [문장] 촉촉하고,,보습력/수분감,unchanged
train,307941,쇼핑몰,스킨케어,OO D** 페이셜 크림 150ml 1개,늘 사용하는 제품이에요. 가족 모두 같이 쓰는 제품으로 발림도 좋고 아이 피부에도 트러블 없이 괜찮아요 보습력이 매우 좋네요. 산뜻하게 발려서 가장 많이 사용하는 제품이랍니다. 너무 좋아요.,흡수력,산뜻하게 발려서,1,[속성] 흡수력 [문장] 산뜻하게 발려서,,흡수력,unchanged
train,307950,쇼핑몰,스킨케어,OO D** 페이셜 크림 150ml 1개,늘 쓰던 제품이에요. 촉촉하고 좋습니다. 저렴하게 구매해서 좋아요. 굿이네요.,보습력/수분감,촉촉하고,1,[속성] 보습력/수분감 [문장] 촉촉하고,,보습력/수분감,unchanged
train,307953,쇼핑몰,스킨케어,OO D** 페이셜 크림 150ml 1개,ㅇㅇㅇ 크림을 구매해서 사용한 결과 정말 보습력 하나는 최고인듯 해요. 자극적이지 않고 피부 트러블도 없으며 제일 좋은건 끈적임이 별로 없어요. 흡수력이 좋아서 보습엔 최고인듯 해요.,자극성,자극적이지 않고,1,[속성] 자극성 [문장] 자극적이지 않고,,자극성,unchanged
train,307955,쇼핑몰,스킨케어,OO D** 페이셜 크림 150ml 1개,촉촉하고 보습 잘되고 좋습니다. 건성인 분들에게는 필수이네요. 데일리템으로 쓰기 좋아 추천하네요.,보습력/수분감,촉촉하고,1,[속성] 보습력/수분감 [문장] 촉촉하고,,보습력/수분감,unchanged
train,307960,쇼핑몰,스킨케어,OO D** 페이셜 크림 150ml 1개,촉촉하고 보습력도 짱이네요. 여름에 사용해도 끈적임이나 번들거림이 없어서 좋아요. 흡수력도 좋고 자극적이지 않아서 데일리 사용하기 좋습니다. 화장하기전에 기초로 바르면 화장도 엄청 잘 먹어요.,보습력/수분감,촉촉하고,1,[속성] 보습력/수분감 [문장] 촉촉하고,,보습력/수분감,unchanged
train,307969,쇼핑몰,스킨케어,OO D** 페이셜 크림 150ml 1개,촉촉함이 오래가요. ㅇㅇㅇ 소문대로 보습성이 너무 좋아요. 다른 제품보다 발림성도 좋고 끈적임이 덜하네요. 추가로 더 구매하려구요. 주변 추천으로 구입해서 아주 만족스럽게 사용하고 있어요.,지속력/유지력,촉촉함이 오래가요.,1,[속성] 지속력/유지력 [문장] 촉촉함이 오래가요.,,지속력,merged_duplicate_label
train,307971,쇼핑몰,스킨케어,OO D** 페이셜 크림 150ml 1개,발림 좋고 끈적임 싫어하는데 그런것도 없고 꾸준히 쓰고있습니다 가격대비 만족도 높아요 향도없으니 민감하신분들한테 강추해요,발림성,발림 좋고,1,[속성] 발림성 [문장] 발림 좋고,,발림성,unchanged
train,307984,쇼핑몰,스킨케어,OO D** 페이셜 크림 150ml 1개,꾸준히 쓰고 있습니다 적당한 기름기와 수분으로 바르고 나면 번들거리지도 않고 촉촉해요 세안 꼼꼼하게하고 이거만 바르고 자도 아침에 완전 촉촉해요 여드름 상처위에 발라도 따갑지 않아요 순합니다 향도 진하지 않고 적당히 점성 있어서 바르기도 좋습니다,보습력/수분감,촉촉해요,1,[속성] 보습력/수분감 [문장] 촉촉해요,,보습력/수분감,unchanged
train,308014,쇼핑몰,스킨케어,OO D** 페이셜 크림 150ml 1개,배송 빠르고 좋습니다 겨울에 건조할 때 필수템입니다 다른데 보다 싸게 산 거 같아요 순하고 보습력이 좋습니다,자극성,순하고,1,[속성] 자극성 [문장] 순하고,,자극성,unchanged
train,308032,쇼핑몰,스킨케어,OO D** 페이셜 크림 150ml 1개,"아이들도 같이 쓸 수 있어서 좋고 거기다 아빠, 엄마도 슥슥 바릅니다 발림성이 좋고 향도 없어서 좋구요 저희 가족한테 잘 맞는 것 같아요 한겨울 초건조할때도 사계절용으로 만족하며 쓰고 있습니다",발림성,발림성이 좋고,1,[속성] 발림성 [문장] 발림성이 좋고,,발림성,unchanged
train,308034,쇼핑몰,스킨케어,OO D** 페이셜 크림 150ml 1개,다른거 좋다고 써봐도 돌고돌아서 다시 OOO로 돌아오네요. 많이 건조해서 덧발라줘야 하지만 이렇게 순하고 트러블 안나는건 이것만한 게 없습니다,자극성,순하고,1,[속성] 자극성 [문장] 순하고,,자극성,unchanged
train,308046,쇼핑몰,스킨케어,OO D** 페이셜 크림 150ml 1개,민감한 피부타입인데 자극없고 순하고 보습도 잘되어서 좋습니다.,자극성,순하고,1,[속성] 자극성 [문장] 순하고,,자극성,unchanged
train,308048,쇼핑몰,스킨케어,OO D** 페이셜 크림 150ml 1개,"○○○만큼 가성비 좋은 제품도 찾기 힘들어요 보습력 좋구요 성분도 순해서 아이부터 어른까지 고루 다 쓸 수 있어서 매우 만족합니다 밤에 여러 제품 발랐었는데 이거 사용하고부터는 스킨, 요거 딱 두가지만 바르네요 그래도 자고 일어나면 여전히 촉촉하고 그러면서도 번들거리지는 않네요",보습력/수분감,촉촉하고,1,[속성] 보습력/수분감 [문장] 촉촉하고,,보습력/수분감,unchanged
train,308068,쇼핑몰,스킨케어,OO D** 페이셜 크림 150ml 1개,항상 사용하는 우리가족 필수템입니다. 자극없고 순해서 좋습니다. 아무거나 바르면 뽀루지나는 피분데 OOO은 순해서 트러블이 없습니다. 유해성분없는 OOO 강추합니다.,자극성,순해서 좋습니다.,1,[속성] 자극성 [문장] 순해서 좋습니다.,,자극성,unchanged
train,308079,쇼핑몰,스킨케어,OO D** 페이셜 크림 150ml 1개,"촉촉하고 발림성도 좋네요. 건조한 피부에 딱인 제품입니다. 용량이 많아 꽤 썼는데도 많이 남아있는 느낌이네요. 아이들꺼도 하나 더 살까싶습니다,",보습력/수분감,촉촉하고,1,[속성] 보습력/수분감 [문장] 촉촉하고,,보습력/수분감,unchanged
train,308088,쇼핑몰,스킨케어,OO D** 페이셜 크림 150ml 1개,몇년째 수십통째 사용해왔습니다. 여름에는 이것만 발라도 충분했지만 나이가 들어서 부족한 느낌이네요. 자극 없고 순해서 좋습니다. 앞으로도 사용할 겁니다. 앞으로도 계속 사용할거에요.,자극성,순해서 좋습니다.,1,[속성] 자극성 [문장] 순해서 좋습니다.,,자극성,unchanged
train,308225,쇼핑몰,스킨케어,OO D** 페이셜 크림 150ml 1개,"이 제품만 써요. 너무 좋아서 온가족이 씁니다. 가을, 겨울에는 최고지요. 한여름 빼고는 늘 사용합니다. 트러블 없고 보습도 좋고 향도 없어서 좋아요.",보습력/수분감,보습도 좋고,1,[속성] 보습력/수분감 [문장] 보습도 좋고,,보습력/수분감,unchanged
train,308238,쇼핑몰,스킨케어,OO D** 페이셜 크림 150ml 1개,촉촉하니 좋네요 잘 발리고 겨울에 쓰기 좋습니다 스킨이랑 이것만 바르는데 스킨을 촉촉한거 쓰고 이거 바르면 딱 좋아요,보습력/수분감,촉촉하니 좋네요,1,[속성] 보습력/수분감 [문장] 촉촉하니 좋네요,,보습력/수분감,unchanged
train,308245,쇼핑몰,스킨케어,OO D** 페이셜 크림 150ml 1개,가족 모두 사용하기 좋습니다. 촉촉하고 보습력이 좋아서 사용하고 있습니다. 어디에나 건조한데 바르면 다 부드러워집니다.,보습력/수분감,촉촉하고,1,[속성] 보습력/수분감 [문장] 촉촉하고,,보습력/수분감,unchanged
train,308256,쇼핑몰,스킨케어,OO D** 페이셜 크림 150ml 1개,촉촉한 피부관리에 보습력이 좋습니다. OOO을 사용하면서는 피부트러블이 진정되네요. 촉촉하고 보습력이 뛰어나고 좋은 피부를 유지할 수 있어서 만족스럽네요.,보습력/수분감,촉촉하고,1,[속성] 보습력/수분감 [문장] 촉촉하고,,보습력/수분감,unchanged
train,308256,쇼핑몰,스킨케어,OO D** 페이셜 크림 150ml 1개,촉촉한 피부관리에 보습력이 좋습니다. OOO을 사용하면서는 피부트러블이 진정되네요. 촉촉하고 보습력이 뛰어나고 좋은 피부를 유지할 수 있어서 만족스럽네요.,보습력/수분감,보습력이 뛰어나고,1,[속성] 보습력/수분감 [문장] 보습력이 뛰어나고,,보습력/수분감,unchanged
train,308266,쇼핑몰,스킨케어,OO D** 페이셜 크림 150ml 1개,가성비가 좋고 제품품질이 정말 좋습니다 겨울철에 특히 좋아요 촉촉하고 보습력이 좋고 피부에 자극이 없어서 좋습니다,보습력/수분감,촉촉하고,1,[속성] 보습력/수분감 [문장] 촉촉하고,,보습력/수분감,unchanged
train,308273,쇼핑몰,스킨케어,OO D** 페이셜 크림 150ml 1개,원래는 다른 사람이 쓰다가 잘 안 맞는다고 해서 제가 쓰게 됐어요. 저는 좋네요. 데일리용으로 좋아요. 아침저녁 스킨없이 이 제품만 사용하는데 맘에 드네요. 향이 무향에다가 자극적이지 않고 튜브형이라 소지하기도 편해서 늘 가지고 다닙니다. 얼굴과 손 모두 다 씁니다. 재구매해서 늘 쟁여둬요.,자극성,자극적이지 않고,1,[속성] 자극성 [문장] 자극적이지 않고,,자극성,unchanged
train,308348,쇼핑몰,스킨케어,OO D** 페이셜 크림 150ml 1개,회사가 너무 건조해서 항상 사용하는 아이템입니다 자극없이 하루종일 촉촉하네요 세개 세트로 저렴하게 구매해서 만족스러웠습니다 사계절내내 사용하고 있네요 특히 건조한 겨울에 효과 좋은 ○○○크림 강추해요,지속력/유지력,하루종일 촉촉하네요,1,[속성] 지속력/유지력 [문장] 하루종일 촉촉하네요,,지속력,merged_duplicate_label
train,308359,쇼핑몰,스킨케어,OO D** 페이셜 크림 150ml 1개,여름에는 얇게 겨울이나 건조할때에는 여러겹 두툼하게 발라서 흡수시키면 촉촉합니다. 자극적이지 않고 순해서 트러블도 없고 예민해진 피부 진정에도 좋아요. 면도 후 예민해진 피부의 진정을 위해 항상 사용하고 있습니다.,자극성,자극적이지 않고,1,[속성] 자극성 [문장] 자극적이지 않고,,자극성,unchanged
train,308388,쇼핑몰,스킨케어,OO D** 페이셜 크림 150ml 1개,배송은 빨랐고 바르던게 있어서 사용한지는 얼마안됐습니다 계절이 계절인지라 건조하고 당길때 수분 미스트 사용후 바로 바르고 있습니다 특별한 향이 없어 거부감이 없고 촉촉하니 좋네요,보습력/수분감,촉촉하니 좋네요,1,[속성] 보습력/수분감 [문장] 촉촉하니 좋네요,,보습력/수분감,unchanged
train,308391,쇼핑몰,스킨케어,OO D** 페이셜 크림 150ml 1개,데일리로 꾸준히 사용하는 제품입니다. 여드름 피부에 적합해서 사용하고 있습니다. 촉촉하고 건조한 피부에 좋습니다.,보습력/수분감,촉촉하고,1,[속성] 보습력/수분감 [문장] 촉촉하고,,보습력/수분감,unchanged
train,308395,쇼핑몰,스킨케어,OO D** 페이셜 크림 150ml 1개,페이스용이라 믿고 바르고 있어요. 순하고 부드러워요. 양이 넉넉해서 아끼지 않고 얼굴과 목 등에 바릅니다. 얼굴이 조금 건조해지면 덧발라도 흡수가 잘 돼서 좋답니다. 추천해요.,자극성,순하고,1,[속성] 자극성 [문장] 순하고,,자극성,unchanged
train,308395,쇼핑몰,스킨케어,OO D** 페이셜 크림 150ml 1개,페이스용이라 믿고 바르고 있어요. 순하고 부드러워요. 양이 넉넉해서 아끼지 않고 얼굴과 목 등에 바릅니다. 얼굴이 조금 건조해지면 덧발라도 흡수가 잘 돼서 좋답니다. 추천해요.,윤기/피부(톤),부드러워요.,1,[속성] 윤기/피부(톤) [문장] 부드러워요.,,윤기/피부(톤),unchanged
train,308397,쇼핑몰,스킨케어,OO D** 페이셜 크림 150ml 1개,촉촉하고 트러블 안나는거 보니 성분도 좋은것 같습니다. 여드름 심해지면 어쩌나 했는데 다행이 잘맞아서 앞으로도 꾸준히 쓸 생각입니다. 이건 하나만 발라도 촉촉하네요. 거기다 저렴하기까지 해서 대만족입니다.,보습력/수분감,촉촉하고,1,[속성] 보습력/수분감 [문장] 촉촉하고,,보습력/수분감,unchanged
train,308398,쇼핑몰,스킨케어,OO D** 페이셜 크림 150ml 1개,1년내내 가족들 보습을 책임지고 있습니다. 순하고 보습력도 좋아 세안후 댕기는 피부에 사용하기 좋습니다. 자극 없고요 향도 거의 없어 온가족이 사용하기 좋습니다. 다른 곳보다 저렴히 잘 산 것 같습니다.,자극성,순하고,1,[속성] 자극성 [문장] 순하고,,자극성,unchanged
train,308398,쇼핑몰,스킨케어,OO D** 페이셜 크림 150ml 1개,1년내내 가족들 보습을 책임지고 있습니다. 순하고 보습력도 좋아 세안후 댕기는 피부에 사용하기 좋습니다. 자극 없고요 향도 거의 없어 온가족이 사용하기 좋습니다. 다른 곳보다 저렴히 잘 산 것 같습니다.,사용감,보습력도 좋아,1,[속성] 사용감 [문장] 보습력도 좋아,,사용감,unchanged
train,308412,쇼핑몰,스킨케어,OO D** 페이셜 크림 150ml 1개,촉촉하고 좋습니다 ㅇㅇㅇ은 촉촉하고 끈적이지도 않아서 겨울에도 세안 후 미스트 뿌리고 ㅇㅇㅇ 하나만 발라도 피부당김이 안 느껴져서 ㅇㅇㅇ 쓰고 부터는 에센스나 다른 크림을 안 바르고 있어요 성분이 순해서 좋아요,보습력/수분감,촉촉하고,1,[속성] 보습력/수분감 [문장] 촉촉하고,,보습력/수분감,unchanged
train,308414,쇼핑몰,스킨케어,OO D** 페이셜 크림 150ml 1개,겨울철이 되면 항상 사용하는 OOO 페이셜 크림입니다. OOO만 트러블 위에 발라도 자극이 없네요. 믿고 사용하는 OOO입니다. 밤에 바르면 피부자극 없이 아침까지 촉촉합니다.,보습력/수분감,아침까지 촉촉합니다.,1,[속성] 보습력/수분감 [문장] 아침까지 촉촉합니다.,,보습력/수분감,unchanged
train,308418,쇼핑몰,스킨케어,OO D** 페이셜 크림 150ml 1개,무난하고 쓰기 편리한 로션이네요. 신랑이 OO 오래 쓰다가 부질없다는거 느꼈네요. 저렴하고 좋은 제품 찾았는데 추천 받아서 쓰게 됐어요. 가격도 저렴하고 생각보다 촉촉함이 오래 가는듯 하네요.,가격,가격도 저렴하고,1,[속성] 가격 [문장] 가격도 저렴하고,,가격,unchanged
train,308432,쇼핑몰,스킨케어,OO D** 페이셜 크림 150ml 1개,항상 사용하는 제품입니다. 복합성 피부인데 유분이 많은 제품을 사용하면 여드름이 잔뜩 올라오는 타입이에요. 피부가 예민한 편인 분들에게 효과가 좋을 것 같아 강력추천해요. 촉촉하면서도 데일리로 사용하기에 좋아요.,기능/효과,데일리로 사용하기에 좋아요.,1,[속성] 기능/효과 [문장] 데일리로 사용하기에 좋아요.,,기능/효과,unchanged
train,308446,쇼핑몰,스킨케어,OO D** 페이셜 크림 150ml 1개,촉촉하고 발림성이 좋아 만족합니다. 겨울에 건조해서 피부트러블이 생겨서 피부과갔는데 의사쌤이 ㅇㅇㅇ 크림을 적극 추천하셨어요. 이 크림을 쓰고 피부가 굉장히 많이 좋아졌습니다. 이제 매일 사용할 듯 하네요.,보습력/수분감,촉촉하고,1,[속성] 보습력/수분감 [문장] 촉촉하고,,보습력/수분감,unchanged
train,308450,쇼핑몰,스킨케어,OO D** 페이셜 크림 150ml 1개,크림이라서 제형이 끈적일 줄 알았는데 로션보다 크림이 좋습니다. 잘 발라지고 끈적이지도 않고 촉촉하니 얼굴에도 몸에도 쓰고 있습니다.,보습력/수분감,촉촉하니,1,[속성] 보습력/수분감 [문장] 촉촉하니,,보습력/수분감,unchanged
train,308457,쇼핑몰,스킨케어,OO D** 페이셜 크림 150ml 1개,OOO은 자극 없고 건조해지는 피부에 사용하면 효과가 좋아요. 피부 결이 정돈되는 느낌이랍니다. OOO은 데일리용으로 좋습니다. 목과 몸 여러 곳에 발라 주면 효과가 좋아요.,기능/효과,데일리용으로 좋습니다.,1,[속성] 기능/효과 [문장] 데일리용으로 좋습니다.,,기능/효과,unchanged
train,308484,쇼핑몰,스킨케어,OO D** 페이셜 크림 150ml 1개,무난한 아이템이네요. 겨울에 필수아이템이 맞는 듯 하네요.여성분들이 건조해진 피부에 많이 사용하는 알려진 아이템으로 알고 있습니다. 촉촉하고 끈적임이 없어서 좋네요.,보습력/수분감,촉촉하고,1,[속성] 보습력/수분감 [문장] 촉촉하고,,보습력/수분감,unchanged
train,308515,쇼핑몰,스킨케어,OO D** 페이셜 크림 150ml 1개,항상 애용하는 온가족 크림이에요 얼굴 바디로션으로도 듬뿍발라주면 촉촉하니 향도 무향이라 더 좋습니다 성분 착하고 순한 OOO크림 최고,보습력/수분감,촉촉하니,1,[속성] 보습력/수분감 [문장] 촉촉하니,,보습력/수분감,unchanged
train,308531,쇼핑몰,스킨케어,OO D** 페이셜 크림 150ml 1개,"건조한 날에 좋아요 아침까지 촉촉하니 기분이 좋아요 용량도 많고, 가격도 착하고, 듬뿍 발라도 끈적임 없이 흡수도 잘됩니다.",보습력/수분감,촉촉하니,1,[속성] 보습력/수분감 [문장] 촉촉하니,,보습력/수분감,unchanged
train,308532,쇼핑몰,스킨케어,OO D** 페이셜 크림 150ml 1개,6년째 사용중이예요 지루성피부가 심한데 ○○○은 순하고 자극이 없어 좋습니다,자극성,순하고,1,[속성] 자극성 [문장] 순하고,,자극성,unchanged
train,308538,쇼핑몰,스킨케어,OO D** 페이셜 크림 150ml 1개,겨울에 필수품이에요. 보습도 좋고 트러블은 전혀 없습니다. 전신에 바르고 있습니다. 정전기가 많아 스파크가 많던 겨울의 악몽이 많이 사라졌네요.,보습력/수분감,보습도 좋고,1,[속성] 보습력/수분감 [문장] 보습도 좋고,,보습력/수분감,unchanged
train,308543,쇼핑몰,스킨케어,OO D** 페이셜 크림 150ml 1개,온가족 데일리로 쓰기 좋은 제품이예요 아이들이 바르기 좋아요 아이들이 사용하는데 순하고 자극이 없어서 참 좋네요 언제나 사용하고 있는 데일리 제품입니다 다 쓰고나면 또 구매예정이예요,자극성,순하고,1,[속성] 자극성 [문장] 순하고,,자극성,unchanged
train,308560,쇼핑몰,스킨케어,OO D** 페이셜 크림 150ml 1개,향 없고 순해서 좋습니다. 거기에 가격까지 저렴해서 좋습니다.,자극성,순해서 좋습니다.,1,[속성] 자극성 [문장] 순해서 좋습니다.,,자극성,unchanged
train,308582,쇼핑몰,스킨케어,OO D** 페이셜 크림 150ml 1개,OOO 처음써보는데 재구매의사 100% 입니다.발림성 부드럽고 흡수도 잘 되네요. 가격도 저렴하고 다른 화장품 위에 덧발라도 흡수가 잘되고 코로나시국에 메이크업 할일은 많지 않지만 메이크업도 안밀립니다.,가격,가격도 저렴하고,1,[속성] 가격 [문장] 가격도 저렴하고,,가격,unchanged
train,308613,쇼핑몰,스킨케어,OO D** 페이셜 크림 150ml 1개,"OOO 페이셜크림은 늘 사용하는 제품중 하나 입니다. 무향에 발림성도 좋고, 촉촉하고 순합니다. 앞으로도 계속 사용할 듯 합니다.",보습력/수분감,촉촉하고,1,[속성] 보습력/수분감 [문장] 촉촉하고,,보습력/수분감,unchanged
train,308622,쇼핑몰,스킨케어,OO D** 페이셜 크림 150ml 1개,다른 유명 브랜드 크림 어지간한 것보다 괜찮은 것 같습니다. 순하고 촉촉한 느낌이 좋습니다. 크림 다양하게 써 봤는데 다시 돌아왔네요. 기초 완성은 늘 OOO로 촉촉하게 마무리합니다.,자극성,순하고,1,[속성] 자극성 [문장] 순하고,,자극성,unchanged
train,308643,쇼핑몰,스킨케어,OO D** 페이셜 크림 150ml 1개,촉촉하고 흡수력 좋아요. 무엇보다 자극이 없어 데일리용으로 잘 사용중입니다.,보습력/수분감,촉촉하고,1,[속성] 보습력/수분감 [문장] 촉촉하고,,보습력/수분감,unchanged
train,308656,쇼핑몰,스킨케어,OO D** 페이셜 크림 150ml 1개,순하고 냄새도 없어서 거부감 없이 바르고 있어요 아이와 함께 바르는데 순해서 좋아요. 피부트러블이 심해서 아무거나 못 바르는데 트러블이 없어서 좋습니다.,자극성,순하고,1,[속성] 자극성 [문장] 순하고,,자극성,unchanged
train,308658,쇼핑몰,스킨케어,OO D** 페이셜 크림 150ml 1개,건성 피부에 한번만 발라줘도 촉촉하게 유지되네요. 촉촉함은 남아있는데 끈적임은 없어서 데일리로 사용하기 좋습니다. 가격도 비싸지 않아서 좋아요.,기능/효과,데일리로 사용하기 좋습니다.,1,[속성] 기능/효과 [문장] 데일리로 사용하기 좋습니다.,,기능/효과,unchanged
train,308672,쇼핑몰,스킨케어,OO D** 페이셜 크림 150ml 1개,데일리로 사용하기 너무 좋은 크림입니다. 영양가가 높은건 아닌데 그래도 순하고 촉촉합니다.임신중에도 종종 사용하고 있네요. ㅇㅇㅇ 추천해요.,자극성,순하고,1,[속성] 자극성 [문장] 순하고,,자극성,unchanged
train,308681,쇼핑몰,스킨케어,OO D** 페이셜 크림 150ml 1개,OOO로션이야 믿고 쓰죠 두 달 이상 쓰고 리뷰 남기는데 부드럽고 촉촉하고 좋습니다 향이 맘에들진 않지만 그래도 항상 믿고 쓰는 제품이에요 OOO로션 잘 쓸께요 최고예요,윤기/피부(톤),부드럽고,1,[속성] 윤기/피부(톤) [문장] 부드럽고,,윤기/피부(톤),unchanged
train,308700,쇼핑몰,스킨케어,OO D** 페이셜 크림 150ml 1개,더 써봐야알겠지만 성분이 순하고 요즘 같은 날씨에 크림 따로 쓸 필요없이 이것만으로 마무리가 가능합니다.,성분,성분이 순하고,1,[속성] 성분 [문장] 성분이 순하고,,성분,unchanged
train,308702,쇼핑몰,스킨케어,OO D** 페이셜 크림 150ml 1개,"발림성 좋고 촉촉하니 보습력이 좋아서 언제나 사용하고 있는 크림이에요. 아침저녁으로 세안 후 스킨, 로션, 에센스 다음 사용하고 있습니다. 매끈하게 발리고 아침에 바르면 저녁때까지 수분이 촉촉하게 유지되서 주름도 막아주고 피부 탄력 유지에도 좋은 것 같습니다. 추천해요!",발림성,발림성 좋고,1,[속성] 발림성 [문장] 발림성 좋고,,발림성,unchanged
train,308702,쇼핑몰,스킨케어,OO D** 페이셜 크림 150ml 1개,"발림성 좋고 촉촉하니 보습력이 좋아서 언제나 사용하고 있는 크림이에요. 아침저녁으로 세안 후 스킨, 로션, 에센스 다음 사용하고 있습니다. 매끈하게 발리고 아침에 바르면 저녁때까지 수분이 촉촉하게 유지되서 주름도 막아주고 피부 탄력 유지에도 좋은 것 같습니다. 추천해요!",보습력/수분감,촉촉하니,1,[속성] 보습력/수분감 [문장] 촉촉하니,,보습력/수분감,unchanged
train,308705,쇼핑몰,스킨케어,OO D** 페이셜 크림 150ml 1개,흡수잘되고 향이없어 부담없이 발라요. 부드럽고 흡수가 빠릅니다.,윤기/피부(톤),부드럽고,1,[속성] 윤기/피부(톤) [문장] 부드럽고,,윤기/피부(톤),unchanged
train,308707,쇼핑몰,스킨케어,OO D** 페이셜 크림 150ml 1개,발림성이 좋고 끈적이지 않고 바로 흡수 되어서 부담스럽지 않습니다. 바르고 나서 촉촉함이 유지되고 아침에도 부드럽네요. 세안후에 화장도 잘 되는거 같습니다.,발림성,발림성이 좋고,1,[속성] 발림성 [문장] 발림성이 좋고,,발림성,unchanged
train,308722,쇼핑몰,스킨케어,OO D** 페이셜 크림 150ml 1개,애용하는 제품입니다 향은 거의 안 나는 것 같습니다 발림성 좋은 편이고요 촉촉해요 양도 무난합니다 다음에도 재구매의향 있습니다,보습력/수분감,촉촉해요,1,[속성] 보습력/수분감 [문장] 촉촉해요,,보습력/수분감,unchanged
train,308736,쇼핑몰,스킨케어,OO D** 페이셜 크림 150ml 1개,오랫동안 사용해온 크림이에요. 순하고 촉촉하고 좋습니다. 바를때 양 조절을 잘 못하면 많이 겉도네요. 얼굴에 스며드는건 한계가 있는거 같습니다.,자극성,순하고,1,[속성] 자극성 [문장] 순하고,,자극성,unchanged
train,308754,쇼핑몰,스킨케어,OO D** 페이셜 크림 150ml 1개,타 제품 사용 시 피부트러블이 많은편인데 OOO 사용 후에는 트러블이 올라오지 않아 몇년째 사용하고 있어요. 보습력도 좋아 별도로 다른 제품을 추가로 사용하지 않아도 되는 점도 좋아요.,보습력/수분감,보습력도 좋아,1,[속성] 보습력/수분감 [문장] 보습력도 좋아,,보습력/수분감,unchanged
train,308764,쇼핑몰,스킨케어,OO D** 페이셜 크림 150ml 1개,아이들 어릴때 사용하던 제품을 계속 사용했어요. 요즘 ㅇㅇㅇ 광고도 많이 하고 ㅇㅇ에서 수입을 해서 믿고 구매해서 쓰는데 순하고 효과가 괜찮은거 같아요.,자극성,순하고,1,[속성] 자극성 [문장] 순하고,,자극성,unchanged
train,308767,쇼핑몰,스킨케어,OO D** 페이셜 크림 150ml 1개,ㅇㅇㅇ크림 150ml 늘 사용하는 제품입니다. 보습력도 좋고 발림성도 좋아요. 순하고 유분기도 적당히 있어요.,자극성,순하고,1,[속성] 자극성 [문장] 순하고,,자극성,unchanged
train,308868,쇼핑몰,스킨케어,OO 아** 슈퍼바이탈 2종 세트,OOO 기초는 향도 좋고 부드럽게 피부에 스며들고 좋습니다. 펌핑타입이라서 사용하기 편합니다.,향,향도 좋고,1,[속성] 향 [문장] 향도 좋고,,향,unchanged
train,308973,쇼핑몰,스킨케어,OO 아** 슈퍼바이탈 2종 세트,항상 쓰던 화장품이에요. 촉촉하니 건성 피부인 저한테는 딱이네요. 건성피부 강추합니다. 샘플도 많이주시고 감사합니다.,보습력/수분감,촉촉하니,1,[속성] 보습력/수분감 [문장] 촉촉하니,,보습력/수분감,unchanged
train,309020,쇼핑몰,스킨케어,OO 아** 슈퍼바이탈 2종 세트,보습도 좋고 촉촉해요. 향도 순하네요. 1년째 쓰고 있습니다. 강력추천해요,보습력/수분감,보습도 좋고,1,[속성] 보습력/수분감 [문장] 보습도 좋고,,보습력/수분감,unchanged
train,309042,쇼핑몰,스킨케어,OO 아** 슈퍼바이탈 2종 세트,수분감이 너무 좋아요 사용감도 좋구요 피부가 촉촉하고 피부가 부드러워서 좋아요,보습력/수분감,피부가 촉촉하고,1,[속성] 보습력/수분감 [문장] 피부가 촉촉하고,,보습력/수분감,unchanged
train,309154,쇼핑몰,스킨케어,OO 아** 슈퍼바이탈 2종 세트,건성이라 심한데 촉촉하고 보습도 오래가서 세 병째 사용 중이에요. 가격도 할인가에 구매해서 싸게 샀는데 사은구성품이 많네요. 유효 기한도 두 개 빼고 다 길어요.,보습력/수분감,촉촉하고,1,[속성] 보습력/수분감 [문장] 촉촉하고,,보습력/수분감,unchanged
train,309188,쇼핑몰,스킨케어,OO 아** 슈퍼바이탈 2종 세트,어떠한 피부타입에도 트러블이 없어서 사용하게 되었습니다. 다른제품과는 달리 조금만 덜어서 발라도 넓게 펴 바를 수 있어요. 유분기가 하루종일 지속되어 피부의 당김 현상이나 건조한 느낌이 전혀 들지 않는 촉촉하고 부드러운 제형의 제품이라 너무 좋습니다. 건성으로 변화하는 피부나 약건성 타입에도 좋을 것 같아서 추천해요. 엄마와 딸이 같이 쓰기에도 좋아요.,보습력/수분감,촉촉하고,1,[속성] 보습력/수분감 [문장] 촉촉하고,,보습력/수분감,unchanged
train,309257,쇼핑몰,스킨케어,OO 아** 슈퍼바이탈 2종 세트,건성 피부인데 OOO는 촉촉하고 유분감이 있어 좋아요. OOO에서 가격이 저렴해서 구매했어요.,보습력/수분감,촉촉하고,1,[속성] 보습력/수분감 [문장] 촉촉하고,,보습력/수분감,unchanged
train,309266,쇼핑몰,스킨케어,OO 아** 슈퍼바이탈 2종 세트,촉촉하고 흡수도 잘 됩니다. 샘플도 많고 마스크팩도 효과 좋아요. 할인 기회를 잘 이용해서 싸게 구매했습니다. 배송도 빨라 좋습니다.,보습력/수분감,촉촉하고,1,[속성] 보습력/수분감 [문장] 촉촉하고,,보습력/수분감,unchanged
train,309303,쇼핑몰,스킨케어,OO 아** 슈퍼바이탈 2종 세트,부드럽고 제 피부에 잘 맞습니다. 행사할 때 저렴하게 구입헤서 좋습니다.,윤기/피부(톤),부드럽고,1,[속성] 윤기/피부(톤) [문장] 부드럽고,,윤기/피부(톤),unchanged
train,309303,쇼핑몰,스킨케어,OO 아** 슈퍼바이탈 2종 세트,부드럽고 제 피부에 잘 맞습니다. 행사할 때 저렴하게 구입헤서 좋습니다.,기능/효과,제 피부에 잘 맞습니다.,1,[속성] 기능/효과 [문장] 제 피부에 잘 맞습니다.,,기능/효과,unchanged
train,309326,쇼핑몰,스킨케어,OO 아** 슈퍼바이탈 2종 세트,"소프너, 에멀전 각 150ml씩 넉넉합니다. 케이스에 뚜껑도 있어 위생적으로 쓰기 좋습니다. OOO 기프트 리치 5종이 함께 구성되어 좋네요. 소프너제형은 투명하고요 에멀전제형은 하얀 텍스처네요. 향은 각각 다르지만 향이 좋네요. 사용해보니 촉촉하고 번들거리지 않아 좋습니다. 유통기한 25년까지라 넉넉하네요.",보습력/수분감,촉촉하고,1,[속성] 보습력/수분감 [문장] 촉촉하고,,보습력/수분감,unchanged
train,309329,쇼핑몰,스킨케어,OO 아** 슈퍼바이탈 2종 세트,좋은 가격에 잘 구매했어요. 추가구성품인 샘플도 푸짐하고 돗자리도 마음에 드네요. 어버이날 선물로 구매했습니다. 적립금으로 쇼핑해서 만족스러워요.,가격,좋은 가격에 잘 구매했어요.,1,[속성] 가격 [문장] 좋은 가격에 잘 구매했어요.,,가격,unchanged
train,309343,쇼핑몰,스킨케어,OO 아** 슈퍼바이탈 2종 세트,아내가 계속 애용하는데 촉촉하고 건조한 피부인 저에게도 딱이에요,보습력/수분감,촉촉하고,1,[속성] 보습력/수분감 [문장] 촉촉하고,,보습력/수분감,unchanged
train,309347,쇼핑몰,스킨케어,OO 아** 슈퍼바이탈 2종 세트,저렴하게 잘 구매했어요. OOO 품질은 알고 있었는데 역시 좋습니다. 촉촉하고 부드럽게 발리고 겨울에 극건조함에도 당기지 않습니다.,보습력/수분감,촉촉하고,1,[속성] 보습력/수분감 [문장] 촉촉하고,,보습력/수분감,unchanged
train,309361,쇼핑몰,스킨케어,OO 아** 슈퍼바이탈 2종 세트,촉촉하고 적당한 유분감 시간이 지나도 땡김이 없습니다. 건성피부라 잘 맞는 것 같습니다.,보습력/수분감,촉촉하고,1,[속성] 보습력/수분감 [문장] 촉촉하고,,보습력/수분감,unchanged
train,309483,쇼핑몰,스킨케어,OO 아** 슈퍼바이탈 2종 세트,"피부도 민감하고 얇아서 아무거나 못 쓰는데, 촉촉하고 피부에 트러블도 안나서 좋습니다.",보습력/수분감,촉촉하고,1,[속성] 보습력/수분감 [문장] 촉촉하고,,보습력/수분감,unchanged
train,309484,쇼핑몰,스킨케어,OO 아** 슈퍼바이탈 2종 세트,촉촉하고 제형이 진해서 좋습니다 잘 발리고 피부가 부드럽고 화장도 잘 돼요,보습력/수분감,촉촉하고,1,[속성] 보습력/수분감 [문장] 촉촉하고,,보습력/수분감,unchanged
train,309484,쇼핑몰,스킨케어,OO 아** 슈퍼바이탈 2종 세트,촉촉하고 제형이 진해서 좋습니다 잘 발리고 피부가 부드럽고 화장도 잘 돼요,윤기/피부(톤),피부가 부드럽고,1,[속성] 윤기/피부(톤) [문장] 피부가 부드럽고,,윤기/피부(톤),unchanged
train,309508,쇼핑몰,스킨케어,OO 아** 슈퍼바이탈 2종 세트,9년째 구입해서 쓰고 있어요. 굉장히 오래 쓴 화장품이예요. 피부에 촉촉하고 잘 발려서 좋습니다. 내 피부에 딱 좋습니다.,보습력/수분감,촉촉하고,1,[속성] 보습력/수분감 [문장] 촉촉하고,,보습력/수분감,unchanged
train,309528,쇼핑몰,스킨케어,OO 아** 슈퍼바이탈 2종 세트,"향도 진하지 않고, 피부가 촉촉하고 부드러워서 좋아요. 재구매했습니다.",보습력/수분감,피부가 촉촉하고,1,[속성] 보습력/수분감 [문장] 피부가 촉촉하고,,보습력/수분감,unchanged
train,309596,쇼핑몰,스킨케어,OO 아** 슈퍼바이탈 2종 세트,오랫 동안 바르던 건데 얼마 남지 않아 또 구매했습니다 피부에 자극도 없고 순하고 부드러워 좋네요,자극성,순하고,1,[속성] 자극성 [문장] 순하고,,자극성,unchanged
train,309612,쇼핑몰,스킨케어,OO 아** 슈퍼바이탈 2종 세트,꾸준히 사용하셨는데 부작용 없이 사용하고 계세요. 보습력 좋고 발림성 좋고 향도 좋아요. 효과가 좋아 앞으로도 계속 사용하 실 것 같아요.,발림성,발림성 좋고,1,[속성] 발림성 [문장] 발림성 좋고,,발림성,unchanged
train,309627,쇼핑몰,스킨케어,OO 아** 슈퍼바이탈 2종 세트,이 제품 몇년째 사용하고 있습니다. 촉촉하고 부드러워요. 얼굴 당김이 심했는데 이제품 쓰고 좋아졌습니다.,보습력/수분감,촉촉하고,1,[속성] 보습력/수분감 [문장] 촉촉하고,,보습력/수분감,unchanged
train,309627,쇼핑몰,스킨케어,OO 아** 슈퍼바이탈 2종 세트,이 제품 몇년째 사용하고 있습니다. 촉촉하고 부드러워요. 얼굴 당김이 심했는데 이제품 쓰고 좋아졌습니다.,윤기/피부(톤),부드러워요.,1,[속성] 윤기/피부(톤) [문장] 부드러워요.,,윤기/피부(톤),unchanged
train,309688,쇼핑몰,스킨케어,OO 아** 슈퍼바이탈 2종 세트,항상 쓰던 제품입니다. 자극적이지 않고 데일리로 사용하기 좋아 잘 쓰고 있습니다. 좋은 기회에 구매해서 좋아요.,자극성,자극적이지 않고,1,[속성] 자극성 [문장] 자극적이지 않고,,자극성,unchanged
train,309714,쇼핑몰,스킨케어,OO 아** 슈퍼바이탈 2종 세트,향도 좋고 보습이 좋은 제품이에요. 다른사람에게도 추천할만한 제품입니다. 타 사이트에 비해 OO쇼핑이 가격도 좋고 제품도 좋네요. OOO 라인좋아요. 배송 빠르고요. 다음에도 제구매할 거예요.,향,향도 좋고,1,[속성] 향 [문장] 향도 좋고,,향,unchanged
train,309749,쇼핑몰,스킨케어,OO 아** 슈퍼바이탈 2종 세트,꾸준히 사용하는 제품입니다. 촉촉하고 발림성이 정말 좋습니다.,보습력/수분감,촉촉하고,1,[속성] 보습력/수분감 [문장] 촉촉하고,,보습력/수분감,unchanged
train,309783,쇼핑몰,스킨케어,OO 아** 슈퍼바이탈 2종 세트,잘 스며들고 촉촉하고 얼굴톤이 환해지네요. 꾸준히 사용하고 있습니다. 좋은 가격이라서 만족합니다.,보습력/수분감,촉촉하고,1,[속성] 보습력/수분감 [문장] 촉촉하고,,보습력/수분감,unchanged
train,309868,쇼핑몰,스킨케어,OO 쎈**  크림 50ml 1개,재구매했습니다. 자극 없이 부드럽고 하루종일 촉촉합니다.,윤기/피부(톤),부드럽고,1,[속성] 윤기/피부(톤) [문장] 부드럽고,,윤기/피부(톤),unchanged
train,310077,쇼핑몰,스킨케어,OO 쎈**  크림 50ml 1개,스킨 바르고 나서 바로 듬뿍 바르고 자면 아침까지 부드럽고 촉촉하고 너무 좋습니다. 용량이 더 컸으면 좋겠어요.,윤기/피부(톤),부드럽고,1,[속성] 윤기/피부(톤) [문장] 부드럽고,,윤기/피부(톤),unchanged
train,310087,쇼핑몰,스킨케어,OO 쎈**  크림 50ml 1개,촉촉하고 발림성도 좋고 바르면 광나고 좋습니다.,보습력/수분감,촉촉하고,1,[속성] 보습력/수분감 [문장] 촉촉하고,,보습력/수분감,unchanged
train,310127,쇼핑몰,스킨케어,OO 쎈**  크림 50ml 1개,늘 쓰던거라 또 구매했습니다. 발림성 좋고 촉촉함이 오래 유지되네요. 가격대비 좋은 상품인거 같습니다.,발림성,발림성 좋고,1,[속성] 발림성 [문장] 발림성 좋고,,발림성,unchanged
train,310139,쇼핑몰,스킨케어,OO 쎈**  크림 50ml 1개,양이 적어 빨리쓴다는 단점 말고는 단점이 없네요.촉촉하니 발림도 부들부들 좋네요.,보습력/수분감,촉촉하니,1,[속성] 보습력/수분감 [문장] 촉촉하니,,보습력/수분감,unchanged
train,310315,쇼핑몰,스킨케어,OO 쎈**  크림 50ml 1개,촉촉하고 물광효과까지 있네요. 건조한 피부에 생기를 줍니다.건조한 요즘 없어서는 안될 크림입니다.,보습력/수분감,촉촉하고,1,[속성] 보습력/수분감 [문장] 촉촉하고,,보습력/수분감,unchanged
train,310512,쇼핑몰,스킨케어,OO 쎈**  크림 50ml 1개,촉촉하고 향도 약하고 자극 없이 바르기 좋습니다,보습력/수분감,촉촉하고,1,[속성] 보습력/수분감 [문장] 촉촉하고,,보습력/수분감,unchanged
train,310532,쇼핑몰,스킨케어,OO 쎈**  크림 50ml 1개,지난 4년간 꾸준히 써왔습니다. 촉촉하고 부드럽네요. 제 피부에 일등공신이네요. 가격도 정말 맘에 듭니다.,보습력/수분감,촉촉하고,1,[속성] 보습력/수분감 [문장] 촉촉하고,,보습력/수분감,unchanged
train,310539,쇼핑몰,스킨케어,OO 쎈**  크림 50ml 1개,순하고 부드러워서 계속 쓰고 있습니다. 홈쇼핑에서 대량으로 사다가 처음으로 소량 구매해봅니다. 빠른 배송 감사해요.,자극성,순하고,1,[속성] 자극성 [문장] 순하고,,자극성,unchanged
train,310588,쇼핑몰,스킨케어,OO 쎈**  크림 50ml 1개,촉촉하고 쫀쫀하게 코팅되는 느낌입니다. OOO 특유의 향이 있는데 저는 괜찮네요. 당분간 이걸로 정착하렵니다.,보습력/수분감,촉촉하고,1,[속성] 보습력/수분감 [문장] 촉촉하고,,보습력/수분감,unchanged
train,310593,쇼핑몰,스킨케어,OO 쎈**  크림 50ml 1개,써보니 순하고 괜찮은 것 같아서 재구매했습니다. 낮에 바를 때 번들거리는 게 없어 좋습니다.,자극성,순하고,1,[속성] 자극성 [문장] 순하고,,자극성,unchanged
train,261022,쇼핑몰,헤어/바디케어,OO 샴푸/린스 850ml x 2,ㅇㅇ적립금으로 저렴히 구매했네요. 가려운두피케어왼 애플후레쉬 써봤는데 ㅇㅇㅇ는 다 좋아요. 상쾌하고 향도 오래가고 청소년 두피케어에 젤 좋아요.,지속력/유지력,향도 오래가고,1,[속성] 지속력/유지력 [문장] 향도 오래가고,,지속력/유지력,unchanged
train,270511,쇼핑몰,헤어/바디케어,OO 모** 헤어 에센스 290ml,진짜 최고에요.... 브랜드 처음 들어보고 그냥 아무거나 주문한거였는데 정착할 것 같습니다 에센스 하나 시켰는데 샘플 키트5종이랑 편지 그리고 작은 꽃?? 이 왔는데 너무 정성 가득이라 감동 받았어요 사실 이렇게 서비스가 좋아도 상품이 별로면 리뷰를 쓰러 오지도 않았을텐데 굳이 굳이 쓰러온 이유는 에센스가 정말 대박 좋습니다 덧발라도 떡지지도 않고 촉촉해요 냄새도 너무 좋도 곱슬기가 심한데 곱슬기도 바로면 바로 가라앉아서 이제 제 인생템이 된 것 같습니다.... 샘플 주신거 써보고 다른 상품도 구매해보고 싶네요 친환경이라 더 좋아요,보습력/수분감,촉촉해요,1,[속성] 보습력/수분감 [문장] 촉촉해요,,보습력/수분감,unchanged
train,270864,쇼핑몰,헤어/바디케어,OO 더** 염색제 세트,순하고 색깔도 잘 물들고 염색하기 편해요 다음번 상푸후 물 빠짐이 어떨지 모르겟어요 만족합니다 헤어드라이기는 약간 엉성해요,자극성,순하고,1,[속성] 자극성 [문장] 순하고,,자극성,unchanged
train,270992,쇼핑몰,헤어/바디케어,OO 염색제10box+트리트먼트10매+멀티전기그릴,염색제 색깔도 마음에 들고 좋은데 하나 아쉬운점이 장갑이 전엔 라텍스처럼 말착되었는데 이번엔 그냥 일회용이라 자꾸 벗겨져요. 사용하기 불편하네요. 아쉽네요,제품구성,사용하기 불편하네요.,-1,[속성] 제품구성 [문장] 사용하기 불편하네요.,,제품구성,unchanged
train,790313,쇼핑몰,헤어/바디케어,OO 일** 세라마이드  로션 350ml 1개,향이 없어서 좋고 순하고 보습력도 좋아서 애용하고 있어요. 대부분의 피부에 잘 맞아서 온 식구가 잘 사용하고 있습니다. 가성비 좋고 끈적이지 않고 보습력도 오래가요. 앞으로도 계속 구입할 것 같습니다.,자극성,순하고,1,[속성] 자극성 [문장] 순하고,,자극성,unchanged
train,790316,쇼핑몰,헤어/바디케어,OO 일** 세라마이드  로션 350ml 1개,5년간 꾸준히 사용하고 있는 제품인데 행사로 저렴하게 구입했네요. 최고의 제품이라고 생각해요. 또한 제가 건성인데 촉촉하고 건조하지 않아요. 발림성도 좋습니다. 다른 제품 갈아타도 돌아오게 되는 것 같아요.,보습력/수분감,촉촉하고,1,[속성] 보습력/수분감 [문장] 촉촉하고,,보습력/수분감,unchanged
train,790324,쇼핑몰,헤어/바디케어,OO 일** 세라마이드  로션 350ml 1개,자주 쓰는 제품이라서 항상 만족하고 쓰고 있어요. 발림성도 좋고 제형이 부드러워요. 바르고 난 후 점점 더 촉촉하고 부드러워서 보습크림으로도 만족하는 제품입니다.,보습력/수분감,부드러워서,1,[속성] 보습력/수분감 [문장] 부드러워서,,보습력/수분감,unchanged
train,790341,쇼핑몰,헤어/바디케어,OO 일** 세라마이드  로션 350ml 1개,지금까지 써본 바디로션 중에 가장 마음에 듭니다. 흡수력이 빨라요. 보습력은 기대 안 했는데 보습력도 좋은 편인 거 같아요. 끈적이지 않고 제형이 묵직한 편이라 좋고 바르기도 편하네요. 데일리로 쓰기 좋아요. 가격도 좋은데 품질도 좋아서 재구매할 것 같아요.,편의성/활용성,데일리로 쓰기 좋아요.,1,[속성] 편의성/활용성 [문장] 데일리로 쓰기 좋아요.,,편의성/활용성,unchanged
train,790353,쇼핑몰,헤어/바디케어,OO 일** 세라마이드  로션 350ml 1개,괜찮은것 같습니다. 제가 워낙 건조해서 다른 제품과 함께 사용하고 있습니다. 좋아요. 촉촉하고 보습도 좀 되는것 같고 나름 만족해요.,보습력/수분감,촉촉하고,1,[속성] 보습력/수분감 [문장] 촉촉하고,,보습력/수분감,unchanged
train,790354,쇼핑몰,헤어/바디케어,OO 일** 세라마이드  로션 350ml 1개,좋네요. 촉촉하고 향 없어서 좋습니다. 자극이 없어서 좋고 트러블 피부에도 자극없이 잘 맞아서 좋습니다.,보습력/수분감,촉촉하고,1,[속성] 보습력/수분감 [문장] 촉촉하고,,보습력/수분감,unchanged
train,790359,쇼핑몰,헤어/바디케어,OO 일** 세라마이드  로션 350ml 1개,"아이가 다른 보습로션을 쓰면 피부 트러블이 생기는 편인데, 이 제품은 트러블이 발생하지 않아서 좋습니다. 향도 거의 없기 때문에 오히려 더 좋아하고 제가 발라보아도 순하고 촉촉해서 계속 이 제품만 주문해서 사용하고 있습니다.",자극성,순하고,1,[속성] 자극성 [문장] 순하고,,자극성,unchanged
train,790373,쇼핑몰,헤어/바디케어,OO 일** 세라마이드  로션 350ml 1개,늘 사용하는 제품입니다. 촉촉하고 순해서 좋네요. 증정품도 있어서 너무 저렴하게 잘 샀어요.,보습력/수분감,촉촉하고,1,[속성] 보습력/수분감 [문장] 촉촉하고,,보습력/수분감,unchanged
train,790433,쇼핑몰,헤어/바디케어,OO 일** 세라마이드  로션 350ml 1개,발림성이 좋고 양도 너무 많지도 적지도 않고 아주 좋아요. 샤워 후 너무 꾸덕한 바디로션이면 바르기 힘든데 부드럽게 잘 발리고 촉촉합니다. 다만 로션 제형이라 편하지만 겨울철에는 좀 건조할 수 있을 것 같습니다. 여름철에는 사용하기 좋을 듯해요. 지금은 다른 제품 사용 중인데 봄 되면 재구매 할 생각입니다. 그리고 펌핑형인데 벽에 남지 않고 끝까지 잘 쓸 수 있게 되어있어서 좋았어요. 만족합니다.,발림성,발림성이 좋고,1,[속성] 발림성 [문장] 발림성이 좋고,,발림성,unchanged
train,790433,쇼핑몰,헤어/바디케어,OO 일** 세라마이드  로션 350ml 1개,발림성이 좋고 양도 너무 많지도 적지도 않고 아주 좋아요. 샤워 후 너무 꾸덕한 바디로션이면 바르기 힘든데 부드럽게 잘 발리고 촉촉합니다. 다만 로션 제형이라 편하지만 겨울철에는 좀 건조할 수 있을 것 같습니다. 여름철에는 사용하기 좋을 듯해요. 지금은 다른 제품 사용 중인데 봄 되면 재구매 할 생각입니다. 그리고 펌핑형인데 벽에 남지 않고 끝까지 잘 쓸 수 있게 되어있어서 좋았어요. 만족합니다.,발림성,부드럽게 잘 발리고,1,[속성] 발림성 [문장] 부드럽게 잘 발리고,,발림성,unchanged
train,790517,쇼핑몰,헤어/바디케어,OO 일** 세라마이드  로션 350ml 1개,피부가 촉촉하고 용기도 예쁘네요. 무향이라 오히려 좋았고 흡수가 빠르고 건조하지 않고 보습감이 좋습니다. 늘 바르는 제품이라 추천합니다.,보습력/수분감,피부가 촉촉하고,1,[속성] 보습력/수분감 [문장] 피부가 촉촉하고,,보습력/수분감,unchanged
train,790528,쇼핑몰,헤어/바디케어,OO 일** 세라마이드  로션 350ml 1개,ㅇㅇㅇ은 인지도도 있고 해서 구매했습니다. 화장도 깨끗이 지워지고 보습도 좋고 향도 좋아요.,보습력/수분감,보습도 좋고,1,[속성] 보습력/수분감 [문장] 보습도 좋고,,보습력/수분감,unchanged
train,790542,쇼핑몰,헤어/바디케어,OO 일** 세라마이드  로션 350ml 1개,맨날 쓰는 제품이라 항상 쟁여둡니다. 촉촉하고 아기도 사용할수 있어 좋습니다. 믿고 쓰는 제품이에요.,보습력/수분감,촉촉하고,1,[속성] 보습력/수분감 [문장] 촉촉하고,,보습력/수분감,unchanged
train,790578,쇼핑몰,헤어/바디케어,OO 일** 세라마이드  로션 350ml 1개,맘에 들어요. 아주 순하고 잘 스며들어 흡수력도 좋고 부드러워서 좋습니다. 피부 트러블 전혀 없고 보습도 좋아서 바르면 피부가 가렵지도 않고 부드럽습니다. 그래서 계속 재구매하는 좋은 제품입니다.,자극성,순하고,1,[속성] 자극성 [문장] 순하고,,자극성,unchanged
train,790578,쇼핑몰,헤어/바디케어,OO 일** 세라마이드  로션 350ml 1개,맘에 들어요. 아주 순하고 잘 스며들어 흡수력도 좋고 부드러워서 좋습니다. 피부 트러블 전혀 없고 보습도 좋아서 바르면 피부가 가렵지도 않고 부드럽습니다. 그래서 계속 재구매하는 좋은 제품입니다.,보습력/수분감,부드럽습니다.,1,[속성] 보습력/수분감 [문장] 부드럽습니다.,,보습력/수분감,unchanged
train,790615,쇼핑몰,헤어/바디케어,OO 일** 세라마이드  로션 350ml 1개,OOO 로션 자극도 없고 부드럽고 촉촉해서 데일리로 사용하기 좋은 제품입니다. 온가족이 사용하기 좋아요. 산뜻해서 너무 만족합니다. 정말 추천해주고 싶은 제품입니다.,편의성/활용성,데일리로 사용하기 좋은 제품입니다.,1,[속성] 편의성/활용성 [문장] 데일리로 사용하기 좋은 제품입니다.,,편의성/활용성,unchanged
train,790633,쇼핑몰,헤어/바디케어,OO 일** 세라마이드  로션 350ml 1개,진짜 촉촉하고 자극없고 아이들이 발라도 순해서 좋습니다. 타브랜드 이용히다가 바디로션이 딱 떨어져 ㅇㅇ배송 가능한 브랜드 중 고민하다가 주문했는데 진짜 선택 잘한 듯 합니다.,자극성,순해서 좋습니다.,1,[속성] 자극성 [문장] 순해서 좋습니다.,,자극성,unchanged
train,790642,쇼핑몰,헤어/바디케어,OO 일** 세라마이드  로션 350ml 1개,조금 비싸지만 품질이 비싼 값어치를 하네요. 향도 좋고 촉촉하고 부드럽습니다. 발림성도 좋아요.,보습력/수분감,촉촉하고,1,[속성] 보습력/수분감 [문장] 촉촉하고,,보습력/수분감,unchanged
train,790642,쇼핑몰,헤어/바디케어,OO 일** 세라마이드  로션 350ml 1개,조금 비싸지만 품질이 비싼 값어치를 하네요. 향도 좋고 촉촉하고 부드럽습니다. 발림성도 좋아요.,보습력/수분감,부드럽습니다.,1,[속성] 보습력/수분감 [문장] 부드럽습니다.,,보습력/수분감,unchanged
train,790658,쇼핑몰,헤어/바디케어,OO 일** 세라마이드  로션 350ml 1개,늘 사용하던 건데요. 무향에 끈적임 없이 촉촉하고 편하게 쓰기 좋습니다. 트러블이 잘 나는 편인데 이건 트러블도 없이 몸이며 얼굴이며 핸드로션으로 사용하기에도 좋네요. 다 쓰면 또 구매하려구요.,보습력/수분감,촉촉하고,1,[속성] 보습력/수분감 [문장] 촉촉하고,,보습력/수분감,unchanged
train,790691,쇼핑몰,헤어/바디케어,OO 일** 세라마이드  로션 350ml 1개,리뷰가 좋아 보이고 1+1에 세일이라 저렴해서 사 봤는데 발림성 좋고 보습력 좋은 듯합니다. 묽은 점성이라 산뜻하게 발리는데 건조하지 않네요.,발림성,발림성 좋고,1,[속성] 발림성 [문장] 발림성 좋고,,발림성,unchanged
train,790694,쇼핑몰,헤어/바디케어,OO 일** 세라마이드  로션 350ml 1개,아들이랑 같이 몇년째 사용 하고 있지만 촉촉하고 끈적임이 없어서 너무 좋습니다. 사은품 4종류를 보내 주셨어요. 감사합니다.,보습력/수분감,촉촉하고,1,[속성] 보습력/수분감 [문장] 촉촉하고,,보습력/수분감,unchanged
train,790702,쇼핑몰,헤어/바디케어,OO 일** 세라마이드  로션 350ml 1개,피부가 건조해지는 계절이라 구입했는데 촉촉하고 향도 좋아서 맘에 들어요. 1+1 구성에 가격적으로도 맘에 들어요.,보습력/수분감,촉촉하고,1,[속성] 보습력/수분감 [문장] 촉촉하고,,보습력/수분감,unchanged
train,790703,쇼핑몰,헤어/바디케어,OO 일** 세라마이드  로션 350ml 1개,몇년간 꾸준히 바르고 있는 제품입니다. 다른 건성용 바디제품보다는 제형이 덜 꾸덕한 편이고 보습력도 뛰어납니다. 끈적이거나 겉돌지 않고 바로 흡수돼서 좋아요. 피부가 건성이라서 쉽게 건조해지는데 피부가 부드럽고 촉촉해져서 정말 만족스러운 제품입니다.,보습력/수분감,피부가 부드럽고,1,[속성] 보습력/수분감 [문장] 피부가 부드럽고,,보습력/수분감,unchanged
train,790741,쇼핑몰,헤어/바디케어,OO 일** 세라마이드  로션 350ml 1개,촉촉하고 향도 없어서 좋네요. 성분도 마음에 들고 요즘처럼 건조한 날씨에 쓰기 좋습니다. 앞으로도 잘 쓸 것 같습니다.,보습력/수분감,촉촉하고,1,[속성] 보습력/수분감 [문장] 촉촉하고,,보습력/수분감,unchanged
train,790773,쇼핑몰,헤어/바디케어,OO 일** 세라마이드  로션 350ml 1개,지속적으로 재구매하는 제품입니다. 아이들과 같이 쓰기 좋고 순하고 촉촉해요. 할인 기간에 일단 사두는 제품입니다.,자극성,순하고,1,[속성] 자극성 [문장] 순하고,,자극성,unchanged
train,790776,쇼핑몰,헤어/바디케어,OO 일** 세라마이드  로션 350ml 1개,가을이다 보니 피부가 건조해서 주문했어요. 촉촉하고 발림성이 좋습니다. 잘 쓸게요. 사은품으로 샘플도 많이 챙겨주셔서 좋았어요. 다음번에 또 주문하겠습니다.,보습력/수분감,촉촉하고,1,[속성] 보습력/수분감 [문장] 촉촉하고,,보습력/수분감,unchanged
train,790788,쇼핑몰,헤어/바디케어,OO 일** 세라마이드  로션 350ml 1개,샘플용으로 구입했어요. 제품도 촉촉하고 가격도 저렴해서 좋네요. 날이 점점 건조해져서 할머니 발라보시고 만족하면 구입하려고 해요. 실제 써보고 어떤지에 대해서는 다시 와서 평가 올릴께요.,보습력/수분감,촉촉하고,1,[속성] 보습력/수분감 [문장] 촉촉하고,,보습력/수분감,unchanged
train,790851,쇼핑몰,헤어/바디케어,OO 일** 세라마이드  로션 350ml 1개,갑자기 없던 알러지가 생기고 피부가 안 좋아져서 샀어요. 촉촉하니 흡수도 잘되고 겉돌지 않아요. 찐득거리지 않아서 너무 좋습니다. 단점이 없네요.,보습력/수분감,촉촉하니,1,[속성] 보습력/수분감 [문장] 촉촉하니,,보습력/수분감,unchanged
train,790903,쇼핑몰,헤어/바디케어,OO 일** 세라마이드  로션 350ml 1개,끈적거리지 않아서 좋고 피부가 촉촉하고 발림성도 좋습니다. 향기도 은은해서 좋고 사계절 사용하기도 좋아요.,보습력/수분감,피부가 촉촉하고,1,[속성] 보습력/수분감 [문장] 피부가 촉촉하고,,보습력/수분감,unchanged
train,791201,쇼핑몰,헤어/바디케어,OO 세** 모이스처라이징 로션 473ml 1개,한번도 피부가 나쁜 적이 없었는데 요즘 피부가 뒤집어 져서 피부과에서 이 제품을 일주일 동안 바르라고 해서 주문 했습니다. 가격도 비싸고 생각보다 효과도 없는 것 같습니다.,가격,가격도 비싸고,-1,[속성] 가격 [문장] 가격도 비싸고,,가격,unchanged
train,791244,쇼핑몰,헤어/바디케어,OO 세** 모이스처라이징 로션 473ml 1개,써본 바디로션 중에서 촉촉하고 흡수력도 좋고 발림성도 좋습니다.,보습력/수분감,촉촉하고,1,[속성] 보습력/수분감 [문장] 촉촉하고,,보습력/수분감,unchanged
train,791539,쇼핑몰,헤어/바디케어,OO 세** 모이스처라이징 로션 473ml 1개,피부가 건조해져서 고보습으로 주문했습니다. 촉촉하고 흡수력 빠르고 좋습니다.,보습력/수분감,촉촉하고,1,[속성] 보습력/수분감 [문장] 촉촉하고,,보습력/수분감,unchanged
train,791634,쇼핑몰,헤어/바디케어,OO 세** 모이스처라이징 로션 473ml 1개,겨울에 항상 사용하고 있는 제품입니다. 향이 없어서 좋아요. 바르는 순간 흡수도 잘됩니다. 아침에 바르면 저녁에도 피부가 촉촉하고 매끈거려요. 보습력도 좋습니다. 클렌저는 처음 써보는데 향이 없고 거품이 적어요. 씻고 난 후 당기거나 하지는 않습니다. 트러블도 없네요. 보습은 좋습니다.,보습력/수분감,피부가 촉촉하고,1,[속성] 보습력/수분감 [문장] 피부가 촉촉하고,,보습력/수분감,unchanged
train,791662,쇼핑몰,헤어/바디케어,OO 세** 모이스처라이징 로션 473ml 1개,어릴때부터 아토피로 고생했는지라 바르는것 씻는것 어느것 하나 편하게 쓸수 없었는데 ㅇㅇ을 만나고 정착했습니다. 순하고 끈적거리지 않아 너무 좋습니다. ㅇㅇㅇ는 제형이 미끈거리는 느낌 때문에 처음 쓰는 분들은 어색할 수 도 있는데 적응되니 괜찮습니다. 아주 맘에 들어요.,자극성,순하고,1,[속성] 자극성 [문장] 순하고,,자극성,unchanged
train,791716,쇼핑몰,헤어/바디케어,OO 세** 모이스처라이징 로션 473ml 1개,손을 자주 씻어서 핸드크림으로도 사용합니다. 손 뿐만 아니라 온몸에 다 사용하고 있어 좋아요. 이 제품 처음 써 보는데 건조하지 않아요. 촉촉하고 사용감이 좋습니다.,보습력/수분감,촉촉하고,1,[속성] 보습력/수분감 [문장] 촉촉하고,,보습력/수분감,unchanged
train,791902,쇼핑몰,헤어/바디케어,OO 세** 모이스처라이징 로션 473ml 1개,촉촉하고 피부에 금방 스며들고 흡수력이 좋아요. 자극이 없어서 아이들도 사용하기 좋아요.,보습력/수분감,촉촉하고,1,[속성] 보습력/수분감 [문장] 촉촉하고,,보습력/수분감,unchanged
train,791907,쇼핑몰,헤어/바디케어,OO 디** 바디로션 400ml 1개,"발림성이 좋고 바르기 편해요. 향도 은은한 편이라 더 좋은 거 같아요. 봄, 여름에 바르기 좋은 제품입니다. 남편은 더 가벼운걸 원하지만 저에게는 딱 맞는 제품입니다.",발림성,발림성이 좋고,1,[속성] 발림성 [문장] 발림성이 좋고,,발림성,unchanged
train,791984,쇼핑몰,헤어/바디케어,OO 디** 바디로션 400ml 1개,촉촉하고 양도 많고 펌핑 용기라서 사용하기도 편합니다. 가을이나 겨울에 사용하기 좋을 거 같아요. 심지어 얼굴부터 발끝까지 사용할 수 있어 편리합니다.,보습력/수분감,촉촉하고,1,[속성] 보습력/수분감 [문장] 촉촉하고,,보습력/수분감,unchanged
train,792149,쇼핑몰,헤어/바디케어,OO 디** 바디로션 400ml 1개,몇 년째 사용하고 있는 제품입니다. 보습도 좋고 발림성도 좋아서 사계절 내내 사용하기 좋아요. 건조한 피부라 매일 사용하는데 요즘 같은 날씨에도 전혀 끈적이지 않아서 사용하기 좋아요.,보습력/수분감,보습도 좋고,1,[속성] 보습력/수분감 [문장] 보습도 좋고,,보습력/수분감,unchanged
train,792212,쇼핑몰,헤어/바디케어,OO 디** 바디로션 400ml 1개,"건성 피부라 1년 365일 바디로션이나 크림을 발라야 하는데, 요즘은 날씨가 따뜻해져서 두껍게 발리지 않고 촉촉하고 가벼운 느낌으로 바를 수 있는 ㅇㅇㅇ로션이 저한테 가장 적합하네요.",보습력/수분감,촉촉하고,1,[속성] 보습력/수분감 [문장] 촉촉하고,,보습력/수분감,unchanged
train,792258,쇼핑몰,헤어/바디케어,OO 디** 바디로션 400ml 1개,촉촉하고 가볍게 잘 스며 들어요. 하지만 크림보다는 제형이 묽어서 겨울에 사용하기는 보습력이 부족하네요. 좌로 돌리면 잠기고 우측으로 돌리면 열려서 편하네요. 펌프형이라 크림의 뚜껑보다는 돌려서 쓱바르고 쓱 닫고 열기 편한듯 해요. 크림은 작은 용량만 나와서 똑닥 닫고 열고 불편한데 로션은 펌프형이라 편해요. 겨울철에는 크림 봄가을에는 로션을 바르면 좋을듯 하네요. 끝까지 다 쓰기에는 크림 튜브형이 좋지만 펌프형은 끝까지 사용할때 조금 불편한게 있어요. 오픈 클로우즈의 글씨가 찐하고 크게 보이면 좋겠습니다.,보습력/수분감,촉촉하고,1,[속성] 보습력/수분감 [문장] 촉촉하고,,보습력/수분감,unchanged
train,792260,쇼핑몰,헤어/바디케어,OO 디** 바디로션 400ml 1개,제형이 묽은 편이라 아쉽지만 흡수 잘 되고 피부가 부드럽습니다. 순하고 발림성 좋습니다. 향이 없어 아쉽습니다. 좋은 향이 첨가 되었으면 좋겠어요. 무난하게 쓰고 있습니다. 유분은 많지 않아서 보습은 좋지 않습니다.,자극성,순하고,1,[속성] 자극성 [문장] 순하고,,자극성,unchanged
train,792458,쇼핑몰,헤어/바디케어,OO 디** 바디로션 400ml 1개,"성분이 순하고 흡수력이 좋은 편입니다. 촉촉함이 오래 가지는 않지만, 무겁지 않아서 좋습니다. 매일 사용하기 좋습니다. 앞으로도 계속 사용할 것 같습니다.",성분,성분이 순하고,1,[속성] 성분 [문장] 성분이 순하고,,성분,unchanged
train,792481,쇼핑몰,헤어/바디케어,OO 디** 바디로션 400ml 1개,유명한 이유가 있어요. 촉촉하고 흡수도 빠르네요. 향도 없어서 좋습니다. 보습도 만족해요. 겨울에 튼 살에 효과가 좋아서 금방 나았어요. 겨울 필수템입니다. 재구매 할 거예요. 대용량이 나오면 좋겠네요.,보습력/수분감,촉촉하고,1,[속성] 보습력/수분감 [문장] 촉촉하고,,보습력/수분감,unchanged
train,792541,쇼핑몰,헤어/바디케어,OO 디** 바디로션 400ml 1개,오래전부터 사용하고 있는 설명이 필요없는 제품이에요. 온 가족이 쓰기에도 순하고 수분감을 확실히 주는 제품이라 좋습니다. 특히 건조한 겨울에 사용하기 딱 좋습니다. 이 제품 없이는 살 수가 없습니다.,자극성,순하고,1,[속성] 자극성 [문장] 순하고,,자극성,unchanged
train,792561,쇼핑몰,헤어/바디케어,OO 디** 바디로션 400ml 1개,피부가 많이 건조하고 가려워서 이것저것 많이 사용한 후에 찾은 제품입니다. 발림성이 좋고 향도 강하지 않아서 좋아요. 제품이 순한 거 같아요. 촉촉하고 피부에 부드럽게 스며드는 느낌이 좋아요.,발림성,발림성이 좋고,1,[속성] 발림성 [문장] 발림성이 좋고,,발림성,unchanged
train,792561,쇼핑몰,헤어/바디케어,OO 디** 바디로션 400ml 1개,피부가 많이 건조하고 가려워서 이것저것 많이 사용한 후에 찾은 제품입니다. 발림성이 좋고 향도 강하지 않아서 좋아요. 제품이 순한 거 같아요. 촉촉하고 피부에 부드럽게 스며드는 느낌이 좋아요.,보습력/수분감,촉촉하고,1,[속성] 보습력/수분감 [문장] 촉촉하고,,보습력/수분감,unchanged
train,792604,쇼핑몰,헤어/바디케어,OO 디** 바디로션 400ml 1개,긴 말이 필요 없는 제품입니다. 아토피가 있어 환절기나 겨울철에 가려움으로 힘들어하는데 OOO 도움을 많이 받고 있어요. 발림성이 좋고 무향이라 거부감이 없어서 너무 좋습니다. 크림보다는 촉촉함이 덜해요. 하지만 크림은 끈적임이 있으니 불편해서 크림 대신 로션을 자주 덧바르는데 끈적이지 않고 좋아요.,발림성,발림성이 좋고,1,[속성] 발림성 [문장] 발림성이 좋고,,발림성,unchanged
train,792710,쇼핑몰,헤어/바디케어,OO 디** 바디로션 400ml 1개,악건성피부인데 며칠발랐더니 좋아졌네요. 소문만큼 좋은 상품이에요. 오일리하지 않고 계속 덧발라도 끈적이지 않고 좋네요. 올때 펌프뚜껑이 하자가 있었지만 펌핑이되니까 그냥 사용했네요. 포장을 좀 더 꼼꼼히 해주셔야겠네요.,흡수력,오일리하지 않고,1,[속성] 흡수력 [문장] 오일리하지 않고,,흡수력,unchanged
train,792756,쇼핑몰,헤어/바디케어,OO 디** 바디로션 400ml 1개,피부가 너무 건조해서 구매했습니다. 보습력이 좋고 간지러움도 없고 촉촉하기까지 해서 좋습니다. 건성피부에 보습력이 좋은 것 같습니다. 바디로션 사용 후 피부가 부드러워졌습니다.,보습력/수분감,피부가 부드러워졌습니다.,1,[속성] 보습력/수분감 [문장] 피부가 부드러워졌습니다.,,보습력/수분감,unchanged
train,792815,쇼핑몰,헤어/바디케어,OO 디** 바디로션 400ml 1개,너무 좋습니다. 다만 용량이 좀 더 크고 가격은 낮추고 하는 바람이 있습니다. 그래도 잘 쓰고 있습니다. 순해서 좋습니다. 얼굴에도 몸에도 다 바르고 있습니다. 재주문 각입니다.,자극성,순해서 좋습니다.,1,[속성] 자극성 [문장] 순해서 좋습니다.,,자극성,unchanged
train,792826,쇼핑몰,헤어/바디케어,OO 디** 바디로션 400ml 1개,보습도 좋고 잘 발려서 좋습니다.,보습력/수분감,보습도 좋고,1,[속성] 보습력/수분감 [문장] 보습도 좋고,,보습력/수분감,unchanged
train,792854,쇼핑몰,헤어/바디케어,OO 디** 바디로션 400ml 1개,OOO 두드러기로 고생하면서 알게 된 제품입니다. 촉촉하고 발림성도 좋고 피부에 저자극이라 좋아지는 듯합니다. 계속 사용하려고 하는데 가격은 좀 내리면 좋을 것 같아요.,보습력/수분감,촉촉하고,1,[속성] 보습력/수분감 [문장] 촉촉하고,,보습력/수분감,unchanged
train,792880,쇼핑몰,헤어/바디케어,OO 디** 바디로션 400ml 1개,OO 쓰다가 다른 거 쓰면 확실히 차이가 납니다. 어린 아들이 쓰는데 유아 전용 제품보다 순하고 보습이 더 좋은 거 같습니다. 얼굴에 바르는 것도 OO 제품을 쓰는데 확실히 보습력이 좋아요.,자극성,순하고,1,[속성] 자극성 [문장] 순하고,,자극성,unchanged
train,792885,쇼핑몰,헤어/바디케어,OO 디** 바디로션 400ml 1개,부드럽게 잘 발리고 무향이라 좋네요. 배송도 빠른편이고 가격도 이곳이 제일 착해요. 유통기한도 넉넉하게 잘 받았어요.,발림성,부드럽게 잘 발리고,1,[속성] 발림성 [문장] 부드럽게 잘 발리고,,발림성,unchanged
train,793042,쇼핑몰,헤어/바디케어,OO 인** 리페어 시카 에멀젼 310ml 1개,여러 번 구매해서 사용하고 있어요. 부드럽고 발림성이 좋습니다. 향도 좋아요. 건조한 피부에도 좋은 것 같습니다.,보습력/수분감,부드럽고,1,[속성] 보습력/수분감 [문장] 부드럽고,,보습력/수분감,unchanged
train,793091,쇼핑몰,헤어/바디케어,OO 인** 리페어 시카 에멀젼 310ml 1개,"살짝 기름지지만, 유분이 많아서 바디에 바르기 좋습니다. 이 제품은 무난하게 쓸 수 있어서 좋습니다. 시카 성분 들어 있어서 순해서 좋습니다. 겨울에도 좋고 요즘 같은 환절기 건조할 때 쓰기 좋습니다.",자극성,순해서 좋습니다.,1,[속성] 자극성 [문장] 순해서 좋습니다.,,자극성,unchanged
train,793122,쇼핑몰,헤어/바디케어,OO 인** 리페어 시카 에멀젼 310ml 1개,10년 넘게 늘 사용하는 제품입니다. 길게 말할 것 없이 촉촉하고 보습력이 정말 좋습니다. 가격도 착합니다. 샤워 후 바디에는 이 제품을 항상 사용하고 있습니다. 더운 여름에는 다소 발림이 무겁게 느껴지지만 그 외 계절에는 사용하기 다 좋습니다. 부모님께도 사드리고 자녀들에게도 사준 제품입니다.,보습력/수분감,촉촉하고,1,[속성] 보습력/수분감 [문장] 촉촉하고,,보습력/수분감,unchanged
train,793164,쇼핑몰,헤어/바디케어,OO 인** 리페어 시카 에멀젼 310ml 1개,바디용품은 오래전부터 OOO만 사용하고 있습니다. 자극적이지 않고 향도 은은하게 나고 보습력도 괜찮아요.,자극성,자극적이지 않고,1,[속성] 자극성 [문장] 자극적이지 않고,,자극성,unchanged
train,793213,쇼핑몰,헤어/바디케어,OO 인** 리페어 시카 에멀젼 310ml 1개,ㅇㅇㅇ는 핸드크림을 비롯하여 바디로션도 종류별로 다 써봤는데 이것도 촉촉하고 부드럽게 발라집니다. 좋습니다.,보습력/수분감,촉촉하고,1,[속성] 보습력/수분감 [문장] 촉촉하고,,보습력/수분감,unchanged
train,793426,쇼핑몰,헤어/바디케어,OO 인** 리페어 시카 에멀젼 310ml 1개,흡수력도 빠르고 촉촉하고 넘 좋습니다. 항상 사용하고 있는데 매우 만족해요.,보습력/수분감,촉촉하고,1,[속성] 보습력/수분감 [문장] 촉촉하고,,보습력/수분감,unchanged
train,793457,쇼핑몰,헤어/바디케어,OO 인** 리페어 시카 에멀젼 310ml 1개,제 피부가 건조한 편입니다. 피부가 매끈해지고 촉촉하고 끈적이지 않고 향도 좋습니다. 예전에 쓰던 것은 향이 안 좋았어요.,보습력/수분감,촉촉하고,1,[속성] 보습력/수분감 [문장] 촉촉하고,,보습력/수분감,unchanged
train,793477,쇼핑몰,헤어/바디케어,OO 인** 리페어 시카 에멀젼 310ml 1개,촉촉하고 제형이 쫀쫀하고 리치한 느낌이예요. ㅇㅇㅇ 제품이야 두말하면 잔소리네요. 여름엔 더워서 잘 바르고 싶지는 않지만 그래도 너무 건조한 경우에는 발라주고 자요. 초등 아이도 무난하게 잘 사용하고 있어요.,보습력/수분감,촉촉하고,1,[속성] 보습력/수분감 [문장] 촉촉하고,,보습력/수분감,unchanged
train,793573,쇼핑몰,헤어/바디케어,OO 인** 리페어 시카 에멀젼 310ml 1개,몇 년째 이것만 쓰고 있어요. 보습력이 뛰어나고 발림성이 좋아요. 향도 좋습니다. 세일할 때마다 쟁여 놓고 써요.,보습력/수분감,보습력이 뛰어나고,1,[속성] 보습력/수분감 [문장] 보습력이 뛰어나고,,보습력/수분감,unchanged
train,793580,쇼핑몰,헤어/바디케어,OO 인** 리페어 시카 에멀젼 310ml 1개,쓴지 오래된 제품인데 가격도 저렴하고 너무 촉촉해서 좋습니다. 쓰고 있는 게 다 떨어져서 급했는데 배송도 빨라서 마음에 듭니다.,가격,가격도 저렴하고,1,[속성] 가격 [문장] 가격도 저렴하고,,가격,unchanged
train,793597,쇼핑몰,헤어/바디케어,OO 인** 리페어 시카 에멀젼 310ml 1개,촉촉하고 향도 좋습니다. 용기 펌프 길이가 짧아서 얼마 남았을 때 뚜껑을 빼서 털어 써야 해서 불편하네요. 이것 빼면 다 좋아서 만족합니다.,보습력/수분감,촉촉하고,1,[속성] 보습력/수분감 [문장] 촉촉하고,,보습력/수분감,unchanged
train,793671,쇼핑몰,헤어/바디케어,OO 인** 리페어 시카 에멀젼 310ml 1개,향기가 은은해서 너무 좋습니다. 촉촉하고 피부가 부드럽고 바디로션은 앞으로 이것만 쓰고 싶을 정도로 마음에 드네요. 빠른 배송 해주셔서 감사하네요.,보습력/수분감,촉촉하고,1,[속성] 보습력/수분감 [문장] 촉촉하고,,보습력/수분감,unchanged
train,793671,쇼핑몰,헤어/바디케어,OO 인** 리페어 시카 에멀젼 310ml 1개,향기가 은은해서 너무 좋습니다. 촉촉하고 피부가 부드럽고 바디로션은 앞으로 이것만 쓰고 싶을 정도로 마음에 드네요. 빠른 배송 해주셔서 감사하네요.,윤기/피부(톤),피부가 부드럽고,1,[속성] 윤기/피부(톤) [문장] 피부가 부드럽고,,윤기/피부(톤),unchanged
train,793677,쇼핑몰,헤어/바디케어,OO 인** 리페어 시카 에멀젼 310ml 1개,많이 건조한 피부인데 이거 바르면 촉촉하고 산뜻해요. 특히 향이 너무 좋아서 앞으로 이 제품을 애용할 것 같습니다. OO 매장 가격이 저렴하기에 몇 개 주문했어요.,보습력/수분감,촉촉하고,1,[속성] 보습력/수분감 [문장] 촉촉하고,,보습력/수분감,unchanged
train,793690,쇼핑몰,헤어/바디케어,OO 인** 리페어 시카 에멀젼 310ml 1개,쓴지 10년 넘은제품인데요. 이 제품 외에 다른것들 마니 구매해봤지만 이만한 품질의 제품은 없는 듯 합니다. 가격도 저렴하고 은은한 향에 부드럽게 발리고 좋습니다.,가격,가격도 저렴하고,1,[속성] 가격 [문장] 가격도 저렴하고,,가격,unchanged
train,793720,쇼핑몰,헤어/바디케어,OO 인** 리페어 시카 에멀젼 310ml 1개,가족 모두 건성이라 온 가족이 사용하는 제품이네요. 다른 제품을 사용할 안 해봤습니다. 그만큼 보습력이 뛰어나서 우리 가족의 없어서는 안될 소중한 제품이고 데일리로 사용하기 좋은 제품입니다.,편의성/활용성,데일리로 사용하기 좋은 제품입니다.,1,[속성] 편의성/활용성 [문장] 데일리로 사용하기 좋은 제품입니다.,,편의성/활용성,unchanged
train,793738,쇼핑몰,헤어/바디케어,OO 인** 리페어 시카 에멀젼 310ml 1개,겨울철 바디로션으로 겨울내내 필수템으로 잘 사용했습니다. 촉촉하고 발림성도 꾸덕하지 않아서 좋아요. 향도 은은하니 좋습니다.,보습력/수분감,촉촉하고,1,[속성] 보습력/수분감 [문장] 촉촉하고,,보습력/수분감,unchanged
train,793767,쇼핑몰,헤어/바디케어,OO 인** 리페어 시카 에멀젼 310ml 1개,OOO 바디로션 좋아요. 건조한 피부 타입이라 보습이 뛰어난 것을 찾다 보니 OOO 바디크림을 알게 되었어요. 발림성이 좋고 보습력이 뛰어나고 촉촉해서 만족합니다. 저렴한 가격에 좋은 상품이다보니 많은 사람들한테도 추천해 주고 있어요. 이미 많이들 쓰고 계시더라고요. 아이들도 사용하기 좋아서 온 가족이 이 상품을 잘 쓰고 있답니다. 좋은 상품 감사합니다.,발림성,발림성이 좋고,1,[속성] 발림성 [문장] 발림성이 좋고,,발림성,unchanged
train,793767,쇼핑몰,헤어/바디케어,OO 인** 리페어 시카 에멀젼 310ml 1개,OOO 바디로션 좋아요. 건조한 피부 타입이라 보습이 뛰어난 것을 찾다 보니 OOO 바디크림을 알게 되었어요. 발림성이 좋고 보습력이 뛰어나고 촉촉해서 만족합니다. 저렴한 가격에 좋은 상품이다보니 많은 사람들한테도 추천해 주고 있어요. 이미 많이들 쓰고 계시더라고요. 아이들도 사용하기 좋아서 온 가족이 이 상품을 잘 쓰고 있답니다. 좋은 상품 감사합니다.,보습력/수분감,보습력이 뛰어나고,1,[속성] 보습력/수분감 [문장] 보습력이 뛰어나고,,보습력/수분감,unchanged
train,793768,쇼핑몰,헤어/바디케어,OO 인** 리페어 시카 에멀젼 310ml 1개,보습력이 뛰어난 제품입니다. 저희 어머니께서 건성에 겨울에는 건조함을 많이 느끼시는 편입니다. 이 제품은 만족하면서 사용하셨습니다. 가격도 저렴하고 보습력도 뛰어나서 극건성 피부 타입에 추천 드려요.,가격,가격도 저렴하고,1,[속성] 가격 [문장] 가격도 저렴하고,,가격,unchanged
train,793786,쇼핑몰,헤어/바디케어,OO 인** 리페어 시카 에멀젼 310ml 1개,피부가 건성이라 평소에 가렵고 건조했습니다. 이 제품을 바르니 피부가 촉촉하고 발림도 좋고 흡수가 잘 됩니다. 향도 산뜻해서 너무 만족하고 사용중입니다. 4개를 원플러스원으로 저렴하게 사서 어머님 두 개 드렸는데 좋다고 하십니다.,보습력/수분감,피부가 촉촉하고,1,[속성] 보습력/수분감 [문장] 피부가 촉촉하고,,보습력/수분감,unchanged
train,793951,쇼핑몰,헤어/바디케어,OO 인** 리페어 시카 에멀젼 310ml 1개,샤워하고 난 후 발라보니 촉촉함이 부족하네요. 금방 건조해집니다. 피부가 부드럽지 않아요. 향은 좋지도 나쁘지도 않습니다. 아쉬운 제품입니다.,보습력/수분감,피부가 부드럽지 않아요.,-1,[속성] 보습력/수분감 [문장] 피부가 부드럽지 않아요.,,보습력/수분감,unchanged
train,794131,쇼핑몰,헤어/바디케어,OO 릴렉싱 바디로션 450ml 2개,보습력이 강한 제품을 찾고 있었어요. 발림성은 좋습니다. 촉촉하긴 해요. 그런데 촉촉함이 오래 지속되지는 않네요. 가볍게 쓰기 좋습니다.,지속력/유지력,촉촉함이 오래 지속되지는 않네요.,-1,[속성] 지속력/유지력 [문장] 촉촉함이 오래 지속되지는 않네요.,,지속력/유지력,unchanged
train,794199,쇼핑몰,헤어/바디케어,OO 릴렉싱 바디로션 450ml 2개,OO 쓰다가 여름철은 끈적임 없는 산뜻한 느낌이 좋아 구매했습니다. 향도 은은하니 좋고 촉촉하니 산뜻하게 발려서 마음이 안정되는 듯한 느낌이 듭니다.,보습력/수분감,촉촉하니,1,[속성] 보습력/수분감 [문장] 촉촉하니,,보습력/수분감,unchanged
train,794199,쇼핑몰,헤어/바디케어,OO 릴렉싱 바디로션 450ml 2개,OO 쓰다가 여름철은 끈적임 없는 산뜻한 느낌이 좋아 구매했습니다. 향도 은은하니 좋고 촉촉하니 산뜻하게 발려서 마음이 안정되는 듯한 느낌이 듭니다.,발림성,산뜻하게 발려서,1,[속성] 발림성 [문장] 산뜻하게 발려서,,발림성,unchanged
train,794217,쇼핑몰,헤어/바디케어,OO 릴렉싱 바디로션 450ml 2개,향도 안 좋고 너무 끈적이고 가격도 비싸고 보습감도 안 좋은 거 같습니다.,가격,가격도 비싸고,-1,[속성] 가격 [문장] 가격도 비싸고,,가격,unchanged
train,794254,쇼핑몰,헤어/바디케어,OO 릴렉싱 바디로션 450ml 2개,끈적임 없이 부드럽게 잘 발리고 흡수도 잘 되니 산뜻해요. 가성비 좋습니다. 사계절 내내 사용하기 좋습니다. 제형도 부담감 없이 가벼워서 좋습니다. 정말 괜찮아서 추천하고 싶은 제품입니다.,발림성,부드럽게 잘 발리고,1,[속성] 발림성 [문장] 부드럽게 잘 발리고,,발림성,unchanged
train,794396,쇼핑몰,헤어/바디케어,OO 릴렉싱 바디로션 450ml 2개,늘 사용하는 거라 안심하고 씁니다. 부드럽게 잘 발리고 순하고 양도 많아서 이것만 쓰고 있어요. 제품품질도 좋고 가격도 저렴하게 잘 샀네요. 다만 배송이 좀 느려요. 요즘 택배파업 영향인 듯 해요.,발림성,부드럽게 잘 발리고,1,[속성] 발림성 [문장] 부드럽게 잘 발리고,,발림성,unchanged
train,794396,쇼핑몰,헤어/바디케어,OO 릴렉싱 바디로션 450ml 2개,늘 사용하는 거라 안심하고 씁니다. 부드럽게 잘 발리고 순하고 양도 많아서 이것만 쓰고 있어요. 제품품질도 좋고 가격도 저렴하게 잘 샀네요. 다만 배송이 좀 느려요. 요즘 택배파업 영향인 듯 해요.,자극성,순하고,1,[속성] 자극성 [문장] 순하고,,자극성,unchanged
train,794501,쇼핑몰,헤어/바디케어,OO 릴렉싱 바디로션 450ml 2개,라벤더향보다는 약간 부드러운 파우더향이라서 마음에 들어요. 촉촉하고 흡수가 빨리되어서 좋습니다.,보습력/수분감,촉촉하고,1,[속성] 보습력/수분감 [문장] 촉촉하고,,보습력/수분감,unchanged
train,794976,쇼핑몰,헤어/바디케어,OO 릴렉싱 바디로션 450ml 2개,피부가 건성이라 이 바디로션이 잘 맞아서 계속 사용 중입니다. 집에 사둔거 있는데도 세일이라 저렴해서 구매 했어요. 시중에 판매하는 왠만한 바디로션 다 써봤는데요. ㅇㅇㅇ이 젤 맘에 들어요. 보습력도 좋고 오래 지속 됩니다. 발림성도 좋아요. 잘 스며 들구요. 촉촉해요. 세일이라 할인 쿠폰으로 착한 가격으로 구매했습니다. 빠른 배송 감사합니다. 증정품으로 주신 바디워시도 잘 사용하겠습니다.,보습력/수분감,촉촉해요,1,[속성] 보습력/수분감 [문장] 촉촉해요,,보습력/수분감,unchanged
train,794985,쇼핑몰,헤어/바디케어,OO 릴렉싱 바디로션 450ml 2개,별 고민 없이 계속 주문하는 제품입니다. 보습도 좋고 미끈거리지 않아서 좋습니다.,보습력/수분감,보습도 좋고,1,[속성] 보습력/수분감 [문장] 보습도 좋고,,보습력/수분감,unchanged
train,795451,쇼핑몰,헤어/바디케어,OO 로** 샤워 코롱 185ml 1개,이번에 어떤 제품을 살 지 고민을 하다가 우연히 이 제품을 알게 되었습니다. 좋은 줄 알고 구매를 했는데 가격도 비싸고 향이 좋지 않아서 다음에는 절대 사지 않을 것 같습니다.,가격,가격도 비싸고,-1,[속성] 가격 [문장] 가격도 비싸고,,가격,unchanged
train,796089,쇼핑몰,헤어/바디케어,OO 더** 프레쉬 모이스처 바디로션 400ml 2개,개인적으로 끈적이는게 싫어서 이것만 쓰네요. 지성피부라 겨울에 써도 촉촉하고 흡수력도 좋습니다. 성분도 착해 아이들이랑 같이 쓸 수 있습니다.,보습력/수분감,촉촉하고,1,[속성] 보습력/수분감 [문장] 촉촉하고,,보습력/수분감,unchanged
train,796117,쇼핑몰,헤어/바디케어,OO 더** 프레쉬 모이스처 바디로션 400ml 2개,은은한 허브 향이라 바를 때마다 기분이 좋습니다. 끈적임 없이 촉촉하고 성분도 순하고 좋아서 아이부터 어른까지 온 가족이 다 씁니다.,보습력/수분감,촉촉하고,1,[속성] 보습력/수분감 [문장] 촉촉하고,,보습력/수분감,unchanged
train,796172,쇼핑몰,헤어/바디케어,OO 더** 프레쉬 모이스처 바디로션 400ml 2개,하나 가격에 두개를 샀는데 사은품까지 감사합니다. 아쉬운건 묶음배송이 안됐다는 겁니다. ㅇㅇ에서 마구마구 지르고 싶었는데 묶음배송 안해주시길래 이거 하나만 샀어요. 한겨울빼곤 이거만 씁니다. 잘 발리고 순하고 향도 좋아요.,자극성,순하고,1,[속성] 자극성 [문장] 순하고,,자극성,unchanged
train,796334,쇼핑몰,헤어/바디케어,OO 더** 프레쉬 모이스처 바디로션 400ml 2개,배송도 빠르고 제품도 좋습니다. 촉촉하고 보습도 좋습니다. 가격도 다른 곳 보다 저렴해서 좋습니다. 사은품까지 챙겨 주시고 감사해요. 제품 잘 사용할게요.,보습력/수분감,촉촉하고,1,[속성] 보습력/수분감 [문장] 촉촉하고,,보습력/수분감,unchanged
train,796360,쇼핑몰,헤어/바디케어,OO 더** 프레쉬 모이스처 바디로션 400ml 2개,가을 되면 딸이 하얗게 살이 터서 관리를 하고자 구입을 하게 되었습니다. 가격도 비싸고 양도 적고 보습도 좋지 않네요.,가격,가격도 비싸고,-1,[속성] 가격 [문장] 가격도 비싸고,,가격,unchanged
train,796647,쇼핑몰,헤어/바디케어,OO 콘** 파우더 200g 1개,좋은 가격에 잘 구매했어요. 온 가족이 사용하면서 만족하네요. 목과 겨드랑이에 바르면 뽀송하고 은은한 향에 기분 좋고 개운해서 샤워후에 꼭 바르게 됩니다.,가격,좋은 가격에 잘 구매했어요.,1,[속성] 가격 [문장] 좋은 가격에 잘 구매했어요.,,가격,unchanged
train,797103,쇼핑몰,헤어/바디케어,OO 세** 모이스처라이징 로션 구형 591ml 2개,OOO 로션 순하고 은은한 향이 마음에 듭니다. 산뜻하게 발리고 넉넉한 양이라 좋습니다. 크림보다 사용하기 편해서 로션을 더 찾게 됩니다.,자극성,순하고,1,[속성] 자극성 [문장] 순하고,,자극성,unchanged
train,797150,쇼핑몰,헤어/바디케어,OO 세** 모이스처라이징 로션 구형 591ml 2개,남편이 몸이 좀 건조하고 가렵다고 바디 제품 좀 바꿔 달래서 주문했는데 보습도 좋고 가려운 것도 없어져서 너무 좋다고 합니다. 다음에 떨어지면 또 사 달라고 합니다.,보습력/수분감,보습도 좋고,1,[속성] 보습력/수분감 [문장] 보습도 좋고,,보습력/수분감,unchanged
train,797198,쇼핑몰,헤어/바디케어,OO 세** 모이스처라이징 로션 구형 591ml 2개,무난하게 쓰기에는 OO 만한 게 없습니다. 가격도 저렴하고 보습력도 좋아요. 가격에 비해 좋은 듯합니다.,가격,가격도 저렴하고,1,[속성] 가격 [문장] 가격도 저렴하고,,가격,unchanged
train,797322,쇼핑몰,헤어/바디케어,OO 세** 모이스처라이징 로션 구형 591ml 2개,한동안 안 좋은 성분이 있다고 해서 안 쓰다가 다시 사용하게 되었습니다. 역시 촉촉하고 양도 많아서 좋습니다.,보습력/수분감,촉촉하고,1,[속성] 보습력/수분감 [문장] 촉촉하고,,보습력/수분감,unchanged
train,797469,쇼핑몰,헤어/바디케어,OO 세** 모이스처라이징 로션 구형 591ml 2개,항상 애용하는 제품이에요. 향도 없고 미끈거리지 않고 보습력이 뛰어나 잘 사용하고 있습니다. 대용량을 저렴한 가격에 구입해서 기분이 좋습니다.,흡수력,미끈거리지 않고,1,[속성] 흡수력 [문장] 미끈거리지 않고,,흡수력,unchanged
train,797663,쇼핑몰,헤어/바디케어,OO 세** 모이스처라이징 로션 구형 591ml 2개,매번 사용하던 거에요. 제형이 로션이라 좋고 사용하기도 편해서 좋습니다. 발림성 좋고 가격도 정말 좋습니다.,발림성,발림성 좋고,1,[속성] 발림성 [문장] 발림성 좋고,,발림성,unchanged
train,797776,쇼핑몰,헤어/바디케어,OO 세** 모이스처라이징 로션 구형 591ml 2개,그동안 사용했던 다른 제품들이 참 많습니다. 다른 제품들이 비싸서 이 제품으로 구매했는데 순하고 보습이 잘 되어서 좋네요. 아들이 아토피가 있어서 아무거나 사용할 수 없어서 골랐습니다. 처음에는 발림성이 겉돌아 좋지 않지만 흡수는 빨라서 괜찮은 것 같습니다.,자극성,순하고,1,[속성] 자극성 [문장] 순하고,,자극성,unchanged
train,797800,쇼핑몰,헤어/바디케어,OO 세** 모이스처라이징 로션 구형 591ml 2개,ㅇㅇ에선 한통 만원정도해요. 여긴 작은거까지 포함되어 있는 제품구성인데도 아주 저렴해서 좋아요. ㅇㅇㅇ 처음 써보는데 촉촉하고 발림성도 좋습니다. 감사합니다.,보습력/수분감,촉촉하고,1,[속성] 보습력/수분감 [문장] 촉촉하고,,보습력/수분감,unchanged
train,797883,쇼핑몰,헤어/바디케어,OO 바디오일 250ml 1개,겨울이라 오일 제품을 구매해서 사용해봤는데 촉촉하고 흡수력이 너무 좋아요. 향도 은은하니 괜찮아요.,보습력/수분감,촉촉하고,1,[속성] 보습력/수분감 [문장] 촉촉하고,,보습력/수분감,unchanged
train,797924,쇼핑몰,헤어/바디케어,OO 바디오일 250ml 1개,발림 좋고 산뜻해서 항상 애용하는 바디오일입니다. 저렴하게 구입해서 좋아요.,발림성,발림 좋고,1,[속성] 발림성 [문장] 발림 좋고,,발림성,unchanged
train,798016,쇼핑몰,헤어/바디케어,OO 바디오일 250ml 1개,처음으로 구매하는 제품입니다. 일단 끈적임이 있습니다. 끈적임이 심해서 사용하기 불편하네요.,편의성/활용성,사용하기 불편하네요.,-1,[속성] 편의성/활용성 [문장] 사용하기 불편하네요.,,편의성/활용성,unchanged
train,798023,쇼핑몰,헤어/바디케어,OO 바디오일 250ml 1개,매일 사용하는데 촉촉하고 흡수력도 좋아서 매일 보습이 잘 되는 느낌이 들어요. 촉촉해서 매일 기분이 좋습니다. 워낙에 악건성이라 꼭 오일이 필요한데 이 오일이 제일 좋아요. 가격대비 좋아서 세일할 때 많이 쟁여놓고 싶은 제품입니다. 추천합니다.,보습력/수분감,촉촉하고,1,[속성] 보습력/수분감 [문장] 촉촉하고,,보습력/수분감,unchanged
train,798052,쇼핑몰,헤어/바디케어,OO 바디오일 250ml 1개,"피부가 너무 건조해서 처음 사용해보았는데 너무 좋습니다. 흡수력도 좋고 향도 좋고, 뭔가 고급진 오일제형을 바른 느낌이라 참 기분이 묘해요. 보습력이 좋아서 건조함이 덜하고 피부가 부드럽고 자극도 없었습니다. 신랑도 참 향이 고급지다고 하네요.",윤기/피부(톤),피부가 부드럽고,1,[속성] 윤기/피부(톤) [문장] 피부가 부드럽고,,윤기/피부(톤),unchanged
train,798072,쇼핑몰,헤어/바디케어,OO 바디오일 250ml 1개,다른 오일들을 써오다가 이 제품이 저렴하게 할인하고 있어서 구매해 봤어요. 써보았는데 끈적이지 않고 피부를 만져봤는데 부드럽고 산뜻하네요. 재구매 의사 있습니다.,보습력/수분감,부드럽고,1,[속성] 보습력/수분감 [문장] 부드럽고,,보습력/수분감,unchanged
train,798107,쇼핑몰,헤어/바디케어,OO 바디오일 250ml 1개,추천해서 주문해 봤습니다. 용량대비 가격도 비싸고 발라보니 끈적임이 있습니다. 미끌거려서 사용하기 불편하네요. 재구매 의사 없습니다.,편의성/활용성,사용하기 불편하네요.,-1,[속성] 편의성/활용성 [문장] 사용하기 불편하네요.,,편의성/활용성,unchanged
train,798116,쇼핑몰,헤어/바디케어,OO 바디오일 250ml 1개,샤워 후 피부가 건조해서 구입했어요. OOO라 믿고 사용합니다. 발림성 좋고 기대보다 좀 더 산뜻한 느낌입니다. 보습력은 나쁘지 않고 샤워 후 바르면 금방 흡수가 되는 것 같아요. 향은 부드럽고 따뜻하고 은은해서 괜찮네요.,발림성,발림성 좋고,1,[속성] 발림성 [문장] 발림성 좋고,,발림성,unchanged
train,798170,쇼핑몰,헤어/바디케어,OO 바디오일 250ml 1개,몇 통째 재구매하고 있어요. 약건성피부인데 좋아요. 미끌거리지 않고 촉촉합니다. 향도 나쁘지 않아요.,흡수력,미끌거리지 않고,1,[속성] 흡수력 [문장] 미끌거리지 않고,,흡수력,unchanged
train,798189,쇼핑몰,헤어/바디케어,OO 바디오일 250ml 1개,만족스러워요. 항상 사용하고 있는 제품 중 하나예요. 사계절 사용하기 좋고 데일리로 사용해도 좋아요. 우선 보습력이 좋아서 촉촉함이 오래가요. 자극적이지 않고 향도 무난해서 부담없이 사용하고 있어요.,편의성/활용성,데일리로 사용해도 좋아요.,1,[속성] 편의성/활용성 [문장] 데일리로 사용해도 좋아요.,,편의성/활용성,unchanged
train,798189,쇼핑몰,헤어/바디케어,OO 바디오일 250ml 1개,만족스러워요. 항상 사용하고 있는 제품 중 하나예요. 사계절 사용하기 좋고 데일리로 사용해도 좋아요. 우선 보습력이 좋아서 촉촉함이 오래가요. 자극적이지 않고 향도 무난해서 부담없이 사용하고 있어요.,보습력/수분감,촉촉함이 오래가요.,1,[속성] 보습력/수분감 [문장] 촉촉함이 오래가요.,,보습력/수분감,unchanged
train,798189,쇼핑몰,헤어/바디케어,OO 바디오일 250ml 1개,만족스러워요. 항상 사용하고 있는 제품 중 하나예요. 사계절 사용하기 좋고 데일리로 사용해도 좋아요. 우선 보습력이 좋아서 촉촉함이 오래가요. 자극적이지 않고 향도 무난해서 부담없이 사용하고 있어요.,자극성,자극적이지 않고,1,[속성] 자극성 [문장] 자극적이지 않고,,자극성,unchanged
train,798198,쇼핑몰,헤어/바디케어,OO 바디오일 250ml 1개,요즘 건조한 날씨 탓에 피부가 건조하고 가려워서 구입하게 됐어요. 샤워 후 OOO 바디로션과 바디오일을 섞어서 몸에 바르니 촉촉하고 상쾌해서 잘 지낼 수 있네요.,보습력/수분감,촉촉하고,1,[속성] 보습력/수분감 [문장] 촉촉하고,,보습력/수분감,unchanged
train,798309,쇼핑몰,헤어/바디케어,OO 바디오일 250ml 1개,찐득거리지 않고 촉촉하고 잘 발라지네요. 근데 향은 머리가 좀 아픈 것 같아요. 호불호가 갈리는 향인 듯하네요.,보습력/수분감,촉촉하고,1,[속성] 보습력/수분감 [문장] 촉촉하고,,보습력/수분감,unchanged
train,798349,쇼핑몰,헤어/바디케어,OO 바디오일 250ml 1개,오일이라 발림성 좋고 무겁지 않아 좋습니다. 샤워 후 물기 살짝 있는 상태에서 바르면 촉촉해요.,발림성,발림성 좋고,1,[속성] 발림성 [문장] 발림성 좋고,,발림성,unchanged
train,798366,쇼핑몰,헤어/바디케어,OO 바디오일 250ml 1개,처음 사용하는 제품인데 궁금해서 구매를 했습니다. 피부가 건조한 것 같습니다. 가격도 비싸고 유통기한도 짧아서 아쉬운 것 같습니다. 배송도 엄청 느리네요.,가격,가격도 비싸고,-1,[속성] 가격 [문장] 가격도 비싸고,,가격,unchanged
train,798427,쇼핑몰,헤어/바디케어,OO 바디오일 250ml 1개,만족해요. 매번 사용하는 제품이에요. 우선 보습용으로 정말 딱이네요. 자극적이지 않고 오일 제형이지만 흡수력도 좋고 촉촉해서 마음에 듭니다. 발림성도 좋아요. 향도 은은해서 부담없이 사용하시기에 좋으실 듯 해요.,자극성,자극적이지 않고,1,[속성] 자극성 [문장] 자극적이지 않고,,자극성,unchanged
train,798515,쇼핑몰,헤어/바디케어,OO 바디오일 250ml 1개,촉촉하고 끈적이지 않네요. 향도 은은하고 좋네요. 욕실에 놔두고 샤워 후 바로 바릅니다. 원래 지성은 아닌데 건조하지 않아서 바디로션이나 크김을 안바르다가 40대에 접어들면서 가을 겨울에 건조한 부분이 가려워서 좀 힘든데 이거 바르니 가벼우면서도 촉촉해서 가렵지 않아요. 너무 리치한 제형은 건성피부가 아니라 발랐을때 좀 답답해요. 향도 은은한 꽃향기라고해야하나 안쎄고 은은해서 좋습니다.,보습력/수분감,촉촉하고,1,[속성] 보습력/수분감 [문장] 촉촉하고,,보습력/수분감,unchanged
train,798515,쇼핑몰,헤어/바디케어,OO 바디오일 250ml 1개,촉촉하고 끈적이지 않네요. 향도 은은하고 좋네요. 욕실에 놔두고 샤워 후 바로 바릅니다. 원래 지성은 아닌데 건조하지 않아서 바디로션이나 크김을 안바르다가 40대에 접어들면서 가을 겨울에 건조한 부분이 가려워서 좀 힘든데 이거 바르니 가벼우면서도 촉촉해서 가렵지 않아요. 너무 리치한 제형은 건성피부가 아니라 발랐을때 좀 답답해요. 향도 은은한 꽃향기라고해야하나 안쎄고 은은해서 좋습니다.,기능/효과,가렵지 않아요.,1,[속성] 기능/효과 [문장] 가렵지 않아요.,,기능/효과,unchanged
train,798608,쇼핑몰,헤어/바디케어,OO 바디오일 250ml 1개,오랫동안 사용해 오고 있는 제품이에요. 가성비 좋습니다. 발림성도 좋고 가벼운 느낌을 줘서 좋아요. 향은 거의 없어 괜찮아요. 저자극이고 데일리로 사용하기 좋아요. 행사 상품을 사면 더 싸게 구매할 수 있어 좋아요.,편의성/활용성,데일리로 사용하기 좋아요.,1,[속성] 편의성/활용성 [문장] 데일리로 사용하기 좋아요.,,편의성/활용성,unchanged
train,271278,쇼핑몰,헤어/바디케어,OO 더** 염색제 세트,3번째 재구매 해서 사용중이예요~ 순하고 새치커버도 잘 되고 컬러도 잘 나오네요. 완전 만족합니다~,자극성,순하고,1,[속성] 자극성 [문장] 순하고,,자극성,unchanged
train,271322,쇼핑몰,헤어/바디케어,OO 한방 물 염색제,제품이 순하고 사용할때 편리하게 할수 있어서 염색할떼 번거로움리 없어요,자극성,순하고,1,[속성] 자극성 [문장] 순하고,,자극성,unchanged
train,798620,쇼핑몰,헤어/바디케어,OO 바디오일 250ml 1개,매번 사용하는 제품입니다. 끈적이지도 않고 향도 강하지 않아 부담 없이 바를 수 있어 좋습니다. 촉촉하고 순해서 자녀도 좋아하네요. 가격도 저렴할 때 구입해서 기분 좋습니다. 이제 날 추워지는데 이거 발라서 촉촉한 것 같습니다.,보습력/수분감,촉촉하고,1,[속성] 보습력/수분감 [문장] 촉촉하고,,보습력/수분감,unchanged
train,798632,쇼핑몰,헤어/바디케어,OO 바디오일 250ml 1개,촉촉하고 잘 발리네요. 피부 진정 효과가 좋고 영양 공급도 잘됩니다. 피부결 정돈도 잘 되고 상쾌한 향이라서 좋습니다. 산뜻한 느낌이 장점인 거 같아요. 보습력도 좋고 자극도 없어요. 흡수력도 좋아요.,보습력/수분감,촉촉하고,1,[속성] 보습력/수분감 [문장] 촉촉하고,,보습력/수분감,unchanged
train,798650,쇼핑몰,헤어/바디케어,OO 바디오일 250ml 1개,촉촉하고 샤워하고 너무 산뜻해서 좋아요. 따로 로션 안 발라도 촉촉해서 좋습니다.,보습력/수분감,촉촉하고,1,[속성] 보습력/수분감 [문장] 촉촉하고,,보습력/수분감,unchanged
train,798684,쇼핑몰,헤어/바디케어,OO 바디오일 250ml 1개,건조해서 처음 사용하고 있습니다. 발림성 좋고 무난한 게 좋습니다. 봄에 건조해서 바디로션에 섞어 사용하니 좋습니다. 가격도 저렴한 편이고 아주 좋습니다.,발림성,발림성 좋고,1,[속성] 발림성 [문장] 발림성 좋고,,발림성,unchanged
train,798694,쇼핑몰,헤어/바디케어,OO 바디오일 250ml 1개,데일리용으로 사용하기 좋아요. 샤워 후 이거 안 바르면 안 될 정도로 필수템이 되어 버렸습니다. 유명 브랜드의 고가 오일도 사용해 봤는데 오일은 그냥 다 비슷한 거 같습니다. 샤워 후 물기 있는 상태에서 듬뿍 바르고 흡수시켜 주면 다 똑같습니다. 흡수도 잘 됩니다.,편의성/활용성,데일리용으로 사용하기 좋아요.,1,[속성] 편의성/활용성 [문장] 데일리용으로 사용하기 좋아요.,,편의성/활용성,unchanged
train,798791,쇼핑몰,헤어/바디케어,OO 바디오일 250ml 1개,향도 거북하지 않고 은은하게 좋습니다. 제형이 오일이라 물기있는 상태에서 발라주면 좋습니다. 촉촉하고 은은한 향기가 오래 지속되어서 기분이 좋습니다. ㅇㅇㅇ 바디오일 추천합니다.,보습력/수분감,촉촉하고,1,[속성] 보습력/수분감 [문장] 촉촉하고,,보습력/수분감,unchanged
train,798815,쇼핑몰,헤어/바디케어,OO 바디오일 250ml 1개,제품 괜찮은 것 같습니다. 너무 번들거리지도 않고 잘 사용하고 있습니다. 촉촉하고 향도 좋고 많이 쓰는 것은 그만한 이유가 있는 것 같습니다. 잘 사용하고 있어요. 요즘 손을 자주 씻고 있어서 건조해서 자주 사용하다 보니 거의 다 써가는데 재주문 할게요.,보습력/수분감,촉촉하고,1,[속성] 보습력/수분감 [문장] 촉촉하고,,보습력/수분감,unchanged
train,798818,쇼핑몰,헤어/바디케어,OO 바디오일 250ml 1개,겨울철에 건조해서 상품평 믿고 구입했습니다. 촉촉하고 많이 번들거리지 않아서 괜찮은데 향이 조금 마음에 안 드네요. 끈적이지 않고 보습용으론 괜찮은 것 같습니다.,보습력/수분감,촉촉하고,1,[속성] 보습력/수분감 [문장] 촉촉하고,,보습력/수분감,unchanged
train,798821,쇼핑몰,헤어/바디케어,OO 바디오일 250ml 1개,처음 사용할 때 오일 같지 않게 발려 아쉽고 보습도 안 좋아서 별로라고 후기 남겼습니다. 한 달 사용하니 발림성이 좋고 생각보다 보습이 잘 되는 것 같습니다. 크림 바르고 나서 바르거나 단독으로 발라도 충분히 촉촉해집니다. 그리고 헤프지도 않습니다. 열심히 바르며 계속 쓰고 있는데 아직 그대로 입니다. 양이 많아서 좋은 것 같습니다.,발림성,발림성이 좋고,1,[속성] 발림성 [문장] 발림성이 좋고,,발림성,unchanged
train,798856,쇼핑몰,헤어/바디케어,OO 에** 케어 바디로션 400ml 1개,유효기간 여유 있어요. 끈적이지 않고 촉촉하고 향이 강하지 않고 은은해서 좋아요. 보습력도 좋습니다.,보습력/수분감,촉촉하고,1,[속성] 보습력/수분감 [문장] 촉촉하고,,보습력/수분감,unchanged
train,798941,쇼핑몰,헤어/바디케어,OO 에** 케어 바디로션 400ml 1개,저렴하게 판매해서 ㅇㅇㅇ랑 후기들 믿고 구매해봤네요. 손등에 발라봤는데 촉촉하고 끈적이지도 않고 좋습니다. 향은 흔한 바디로션 향이네요. 그냥 ㅇㅇㅇ 크림 향 같습니다.,보습력/수분감,촉촉하고,1,[속성] 보습력/수분감 [문장] 촉촉하고,,보습력/수분감,unchanged
train,799107,쇼핑몰,헤어/바디케어,OO 에** 케어 바디로션 400ml 1개,제품이 디자인이 깔끔해서 마음에 듭니다. 한달 사용해봤는데 보습도 좋고 향도 좋습니다. 피부결도 정돈되고 매일매일 쓰기에도 좋네요. 여러분들도 한번 써보세요.,보습력/수분감,보습도 좋고,1,[속성] 보습력/수분감 [문장] 보습도 좋고,,보습력/수분감,unchanged
train,799108,쇼핑몰,헤어/바디케어,OO 에** 케어 바디로션 400ml 1개,피부가 건성이라 가끔씩 따끔거리는데 이 제품은 잘 맞아요. 바르고 나니 보습력도 충분하고 너무 끈적이지도 않아서 좋습니다. 데일리로 사용하기 좋아요. 세일해서 가격도 저렴하게 잘 산거 같습니다.,편의성/활용성,데일리로 사용하기 좋아요.,1,[속성] 편의성/활용성 [문장] 데일리로 사용하기 좋아요.,,편의성/활용성,unchanged
train,799110,쇼핑몰,헤어/바디케어,OO 에** 케어 바디로션 400ml 1개,발림성 좋고 향도 좋고 보습력도 매우 좋아요. 겨울철 건조한 시기에 피부 보습이 되어서 구입 추천합니다. 가격만 조금 더 저렴하면 좋겠네요.,발림성,발림성 좋고,1,[속성] 발림성 [문장] 발림성 좋고,,발림성,unchanged
train,799122,쇼핑몰,헤어/바디케어,OO 에** 케어 바디로션 400ml 1개,향은 거의 없고 좋습니다. 독하지 않아 좋아요. 잘 발리고 제형이 엄청 묽지 않아 좋네요. 보습도 잘되는 거 같습니다. 건조한 날씨에 피부가 일어났는데 로션 바른지 몇일만에 뽀송해졌어요. 데일리로 사용하기 좋습니다.,편의성/활용성,데일리로 사용하기 좋습니다.,1,[속성] 편의성/활용성 [문장] 데일리로 사용하기 좋습니다.,,편의성/활용성,unchanged
train,799290,쇼핑몰,헤어/바디케어,OO 에** 케어 바디로션 400ml 1개,"엄청나게 잘 세정되고, 촉촉하고 은은하면서 인생템이라는 생각이 들었어요. 자극도 없으며 수분공급에도 도움이 되네요. 한 달 사용해보니 감촉도 부드럽고 너무 좋습니다.",보습력/수분감,촉촉하고,1,[속성] 보습력/수분감 [문장] 촉촉하고,,보습력/수분감,unchanged
train,799396,쇼핑몰,헤어/바디케어,OO 에** 케어 바디로션 400ml 1개,촉촉하고 건조한 피부에 너무 좋습니다. OO의 OOO 바디크림 정말 좋습니다. 겨울철에 잘 바르고 있습니다. 냄새는 거슬리지 않는 정도입니다.,보습력/수분감,촉촉하고,1,[속성] 보습력/수분감 [문장] 촉촉하고,,보습력/수분감,unchanged
train,799409,쇼핑몰,헤어/바디케어,OO 에** 케어 바디로션 400ml 1개,향도 좋고 번들거리지 않고 보습도 좋고 정전기도 일어나지 않습니다. 1+1이고 가격도 저렴해서 더 좋았습니다. 나쁜 것이 하나도 없습니다. 자녀들도 좋아하고 바르고 외출해도 나쁘지 않습니다.,보습력/수분감,보습도 좋고,1,[속성] 보습력/수분감 [문장] 보습도 좋고,,보습력/수분감,unchanged
train,799478,쇼핑몰,헤어/바디케어,OO 에** 케어 바디로션 400ml 1개,목욕 후에 바르면 촉촉하고 피부에 쏙 스며들어 피부가 부들부들해져 항상 사용해요.,보습력/수분감,촉촉하고,1,[속성] 보습력/수분감 [문장] 촉촉하고,,보습력/수분감,unchanged
train,799508,쇼핑몰,헤어/바디케어,OO 에** 케어 바디로션 400ml 1개,건성 피부라 보습력 좋다는 온갖 바디크림과 로션을 써 봤습니다. 이 제품은 보습력은 우수하다고까진 못 하겠고 대신 발림성이 좋고 금방 흡수되어 버려서 바르고 빨리 옷 입을 수 있어서 편합니다. 그리고 가격이 무엇보다 좋습니다.,발림성,발림성이 좋고,1,[속성] 발림성 [문장] 발림성이 좋고,,발림성,unchanged
train,799556,쇼핑몰,헤어/바디케어,OO 에** 케어 바디로션 400ml 1개,부드럽게 잘 발리고 보습력도 좋습니다. 식구들과 사용하는데 향도 좋고 산뜻한 느낌이라 만족스럽게 사용하고 있습니다. 사용량이 많아지는 요즘 넉넉하게 사용할 수 있는 용량이라 좋습니다.,발림성,부드럽게 잘 발리고,1,[속성] 발림성 [문장] 부드럽게 잘 발리고,,발림성,unchanged
train,799764,쇼핑몰,헤어/바디케어,OO 에** 케어 바디로션 400ml 1개,이 로션 구하기가 어려워서 잠시 다른 거 쓰다가 다시 샀습니다. 써 본 것 중에 제일 좋습니다. 촉촉하고 향도 은은하니 좋습니다.,보습력/수분감,촉촉하고,1,[속성] 보습력/수분감 [문장] 촉촉하고,,보습력/수분감,unchanged
train,799838,쇼핑몰,헤어/바디케어,OO 일** 히알루론 모이스춰 수분크림 100ml 1개,아들이 사용하는 수분크림이네요. 저희 아이는 아주 듬뿍 발라서 한통으로 한달을 못 쓰네요. 그래서 6개를 한꺼번에 구입했습니다. 가격도 저렴하고 유통기한 넉넉해서 좋습니다.,가격,가격도 저렴하고,1,[속성] 가격 [문장] 가격도 저렴하고,,가격,unchanged
train,800061,쇼핑몰,헤어/바디케어,OO 일** 히알루론 모이스춰 수분크림 100ml 1개,친구꺼 한번 발라보니 좋아서 구매해서 써봤어요. 촉촉하고 보습이 너무 좋네요. 이 가격에 가성비 만족입니다. 다 떨어지면 또 구매할 생각입니다.,보습력/수분감,촉촉하고,1,[속성] 보습력/수분감 [문장] 촉촉하고,,보습력/수분감,unchanged
train,800168,쇼핑몰,헤어/바디케어,OO 일** 히알루론 모이스춰 수분크림 100ml 1개,좋아서 재구매합니다. 가격도 저렴하고 발림성도 좋습니다. 촉촉해서 이거 하나만 발라도 당김이 없어요. 용량만 더 커지면 좋겠습니다.,가격,가격도 저렴하고,1,[속성] 가격 [문장] 가격도 저렴하고,,가격,unchanged
train,800226,쇼핑몰,헤어/바디케어,OO 일** 히알루론 모이스춰 수분크림 100ml 1개,얼굴에 바르고 나면 촉촉하고 끈적임 없고 너무 좋아 계속 구매해서 쓰고 있습니다. 다음에도 구매해서 계속 사용할 계획입니다. 피부가 촉촉해져서 가을에 피부에 사용하기 더 잘 맞을것 같네요.,보습력/수분감,촉촉하고,1,[속성] 보습력/수분감 [문장] 촉촉하고,,보습력/수분감,unchanged
train,800234,쇼핑몰,헤어/바디케어,OO 일** 히알루론 모이스춰 수분크림 100ml 1개,발림성이 좋고 피부가 시원해지고 촉촉하네요. 기분도 상쾌해요.,발림성,발림성이 좋고,1,[속성] 발림성 [문장] 발림성이 좋고,,발림성,unchanged
train,800496,쇼핑몰,헤어/바디케어,OO 일** 히알루론 모이스춰 수분크림 100ml 1개,ㅇㅇㅇ 수분크림은 신랑이 써보고 싶다고 해서 구매해봤는데요. 가격도 비싸고 향도 좀 쎄네요. 추천할만한 제품은 아닌 듯 해요.,가격,가격도 비싸고,-1,[속성] 가격 [문장] 가격도 비싸고,,가격,unchanged
train,800507,쇼핑몰,헤어/바디케어,OO 일** 히알루론 모이스춰 수분크림 100ml 1개,반신반의 사봤는데 좋네요. 향도 거의 무향이고 촉촉하니 끈적임도 없고 가격도 착하고 좋아요. 재구매 의사 있습니다.,보습력/수분감,촉촉하니,1,[속성] 보습력/수분감 [문장] 촉촉하니,,보습력/수분감,unchanged
train,800519,쇼핑몰,헤어/바디케어,OO 일** 히알루론 모이스춰 수분크림 100ml 1개,여름에 수분크림 필요해서 4개 주문했어요. 향도 좋고 촉촉하고 가격에 짱 저렴해서 최고로 좋습니다.,보습력/수분감,촉촉하고,1,[속성] 보습력/수분감 [문장] 촉촉하고,,보습력/수분감,unchanged
train,800539,쇼핑몰,헤어/바디케어,OO 일** 히알루론 모이스춰 수분크림 100ml 1개,촉촉하고 발림성이 좋아서 잘 쓰고 있습니다. 향도 좋습니다. 건성 피부라 예민하기도 한데 아무런 부작용 없어서 잘 쓰고 있습니다. 피부의 붉은기도 좀 가라앉는 거 같아요. 가격도 착해서 잘 구입했습니다.,보습력/수분감,촉촉하고,1,[속성] 보습력/수분감 [문장] 촉촉하고,,보습력/수분감,unchanged
train,800639,쇼핑몰,헤어/바디케어,OO 일** 히알루론 모이스춰 수분크림 100ml 1개,수분크림이라 촉촉하고 피부가 시원하고 상쾌한 느낌이 들어요.,보습력/수분감,촉촉하고,1,[속성] 보습력/수분감 [문장] 촉촉하고,,보습력/수분감,unchanged
train,800747,쇼핑몰,헤어/바디케어,OO 일** 히알루론 모이스춰 수분크림 100ml 1개,촉촉합니다. 너무 무겁지도 않고 기름지지도 않아요. 산뜻하며 촉촉해서 좋아요. 가격도 저렴하고 향도 좋습니다. 여름에 사용하기 좋은 제품입니다.,가격,가격도 저렴하고,1,[속성] 가격 [문장] 가격도 저렴하고,,가격,unchanged
train,800750,쇼핑몰,헤어/바디케어,OO 일** 히알루론 모이스춰 수분크림 100ml 1개,배송도 빠르고 가격도 저렴하고 발림성도 좋습니다. 촉촉했으면 좋겠네요. 번창하세요.,가격,가격도 저렴하고,1,[속성] 가격 [문장] 가격도 저렴하고,,가격,unchanged
train,800786,쇼핑몰,헤어/바디케어,OO 세** 모이스춰라이징 크림 구형 550g 1개,OOO 대용량으로 구입했습니다. 보습도 좋고 유효기간도 넉넉하네요. 포장도 잘 됐고 배송도 안전하고 왔어요.,보습력/수분감,보습도 좋고,1,[속성] 보습력/수분감 [문장] 보습도 좋고,,보습력/수분감,unchanged
train,800906,쇼핑몰,헤어/바디케어,OO 세** 모이스춰라이징 크림 구형 550g 1개,OO은 꾸준히 쓰고 있는 제품이에요. 발림성 좋고 촉촉해서 아이들부터 온 가족이 사용하기 좋습니다.,발림성,발림성 좋고,1,[속성] 발림성 [문장] 발림성 좋고,,발림성,unchanged
train,801090,쇼핑몰,헤어/바디케어,OO 세** 모이스춰라이징 크림 구형 550g 1개,온 가족이 항상 쓰기 좋은 크림이에요. 발림성 좋고 무향이라 아이들도 자극 없이 사용중입니다.,발림성,발림성 좋고,1,[속성] 발림성 [문장] 발림성 좋고,,발림성,unchanged
train,801130,쇼핑몰,헤어/바디케어,OO 세** 모이스춰라이징 크림 구형 550g 1개,보습력이 뛰어나고 지속력이 좋습니다. 단점은 통이 너무 오픈되어 있네요. 사용시 세균 걱정됩니다.,보습력/수분감,보습력이 뛰어나고,1,[속성] 보습력/수분감 [문장] 보습력이 뛰어나고,,보습력/수분감,unchanged
train,272244,쇼핑몰,헤어/바디케어,OO  셀프 뿌리펌 26종+집게6종추가 ,"모발이 건강한 편이라 약 바르고 20분, 미스트 뿌리고 10분 기디렸다 감았는데.. 약이 발라져 있는 동안은 힘이 좀 생기나 했는데 감으니 아무 효과가 앖네요. ㅠㅠ 자극적이지 않고 잘 씻기긴하지만 구입한 양 다 쓸 일은 없을 것 같네요..",자극성,자극적이지 않고,1,[속성] 자극성 [문장] 자극적이지 않고,,자극성,unchanged
train,277675,쇼핑몰,헤어/바디케어,OO 해** 에센스 바디워시 3입+증정,촉촉하고 피부에 자극이없어서 온가족이 함께 사용하고 있어요 추천합니다,보습력/수분감,촉촉하고,1,[속성] 보습력/수분감 [문장] 촉촉하고,,보습력/수분감,unchanged
train,278412,쇼핑몰,헤어/바디케어,OO 바디스크럽 세트,이틀에 한번씩 하는데 피부가 넘 부드럽고 매끈해져서 따로 때밀필요도 없어서 넘 돟아요,보습력/수분감,피부가 넘 부드럽고,1,[속성] 보습력/수분감 [문장] 피부가 넘 부드럽고,,보습력/수분감,unchanged
train,279446,쇼핑몰,헤어/바디케어,OO 해** 바디워시 900g 3입모음,순하고 촉촉해서 늘 쓰는 제품이라 적릭금으로 저렴하게 구입했어요.,자극성,순하고,1,[속성] 자극성 [문장] 순하고,,자극성,unchanged
train,279771,쇼핑몰,헤어/바디케어,OO 바디스크럽 워시 대용량 최대용량 스파 브러쉬 세트,바디샤워랑 타월에 같이 펌핑해서 사용합니다~ 보들보들 각질제거 좋아요~,보습력/수분감,보들보들,1,[속성] 보습력/수분감 [문장] 보들보들,,보습력/수분감,unchanged
train,279992,쇼핑몰,헤어/바디케어,OO 해** 바디워시 900g 3입+증정,상시 사용하는 제품입니다. 적립금할인으로 저렴하게 구매할수 있어서 구매하여 쟁여두었습니다. 순하고 부드럽고 향도 넘 좋아요. 샤워하고나면 기분이 상쾌하고 좋아요.,자극성,순하고,1,[속성] 자극성 [문장] 순하고,,자극성,unchanged
train,279992,쇼핑몰,헤어/바디케어,OO 해** 바디워시 900g 3입+증정,상시 사용하는 제품입니다. 적립금할인으로 저렴하게 구매할수 있어서 구매하여 쟁여두었습니다. 순하고 부드럽고 향도 넘 좋아요. 샤워하고나면 기분이 상쾌하고 좋아요.,보습력/수분감,부드럽고,1,[속성] 보습력/수분감 [문장] 부드럽고,,보습력/수분감,unchanged
train,280022,쇼핑몰,헤어/바디케어,OO 해** 바디워시 900g 3입+증정,적립금써서 싸게 구매했습니다. 촉촉하고 향도 좋아요. 샘플도 감사합니다~,보습력/수분감,촉촉하고,1,[속성] 보습력/수분감 [문장] 촉촉하고,,보습력/수분감,unchanged
train,280908,쇼핑몰,헤어/바디케어,OO 시** 패키지(올인원클렌저+로션),아이와 온 가족이 쓰려고 구입했어요. 촉촉하고 순해서 두번째 구입해서 사용하고 있습니다. 양도 많아서 막 쓰기 좋아요. 건조한 피부에 추천합니다.,보습력/수분감,촉촉하고,1,[속성] 보습력/수분감 [문장] 촉촉하고,,보습력/수분감,unchanged
train,281153,쇼핑몰,헤어/바디케어,OO 바디로션 어드밴스드 600ml + 드라이스킨 600ml,"촉촉하고 용량도 많아서 겨울철 건조할 때, 수시로 바르면 좋아요~!",보습력/수분감,촉촉하고,1,[속성] 보습력/수분감 [문장] 촉촉하고,,보습력/수분감,unchanged
train,281187,쇼핑몰,헤어/바디케어,OO 바디로션 대용량 600ml 1개,샤워후 바로 사용하는데 촉촉하고 수분 보호막이 생기는거 같고 첫째 끈적이지 않고 향도 좋아요,보습력/수분감,촉촉하고,1,[속성] 보습력/수분감 [문장] 촉촉하고,,보습력/수분감,unchanged
train,282270,쇼핑몰,헤어/바디케어,OO 해** 바디로션 1+1,냄새가 과한건 부담되는데 이 제품은 냄새가 너무 좋고 순해서 맘에 들고 끈적임없이 잘스며들어 촉촉해요,보습력/수분감,촉촉해요,1,[속성] 보습력/수분감 [문장] 촉촉해요,,보습력/수분감,unchanged
train,282338,쇼핑몰,헤어/바디케어,OO 해** 바디로션 1+1,* 향기도 너무 마음에 들고 발라보니 촉촉하고 부드럽고 매끄러워 피부가 좋아지는 것 같습니다...^^,보습력/수분감,촉촉하고,1,[속성] 보습력/수분감 [문장] 촉촉하고,,보습력/수분감,unchanged
train,282338,쇼핑몰,헤어/바디케어,OO 해** 바디로션 1+1,* 향기도 너무 마음에 들고 발라보니 촉촉하고 부드럽고 매끄러워 피부가 좋아지는 것 같습니다...^^,보습력/수분감,부드럽고,1,[속성] 보습력/수분감 [문장] 부드럽고,,보습력/수분감,unchanged
train,282454,쇼핑몰,헤어/바디케어,OO 일** 울트라리페어 크림/로션 기획,받고 써 보니 부드럽게 잘 발리고 흡수도 빨라 너무 좋아요. 향도 은은하고 좋아요. 잘 샀어요.,발림성,부드럽게 잘 발리고,1,[속성] 발림성 [문장] 부드럽게 잘 발리고,,발림성,unchanged
train,282750,쇼핑몰,헤어/바디케어,OO 일** 세라마이드 크림 200ML+증정,순하고 수분감도 있어 좋아요 모든 피부타입에 사용하기 괜찮은 로션,자극성,순하고,1,[속성] 자극성 [문장] 순하고,,자극성,unchanged
train,283201,쇼핑몰,헤어/바디케어,OO 더** 염색제,새치 염색된다해서 구입했는데 아직 염색은 못했어요 정말 밀크브라운이 새치에도 되면 다시 추가 작성할께요 구성품 앰플이 정말좋아요 염색도 순하고 다른색으로 재구매했어요,자극성,순하고,1,[속성] 자극성 [문장] 순하고,,자극성,unchanged
train,283348,쇼핑몰,헤어/바디케어,OO 해** 바디오일 250ml,촉촉하고 향기도 좋아요 식구들 모두 쓰기 좋은 착한가격과 좋은품질의 오일입니다 끈적이지도 않아요,보습력/수분감,촉촉하고,1,[속성] 보습력/수분감 [문장] 촉촉하고,,보습력/수분감,unchanged
train,284615,쇼핑몰,헤어/바디케어,OO 더** 골드라벨 염색제,순하고 염색제 색깔이 밝은편이라 계속 사용합니다. 성분이독하지않아서좋은데 색이잘빠지니 자주염색해야합니다,자극성,순하고,1,[속성] 자극성 [문장] 순하고,,자극성,unchanged
train,724603,쇼핑몰,헤어/바디케어,OO 아** 컬링 에센스 2X 150ml 1개,"항상 사용하는 제품이라 믿고 구매했어요. 헤어오일은 너무 기름져서 별로인데, 이 제품은 촉촉하고 향도 좋습니다. 강력 추천해요. 만족합니다.",보습력/수분감,촉촉하고,1,[속성] 보습력/수분감 [문장] 촉촉하고,,보습력/수분감,unchanged
train,725710,쇼핑몰,헤어/바디케어,OO 오리지널 에센스 150ml 2개,아무리 샴푸를 잘 헹구고 드라이를 잘 해도 부스스한 머릿결이 정돈되지 않아서 스트레스를 많이 받던 시기에 미용사의 추천으로 구입했네요. 거의 7년 째 쓰는데 데일리로 사용하기 좋고 머릿결이 좋아져서 없으면 외출 못합니다.,편의성/활용성,데일리로 사용하기 좋고,1,[속성] 편의성/활용성 [문장] 데일리로 사용하기 좋고,,편의성/활용성,unchanged
train,725953,쇼핑몰,헤어/바디케어,OO 오리지널 에센스 150ml 2개,가격도 저렴하고 확실히 머릿결이 많이 안 상하는 것 같아 좋아요. 향도 괜찮고 무엇보다 대용량이라 넉넉해서 오래 쓰고 있어요. 가성비 너무 좋습니다.,가격,가격도 저렴하고,1,[속성] 가격 [문장] 가격도 저렴하고,,가격,unchanged
train,725987,쇼핑몰,헤어/바디케어,OO 오리지널 에센스 150ml 2개,머리를 파마도 하고 주기적으로 염색도 하는 사람인데요. 매일 아침마다 고대기도 하는데 매일 ㅇㅇㅇ를 발라요. 다른 에센스도 사용해 봤는데 바를때만 윤기가 돌고 얼마 지나지 않아 푸석 해지는데 ㅇㅇㅇ는 종일 촉촉하고 머리결도 반짝이며 부드러워요. 향은 진하지 않은데 머리컬을 잘 잡아주네요.,보습력/수분감,촉촉하고,1,[속성] 보습력/수분감 [문장] 촉촉하고,,보습력/수분감,unchanged
train,726378,쇼핑몰,헤어/바디케어,OO 트리트먼트 오리지널 200ml 1개,컨디셔너 또는 트리트먼트 사용하는 것보다 오일 사용하고 머리 말리면 훨씬 촉촉하고 부드러움이 오래갑니다. 모발 손상도 많이 줄어드는 느낌입니다.,보습력/수분감,촉촉하고,1,[속성] 보습력/수분감 [문장] 촉촉하고,,보습력/수분감,unchanged
train,726427,쇼핑몰,헤어/바디케어,OO 트리트먼트 오리지널 200ml 1개,워낙 좋아하는 브랜드고 항상 사용해서 좋은 말밖에 쓸게 없습니다. 용량이 우선 크고 그에 비해 가격도 좋아서 구매했습니다. 머리카락이 번들거리지 않고 촉촉하고 머릿결도 좋아 보여서 좋습니다. 염색으로 인해 머리가 많이 푸석거리는데 바르고 나면 촉촉한 느낌이 납니다.,보습력/수분감,촉촉하고,1,[속성] 보습력/수분감 [문장] 촉촉하고,,보습력/수분감,unchanged
train,726440,쇼핑몰,헤어/바디케어,OO 트리트먼트 오리지널 200ml 1개,항상 이용 잘 하고 있네요. 통관 번호 입력하고 기다리는 시간이 길어 불편할 뿐 상품은 너무 좋습니다. 이 제품 사용 후에는 다른 제품 사용할 수가 없습니다. 머릿결이 부드럽고 자극적이지 않고 향도 은은해서 너무 좋습니다.,자극성,자극적이지 않고,1,[속성] 자극성 [문장] 자극적이지 않고,,자극성,unchanged
train,726467,쇼핑몰,헤어/바디케어,OO 트리트먼트 오리지널 200ml 1개,믿고 사는 OOO 오일이에요. 향 좋고 촉촉하고 사용감도 좋아요. 디자인도 나쁘지 않아요. 배송도 빨랐어요.,보습력/수분감,촉촉하고,1,[속성] 보습력/수분감 [문장] 촉촉하고,,보습력/수분감,unchanged
train,726496,쇼핑몰,헤어/바디케어,OO 트리트먼트 오리지널 200ml 1개,OOO 오일이 좋다고 해서 구매했는데 생각보다 별로네요. 헤어팩할 때 몇 방울 떨어뜨려서 사용해 봤는데 머릿결이 좋아지지 않아요. 가격도 비싸고 용량도 작네요.,가격,가격도 비싸고,-1,[속성] 가격 [문장] 가격도 비싸고,,가격,unchanged
train,726598,쇼핑몰,헤어/바디케어,OO 트리트먼트 오리지널 200ml 1개,머릿결이 부스스한 편이고 약간 곱슬머리라 거칠어 보이는 편인데다가 건조한 편이에요. OOO 헤어오일을 바르면 한결 차분해지면서 윤기도 나요. 특히 습기 때문에 더 부스스해지기 쉬운 장마철에 사용하면 더 좋은 것 같아요. 가격이 비싼 편이지만 기존에 사용했던 다른 헤어 오일들보다 더 머릿결이 부드럽고 촉촉함이 오래가서 좋아요. 향도 은은하고 질리지 않고 좋습니다.,보습력/수분감,촉촉함이 오래가서 좋아요.,1,[속성] 보습력/수분감 [문장] 촉촉함이 오래가서 좋아요.,,보습력/수분감,unchanged
train,726637,쇼핑몰,헤어/바디케어,OO 트리트먼트 오리지널 200ml 1개,지금까지 ooo 오일 사용하다 이 제품으로 바꿔보았는데 향도 괜찮고 사용감이 좋아서 만족합니다. 가는 모발인 저에게 이 제품이 더 맞는 듯합니다. 가격도 저렴하고 용량도 많습니다.,가격,가격도 저렴하고,1,[속성] 가격 [문장] 가격도 저렴하고,,가격,unchanged
train,726654,쇼핑몰,헤어/바디케어,OO 트리트먼트 오리지널 200ml 1개,매일 머리를 감고 마르기 전에 바르는 오일입니다. 일단 수분감을 줘서 머리가 건조하지 않고 촉촉함이 오래가요. 그래서 헤어 드라이 사용시에 두발 보호 효과도 있는 것 같아요. 암튼 헤어트리트먼트 오일은 OOO오일이 최고인 듯합니다. 향도 좋고 사용감도 가볍고 발림성도 좋습니다. 재구매할 계획입니다. OO 덕에 가격도 살짝 저렴하게 구입했어요. 앞으로도 여기서 구매할게요.,지속력/유지력,촉촉함이 오래가요.,1,[속성] 지속력/유지력 [문장] 촉촉함이 오래가요.,,지속력/유지력,unchanged
train,726844,쇼핑몰,헤어/바디케어,OO 트리트먼트 오리지널 200ml 1개,오일리하지 않고 향이 너무 좋아요. 머리결도 좋아집니다. 아이들과 함께 사용하기도 좋아서 재구매 했습니다.,제형,오일리하지 않고,1,[속성] 제형 [문장] 오일리하지 않고,,제형,unchanged
train,727007,쇼핑몰,헤어/바디케어,OO 트리트먼트 오리지널 200ml 1개,좋은 가격에 잘 구매했어요. 사용해 보니 왜 유명한지 알겠습니다. 머리가 얇아 감고 나면 잘 엉키는데 잘 내려갑니다. 이걸로 정착할 거예요.,가격,좋은 가격에 잘 구매했어요.,1,[속성] 가격 [문장] 좋은 가격에 잘 구매했어요.,,가격,unchanged
train,727178,쇼핑몰,헤어/바디케어,OO 트리트먼트 오리지널 200ml 1개,좋은 가격에 잘 구매했어요. 샵에서 제품 발라줄 때 너무 좋아서 찾던 중에 좋은 가격에 저렴하게 정품으로 구매하게 되었습니다.,가격,좋은 가격에 잘 구매했어요.,1,[속성] 가격 [문장] 좋은 가격에 잘 구매했어요.,,가격,unchanged
train,727252,쇼핑몰,헤어/바디케어,OO 트리트먼트 오리지널 200ml 1개,"원래 다른 브랜드의 헤어 에센스를 사용했는데, 요즘 모발 상태가 너무 안 좋아 담당 헤어디자이너께 말씀드렸더니 OO오일을 추천해 주셨어요. 향도 좋고 촉촉하고 발림성도 괜찮습니다.",보습력/수분감,촉촉하고,1,[속성] 보습력/수분감 [문장] 촉촉하고,,보습력/수분감,unchanged
train,727284,쇼핑몰,헤어/바디케어,OO 트리트먼트 오리지널 200ml 1개,상품 품질이 좋아요. 마음에 들어서 적극 추천합니다. 몇 년째 이것만 쓰는 중인데 좋습니다. 촉촉하고 은은한 향도 마음에 듭니다.,보습력/수분감,촉촉하고,1,[속성] 보습력/수분감 [문장] 촉촉하고,,보습력/수분감,unchanged
train,727335,쇼핑몰,헤어/바디케어,OO 트리트먼트 오리지널 200ml 1개,좋은 가격에 잘 구매했어요. 향도 순해요. 자극적이지 않아서 꾸준히 사용하고 있어요. 바르면 머릿결이 매우 부드러워져요. 다만 용기의 펌프가 고장난 게 와서 불편했어요. 기존에 쓰던 것으로 대체했지만요.,가격,좋은 가격에 잘 구매했어요.,1,[속성] 가격 [문장] 좋은 가격에 잘 구매했어요.,,가격,unchanged
train,728111,쇼핑몰,헤어/바디케어,OO 에** 헤어크림 300ml 1개,발송지가 아주 먼 것 같은데 총알배송으로 받았습니다. 두루 사용해 봐도 이 제품이 역시 가격도 저렴하고 사용감이 제일 낫습니다. 환절기에 건강 조심하시고 재주문 때 또 올게요.,가격,가격도 저렴하고,1,[속성] 가격 [문장] 가격도 저렴하고,,가격,unchanged
train,728317,쇼핑몰,헤어/바디케어,OO 에** 헤어크림 300ml 1개,꾸준히 쓰고 있는 제품입니다. 잘 발리고 부드러운 머릿결로 만들어 주어서 만족하는 제품입니다. 타 브랜드 제품도 사용해 보았지만 이 제품이 제일 저한테 맞는 거 같습니다. 가격도 저렴하고 제품량도 많고 모든 면에서 만족합니다.,가격,가격도 저렴하고,1,[속성] 가격 [문장] 가격도 저렴하고,,가격,unchanged
train,728460,쇼핑몰,헤어/바디케어,OO 코** 프로텍터 145ml 1개,에센스를 이것저것 써 보았지만 가격도 저렴하고 품질이 너무 좋습니다. 파마 염색을 자주 하다 보니 머릿결이 많이 푸석거렸는데 삼푸 후 발라주면 향도 좋고 머리도 너무 찰랑거려 아주 맘에 드네요.,가격,가격도 저렴하고,1,[속성] 가격 [문장] 가격도 저렴하고,,가격,unchanged
train,728606,쇼핑몰,헤어/바디케어,OO 코** 프로텍터 145ml 1개,여러 번 구매했어요. 가격 대비 품질 완전 만족하네요. 제품도 많이 만족스럽고 배송도 빠르고 가격도 저렴하고 상품도 만족스럽습니다.,가격,가격도 저렴하고,1,[속성] 가격 [문장] 가격도 저렴하고,,가격,unchanged
train,729127,쇼핑몰,헤어/바디케어,OO 코** 프로텍터 145ml 1개,꾸준히 쓰는 제품입니다. 길이도 길고 손상이 많은 머리라 에센스가 꼭 필요합니다. 가격도 저렴하고 양도 많아서 좋습니다.,가격,가격도 저렴하고,1,[속성] 가격 [문장] 가격도 저렴하고,,가격,unchanged
train,729150,쇼핑몰,헤어/바디케어,OO 코** 프로텍터 145ml 1개,주위에서 추천받아 몇 년째 사용 중인데 머릿결 촉촉하고 효과가 좋아요. 가격도 저렴하고 계속 구매할 예정입니다.,가격,가격도 저렴하고,1,[속성] 가격 [문장] 가격도 저렴하고,,가격,unchanged
train,729253,쇼핑몰,헤어/바디케어,OO 코** 프로텍터 145ml 1개,요즘 에센스 구입하기 왜 이렇게 어려웠는데 여기 판매자님 샵에는 에센스가 넘쳐납니다. 덕분에 세 개나 주문했습니다. 가격도 저렴하고 기능도 마음에 들어서 좋습니다.,가격,가격도 저렴하고,1,[속성] 가격 [문장] 가격도 저렴하고,,가격,unchanged
train,729286,쇼핑몰,헤어/바디케어,OO 코** 프로텍터 145ml 1개,늘 애용하는 제품이라 재구매해요. 직접 사용하고 있습니다. 곱슬이라 머리에 잔머리가 많은데 차분하게 가라앉혀 줍니다. 매일 사용하기 좋아요.,편의성/활용성,매일 사용하기 좋아요.,1,[속성] 편의성/활용성 [문장] 매일 사용하기 좋아요.,,편의성/활용성,unchanged
train,729527,쇼핑몰,헤어/바디케어,OO 아** 모이스처 밸런싱 헤어로션 300ml 1개,상품이 최근제조일자로 사용기한이 길어서 좋아요. 포장도 꼼꼼하게 되어 안전하게 도착했어요. 끈적이지 않고 부드럽게 잘 발리고 향도 무난해요. 좋은 상품 저렴하게 잘 구매했어요.,발림성,부드럽게 잘 발리고,1,[속성] 발림성 [문장] 부드럽게 잘 발리고,,발림성,unchanged
train,729781,쇼핑몰,헤어/바디케어,OO 아** 모이스처 밸런싱 헤어로션 300ml 1개,용량이 커서 가성비 좋습니다. 헤어로션으로 촉촉하고 볼륨을 잘 잡아줍니다. 만족해요.,보습력/수분감,촉촉하고,1,[속성] 보습력/수분감 [문장] 촉촉하고,,보습력/수분감,unchanged
train,730155,쇼핑몰,헤어/바디케어,OO 아** 모이스처 밸런싱 헤어로션 300ml 1개,다른 제품 사면서 같이 사 봤는데 만족스럽습니다. 가격도 저렴하고 갈라진 모발 끝이 촉촉하게 마무리됩니다.,가격,가격도 저렴하고,1,[속성] 가격 [문장] 가격도 저렴하고,,가격,unchanged
train,730884,쇼핑몰,헤어/바디케어,OO 웰** 아르간 트리트먼트 오일 퍼퓸 120ml 2개,"파마머리에 헤어로션에 섞어서 쓰고 있는데, 촉촉하고 머릿결이 부드러워요. 머릿결이 윤이 나서 건강해 보입니다.",보습력/수분감,촉촉하고,1,[속성] 보습력/수분감 [문장] 촉촉하고,,보습력/수분감,unchanged
train,731860,쇼핑몰,헤어/바디케어,OO 클래식 에센스 150ml 1개,지인의 추천으로 사용해봤습니다. 머리결 관리에는 좋은듯합니다. 촉촉하고 차분해지면서 사용감도 좋습니다.,보습력/수분감,촉촉하고,1,[속성] 보습력/수분감 [문장] 촉촉하고,,보습력/수분감,unchanged
train,732196,쇼핑몰,헤어/바디케어,OO 미** 오리지널 세럼 구형 80ml 3개,항상 재구매하는 상품이네요. 아주 좋습니다. 가격도 저렴하고 윤기도 많이 나고 정말 좋습니다.,가격,가격도 저렴하고,1,[속성] 가격 [문장] 가격도 저렴하고,,가격,unchanged
train,732719,쇼핑몰,헤어/바디케어,OO 미** 오리지널 세럼 구형 80ml 3개,"가격도 저렴하고 약간의 향도 있어서 좋습니다. 몇년째 OOO 썼는데, 이 제품이 머릿결이 더 매끄러워서 좋습니다.",가격,가격도 저렴하고,1,[속성] 가격 [문장] 가격도 저렴하고,,가격,unchanged
train,733572,쇼핑몰,헤어/바디케어,OO 과** 컨퓸 헤어 밀키 로션 600ml 1개,양도 많고 가격도 저렴하고 품질도 좋으니 말 다 했습니다. 어깨 기장 굵은 웨이브 파마 머리인데 건성이고 푸석푸석합니다. 바르니 머리카락이 촉촉해서 좋습니다.,가격,가격도 저렴하고,1,[속성] 가격 [문장] 가격도 저렴하고,,가격,unchanged
train,733625,쇼핑몰,헤어/바디케어,OO 과** 컨퓸 헤어 밀키 로션 600ml 1개,펌으로 머리카락이 푸석해서 언제나 이 제품을 쓰고 있어요. 로션 타입으로 끈적이지 않고 촉촉하고 바른 듯 안 바른 듯 자연스러운 컬을 만들어 주네요.,보습력/수분감,촉촉하고,1,[속성] 보습력/수분감 [문장] 촉촉하고,,보습력/수분감,unchanged
train,733843,쇼핑몰,헤어/바디케어,OO 과** 컨퓸 헤어 밀키 로션 600ml 1개,보통은 흰색인데 이 제품은 노란색 헤어로션이라서 특이합니다. 부드럽게 잘 발리고 끝이 갈라지는 머릿결에 바르니 부드러워서 좋습니다. 고정력도 조금 있습니다. 끈적이지 않고 세척도 잘 됩니다.,발림성,부드럽게 잘 발리고,1,[속성] 발림성 [문장] 부드럽게 잘 발리고,,발림성,unchanged
train,733915,쇼핑몰,헤어/바디케어,OO 과** 컨퓸 헤어 밀키 로션 600ml 1개,부드러운 발림성이 좋습니다. 머릿결이 부드럽고 살짝 고정력이 있네요. 다른 제품 쓰다가 단종 되어서 샀는데 나름 괜찮은 것 같습니다. 가격도 저렴하고 양도 많아서 좋아요.,가격,가격도 저렴하고,1,[속성] 가격 [문장] 가격도 저렴하고,,가격,unchanged
train,733984,쇼핑몰,헤어/바디케어,OO 과** 컨퓸 헤어 밀키 로션 600ml 1개,헤어 오일 바르고 에센스 로션 바르고 마지막에 글레이즈 발라서 마무리합니다. 푸석하고 상한 머리라 이렇게 바르면 촉촉하고 머릿결이 차분해져서 항상 쓰고 있습니다.,보습력/수분감,촉촉하고,1,[속성] 보습력/수분감 [문장] 촉촉하고,,보습력/수분감,unchanged
train,734043,쇼핑몰,헤어/바디케어,OO 꽂** 케라틴  에센스 500ml 1개,몇 년째 쓰고 있는 제품입니다. 에센스에 오일을 조금 섞어 사용하면 파마 머리도 푸석거리지 않고 윤기나는 머릿결로 바뀌네요. 가격도 저렴하고 향도 나름 괜찮아서 떨어지기 전에 미리미리 구입해 사용하고 있습니다.,가격,가격도 저렴하고,1,[속성] 가격 [문장] 가격도 저렴하고,,가격,unchanged
train,734190,쇼핑몰,헤어/바디케어,OO 꽂** 케라틴  에센스 500ml 1개,늘 쓰던 상품 너무 만족하네요. 바르고 나면 촉촉하고 스타일링 하기 너무 좋습니다.,보습력/수분감,촉촉하고,1,[속성] 보습력/수분감 [문장] 촉촉하고,,보습력/수분감,unchanged
train,735017,쇼핑몰,헤어/바디케어,OO 아** 세럼 80ml 1개,발림성 좋고 머리카락에 탄력이 생기는 것 같아요. 용량은 좀 작아서 오래 못 쓸 듯하네요.,발림성,발림성 좋고,1,[속성] 발림성 [문장] 발림성 좋고,,발림성,unchanged
train,735393,쇼핑몰,헤어/바디케어,OO 아** 컬링 에센스 150ml 1개,원래 OOO 제품만 써왔는데 기본 제품은 어떨까 궁금해서 구매했습니다. 발림성 좋고 제형이 유분기가 많아 더 부드러운 느낌입니다.,발림성,발림성 좋고,1,[속성] 발림성 [문장] 발림성 좋고,,발림성,unchanged
train,735426,쇼핑몰,헤어/바디케어,OO 아** 컬링 에센스 150ml 1개,남편이 항상 사용하고 있습니다. 가격도 저렴하고 향도 무난하고 발림성도 괜찮습니다. 쓰다가 떨어질 때면 미리 구매하고 있습니다.,가격,가격도 저렴하고,1,[속성] 가격 [문장] 가격도 저렴하고,,가격,unchanged
train,735869,쇼핑몰,헤어/바디케어,OO 아** 컬링 에센스 150ml 1개,좋아요. 가격도 저렴하고 아주 마음에 듭니다. 향기도 괜찮고 다음에도 또 구매할 생각입니다.,가격,가격도 저렴하고,1,[속성] 가격 [문장] 가격도 저렴하고,,가격,unchanged
train,736056,쇼핑몰,헤어/바디케어,OO 아** 컬링 에센스 150ml 1개,다 쓰고 또 구매합니다. 헤어숍에서도 많이 쓰는 제품입니다. 머리 부스스할 때 사용하면 촉촉하고 차분해집니다.,보습력/수분감,촉촉하고,1,[속성] 보습력/수분감 [문장] 촉촉하고,,보습력/수분감,unchanged
train,736208,쇼핑몰,헤어/바디케어,OO 아** 컬링 에센스 150ml 1개,이번에 세팅하고 머리가 푸석해져서 구매했어요. 컬링 에센스 쓰고 나니 촉촉하고 컬이 탱글하게 살아나서 너무 좋습니다. 앞으로 잘 쓸 것 같아요.,보습력/수분감,촉촉하고,1,[속성] 보습력/수분감 [문장] 촉촉하고,,보습력/수분감,unchanged
train,736366,쇼핑몰,헤어/바디케어,OO 아** 컬링 에센스 2X 150ml+40ml 1개,촉촉하고 은은한 향이 좋아요. 가격도 저렴하고 배송도 빠르네요. 추천합니다.,보습력/수분감,촉촉하고,1,[속성] 보습력/수분감 [문장] 촉촉하고,,보습력/수분감,unchanged
train,736366,쇼핑몰,헤어/바디케어,OO 아** 컬링 에센스 2X 150ml+40ml 1개,촉촉하고 은은한 향이 좋아요. 가격도 저렴하고 배송도 빠르네요. 추천합니다.,가격,가격도 저렴하고,1,[속성] 가격 [문장] 가격도 저렴하고,,가격,unchanged
train,736594,쇼핑몰,헤어/바디케어,OO 아** 컬링 에센스 2X 150ml+40ml 1개,이 제품 사용한지 정말 오래된 것 같습니다. 향도 오래가고 볼륨도 잘 살려줍니다. 그리고 싸게 잘 샀습니다.,지속력/유지력,향도 오래가고,1,[속성] 지속력/유지력 [문장] 향도 오래가고,,지속력/유지력,unchanged
train,736712,쇼핑몰,헤어/바디케어,OO 알** 헤나  에센스 100ml 1개,마음에 들어요. 가격도 저렴하고 머릿결이 너무 오일리하지 않고 부드럽습니다. 향도 은은하고 좋습니다.,가격,가격도 저렴하고,1,[속성] 가격 [문장] 가격도 저렴하고,,가격,unchanged
train,737148,쇼핑몰,헤어/바디케어,OO 알** 헤나  에센스 100ml 1개,항상 이 제품만 사용하고 있어요. 가격도 저렴하고 끈적거리지 않아서 좋다는 느낌을 항상 받고 있습니다. 다음에도 또 구입하겠습니다.,가격,가격도 저렴하고,1,[속성] 가격 [문장] 가격도 저렴하고,,가격,unchanged
train,737351,쇼핑몰,헤어/바디케어,OO 알** 헤나  에센스 100ml 1개,가격도 저렴하고 5개 한꺼번에 주문하니 좋습니다. 제 머리가 건성인데 너무 좋습니다. 만족합니다.,가격,가격도 저렴하고,1,[속성] 가격 [문장] 가격도 저렴하고,,가격,unchanged
train,737487,쇼핑몰,헤어/바디케어,OO 알** 헤나  에센스 100ml 1개,가격도 저렴하고 몇 번 발랐는데 머릿결이 염색 전의 부드러웠던 상태로 돌아간 것 같아요. 가격도 저렴한데 머릿결 관리 효과도 정말 좋아요. 두개 구입해서 하나는 쓰는 중이라 하나는 다른 방에 두고 쓰고 있어요.,가격,가격도 저렴하고,1,[속성] 가격 [문장] 가격도 저렴하고,,가격,unchanged
train,737627,쇼핑몰,헤어/바디케어,OO 알** 헤나  에센스 100ml 1개,가격도 저렴하고 효과는 정말 좋은 에센스네요. 머리 빗을 때마다 머릿결이 걸리시는 분들에게 추천합니다.,가격,가격도 저렴하고,1,[속성] 가격 [문장] 가격도 저렴하고,,가격,unchanged
train,737632,쇼핑몰,헤어/바디케어,OO 알** 헤나  에센스 100ml 1개,에센스가 가격도 저렴하고 가성비가 좋습니다. 바르고 끈적거림이 없어서 좋고 머리카락에 빨리 흡수가 되는 것 같습니다.,가격,가격도 저렴하고,1,[속성] 가격 [문장] 가격도 저렴하고,,가격,unchanged
train,739737,쇼핑몰,헤어/바디케어,OO 과** 헤어 셋팅 스프레이 300ml 1개,사용하는 상품이라 또 쟁여 두려고 구매했습니다. 다른 거 사용하다가도 이걸로 또 구매하게 됩니다. 가격도 저렴하고 향도 무난해서 사용하기 좋습니다.,가격,가격도 저렴하고,1,[속성] 가격 [문장] 가격도 저렴하고,,가격,unchanged
train,739896,쇼핑몰,헤어/바디케어,OO 과** 헤어 셋팅 스프레이 300ml 1개,항상 쓰는 제품입니다. 가격도 저렴하고 유통기한이 길어서 좋은 것 같습니다.,가격,가격도 저렴하고,1,[속성] 가격 [문장] 가격도 저렴하고,,가격,unchanged
train,741547,쇼핑몰,헤어/바디케어,OO 꽃** 헤어 글레이즈 500ml 1개,머리에 아무것도 안 바르면 너무 날려서 젤이나 스프레이를 바르고 있어요. 그런데 젤이나 스프레이는 너무 뻣뻣하더라고요. 그래서 헤어 글레이즈를 구매했어요. 세팅력도 적당하고 나중에 손으로 만져주면 컬이 자연스럽게 살아나요. 가격도 저렴하고 용량도 넉넉해서 한 번 사면 몇 달씩 쓸 수 있어서 마음에 듭니다.,가격,가격도 저렴하고,1,[속성] 가격 [문장] 가격도 저렴하고,,가격,unchanged
train,741880,쇼핑몰,헤어/바디케어,OO 에** 스프레이 500ml 1개,"가격도 저렴하고 검색하다 구매했는데, 머릿결도 많이 상하지 않는 것 같습니다.",가격,가격도 저렴하고,1,[속성] 가격 [문장] 가격도 저렴하고,,가격,unchanged
train,741910,쇼핑몰,헤어/바디케어,OO 에** 스프레이 500ml 1개,스프레이 어떤 제품이 좋은지 미용실에서 물어봐서 사게 된 스프레입니다. 가격도 저렴하고 머리 감을 때도 뻑뻑하지 않게 잘 감겨서 이 제품만 사용하고 있네요.,가격,가격도 저렴하고,1,[속성] 가격 [문장] 가격도 저렴하고,,가격,unchanged
train,742373,쇼핑몰,헤어/바디케어,OO 에** 스프레이 500ml 1개,앞머리용으로 쓰려고 구매했네요. 지속력이 좋기를 기대합니다. 가격도 저렴하고 빠른 배송 감사하네요.,가격,가격도 저렴하고,1,[속성] 가격 [문장] 가격도 저렴하고,,가격,unchanged
train,744738,쇼핑몰,헤어/바디케어,OO 미** 슈퍼스트롱 스프레이 200ml 1개,남편이 한번 써보다니 좋다고 합니다. 가격도 저렴하고 향이 적당해서 마음에 듭니다. 지속력도 좋고 고정력도 좋다고 합니다.,가격,가격도 저렴하고,1,[속성] 가격 [문장] 가격도 저렴하고,,가격,unchanged
train,745221,쇼핑몰,헤어/바디케어,OO 맨** 왁스 80g 2개,어머니가 매일 사용하시는 제품입니다. 머리 볼륨감이 살아나고 지속력도 길고 향도 좋아서 사용하시네요. 이거 하나 사면 오래 쓰십니다. 잘 사용할게요. 가격도 저렴하고 배송도 빠르고 마음에 듭니다.,가격,가격도 저렴하고,1,[속성] 가격 [문장] 가격도 저렴하고,,가격,unchanged
train,746179,쇼핑몰,헤어/바디케어,OO 프** 스프레이 500ml 1개,세정력이 너무 마음에 듭니다. 향도 좋고. 고정력은 약한 편이에요. 하지만 순하고 피부에 자극이 덜한 게 느껴집니다. 좋아요.,자극성,순하고,1,[속성] 자극성 [문장] 순하고,,자극성,unchanged
train,747503,쇼핑몰,헤어/바디케어,OO 아** 스프레이 300ml 1개,괜히 산 거 같아요. 고정은 안되고 딱딱해지고 뭉치고 광택도 심해요. 차라리 드라이하는 게 부드럽고 훨씬 낫겠어요. 돈 아까워요.,품질,돈 아까워요.,-1,[속성] 품질 [문장] 돈 아까워요.,,품질,unchanged
train,748534,쇼핑몰,헤어/바디케어,OO 뮤** 픽싱 미스트 250ml 1개,매번 사용하는 제품이고 이번에 다 떨어져서 재구매 하였습니다. 오래도록 쓸려고 많이 구입하였습니다. 스프레이 많이 사용해 봤습니다. 이 제품이 가격도 저렴하고 고정력도 아주 좋은거 같습니다. 앞으로도 이 제품만 사용할 것 같습니다.,가격,가격도 저렴하고,1,[속성] 가격 [문장] 가격도 저렴하고,,가격,unchanged
train,750119,쇼핑몰,헤어/바디케어,OO 맨** 클레이 75ml 1개,발림성 좋고 만족스럽습니다. 향도 괜찮고 흠잡을 데가 딱히 없는 좋은 제품이에요. 사용한 지 오래 됐는데 앞으로도 계속 판매되면 좋겠습니다. 제형이 적당히 단단하여 사용이 편리해요.,발림성,발림성 좋고,1,[속성] 발림성 [문장] 발림성 좋고,,발림성,unchanged
train,750161,쇼핑몰,헤어/바디케어,OO 맨** 클레이 75ml 1개,왁스는 오래전부터 이 제품만 쓰고 있어요. 일단 발림성이 좋고 너무 딱딱하지 않게 자연스러운 스타일링이 되는 제품이에요. 가격은 비싸지만 제품은 만족해요. 추천합니다.,발림성,발림성이 좋고,1,[속성] 발림성 [문장] 발림성이 좋고,,발림성,unchanged
train,750223,쇼핑몰,헤어/바디케어,OO 맨** 클레이 75ml 1개,여러 번 재구매하는 제품입니다. 발림성 좋고 머리카락이 돌처럼 딱딱하게 뭉치지 않고 자연스럽게 스타일링 되는 제품입니다. 유일한 단점은 비싼 가격입니다. 그래도 여기는 할인을 받아 비교적 저렴해서 주로 구매하고 있습니다. 남성용 왁스 찾는 분들은 구입해보세요.,발림성,발림성 좋고,1,[속성] 발림성 [문장] 발림성 좋고,,발림성,unchanged
train,750255,쇼핑몰,헤어/바디케어,OO 맨** 클레이 75ml 1개,머리 숱 많은 신랑이 꾸준히 쓰는 제품이에요. 부드럽게 잘 발리고 향도 세지 않아서 좋습니다. 고정력도 좋아요. 머리카락도 딱딱해 지지 않아요. 스타일링 하기도 쉽고 중간에 스타일 바꾸기도 좋으면서 고정력 있으니 아주 좋습니다.,발림성,부드럽게 잘 발리고,1,[속성] 발림성 [문장] 부드럽게 잘 발리고,,발림성,unchanged
train,750256,쇼핑몰,헤어/바디케어,OO 맨** 클레이 75ml 1개,즐겨 사용하는 제품이에요. 순하고 고정력도 좋습니다. 좀 질리는 것 같아서 다른 거 써 보려다가도 다시 돌아오게 됩니다. OO 제품은 다른 것도 다 좋은 것 같아요.,자극성,순하고,1,[속성] 자극성 [문장] 순하고,,자극성,unchanged
train,750275,쇼핑몰,헤어/바디케어,OO 맨** 클레이 75ml 1개,고정력은 좀 약한 편이네요. OOO가 다른 제품에 비해 세팅력이 좋을 거라 기대하고 구매했어요. 성분이 순하고 자연스럽게 세팅되고 정돈은 잘 되는데 고정력은 생각보다 좋지 않네요. 세팅력은 좋아서 가볍게 쓰기에는 좋을 거 같습니다.,성분,성분이 순하고,1,[속성] 성분 [문장] 성분이 순하고,,성분,unchanged
train,750329,쇼핑몰,헤어/바디케어,OO 맨** 클레이 75ml 1개,신랑이 항상 쓰는 제품입니다. 부드럽게 잘 발리고 딱딱하게 고정되지 않아서 오히려 좋다네요. 샴푸로 쉽게 씻어지는 것도 좋답니다.,발림성,부드럽게 잘 발리고,1,[속성] 발림성 [문장] 부드럽게 잘 발리고,,발림성,unchanged
train,750412,쇼핑몰,헤어/바디케어,OO 맨** 클레이 75ml 1개,사용해 보니 순하고 머리 감을 때 잘 지워져요. 대신 지속력이 강력하진 않습니다. 아들에게도 발라 줘요.,자극성,순하고,1,[속성] 자극성 [문장] 순하고,,자극성,unchanged
train,750753,쇼핑몰,헤어/바디케어,OO 미** 거품염색 1개,암모니아 향이 나고 수건이 시커매집니다. 이 점 말고는 좋은 듯해요. 단점 보완하면 최고일 것 같아요. 좋은 가격에 잘 구매했어요.,가격,좋은 가격에 잘 구매했어요.,1,[속성] 가격 [문장] 좋은 가격에 잘 구매했어요.,,가격,unchanged
train,751021,쇼핑몰,헤어/바디케어,OO 미** 거품염색 1개,벌써 2번째 주문인데 잘 쓰고 있습니다. 가격도 저렴하고 배송도 업체에서 빨리 해주시는 것 같아 감사드립니다. 효과를 기대하며 지속적으로 이용하겠습니다.,가격,가격도 저렴하고,1,[속성] 가격 [문장] 가격도 저렴하고,,가격,unchanged
train,751530,쇼핑몰,헤어/바디케어,OO 미** 거품염색 1개,미용실에서 하는 것보다 별로네요. 돈 아까워요. 물 빠짐도 있는 거 같습니다. 가격대비 용량도 적네요. 추천하지 않습니다.,품질,돈 아까워요.,-1,[속성] 품질 [문장] 돈 아까워요.,,품질,unchanged
train,264573,쇼핑몰,헤어/바디케어,OO 댄** 샴푸 820ml 3입 모음 +증정,가격도 저렴하고 용량도 많고 거품도 적은양으로도 많이나오고 향도 좋아 계속 쓰고싶네요,가격,가격도 저렴하고,1,[속성] 가격 [문장] 가격도 저렴하고,,가격,unchanged
train,265748,쇼핑몰,헤어/바디케어,OO 퍼** 샴푸 오리지널 680ml x3,순하고 머릿결을 부드럽게 해줘서 넘 맘에 들어요 쿠폰까지 사용해 저렴하게 구입했습니다 ~~^^,자극성,순하고,1,[속성] 자극성 [문장] 순하고,,자극성,unchanged
train,755139,쇼핑몰,헤어/바디케어,OO 내** 허브 헤어칼라 1개,이 제품 쓰면 두피가 가렵습니다. 그래서 재구매는 안 할 것 같습니다. 가격도 비싸고 배송도 느리네요.,가격,가격도 비싸고,-1,[속성] 가격 [문장] 가격도 비싸고,,가격,unchanged
train,755472,쇼핑몰,헤어/바디케어,OO 려** 새치염색 120g 1개,"전에 오프매장에서 구매해서 사용했는데 이번엔 온라인으로 구매해 봤습니다. 가격도 저렴하고 배송까지 해주니 좋습니다. 두 달에 한 번씩 염색하는데 유통기한 길어서 3통 주문했습니다. 2번 사용하는 건 줄 알았는데, 사은행사로 3번 사용할 수 있는 구성으로 와서 저렴하게 득템했습니다. 당분간은 걱정없이 사용할 것 같습니다.",가격,가격도 저렴하고,1,[속성] 가격 [문장] 가격도 저렴하고,,가격,unchanged
train,755473,쇼핑몰,헤어/바디케어,OO 려** 새치염색 120g 1개,"가격도 저렴하고 배송도 비교적 빠르게 잘 받았습니다. 처음 하는 염색이라 밝은색으로 염색해도 그리 밝게 되지 않는다고 해서 걱정했는데, 발색이 밝고 이쁘네요. 한 상자에 1제, 2제 두 개씩 들어 있는데, 단발머리 중간 숱은 양이 많아서 두 번 가능할 것 같습니다.",가격,가격도 저렴하고,1,[속성] 가격 [문장] 가격도 저렴하고,,가격,unchanged
train,755490,쇼핑몰,헤어/바디케어,OO 려** 새치염색 120g 1개,새치 커버 하려고 구매했습니다. 타 제품과 비교했을 때 가격이 비싸고 냄새도 심하게 납니다. 새치도 잘 가려지지 않습니다. 물빠짐도 심해서 사용하기 불편하네요. 재구매 의사 없습니다.,편의성/활용성,사용하기 불편하네요.,-1,[속성] 편의성/활용성 [문장] 사용하기 불편하네요.,,편의성/활용성,unchanged
train,755536,쇼핑몰,헤어/바디케어,OO 려** 새치염색 120g 1개,사용하면 두피 다 일어나고 일주일은 아프고 힘들었네요. 어머니도 피부가 약해서 사용해 보시고 자극적이라고 힘들어 하시네요. 두피가 따갑고 염색도 잘 안된다고 하시네요. 가격도 비싸고 완전 비추입니다. 재구매 의사 절대 없어요.,가격,가격도 비싸고,-1,[속성] 가격 [문장] 가격도 비싸고,,가격,unchanged
train,755614,쇼핑몰,헤어/바디케어,OO 려** 새치염색 120g 1개,홈쇼핑에서 쓰던 염색약이 떨어져서 검색하던 중 리뷰가 좋아 보여서 구매했는데 낚인 것 같습니다. 전체적인 색깔이 톤 다운이 된다고 해서 버건디 색상으로 구매했습니다. 막상 받아보니 염색제 색상이 마음에 들지 않고 발색도 어두워서 별로인 것 같습니다. 가격도 비싸고 새치 커버도 잘 안 되어서 아쉽네요. 시간은 30분 이라고 써 있는데 제가 생각했을 때는 1시간 정도 걸리는 것 같습니다.,가격,가격도 비싸고,-1,[속성] 가격 [문장] 가격도 비싸고,,가격,unchanged
train,755699,쇼핑몰,헤어/바디케어,OO 려** 새치염색 120g 1개,처음 사용하는 제품인데 가격도 비싸고 배송도 느린 것 같습니다. 생각보다 사용하기도 불편한 것 같아서 추천하지 않는 제품입니다.,가격,가격도 비싸고,-1,[속성] 가격 [문장] 가격도 비싸고,,가격,unchanged
train,756321,쇼핑몰,헤어/바디케어,OO 려** 새치염색 120g 1개,평소 새치 때문에 염색을 매 달 하고 있었습니다. 타 제품 쓰다가 이 제품 썼는데 좋지 않습니다. 가격도 비싸고 사은품도 하나도 없어서 실망했습니다.,가격,가격도 비싸고,-1,[속성] 가격 [문장] 가격도 비싸고,,가격,unchanged
train,756877,쇼핑몰,헤어/바디케어,OO 허**  컬러크림 1개,"약국에서 구입한 다른 염색약으로 머리를 염색하면 머리밑이 가렵고 단단한 게 만져지고 부스럼 같은 딱지가 많이 생겨서 염색을 포기해야겠다고 생각하고 있었는데, 친구가 순하다고 권하기에 반신반의 구매했습니다. 그런데 사용해보니 트러블도 없고 가렵지 않아서 좋았습니다. 가격도 저렴하고 만족합니다.",가격,가격도 저렴하고,1,[속성] 가격 [문장] 가격도 저렴하고,,가격,unchanged
train,757001,쇼핑몰,헤어/바디케어,OO 허**  컬러크림 1개,두피가 민감한데 상품평이 좋아서 구매했어요. 가격도 저렴하고 구성품으로 염색보를 주셔서 잘 사용했어요. 그런데 염색이 잘 안되고 물 빠짐이 심하네요. 자극도 있어요.,가격,가격도 저렴하고,1,[속성] 가격 [문장] 가격도 저렴하고,,가격,unchanged
train,757781,쇼핑몰,헤어/바디케어,OO 엑** 듀오 크림 4개,좋은 가격에 잘 구매했어요. 항상 OOO만 쓰고 있어요. 품질이 나쁘지 않습니다. 저렴한 제품에 비해서 발색 좋고 머릿결도 괜찮은 거 같아요.,가격,좋은 가격에 잘 구매했어요.,1,[속성] 가격 [문장] 좋은 가격에 잘 구매했어요.,,가격,unchanged
train,757797,쇼핑몰,헤어/바디케어,OO 엑** 듀오 크림 4개,상품 품질이 좋아요. 마음에 듭니다. 향도 순하고 부드럽게 잘 발리고 자연스럽게 염색이 잘 됐어요. 내용물로 보내준 샴푸와 헤어팩으로 마무리 했더니 기분이 아주 좋아요.,발림성,부드럽게 잘 발리고,1,[속성] 발림성 [문장] 부드럽게 잘 발리고,,발림성,unchanged
train,757876,쇼핑몰,헤어/바디케어,OO 엑** 듀오 크림 4개,상품 품질이 좋아요. 마음에 듭니다. 늘 구매하는 제품인데요. 발림성이 좋고 머리결도 염색한 후에도 부드러워 늘 구매하여 사용하는 제품이에요.,발림성,발림성이 좋고,1,[속성] 발림성 [문장] 발림성이 좋고,,발림성,unchanged
train,758136,쇼핑몰,헤어/바디케어,OO 엑** 듀오 크림 4개,사용하고 있던 제품이랑 박스 사진이 다른데 색상이 같아 주문했습니다. 자극적이지 않고 염색제 색상이 좋습니다. 무엇보다 필요한 모든것이 다 들어 있어 사용하기 편합니다.,자극성,자극적이지 않고,1,[속성] 자극성 [문장] 자극적이지 않고,,자극성,unchanged
train,758814,쇼핑몰,헤어/바디케어,OO 프리미엄 물염색 3개,처음 사용해 봤는데 사용하기 불편하네요. 염색약 냄새는 나쁘지 않은데 염색 후에 머릿결이 푸석해요. 긴 머리라서 그런지 한 포로는 용량이 부족했어요. 써보고 좋으면 남편과 같이 쓰려고 했는데 아쉬워요.,편의성/활용성,사용하기 불편하네요.,-1,[속성] 편의성/활용성 [문장] 사용하기 불편하네요.,,편의성/활용성,unchanged
train,759700,쇼핑몰,헤어/바디케어,OO 골** 헤어컬러 120g 1개,검정색으로 염색이 잘 안 됩니다. 양도 적고 가격도 비싸고 독한 냄새도 납니다.,가격,가격도 비싸고,-1,[속성] 가격 [문장] 가격도 비싸고,,가격,unchanged
train,759701,쇼핑몰,헤어/바디케어,OO 골** 헤어컬러 120g 1개,새치커버는 무난하게 잘 되는데 너무 어둡게 발색되어서 별로예요. 가격도 비싸고 두피도 따가워요.,가격,가격도 비싸고,-1,[속성] 가격 [문장] 가격도 비싸고,,가격,unchanged
train,759751,쇼핑몰,헤어/바디케어,OO 골** 헤어컬러 120g 1개,배송도 빠르고 가격도 저렴하고 색감도 나쁘지 않게 나옵니다. 산화제를 잘 써야 할 것 같습니다.,가격,가격도 저렴하고,1,[속성] 가격 [문장] 가격도 저렴하고,,가격,unchanged
train,759756,쇼핑몰,헤어/바디케어,OO 골** 헤어컬러 120g 1개,배송도 빠르고 가격도 저렴하고 색감은 양 조절을 잘해서 넣어야겠습니다. 많이 넣으면 색감이 어둡게 발색 됩니다.,가격,가격도 저렴하고,1,[속성] 가격 [문장] 가격도 저렴하고,,가격,unchanged
train,759775,쇼핑몰,헤어/바디케어,OO 골** 헤어컬러 120g 1개,용량도 작고 가격도 비싸고 너무 실망스럽습니다. 다음엔 다른 거 써야겠습니다.,가격,가격도 비싸고,-1,[속성] 가격 [문장] 가격도 비싸고,,가격,unchanged
train,759843,쇼핑몰,헤어/바디케어,OO 골** 헤어컬러 120g 1개,어두운 갈색으로 했는데 안 좋은 것 같습니다. 가격도 비싸고 용량도 적으면서 커버도 잘 안 되는 것 같습니다.,가격,가격도 비싸고,-1,[속성] 가격 [문장] 가격도 비싸고,,가격,unchanged
train,760679,쇼핑몰,헤어/바디케어,OO 허** 헤어컬러 크림 1개,가격도 비싸고 배송도 느리고 제일 나쁜 건 피부 트러블이 생긴다는 거네요.,가격,가격도 비싸고,-1,[속성] 가격 [문장] 가격도 비싸고,,가격,unchanged
train,760753,쇼핑몰,헤어/바디케어,OO 허** 헤어컬러 크림 1개,일반 염색약으로 하면 머리 가려워서 옻 안타는 염색약 이용 중인데 OOO가 가격도 저렴하고 양도 많아서 여러 개 구매했어요. 그런데 향이 약간 나는데 제 취향이 아니라서 별로예요. 염색할 때 간편하지 않고 시간도 오래 걸리네요. 1호는 너무 까매보여서 2호를 구매했더니 색 변화는 있지만 진하게 발색되지 않아서 아쉬워요. 재구매는 안 할 거 같습니다.,가격,가격도 저렴하고,1,[속성] 가격 [문장] 가격도 저렴하고,,가격,unchanged
train,760955,쇼핑몰,헤어/바디케어,OO 헤나 파우더 100g 1개,오렌지로 염색하고 다크브라운으로 염색하니 이쁘게 잘 나오네요. 가격도 저렴하고 빠른 배송도 감사해요. 다 쓰면 재구매 하겠습니다.,가격,가격도 저렴하고,1,[속성] 가격 [문장] 가격도 저렴하고,,가격,unchanged
train,761189,쇼핑몰,헤어/바디케어,OO 헤나 파우더 100g 1개,가격도 비싸고 염색도 잘 되지 않고 냄새도 심하고 가성비 별로인 제품입니다. 심지어 배송까지 늦어서 정말 실망스럽습니다.,가격,가격도 비싸고,-1,[속성] 가격 [문장] 가격도 비싸고,,가격,unchanged
train,761858,쇼핑몰,헤어/바디케어,OO 헤나 파우더 100g 1개,사용해보니 자연스러운 발색과 모발이 부드러워 좋습니다. 3개 구매했는데 좋아서 재구매로 10개 주문했습니다. 가격도 저렴하고 품질도 좋습니다.,가격,가격도 저렴하고,1,[속성] 가격 [문장] 가격도 저렴하고,,가격,unchanged
train,761869,쇼핑몰,헤어/바디케어,OO 헤나 파우더 100g 1개,꾸준히 사용해 오고 있는 제품입니다. 염색도 잘 되고 천연 성분 염색제라 그런지 피부 자극도 없어서 좋아요. 배송도 빠르고 가격도 착해서 좋습니다. 양이 많아서 한 봉투를 두 번에 나눠 쓰니 양이 적당합니다.,가격,가격도 착해서 좋습니다.,1,[속성] 가격 [문장] 가격도 착해서 좋습니다.,,가격,unchanged
train,762151,쇼핑몰,헤어/바디케어,OO 컨** 헤어컬러 1개,"5개씩 사 놓고 염색할 때 되면 사용하고 있습니다. 오래 사용했는데, 발색이 이쁘다는 소릴 많이 듣습니다. 가격도 저렴하고 아주 만족스런 제품입니다.",가격,가격도 저렴하고,1,[속성] 가격 [문장] 가격도 저렴하고,,가격,unchanged
train,763038,쇼핑몰,헤어/바디케어,OO 리** 염색약 20개,좋은 가격에 잘 구매했어요. 빠른 배송도 마음에 들어요. 하지만 샴푸형이라 바를 때 주위에 튀지 않도록 조심해야 할 것 같습니다.,가격,좋은 가격에 잘 구매했어요.,1,[속성] 가격 [문장] 좋은 가격에 잘 구매했어요.,,가격,unchanged
train,763465,쇼핑몰,헤어/바디케어,OO 로** 앱솔루트 50g 1개,가격도 비싸고 같이 오는 사은품도 좋지 않아서 가격 대비 품질이 좋지 않은 것 같습니다. 사은품이 다 부질 없어서 마음에 들지 않습니다. 추천하지 않아요.,가격,가격도 비싸고,-1,[속성] 가격 [문장] 가격도 비싸고,,가격,unchanged
train,765082,쇼핑몰,헤어/바디케어,OO 엘**  컬러 염색 2개,새치가 수시로 자라나니 매번 미용실 가서 염색하기엔 지출이 심해서 염색제를 구매하게 되었네요. 발림성이 좋고 향도 좋고 사은품으로 보내주신 트리트먼트도 정말 좋아요.,발림성,발림성이 좋고,1,[속성] 발림성 [문장] 발림성이 좋고,,발림성,unchanged
train,765286,쇼핑몰,헤어/바디케어,OO 트리트먼트 컬러 크림 1개,가격도 비싸고 배송도 느린 쇼핑몰이네요. 피부가 민감한 편인데 OO 사용해 보니 자극이 좀 느껴집니다.,가격,가격도 비싸고,-1,[속성] 가격 [문장] 가격도 비싸고,,가격,unchanged
train,765689,쇼핑몰,헤어/바디케어,OO 트리트먼트 컬러 크림 1개,사용해 보니 독하고 염색도 잘 안 됩니다. 가격도 비싸고 머리도 상하는 거 같습니다.,가격,가격도 비싸고,-1,[속성] 가격 [문장] 가격도 비싸고,,가격,unchanged
train,766390,쇼핑몰,헤어/바디케어,OO 미** 샤이닝 에센스 헤어컬러 10개,처음 구입한 제품이네요. 냄새가 너무 심하고 가격도 비싸고 머릿결이 많이 상해서 아쉽습니다.,가격,가격도 비싸고,-1,[속성] 가격 [문장] 가격도 비싸고,,가격,unchanged
train,768351,쇼핑몰,헤어/바디케어,OO 시** 스트레이트 1개,매직약 저렴한것도 써봤지만 쓸만한 브랜드에 가격도 저렴하고 일단 머리가 많이 상하지 않고 매직이 잘되는 약이에요. 두번째 사용하는데 역시 ㅇㅇㅇ가 좋네요. 풀리면 다시 하려구요.,가격,가격도 저렴하고,1,[속성] 가격 [문장] 가격도 저렴하고,,가격,unchanged
train,267465,쇼핑몰,헤어/바디케어,OO 트리트먼트 ,염색 퍼머로 머리끝이 많이상해서 부스스하고 끝이 엉킴이 심했는데 가격은 비싸지만 촉촉하고 부드러워 넘좋아요,보습력/수분감,촉촉하고,1,[속성] 보습력/수분감 [문장] 촉촉하고,,보습력/수분감,unchanged
train,268352,쇼핑몰,헤어/바디케어,OO 댄** 샴푸 820ml 3입 모음 +증정,"ㅇㅇㅇ 제품은 믿고 사용 할 수 있어서 좋네요. 비듬 샴푸는 기능성이라 보통 타사제품을 많이 사용하는데,이번에 사용해보고 국내 제품으로 바꿔 볼 생각입니다. 가격도 저렴하고 사은품도 엄청 나네요. 이러면 구태여 마트까지가서 무겁게 장을 안보아도 될 듯 합니다.할인 행사 할때 더 구매해 두어야겠어요. 강추드립니다~~~~ 대박나세요 사장님~★★★★★",가격,가격도 저렴하고,1,[속성] 가격 [문장] 가격도 저렴하고,,가격,unchanged
train,769936,쇼핑몰,헤어/바디케어,OO 라** 다운펌 100ml 1개,배송도 느린 것 같습니다. 가격도 비싸고 제품을 받자마자 사용했는데 별로 효과가 없어서 아쉽네요.,가격,가격도 비싸고,-1,[속성] 가격 [문장] 가격도 비싸고,,가격,unchanged
train,772634,쇼핑몰,헤어/바디케어,OO 리** 원스텝스트레이트 120g 1개,빠른 배송 기대도 안 했는데 하루만에 받았어요. 가격도 저렴하고 냄새도 거의 없어서 좋아요. 혼자서도 쉽고 편하게 할 수 있어 좋습니다.,가격,가격도 저렴하고,1,[속성] 가격 [문장] 가격도 저렴하고,,가격,unchanged
train,774075,쇼핑몰,헤어/바디케어,OO 프**  블랙 샴푸 300g 1개,처음에 엄마 사드렸는데 좋다고 하셔서 저도 쓰려고 구매했습니다. 촉촉하고 제품이 순하네요. 새치 커버 효과도 좋은 거 같습니다.,보습력/수분감,촉촉하고,1,[속성] 보습력/수분감 [문장] 촉촉하고,,보습력/수분감,unchanged
train,776174,쇼핑몰,헤어/바디케어,OO 더** 트리트먼트 210ml 1개,안 좋아요. 트리트먼트 진짜 여러개 있고 써봤는데 가격도 비싸고 두피에 자극이 있어 사용하기 부담스럽습니다. 다시 구매는 안합니다.,가격,가격도 비싸고,-1,[속성] 가격 [문장] 가격도 비싸고,,가격,unchanged
train,776419,쇼핑몰,헤어/바디케어,OO 아** 샴푸 지성두피용 500g 1개,탈모가 있어 세정력이 좋은 제품을 찾고 있었습니다. 이 샴푸가 그래도 그나마 가장 나은 거 같아서 샀습니다. 데일리로 사용하기 좋고 향도 나쁘지 않습니다.,편의성/활용성,데일리로 사용하기 좋고,1,[속성] 편의성/활용성 [문장] 데일리로 사용하기 좋고,,편의성/활용성,unchanged
train,776997,쇼핑몰,헤어/바디케어,OO 아** 샴푸 지성두피용 500g 1개,"지성 모발인 저에게 없어서는 안되는 적합한 샴푸입니다. 가격이 비싸긴 하지만, 효과가 좋기에 망설임 없이 바로 구매했습니다. 미용실에서만 구매하다 온라인에서 처음 구매하는데, 가격도 저렴하고 배송도 빨라서 좋습니다. 앞으로도 꾸준히 사용하겠습니다.",가격,가격도 저렴하고,1,[속성] 가격 [문장] 가격도 저렴하고,,가격,unchanged
train,778774,쇼핑몰,헤어/바디케어,OO 일** 맥주효모 샴푸 500ml 1개,여러 샴푸 써봤지만 만족도가 높은 제품입니다. 향기도 좋고 거품량도 많아서 좋아요. 특히 기름기를 잘 제거하고 가렵지 않아요.,자극성,가렵지 않아요.,1,[속성] 자극성 [문장] 가렵지 않아요.,,자극성,unchanged
train,778950,쇼핑몰,헤어/바디케어,OO 리** 새치커버 샴푸 자연갈색 450ml 1개,자극적이지 않고 향도 진하지 않고 좋네요. 일반샴푸처럼 발림이 부드럽진 않지만 물을 조금 섞으면 부드러워집니다. 2주정도 사용했는데 새치가 조금씩 어두워지는 것 같네요. 3주지나면 새치의 흰색이 보이지 않길 기대합니다.,자극성,자극적이지 않고,1,[속성] 자극성 [문장] 자극적이지 않고,,자극성,unchanged
train,779002,쇼핑몰,헤어/바디케어,OO 리** 새치커버 샴푸 자연갈색 450ml 1개,지인이 추천해서 구매했습니다. 가격도 비싸고 아직까지는 효과가 있는지 잘 모르겠습니다. 향도 제 취향은 아니라 별로입니다.,가격,가격도 비싸고,-1,[속성] 가격 [문장] 가격도 비싸고,,가격,unchanged
train,779307,쇼핑몰,헤어/바디케어,OO 블랙 샴푸 500ml 1개,일주일 써 봐서는 모르겠고 꾸준히 써 보려고 합니다. ㅇㅇ 는 2통 써야 광고에 2주차라는 색상에 조금 못 미치게 나와 효과가 매우 미미해서 바꿨어요. 가격도 저렴하고 꾸준히 사용해서 효과 있기를 기대하고 있어요.,가격,가격도 저렴하고,1,[속성] 가격 [문장] 가격도 저렴하고,,가격,unchanged
train,779359,쇼핑몰,헤어/바디케어,OO 블랙 샴푸 500ml 1개,뿌리 염색하러 가기 귀찮은데 블랙샴푸 지인 소개받고 구매해 봤어요. 색감도 예쁘고 사용방법도 간편해서 좋습니다. 거품도 풍성하게 잘나서 샴푸하는 맛도 나네요. 역시 추천할 만한 이유가 있었네요.,발색력,색감도 예쁘고,1,[속성] 발색력 [문장] 색감도 예쁘고,,발색력,unchanged
train,779360,쇼핑몰,헤어/바디케어,OO 블랙 샴푸 500ml 1개,나이 조금씩 드니까 새치가 한두개씩 보여서 너무 스트레스 받는데 머리 감을때 1분 방치하고 염색할수 있어서 너무 편합니다. 간단하게 염색되서 새치 올라오는 사람들에게 정말 꿀템입니다. 세정력도 좋고 순하고 만족합니다.,자극성,순하고,1,[속성] 자극성 [문장] 순하고,,자극성,unchanged
train,779572,쇼핑몰,헤어/바디케어,OO 블랙 샴푸 500ml 1개,용량도 크고 가성비 좋은 샴푸네요. 거품도 많고 머리 잘 씻겨 순하고 향도 만족합니다. 잘 쓸겠습니다. 브러시도 잘 사용하고 있습니다.,자극성,순하고,1,[속성] 자극성 [문장] 순하고,,자극성,unchanged
train,779611,쇼핑몰,헤어/바디케어,OO 블랙 샴푸 500ml 1개,아빠가 새치가 많아져서 사용해 보시라고 구매해 드렸어요. 두피가 좀 가렵고 염색약 보다 염색력도 떨어진다고 하네요. 가격도 비싸고 새치염색 효과도 없어요.,가격,가격도 비싸고,-1,[속성] 가격 [문장] 가격도 비싸고,,가격,unchanged
train,779615,쇼핑몰,헤어/바디케어,OO 블랙 샴푸 500ml 1개,염색샴푸가 순하고 염색도 잘 되네요. 머릿결도 좋아져서 마음에 들어요. 탈모에 좋은지는 아직 모르겠어요.,자극성,순하고,1,[속성] 자극성 [문장] 순하고,,자극성,unchanged
train,779767,쇼핑몰,헤어/바디케어,OO 블랙 샴푸 500ml 1개,일반 샴푸도 이 브랜드 쓰고 있습니다. 순하고 향도 좋고 머릿결도 건강해지는 기분입니다. 흰머리 많은 우리 남편 위해 샀습니다. 남편은 아직 사용 전이지만 또 구매했습니다. 가격만 더 저렴해지면 좋을 것 같습니다. 앞으로도 계속 사야 하는데 말이죠.,자극성,순하고,1,[속성] 자극성 [문장] 순하고,,자극성,unchanged
train,779891,쇼핑몰,헤어/바디케어,OO 블랙 샴푸 500ml 1개,"거품 엄청 잘 납니다. 샴푸만으로 염색도 되고 탈모 완화도 되니 신기합니다. 샴푸액 색상이 블랙이지만, 손에 이염되거나 하지는 않습니다. 순하고 자극적이지 않으면서 세정력이 좋아서 마음에 듭니다.",자극성,순하고,1,[속성] 자극성 [문장] 순하고,,자극성,unchanged
train,779912,쇼핑몰,헤어/바디케어,OO 블랙 샴푸 500ml 1개,요즘 이런 비슷한 제품들이 홈쇼핑에서 많이 나오던데 너무 대량 구매라 선뜻 못 사겠습니다. 그때 여기서 염색 샴푸가 나왔길래 부담 없이 1병 주문했는데 브러시도 너무 시원하고 머릿결도 많이 뻑뻑하지 않아서 데일리로 쓰기 좋습니다. 진짜 하루하루 색이 조금씩 변하는 게 보입니다.,편의성/활용성,데일리로 쓰기 좋습니다.,1,[속성] 편의성/활용성 [문장] 데일리로 쓰기 좋습니다.,,편의성/활용성,unchanged
train,779941,쇼핑몰,헤어/바디케어,OO 블랙 샴푸 500ml 1개,염색약 알러지가 있는 분이라면 말 안해도 아실텐데염색만 하면 간지럽고 두피가 빨개지고 조금 심해서 염색할 생각조차 못합니다. 그래도 하루하루 늘어나는 흰머리 때문에 자존감도 떨어지고 거울보면 머리카락 부터 확인하는 습관이 생겼어요. 이렇게 놔두면 안되겠다 싶어서 저자극 염색약을 찾아봤고 저자극 염색약으로 해도 어쩔 수 없는 체질은 못 속이나봅니다. 똑같아서 알아보다가 최근에 ㅇㅇ제품이 눈에 들어와서 구매해서 사용해봤어요.자극은 없어서 일주일간 사용해봤지만 늘어낫던 흰머리는 제 기대만큼 없어지지 않았습니다. 조금이라도 효과가 있었다면 아직도 ㅇㅇ샴푸를 계속 쓰고 이 샴푸는 몰랐을텐데 효과가 없어서 버리기는 아깝고 가족이 쓰고 있습니다. 그리고 알아보던 중에 ㅇㅇㅇ 제품이 눈에 들어와서 구매 했고 배송 받자마자 우선 자극적인지 테스트부터 해봤는데 자극적이지 않고 간지럽지도 않고 붉어지는 것도 없어서 안심하고 사용해봤네요. 저는 앞으로 이제품만 쓸 것 같습니다.,자극성,자극적이지 않고,1,[속성] 자극성 [문장] 자극적이지 않고,,자극성,unchanged
train,779956,쇼핑몰,헤어/바디케어,OO 블랙 샴푸 500ml 1개,매번 염색하기는 너무 귀찮고 그냥 두면 새치 머리 신경 쓰여서 고민이 많았는데 이번에 탈모 라인으로 최고라고 하는 브랜드에서 나온 샴푸를 믿고 구입해 보았습니다. 반신반의 했는데 걱정이 무색할 정도로 너무 좋습니다. 일단 성분이 좋아서 순하고 염색할 때 두피 가려움도 없고 아침에 샴푸만 하면 새치가 커버 되니까 사용하기 편리합니다. 계속 쓸 예정입니다.,자극성,순하고,1,[속성] 자극성 [문장] 순하고,,자극성,unchanged
train,779958,쇼핑몰,헤어/바디케어,OO 블랙 샴푸 500ml 1개,"두피보호, 머릿결관리, 새치염색까지 한번에 케어할 수 있어서 좋습니다. 샴푸라고 생각하면 가격대가 있지만, 매번 두피케어나 새치염색하러 가는 비용 생각하면 훨씬 저렴합니다. 순하고 자극이 없어서 만족합니다. 같이 보내주신 두피브러쉬도 좋아요. 샴푸하면 시원하고 좋습니다. 저는 2~3분 있다가 씻어내는데 확실히 새치도 커버되어 눈에 안보이고 좋습니다.",자극성,순하고,1,[속성] 자극성 [문장] 순하고,,자극성,unchanged
train,780231,쇼핑몰,헤어/바디케어,OO 라** 두피강화 샴푸 400ml 1개,"여러 두피강화 샴푸 중에서 탈모방지 효과가 가장 좋습니다. 여러 가지 탈모완화 샴푸를 사용해 봤는데 탈모방지 효과는 OOO 두피강화 샴푸가 가장 좋습니다. 세정력 양호하고 모발 탄력 좋고 자극적이지 않고 탈모, 두피 강화 샴푸로 사용해 본 샴푸 중 가장 좋은 것 같아요. 저렴하게 구입해서 더 좋았습니다.",자극성,자극적이지 않고,1,[속성] 자극성 [문장] 자극적이지 않고,,자극성,unchanged
train,781597,쇼핑몰,헤어/바디케어,OO 홈케어 샴푸 500ml 1개,배송 잘 받았습니다. 가격도 저렴하고 포장도 꼼꼼하게 잘 해주셔서 좋았어요. 두피가 예민한 편인데 이거 쓰니까 두피가 가렵지 않아요. 세정력도 좋아서 잘 산거 같습니다.,가격,가격도 저렴하고,1,[속성] 가격 [문장] 가격도 저렴하고,,가격,unchanged
train,781602,쇼핑몰,헤어/바디케어,OO 홈케어 샴푸 500ml 1개,탈모가 심한 편은 아니지만 나이를 먹어갈수록 두피가 약해져서 미리 관리하려고 샀습니다. 탈모 증상 완화로 검증된 제품이라 탈모 개선에 대한 기대가 큽니다. 순하고 머릿결도 부드럽고 사용감도 만족스러워요. 향도 나쁘지 않습니다. 다만 가격이 더 저렴했으면 좋겠어요.,자극성,순하고,1,[속성] 자극성 [문장] 순하고,,자극성,unchanged
train,781612,쇼핑몰,헤어/바디케어,OO 홈케어 샴푸 500ml 1개,머리카락이 많이 빠져서 고민하다가 지인이 추천해 준 OOO 샴푸로 바꿔봤습니다. 확실히 약산성이라서 좋고 자극적이지 않고 머리카락 빠지는 것도 많이 줄었어요. 대용량이라서 좋고 세정력도 너무 만족하며 사용 중입니다.,자극성,자극적이지 않고,1,[속성] 자극성 [문장] 자극적이지 않고,,자극성,unchanged
train,781630,쇼핑몰,헤어/바디케어,OO 홈케어 샴푸 500ml 1개,"샴푸에 까탈스러운 편입니다. 다른 브랜드 탈모샴푸는 자극적이고 간지러웠는데, 이 샴푸는 순하고 개운하니 좋습니다.",자극성,순하고,1,[속성] 자극성 [문장] 순하고,,자극성,unchanged
train,269776,쇼핑몰,헤어/바디케어,OO 오** 헤어 에센스 최대용량세트 ,조카사용하는거 써보고 좋아서 구입했어요. 가는머리카락인데 부드러워져서 엉키지않고 촉촉하고 매끈하네요. 만족합니다.,보습력/수분감,촉촉하고,1,[속성] 보습력/수분감 [문장] 촉촉하고,,보습력/수분감,unchanged
train,269934,쇼핑몰,헤어/바디케어,OO 오** 헤어 에센스 쿨링마스크  ,"딸 아이와 함께 사용하니, 사용량이 많은데 용량이 좋아요~ 촉촉하고 영양많은느낌은 예전보다 더 좋은것같네요!",보습력/수분감,촉촉하고,1,[속성] 보습력/수분감 [문장] 촉촉하고,,보습력/수분감,unchanged
train,782317,쇼핑몰,헤어/바디케어,OO 아** 샴푸 민감성두피용 500g 1개,가격도 비싸고 거품이 잘 나지 않아서 재구매는 안할듯 합니다. 기존에 쓰던 다른 샴푸가 저한테 더 나은 것 같아요.,가격,가격도 비싸고,-1,[속성] 가격 [문장] 가격도 비싸고,,가격,unchanged
train,782509,쇼핑몰,헤어/바디케어,OO 아** 샴푸 중건성두피용 500g 2개,순해서 좋습니다. 두피에 자극이 적어서 모발이 덜 빠지는것 같습니다.,자극성,순해서 좋습니다.,1,[속성] 자극성 [문장] 순해서 좋습니다.,,자극성,unchanged
train,783007,쇼핑몰,헤어/바디케어,OO 려** 탈모증상케어 샴푸 820ml 1개,아직 사용 전이라 제품 특징을 몰라서 정확히 선택이 어려워 가격도 저렴하고 후기 많은 것으로 샀습니다. 효과가 좋기를 기대합니다.,가격,가격도 저렴하고,1,[속성] 가격 [문장] 가격도 저렴하고,,가격,unchanged
train,784583,쇼핑몰,헤어/바디케어,OO 닥** 플러스 샴푸 500ml 3개,"이 제품은 처음으로 구매해 사용하는데, 거품이 잘 나지 않고 향도 별로입니다. 가격도 비싸고 다시는 구매하지 않을 것 같습니다.",가격,가격도 비싸고,-1,[속성] 가격 [문장] 가격도 비싸고,,가격,unchanged
train,785006,쇼핑몰,헤어/바디케어,OO 닥** 탈모집중케어 샴푸  구형 400ml 1개,좋은 가격에 잘 구매했어요. 탈모에 도움 됩니다. 신랑 쓰라고 샀다가 저도 같이 쓰기 시작했는데 정말 괜찮은 것 같아요. 그런데 가격대비 양은 좀 적습니다. 그래도 거품도 잘 나고 좋습니다. 머리도 부들부들해져요. 냄새도 좋습니다. 할인쿠폰도 줬으면 좋겠습니다.,가격,좋은 가격에 잘 구매했어요.,1,[속성] 가격 [문장] 좋은 가격에 잘 구매했어요.,,가격,unchanged
train,786233,쇼핑몰,헤어/바디케어,OO 닥** 프로비오틴  샴푸+트리트먼트 9종 세트,쓰고 있던 샴푸인데 가격도 저렴하고 양도 많아서 주문했어요. 잘 사용할게요. 추천합니다.,가격,가격도 저렴하고,1,[속성] 가격 [문장] 가격도 저렴하고,,가격,unchanged
train,786310,쇼핑몰,헤어/바디케어,OO 갈** 모이스춰라이징 로션 591ml 1개,ㅇㅇㅇ 재구매합니다. 보습력은 제일 좋은 듯 합니다. 건조한 피부인데 촉촉해서 가렵지 않아서 좋아요. 대용량을 저렴하게 구매했어요.,보습력/수분감,건조한 피부인데 촉촉해서 가렵지 않아서 좋아요.,1,[속성] 보습력/수분감 [문장] 건조한 피부인데 촉촉해서 가렵지 않아서 좋아요.,,보습력/수분감,unchanged
train,786394,쇼핑몰,헤어/바디케어,OO 일** 세라마이드 로션 528ml 1개,항상 구매하는 제품이에요. 온 가족이 다 건성이라서 모든 로션과 크림을 써 본 결과 이 ㅇㅇㅇ이 온 가족이 써도 적합한 아이템 같습니다. 겨울에 바르면 진짜 촉촉하고 오래가서 너무 좋아요. 여름에도 바르고 나서 찐득하지 않은 느낌이라서 추천해요.,보습력/수분감,촉촉하고,1,[속성] 보습력/수분감 [문장] 촉촉하고,,보습력/수분감,unchanged
train,786399,쇼핑몰,헤어/바디케어,OO 일** 세라마이드 로션 528ml 1개,예전에도 쓰던거라 재구입했습니다. 아토피 피부라 엄청 예민한데도 이 로션은 저에게 잘 맞습니다. 잘 쓰고 있어요. 촉촉해서 좋습니다. 다만 여름에는 살짝 무겁습니다. 잘 쓸께요.,흡수력,무겁습니다.,-1,[속성] 흡수력 [문장] 무겁습니다.,,흡수력,unchanged
train,786401,쇼핑몰,헤어/바디케어,OO 일** 세라마이드 로션 528ml 1개,발림성 좋고 자극이 없어 좋아요. 향도 자극적이지 않고 은은해요. 산뜻해서 개인적으론 만족합니다. 나쁜 성분도 없어서 친환경적이라 좋고 아이들과 함께 쓰기 좋아요.,발림성,발림성 좋고,1,[속성] 발림성 [문장] 발림성 좋고,,발림성,unchanged
train,786403,쇼핑몰,헤어/바디케어,OO 일** 세라마이드 로션 528ml 1개,항상 이용하는 제품이에요. 끈적임없이 촉촉하고 냄새도 부드럽습니다. 마지막까지 남김없이 사용할수 있게 제품용기가 설계된게 제일 만족스러워요.,보습력/수분감,촉촉하고,1,[속성] 보습력/수분감 [문장] 촉촉하고,,보습력/수분감,unchanged
train,786420,쇼핑몰,헤어/바디케어,OO 일** 세라마이드 로션 528ml 1개,"바디제품은 몇 년 전부터 꼼꼼하게 따져서 구입하고 있어요. 그러던 와중에 이번에 꼼꼼하게 따져서 선택한 제품이 이 제품입니다. OOO 크림이 더 유명한 제품인 것 같지만, 이 제품도 피부에 자극이 없기 때문에 데일리로 쓰기에는 크림보다 이 제품이 더 적당한 것 같습니다. 가격도 저렴하고 보습력도 좋아요. 발림성도 좋고 성분도 좋습니다.",가격,가격도 저렴하고,1,[속성] 가격 [문장] 가격도 저렴하고,,가격,unchanged
train,786450,쇼핑몰,헤어/바디케어,OO 일** 세라마이드 로션 528ml 1개,향이 전혀 없어서 아쉽네요. 촉촉함이 오래가지 않고 약간 미끌거림이 있는 제형입니다.,지속력/유지력,촉촉함이 오래가지 않고,-1,[속성] 지속력/유지력 [문장] 촉촉함이 오래가지 않고,,지속력/유지력,unchanged
train,786453,쇼핑몰,헤어/바디케어,OO 일** 세라마이드 로션 528ml 1개,약한 아토피있는 아들이 쓰는데 정말 좋네요. 촉촉하고 증상도 많이 호전된 느낌이에요. 좋다는거 비싼건 다 써봤는데 ㅇㅇㅇ이 아토피 피부진정에 많이 도움됐습니다.,보습력/수분감,촉촉하고,1,[속성] 보습력/수분감 [문장] 촉촉하고,,보습력/수분감,unchanged
train,786457,쇼핑몰,헤어/바디케어,OO 일** 세라마이드 로션 528ml 1개,알러지있는 아들이 사용하는 바디로션입니다. 저자극이라 스트레스 없이 사용하고 있습니다. 성분이 순하고 향은 거의 없는 편이에요. 보습력은 좋은 편입니다. 그렇다고 심하게 끈적거리지는 않아요. 유해 첨가물을 많이 줄여 아이들도 안심하고 사용할수 있습니다.,성분,성분이 순하고,1,[속성] 성분 [문장] 성분이 순하고,,성분,unchanged
train,786480,쇼핑몰,헤어/바디케어,OO 일** 세라마이드 로션 528ml 1개,날씨가 추워져서 주문했습니다. 향이 없어서 별로입니다. 촉촉함이 오래가지 않고 가격대비 가성비가 별로인 것 같습니다.,지속력/유지력,촉촉함이 오래가지 않고,-1,[속성] 지속력/유지력 [문장] 촉촉함이 오래가지 않고,,지속력/유지력,unchanged
train,786505,쇼핑몰,헤어/바디케어,OO 일** 세라마이드 로션 528ml 1개,항상 잘 쓰고 있습니다. 용량이 크면 좋겠어요. 촉촉해서 좋고 향기도 없어서 좋습니다. 자극도 없어서 좋고 데일리로 잘 사용하고 있어요. 로션 크림과 함께 바르면 보습은 걱정없네요. OOO 제품 순해서 좋습니다.,편의성/활용성,데일리로 잘 사용하고 있어요.,1,[속성] 편의성/활용성 [문장] 데일리로 잘 사용하고 있어요.,,편의성/활용성,unchanged
train,786545,쇼핑몰,헤어/바디케어,OO 일** 세라마이드 로션 528ml 1개,ㅇㅇㅇ 팩만 사용하다가 바디로션 써보니 정말 좋네요. 피부가 부드럽고 촉촉하고 건조해서 가려웠던 피부가 많이 좋아졌어요.,보습력/수분감,피부가 부드럽고,1,[속성] 보습력/수분감 [문장] 피부가 부드럽고,,보습력/수분감,unchanged
train,786545,쇼핑몰,헤어/바디케어,OO 일** 세라마이드 로션 528ml 1개,ㅇㅇㅇ 팩만 사용하다가 바디로션 써보니 정말 좋네요. 피부가 부드럽고 촉촉하고 건조해서 가려웠던 피부가 많이 좋아졌어요.,보습력/수분감,촉촉하고,1,[속성] 보습력/수분감 [문장] 촉촉하고,,보습력/수분감,unchanged
train,786804,쇼핑몰,헤어/바디케어,OO 일** 세라마이드 로션 528ml 1개,가격이 저렴하면서 용량도 커서 오래 쓸 수 있어 좋아요. 향도 자극적이지 않아요. 순하고 보습력도 괜찮은 편이라 자주 구입해서 쓰고 있습니다.,자극성,순하고,1,[속성] 자극성 [문장] 순하고,,자극성,unchanged
train,786828,쇼핑몰,헤어/바디케어,OO 일** 세라마이드 로션 528ml 1개,"매번 사용하는 제품이에요. 촉촉하고 향이 없어 남편, 아이들도 사용하고 무척 좋아합니다. 배송도 무지 빨라서 깜짝 놀랐습니다. 가격도 너무 착해요.",보습력/수분감,촉촉하고,1,[속성] 보습력/수분감 [문장] 촉촉하고,,보습력/수분감,unchanged
train,786830,쇼핑몰,헤어/바디케어,OO 일** 세라마이드 로션 528ml 1개,매번 쓰는 제품입니다. 겨울에 로션 발라도 건조한 편이에요. 비싸고 좋다는 거 다 써봤습니다. 이 제품은 가격도 저렴하고 보습력도 좋아요.,가격,가격도 저렴하고,1,[속성] 가격 [문장] 가격도 저렴하고,,가격,unchanged
train,786898,쇼핑몰,헤어/바디케어,OO 일** 세라마이드 로션 528ml 1개,가격도 비싸고 유통기한도 짧고 처음 사용해 본 건데 저한테는 잘 안 맞습니다. 다음에는 잘 맞는 제품을 구매할 수 있으면 좋겠습니다.,가격,가격도 비싸고,-1,[속성] 가격 [문장] 가격도 비싸고,,가격,unchanged
train,786937,쇼핑몰,헤어/바디케어,OO 일** 세라마이드 로션 528ml 1개,대용량이라 온가족이 사용하기 좋습니다. 무향이라서 좋습니다. 발림성이 좋고 촉촉합니다. 만족하며 사용중입니다. 다 쓰고 또 구매할께요.,발림성,발림성이 좋고,1,[속성] 발림성 [문장] 발림성이 좋고,,발림성,unchanged
train,787037,쇼핑몰,헤어/바디케어,OO 일** 세라마이드 로션 528ml 1개,일단 냄새도 좋고 부드럽고 흡수도 잘되고 좋습니다. 대용량이라서 오래 쓸 수 있을 것 같고 가격도 저렴해요. 아이와 사용하기 좋을 거 같아요.,보습력/수분감,부드럽고,1,[속성] 보습력/수분감 [문장] 부드럽고,,보습력/수분감,unchanged
train,787161,쇼핑몰,헤어/바디케어,OO 일** 세라마이드 로션 528ml 1개,다음날까지 촉촉해요. 안써본 제품이 없습니다. 여름만 되면 건조해져서 몸을 자꾸 긁어서 이번에도 긴가민가하며 샀는데 너무 효과 좋습니다. 대용량이라 듬뿍 발라도 되고 다음날 까지 촉촉합니다. 늘 향 있는거만 쓰다 무향쓰니 뭔가 안바른것 같긴한데 효과는 좋습니다. 애기가 긁은 딱지 볼때마다 속상했는데 이제 이거 바르고 안긁기를 바래봅니다.,보습력/수분감,촉촉해요,1,[속성] 보습력/수분감 [문장] 촉촉해요,,보습력/수분감,unchanged
train,787271,쇼핑몰,헤어/바디케어,OO 일** 세라마이드 로션 528ml 1개,벌써 몇년째 사용중인데 성분이 순하고 향도 거의 없어서 좋습니다. 보습력도 아주 높은 건 아니지만 지금부터 봄에 쓰기엔 적당합니다.,성분,성분이 순하고,1,[속성] 성분 [문장] 성분이 순하고,,성분,unchanged
train,787364,쇼핑몰,헤어/바디케어,OO 일** 세라마이드 로션 528ml 1개,ㅇㅇㅇ 좋네요. 대용량이라 오래 사용할수 있어서 좋습니다. 냄새도 없고 순하고 촉촉해서 좋아요.,자극성,순하고,1,[속성] 자극성 [문장] 순하고,,자극성,unchanged
train,787663,쇼핑몰,헤어/바디케어,OO 퓨** 스킨 젤리 오리지널 100ml 6개,좋은 가격에 잘 구매했어요. 발꿈치에 바르려고 저렴하게 구입했습니다. 쟁여 놓고 쓰려고 합니다. 적극 추천해요. 배송도 빠릅니다.,가격,좋은 가격에 잘 구매했어요.,1,[속성] 가격 [문장] 좋은 가격에 잘 구매했어요.,,가격,unchanged
train,787680,쇼핑몰,헤어/바디케어,OO 퓨** 스킨 젤리 오리지널 100ml 6개,좋은 가격에 잘 구매했어요. 빠른 배송도 마음에 들고 좋은 가격에 이렇게 많은 구성으로 구매하여 온 가족 OO 걱정 날아갔습니다.,가격,좋은 가격에 잘 구매했어요.,1,[속성] 가격 [문장] 좋은 가격에 잘 구매했어요.,,가격,unchanged
train,787688,쇼핑몰,헤어/바디케어,OO 퓨** 스킨 젤리 오리지널 100ml 6개,좋은 가격에 잘 구매했어요. 건조한 날씨에 꼭 필요한 아이템이에요. 지성피부라 여름에는 번들거려서 못 쓰지만 겨울에 잘 씁니다. 몇 통째 쓰고 있습니다.,가격,좋은 가격에 잘 구매했어요.,1,[속성] 가격 [문장] 좋은 가격에 잘 구매했어요.,,가격,unchanged
train,787712,쇼핑몰,헤어/바디케어,OO 퓨** 스킨 젤리 오리지널 100ml 6개,당일 배송 해주셨습니다. 건조한 피부라 매일 발라서 그런지 쓰는 속도가 빠른 편이라 많이 구매했습니다. 가격도 저렴하고 효과도 좋아서 다음에 또 사려 합니다.,가격,가격도 저렴하고,1,[속성] 가격 [문장] 가격도 저렴하고,,가격,unchanged
train,788858,쇼핑몰,헤어/바디케어,OO 더** 바디 스프레이 200ml 1개,데일리로 사용하기 좋아요. 생각보다 향 지속력은 별로인 듯합니다. 향은 시원한 향이고 무더운 여름 샤워후에 사용하기 괜찮네요. 남성이 사용하기 좋은 제품인 것 같네요.,편의성/활용성,데일리로 사용하기 좋아요.,1,[속성] 편의성/활용성 [문장] 데일리로 사용하기 좋아요.,,편의성/활용성,unchanged
train,788859,쇼핑몰,헤어/바디케어,OO 더** 바디 스프레이 200ml 1개,"처음에는 가격도 비싸고 향도 별로라고 생각했는데, 어느새 향에 중독되어 버렸습니다. 이 제품이 최고인 것 같습니다.",가격,가격도 비싸고,-1,[속성] 가격 [문장] 가격도 비싸고,,가격,unchanged
train,789486,쇼핑몰,헤어/바디케어,OO 일** 오일스무딩 로션 350ml 2개,용기 색상도 산뜻하네요. 향기도 괜찮고 촉촉하니 발림성도 좋고 만족해요.,보습력/수분감,촉촉하니,1,[속성] 보습력/수분감 [문장] 촉촉하니,,보습력/수분감,unchanged
train,789500,쇼핑몰,헤어/바디케어,OO 일** 오일스무딩 로션 350ml 2개,제형이 오일리하고 촉촉하고 향기도 좋아요. 건조한편이라 일부러 오일스무딩으로 구입했네요.,보습력/수분감,촉촉하고,1,[속성] 보습력/수분감 [문장] 촉촉하고,,보습력/수분감,unchanged
train,789588,쇼핑몰,헤어/바디케어,OO 일** 오일스무딩 로션 350ml 2개,워낙 피부가 건조해서 겨울엔 오일을 꼭 발라주는데 ooo 제품이 순하다고 해서 검색하다 이 제품을 보고 오일 대신 구매해서 사용하네요. 발림은 두말할 필요없이 부드럽고 오일만 바를 때 제형의 무거운 느낌없이 촉촉하고 발림성이 가볍습니다. 향도 부담스럽지 않아 만족하며 사용중이네요. 오일만 바르다가 안 바르면 피부가 더 건조해진 느낌이 드는데 이 제품은 건조하지 않아서 좋습니다.,보습력/수분감,촉촉하고,1,[속성] 보습력/수분감 [문장] 촉촉하고,,보습력/수분감,unchanged
train,789596,쇼핑몰,헤어/바디케어,OO 일** 오일스무딩 로션 350ml 2개,요즘 같이 추워지는 계절에 딱 맞는 제품입니다. 그래서 겨울이면 항상 OOO제품으로 구입하고 있어요. 매번 사용하지만 피부에 바로 흡수되면서 촉촉하고 향도 은은해서 너무 좋네요.,보습력/수분감,촉촉하고,1,[속성] 보습력/수분감 [문장] 촉촉하고,,보습력/수분감,unchanged
train,789597,쇼핑몰,헤어/바디케어,OO 일** 오일스무딩 로션 350ml 2개,겨울이라 ㅇㅇㅇ 제품도 구입했네요. 매번 사용하지만 촉촉하니 추운 계절에 피부에 딱 맞는 제품같습니다.,보습력/수분감,촉촉하니,1,[속성] 보습력/수분감 [문장] 촉촉하니,,보습력/수분감,unchanged
train,789644,쇼핑몰,헤어/바디케어,OO 일** 오일스무딩 로션 350ml 2개,가격도 저렴하고 구성도 좋아서 여기에서 계속 구매합니다. 가격대비 용량이 많아서 아낌없이 쓰기 좋고 단독으로 사용해도 발림성이 부드럽고 좋지만 오일스무딩 제형이라 오일과 함께 섞어 바르면 발림성과 보습력이 더 좋아집니다.,가격,가격도 저렴하고,1,[속성] 가격 [문장] 가격도 저렴하고,,가격,unchanged
train,789663,쇼핑몰,헤어/바디케어,OO 일** 오일스무딩 로션 350ml 2개,부드럽게 잘 발리고 흡수력도 좋습니다. 보습효과도 있어서 겨울철 바디로션으로 딱이네요.,발림성,부드럽게 잘 발리고,1,[속성] 발림성 [문장] 부드럽게 잘 발리고,,발림성,unchanged
train,789685,쇼핑몰,헤어/바디케어,OO 일** 오일스무딩 로션 350ml 2개,여러 곳에서 비교해 보고 최저가로 구매했네요. 촉촉하고 광도 나요. 떨어지지 않게 계속 구매하는 제품입니다.,보습력/수분감,촉촉하고,1,[속성] 보습력/수분감 [문장] 촉촉하고,,보습력/수분감,unchanged
train,789699,쇼핑몰,헤어/바디케어,OO 일** 오일스무딩 로션 350ml 2개,극건성 피부인데 OOO의 다른 로션이나 집중크림 보다 유분기가 많아서 좋아요. 촉촉하고 발림성이 더 좋네요. 바른 직후는 끈적한듯하지만 시간 지나면 다 흡수된답니다. 겨울엔 이 제품이 딱 좋은 거 같아요. 향은 좀 강해서 아쉬워요.,보습력/수분감,촉촉하고,1,[속성] 보습력/수분감 [문장] 촉촉하고,,보습력/수분감,unchanged
train,789716,쇼핑몰,헤어/바디케어,OO 일** 오일스무딩 로션 350ml 2개,어떤 카페에서 보습력이 좋다고 건성피부라 건조함이 정말 심한데 이거쓰고 긁지 않게 됐다고 하는 후기를 보고 저도 평소에 피부를 나도 모르게 긁어서 사게 됐는데요. 마트에서 한통 사서 써보고는 품질에 너무 만족하고 좋아서 ㅇㅇ에서 2통 행사할 때 얼른 주문해서 쓰고 있습니다. 저도 쓰고 저희 아이들도 쓰고 좋습니다. 보습력도 좋고 발림성 좋고 향도 너무 강하지 않아서 더 좋아요. 재구매의사 있어요.,발림성,발림성 좋고,1,[속성] 발림성 [문장] 발림성 좋고,,발림성,unchanged
train,789719,쇼핑몰,헤어/바디케어,OO 일** 오일스무딩 로션 350ml 2개,촉촉하고 향도 너무 좋습니다. 너무 기름지지도 않고 건조하지 않은 게 딱 좋아요. 향이 좋아서 로션 바를 때마다 기분도 좋아져요. 디자인도 나쁘지 않네요.,보습력/수분감,촉촉하고,1,[속성] 보습력/수분감 [문장] 촉촉하고,,보습력/수분감,unchanged
train,789735,쇼핑몰,헤어/바디케어,OO 일** 오일스무딩 로션 350ml 2개,정말 너무 좋은 바디로션입니다. 세일할 때 쟁이질 못해서 아쉽네요. 향도 좋고 촉촉하고 피부를 매끄럽게 해줘서 대만족하고 있어요. 한 통밖에 못 사서 혼자만 쓰고 있는데 다음엔 많이 사서 가족들이랑 같이 써야겠어요. 디자인도 나쁘지 않네요.,보습력/수분감,촉촉하고,1,[속성] 보습력/수분감 [문장] 촉촉하고,,보습력/수분감,unchanged
train,789759,쇼핑몰,헤어/바디케어,OO 일** 오일스무딩 로션 350ml 2개,다양한 바디로션 제품을 사용해 봤지만 이 제품이 제일 좋습니다. 건성피부인데 부드럽게 잘 발리고 보습도 잘 됩니다.,발림성,부드럽게 잘 발리고,1,[속성] 발림성 [문장] 부드럽게 잘 발리고,,발림성,unchanged
train,789761,쇼핑몰,헤어/바디케어,OO 일** 오일스무딩 로션 350ml 2개,피부가 많이 건조해서 자주 가렵고 불편했는데 이 제품 쓰고 편해졌어요. 양도 많아서 듬뿍듬뿍 바르기도 좋고. 자극적이지 않고 발림성도 좋고 잘 흡수되는 것 같아요. 건조하신 분께 추천 드립니다.,자극성,자극적이지 않고,1,[속성] 자극성 [문장] 자극적이지 않고,,자극성,unchanged
train,789852,쇼핑몰,헤어/바디케어,OO 일** 오일스무딩 로션 350ml 2개,건성피부라 촉촉하고 보습 좋은 이 로션이 딱 좋습니다. 바디 보습에 좋은 건 알고 있는데 얼굴에도 쓰기 좋습니다. OO의 얼굴용 크림보다 유분기가 적어서 나은 것 같거든요. 바디로션이 오히려 아주 괜찮아서 얼굴에 발라도 촉촉하고 좋습니다. 화장하기 전에 발라도 화장이 잘 되어서 놀랄 정도입니다. 정말 만족스러운 로션입니다. 저렴하게 행사하고 있어서 구매했습니다.,보습력/수분감,촉촉하고,1,[속성] 보습력/수분감 [문장] 촉촉하고,,보습력/수분감,unchanged
train,790021,쇼핑몰,헤어/바디케어,OO 일** 세라마이드  로션 350ml 1개,순하고 촉촉하고 좋습니다. 발림성도 좋고 OOO이 바디로션에서 유명한 이유가 있었네요. 만족합니다.,자극성,순하고,1,[속성] 자극성 [문장] 순하고,,자극성,unchanged
train,790033,쇼핑몰,헤어/바디케어,OO 일** 세라마이드  로션 350ml 1개,얼굴부터 온 몸 다 발라도 되는 순한 제품이라 아주 좋아요. 사춘기 아이 좁쌀 여드름에도 이걸 발랐을때 수분 공급이 되어서 그런지 좋았습니다. 여드름도 가라앉고 더 효과가 좋습니다. 그래서 저도 메이크업 전에 충분히 바르고 있네요. 가격도 저렴하고 온 가족 다 바르니 아주 좋습니다. 최고예요.,가격,가격도 저렴하고,1,[속성] 가격 [문장] 가격도 저렴하고,,가격,unchanged
train,790056,쇼핑몰,헤어/바디케어,OO 일** 세라마이드  로션 350ml 1개,촉촉하고 향도 은은하게 나고 좋네요. 저렴하게 잘 샀습니다. 거의 다 써가서 다시 구입하려 했는데 품절이 잘 떠서 재입고 되면 바로 사야겠습니다. 품질이 너무 괜찮은 상품이에요. 제가 극건성인데 촉촉하고 최고입니다.,보습력/수분감,촉촉하고,1,[속성] 보습력/수분감 [문장] 촉촉하고,,보습력/수분감,unchanged
train,790058,쇼핑몰,헤어/바디케어,OO 일** 세라마이드  로션 350ml 1개,처음 써보는데 촉촉하고 마무리 사용감 좋습니다. 엄청 끈적이지도 않고 향기도 거의 무향이라 좋아요.,보습력/수분감,촉촉하고,1,[속성] 보습력/수분감 [문장] 촉촉하고,,보습력/수분감,unchanged
train,790130,쇼핑몰,헤어/바디케어,OO 일** 세라마이드  로션 350ml 1개,온 가족 모두 사용하기 좋은 제품입니다. 가격 행사할 때 저렴하게 구입했어요. 화장실과 방에 두고 편하게 사용하고 있습니다. 요즘같이 날씨 더울 때 사용하기 좋아요. 무겁지 않고 산뜻해요.,흡수력,무겁지 않고,1,[속성] 흡수력 [문장] 무겁지 않고,,흡수력,unchanged
train,790161,쇼핑몰,헤어/바디케어,OO 일** 세라마이드  로션 350ml 1개,"진짜 건조한 피부인데도 끈적이는 거 싫어해요. 그래서 바디로션은 한겨울 아니고서는 잘 안 바르고 있었어요. 그러다가 지인 추천으로 사용하게 됐는데, 끈적이지도 않고 발림성도 너무 좋네요. 발림성이 좋다 보니 바를 때 편하니까 매일 사용하게 됩니다. 바르고 나서도 촉촉해서 좋아요. 이거 바르고 나서는 샤워할 때도 피부결이 부드럽고 건조하지 않아요. 계속 바르면 피부결도 많이 좋아지는 거 같아요. 다만 겨울에는 보습력이 부족한 거 같아요.",보습력/수분감,피부결이 부드럽고,1,[속성] 보습력/수분감 [문장] 피부결이 부드럽고,,보습력/수분감,unchanged
train,790167,쇼핑몰,헤어/바디케어,OO 일** 세라마이드  로션 350ml 1개,건성피부인데 부드럽게 잘 발리고 촉촉한거 같네요. 끈적임도 없이 향도 없고 순해서 맘에 듭니다. 겨울부터 봄까지 쓰고 있어요. 4계절 모두 사용하기 괜찮을 듯 해요. 배송도 빠르고 유효기간도 깁니다.,발림성,부드럽게 잘 발리고,1,[속성] 발림성 [문장] 부드럽게 잘 발리고,,발림성,unchanged
train,790169,쇼핑몰,헤어/바디케어,OO 일** 세라마이드  로션 350ml 1개,온 가족이 사용하기 좋은 제품입니다. 발림성도 좋고 보습력도 좋아서 즐겨 사용하고 있어요. 올인원이라서 정말 편하네요. 무향이니까 향에 대한 자극성이 없어서 좋아요. 촉촉하고 부드럽고 피부에 잘 흡수되는 거 같아요.,보습력/수분감,촉촉하고,1,[속성] 보습력/수분감 [문장] 촉촉하고,,보습력/수분감,unchanged
train,790169,쇼핑몰,헤어/바디케어,OO 일** 세라마이드  로션 350ml 1개,온 가족이 사용하기 좋은 제품입니다. 발림성도 좋고 보습력도 좋아서 즐겨 사용하고 있어요. 올인원이라서 정말 편하네요. 무향이니까 향에 대한 자극성이 없어서 좋아요. 촉촉하고 부드럽고 피부에 잘 흡수되는 거 같아요.,보습력/수분감,부드럽고,1,[속성] 보습력/수분감 [문장] 부드럽고,,보습력/수분감,unchanged
train,790175,쇼핑몰,헤어/바디케어,OO 일** 세라마이드  로션 350ml 1개,순하고 촉촉해서 온가족이 쓰기 좋습니다. 아이도 많이 건조해 해서 샤워후 이걸로 발라주면 좋습니다. 무겁지 않아서 지금 계절부터 여름까지 아주 잘 쓸 것 같습니다. 건조한데 번들거리지 않는 로션 찾는분들은 딱일것 같습니다.,자극성,순하고,1,[속성] 자극성 [문장] 순하고,,자극성,unchanged
train,790227,쇼핑몰,헤어/바디케어,OO 일** 세라마이드  로션 350ml 1개,무해한 성분도 괜찮고 좋네요. 아기들이 사용해도 괜찮을거 같습니다. 순하고 보습력도 좋아서 마음에 들어요. 얼굴. 바디 둘다 사용중인데 번들거림도 없고 괜찮습니다. 요즘 유해성분 많은 화장품들 많은데 성분이 좋아 건강하게 피부 관리하기 좋은 듯 합니다.,자극성,순하고,1,[속성] 자극성 [문장] 순하고,,자극성,unchanged
train,790241,쇼핑몰,헤어/바디케어,OO 일** 세라마이드  로션 350ml 1개,발림성 좋고 무엇보다 무향이라 매우 만족되네요. 보습이 아주 뛰어나진 않지만 자주 발라도 끈적임이 없어서 좋아요. 벌써 몇 번째 구매해서 사용하고 있어요. 끈적임이 싫으신 분들께 적극 추천하는 제품입니다.,발림성,발림성 좋고,1,[속성] 발림성 [문장] 발림성 좋고,,발림성,unchanged
train,790242,쇼핑몰,헤어/바디케어,OO 일** 세라마이드  로션 350ml 1개,제형이 꾸덕거리지 않고 잘 발려서 좋네요. 데일리용으로 쓰는거라 너무 무거우면 오히려 보습이 아니라 막 씌우는 느낌인데 가볍게 발려서 좋습니다. 향은 따로 없었던거 같네요. 펌프해서 적당량 펴 바르면 작은양으로도 많이 바를 수 있습니다. 양이 다소 적긴하지만 만족해요.,발림성,가볍게 발려서 좋습니다.,1,[속성] 발림성 [문장] 가볍게 발려서 좋습니다.,,발림성,unchanged
train,790286,쇼핑몰,헤어/바디케어,OO 일** 세라마이드  로션 350ml 1개,향이 없어서 좋아요. 무향이라 부담스럽지 않고 촉촉하고 발림성도 좋고 가성비도 좋은 제품입니다.,보습력/수분감,촉촉하고,1,[속성] 보습력/수분감 [문장] 촉촉하고,,보습력/수분감,unchanged
train,790299,쇼핑몰,헤어/바디케어,OO 일** 세라마이드  로션 350ml 1개,민감하고 건조한 피부에 좋은 OO의 OOO로션입니다. 보습력도 강하고 순하고 향도 없어 자극적이지 않아 좋습니다. 순하고 자극적이지 않고 보습력도 좋아 항상 사용하는 로션이에요.,자극성,순하고,1,[속성] 자극성 [문장] 순하고,,자극성,unchanged
train,790299,쇼핑몰,헤어/바디케어,OO 일** 세라마이드  로션 350ml 1개,민감하고 건조한 피부에 좋은 OO의 OOO로션입니다. 보습력도 강하고 순하고 향도 없어 자극적이지 않아 좋습니다. 순하고 자극적이지 않고 보습력도 좋아 항상 사용하는 로션이에요.,보습력/수분감,보습력도 좋아,1,[속성] 보습력/수분감 [문장] 보습력도 좋아,,보습력/수분감,unchanged
train,285566,쇼핑몰,메이크업/뷰티소품,OO 그** 썬스틱 6개+달팽이 마스크팩 2박스(총10매),발림성이 좋고 향도 좋아 구매 잘 한 것 같습니다.가족 모두 잘 사용하고 있어요~,발림성,발림성이 좋고,1,[속성] 발림성 [문장] 발림성이 좋고,,발림성,unchanged
train,285630,쇼핑몰,메이크업/뷰티소품,OO 쿠션팩트 (본품2+리필4),도착하자 사용해보니 촉촉하고 색상도 맘에 들고 피부가 깨끗하고 예쁘게 보이고 종일 잘 유지되어서 재구매도 하고싶고 지인에게 소개도 할겁니다 대만족입니다 가성비또한 최상입니다,보습력/수분감,촉촉하고,1,[속성] 보습력/수분감 [문장] 촉촉하고,,보습력/수분감/쿨링감,merged_duplicate_label
train,285669,쇼핑몰,메이크업/뷰티소품,OO 쿠션팩트 (본품2+리필4),좋은 가격에 잘 구매했어요. 개인차는 있겠지만 마스크에 안 묻어난다고 해서 구매했는데 묻어나네요...조금 덜 묻어나는 정도 같아요,가격,좋은 가격에 잘 구매했어요.,1,[속성] 가격 [문장] 좋은 가격에 잘 구매했어요.,,가격,unchanged
train,285849,쇼핑몰,메이크업/뷰티소품,OO 선쿠션 스페셜 패키지,너무 맘에 들고 사이즈도 빅 사이즈고 양도 많아 넉넉하게 올여름 잘쓸것 같이요 향도 좋고 무엇보다 수박 추출물 성분이 기대 되네요^^,향,향도 좋고,1,[속성] 향 [문장] 향도 좋고,,향,unchanged
train,285907,쇼핑몰,메이크업/뷰티소품,OO 팡** 빅 선쿠션 스페셜 패키지(싱글),션크림 바를때 마다 손에 묻고 끈끈해서 잘 안 발랐는데 바르는 터치감도 좋고 편안해서 자주 사용하게 되네요 닿는 순간 촉촉하고 시원한 느낌이 좋아요~,보습력/수분감,촉촉하고,1,[속성] 보습력/수분감 [문장] 촉촉하고,,보습력/수분감/쿨링감,merged_duplicate_label
train,285925,쇼핑몰,메이크업/뷰티소품,OO 팡** 빅 선쿠션 스페셜 패키지(싱글),고등학생 딸 아이 사줬어요 워낙 성분을 중시여기는터라 전에 쓰던것도 불만없이 잘 쓰긴했는데 분위기도 전환겸 바꿔봤어요 얼굴에 트러블 안나고 발림성 좋고 무엇보다 손에 묻히지않고 바를 수 있어 좋다하네요 가격 할인만 좀 더 되면 좋겠어요,발림성,발림성 좋고,1,[속성] 발림성 [문장] 발림성 좋고,,발림성,unchanged
train,285961,쇼핑몰,메이크업/뷰티소품,OO 팡** 빅 선쿠션 스페셜 패키지(싱글),시원하고 쿠션이 대형이라 바를때 편하고 끈적이지않아서 정말 사용하기 편해서 좋아요,보습력/수분감,시원하고,1,[속성] 보습력/수분감 [문장] 시원하고,,보습력/수분감/쿨링감,merged_duplicate_label
train,285963,쇼핑몰,메이크업/뷰티소품,OO 팡** 빅 선쿠션 스페셜 패키지(싱글),아이랑 같이쓰는데 순하고 끈적임없이 좋아요 근데 너무 금방써요 양이 적음,자극성,순하고,1,[속성] 자극성 [문장] 순하고,,자극성,unchanged
train,285978,쇼핑몰,메이크업/뷰티소품,OO 팡** 빅 선쿠션 스페셜 패키지(싱글),케이스가 커서 얼굴에 금방 바를수있고 화장이 잘 먹고 좋네요,용기,케이스가 커서,1,[속성] 용기 [문장] 케이스가 커서,,용기,unchanged
train,288299,쇼핑몰,메이크업/뷰티소품,OO 인** 커버 왕쿠션+비비크림 대박세트,대학생 딸아이가 좋다고 추천해서 사봤어요 한번터치후 얼굴에 톡톡 발라주었는데 어쩜 이리도 흡수력이 좋을까요? 촉촉하고 물광피부로 돌변했네요 ㅎㅎㅎ 아침에 톡톡 발라주고 하루종일 외출후 저녁이 되었는데도 그대로 유지되고 건조하거나 번들거림도 전혀없고 아주 좋습니다 앞으로 쭈욱 사용할것같아요 딸아이와 함께 쓰는데 비비가 한개네요 상품평작성했으니 사은품 비비 보내주세요,보습력/수분감,촉촉하고,1,[속성] 보습력/수분감 [문장] 촉촉하고,,보습력/수분감/쿨링감,merged_duplicate_label
train,288300,쇼핑몰,메이크업/뷰티소품,OO 인** 커버 왕쿠션+비비크림 대박세트,긴가 민가 하며 주문해서 써봤는데. 얇게 착 붙구요. 시원하고 촉촉해요. 다크닝도 없어서 좋아요. 왕쿠션이라 몇번 안해도 끝~~ 다만 양조절 실패하면 약간 뜨는듯한 느낌이구요. 커버력은 OOO보다 낫네요. 평소21쓰는데. 많이 밝다고 해서 OOO는23 시켰는데. 나름 색상 괜찮네요. 오늘 살빠졌단소리 마이들었네요. 케이스는 좀 바뀌면 좋겠어요.^^,보습력/수분감,시원하고,1,[속성] 보습력/수분감 [문장] 시원하고,,보습력/수분감/쿨링감,merged_duplicate_label
train,288316,쇼핑몰,메이크업/뷰티소품,OO 인** 커버 왕쿠션+비비크림 대박세트,어제주문하고 오늘바로 받앗어요 매번 쓸때마다̆̈ 느끼는거지만 촉촉하고 커버는 말할것도없이 좋고 하루종일 안무너지는 쿠션 찾기가̐̈ 힘들엇는데 OOO쓰고 고민없어서 좋아요 예민한 피부라̆̈ 함부로 쓰면 피부 뒤집어지고 난리 낫엇는데 아껴둿다가̐̈ 잘 써야겟어용,보습력/수분감,촉촉하고,1,[속성] 보습력/수분감 [문장] 촉촉하고,,보습력/수분감/쿨링감,merged_duplicate_label
train,288318,쇼핑몰,메이크업/뷰티소품,OO 인** 커버 왕쿠션+비비크림 대박세트,케이스크고 디자인이 너무예뻐서 받아보는즉시 사용해봤어요 촉촉하고 커버력좋아 너무 만족스러워요 비비도떨어져간순간 빨리도착하여 너무좋아요 계속사용해보고 또주물할께요~,보습력/수분감,촉촉하고,1,[속성] 보습력/수분감 [문장] 촉촉하고,,보습력/수분감/쿨링감,merged_duplicate_label
train,288321,쇼핑몰,메이크업/뷰티소품,OO 인** 커버 왕쿠션+비비크림 대박세트,케이스가 너무 이뻐요 쿠션크기도 큼직막하고 너무 좋아요 발라봤더니 발림성이 너무너무 좋고 촉촉하고 얼굴이 환해지는 느낌이 들어요 조금 더 써봐야 알겠지만 만족합니다.,보습력/수분감,촉촉하고,1,[속성] 보습력/수분감 [문장] 촉촉하고,,보습력/수분감/쿨링감,merged_duplicate_label
train,288326,쇼핑몰,메이크업/뷰티소품,OO 인** 커버 왕쿠션+비비크림 대박세트,23호 주문해서 사용해 봤는데 커버력은 좀 떨어지지만 시원하고 향도 좋고 윤기도 적당하고 퍼프가 커서 금세 쓱쓱~~ 그리고 타 제품을 사용하던 중 이었는데 같이 사용하면 커버력도 짱 이 랍니다. ㅠ...사진첨부가 잘 안되네용...ㅠ,보습력/수분감,시원하고,1,[속성] 보습력/수분감 [문장] 시원하고,,보습력/수분감/쿨링감,merged_duplicate_label
train,288326,쇼핑몰,메이크업/뷰티소품,OO 인** 커버 왕쿠션+비비크림 대박세트,23호 주문해서 사용해 봤는데 커버력은 좀 떨어지지만 시원하고 향도 좋고 윤기도 적당하고 퍼프가 커서 금세 쓱쓱~~ 그리고 타 제품을 사용하던 중 이었는데 같이 사용하면 커버력도 짱 이 랍니다. ㅠ...사진첨부가 잘 안되네용...ㅠ,향,향도 좋고,1,[속성] 향 [문장] 향도 좋고,,향,unchanged
train,288351,쇼핑몰,메이크업/뷰티소품,OO 인** 커버 왕쿠션+비비크림 대박세트,벌써 2번째구매해서 사용중인 OOO쿠션ㅠㅠㅠ 촉촉하고 두껍게발리지도않아서 사계절상관없이 데일리템으로 잘쓰고있습니다! 완전강추!!,보습력/수분감,촉촉하고,1,[속성] 보습력/수분감 [문장] 촉촉하고,,보습력/수분감/쿨링감,merged_duplicate_label
train,288408,쇼핑몰,메이크업/뷰티소품,OO 인** 커버 왕쿠션+비비크림 대박세트,촉촉하니 발림성도좋고 커버력도 만족합니다 왕퍼프라 딱입니다ㅋㅋ,보습력/수분감,촉촉하니,1,[속성] 보습력/수분감 [문장] 촉촉하니,,보습력/수분감/쿨링감,merged_duplicate_label
train,288433,쇼핑몰,메이크업/뷰티소품,OO 인** 커버 왕쿠션+비비크림 대박세트,21호 구매했다가 너무 밝아서 23호로 교환했는데 제 피부에 정말 찰떡같아요. 커버력 이렇게 좋은데다가 촉촉하고 물광까지 나는 듯 해서 정말 잘 쓰고 있습니다. 써본 쿠션 중에 제일 마음에 들어요,보습력/수분감,촉촉하고,1,[속성] 보습력/수분감 [문장] 촉촉하고,,보습력/수분감/쿨링감,merged_duplicate_label
train,288434,쇼핑몰,메이크업/뷰티소품,OO 인** 커버 왕쿠션+비비크림 대박세트,쟁여두고 쓰는 제품이 많아서 고민고민하다가 구매했어요. 끈적이는거 싫어하는데 적당히 촉촉하고 특히 지속력 역시 짱이에요!! 아침에 쓰고 저녁되면 은은하게 피부와 더 어우러져 중간에 수정안해도 되더라구요~ 만족합니다. 잘쓸게요~~,보습력/수분감,촉촉하고,1,[속성] 보습력/수분감 [문장] 촉촉하고,,보습력/수분감/쿨링감,merged_duplicate_label
train,288487,쇼핑몰,메이크업/뷰티소품,OO 인** 커버 왕쿠션+비비크림 대박세트,커버완전 만족하구요...촉촉하니 윤기도 나네요... 칭구엄마가 써보고는 좋다고 산다네요 둘다 경미리만 썼었는데... 오후되니 코 옆에 약간 수정은 해주면 될꺼같아요..만족,보습력/수분감,촉촉하니,1,[속성] 보습력/수분감 [문장] 촉촉하니,,보습력/수분감/쿨링감,merged_duplicate_label
train,288494,쇼핑몰,메이크업/뷰티소품,OO 인** 커버 왕쿠션+비비크림 대박세트,몇번을 망설이다가 상품평보고 결정했어요 왜 망설였나 싶을정도로 촉촉하고 커버력도 좋네요~ 화사해 보이고 싶어서 21호 샀는데 담에는 23호도 써볼까 합니다,보습력/수분감,촉촉하고,1,[속성] 보습력/수분감 [문장] 촉촉하고,,보습력/수분감/쿨링감,merged_duplicate_label
train,288501,쇼핑몰,메이크업/뷰티소품,OO 인** 커버 왕쿠션+비비크림 대박세트,포장도 꼼꼼하게 뽁뽁이로 감싸서 왔고요! 크기도 화면으로 볼때보다 실제로 보니까 엄청 크네욤 발라보니까 촉촉하고 화사하게 하얘지는 것 같아요ㅎ 제가 피부색조를 많이 얹어서 바르는 편이라 금방금방 쓰는데 이쿠션은 용량이 커서 좀 오래갈 것 같아요! 또 쓰고 재구매 하고싶네요 아 저는 쿠션 쓰면 이유는 모르겠고 무조건 트러블이 좀 올라오는 편인데 이쿠션은 써봤는데 트러블이 안나서 대량으로 쟁여놓으려고 샀어요!! 없어지면 슬플것 같네요 많이많이 파세요 ~~,보습력/수분감,촉촉하고,1,[속성] 보습력/수분감 [문장] 촉촉하고,,보습력/수분감/쿨링감,merged_duplicate_label
train,288503,쇼핑몰,메이크업/뷰티소품,OO 인** 커버 왕쿠션+비비크림 대박세트,늘쓰던거에요 팩트가커서 쉽게발리고 촉촉하고 너무좋아요 구성도맘에들고요 다른팩트써봐도 품질이 OOO만한게없네요,보습력/수분감,촉촉하고,1,[속성] 보습력/수분감 [문장] 촉촉하고,,보습력/수분감/쿨링감,merged_duplicate_label
train,288552,쇼핑몰,메이크업/뷰티소품,OO 인** 커버 왕쿠션+비비크림 대박세트,너무 맘에 들어요ᆢ 촉촉하니 지속력도 좋구 들뜨지도 않고 오랫만에 마음에 꼭 드는 쿠션을 만난거 같아요~,보습력/수분감,촉촉하니,1,[속성] 보습력/수분감 [문장] 촉촉하니,,보습력/수분감/쿨링감,merged_duplicate_label
train,288566,쇼핑몰,메이크업/뷰티소품,OO 인** 커버 왕쿠션+비비크림 대박세트,평소홈쇼핑상품을선호하진않지만 쿠션크기도크고 디자인도너무예뻐서 한번써볼까하는생각에구매했는데 기대이상으로몇번의터치로아침시간을줄일수있어서 너무좋아요^^커버력도자연스러우며 촉촉해요,보습력/수분감,촉촉해요,1,[속성] 보습력/수분감 [문장] 촉촉해요,,보습력/수분감/쿨링감,merged_duplicate_label
train,288573,쇼핑몰,메이크업/뷰티소품,OO 인** 커버 왕쿠션+비비크림 대박세트,"상품평보고 구매했는데, 촉촉하고 얼굴이 화사해요~ 소량으로도 커버가능해서, 많은 양 사용은 자제중이요~ ㅎ 자연스럽게~ 쿠션 크기가 커서 화장시간도 단축되서 좋네요^^♡",보습력/수분감,촉촉하고,1,[속성] 보습력/수분감 [문장] 촉촉하고,,보습력/수분감/쿨링감,merged_duplicate_label
train,288573,쇼핑몰,메이크업/뷰티소품,OO 인** 커버 왕쿠션+비비크림 대박세트,"상품평보고 구매했는데, 촉촉하고 얼굴이 화사해요~ 소량으로도 커버가능해서, 많은 양 사용은 자제중이요~ ㅎ 자연스럽게~ 쿠션 크기가 커서 화장시간도 단축되서 좋네요^^♡",사이즈/두께,쿠션 크기가 커서,1,[속성] 사이즈/두께 [문장] 쿠션 크기가 커서,,사이즈/두께,unchanged
train,288590,쇼핑몰,메이크업/뷰티소품,OO 인** 커버 왕쿠션+비비크림 대박세트,퍼프가 커서 좋아요..큰거울 맘에 쏙 들어요. 딱 바르면 시원하고 촉촉하게 잘먹어요~ 퍼프 커서 몇번 안두드려도 금방 화장 끝~!! 예민한 피부인데 1주일 써본결과 트러블없었어요. 추가퍼프 개수가 많아서 좋네요~잘쓰겠습니다~!!,보습력/수분감,시원하고,1,[속성] 보습력/수분감 [문장] 시원하고,,보습력/수분감/쿨링감,merged_duplicate_label
train,288613,쇼핑몰,메이크업/뷰티소품,OO 인** 커버 왕쿠션+비비크림 대박세트,다른 쿠션쓰다가 쓰니가 너무 좋아여 촉촉하고 발림성 커버력 전부 좋아여 추천합니다,보습력/수분감,촉촉하고,1,[속성] 보습력/수분감 [문장] 촉촉하고,,보습력/수분감/쿨링감,merged_duplicate_label
train,288650,쇼핑몰,메이크업/뷰티소품,OO 인** 커버 왕쿠션+비비크림 대박세트,겨울에쓰기촉촉해요 커버는 보통이지만 그럭저럭 모공 잔주름 커버 보통이에요,보습력/수분감,촉촉해요,1,[속성] 보습력/수분감 [문장] 촉촉해요,,보습력/수분감/쿨링감,merged_duplicate_label
train,288652,쇼핑몰,메이크업/뷰티소품,OO 인** 커버 왕쿠션+비비크림 대박세트,향도 좋고 커버력도 좋아요 잘 발리는 촉감도 좋고 만족합니다,향,향도 좋고,1,[속성] 향 [문장] 향도 좋고,,향,unchanged
train,288664,쇼핑몰,메이크업/뷰티소품,OO 인** 커버 왕쿠션+비비크림 대박세트,촉촉하고 시원해요. 바르고 몇시간 지나도 끄떡 없네요. 상품평 수정합니다. 별 4개에서 별5개로 !!^^♡,보습력/수분감,촉촉하고,1,[속성] 보습력/수분감 [문장] 촉촉하고,,보습력/수분감/쿨링감,merged_duplicate_label
train,288675,쇼핑몰,메이크업/뷰티소품,OO 인** 커버 왕쿠션+비비크림 대박세트,택배 오자마자 발라봤어요 촉촉하고 시원해요 커버도 잘되는데 제형이 무겁지않아서 좋았어요^^,보습력/수분감,촉촉하고,1,[속성] 보습력/수분감 [문장] 촉촉하고,,보습력/수분감/쿨링감,merged_duplicate_label
train,288707,쇼핑몰,메이크업/뷰티소품,OO 인** 커버 왕쿠션+비비크림 대박세트,저는 13호인데 잘 맞아요 에센에스에서 후기 많은건 거르는데 이건 진짜 물건이예요 촉촉하고 광이 예쁘게 나고 구성품인 비비도 좋네요 재구매 의사 100% 잘 쓰겠습니다,보습력/수분감,촉촉하고,1,[속성] 보습력/수분감 [문장] 촉촉하고,,보습력/수분감/쿨링감,merged_duplicate_label
train,288752,쇼핑몰,메이크업/뷰티소품,OO 인** 커버 왕쿠션+비비크림 대박세트,거울 크기도 왕 왕 짱짱 크구 발림성도좋고 촉촉하니 물광 좋아요 !!!!!,보습력/수분감,촉촉하니,1,[속성] 보습력/수분감 [문장] 촉촉하니,,보습력/수분감/쿨링감,merged_duplicate_label
train,288762,쇼핑몰,메이크업/뷰티소품,OO 인** 커버 왕쿠션+비비크림 대박세트,설 연휴가 끼어서 배송이 좀 오래 걸렸지만 긴 기다림만큼 만족스러운 상품이네요. 무엇보다 촉촉하고 발림성이 좋아서 마음에 쏙 듭니다~~ 재구매 의사 100 %~~,보습력/수분감,촉촉하고,1,[속성] 보습력/수분감 [문장] 촉촉하고,,보습력/수분감/쿨링감,merged_duplicate_label
train,288766,쇼핑몰,메이크업/뷰티소품,OO 인** 커버 왕쿠션+비비크림 대박세트,처음 발랐을 때 촉촉하고 색상은 예뻐요~ 8시간정도 지난 후에는 좀 뜨네요... 제피부 컨디션 차이인지는 몰라서 일단 하루더 발라보렵니다..,보습력/수분감,촉촉하고,1,[속성] 보습력/수분감 [문장] 촉촉하고,,보습력/수분감/쿨링감,merged_duplicate_label
train,288770,쇼핑몰,메이크업/뷰티소품,OO 인** 커버 왕쿠션+비비크림 대박세트,쿠션이 크니까 몇번만 두드려도 편하게 금방 화장이 되네요. 건조하지 않고 촉촉하고 커버력도 있는거 같아요. 잘쓸게요.,보습력/수분감,촉촉하고,1,[속성] 보습력/수분감 [문장] 촉촉하고,,보습력/수분감/쿨링감,merged_duplicate_label
train,288783,쇼핑몰,메이크업/뷰티소품,OO 인** 커버 왕쿠션+비비크림 대박세트,일단 사이즈가 진짜 커서 너무 놀랐구요 커서 편하게 커버할수 있구요 촉촉해요 커버보면 촉촉함이 보이죠? ㅎㅎ 만족합니다~^^,보습력/수분감,촉촉해요,1,[속성] 보습력/수분감 [문장] 촉촉해요,,보습력/수분감/쿨링감,merged_duplicate_label
train,288856,쇼핑몰,메이크업/뷰티소품,OO 인** 커버 왕쿠션+비비크림 대박세트,제품 자체가 좋다고 유명해서 가격도 비싸고 구성도 안 좋지만 구매했는데 사용하기가 너무 불편합니다. 배송도 늦어서 불만이네요.,가격,가격도 비싸고,-1,[속성] 가격 [문장] 가격도 비싸고,,가격,unchanged
train,288868,쇼핑몰,메이크업/뷰티소품,OO 인** 커버 왕쿠션+비비크림 대박세트,건조한 제 피부에 촉촉하니 자연스럽게 커버되요 케이스도 너무 이뻐서 자주 거울을 보게되요 용량도 왕커버라 대만족입니다,보습력/수분감,촉촉하니,1,[속성] 보습력/수분감 [문장] 촉촉하니,,보습력/수분감/쿨링감,merged_duplicate_label
train,288911,쇼핑몰,메이크업/뷰티소품,OO 인** 커버 왕쿠션+비비크림 대박세트,좋다는 쿠션들 다여러가지 써 봤는 데 전 다 별로라서 이른바 쿠션 유목민이었어요 근데 OOO 쿠션은 정말 맘에 드네요 촉촉하고 발림성도 좋고 색상도 맘에 들어요 담에 또 주문하려고요,보습력/수분감,촉촉하고,1,[속성] 보습력/수분감 [문장] 촉촉하고,,보습력/수분감/쿨링감,merged_duplicate_label
train,288918,쇼핑몰,메이크업/뷰티소품,OO 인** 커버 왕쿠션+비비크림 대박세트,케이스예쁘고 커버력이좋아요 저는 여러가지 써보고 선택하기 힘들었는데 OOO가 딱이네요 촉촉하고 오래가니좋아요^^,보습력/수분감,촉촉하고,1,[속성] 보습력/수분감 [문장] 촉촉하고,,보습력/수분감/쿨링감,merged_duplicate_label
train,288932,쇼핑몰,메이크업/뷰티소품,OO 인** 커버 왕쿠션+비비크림 대박세트,젊은 사람들에게 인기있는 제품인가보네요 배송 오기전부터 딸이 자기가 쓸꺼라고 ㅋ 케이스도 이쁘고 발림성도 좋고 대용량에 너무너무좋아요 딸래미랑 나눠써야하니 다시구매해야겠어요,용기,케이스도 이쁘고,1,[속성] 용기 [문장] 케이스도 이쁘고,,용기,unchanged
train,288943,쇼핑몰,메이크업/뷰티소품,OO 인** 커버 왕쿠션+비비크림 대박세트,피부가 촉촉하고 화사해보여요 거울도 커서맘에쏙^^ 지인들한테 적극추천햇더니 다들주문신청하네요 2개 더주문합니다..ㅋ 지금껏써본 제품보다 훨씬좋아요,보습력/수분감,피부가 촉촉하고,1,[속성] 보습력/수분감 [문장] 피부가 촉촉하고,,보습력/수분감/쿨링감,merged_duplicate_label
train,288997,쇼핑몰,메이크업/뷰티소품,OO 인** 커버 왕쿠션+비비크림 대박세트,피부화장은 별도로 안하고 오로지 쿠션 하나만 사용하는데 이것저것 안써본 쿠션이 없을정도! 근데 이건 이름처럼 인생쿠션될듯해요 볼에 홍조도 완벽커버되면서 촉촉하고 가벼워요 딸냄이랑 나눠쓸려고 주문했는데 10대 딸아이도 40대 내가써도 둘다만족스런 쿠션인거 같아요,보습력/수분감,촉촉하고,1,[속성] 보습력/수분감 [문장] 촉촉하고,,보습력/수분감/쿨링감,merged_duplicate_label
train,288998,쇼핑몰,메이크업/뷰티소품,OO 인** 커버 왕쿠션+비비크림 대박세트,사용해보고싶어서 구매고민하는 중에 티비채널 돌리다가 우연히 홈쇼핑 방송을 보고 구매했어요!! 오늘 처음 써봣는데 촉촉하고 커버력도 좋아요!! 기대이상인 제품이예요,보습력/수분감,촉촉하고,1,[속성] 보습력/수분감 [문장] 촉촉하고,,보습력/수분감/쿨링감,merged_duplicate_label
train,289045,쇼핑몰,메이크업/뷰티소품,OO 왕쿠션+비비크림 대박세트,주변에서 OOO OOO해서 구입했습니다 빅사이즈 크기부터 구성품인 퍼프 추가증정까지 넘 만족합니다 회사 언니들두 써보더니 촉촉하고 커버력도 좋다고 바로 들어와서 구매했어요~^^,보습력/수분감,촉촉하고,1,[속성] 보습력/수분감 [문장] 촉촉하고,,보습력/수분감/쿨링감,merged_duplicate_label
train,289062,쇼핑몰,메이크업/뷰티소품,OO 왕쿠션+비비크림 대박세트,잘받았습니다! 촉촉하고수정을많이안해도유지되서좋은것같아요! 구성품도좋아요,보습력/수분감,촉촉하고,1,[속성] 보습력/수분감 [문장] 촉촉하고,,보습력/수분감/쿨링감,merged_duplicate_label
train,289081,쇼핑몰,메이크업/뷰티소품,OO 왕쿠션+비비크림 대박세트,케이스가 예뻐서 알게 됐는데 제품도 좋으네요~~ 사용해 보니 쿨링감이 있어 시원하고 커버도 뽀사시 하니 최고네요~~ 철벽녀에서 갈아 탔어요~~ㅎㅎ,보습력/수분감,시원하고,1,[속성] 보습력/수분감 [문장] 시원하고,,보습력/수분감/쿨링감,merged_duplicate_label
train,289104,쇼핑몰,메이크업/뷰티소품,OO 왕쿠션+비비크림 대박세트,촉촉하고 첫느낌 시원해요 커버도 좋은것같네요 휴대용으로 작은사이즈도 있었으면 좋겠어요,보습력/수분감,촉촉하고,1,[속성] 보습력/수분감 [문장] 촉촉하고,,보습력/수분감/쿨링감,merged_duplicate_label
train,289129,쇼핑몰,메이크업/뷰티소품,OO 왕쿠션+비비크림 대박세트,데일리로 사용하기 좋은제품인거 같아요. 크기는 그야말로 왕!! 왕쿠션이라고 할만하네요!! 다른 후기볼때 커버력이 좋지만 발색이 잿빛이 있다고.. 저도 약간 같은느낌 하지만 발림성 좋고 촉촉해요. 쿨링감도 살짝 느껴지고요! 생기 있기 보이려면 볼터치가 필요할거 같습니다~~^^ 만족스러워요!,발림성,발림성 좋고,1,[속성] 발림성 [문장] 발림성 좋고,,발림성,unchanged
train,289161,쇼핑몰,메이크업/뷰티소품,OO 왕쿠션+비비크림 대박세트,괜찮다고 해서 집에 쿠션많은데 구매했어요 몇시간지나면 갈라지고 뜨고 그랬는데 OOO왕쿠션은 그런게 덜해요 쿠션도 쿠션이지만 구성품인 비비크림 도 좋네요 바쁠때 요거하나 슥 바르고 나가도 시간 단축되고 좋아요 촉촉하고 커버도 잘되고 쿠션은 퍼프도 크고 일단 거울이 커서 따로 거울챙길이 없어 좋구요 OOO왕쿠션 진작알았다면 좋았을텐데 저는 넘나 좋아요,보습력/수분감,촉촉하고,1,[속성] 보습력/수분감 [문장] 촉촉하고,,보습력/수분감/쿨링감,merged_duplicate_label
train,289176,쇼핑몰,메이크업/뷰티소품,OO 왕쿠션+비비크림 대박세트,7일 무료체험이라해서 반신반의하고 시켜봤는데... 바르는 순간...우와~대박 제 피부가 건성이고 잔주름도 심해서 어떤 쿠션을 써도 금방 들뜨고 주름이 더 도드라보였는데 OOO 왕쿠션은 촉촉하고 주름도 커버되고 덧발라도 뜨거나 뭉침 없이 처음처럼 잘 스며들어서 좋아요... 지인들한테 추천하는 중이예요~^^ 세트 구성에 미니 포함되면 좋겠다 싶네요. 휴대용으로.,보습력/수분감,촉촉하고,1,[속성] 보습력/수분감 [문장] 촉촉하고,,보습력/수분감/쿨링감,merged_duplicate_label
train,289176,쇼핑몰,메이크업/뷰티소품,OO 왕쿠션+비비크림 대박세트,7일 무료체험이라해서 반신반의하고 시켜봤는데... 바르는 순간...우와~대박 제 피부가 건성이고 잔주름도 심해서 어떤 쿠션을 써도 금방 들뜨고 주름이 더 도드라보였는데 OOO 왕쿠션은 촉촉하고 주름도 커버되고 덧발라도 뜨거나 뭉침 없이 처음처럼 잘 스며들어서 좋아요... 지인들한테 추천하는 중이예요~^^ 세트 구성에 미니 포함되면 좋겠다 싶네요. 휴대용으로.,커버력,주름도 커버되고,1,[속성] 커버력 [문장] 주름도 커버되고,,커버력,unchanged
train,289200,쇼핑몰,메이크업/뷰티소품,OO 왕쿠션+비비크림 대박세트,대용량이라 크기가 커서 거울이 시원하게 보이고 빠르게 바를 수 있어 좋았습니다 커버력도 좋은편입니다,사이즈/두께,대용량이라,1,[속성] 사이즈/두께 [문장] 대용량이라,,사이즈/두께,unchanged
train,289211,쇼핑몰,메이크업/뷰티소품,OO 왕쿠션+비비크림 대박세트,"일단 촉촉하고 커버력은 좋네요. 한번밖에 못써봤으나, 주름사이커버는 아닌듯~~ 마술이겠죠 ㅋ 몢번 더 써봐야 확실하겠죠~ ^^ 쿠변보다 구성품 비비크림이 더 예술입니다.^^",보습력/수분감,촉촉하고,1,[속성] 보습력/수분감 [문장] 촉촉하고,,보습력/수분감/쿨링감,merged_duplicate_label
train,289244,쇼핑몰,메이크업/뷰티소품,OO 왕쿠션+비비크림 대박세트,진짜 인생쿠션 만난거 같아요^^ 케이스도 이쁘고 톤도 이쁘고 수분도 가득해서 덧발랐을때도 더 촉촉하고 좋네요.상품평 작성하면 정품사은품까지 생각하면 ㅇㅇ쇼핑이 젤 알뜰구매인가 같아요.넘 좋아요♡잘 쓸께용~,용기,케이스도 이쁘고,1,[속성] 용기 [문장] 케이스도 이쁘고,,용기,unchanged
train,289274,쇼핑몰,메이크업/뷰티소품,OO 왕쿠션+비비크림 대박세트,어머님이 어디서 써보시고 주문해달라고 하셔서 주문했는데 어머님께서 촉촉하고 얼굴에 착착 잘 맞는다고 좋아하시네요~^^ 저도 지금 쓰고있는 쿠션 다쓰면 미바로 바꾸려구요!,보습력/수분감,촉촉하고,1,[속성] 보습력/수분감 [문장] 촉촉하고,,보습력/수분감/쿨링감,merged_duplicate_label
train,289287,쇼핑몰,메이크업/뷰티소품,OO 왕쿠션+비비크림 대박세트,오자마자 테스트해봤는데 촉촉하고 커버력도 좋아요 근데 평소 21호 쓰는데 저한테는 조금 어두운 느낌이 있네요 정말쿠션도 크고 바르기 편해요,보습력/수분감,촉촉하고,1,[속성] 보습력/수분감 [문장] 촉촉하고,,보습력/수분감/쿨링감,merged_duplicate_label
train,289294,쇼핑몰,메이크업/뷰티소품,OO 왕쿠션+비비크림 대박세트,전부터 쓰고 있는제품이예요 믿고쓰는 미바왕쿠션~^^ 제 주위분들에게도 소개 많이해서 많이 사용하고있어용ㅎㅎ 촉촉하고 들뜸이 없어 넘 좋아용,보습력/수분감,촉촉하고,1,[속성] 보습력/수분감 [문장] 촉촉하고,,보습력/수분감/쿨링감,merged_duplicate_label
train,289297,쇼핑몰,메이크업/뷰티소품,OO 왕쿠션+비비크림 대박세트,추천받아 OOO 사용중입니다 다쓰고 좋아서 다시 주문했어요 촉촉하고 뭉침없고 커버력도 좋아요 화사해요~ 화장 수정할때도 편하고 좋아요 퍼프도 커서 몇번찍으면 화장끝이에요ㅎㅎ 어차피 또 주문할것 2세트 주문했어요 비비크림은 언니줬는데 좋다고 주문한다고 하네요ㅎㅎ 또 다 쓰면 재구매 의사 백퍼있어요ㅎㅎ,보습력/수분감,촉촉하고,1,[속성] 보습력/수분감 [문장] 촉촉하고,,보습력/수분감/쿨링감,merged_duplicate_label
train,289361,쇼핑몰,메이크업/뷰티소품,OO 왕쿠션+비비크림 대박세트,촉촉하고 커버도 잘돼요~ 건조해서 쿠션 고르는데 힘들었는데 거울도 크고 촉촉해서 너무 맘에들어요!,보습력/수분감,촉촉하고,1,[속성] 보습력/수분감 [문장] 촉촉하고,,보습력/수분감/쿨링감,merged_duplicate_label
train,289384,쇼핑몰,메이크업/뷰티소품,OO 왕쿠션+비비크림 대박세트,쿠션 크기가 커서 바쁜 아침에 편리하네요~ 건성 피부에도 화장이 들뜨지않고 좋네요~,사이즈/두께,쿠션 크기가 커서,1,[속성] 사이즈/두께 [문장] 쿠션 크기가 커서,,사이즈/두께,unchanged
train,289392,쇼핑몰,메이크업/뷰티소품,OO 왕쿠션+비비크림 대박세트,우선21호로 결정..촉촉하고 커버력이 좋아요..견**쿠션 쓰다 갈아탔는데 괜찮네요. 우선 얼굴이 화사해보여요^^ 후기남기니 사은품 비비크림과 쿠션 챙겨주세요~~^^,보습력/수분감,촉촉하고,1,[속성] 보습력/수분감 [문장] 촉촉하고,,보습력/수분감/쿨링감,merged_duplicate_label
train,289411,쇼핑몰,메이크업/뷰티소품,OO 왕쿠션+비비크림 대박세트,별로 기대는 안했지만 유명하고 본품 무료체험있길래 주문했습니다. 기대보다 훨씬 촉촉하고 광도 나고 발림성도 좋은듯. 좀 과하게 크긴한데 두꺼운편은 아니라 그나마 다행같아요. 전반적으로 만족스럽습니다,보습력/수분감,촉촉하고,1,[속성] 보습력/수분감 [문장] 촉촉하고,,보습력/수분감/쿨링감,merged_duplicate_label
train,289425,쇼핑몰,메이크업/뷰티소품,OO 왕쿠션+비비크림 대박세트,배송빨랐구요 크기도 크고 케이스도이뻐서 맘에 들어요 바로 뜯어서 사용했더니 시원하고 은은하게 향도 나더라구요 커버력도 괜찮구요 넘 맘에들어요,보습력/수분감,시원하고,1,[속성] 보습력/수분감 [문장] 시원하고,,보습력/수분감/쿨링감,merged_duplicate_label
train,289483,쇼핑몰,메이크업/뷰티소품,OO 왕쿠션+비비크림 대박세트,와우 외출시 거울이 필요없고 촉촉하고 커버 또한 대박입니다,보습력/수분감,촉촉하고,1,[속성] 보습력/수분감 [문장] 촉촉하고,,보습력/수분감/쿨링감,merged_duplicate_label
train,289486,쇼핑몰,메이크업/뷰티소품,OO 왕쿠션+비비크림 대박세트,쿠션 유목민에서 벗어날만한 아이템이네요. 얼굴이 건조하고 잡티가 많아서 커버력은 좋으면서 가볍고 촉촉한 쿠션을 원했었는데요. 촉촉하면 머리카락 달라붙고 커버력은 약하고 만족할만한 쿠션이 없어서 리필쿠션만 샀었는데 이건 후기가 좋아서 속는셈치고 셋트구매했는데..바르고나니 피부가 광나고 커버력도 좋고(커버력이 완벽은 아님) 밀착되고 오래가고 넘 좋네요!!,밀착력/접착력,밀착되고,1,[속성] 밀착력/접착력 [문장] 밀착되고,,밀착력/접착력,unchanged
train,289488,쇼핑몰,메이크업/뷰티소품,OO 왕쿠션+비비크림 대박세트,발림성 좋고 얼굴이 화사한데 속건성 피부라 시간이 지나니 주름과 당김현상이.. 그건 어느 것을 발라도 마찬가지인 것 같아요. 피부가 화사한 광채와 밀림현상도 별로 없이 잘 발라져서 대체로 만족합니다.,발림성,발림성 좋고,1,[속성] 발림성 [문장] 발림성 좋고,,발림성,unchanged
train,289504,쇼핑몰,메이크업/뷰티소품,OO 왕쿠션+비비크림 대박세트,지인이 줘서 써봤는데 너무 좋아서 구매했습니다 촉촉하고 커버도 잘되고 앞으로 잘 쓰겠습니다,보습력/수분감,촉촉하고,1,[속성] 보습력/수분감 [문장] 촉촉하고,,보습력/수분감/쿨링감,merged_duplicate_label
train,289517,쇼핑몰,메이크업/뷰티소품,OO 왕쿠션+비비크림 대박세트,OOO 왕쿠션 정말 크네요... 소문듣고 홈쇼핑 보다 구입했는데 촉촉하고 21호 색상이 밝고 피부가 화사하니 좋아요.,보습력/수분감,촉촉하고,1,[속성] 보습력/수분감 [문장] 촉촉하고,,보습력/수분감/쿨링감,merged_duplicate_label
train,289528,쇼핑몰,메이크업/뷰티소품,OO 왕쿠션+비비크림 대박세트,촉촉하고 커버 잘되요. 동생이랑 나눠 쓰려고 구매했어요. 동생도 마음에 든다고 하네요. 크기가 크니까 화장하기 편해요.,보습력/수분감,촉촉하고,1,[속성] 보습력/수분감 [문장] 촉촉하고,,보습력/수분감/쿨링감,merged_duplicate_label
train,289530,쇼핑몰,메이크업/뷰티소품,OO 왕쿠션+비비크림 대박세트,촉촉하고 커버력 좋아요! 겨울에 진작 썼으면 더 좋았을 것 같아요~! 무료체험 써보고 안맞으면 반품하려 했는데 본품을 체험분으로 주는데는 다 이유가 있네요^^ 왕퍼프가 첨엔 손에 안익어서 어색했는데 이제 작은게 불편하네요ㅎㅎ 쇼호스트분들 너무 하얘지는 것 같아서 목하고 분리현상도 좀 걱정했는데 21호 딱 자연스럽고 허얘지지 않아요~! OO쇼핑에서 할인받고 적립금받고 후기쓰면 사은품 제품을 또받고! 진짜 득템이네요~^^,보습력/수분감,촉촉하고,1,[속성] 보습력/수분감 [문장] 촉촉하고,,보습력/수분감/쿨링감,merged_duplicate_label
train,289543,쇼핑몰,메이크업/뷰티소품,OO 왕쿠션+비비크림 대박세트,21호랑 23호랑 고민하다 23호 색상구입했는데.. 생각했던거보다 어둡지 않아서 좋아요^^ 손바닥만한 큼직한 쿠션이라 몇번 톡톡 바르면 다발릴것 같아요. 촉촉하니 발림성도 좋고 정말 킹왕짱 인생쿠션이네요ㅋㅋ 퍼프 개수도 넉넉해서 위생적이라 넘넘 좋네요^^ 향도 은은하니 좋고 거울도 큼직해서 따로 거울이 필요없을 듯 합니다. 왜 OOO인생쿠션이라 소문났는지 알겠네요ㅋㅋ,보습력/수분감,촉촉하니,1,[속성] 보습력/수분감 [문장] 촉촉하니,,보습력/수분감/쿨링감,merged_duplicate_label
train,289550,쇼핑몰,메이크업/뷰티소품,OO 왕쿠션+비비크림 대박세트,"속당김이 강한 피부에 강추 입니다.촉촉하고 피부가 건조하지 않고 편한 느낌 입니다. 타회사 견ㅇㅇ 과 비교하면 화사, 촉촉 비슷하지만 끈적해서 얼굴에 머리카락이 달라 붙음이 덜해요 아주 안붙지는 않아요.쇼호스트님 얼굴이 너무 하얗게 나와서 걱정했는데 색상 괜찮고 기미 커버도 90% 인것 같아요 강추 합니다 화장시간이 빨라졌어요",보습력/수분감,촉촉하고,1,[속성] 보습력/수분감 [문장] 촉촉하고,,보습력/수분감/쿨링감,merged_duplicate_label
train,289564,쇼핑몰,메이크업/뷰티소품,OO 왕쿠션+비비크림 대박세트,커버력도 좋고 발색력도 아주 좋은 제품이예요 왜 7일 체험분 이벤트를 하는지 알것같아요. 자신감있게 내놓을만 하네요~~ 아쉬운점은 구성품에 비비크림대신에 작은사이즈의 동일 쿠션을 줬으면 좋겠어요 케이스가 커서 들고다니가가 좀 힘들더라구요 하지만 큰사이즈 용량은 맘에 들어요~~^^,사이즈/두께,케이스가 커서,-1,[속성] 사이즈/두께 [문장] 케이스가 커서,,사이즈/두께,unchanged
train,289568,쇼핑몰,메이크업/뷰티소품,OO 왕쿠션+비비크림 대박세트,21호가 제게는 좀 밝은감이 있지만..오히려 화사하니 괜찮다하여 씁니다. 촉촉하고 많이 밀리지는 않아요,보습력/수분감,촉촉하고,1,[속성] 보습력/수분감 [문장] 촉촉하고,,보습력/수분감/쿨링감,merged_duplicate_label
train,289626,쇼핑몰,메이크업/뷰티소품,OO 트** 쿠션 세트_완벽구성,앰플의 힘은 정말 대단해요.종일 촉촉하고 커버력 짱짱한 인생득템입니다,보습력/수분감,촉촉하고,1,[속성] 보습력/수분감 [문장] 촉촉하고,,보습력/수분감/쿨링감,merged_duplicate_label
train,289631,쇼핑몰,메이크업/뷰티소품,OO 트** 쿠션 세트_슬림구성,여러 쿠션을 써봤는데 촉촉하고 밀착력이 정말 좋아요 색감도 괜찮구요 아쉬운건 구성이 좀 약하네요 다른쿠션은 리필이나 이것저것 많이 주던데,보습력/수분감,촉촉하고,1,[속성] 보습력/수분감 [문장] 촉촉하고,,보습력/수분감/쿨링감,merged_duplicate_label
train,289642,쇼핑몰,메이크업/뷰티소품,OO 파** 파운데이션 특별구성,배송받자마자 바로 써보니 정말 소문대로 홍파데네요 발림성이 좋고 색상도 정말 좋아요 강추합니다 잘쓸께요 ^^,발림성,발림성이 좋고,1,[속성] 발림성 [문장] 발림성이 좋고,,발림성,unchanged
train,289651,쇼핑몰,메이크업/뷰티소품,OO 파** 파운데이션 특별구성,몇번 고민하고 생각하고 주문 했어요~~~ 후기 다보고 사람마다 차이점 있겠지만 저는 택배 오자마자 사용 해봤어요 ~~~ 커버력이 진짜 대박 제가 화장하면 화장 뜨고 뭔가 안 촉촉한데 이건 완전 대박 이예요 촉촉해요 제가 아침 9시 출근해서 저녁6시 퇴근하는데 그때까지 광택 광택가 촉촉하고 진짜 ㅠㅠㅠㅠㅠㅠ좋아요,보습력/수분감,촉촉해요,1,[속성] 보습력/수분감 [문장] 촉촉해요,,보습력/수분감/쿨링감,merged_duplicate_label
train,289658,쇼핑몰,메이크업/뷰티소품,OO 파** 파운데이션 특별구성,진작부터 사고 싶었는데 이제야 사용하게되어 너무 아쉬워요~~밀착력도 좋고 제 피부에 아주 찰떡이어서 완벽한 피부로 연출해주네요....완전 반했어요~~,밀착력/접착력,밀착력도 좋고,1,[속성] 밀착력/접착력 [문장] 밀착력도 좋고,,밀착력/접착력,unchanged
train,289699,쇼핑몰,메이크업/뷰티소품,OO 커** 파워 핏 파운데이션,생각보다 발림성이 진짜 좋네요 색깔도 너무예쁘고 하루종일 촉촉하네요,지속력/유지력,하루종일 촉촉하네요,1,[속성] 지속력/유지력 [문장] 하루종일 촉촉하네요,,지속력/유지력,unchanged
train,289731,쇼핑몰,메이크업/뷰티소품,OO 루** 립 풀세트,색깔이 참 예뻐요~ 쪽쪽하고 발림도 좋은데 약간 아쉬운점이 있다면 묻어나지 않는다고해서 샀는데 컵에 조금 묻어 나네요~^,보습력/수분감,쪽쪽하고,1,[속성] 보습력/수분감 [문장] 쪽쪽하고,,보습력/수분감/쿨링감,merged_duplicate_label
train,289748,쇼핑몰,메이크업/뷰티소품,OO 루** 립 풀세트,발림성도 좋고 촉촉해요 이가격에 이갯수면 가성비최고인듯^^,보습력/수분감,촉촉해요,1,[속성] 보습력/수분감 [문장] 촉촉해요,,보습력/수분감/쿨링감,merged_duplicate_label
train,289908,쇼핑몰,메이크업/뷰티소품,OO 달** 쿠션,촉촉하고밀착력도굿.,보습력/수분감,촉촉하고,1,[속성] 보습력/수분감 [문장] 촉촉하고,,보습력/수분감/쿨링감,merged_duplicate_label
train,289909,쇼핑몰,메이크업/뷰티소품,OO 달** 쿠션,"촉촉~~허니 좋아요^^ 루* 쓰다가 겨울이라 건조해서 바꿨는데, 광나고 촉촉해요",보습력/수분감,촉촉해요,1,[속성] 보습력/수분감 [문장] 촉촉해요,,보습력/수분감/쿨링감,merged_duplicate_label
train,289922,쇼핑몰,메이크업/뷰티소품,OO 커** 쿠션 대박구성,상품평보고 샀는데 커버력은 그럭저럭밀착력은 너무 없고 밀리고 제형이 주름끼고 신경이 자꾸 써여 이것저것 사용해본것중에 최악이네요 ㅜ ㅜ,발림성,밀리고,-1,[속성] 발림성 [문장] 밀리고,,발림성,unchanged
train,289989,쇼핑몰,메이크업/뷰티소품,OO 달** 쿠션,받자마자 굼금해서 바로 사용해봤어요. 촉촉하고 생각보다 커버도 잘 되네요. 저렴한 가격에 좋은 상품 구매했네요.잘 쓰겠습니다^^,보습력/수분감,촉촉하고,1,[속성] 보습력/수분감 [문장] 촉촉하고,,보습력/수분감/쿨링감,merged_duplicate_label
train,290546,쇼핑몰,메이크업/뷰티소품,OO 디** 쿠션 초특가 패키지,주문하고 11일만에 받았어요 ㅡㅡ 그럼에도 불구하고 넘 맘에 듭니다 케이스도 이쁘고 사은품 쉐도색상도 넘넘 이뻐요!! 빨리 마스크벗고 외출할수있는 날이 오길.... 상품평작성 사은품도 늦게 받는건 아니겠죠?,용기,케이스도 이쁘고,1,[속성] 용기 [문장] 케이스도 이쁘고,,용기,unchanged
train,290581,쇼핑몰,메이크업/뷰티소품,OO 디** 쿠션 초특가 패키지,상품 품질이 좋아요. 오늘 받아서 써봤는데 좋아요 촉촉하고 광도 나요,보습력/수분감,촉촉하고,1,[속성] 보습력/수분감 [문장] 촉촉하고,,보습력/수분감/쿨링감,merged_duplicate_label
train,290584,쇼핑몰,메이크업/뷰티소품,OO 디** 쿠션 초특가 패키지,오늘 받자마자 써봤는데요..얼굴에 밀착도 잘되고 촉촉하고 색상도 좋아요~ 가격이 넘 저렴해서 별기대안했는데요 가격대비 완전 좋아요 담에 재구매할깨요~지인들에게도 강추 입니다~^^,보습력/수분감,촉촉하고,1,[속성] 보습력/수분감 [문장] 촉촉하고,,보습력/수분감/쿨링감,merged_duplicate_label
train,290684,쇼핑몰,메이크업/뷰티소품,OO 디** 쿠션 초특가 패키지,촉촉하고 퍼프로 눌렀을 때 많이 안묻어나와서 좋아요.,보습력/수분감,촉촉하고,1,[속성] 보습력/수분감 [문장] 촉촉하고,,보습력/수분감/쿨링감,merged_duplicate_label
train,291030,쇼핑몰,메이크업/뷰티소품,OO 블** 립스틱 프리미엄  패키지,발림성 좋고 꽤 촉촉합니다만 안묻어나는 건 아니에요,발림성,발림성 좋고,1,[속성] 발림성 [문장] 발림성 좋고,,발림성,unchanged
train,291348,쇼핑몰,메이크업/뷰티소품,OO 쿨** 커버팩트 스페셜 패키지,시원하고 촉촉해요 ㅎㅎ 커버력은 좀 떨어지지만 만족입니다,보습력/수분감,시원하고,1,[속성] 보습력/수분감 [문장] 시원하고,,보습력/수분감/쿨링감,merged_duplicate_label
train,291390,쇼핑몰,메이크업/뷰티소품,OO 매** 립스틱,발색이 좋은 립스틱이라고 하길래 구매했는데 생각보다 발색도 약합니다. 잘 지워지고 잘 묻어나는 립스틱이라서 안 좋습니다.,지속력/유지력,잘 지워지고,-1,[속성] 지속력/유지력 [문장] 잘 지워지고,,지속력/유지력,unchanged
train,286238,쇼핑몰,메이크업/뷰티소품,OO 팡** 빅 선쿠션 스페셜 패키지(더블),백탁 현상 없이..촉촉하고 양도 많아 오랫동안 잘 사용 할듯합니다.,보습력/수분감,촉촉하고,1,[속성] 보습력/수분감 [문장] 촉촉하고,,보습력/수분감/쿨링감,merged_duplicate_label
train,286257,쇼핑몰,메이크업/뷰티소품,OO 팡** 빅 선쿠션 스페셜 패키지(더블),쿠션 크기가 커서 잘 발라지고 시원해서 자외선 차단을 쉽게 할 수 있습니다.,용기,쿠션 크기가 커서,1,[속성] 용기 [문장] 쿠션 크기가 커서,,용기,unchanged
train,286605,쇼핑몰,메이크업/뷰티소품,OO 블** 멜라스틱 5개,마스크에 전혀 안묻는건 아닙니다.. 제형이 부드럽고 잘발립니다.. 촉촉하고 뽀샤시 합니다,보습력/수분감,촉촉하고,1,[속성] 보습력/수분감 [문장] 촉촉하고,,보습력/수분감/쿨링감,merged_duplicate_label
train,286640,쇼핑몰,메이크업/뷰티소품,OO 팡** 빅 선쿠션(본품 2+ 리필 1),촉촉하고 편하게 쓸 수 있어서 좋아요~~ 3번째 구매했네요. 양은 좀 적은편이에요.,보습력/수분감,촉촉하고,1,[속성] 보습력/수분감 [문장] 촉촉하고,,보습력/수분감/쿨링감,merged_duplicate_label
train,286656,쇼핑몰,메이크업/뷰티소품,OO 퍼** 에센스 커버 팩트 (본품+리필),발림성이 좋아요. 촉촉하고 매끈하게 잘 발립니다. 쿠션 팩트 여러 브랜드 써봤는데 OOO가 제일 잘 맞았어요.,보습력/수분감,촉촉하고,1,[속성] 보습력/수분감 [문장] 촉촉하고,,보습력/수분감/쿨링감,merged_duplicate_label
train,286658,쇼핑몰,메이크업/뷰티소품,OO 퍼** 에센스 커버 팩트 (본품+리필),촉촉하고 적당한 커버력이 잘 유지되서 항상 애용하고 있어요,보습력/수분감,촉촉하고,1,[속성] 보습력/수분감 [문장] 촉촉하고,,보습력/수분감/쿨링감,merged_duplicate_label
train,286677,쇼핑몰,메이크업/뷰티소품,OO 롱래스팅 컨실픽싱 쿠션 (본품+리필),음... 발림성은 다른 쿠션과 다르지 않게 잘 발리는데.. 밀리고 겉도는 느낌.. 재구매는 안할거 같고 리필도 못쓸듯 촉촉한타입은 아닌듯,발림성,밀리고,-1,[속성] 발림성 [문장] 밀리고,,발림성,unchanged
train,286687,쇼핑몰,메이크업/뷰티소품,OO U** 에센스 선스틱 SPF50+,완전좋아요. 최애되었어요. 10년간 안써본 스틱없는데 이제품 진짜 좋아요. 성분이 순하고 발림성좋고요. 어디서 샀더라하고 찾고찾아서 재구매하려고 들어왔다가 리뷰남겨요~만들어주신분께 감사요,성분,성분이 순하고,1,[속성] 성분 [문장] 성분이 순하고,,성분,unchanged
train,286695,쇼핑몰,메이크업/뷰티소품,OO 새** 징크 선블록 50ml 1개,발림성 좋고 눈시림은 없어요 바르고 나서도 미끔거림없지만 약간 백탁이 있는데 바르고 나서 시간이 지나니 없어지네요,발림성,발림성 좋고,1,[속성] 발림성 [문장] 발림성 좋고,,발림성,unchanged
train,292003,쇼핑몰,메이크업/뷰티소품,OO 핑** 아이브로우 틴트 ,너무 잘 그려지네요..갯수도 많고 일단 잘 써 볼게요^^ 개수가 많아서 딸아이도 하나주고 친정엄마도 하나주고 득템 햇네요~~,용량/개수,갯수도 많고,1,[속성] 용량/개수 [문장] 갯수도 많고,,용량/개수,unchanged
train,292810,쇼핑몰,메이크업/뷰티소품,OO 미** 아이래쉬 속눈썹 스페셜 구성,똥손이여서 인지 잘 안되긴 한데..다른제품에 비해 오래가는것 같아요. 다만 사용하기 불편하네요.,편의성/활용성,사용하기 불편하네요.,-1,[속성] 편의성/활용성 [문장] 사용하기 불편하네요.,,편의성/활용성,unchanged
train,292890,쇼핑몰,메이크업/뷰티소품,OO 미** 아이래쉬 속눈썹 스페셜 구성,하루에 한 다섯번은 아이라인을 덧발랐네요. 아이라인의 두께로 속눈썹 붙였는지는 금방 알수 있네요. 접착력의 한계로 추천하기 어렵네요.사용하기 불편하네요.,편의성/활용성,사용하기 불편하네요.,-1,[속성] 편의성/활용성 [문장] 사용하기 불편하네요.,,편의성/활용성,unchanged
train,293223,쇼핑몰,메이크업/뷰티소품,OO 미니립밤 로지 7g 2개,요즘 건조해서 집에 한개있는거 써보니 부드럽고 좋아서 구매했어요^^,윤기/피부(톤),부드럽고,1,[속성] 윤기/피부(톤) [문장] 부드럽고,,윤기/피부(톤),unchanged
train,293277,쇼핑몰,메이크업/뷰티소품,OO 벨** 립라커패키지+ 피니시케이크,컬러도 예쁘고 촉촉하고 향도 너무 상큼해서 너무좋아요~~~,보습력/수분감,촉촉하고,1,[속성] 보습력/수분감 [문장] 촉촉하고,,보습력/수분감/쿨링감,merged_duplicate_label
train,293306,쇼핑몰,메이크업/뷰티소품,OO 벨** 립라커패키지+ 피니시케이크,받았습니다. 발림성 좋고 잘 묻어나지 않는듯요. 암튼 싸게 잘 산것 같아요~^_^♡,발림성,발림성 좋고,1,[속성] 발림성 [문장] 발림성 좋고,,발림성,unchanged
train,293363,쇼핑몰,메이크업/뷰티소품,OO 골** 립스틱 6종 세트+정품 클러치,부드럽고 촉촉해서 좋아요 디자인도 예쁘고 색상도 맘에 들어요~,윤기/피부(톤),부드럽고,1,[속성] 윤기/피부(톤) [문장] 부드럽고,,윤기/피부(톤),unchanged
train,293438,쇼핑몰,메이크업/뷰티소품,OO 러** 립스틱,촉촉하고 색상도 5가지로 다양한데 하나도 버릴게 없어요~~다른 립스틱은 늘 입술보호제랑 같이 써야 트지 않았는데 아테스토니 립스틱은 이거 하나면 끝! 파우치도 가벼워졌어요~~,보습력/수분감,촉촉하고,1,[속성] 보습력/수분감 [문장] 촉촉하고,,보습력/수분감/쿨링감,merged_duplicate_label
train,293456,쇼핑몰,메이크업/뷰티소품,OO 립스틱 6color,배송은 무지 느렸지만 상품에 만족해요 촉촉하고 발색력도 좋고 지속력도 좋아요.강추,보습력/수분감,촉촉하고,1,[속성] 보습력/수분감 [문장] 촉촉하고,,보습력/수분감/쿨링감,merged_duplicate_label
train,293459,쇼핑몰,메이크업/뷰티소품,OO 립스틱 6color,"발색도 예쁘고, 촉촉함이 오래가서 좋아요. 다양한 색상과 넉넉한 수량덕에 동료들과 나눌 수 있어 흐뭇했어요",보습력/수분감,촉촉함이 오래가서 좋아요.,1,[속성] 보습력/수분감 [문장] 촉촉함이 오래가서 좋아요.,,보습력/수분감/쿨링감,merged_duplicate_label
train,293488,쇼핑몰,메이크업/뷰티소품,OO 일** 울트라 리페어 립밤 13g x2,촉촉하고 제형이 부드러우며 윤기가 나네요. 겨울엔 립그로스로 덧발라도 좋을것 같네요,보습력/수분감,촉촉하고,1,[속성] 보습력/수분감 [문장] 촉촉하고,,보습력/수분감/쿨링감,merged_duplicate_label
train,293490,쇼핑몰,메이크업/뷰티소품,OO 일** 울트라 리페어 립밤 13g x2,재주문해서 쓰고있는 제품 입니다. 여름에도 입술이 건조한 편이라 4계절 애용하고 있어요. 촉촉하고 부드러우며 매끈해서 좋아요.,보습력/수분감,촉촉하고,1,[속성] 보습력/수분감 [문장] 촉촉하고,,보습력/수분감/쿨링감,merged_duplicate_label
train,294512,쇼핑몰,메이크업/뷰티소품,OO 손발톱 영양케어 세트,배송받은지 2틀째ᆢ 직후바로 사용 꾸준히 2주ㆍ4주ㆍ8주 기본2주기다려봐야 효과를 알겟어요.. 2틀바른후 아침에 손톱의 느낌이 단단해졋단 느낌은 들엇어요ᆢ 풋크림은 바른후 바로 스며들고 갈라진부분히 바로 메꿔지면서 촉촉하고 손톱이 부드러워지네요 앞으로 지속적으로 2주후가 기대됩니다,보습력/수분감,촉촉하고,1,[속성] 보습력/수분감 [문장] 촉촉하고,,보습력/수분감/쿨링감,merged_duplicate_label
train,295004,쇼핑몰,메이크업/뷰티소품,OO 네일 손발톱 영양케어 세트,남편 발톱땜에 구매해서 1개월 가까이 쓰고있는데 아직까지 발톱이 좋아지고 변한건 없네요 몇개월 더 써봐야 좋아지려나~~~ㅠㅠ 꾸준히 써서 효과를 기대해봅니다.,기능/효과,꾸준히 써서 효과를 기대해봅니다.,0,[속성] 기능/효과 [문장] 꾸준히 써서 효과를 기대해봅니다.,,기능/효과,unchanged
train,295552,쇼핑몰,메이크업/뷰티소품,OO 아르간오일 헤어에센스 100ml 3개,머리 관리를 안하다가 이제야 알게 되어 구매했습니다. 향도 좋고 머리결도 좋아지는 것 같습니다. 꾸준히 써야봐야겠습니다.,향,향도 좋고,1,[속성] 향 [문장] 향도 좋고,,향,unchanged
train,295633,쇼핑몰,메이크업/뷰티소품,OO 바디로션 총 5개,건조한 피부인데 촉촉하고 부드러워 아주 좋아요~^^,보습력/수분감,촉촉하고,1,[속성] 보습력/수분감 [문장] 촉촉하고,,보습력/수분감/쿨링감,merged_duplicate_label
train,295661,쇼핑몰,메이크업/뷰티소품,OO 립밤x3(비즈왁스/포머그래넛트/허니) 택1,부그럽게 발리고 끈적이지 않고 촉촉해요,보습력/수분감,촉촉해요,1,[속성] 보습력/수분감 [문장] 촉촉해요,,보습력/수분감/쿨링감,merged_duplicate_label
train,296910,쇼핑몰,메이크업/뷰티소품,OO 저자극 주름 멀티밤 10g 5+1 / 총 6개,이 제품보다 다른 제품이 더 촉촉하네요. 가격도 비싸고 양도 적어서 마음 놓고 사용 못합니다. 괜히 샀네요.,가격,가격도 비싸고,-1,[속성] 가격 [문장] 가격도 비싸고,,가격,unchanged
train,296932,쇼핑몰,메이크업/뷰티소품,OO 저자극 주름 멀티밤 10g 5+1 / 총 6개,여기저기 바르기 좋을 것 같아서 구매했습니다. 가격도 비싸고 생각만큼 안 좋습니다. 유분이 많아서 화장위에 덧 바르면 밀려요. 그냥 자기 전에 눈가랑 목에도 바르고 입술에도 바르고 자요 흡수가 잘 안되요. 지인이 달라고 해서 줘버렸습니다.,가격,가격도 비싸고,-1,[속성] 가격 [문장] 가격도 비싸고,,가격,unchanged
train,296932,쇼핑몰,메이크업/뷰티소품,OO 저자극 주름 멀티밤 10g 5+1 / 총 6개,여기저기 바르기 좋을 것 같아서 구매했습니다. 가격도 비싸고 생각만큼 안 좋습니다. 유분이 많아서 화장위에 덧 바르면 밀려요. 그냥 자기 전에 눈가랑 목에도 바르고 입술에도 바르고 자요 흡수가 잘 안되요. 지인이 달라고 해서 줘버렸습니다.,보습력/수분감,유분이 많아서,-1,[속성] 보습력/수분감 [문장] 유분이 많아서,,보습력/수분감/쿨링감,merged_duplicate_label
train,296993,쇼핑몰,메이크업/뷰티소품,OO 저자극 주름 멀티밤 10g 5+1 / 총 6개,이 제품이 궁금해서 비싸게 주고 구매했습니다. 다른 제품도 광고 많이 해서 고민했지만 결국 이 제품으로 선택했습니다. 나이가 들어 주름도 많아지고 겨울이라 피부도 건조하고 해서 기능성 좋은 화장품도 바르고 콜라겐도 평소에 챙겨 먹고 있습니다. 기대하면서 이 제품을 사용했는데 흡수력이 너무 좋지 않습니다. 그래서 피부가 번들거립니다. 또 피부톤도 밝아 보이지 않고 광채도 없습니다. 한 번은 바르고 나갔는데 지인이 뭘 바르길래 얼굴이 그렇게 번들거리냐고 했습니다.,흡수력,피부가 번들거립니다.,-1,[속성] 흡수력 [문장] 피부가 번들거립니다.,,흡수력,unchanged
train,297001,쇼핑몰,메이크업/뷰티소품,OO 저자극 주름 멀티밤 10g 5+1 / 총 6개,보습력이 좋지 않네요. 유분기가 너무 많아서 피부가 번들거립니다. 주름 개선 효과도 없는 것 같아요. 가격도 비싸서 더는 구매하지 않겠습니다.,흡수력,피부가 번들거립니다.,-1,[속성] 흡수력 [문장] 피부가 번들거립니다.,,흡수력,unchanged
train,297037,쇼핑몰,메이크업/뷰티소품,OO 저자극 주름 멀티밤 10g 5+1 / 총 6개,구입하여 엄마랑 같이 사용했습니다. 가격도 비싸고 생각보다 주름 개선에 효과가 없습니다. 주름이 많아져서 걱정 되어서 구매 했는데 괜히 구매했네요. 얼굴에 광채도 나지 않네요.,가격,가격도 비싸고,-1,[속성] 가격 [문장] 가격도 비싸고,,가격,unchanged
train,297059,쇼핑몰,메이크업/뷰티소품,OO 저자극 주름 멀티밤 10g 5+1 / 총 6개,"가성비 갑인제품이네요. 비슷한 종류의 상품들이 있는데 작은사이즈 착한가격, 좋은성분과 발림성 좋고 안티주름케어 좋습니다. 가지고 다니며 아무때나 필요할때 쓰고 있습니다. 지인들에게 새해선물로 나눔하기에도 부담없어 좋으네요.",발림성,발림성 좋고,1,[속성] 발림성 [문장] 발림성 좋고,,발림성,unchanged
train,297188,쇼핑몰,메이크업/뷰티소품,OO 웜** EDP 30ML 세트(본품+공병+클래식레인샘플) 특가전,향도 좋고 디자인도 괜찮으네요 잘 쓰겠습니다~^^,향,향도 좋고,1,[속성] 향 [문장] 향도 좋고,,향,unchanged
train,297436,쇼핑몰,메이크업/뷰티소품,OO 아**/블루/퓨어 EDT 75ml 특가전,향도 오래가고 사용기한 길어서 좋아요,향,향도 오래가고,1,[속성] 향 [문장] 향도 오래가고,,향,unchanged
train,297516,쇼핑몰,메이크업/뷰티소품,OO 아**/블루/퓨어 EDT 125ml 특가전,향도좋고 가격도 저렴하고 가까이 두고 잘 사용중이네요 가격짱 !!!!향기짱!!!!!추천♡,가격,가격도 저렴하고,1,[속성] 가격 [문장] 가격도 저렴하고,,가격,unchanged
train,297778,쇼핑몰,메이크업/뷰티소품,OO 블** 커버크림 스틱 V 3개 + 아이크림 3개,넘 부드럽게 발림성도 좋고 촉촉하니 커버도 잘되고 넘 좋네요 구성품 아이크림도 맘에 들어요,보습력/수분감,촉촉하니,1,[속성] 보습력/수분감 [문장] 촉촉하니,,보습력/수분감/쿨링감,merged_duplicate_label
train,297839,쇼핑몰,메이크업/뷰티소품,OO 선쿠션 스페셜 패키지,일단 크기가 생각보다커서 얼굴에 부담없이 쓸 사이즈ㅎㅎ 톤은 밝은 톤피부가진사람이 쓰면 더좋겠구요 리필3개까지 들어서 좋아요 저렴하구 촉촉해요,보습력/수분감,촉촉해요,1,[속성] 보습력/수분감 [문장] 촉촉해요,,보습력/수분감/쿨링감,merged_duplicate_label
train,297880,쇼핑몰,메이크업/뷰티소품,OO 팡** 빅 선쿠션S6(본품2개+리필2개+미니1개),촉촉하고 시원한 느낌이 드네요~ 휴대용이 들어 있는 구성 좋네요,보습력/수분감,촉촉하고,1,[속성] 보습력/수분감 [문장] 촉촉하고,,보습력/수분감/쿨링감,merged_duplicate_label
train,297922,쇼핑몰,메이크업/뷰티소품,OO 섀도우 스틱 (섀도우스틱X4+아이라이너1+마스카라1+클렌징티슈2),색상도 예쁘고 사용하기도 편리합니다,색상,색상도 예쁘고,1,[속성] 색상 [문장] 색상도 예쁘고,,색상,unchanged
train,297939,쇼핑몰,메이크업/뷰티소품,OO 핑** 립밤  4.8g 3개,이름대로 무향에 보들보들 발림성이 부드러운 립밤이네요 아이가 용기의 OOO도 OOO도 좋아해서 거부감은 없네요,윤기/피부(톤),보들보들,1,[속성] 윤기/피부(톤) [문장] 보들보들,,윤기/피부(톤),unchanged
train,297945,쇼핑몰,메이크업/뷰티소품,OO 저자극 주름 멀티밤 10g 5+1 / 총 6개,예전부터 사용하던거라서 구매 했습니다 피부가 촉촉하고 부드러워지는것 같아서 자주 바릅니다,보습력/수분감,피부가 촉촉하고,1,[속성] 보습력/수분감 [문장] 피부가 촉촉하고,,보습력/수분감/쿨링감,merged_duplicate_label
train,297953,쇼핑몰,메이크업/뷰티소품,OO 팡** 빅 선쿠션S6(본품1개+리필1개),바르는 순간 시원하고 눈이 안시려요ㅋㅋㅋ 은근 괜찮네요 이거,보습력/수분감,시원하고,1,[속성] 보습력/수분감 [문장] 시원하고,,보습력/수분감/쿨링감,merged_duplicate_label
train,286718,쇼핑몰,메이크업/뷰티소품,OO 블** 멜라스틱 3개 + 삼각파우치 ,기미커버는 아직 잘 모르겠지만 화장이 두껍지 않고 얇고 얼룩 지지 않은점 좋습니다. 휴대하기가 편리해요 짱입니다.,발림성,얇고,1,[속성] 발림성 [문장] 얇고,,발림성,unchanged
train,286872,쇼핑몰,메이크업/뷰티소품,OO 콜라겐 아이크림 20개+갈바닉기기1개,콜라겐 아이크림 정말 좋아요 촉촉하고 꾸준히 사용하다보면 주름이 옅어질는듯해요,보습력/수분감,촉촉하고,1,[속성] 보습력/수분감 [문장] 촉촉하고,,보습력/수분감/쿨링감,merged_duplicate_label
train,287084,쇼핑몰,메이크업/뷰티소품,OO 블** 커버크림 스틱 V 5개,피부톤 구별없이 자연스럽게 맞춰지는게 신기방기~ 피부가 부드럽고 곱게 피부결이 연출되요,윤기/피부(톤),피부가 부드럽고,1,[속성] 윤기/피부(톤) [문장] 피부가 부드럽고,,윤기/피부(톤),unchanged
train,297974,쇼핑몰,메이크업/뷰티소품,OO 에** 커버팩트 다이아몬드에디션(본품2+리필3) ,"오랫만에 다시 사용하게 되었는데 대박 엄청 좋아졌네요 피부톤그대로 아주깔끔, 촉촉하고 마스크에 묻어나지도 않아요 넘 자연스런 피부 참 좋네요",보습력/수분감,촉촉하고,1,[속성] 보습력/수분감 [문장] 촉촉하고,,보습력/수분감/쿨링감,merged_duplicate_label
train,297981,쇼핑몰,메이크업/뷰티소품,OO 에** 커버팩트 다이아몬드에디션(본품2+리필3) ,몇년째 OOO만 쓰고있어요 촉촉하고 발림성 좋아서 다른건 못써요 팩트만 구성되어 있어서 좋네요 립은 잘 안 써서요 디자인도넘 이쁘네요 원터치로 되어있어 편해서 더욱좋고 보석상자 같아요,보습력/수분감,촉촉하고,1,[속성] 보습력/수분감 [문장] 촉촉하고,,보습력/수분감/쿨링감,merged_duplicate_label
train,297987,쇼핑몰,메이크업/뷰티소품,OO 팡** 빅 선쿠션S6(본품2개+리필2개+미니1개),우연히 tv를 조다 조게 된 홈쇼핑에서 OOO 선쿠션이 하더라구요. 안그래도 산크림이 눈도 시리고 따가워서 선쿠션으로 갈아타려돈 참에 잘 됐다 싶어 시켜봤어요아이들도 쓸수 있다기에 미니는 6살 딸램한테 줬더니 엄청 좋아하더라구요ㅋㅋ 저도 오늘 발라봤더니 시원하고 쓴적이지 않고 좋은 것 같아요~ 제일 걱정했던 눈 시림도 전혀 없어 대만족 중입니다~ 다 쓰면 재주문 할거에요~ 세일 마니 해주세용^^,보습력/수분감,시원하고,1,[속성] 보습력/수분감 [문장] 시원하고,,보습력/수분감/쿨링감,merged_duplicate_label
train,298039,쇼핑몰,메이크업/뷰티소품,OO 유** 쿠션 커버 본품+리필,소문대로 좋네요 밀착력도 좋고 색도 예쁘고 저렴하게 좋네요,밀착력/접착력,밀착력도 좋고,1,[속성] 밀착력/접착력 [문장] 밀착력도 좋고,,밀착력/접착력,unchanged
train,298083,쇼핑몰,메이크업/뷰티소품,OO 선쿠션스틱 기본구성 (본품3개+상품평시 1개더),제형의 촉감이 부드럽고 시원하고 제형 끈적임이 거의없으며 손으로 직접 접촉하지 않아 편리하고 좋다,보습력/수분감,시원하고,1,[속성] 보습력/수분감 [문장] 시원하고,,보습력/수분감/쿨링감,merged_duplicate_label
train,298088,쇼핑몰,메이크업/뷰티소품,OO 선쿠션스틱 기본구성 (본품3개+상품평시 1개더),우연이 방송을 보다가 하번 구입~ㅎㅎ 향도 좋고 바르기도 간편하고 잘 쓰고있었욤~^^ 남편도 좋아해욤~ㅎㅎ,향,향도 좋고,1,[속성] 향 [문장] 향도 좋고,,향,unchanged
train,298106,쇼핑몰,메이크업/뷰티소품,OO 선쿠션스틱 기본구성 (본품3개+상품평시 1개더),이제 여름이라 간편하고 가볍게 바를 선크림이 필요하던 차였어용 너무 좋은거 같아요 시원하고 향도 너무 좋네요 ㅎㅎ 들고 다니기도 너무 좋고 제형이 액체 형이라 화장 후에 발라도 잘 안지워지고 좋은거 같아용 잘 쓸게용 ㅎㅎ,보습력/수분감,시원하고,1,[속성] 보습력/수분감 [문장] 시원하고,,보습력/수분감/쿨링감,merged_duplicate_label
train,298179,쇼핑몰,메이크업/뷰티소품,OO 선쿠션스틱 기본구성 (본품3개+상품평시 1개더),일단 OOO 님 믿고 구매 했어요 받자마자 발라 보았는데 시원하고 굉장히 산뜻하고 가벼운느낌이랄까 좋아요 휴대하기도 좋고 좋아요,보습력/수분감,시원하고,1,[속성] 보습력/수분감 [문장] 시원하고,,보습력/수분감/쿨링감,merged_duplicate_label
train,298197,쇼핑몰,메이크업/뷰티소품,OO 선쿠션스틱 기본구성 (본품3개+상품평시 1개더),촉촉하고 바르기 편하고 시원하고 넘 좋아요...^^ 강추입니다~~~,보습력/수분감,촉촉하고,1,[속성] 보습력/수분감 [문장] 촉촉하고,,보습력/수분감/쿨링감,merged_duplicate_label
train,298202,쇼핑몰,메이크업/뷰티소품,OO 선쿠션스틱 기본구성 (본품3개+상품평시 1개더),처음 사용할때는 불편했는데 익숙해지니 발림도 괜찮고 촉촉하고 번들거리지 않게 잘 발립니다.,보습력/수분감,촉촉하고,1,[속성] 보습력/수분감 [문장] 촉촉하고,,보습력/수분감/쿨링감,merged_duplicate_label
train,298299,쇼핑몰,메이크업/뷰티소품,OO 선쿠션스틱 기본구성 (본품3개+상품평시 1개더),잘발리고 시원하고 나름 만족 근데 용기 특징이 잔량 확인이 안되고 바르기전에 바로사용이 안되고 좀 꾹 눌러야 나오기시작하네요 어쨋든 온가족 사용중입니다,보습력/수분감,시원하고,1,[속성] 보습력/수분감 [문장] 시원하고,,보습력/수분감/쿨링감,merged_duplicate_label
train,298333,쇼핑몰,메이크업/뷰티소품,OO 선쿠션 기본(본품2+리필2+미니쿠션1+ 퍼프2)+상품평리필1개,지금 받아서 바로 사용해보니 첫째는 바르는 순간 시원하고 끈적임이없어 맘에 들어요~,보습력/수분감,시원하고,1,[속성] 보습력/수분감 [문장] 시원하고,,보습력/수분감/쿨링감,merged_duplicate_label
train,298346,쇼핑몰,메이크업/뷰티소품,OO 선쿠션 기본(본품2+리필2+미니쿠션1+ 퍼프2),촉촉하고 제형이 끈적이지 않아요. 겨울에도 쭉 사용했어요,보습력/수분감,촉촉하고,1,[속성] 보습력/수분감 [문장] 촉촉하고,,보습력/수분감/쿨링감,merged_duplicate_label
train,298353,쇼핑몰,메이크업/뷰티소품,OO 선쿠션 기본(본품2+리필2+미니쿠션1+ 퍼프2)+상품평리필1개,시원하고 바르기 쉬워 아이와 잘 사용할 수 있어요,보습력/수분감,시원하고,1,[속성] 보습력/수분감 [문장] 시원하고,,보습력/수분감/쿨링감,merged_duplicate_label
train,298356,쇼핑몰,메이크업/뷰티소품,OO 에** 커버팩트 다이아몬드에디션(본품2+리필3) ,발림성 좋고 피부톤이 확 살아나는 느낌~~~^^,발림성,발림성 좋고,1,[속성] 발림성 [문장] 발림성 좋고,,발림성,unchanged
train,298357,쇼핑몰,메이크업/뷰티소품,OO 선쿠션스틱 더블구성 (본품6개+상품평시 2개더),촉촉하고 발림이 너무좋아여 그동안썻던 선스틱은 한번 바르고 안바르게되는데 이건 계속바르게됩니다 우리집아이가 더좋아합니다 바를때마다 시원하고 끈적임이 전혀없어서 좋아여,보습력/수분감,촉촉하고,1,[속성] 보습력/수분감 [문장] 촉촉하고,,보습력/수분감/쿨링감,merged_duplicate_label
train,298367,쇼핑몰,메이크업/뷰티소품,OO 선쿠션 기본(본품2+리필2+미니쿠션1+ 퍼프2)+상품평리필1개,부드럽게 잘 발리고 시원하네요 백탁도 잘 모르겠고 아이도 좋아하며 바르고 있어요^^,발림성,부드럽게 잘 발리고,1,[속성] 발림성 [문장] 부드럽게 잘 발리고,,발림성,unchanged
train,298389,쇼핑몰,메이크업/뷰티소품,OO 선쿠션 기본(본품2+리필2+미니쿠션1+ 퍼프2)+상품평리필1개,끈적임 없고 산뜻해요 피부검은 신랑 얼굴에 바르니 얼굴만 동동 하얗게 뜨긴하네요 보통피부색이나 하얀 피부에 들뜨지 않고 괜찮아요,흡수력,산뜻해요,1,[속성] 흡수력 [문장] 산뜻해요,,흡수력,unchanged
train,298403,쇼핑몰,메이크업/뷰티소품,OO 선쿠션 기본(본품2+리필2+미니쿠션1+ 퍼프2)+상품평리필1개,시원하고 백탁현상 없이 피부에 잘 스며듭니다,보습력/수분감,시원하고,1,[속성] 보습력/수분감 [문장] 시원하고,,보습력/수분감/쿨링감,merged_duplicate_label
train,298460,쇼핑몰,메이크업/뷰티소품,OO 선쿠션스틱 기본구성 (본품3개+상품평시 1개더),산뜻하고 빠르게 스며들어 좋아요 발림도 시원하고 끈적이지않아서 좋은거같아요 다만 3개중 한개를쓰고 있는데 꾹눌러도 만족스럽게 내용물이 나오지않아..그게 조금불편해요 방송처럼 쉽게 쭉나오지는않아요,보습력/수분감,시원하고,1,[속성] 보습력/수분감 [문장] 시원하고,,보습력/수분감/쿨링감,merged_duplicate_label
train,298463,쇼핑몰,메이크업/뷰티소품,OO 선쿠션 더블(본품4+리필4+미니쿠션2+ 퍼프4)+상품평 리필2개,"지인이 추천해서 써봤는데 너무 좋아 홈쇼핑보자마자 주문했어요 저랑 초등 딸아이, 시어머니 셋이 함께 나눠쓰려고 더블로 주문했어요 초등딸아이 피부에도 발진없이 잘 맞고 촉촉하고 피부도 매끈해서 아이가 너무 좋아해요 시어머니도 좋아하실것같아요^^",보습력/수분감,촉촉하고,1,[속성] 보습력/수분감 [문장] 촉촉하고,,보습력/수분감/쿨링감,merged_duplicate_label
train,298481,쇼핑몰,메이크업/뷰티소품,OO 선쿠션스틱 기본구성 (본품3개+상품평시 1개더),오늘 도착했어요 발라보니 향도 좋고 쓰기편해서 너무 좋아요~,향,향도 좋고,1,[속성] 향 [문장] 향도 좋고,,향,unchanged
train,298500,쇼핑몰,메이크업/뷰티소품,OO 선쿠션스틱 기본구성 (본품3개+상품평시 1개더),전에 11번가서 1개를 구매하여 한 며칠 운동시 또는 강원도 해변가 로 돌아댕길때 정말 탁월한 효과를 봤다. 그런데 TV OO쇼핑서 3개 구매시 상품평쓰고 사은품1개를 더 준다는 소식에 바로 구매했네요. 일단 발림성 좋고 백탁현상없고 바르기 편하고 너무 좋다는 평밖엔... 그래서 아들둘 에게도 주었고 보너스 오면 아내줄려구요.ㅎ,발림성,발림성 좋고,1,[속성] 발림성 [문장] 발림성 좋고,,발림성,unchanged
train,298549,쇼핑몰,메이크업/뷰티소품,OO 선쿠션스틱 기본구성 (본품3개+상품평시 1개더),촉촉하고 시원한 느낌 좋아요. 사용하기 편하고 가지고 다니기 간편해서 좋아요. 사용후 또 구매하고 싶어요 ^^,보습력/수분감,촉촉하고,1,[속성] 보습력/수분감 [문장] 촉촉하고,,보습력/수분감/쿨링감,merged_duplicate_label
train,298576,쇼핑몰,메이크업/뷰티소품,OO 선쿠션스틱 더블구성 (본품6개+상품평시 2개더),발림성이 좋고 편리해서 아이들이 사용하기 편해해서 주문했습니다 ^^ 매일 사용해야 하는데 끈적여서 선크림바르는걸 힘들어 했는데 이건 끈적임이 없다고 스스로 잘 바르고 학교에갑니다~ 자주 애용하게 될꺼같아요,발림성,발림성이 좋고,1,[속성] 발림성 [문장] 발림성이 좋고,,발림성,unchanged
train,298668,쇼핑몰,메이크업/뷰티소품,OO 선쿠션스틱 기본구성 (본품3개+상품평시 1개더),시원한 느낌의 발림성이 좋고 자외선 차단지속력도 좋은것 같아요~,발림성,발림성이 좋고,1,[속성] 발림성 [문장] 발림성이 좋고,,발림성,unchanged
train,298692,쇼핑몰,메이크업/뷰티소품,OO 선쿠션스틱 기본구성 (본품3개+상품평시 1개더),향도 좋고 용기가 쿠션형태라 발림성도 부드럽고 좋아요,향,향도 좋고,1,[속성] 향 [문장] 향도 좋고,,향,unchanged
train,298693,쇼핑몰,메이크업/뷰티소품,OO 선쿠션스틱 기본구성 (본품3개+상품평시 1개더),자극적이지 않고 끈적이지 않아 마음에 들어요~~ 사용도 너무 간편해서 덧바르기도 좋고 휴대하기도 좋아서 만족합니다~~^^,자극성,자극적이지 않고,1,[속성] 자극성 [문장] 자극적이지 않고,,자극성,unchanged
train,298694,쇼핑몰,메이크업/뷰티소품,OO 에** 커버팩트 다이아몬드에디션(본품2+리필3) ,항상쓰고 쭈욱~~~~애용하는 OOO20 2022신상 기대됩니다. 촉촉하고 화사하니 예뻐요,보습력/수분감,촉촉하고,1,[속성] 보습력/수분감 [문장] 촉촉하고,,보습력/수분감/쿨링감,merged_duplicate_label
train,298747,쇼핑몰,메이크업/뷰티소품,OO 선쿠션스틱 더블구성 (본품6개+상품평시 2개더),쿠션보다 편할거같아서 이걸로 샀어요~ 원래 좀 딱 안맞는지 뚜껑쪽이 좀 뜨긴했지만 새거나 하진 않는것같아요! 촉촉하고 시원한 느낌이고 금방 보송해져서 좋아요!! 자세한 후기는 더 써보고 쓰도록 할께요!^^,보습력/수분감,촉촉하고,1,[속성] 보습력/수분감 [문장] 촉촉하고,,보습력/수분감/쿨링감,merged_duplicate_label
train,298767,쇼핑몰,메이크업/뷰티소품,OO 선쿠션스틱 기본구성 (본품3개+상품평시 1개더),OOO씨가 너무 잘 설명해주고 지인이 추천해서 샀어요~ 받자마자 손에 발라 봤는데 바르기 편하고 향도 좋고 뭔가 톤도 정리되는 것 같고 좋네요~ 자외선이 확실히 차단된다니 믿음이 갑니다!! 아이랑 온 가족 잘 쓸게요~~ 올 여름은 OOO 썬스틱으로 정했어요!!^^,향,향도 좋고,1,[속성] 향 [문장] 향도 좋고,,향,unchanged
train,298768,쇼핑몰,메이크업/뷰티소품,OO 선쿠션스틱 기본구성 (본품3개+상품평시 1개더),반신반의로 처음 사봤는데요 뜯자마자 손등에 발라봤어요. 향도 좋고 끈적임도 없고 좋네요^^,향,향도 좋고,1,[속성] 향 [문장] 향도 좋고,,향,unchanged
train,298793,쇼핑몰,메이크업/뷰티소품,OO 선쿠션스틱 더블구성 (본품6개+상품평시 2개더),오자마자 써봤는데 시원하고 사용학도 편 리하고 손에 안묻고 편해서 좋은데 스틱 용기라 잘안나오는거같아요 하지만 만족합니다.,보습력/수분감,시원하고,1,[속성] 보습력/수분감 [문장] 시원하고,,보습력/수분감/쿨링감,merged_duplicate_label
train,298832,쇼핑몰,메이크업/뷰티소품,OO 에** 커버팩트 다이아몬드에디션(본품2+리필3) ,첨써봤는데요 촉촉하니 부드럽구 피부가 생기있어보입니다 ~,보습력/수분감,촉촉하니,1,[속성] 보습력/수분감 [문장] 촉촉하니,,보습력/수분감/쿨링감,merged_duplicate_label
train,298844,쇼핑몰,메이크업/뷰티소품,OO 선쿠션스틱 기본구성 (본품3개+상품평시 1개더),바르면 시원하고 끈적이지 않아요 아이들이랑 잘 쓸거 같아요~~,보습력/수분감,시원하고,1,[속성] 보습력/수분감 [문장] 시원하고,,보습력/수분감/쿨링감,merged_duplicate_label
train,298895,쇼핑몰,메이크업/뷰티소품,OO 아르간오일 헤어에센스 100ml 3개,머리카락이 많이 손상되었는데 바르는 순간 너무 부드럽고 엉키지 않아서 사용감이 좋았습니다.,윤기/피부(톤),부드럽고,1,[속성] 윤기/피부(톤) [문장] 부드럽고,,윤기/피부(톤),unchanged
train,298930,쇼핑몰,메이크업/뷰티소품,OO 팡** 빅 선쿠션S6(본품4개+리필4개+미니2개),쿠션 피부에 잘발리면서 촉촉하고 시원해요 자주사게되요 3번정도 샀어요 다쓰면 또 주문할께요 ㅎ,보습력/수분감,촉촉하고,1,[속성] 보습력/수분감 [문장] 촉촉하고,,보습력/수분감/쿨링감,merged_duplicate_label
train,298956,쇼핑몰,메이크업/뷰티소품,OO 에** 커버팩트 다이아몬드에디션(본품2+리필3) ,에전에 처음 나왔을때 사용해보고 이제 두번째 구매인데 발림성 좋고 촉촉하니 넘 좋아요~~,발림성,발림성 좋고,1,[속성] 발림성 [문장] 발림성 좋고,,발림성,unchanged
train,299097,쇼핑몰,메이크업/뷰티소품,OO 선쿠션스틱 기본구성 (본품3개+상품평시 1개더),촉촉하고 쿨링감이 있어서 좋아요~~~아이들과 온가족이 같이 쓰기 좋아요~~~,보습력/수분감,촉촉하고,1,[속성] 보습력/수분감 [문장] 촉촉하고,,보습력/수분감/쿨링감,merged_duplicate_label
train,299170,쇼핑몰,메이크업/뷰티소품,OO 선쿠션스틱 기본구성 (본품3개+상품평시 1개더),외출했을때 선크림을 안발랐거나 덧바를때 손에 선크림 묻을 필요없이 본체를 눌러가며 꾹꾹 바르니 편해요. 시원하고 선크림보단 촉촉한 에센스바르는 느낌이네요~~~ 백탁현상없이 촉촉한 선크림 사용하기 좋습니다,보습력/수분감,시원하고,1,[속성] 보습력/수분감 [문장] 시원하고,,보습력/수분감/쿨링감,merged_duplicate_label
train,299181,쇼핑몰,메이크업/뷰티소품,OO 쿠션 기본구성(본품2+리필3)+리필1,광고 보고. 의심 조금 해보다가 사봤는데 시원하고 발림성이 좋네요 계속 구매할 생각입니다 이뻐질께요 ♡♡,보습력/수분감,시원하고,1,[속성] 보습력/수분감 [문장] 시원하고,,보습력/수분감/쿨링감,merged_duplicate_label
train,299219,쇼핑몰,메이크업/뷰티소품,OO 쿠션 기본구성(본품2+리필3)+리필1,커버력이 정말 좋아요 촉촉하고 뭉치지 않아 너무좋은것같아요ㆍ자외서커버에도좋고 무겁지않아 넝 산뜻한느낌이라좋아요ㅡ,보습력/수분감,촉촉하고,1,[속성] 보습력/수분감 [문장] 촉촉하고,,보습력/수분감/쿨링감,merged_duplicate_label
train,299223,쇼핑몰,메이크업/뷰티소품,OO 쿠션 기본구성(본품2+리필3)+리필1,"촉촉하고 산뜻한 느낌이네요 본품이 두개라 선물하기도 좋네요 일시적으로,쓰는건 좋은데 쭈욱써보고 똑같은 첨 느낌이면 재구매해서 쓸려구여",보습력/수분감,촉촉하고,1,[속성] 보습력/수분감 [문장] 촉촉하고,,보습력/수분감/쿨링감,merged_duplicate_label
train,299231,쇼핑몰,메이크업/뷰티소품,OO 쿠션 매니아구성(본품4+리필3)+리필1,Dpc미백에센스도 좋고 쿠션도발림성이 좋고 촉촉하고 바르면 당김이없고 부드럽고 광이나요 조아요,보습력/수분감,촉촉하고,1,[속성] 보습력/수분감 [문장] 촉촉하고,,보습력/수분감/쿨링감,merged_duplicate_label
train,299231,쇼핑몰,메이크업/뷰티소품,OO 쿠션 매니아구성(본품4+리필3)+리필1,Dpc미백에센스도 좋고 쿠션도발림성이 좋고 촉촉하고 바르면 당김이없고 부드럽고 광이나요 조아요,윤기/피부(톤),부드럽고,1,[속성] 윤기/피부(톤) [문장] 부드럽고,,윤기/피부(톤),unchanged
train,299370,쇼핑몰,메이크업/뷰티소품,OO 쿠션 매니아구성(본품4+리필3)+리필1,"반신반의하며 구매했어요. 쿠션은 비싼게 좋더라구요.OOO,OO이 가볍게 발리고 좋죠. OOOO까지도 좋아요. 홈쇼핑 인기상품도 많이 써봤지만 다 가격대비 그냥저냥 쓸만한거지 고가제품과는 달랐어요.근데 OOOOOO는 가볍게 발려서 백탁현상 없구요,(전원래 21호 썼었는데 이제 나이 생각해서 23호 구입했어요.) 무엇보다 수분감이 느껴져서 신기해요. 촉촉하고 미세하게 은은한 향도 좋네요.추천하고 싶어서 귀찮지만 후기 남기러 왔어요.ㅎㅎ",보습력/수분감,촉촉하고,1,[속성] 보습력/수분감 [문장] 촉촉하고,,보습력/수분감/쿨링감,merged_duplicate_label
train,299472,쇼핑몰,메이크업/뷰티소품,OO 그** 블러썸 EDT 30ml,산뜻해요 향이 마구 고급지진 않지만 여름이라 가볍게 좋네요,향,산뜻해요,1,[속성] 향 [문장] 산뜻해요,,향,unchanged
train,299547,쇼핑몰,메이크업/뷰티소품,OO 선쿠션스틱 더블구성 (본품6개+상품평시 2개더),가족모두 같이쓰겠다고 더블로구매했습니다 받자바로 발라보니 끈적함은 1도없고 시원하고 향이 좋으네요 올여름 아무래도 더 구매할듯합니다 고맙습니다 좋은제품..^^,보습력/수분감,시원하고,1,[속성] 보습력/수분감 [문장] 시원하고,,보습력/수분감/쿨링감,merged_duplicate_label
train,299611,쇼핑몰,메이크업/뷰티소품,OO 쿠션 기본구성(본품2+리필3),오자마자 발라 봤어요 바르는 순간 진짜 시원 시원~~ 여름에 쓰기에 딱 인거 같아요 발림성 좋고 커버력도 나름 만족 합니다^^,발림성,발림성 좋고,1,[속성] 발림성 [문장] 발림성 좋고,,발림성,unchanged
train,299612,쇼핑몰,메이크업/뷰티소품,OO 선쿠션스틱 더블구성 (본품6개+상품평시 2개더),바를때 시원하고 향이 좋네요..끈적임있을까 살짝 걱정했는데 끈적임도 없어서 좋아요..고민하다 구매했는데 잘 산것 같아요,보습력/수분감,시원하고,1,[속성] 보습력/수분감 [문장] 시원하고,,보습력/수분감/쿨링감,merged_duplicate_label
train,299629,쇼핑몰,메이크업/뷰티소품,OO 선쿠션스틱 더블구성 (본품6개+상품평시 2개더),망설였지만 잘 구입했습니다. 바를때 시원하고 뜨지도 않고 산뜻한 느낌도 좋고 가볍게 잘 발라져서 좋습니다.,보습력/수분감,시원하고,1,[속성] 보습력/수분감 [문장] 시원하고,,보습력/수분감/쿨링감,merged_duplicate_label
train,299641,쇼핑몰,메이크업/뷰티소품,OO 선쿠션스틱 기본구성 (본품3개+상품평시 1개더),늘 쓰는 제품이에요 이제품쓰고 다른제품 못쓰겠어요 시원하고 밀리지 않고 땀이나도 흘러내리지 않아요 잘 쓸께요,보습력/수분감,시원하고,1,[속성] 보습력/수분감 [문장] 시원하고,,보습력/수분감/쿨링감,merged_duplicate_label
train,299661,쇼핑몰,메이크업/뷰티소품,OO 선쿠션스틱 기본구성 (본품3개+상품평시 1개더),사용해 보니까 시원하고 끈적임 없어서 좋아요,보습력/수분감,시원하고,1,[속성] 보습력/수분감 [문장] 시원하고,,보습력/수분감/쿨링감,merged_duplicate_label
train,299714,쇼핑몰,메이크업/뷰티소품,OO 선쿠션스틱 기본구성 (본품3개+상품평시 1개더),무색이라 안바른것 같은데 시원하고 저녁에 보니 자외선 차단도 잘 된 것 같아요.,보습력/수분감,시원하고,1,[속성] 보습력/수분감 [문장] 시원하고,,보습력/수분감/쿨링감,merged_duplicate_label
train,299872,쇼핑몰,메이크업/뷰티소품,OO 팡** 빅 선쿠션S6(본품4개+리필4개+미니2개),쉽게 얼굴에 바를 수 있고 발림성이 좋고 향기가 없어 좋아요,발림성,발림성이 좋고,1,[속성] 발림성 [문장] 발림성이 좋고,,발림성,unchanged
train,299887,쇼핑몰,메이크업/뷰티소품,OO 블** 팩트 기본구성,바르고 난 후 하얗게 들뜨는것 같아 조금 실망했는데 차츰차츰 피부톤에 맞춰지네요~ 바를 때 제형이 뻑뻑한 느낌이 없고 촉촉하고 발림이 좋습니다~,보습력/수분감,촉촉하고,1,[속성] 보습력/수분감 [문장] 촉촉하고,,보습력/수분감/쿨링감,merged_duplicate_label
train,299917,쇼핑몰,메이크업/뷰티소품,OO 에** 커버팩트 다이아몬드에디션(본품2+리필3) ,촉촉하고 윤기나는데 오래지속되지않고 피부에 금방 스며드는거 같아요,보습력/수분감,촉촉하고,1,[속성] 보습력/수분감 [문장] 촉촉하고,,보습력/수분감/쿨링감,merged_duplicate_label
train,300028,쇼핑몰,메이크업/뷰티소품,OO 선쿠션스틱 기본구성 (본품3개+상품평시 1개더),ㅇㅇㅇ 선쿠션 스틱 아주 좋으네요 촉촉하고 향도 은은하고 바르면 시원하기 까지 하네요 신랑이랑 같이 쓰고 있는데 더 좋아 하네요 구매하기를 참 잘한것 같아요 ㅎ,보습력/수분감,촉촉하고,1,[속성] 보습력/수분감 [문장] 촉촉하고,,보습력/수분감/쿨링감,merged_duplicate_label
train,300080,쇼핑몰,메이크업/뷰티소품,OO 선쿠션스틱 기본구성 (본품3개+상품평시 1개더),시원하고 생각보다 끈적임도 거의 없어서 만족스러워요. 다만 아직 쓴지 얼마 안돼서그런지 용기에서 내용물이 잘 나오지를 않네요ㅋㅋㅋ 개인적으로는 얼굴보단 몸에 바르기 더 편하고 좋을 것 같습니다.,보습력/수분감,시원하고,1,[속성] 보습력/수분감 [문장] 시원하고,,보습력/수분감/쿨링감,merged_duplicate_label
train,300413,쇼핑몰,메이크업/뷰티소품,OO 선쿠션스틱 기본구성 (본품3개+상품평시 1개더),발림 좋고 묽은 제형이라 너무느낌이 없어서 바른지 모르겠어요. 향 좋아요! 추가 사은품 1개 주세요!,향,발림 좋고,1,[속성] 향 [문장] 발림 좋고,,향,unchanged
train,300451,쇼핑몰,메이크업/뷰티소품,OO 선쿠션스틱 기본구성 (본품3개+상품평시 1개더),발림성 좋고향도 좋네요. 휴대하면서 여름내내 잘 쓸듯요~,발림성,발림성 좋고,1,[속성] 발림성 [문장] 발림성 좋고,,발림성,unchanged
train,300520,쇼핑몰,메이크업/뷰티소품,OO 에** 커버팩트 다이아몬드에디션(본품2+리필3) ,촉촉하고 발색이 자연스러워요 커버력은 약해요,보습력/수분감,촉촉하고,1,[속성] 보습력/수분감 [문장] 촉촉하고,,보습력/수분감/쿨링감,merged_duplicate_label
train,300538,쇼핑몰,메이크업/뷰티소품,OO 선쿠션스틱 기본구성 (본품3개+상품평시 1개더),얼굴에 열이많은 남편이 시원하고 끈적이지 않아 좋다고 합니다. 다음엔 더블로 구매해야 할것 같아요.,보습력/수분감,시원하고,1,[속성] 보습력/수분감 [문장] 시원하고,,보습력/수분감/쿨링감,merged_duplicate_label
train,300541,쇼핑몰,메이크업/뷰티소품,OO 선쿠션스틱 기본구성 (본품3개+상품평시 1개더),뭉침이나 번들거림이 없고 산뜻해요 휴대용으로 잘들고 다닐것같아요 너무 좋아요,흡수력,산뜻해요,1,[속성] 흡수력 [문장] 산뜻해요,,흡수력,unchanged
train,300547,쇼핑몰,메이크업/뷰티소품,OO 꽃** 글로우 5개+여행파우치 1종,촉촉하니 색상도 은은해서 맘에 드네요..,보습력/수분감,촉촉하니,1,[속성] 보습력/수분감 [문장] 촉촉하니,,보습력/수분감/쿨링감,merged_duplicate_label
train,300579,쇼핑몰,메이크업/뷰티소품,OO 꽃** 글로우 5개+여행파우치 1종,촉촉해요 발색력이 별로 좋진않네요 조금 실망이에요 여러번 발라도 너무 색이 연해요 정말 자연스러운 안바른듯한것을 좋아하면 괜찮을듯 하네요,보습력/수분감,촉촉해요,1,[속성] 보습력/수분감 [문장] 촉촉해요,,보습력/수분감/쿨링감,merged_duplicate_label
train,617380,쇼핑몰,메이크업/뷰티소품,OO 레** EDT 100ml,"타사이트에 비해 가격도 저렴하고, 배송도 빨리 되서 좋았어요. 한달동안 사용해보니, ㅇㅇㅇ 향수의 향이나 지속력이 매우 좋아서 오후까지도 잘 유지가 되어 좋은거 같고, 선물하기에도 부담없이 좋네요.",가격,가격도 저렴하고,1,[속성] 가격 [문장] 가격도 저렴하고,,가격,unchanged
train,617426,쇼핑몰,메이크업/뷰티소품,OO 레** EDT 100ml,사람들이 호불호 없이 좋아할 향이고 다들 가지고 싶어하는 OOO이라 만족스럽네요. 가격이 비싸서 망설인게 후회가 됩니다. 선물로도 좋을 것 같습니다. 이 제품으로 정착할께요. 향이 질리지도 않고 산뜻합니다.,향,산뜻합니다.,1,[속성] 향 [문장] 산뜻합니다.,,향,unchanged
train,617431,쇼핑몰,메이크업/뷰티소품,OO 레** EDT 100ml,최근에 남편 생일 이어서 선물로 사주게 되었는데 맡아 보니 향이 좋고 향이 오래가서 남편이 아주 좋아했습니다. 얼른 쓰고 다시 구매해서 쓰고 싶은 향수네요.,지속력/유지력,향이 오래가서,1,[속성] 지속력/유지력 [문장] 향이 오래가서,,지속력/유지력,unchanged
train,617466,쇼핑몰,메이크업/뷰티소품,OO 레** EDT 100ml,엄마가 10년동안 계속 사용하시는 향수에요. 떨어지면 안되는 제품이라서 계속 사서 드리고 있어요. 향이 은근히 강하면서 매력있는 향입니다. 향을 맡는 가족들도 거부감 없이 좋아합니다. 데일리로 사용하기 좋습니다.,기능/효과,데일리로 사용하기 좋습니다.,1,[속성] 기능/효과 [문장] 데일리로 사용하기 좋습니다.,,기능/효과,unchanged
train,617695,쇼핑몰,메이크업/뷰티소품,OO 레** EDT 100ml,선물주려고 보관하다 얼마 전에 드렸어요. 향도 좋고 진짜 맞는데 포장 뜯고보니 용기 윗부분 은색 커버 껍데기가 살짝 금이 가 있네요. 그새 반품 기간도 지났고 이래저래 애매해서 그냥 쓰긴 하는데 조금 많이 속상해요. 품질에 이상이 있어 속상하네요. 불량품 검수 하세요. 속상해요.,향,향도 좋고,1,[속성] 향 [문장] 향도 좋고,,향,unchanged
train,617778,쇼핑몰,메이크업/뷰티소품,OO 레** EDT 100ml,늘 사용하는 향수인데 다 써 가서 구입했어요. 워낙 많이 사용해서 대용량으로 구매했습니다. 향도 좋고 오래 지속됩니다. 뭐든 유명한 제품에는 다 이유가 있는 것 같네요.,향,향도 좋고,1,[속성] 향 [문장] 향도 좋고,,향,unchanged
train,618289,쇼핑몰,메이크업/뷰티소품,OO 레** EDT 100ml,생각보다 향이 강하기 하지만 가격도 저렴하고 무난하게 사용하기 좋네요. 주변에서 남자 향이 강하다고 해서 아쉽습니다. 잔잔한 향이 아니어서 참고해서 사셔야 합니다.,가격,가격도 저렴하고,1,[속성] 가격 [문장] 가격도 저렴하고,,가격,unchanged
train,618293,쇼핑몰,메이크업/뷰티소품,OO 레** EDT 100ml,무난하게 사용하고 있어요. 가성비 좋습니다. 가격도 저렴하고 향도 튀지 않아요. 인터넷에서 저렴하게 구매했어요. 용기도 고급스럽고 OOO 로고 형상화가 맘에 드네요.,가격,가격도 저렴하고,1,[속성] 가격 [문장] 가격도 저렴하고,,가격,unchanged
train,618315,쇼핑몰,메이크업/뷰티소품,OO 레** EDT 100ml,OOO 을 구입했는데 향도 오래가고 계속 뿌리고 싶어지네요. 향이 좋아 어디나갈때 이걸 안쓰면 뭔가 허전하고 안 뿌리면 밖에 나갔다가 다시 들어와서 뿌리고 다시 나가네요. 그리고 신나게 돌아다닙니다.,지속력/유지력,향도 오래가고,1,[속성] 지속력/유지력 [문장] 향도 오래가고,,지속력/유지력,unchanged
train,618320,쇼핑몰,메이크업/뷰티소품,OO 레** EDT 100ml,"제가 너무 좋아하는 향수라 선물도 하고, 저도 구입했어요. 이 향수를 많이 쓰다 보니 대용량으로 구입해서 쓰고 있어요. 가격도 저렴하고 무엇보다 향이 너무 좋네요. 캐주얼보다는 정장에 어울리는 듯한 향이에요.",가격,가격도 저렴하고,1,[속성] 가격 [문장] 가격도 저렴하고,,가격,unchanged
train,618379,쇼핑몰,메이크업/뷰티소품,OO 아** EDT 125ml,다른 향보다 이 향이 제일 무난해서 데일리로 사용하기 좋습니다. 지인 선물용으로 구입했어요. 오프라인 매장보다 가격이 저렴해서 잘 구입한 것 같네요.,기능/효과,데일리로 사용하기 좋습니다.,1,[속성] 기능/효과 [문장] 데일리로 사용하기 좋습니다.,,기능/효과,unchanged
train,287307,쇼핑몰,메이크업/뷰티소품,OO 크** 커버 쿠션 블랙에디션 단독세트,구성품 푸짐하고 촉촉하고 향도 진하지않고 안색이 좋아지긴 하는데 커버력이 만족은 아니네염 모공도 커버가 안되어서 그대로 다보이고 나쁘진 않으니까 잘쓸께욤,보습력/수분감,촉촉하고,1,[속성] 보습력/수분감 [문장] 촉촉하고,,보습력/수분감/쿨링감,merged_duplicate_label
train,287327,쇼핑몰,메이크업/뷰티소품,OO 퓨** 메가 선쿠션 특별패키지,AHC아이크림이랑 썬스틱을 애정하는 사람입니다~ 썬쿠션도 너~~~무 좋아요~~ 뭉침없고 바르자마자 시원하고 발림도 좋고 쿠션도 제형이 쫀쫀하니 좋아요~~그리고 엄~청 크기도 커서 좋습니다~ 제 피부톤은 하얀편이라 색상이 잘맞는편인데 23호색상 쓰시는분들한텐 좀 하얗게 느껴질만한 톤입니다 흡수된후엔 백탁현상 없어요 참고하세요~~^--^,보습력/수분감,시원하고,1,[속성] 보습력/수분감 [문장] 시원하고,,보습력/수분감/쿨링감,merged_duplicate_label
train,287333,쇼핑몰,메이크업/뷰티소품,OO 시** 커버팩트(20gx4개) ss사은품 ,촉촉하고 밀착력 최고네요 오래전부터 구매하고 싶엇는데 이제사 사용해보네요 기대햇던데로 실망시키지 많아서 다행입니다 재구매 할께요,보습력/수분감,촉촉하고,1,[속성] 보습력/수분감 [문장] 촉촉하고,,보습력/수분감/쿨링감,merged_duplicate_label
train,287379,쇼핑몰,메이크업/뷰티소품,OO 앰플 쿠션 블랙 에디션 세트(5개 용량) ,생각보다 괜찮아요ㅎㅎ 가격이 착해서 일단 주문했는데 좋아서 놀랐네요 촉촉하고 커버도 잘되는 편이구 ㅎㅎ 잘 쓸게요ㅎㅎ,보습력/수분감,촉촉하고,1,[속성] 보습력/수분감 [문장] 촉촉하고,,보습력/수분감/쿨링감,merged_duplicate_label
train,287390,쇼핑몰,메이크업/뷰티소품,OO 왕쿠션 2개+리필 2개+비비크림 1개(상품평시 1개 더),오늘 배송 받았어요 배송도 빠르구요 첫 케이스부터 맘 쏙 들어요 가성비 너무 좋구요 촉촉하고 반짝거리게 얼굴에 빛이 나는 것이 얼굴을 더 화사하게 만듭니다. 비비크림도 발색도 좋구요 싹 스며드는 것이 넘넘 좋아요,보습력/수분감,촉촉하고,1,[속성] 보습력/수분감 [문장] 촉촉하고,,보습력/수분감/쿨링감,merged_duplicate_label
train,287392,쇼핑몰,메이크업/뷰티소품,OO 왕쿠션 2개+리필 2개+비비크림 1개(상품평시 1개 더),쿠션을 몇가지 써보았는데 별 만족스럽지 않아 기존의 파우더팩트를 다시 써오고 있었어요.홈쇼핑에서 처음 보고 주문해보았는데 촉촉하고 커버력도 괜찮아서 만족스럽네요.세트구성이 가격도 저렴하구요.21호는 그래도 좀 밝은듯해서 23호로 재주문해서 쓰고 있습니다.잘 흡수되고 광도 있어서 환해보여요.용량도 넉넉해서 부담없구요.케이스도 이뻐서 전 여러가지로 만족합니다.,보습력/수분감,촉촉하고,1,[속성] 보습력/수분감 [문장] 촉촉하고,,보습력/수분감/쿨링감,merged_duplicate_label
train,618470,쇼핑몰,메이크업/뷰티소품,OO 아** EDT 125ml,가성비 좋은 제품이라 정품이라 믿고 재주문해서 사용합니다. 향도 좋고 생각보다 용량도 많아서 좋네요. 잘 알려진 오드 뚜왈렛이고 포장도 파손 염려 없이 잘 해서 보내 주셔서 자주 애용하고 지인들에게도 추천합니다.,향,향도 좋고,1,[속성] 향 [문장] 향도 좋고,,향,unchanged
train,618525,쇼핑몰,메이크업/뷰티소품,OO 아** EDT 125ml,저렴한 가격이지만 은은하면서도 고급스러운 향이 불편하지않고 참 좋습니다. 여러 지인들에게 선물용으로 가격도 저렴하고 디자인도 예쁩니다. 여러모로 아주 맘에 듭니다. 무난한 향과 가격 정말 좋네요.,가격,가격도 저렴하고,1,[속성] 가격 [문장] 가격도 저렴하고,,가격,unchanged
train,618550,쇼핑몰,메이크업/뷰티소품,OO 아** EDT 125ml,"착한가격에 구매했어요. 보름 넘게 사용했는데, 향이 부드럽고 깔끔합니다. 재구매 의사 있어요. 좋은 물건 감사합니다. 남녀 모두 좋아하는 향이네요. 많이 파세요.",향,깔끔합니다.,1,[속성] 향 [문장] 깔끔합니다.,,향,unchanged
train,618594,쇼핑몰,메이크업/뷰티소품,OO 아** EDT 125ml,우리집의 남자가 2명인데 유독 이 향수를 좋아하네요. 뿌리고 나갈때 싱그러운 기운이 솟아나는 느낌을 받았어요. 여름에 더울때 이 향수를 지속적으로 사용하라고 권하고 있습니다. 향도 좋고 지속력도 좋네요.,향,향도 좋고,1,[속성] 향 [문장] 향도 좋고,,향,unchanged
train,618621,쇼핑몰,메이크업/뷰티소품,OO 아** EDT 125ml,인생 향수에요. 동생이 써보고 싶다고 해서 구매했는데 가격 대비 만족스럽네요. 그 동안 10만원 이상의 향수만 선호했는데 가격도 저렴하고 향도 은은해서 좋아하네요. 지속력이 짧은 듯해서 아쉬움이 남는다고 했어요.,가격,가격도 저렴하고,1,[속성] 가격 [문장] 가격도 저렴하고,,가격,unchanged
train,618652,쇼핑몰,메이크업/뷰티소품,OO 아** EDT 125ml,향도 좋고 용기도 이쁘네요. 용량이 큽니다. 예전에 쓰던 크기보다 큰사이즈라 좋아요.,향,향도 좋고,1,[속성] 향 [문장] 향도 좋고,,향,unchanged
train,618775,쇼핑몰,메이크업/뷰티소품,OO 아** EDT 125ml,선물 받은 분이 너무 맘에 들어하네요. 향도 좋고 디자인도 예쁘고 용량도 커서 오래 쓸 것 같다고 좋아하네요,향,향도 좋고,1,[속성] 향 [문장] 향도 좋고,,향,unchanged
train,618831,쇼핑몰,메이크업/뷰티소품,OO 아** EDT 125ml,향도 좋고 용량도 많고 전반적으로 만족스러워요.주위분들이 향이 좋다고 합니다. 다소 아쉬움은 지속력이 조금 떨어지지만 은은한 향은 오래가네요.,향,향도 좋고,1,[속성] 향 [문장] 향도 좋고,,향,unchanged
train,618989,쇼핑몰,메이크업/뷰티소품,OO 아** EDT 125ml,배송은 엄청나게 빨라서 주문하자마자 이튿날 바로 받았습니다. 그리고 포장이 매우 튼튼하게 잘 되어 있어서 배송 도중에 용기가 파손될 염려가 전혀 없습니다. 하지만 가격대비 용량이 작고 디자인이 사진으로 본 것처럼 고급스러워 보이지 않습니다.,용량/개수,가격대비 용량이 작고,-1,[속성] 용량/개수 [문장] 가격대비 용량이 작고,,용량/개수,unchanged
train,619069,쇼핑몰,메이크업/뷰티소품,OO 아** EDT 125ml,항상 이 제품 사용하고 있는데 가격도 저렴하고 품질도 우수해서 좋아요. 구매부터 배송까지 만족합니다. 가까운 지인분들에게 추천할 수 있는 제품이니 다른분들도 구매하셔도 좋을 것 같습니다.,가격,가격도 저렴하고,1,[속성] 가격 [문장] 가격도 저렴하고,,가격,unchanged
train,619124,쇼핑몰,메이크업/뷰티소품,OO 아** EDT 125ml,남동생 생일 선물로 구입했어요. 늘 사용하던 제품이라 의심없이 고민없이 구매했습니다. 이곳이 제일 저렴합니다. 향도 좋고 만족해요.,향,향도 좋고,1,[속성] 향 [문장] 향도 좋고,,향,unchanged
train,619373,쇼핑몰,메이크업/뷰티소품,OO 블** 코롱 100ml,향이 마음에 듭니다. 저렴한 가격에 구매할 수 있어서 좋습니다. 다 사용하면 재구매 할 생각입니다. 만족합니다.,향,향이 마음에 듭니다.,1,[속성] 향 [문장] 향이 마음에 듭니다.,,향,unchanged
train,619422,쇼핑몰,메이크업/뷰티소품,OO 블** 코롱 100ml,선물용으로 구입했습니다. 가격도 비싸고 지속력이 네시간정도 짧습니다. 출근길에 뿌리고 점심 전에 다 사라지네요.,가격,가격도 비싸고,-1,[속성] 가격 [문장] 가격도 비싸고,,가격,unchanged
train,619514,쇼핑몰,메이크업/뷰티소품,OO 블** 코롱 100ml,좋은 가격에 구매했어요. 부인이 항상 사용하는 향수인데 쿠폰 사용해서 백화점 가격보다 저렴하게 구입했네요. 향도 좋고 지속력도 오래가네요.,향,향도 좋고,1,[속성] 향 [문장] 향도 좋고,,향,unchanged
train,619523,쇼핑몰,메이크업/뷰티소품,OO 블** 코롱 100ml,배송도 너무 빠르고 좋았어요. 처음 구매했는데 만족합니다. 향이 좋아서 데일리로 사용하기 좋습니다. 용량도 넉넉해서 부담없이 편안하게 사용하기에 좋습니다.,기능/효과,데일리로 사용하기 좋습니다.,1,[속성] 기능/효과 [문장] 데일리로 사용하기 좋습니다.,,기능/효과,unchanged
train,619535,쇼핑몰,메이크업/뷰티소품,OO 블** 코롱 100ml,좋은 가격에 잘 구매했어요. 두 번째 구매인데 구성이 좋아졌네요. 구성으로 같이 온 바디크림과 향수도 잘 받았습니다.,가격,좋은 가격에 잘 구매했어요.,1,[속성] 가격 [문장] 좋은 가격에 잘 구매했어요.,,가격,unchanged
train,619569,쇼핑몰,메이크업/뷰티소품,OO 블** 코롱 100ml,상품 품질이 좋아요. 마음에 듭니다. OO 처음 구입했는데 좋습니다. 향도 좋고 디자인도 마음에 들어요. 배송도 빨라서 좋았어요.,향,향도 좋고,1,[속성] 향 [문장] 향도 좋고,,향,unchanged
train,619658,쇼핑몰,메이크업/뷰티소품,OO 블** 코롱 100ml,ㅇㅇ디자인 예쁘고 향도 좋고 오래가네요. 제일 좋아하는 OOO상큼하니 기분 좋은 향이네요. 우디향은 안 좋아하는데 사은품도 다른 향이라서 좋아요. 할인 쿠폰으로 저렴하게 구입해서 만족이예요. 아들 선물인데 가끔 저도 쓰는 향이예요. 아들도 진한 향 안 좋아하는데 이건 좋아합니다.,향,향도 좋고,1,[속성] 향 [문장] 향도 좋고,,향,unchanged
train,619950,쇼핑몰,메이크업/뷰티소품,OO 블** 코롱 100ml,생일 선물로 받았습니다. 예전부터 사용해보고 싶었는데 가격이 비싸서 고민하고 있었습니다. 유명한 제품인 것은 알았지만 향을 맡아본 적이 없어서 백화점에 가서 추천해주신 제품 2가지 정도를 시향해보고 결정했습니다. 다른 제품도 향이 좋던데 그것도 구매 예정입니다. 용량이 커서 오래 사용할 것 같습니다. 남녀노소 모두 사용해도 된다고 해서 가족 모두 사용하기 좋네요. 향이 진하지 않고 은은해서 데일리로 사용하기 좋습니다.,기능/효과,데일리로 사용하기 좋습니다.,1,[속성] 기능/효과 [문장] 데일리로 사용하기 좋습니다.,,기능/효과,unchanged
train,620103,쇼핑몰,메이크업/뷰티소품,OO 블** 코롱 100ml,향이 은은하면서 고급집니다. 남들이 향수 냄새 좋다고 난리네요. 앞으로도 많이 이용하고 지속적으로 구매할 예정이에요. 정말 좋아요. 친구도 향이 좋다고 합니다.,향,고급집니다.,1,[속성] 향 [문장] 고급집니다.,,향,unchanged
train,620141,쇼핑몰,메이크업/뷰티소품,OO 블** 코롱 100ml,ㅇㅇㅇ디퓨저로만 접하다 지인을 위해 향수 추천을 받는 중에 알았어요. 시향을 해보니 고급스러우면서도 부담스럽지 않은 향이 기분 좋게 합니다. 향이 무겁지 않아서 지속력은 오래 가지 않지만 은은한 향이 더 고급스러움을 가미합니다. 스치는 사람에게서 이 향기가 풍긴다면 한 번쯤 뒤돌아볼 만한 향기입니다. 데일리로 쓰기 좋아요.,기능/효과,데일리로 쓰기 좋아요.,1,[속성] 기능/효과 [문장] 데일리로 쓰기 좋아요.,,기능/효과,unchanged
train,620456,쇼핑몰,메이크업/뷰티소품,OO 플** EDP 75ml,진짜 오래 걸렸어요. 맘에 여유를 갖고 주문하세요. 그래도 물건은 잘 왔어요. 너무 오래 걸려서 혹시 못받으면 어쩌나란 생각이 있었지만 괜찮습니다. 향수엔 문제 없으니까요. 향도 좋고 가격도 저렴해서 더 좋았어요.,향,향도 좋고,1,[속성] 향 [문장] 향도 좋고,,향,unchanged
train,620565,쇼핑몰,메이크업/뷰티소품,OO 플** EDP 75ml,설연휴 시작 하는 날 주문했어요. 대체공휴일 부터 택배 발송해주셔서 생각보다 빠르게 받았습니다. 정품이라 믿고 구매했네요. 도착하자마자 뿌렸는데 향도 좋고 지속력도 좋아요. 계속 킁킁거리게 되네요. 머스크 향을 좋아해서 전 OOO 보다 이 제품을 더 자주 사용할 듯합니다.,향,향도 좋고,1,[속성] 향 [문장] 향도 좋고,,향,unchanged
train,620760,쇼핑몰,메이크업/뷰티소품,OO 오리지널 머스크 EDT 50ml,처음 사용해보는 향수인데 첫 향이 너무 강해서 아쉽고 잔향도 생각보다 좋지는 않네요. 향이 좋지 않아서 구매 후회가 됩니다.,향,향이 좋지 않아서,-1,[속성] 향 [문장] 향이 좋지 않아서,,향,unchanged
train,620770,쇼핑몰,메이크업/뷰티소품,OO 오리지널 머스크 EDT 50ml,좋은 가격에 잘 구매했어요. 완전 마음에 듭니다. 배송 빨라서 좋습니다. 샘플도 받아서 좋습니다. 머스크 향 좋아하시면 추천합니다.,가격,좋은 가격에 잘 구매했어요.,1,[속성] 가격 [문장] 좋은 가격에 잘 구매했어요.,,가격,unchanged
train,620978,쇼핑몰,메이크업/뷰티소품,OO 오리지널 머스크 EDT 50ml,좋은 가격에 잘 구매했어요. 향이 좋아서 재구매 했습니다. 지속력은 약하지만 비싸지 않아서 마구 뿌리며 사용하고 있어요.,가격,좋은 가격에 잘 구매했어요.,1,[속성] 가격 [문장] 좋은 가격에 잘 구매했어요.,,가격,unchanged
train,620982,쇼핑몰,메이크업/뷰티소품,OO 오리지널 머스크 EDT 50ml,쌀쌀해지면서 데일리로 사용하기 좋아요. 향이 포근해서 니트와 잘 어울리네요. 지속력도 좋고 잔향이 매우 우수합니다. 향이 은은해서 자기 전에도 꼭 뿌리고 자요.,기능/효과,데일리로 사용하기 좋아요.,1,[속성] 기능/효과 [문장] 데일리로 사용하기 좋아요.,,기능/효과,unchanged
train,621068,쇼핑몰,메이크업/뷰티소품,OO 오리지널 머스크 EDT 50ml,아들 생일 선물로 사줬습니다. 향도 좋고 갖고 싶어하던 향수라 너무 좋아해요. 솔직히 향수만 올 줄 알았는데 샘플도 챙겨주시고 아주 대 만족이에요. 백화점 구매라 더더욱 믿을만 해요. 향수랑 보내주신 샘플 잘 쓸게요.,향,향도 좋고,1,[속성] 향 [문장] 향도 좋고,,향,unchanged
train,621073,쇼핑몰,메이크업/뷰티소품,OO 오리지널 머스크 EDT 50ml,좋은 가격에 잘 구매했어요. 늘 떨어지지 않게 구매해서 사용하고 있어요. 가을엔 은은한 모스크 향이 참 좋습니다. 포장도 꼼꼼히 해서 보내주시고 샘플도 잘 챙겨주셔서 잘 받았어요.,가격,좋은 가격에 잘 구매했어요.,1,[속성] 가격 [문장] 좋은 가격에 잘 구매했어요.,,가격,unchanged
train,621110,쇼핑몰,메이크업/뷰티소품,OO 오리지널 머스크 EDT 50ml,좋은 가격에 잘 구매했어요. 머스크향 좋아해서 댓글 보고 바로 구매했습니다. 바디제품은 머스크향 쓰고 있고 후각이 예민해서 두통이 생길까 걱정했는데 이 제품은 저한테 잘 맞아서 좋네요.,가격,좋은 가격에 잘 구매했어요.,1,[속성] 가격 [문장] 좋은 가격에 잘 구매했어요.,,가격,unchanged
train,621112,쇼핑몰,메이크업/뷰티소품,OO 오리지널 머스크 EDT 50ml,지인이 첨에는 사용해보라 권해서 사용해봤는데 향이 텁텁하게 느껴져서 그리 땡기진않았어요. 시간이 지날수록 잔향이 남아 은은하니 좋더라고요. 그래서 바로 하나 구입하게 되었어요. 언제 어디서나 꼭 외출시 챙기게 되는것 같아요. 지금은 없어서는 안될 정도로 넘 잘 사용하고 있습니다. 향도 좋고 오래오래 잔향이 남아서 더 좋아요. 앞으로도 쭈욱 사용할것 같아요,향,향도 좋고,1,[속성] 향 [문장] 향도 좋고,,향,unchanged
train,621194,쇼핑몰,메이크업/뷰티소품,OO 오리지널 머스크 EDT 50ml,너무 마음에 듭니다. 추천해요. 향이 중성적이고 너무 강하지 않고 잔향이 특히 좋아요. 가격도 저렴하고 너무 맘에 듭니다.,가격,가격도 저렴하고,1,[속성] 가격 [문장] 가격도 저렴하고,,가격,unchanged
train,621204,쇼핑몰,메이크업/뷰티소품,OO 오리지널 머스크 EDT 50ml,좋은 가격에 잘 구매했어요. 남자 향수이지만 성별 상관없이 활용 가능할 것 같아요. 추천받아서 일단 사봤는데 쭉 이용할지는 좀 더 써봐야 할 것 같아요. 잔향이 중요한데 지속력이 생각보다 짧아서요.,가격,좋은 가격에 잘 구매했어요.,1,[속성] 가격 [문장] 좋은 가격에 잘 구매했어요.,,가격,unchanged
train,621295,쇼핑몰,메이크업/뷰티소품,OO 오리지널 머스크 EDT 50ml,데일리로 사용하기 좋아요. 겨울에 잘 어울리는 향이고 역시 날이 추워지니 머스크향이 생각나서 재구입했어요.,편의성/활용성,데일리로 사용하기 좋아요.,1,[속성] 편의성/활용성 [문장] 데일리로 사용하기 좋아요.,,편의성/활용성,unchanged
train,621518,쇼핑몰,메이크업/뷰티소품,OO 오리지널 머스크 EDT 50ml,"온라인으로 향수를 구매하면 가품 때문에 걱정스러운 게 있었습니다. 이 제품은 베이스, 미들, 탑 노트에서 구분이 확실하고 향도 좋고 시간이 지날수록 잔향이 은은하고 지속력도 좋습니다. 몇 개월 전에 구매했는데 잘 산 것 같습니다. 계속 이 제품만 사용할 것 같습니다. 재구매 의사 있습니다.",향,향도 좋고,1,[속성] 향 [문장] 향도 좋고,,향,unchanged
train,621563,쇼핑몰,메이크업/뷰티소품,OO 오리지널 머스크 EDT 50ml,향기가 마음에 쏙 듭니다. 향도 좋고 병도 군더더기 없이 깔끔해서 데일리로 사용해도 좋아요. 샘플도 감사해요.,향,향도 좋고,1,[속성] 향 [문장] 향도 좋고,,향,unchanged
train,621563,쇼핑몰,메이크업/뷰티소품,OO 오리지널 머스크 EDT 50ml,향기가 마음에 쏙 듭니다. 향도 좋고 병도 군더더기 없이 깔끔해서 데일리로 사용해도 좋아요. 샘플도 감사해요.,기능/효과,데일리로 사용해도 좋아요.,1,[속성] 기능/효과 [문장] 데일리로 사용해도 좋아요.,,기능/효과,unchanged
train,621791,쇼핑몰,메이크업/뷰티소품,OO 쿨** 맨 EDT 125ml,원래 사용하던 제품인데 다 써서 새로 구매해요. 제가 쓸 거랑 친구 줄 것까지 함께 구매했어요. 향도 좋고 오랫동안 써 왔지만 품질 참 좋아요.,향,향도 좋고,1,[속성] 향 [문장] 향도 좋고,,향,unchanged
train,622101,쇼핑몰,메이크업/뷰티소품,OO 쿨** 맨 EDT 125ml,향도 좋고 가격도 착해서 본인이 쓰기에도 좋고 선물용으로도 좋습니다. 고급스러운 향이에요. 용기도 마음에 들고 다 좋습니다.,향,향도 좋고,1,[속성] 향 [문장] 향도 좋고,,향,unchanged
train,622447,쇼핑몰,메이크업/뷰티소품,OO 쿨** 맨 EDT 125ml,저렴한 가격에 구입했어요. 향도 좋고 용량도 커서 매우 만족스러워요.,향,향도 좋고,1,[속성] 향 [문장] 향도 좋고,,향,unchanged
train,622671,쇼핑몰,메이크업/뷰티소품,OO 우** 앤 씨솔트 코롱 100ml,좋은 가격에 잘 구매했어요. 너무 마음에 듭니다. 추천해요. 상품 품질이 좋아요. 마음에 듭니다. 배송도 빠르고 좋은 가격으로 OO쇼핑에서 주문했습니다.,가격,좋은 가격에 잘 구매했어요.,1,[속성] 가격 [문장] 좋은 가격에 잘 구매했어요.,,가격,unchanged
train,622735,쇼핑몰,메이크업/뷰티소품,OO 우** 앤 씨솔트 코롱 100ml,선물하려고 구입했는데 만족합니다. 향이 오래 지속 되지 않지만 은은한 향이어서 좋습니다. 데일리로 사용하기 좋고 선물하기에도 무난해서 좋습니다. 다음에 또 구입하게 되면 여기서 구매하겠습니다.,기능/효과,데일리로 사용하기 좋고,1,[속성] 기능/효과 [문장] 데일리로 사용하기 좋고,,기능/효과,unchanged
train,622782,쇼핑몰,메이크업/뷰티소품,OO 우** 앤 씨솔트 코롱 100ml,향이 오래가지는 않지만 오후에도 은은히 잔향이 남아 나쁘지 않네요. 향 자체가 독특하고 질리지 않는 향이라 좋습니다. 주변 지인들도 향이 좋다며 뭔지 물어보네요. 흔치 않은 향이라 좋습니다. 용기 디자인도 멋스럽네요. 재구매 의사 있습니다.,지속력/유지력,향이 오래가지는 않지만,-1,[속성] 지속력/유지력 [문장] 향이 오래가지는 않지만,,지속력/유지력,unchanged
train,622846,쇼핑몰,메이크업/뷰티소품,OO 우** 앤 씨솔트 코롱 100ml,좋은 가격에 잘 구매했어요.너무나 갖고 싶었던 ㅇㅇㅇ 드디어 좋은 가격에 구매 했네요. 향도 은은하고 정말 좋아요. 다른 향도 추가 구매하고 싶어요. 사은품으로 샘플 향수도 한 개도 없어서 좀 섭섭합니다. 담에는 좀 챙겨주시면 감사하겠습니다.,가격,좋은 가격에 잘 구매했어요.,1,[속성] 가격 [문장] 좋은 가격에 잘 구매했어요.,,가격,unchanged
train,622884,쇼핑몰,메이크업/뷰티소품,OO 우** 앤 씨솔트 코롱 100ml,점점 이 제품처럼 우드한 향이 좋아지고 있습니다. 원래는 바디 크림을 쓰다가 이 향수를 샀는데 향이 너무 금방 날라갑니다. 수시로 뿌려줘야 할 듯 한데 용량을 큰 제품으로 사서 사용하기 불편하네요. 향이 자극적이지 않고 여름에 사용하기 좋습니다.,편의성/활용성,사용하기 불편하네요.,-1,[속성] 편의성/활용성 [문장] 사용하기 불편하네요.,,편의성/활용성,unchanged
train,622884,쇼핑몰,메이크업/뷰티소품,OO 우** 앤 씨솔트 코롱 100ml,점점 이 제품처럼 우드한 향이 좋아지고 있습니다. 원래는 바디 크림을 쓰다가 이 향수를 샀는데 향이 너무 금방 날라갑니다. 수시로 뿌려줘야 할 듯 한데 용량을 큰 제품으로 사서 사용하기 불편하네요. 향이 자극적이지 않고 여름에 사용하기 좋습니다.,향,향이 자극적이지 않고,1,[속성] 향 [문장] 향이 자극적이지 않고,,향,unchanged
train,623108,쇼핑몰,메이크업/뷰티소품,OO 우** 앤 씨솔트 코롱 100ml,부담스럽지 않은 향이라서 데일리로 쓰기 좋아요. 아침에 뿌리고 나가면 늦은 오후까지 지속되는 것 같고 은은한 향이에요.,기능/효과,데일리로 쓰기 좋아요.,1,[속성] 기능/효과 [문장] 데일리로 쓰기 좋아요.,,기능/효과,unchanged
train,623161,쇼핑몰,메이크업/뷰티소품,OO 우** 앤 씨솔트 코롱 100ml,향도 좋고 은은합니다. 지속력도 오래가고 배송도 빠르면서 스마트픽이라 분실걱정없어서 더욱좋아요. 매우 만족합니다.,향,향도 좋고,1,[속성] 향 [문장] 향도 좋고,,향,unchanged
train,623413,쇼핑몰,메이크업/뷰티소품,OO 익** EDP 100ml,향수향이 묵직하지 않아서 너무좋았고 향도 좋고 지속력도 좋아요.배송도 빠르게 와서 너무 감사해요. 아쉬운것은 상품 박스가 곁면이 찌그려져서 와서 속상했네요.박스포장이 향수크기에 맞게 세로였으면 하네요..다른데보다 저렴하게 구입하였기에 위안이 되고 챙겨주신 쇼핑백으로 이쁘게 선물할께요,향,향도 좋고,1,[속성] 향 [문장] 향도 좋고,,향,unchanged
train,623521,쇼핑몰,메이크업/뷰티소품,OO 익** EDP 100ml,가격도 저렴하게 잘 구입했어요. OOO은 워낙 향도 좋고 잘 알려진 제품이라 믿고 선물로 구입했는데 만족해요.,향,향도 좋고,1,[속성] 향 [문장] 향도 좋고,,향,unchanged
train,623549,쇼핑몰,메이크업/뷰티소품,OO 익** EDP 100ml,새 향수를 고르다가 구매하게 되었어요. 향도 좋고 유지력도 좋은 편이라 만족합니다. OOO은 저에게 딱 좋은 향수인 거 같아요. 시즌별 종류별로 사용하고 있습니다. 재구매의사 있어요.,향,향도 좋고,1,[속성] 향 [문장] 향도 좋고,,향,unchanged
train,623550,쇼핑몰,메이크업/뷰티소품,OO 익** EDP 100ml,최저는 아니지만 저렴하게 샀습니다. 배송도 빨랐고 샵에서 파는 향과 같네요. 향도 오래가고 피부 트러블 없어요. 워낙 좋아하는 향이라 만족하네요.,지속력/유지력,향도 오래가고,1,[속성] 지속력/유지력 [문장] 향도 오래가고,,지속력/유지력,unchanged
train,623571,쇼핑몰,메이크업/뷰티소품,OO 살** EDT 30ml,OOO 향수 사용한지 8년이 넘었는데 이 향수만한게 없네요. 이 향수 쓰면 다들 향수 뭐쓰냐고 물어보고 향이 좋다고 합니다. 진한 향수 냄새 맡으면 속이 울렁거리고 향에 민감한 편인데 이 향수는 과일향과 꽃향기가 섞여서 부담스럽지 않고 계속 맡고 싶어지는 향입니다. 가격도 저렴하고 사계절 내내 써도 질리지 않습니다. 포장도 상자에 넣어서 안전하게 잘 받아서 좋습니다. 유통기한도 2024.05.15일까지 넉넉하니 좋네요.,가격,가격도 저렴하고,1,[속성] 가격 [문장] 가격도 저렴하고,,가격,unchanged
train,623599,쇼핑몰,메이크업/뷰티소품,OO 살** EDT 30ml,배송 빠르네요. 저렴하게 잘 샀습니다. 향도 좋고 디자인도 멋있습니다. 선물 하니 좋아합니다. 재구매할게요.,향,향도 좋고,1,[속성] 향 [문장] 향도 좋고,,향,unchanged
train,623603,쇼핑몰,메이크업/뷰티소품,OO 살** EDT 30ml,향이 오래가서 이 제품만 사용합니다. 향이 은은해서 좋습니다. 가격도 저렴하게 산 것 같습니다. 자주 사용하겠습니다. 배송도 빨라서 좋네요.,지속력/유지력,향이 오래가서,1,[속성] 지속력/유지력 [문장] 향이 오래가서,,지속력/유지력,unchanged
train,623779,쇼핑몰,메이크업/뷰티소품,OO 살** EDT 30ml,다른 향수를 계속해서 사용하다가 질려서 새로운 향수를 찾다가 발견했습니다. 이 향수는 다른 색상으로 여러 개 있었는데 시향 후 이 향이 제일 좋아서 구매했어요. 후기 중에 여름에 사용하기에는 좋지만 겨울에는 안 좋다고 해서 고민 했지만 사용해보니 사계절 동안 사용하기 좋고 향도 마음에 들어요. 생각보다 향이 오래가고 잔향이 은은해서 마음에 들어요. 향이 자극적이지 않고 데일리로 사용하기 좋습니다. 달달한 향을 선호하시는 분에게 추천합니다. 향수 용기는 사용하기 불편하지만 휴대용으로는 들고 다니지 않아서 뿌릴 때 크게 불편하지 않네요.,자극성,향이 자극적이지 않고,1,[속성] 자극성 [문장] 향이 자극적이지 않고,,자극성,unchanged
train,623779,쇼핑몰,메이크업/뷰티소품,OO 살** EDT 30ml,다른 향수를 계속해서 사용하다가 질려서 새로운 향수를 찾다가 발견했습니다. 이 향수는 다른 색상으로 여러 개 있었는데 시향 후 이 향이 제일 좋아서 구매했어요. 후기 중에 여름에 사용하기에는 좋지만 겨울에는 안 좋다고 해서 고민 했지만 사용해보니 사계절 동안 사용하기 좋고 향도 마음에 들어요. 생각보다 향이 오래가고 잔향이 은은해서 마음에 들어요. 향이 자극적이지 않고 데일리로 사용하기 좋습니다. 달달한 향을 선호하시는 분에게 추천합니다. 향수 용기는 사용하기 불편하지만 휴대용으로는 들고 다니지 않아서 뿌릴 때 크게 불편하지 않네요.,기능/효과,데일리로 사용하기 좋습니다.,1,[속성] 기능/효과 [문장] 데일리로 사용하기 좋습니다.,,기능/효과,unchanged
train,623817,쇼핑몰,메이크업/뷰티소품,OO 살** EDT 30ml,케이스도 예쁘고 향도 좋고 분사력도 나쁘지 않네요. 사계절 중에 여름이랑 제일 어울리는 향인 듯합니다. 향이 시원하고 사랑스러운 느낌이라서 좋아요. 지속력은 좀 짧지만 가성비도 좋아서 선물용으로도 추천합니다.,향,향도 좋고,1,[속성] 향 [문장] 향도 좋고,,향,unchanged
train,623852,쇼핑몰,메이크업/뷰티소품,OO 살** EDT 30ml,처음에 뿌렸을 때 알코올 향이 심하게 납니다. 향은 무난하고 질리지 않아서 데일리용으로 좋습니다. 다만 향이 지속성이 안 좋습니다. 그 점만 빼면 좋은 것 같아요. 지속력이 없어 자주 뿌려야 합니다. 빠른 배송 좋습니다.,기능/효과,데일리용으로 좋습니다.,1,[속성] 기능/효과 [문장] 데일리용으로 좋습니다.,,기능/효과,unchanged
train,623960,쇼핑몰,메이크업/뷰티소품,OO 살** EDT 30ml,처음 사용해보는 제품입니다. 향이 너무 진해서 아쉽습니다. 향이 좋지 않아서 다시 주문하지는 않을 것 같아요.,향,향이 좋지 않아서,-1,[속성] 향 [문장] 향이 좋지 않아서,,향,unchanged
train,623964,쇼핑몰,메이크업/뷰티소품,OO 살** EDT 30ml,100ml+30ml 추가로 구매하였는데 용량 대비 저렴하게 구매해서 좋습니다. 지속력은 없지만 데일리로 사용하기 좋고 기본적인 향이라 부담 없이 사용하기 좋습니다. 매장에서 시향 후 온라인 몰에서 구매 했습니다.,기능/효과,데일리로 사용하기 좋고,1,[속성] 기능/효과 [문장] 데일리로 사용하기 좋고,,기능/효과,unchanged
train,624001,쇼핑몰,메이크업/뷰티소품,OO 살** EDT 30ml,배송도 빠르고 꼼꼼한 포장도 좋아요. 향도 너무 좋고 좋은 가격에 잘 구매했어요. 유통기한은 좀 짧은 듯합니다.,가격,좋은 가격에 잘 구매했어요.,1,[속성] 가격 [문장] 좋은 가격에 잘 구매했어요.,,가격,unchanged
train,624117,쇼핑몰,메이크업/뷰티소품,OO 살** EDT 30ml,어렸을 때부터 좋아해서 데일리 향수로 쓰고 있어요. 가격도 저렴하고 향도 좋습니다. 지속력을 원하시는 분은 추천하기 힘든 제품이에요.,가격,가격도 저렴하고,1,[속성] 가격 [문장] 가격도 저렴하고,,가격,unchanged
train,624160,쇼핑몰,메이크업/뷰티소품,OO 살** EDT 30ml,20대 남녀가 사용하기 좋은 향인 것 같아요. 향이 가볍고 적당히 달콤해서 데일리로 사용하기 좋아요. 진한 향을 원하시는 분은 맞지 않을 향수에요.,기능/효과,데일리로 사용하기 좋아요.,1,[속성] 기능/효과 [문장] 데일리로 사용하기 좋아요.,,기능/효과,unchanged
train,624185,쇼핑몰,메이크업/뷰티소품,OO 살** EDT 30ml,이 제품은 개인적으로 좋아하는 제품입니다. 향이 지속력이 강하지는 않지만 향이 자극적이지 않고 은은해서 좋습니다.,자극성,향이 자극적이지 않고,1,[속성] 자극성 [문장] 향이 자극적이지 않고,,자극성,unchanged
train,624209,쇼핑몰,메이크업/뷰티소품,OO 살** EDT 30ml,늘 사용하는 제품입니다. 가격도 저렴하고 향도 은은해서 사계절 쓰기 좋아요. 사용기간은 좀 짧은 것 같네요.,가격,가격도 저렴하고,1,[속성] 가격 [문장] 가격도 저렴하고,,가격,unchanged
train,624591,쇼핑몰,메이크업/뷰티소품,OO 상** EDP 50ml,향이 과하지 않고 은은해서 데일리로 사용하기 좋습니다. 처음 선물용으로 구매했다가 향이 너무 좋아서 결국 저도 하나 구매했습니다. 다음에는 같은 라인에 다른 제품들도 구매해 보고 싶습니다.,기능/효과,데일리로 사용하기 좋습니다.,1,[속성] 기능/효과 [문장] 데일리로 사용하기 좋습니다.,,기능/효과,unchanged
train,624617,쇼핑몰,메이크업/뷰티소품,OO 상** EDP 50ml,원래 OO랑 OOO을 매장에서 직접 구매해서 쓰고 있었어요. 그러다 오랜만에 생각나서 둘 중 뭐 살까 고민하다가 여기서 OO를 먼저 샀어요. 하지만 OO도 사고 싶어서 바로 구매했습니다. OO는 원래 쓰던 거랑 향도 다르고 지속력도 달라서 이상했는데 OOO은 향도 좋고 지속력도 좋아요.,향,향도 좋고,1,[속성] 향 [문장] 향도 좋고,,향,unchanged
train,624663,쇼핑몰,메이크업/뷰티소품,OO 상** EDP 50ml,"향도 좋고 지속력도 오래 유지되고, 정말 개인적으로 너무 좋아하는 향수입니다. 쿠폰 사용해서 저렴하게 잘 구매했습니다. 추천합니다.",향,향도 좋고,1,[속성] 향 [문장] 향도 좋고,,향,unchanged
train,287426,쇼핑몰,메이크업/뷰티소품,OO 왕쿠션 2개+리필 2개+비비크림 1개(상품평시 1개 더),"OOO 좋다는건 알아도 써보지는 않아서 구매해봤어요 썬크림 왕쿠션 쓸때 쿠션도 왕쿠션 쓰고 싶었는데 완젼 대만족입니다. 퍼프사이즈가 커서 좋고, 촉촉해요 피부에 잘먹고, 쿠션 2개라 친구 줬어요 너무 맘에 들어서 써보라고 소문 내고 있습니다.",보습력/수분감,촉촉해요,1,[속성] 보습력/수분감 [문장] 촉촉해요,,보습력/수분감/쿨링감,merged_duplicate_label
train,287434,쇼핑몰,메이크업/뷰티소품,OO 왕쿠션 2개+리필 2개+비비크림 1개(상품평시 1개 더),솔직히 아직써보진 못했지만 워낙 입소문난 제품이라 상품 평도 좋고 디자인도 맘에들고 촉촉하고 무지기대돼네요.,보습력/수분감,촉촉하고,1,[속성] 보습력/수분감 [문장] 촉촉하고,,보습력/수분감/쿨링감,merged_duplicate_label
train,287474,쇼핑몰,메이크업/뷰티소품,OO 왕쿠션 2개+리필 2개+비비크림 1개(상품평시 1개 더),발라보니 촉촉하고 원래 21호 쓰는데 밝다는 평이 있어 23호로 해봤는데 색상이 차분하고 괜찮네요 컬러가 많이 어둡지 않아요 거울도 크고 퍼프도 크니 사용하기에도 편리하고 화장도 시간단축되어 금방 끝나서 좋아요,보습력/수분감,촉촉하고,1,[속성] 보습력/수분감 [문장] 촉촉하고,,보습력/수분감/쿨링감,merged_duplicate_label
train,287501,쇼핑몰,메이크업/뷰티소품,OO 왕쿠션 2개+리필 2개+비비크림 1개(상품평시 1개 더),케이스도 이쁘고 촉촉하고 좋아요~ 잡티도 많고 건조한편인데요 잡티 커버는 조금 약하지만 촉촉하고 대체적으로 만족해요 엄마도 하나 드렸는데 좋다고 하세요 ^^,용기,케이스도 이쁘고,1,[속성] 용기 [문장] 케이스도 이쁘고,,용기,unchanged
train,287501,쇼핑몰,메이크업/뷰티소품,OO 왕쿠션 2개+리필 2개+비비크림 1개(상품평시 1개 더),케이스도 이쁘고 촉촉하고 좋아요~ 잡티도 많고 건조한편인데요 잡티 커버는 조금 약하지만 촉촉하고 대체적으로 만족해요 엄마도 하나 드렸는데 좋다고 하세요 ^^,보습력/수분감,촉촉하고,1,[속성] 보습력/수분감 [문장] 촉촉하고,,보습력/수분감/쿨링감,merged_duplicate_label
train,624772,쇼핑몰,메이크업/뷰티소품,OO 상** EDP 50ml,겨울에 사용하기 좋은 향수입니다. 향이 우아하면서도 세련되고 고풍스러운 향기입니다. 향을 뿌리고 나가면 기분이 좋아집니다. 마음에 듭니다. 고민하는 분들에게 하나쯤 소장하기 좋은 향기입니다.,향,세련되고,1,[속성] 향 [문장] 세련되고,,향,unchanged
train,624815,쇼핑몰,메이크업/뷰티소품,OO 상** EDP 50ml,"받자마자 시향 했는데 향이 너무 좋네요. 처음에는 향이 강하다 느껴졌는데, 조금 지나면 향이 은은해져서 괜찮네요. 향도 오래가고 잔향도 좋은 듯해요. 각인된 것도 넘 맘에 드네요. 계절감 상관없이 사용하기 좋네요. 단향목 냄새 적극 추천합니다.",지속력/유지력,향도 오래가고,1,[속성] 지속력/유지력 [문장] 향도 오래가고,,지속력/유지력,unchanged
train,624841,쇼핑몰,메이크업/뷰티소품,OO 상** EDP 50ml,날이 더워서 요즘은 잘 안 뿌리게 되는데 선선할 때 뿌리면 잘 어울릴 듯한 향이에요. 향도 오래가고 OOO에서 제일 좋아하는 향입니다. 사은품이 없는 건 좀 아쉽네요.,지속력/유지력,향도 오래가고,1,[속성] 지속력/유지력 [문장] 향도 오래가고,,지속력/유지력,unchanged
train,624935,쇼핑몰,메이크업/뷰티소품,OO 상** EDP 50ml,"가격이 있는 향수를 사봤는데, 향도 좋고 디자인도 이쁩니다. 마음에 들어요. 잘 사용하겠습니다.",향,향도 좋고,1,[속성] 향 [문장] 향도 좋고,,향,unchanged
train,624987,쇼핑몰,메이크업/뷰티소품,OO 상** EDP 50ml,매일 가지고 다니며 데일리로 쓰기 좋아요. 개인적으로 원하는 문구를 레이블링해서 쓸 때마다 흐뭇해집니다. 향이 아주 짙지 않지만 고급스러운 잔향이에요. 아침마다 기분을 좋게 해주는 향입니다.,기능/효과,데일리로 쓰기 좋아요.,1,[속성] 기능/효과 [문장] 데일리로 쓰기 좋아요.,,기능/효과,unchanged
train,625051,쇼핑몰,메이크업/뷰티소품,OO 상** EDP 50ml,그동안 사용했던 그 어떤 향수보다도 향이 좋고 지속력이 좋습니다. 향이 자연스러워요. 향이 숲속향처럼 시원하고 편안하고 고급스러워요. 옆에서 그 향을 맡은 사람들도 향이 좋다고 합니다.,향,고급스러워요.,1,[속성] 향 [문장] 고급스러워요.,,향,unchanged
train,625057,쇼핑몰,메이크업/뷰티소품,OO 상** EDP 50ml,"처음 했을 때는 가격에 비해 크게 매력있다는 느낌을 받지 못하여 매장에서 구매를 하지 않고 왔었습니다. 집에 와서도 남은 잔향에 결국 온라인으로 구매했습니다. 강한 향은 아니어서 와 닿지는 않았지만, 향이 오래가서 잔향이 은은하게 남아 매력적입니다. 가격이 비싸지만 소중한 분을 위한 선물 목록에 한번 쯤 고려해 줄 만한 좋은 향수라고 생각합니다. 온라인은 카드로 사면 할인을 받을 수 있어요. 시향만 하시고 ㅇㅇㅇ에서 구매 하시면 조금이라도 할인된 가격에 득템을 하실 수 있습니다.",지속력/유지력,향이 오래가서,1,[속성] 지속력/유지력 [문장] 향이 오래가서,,지속력/유지력,unchanged
train,625080,쇼핑몰,메이크업/뷰티소품,OO 상** EDP 50ml,"친구에게 선물 했는데, 엄청 좋아하네요. 향도 좋고 오래 가고 무엇보다 잔향이 좋다고 마음에 들어했어요.",향,향도 좋고,1,[속성] 향 [문장] 향도 좋고,,향,unchanged
train,625234,쇼핑몰,메이크업/뷰티소품,OO 옴** EDT 65ml,OO의 OOO향수를 한 번 사용해보고는 이것만 씁니다. 향이 은은하면서도 부드럽고 산뜻한 향이 따뜻한 느낌으로 감싸 안아요. 은근한 잔향도 너무 좋습니다.,향,부드럽고,1,[속성] 향 [문장] 부드럽고,,향,unchanged
train,625257,쇼핑몰,메이크업/뷰티소품,OO 옴** EDT 65ml,OOO OO 항상 사용하는 향수입니다. 포장도 예쁘게 해주시고 쇼핑백까지 있어 마음에 드네요. 지속력은 약한 듯하지만 향도 좋고 착한 가격에 구매해서 잘 쓰고 있어요. 구입하시길 추천드려요.,향,향도 좋고,1,[속성] 향 [문장] 향도 좋고,,향,unchanged
train,625280,쇼핑몰,메이크업/뷰티소품,OO 옴** EDT 65ml,늘 사용하던 제품입니다. 향이 시원해서 좋아요. 향이 오래가진 않지만 뿌린 후 몇 시간 후까지는 잔향이 있어서 좋습니다. 향이 꽃향기처럼 달달한게 아니라서 좋아요. 향이 상큼해서 하루가 상쾌해요.,향,향이 오래가진 않지만,-1,[속성] 향 [문장] 향이 오래가진 않지만,,향,unchanged
train,625302,쇼핑몰,메이크업/뷰티소품,OO 옴** EDT 65ml,여자친구에게 선물했는데 좋아합니다. 향수 선물은 처음인데 좋아해서 다행입니다. 향이 말할 수 없이 여성스러워 좋네요. 데일리로 사용하기 좋은 것 같아요.,기능/효과,데일리로 사용하기 좋은 것 같아요.,1,[속성] 기능/효과 [문장] 데일리로 사용하기 좋은 것 같아요.,,기능/효과,unchanged
train,625307,쇼핑몰,메이크업/뷰티소품,OO 옴** EDT 65ml,배송도 너무 늦게 왔습니다. 처음 사용해보는데 향이 좋지 않아서 사용을 안 하게 됩니다. 지속력도 좋지 않아서 불만이네요.,품질,향이 좋지 않아서,-1,[속성] 품질 [문장] 향이 좋지 않아서,,품질,unchanged
train,625309,쇼핑몰,메이크업/뷰티소품,OO 옴** EDT 65ml,국내에 ooo가 더는 수입되지 않는다고 합니다. 화장품 매장에도 제품이 없어서 찾다가 여기가 제일 저렴해서 구매했습니다. 이 제품은 오랫동안 쓰고 있습니다. 향도 좋고 주변에서 평이 좋아서 계속 사용하고 있어요.,향,향도 좋고,1,[속성] 향 [문장] 향도 좋고,,향,unchanged
train,625369,쇼핑몰,메이크업/뷰티소품,OO 옴** EDT 65ml,가격도 저렴하고 무난하게 사용할 수 있는 최고의 향수인 것 같습니다. 향이 독하지 않고 기분 좋은 향이 오래 지속되어서 좋습니다.,가격,가격도 저렴하고,1,[속성] 가격 [문장] 가격도 저렴하고,,가격,unchanged
train,625431,쇼핑몰,메이크업/뷰티소품,OO 옴** EDT 65ml,선물용으로 구매도 하고 사용해 봤는데 향이 오래가지는 않지만 향은 좋아요. 선물포장 사실 기대 안했는데 생각보다 깔끔하고 꼼꼼해서 마음에 들었어요. 선물 잘 했습니다.,지속력/유지력,향이 오래가지는 않지만,-1,[속성] 지속력/유지력 [문장] 향이 오래가지는 않지만,,지속력/유지력,unchanged
train,625489,쇼핑몰,메이크업/뷰티소품,OO 옴** EDT 65ml,OOO 사용하다 후기를 보고 다른 향의 향수도 사용하고자 구입했어요. 향도 좋고 사용기한 일자도 넉넉하여 좋아요. 잘 사용할게요.,향,향도 좋고,1,[속성] 향 [문장] 향도 좋고,,향,unchanged
train,625545,쇼핑몰,메이크업/뷰티소품,OO 옴** EDT 65ml,선물하기 정말 좋은 제품인 것 같아요. 향은 은은해서 좋고 지속력도 오래가는 느낌이네요. 연말 선물용으로 추가 구매할 것 같아요. 자연스러운 향으로 데일리로 사용하기 좋습니다.,기능/효과,데일리로 사용하기 좋습니다.,1,[속성] 기능/효과 [문장] 데일리로 사용하기 좋습니다.,,기능/효과,unchanged
train,625607,쇼핑몰,메이크업/뷰티소품,OO 옴** EDT 65ml,저희 이모가 9년 동안 쭉 사용하는 향수입니다. 생일 선물로 사드렸는데 너무 좋아하십니다. 내년에도 이 향수 사드릴 예정이에요. 은은하고 톡톡 튀는 향이 너무 좋아서 데일리로 사용하기 좋은 것 같습니다.,기능/효과,데일리로 사용하기 좋은 것 같습니다.,1,[속성] 기능/효과 [문장] 데일리로 사용하기 좋은 것 같습니다.,,기능/효과,unchanged
train,625654,쇼핑몰,메이크업/뷰티소품,OO 옴** EDT 65ml,상품 품질이 좋아요. 마음에 듭니다. 향도 좋고 지속력도 좋아서 계속 재구매하고 있어요. 가격할인이 많이 되었으면 좋겠네요.,향,향도 좋고,1,[속성] 향 [문장] 향도 좋고,,향,unchanged
train,625708,쇼핑몰,메이크업/뷰티소품,OO 옴** EDT 65ml,애용하는 향수예요. 향이 은은하고 적당히 지속되어 데일리로 쓰기 좋습니다. OO에서 구매하다가 이번에는 OOO쇼핑에서 구매했는데 괜찮네요.,기능/효과,데일리로 쓰기 좋습니다.,1,[속성] 기능/효과 [문장] 데일리로 쓰기 좋습니다.,,기능/효과,unchanged
train,625758,쇼핑몰,메이크업/뷰티소품,OO 옴** EDT 65ml,다른 곳보다 가격이 저렴해서 구매했어요. 향이 진하지 않으면 어쩌지 고민했는데 향이 약간 진해요. 향도 너무 좋고 양도 많고 데일리로 쓰기 좋습니다. 구입하고 시간이 좀 지나도 향이 잘 유지되네요. 재구매 해야겠어요.,기능/효과,데일리로 쓰기 좋습니다.,1,[속성] 기능/효과 [문장] 데일리로 쓰기 좋습니다.,,기능/효과,unchanged
train,625903,쇼핑몰,메이크업/뷰티소품,OO 옴** EDT 65ml,"가격도 저렴하고 배송도 빠르네요. 테스트 제품이라 그런지 뚜껑이 헐겁지만, 샘플도 많이 주셔서 그냥 쓰려해요.",가격,가격도 저렴하고,1,[속성] 가격 [문장] 가격도 저렴하고,,가격,unchanged
train,626036,쇼핑몰,메이크업/뷰티소품,OO 옴** EDT 65ml,OO 향수는 정말 좋아할 수 밖에 없는 향수예요. 향도 좋고 인기가 많은 것 같아요. 외출 시 마무리는 항상 향수로 하는데 OO 향수는 향이 오래가서 걱정이 안 돼요. 향수 하면 OO예요.,향,향도 좋고,1,[속성] 향 [문장] 향도 좋고,,향,unchanged
train,626036,쇼핑몰,메이크업/뷰티소품,OO 옴** EDT 65ml,OO 향수는 정말 좋아할 수 밖에 없는 향수예요. 향도 좋고 인기가 많은 것 같아요. 외출 시 마무리는 항상 향수로 하는데 OO 향수는 향이 오래가서 걱정이 안 돼요. 향수 하면 OO예요.,지속력/유지력,향이 오래가서,1,[속성] 지속력/유지력 [문장] 향이 오래가서,,지속력/유지력,unchanged
train,626037,쇼핑몰,메이크업/뷰티소품,OO 옴** EDT 65ml,기존에 쓰던 향수라서 재주문 했습니다. 사용한 지 오래 됐는데 변함없이 만족스럽네요. 향도 좋고 지속력도 좋습니다. 가격도 무난하니 괜찮은 듯해요. 다음에 또 주문할게요.,향,향도 좋고,1,[속성] 향 [문장] 향도 좋고,,향,unchanged
train,626230,쇼핑몰,메이크업/뷰티소품,OO 블** 옴므 EDT 100ml,항상 사용하던 향수이라서 선물용으로 샀는데 향도 좋고 지속력도 좋아서 매일 뿌리고 출근합니다. 양도 많아 오랫동안 사용할 수 있어 좋아요. 십수년 동안 늘 뿌리고 다닙니다. 감사해요.,향,향도 좋고,1,[속성] 향 [문장] 향도 좋고,,향,unchanged
train,626405,쇼핑몰,메이크업/뷰티소품,OO 블** 옴므 EDT 100ml,ㅇㅇㅇ 향수는 처음 구매해보았는데 향도 은은하고 지속력도 너무 좋습니다. 다른 분들도 향수냄새 좋다구들 하십니다. 너무 만족하며 사용하고 있어요. 다 사용후에도 재구매 하려구요. 가격도 저렴하고 배송도 빠르고 이래저래 너무 잘 구매했어요.,가격,가격도 저렴하고,1,[속성] 가격 [문장] 가격도 저렴하고,,가격,unchanged
train,627010,쇼핑몰,메이크업/뷰티소품,OO 블** 옴므 EDT 100ml,향도 오래가고 은은해서 좋아요. 이런저런 냄새 덮는 데는 최고의 향수입니다. 항상 이것만 사용하는데 저렴하게 구매해서 좋았어요. OOO 십수 년 사용하고 있는데 향이 질리지 않아요. 재구매 의사 있어요.,지속력/유지력,향도 오래가고,1,[속성] 지속력/유지력 [문장] 향도 오래가고,,지속력/유지력,unchanged
train,627010,쇼핑몰,메이크업/뷰티소품,OO 블** 옴므 EDT 100ml,향도 오래가고 은은해서 좋아요. 이런저런 냄새 덮는 데는 최고의 향수입니다. 항상 이것만 사용하는데 저렴하게 구매해서 좋았어요. OOO 십수 년 사용하고 있는데 향이 질리지 않아요. 재구매 의사 있어요.,향,은은해서 좋아요.,1,[속성] 향 [문장] 은은해서 좋아요.,,향,unchanged
train,627101,쇼핑몰,메이크업/뷰티소품,OO 블** 옴므 EDT 100ml,"이제까지 향수는 가격이 저렴한 걸로만 구매했었는데, 이번에 원하던 향수를 적립금 사용해서 저렴히 구매했어요. 그리고 무엇보다도 고급 향수라 용량이 작을 줄 알았는데, 개봉해보니 대용량에 향도 좋고 사은품으로 주신 샘플도 좋았어요. 사은품을 없어도 OOO향수 적극적으로 사용해 보려구요.",향,향도 좋고,1,[속성] 향 [문장] 향도 좋고,,향,unchanged
train,627288,쇼핑몰,메이크업/뷰티소품,OO O** EDT 200ml,ㅇㅇ향수 남녀 공용으로 사용하기 좋은 향수인것 같습니다. 운동할때나 편한복장 입을때 뿌리면 향이 좋아서 기분 좋습니다. 향도 오래가고 아들이랑 가족들 다 같이 쓸 수 있는 향수라서 더 좋습니다.,지속력/유지력,향도 오래가고,1,[속성] 지속력/유지력 [문장] 향도 오래가고,,지속력/유지력,unchanged
train,627310,쇼핑몰,메이크업/뷰티소품,OO O** EDT 200ml,향이 자극적이지 않고 은은하고 오래가서 좋습니다. 양도 많고 가격도 저렴하고 데일리 향수로 사용하기 괜찮은 것 같습니다.,자극성,향이 자극적이지 않고,1,[속성] 자극성 [문장] 향이 자극적이지 않고,,자극성,unchanged
train,627310,쇼핑몰,메이크업/뷰티소품,OO O** EDT 200ml,향이 자극적이지 않고 은은하고 오래가서 좋습니다. 양도 많고 가격도 저렴하고 데일리 향수로 사용하기 괜찮은 것 같습니다.,가격,가격도 저렴하고,1,[속성] 가격 [문장] 가격도 저렴하고,,가격,unchanged
train,627324,쇼핑몰,메이크업/뷰티소품,OO O** EDT 200ml,선물했는데 향도 좋고 용량도 많아서 좋다고 합니다. 데일리 향수로 사용하기 좋을 것 같다고 하네요.,향,향도 좋고,1,[속성] 향 [문장] 향도 좋고,,향,unchanged
train,627328,쇼핑몰,메이크업/뷰티소품,OO O** EDT 200ml,가격이 저렴하고 유명해서 구매해요. 다른 제품을 사용하면서 레이어드 해서 사용하기 좋습니다. 향도 좋고 양도 많아서 좋아요. 선물로도 구매했는데 받은 사람도 대체로 만족 합니다. 후회하지 않을 듯 합니다.,향,향도 좋고,1,[속성] 향 [문장] 향도 좋고,,향,unchanged
train,627399,쇼핑몰,메이크업/뷰티소품,OO O** EDT 200ml,너무 좋아요. 오래전부터 지금까지 사용하고 있습니다. 향도 오래가고 저렴하게 구입해서 좋아요. OOO은 향이 무난해서 사용하기 좋아요. 가격대비 품질이 좋아요. 다만 택배비가 너무 비싸네요. 다음에도 행사했음 좋겠어요.,지속력/유지력,향도 오래가고,1,[속성] 지속력/유지력 [문장] 향도 오래가고,,지속력/유지력,unchanged
train,627431,쇼핑몰,메이크업/뷰티소품,OO O** EDT 200ml,ㅇㅇㅇ200ml를 정말 좋은 가격에 구매하였습니다. 그래서 하나 더 샀는데 향이 정말 맘에 듭니다. 개별로 선물 포장이 되어와서 센스까지 최고입니다. 향은 은은하게 데일리로 사용하기 좋습니다.,기능/효과,데일리로 사용하기 좋습니다.,1,[속성] 기능/효과 [문장] 데일리로 사용하기 좋습니다.,,기능/효과,unchanged
train,627455,쇼핑몰,메이크업/뷰티소품,OO O** EDT 200ml,친구 선물용으로 구매했는데 가격도 저렴하고 향도 좋다하네요. 남자 기본 향으로 딱 좋은거 같습니다. 입문용 느낌은 향이 진하지 않고 거부감 들지 않는 향이라 좋습니다. 만족합니다.,가격,가격도 저렴하고,1,[속성] 가격 [문장] 가격도 저렴하고,,가격,unchanged
train,627484,쇼핑몰,메이크업/뷰티소품,OO O** EDT 200ml,역시 남자 향수로 이만한 게 없는 거 같아요. 대용량인데다가 향도 오래가고 거부감 없는 향이라서 가볍게 쓰기 좋아요. 쿠폰 할인 적용했더니 OO쇼핑이 제일 저렴하네요. 잘 샀습니다.,지속력/유지력,향도 오래가고,1,[속성] 지속력/유지력 [문장] 향도 오래가고,,지속력/유지력,unchanged
train,627487,쇼핑몰,메이크업/뷰티소품,OO O** EDT 200ml,OOO은 오래된 향수지만 추억을 불러 일으키는 향수죠. 선물하려고 샀는데 포장을 잘 해주셔서 감사했습니다. 향도 좋고 용량도 커서 부담없이 사용하기 좋아요.,향,향도 좋고,1,[속성] 향 [문장] 향도 좋고,,향,unchanged
train,627612,쇼핑몰,메이크업/뷰티소품,OO O** EDT 200ml,가성비 최고입니다. 좋은 가격에 잘 구매했어요. 대용량이라 양이 많아 오랜 기간 쓸 수 있을 것 같습니다. 만족합니다.,향,가성비 최고입니다,1,[속성] 향 [문장] 가성비 최고입니다,,향,unchanged
train,627612,쇼핑몰,메이크업/뷰티소품,OO O** EDT 200ml,가성비 최고입니다. 좋은 가격에 잘 구매했어요. 대용량이라 양이 많아 오랜 기간 쓸 수 있을 것 같습니다. 만족합니다.,향,좋은 가격에 잘 구매했어요.,1,[속성] 향 [문장] 좋은 가격에 잘 구매했어요.,,향,unchanged
train,627649,쇼핑몰,메이크업/뷰티소품,OO O** EDT 200ml,선물주려고 구매했는데 가격이 매장보다 저렴해서 부담이 없었어요. 향이 오래가지는 않지만 깔끔한 느낌의 향이 좋더라고요.,지속력/유지력,향이 오래가지는 않지만,-1,[속성] 지속력/유지력 [문장] 향이 오래가지는 않지만,,지속력/유지력,unchanged
train,627675,쇼핑몰,메이크업/뷰티소품,OO O** EDT 200ml,품질도 좋고 디자인이 이쁘네요. 가격도 저렴하고 배송도 빨라서 마음에 듭니다. 평소 좋아하는 향수인데 대용량으로 양이 많아서 만족합니다.,가격,가격도 저렴하고,1,[속성] 가격 [문장] 가격도 저렴하고,,가격,unchanged
train,628095,쇼핑몰,메이크업/뷰티소품,OO O** EDT 200ml,깜빡하고 사진을 못 찍고 선물로 바로 드렸습니다. 향도 좋고 양도 많고 최고의 선물인 거 같습니다.,향,향도 좋고,1,[속성] 향 [문장] 향도 좋고,,향,unchanged
train,628341,쇼핑몰,메이크업/뷰티소품,OO C** BE EDT 200ml,아들이 OOO을 쓰고 있는데 신랑이 향이 좋다 하기에 OO도 남자들 평이 좋아 OO으로 구입했습니다. 향이 텁텁하거나 남자 향날까 걱정했는데 시향해 보니 향이 괜찮아요. 향이 진하지 않고 상큼하니 거슬리지 않아 좋아요. 데일리로 사용하기 좋습니다.,기능/효과,데일리로 사용하기 좋습니다.,1,[속성] 기능/효과 [문장] 데일리로 사용하기 좋습니다.,,기능/효과,unchanged
train,628347,쇼핑몰,메이크업/뷰티소품,OO C** BE EDT 200ml,저렴하게 잘 구매했습니다. 향도 좋고 지속력도 오래갑니다. OOO 향수 추천해요. 대용량으로 구매했더니 아직도 잘 쓰고 있어서 좋아요. 저렴하게 잘 구매해서 만족합니다. 향이 좋고 지속력도 오래간답니다. 좋아요.,향,향도 좋고,1,[속성] 향 [문장] 향도 좋고,,향,unchanged
train,628644,쇼핑몰,메이크업/뷰티소품,OO C** BE EDT 200ml,아들이 사용하는 향수네요. 향도 좋고 양도 많아서 부담 없이 무난하게 사용하기 좋은 것 같습니다.,향,향도 좋고,1,[속성] 향 [문장] 향도 좋고,,향,unchanged
train,628653,쇼핑몰,메이크업/뷰티소품,OO C** BE EDT 200ml,향이 오래가지는 않지만 몇 년 동안 꾸준하게 사용해온 향수입니다. 향에 대한 거부감이 없어서 신랑이 자주 사용합니다. 앞으로도 이 제품을 계속 구매할 생각입니다.,향,향이 오래가지는 않지만,-1,[속성] 향 [문장] 향이 오래가지는 않지만,,향,unchanged
train,628681,쇼핑몰,메이크업/뷰티소품,OO C** BE EDT 200ml,신랑이 이 제품을 주문해줬습니다. 전에 구매한 다른 제품은 향이 취향에 맞지 않았는데 이 제품은 향이 산뜻해서 마음에 듭니다. 무겁지 않은 향이어서 데일리로 사용하기 좋습니다. 잔향도 은은해서 좋습니다. 요즘 향수에 빠진 신랑 덕분에 이 향수를 써봅니다.,기능/효과,데일리로 사용하기 좋습니다.,1,[속성] 기능/효과 [문장] 데일리로 사용하기 좋습니다.,,기능/효과,unchanged
train,628702,쇼핑몰,메이크업/뷰티소품,OO C** BE EDT 200ml,꾸준히 사용하고 있는 제품으로 용량이 커서 좋고 가격도 저렴하여 구매했어요. 타 싸이트에 비해 가격도 저렴하고 포장 배송 상태가 훌륭하네요. 계속 사용하고 있는 제품이라 향수 자체의 품질이 기본은 한다고 생각되네요.,가격,가격도 저렴하고,1,[속성] 가격 [문장] 가격도 저렴하고,,가격,unchanged
train,628733,쇼핑몰,메이크업/뷰티소품,OO C** BE EDT 200ml,처음 사용하는 제품입니다. 향이 좋지 않아서 가성비가 없는 것 같습니다. 배송도 너무 늦게 왔습니다. 재구매는 없을 듯해요.,향,향이 좋지 않아서,-1,[속성] 향 [문장] 향이 좋지 않아서,,향,unchanged
train,628740,쇼핑몰,메이크업/뷰티소품,OO C** BE EDT 200ml,아직 뿌리고 외출한 적은 없지만 자극적이지 않고 과하지 않은 세련된 향이에요. 남성용이긴 하지만 여성도 사용하려면 할 수 있을 것 같아요. 좋은 제품입니다.,향,자극적이지 않고,1,[속성] 향 [문장] 자극적이지 않고,,향,unchanged
train,628808,쇼핑몰,메이크업/뷰티소품,OO C** BE EDT 200ml,이전에 사용할 때 뿌리고 난 뒤 남는 잔향이 마음에 들어서 재구매했습니다. 달달한 향을 싫어하시는 분은 사용할 만 합니다. 저는 달달한 향은 좋아하지 않습니다. 향이 오래가는 향수는 아니지만 데일리로 사용하기 좋습니다.,기능/효과,데일리로 사용하기 좋습니다.,1,[속성] 기능/효과 [문장] 데일리로 사용하기 좋습니다.,,기능/효과,unchanged
train,628933,쇼핑몰,메이크업/뷰티소품,OO C** BE EDT 200ml,배송도 느리고 물품 포장 상태도 안 좋네요. 이 향수 처음 구매해보는데 괜히 산 것 같습니다. 향이 좋지 않아서 주위에서 물어보지도 않네요. 향이 과하다는 소리는 몇 번 들었습니다. 차라리 비싼 향수를 사는 게 나을 것 같네요. 추천하지 않습니다.,향,향이 좋지 않아서,-1,[속성] 향 [문장] 향이 좋지 않아서,,향,unchanged
train,629341,쇼핑몰,메이크업/뷰티소품,OO 소** EDT 100ml,향수 바꿀때 처음으로 사서 사용했는데 향도 좋고 지속력도 좋아서 계속 구매하고 있습니다. 향수가 호불호가 갈릴 수 있는데남성용으로 무난하게 사용하기 좋은 향인 것 같습니다. 선물용으로도 좋은 것 같습니다.,향,향도 좋고,1,[속성] 향 [문장] 향도 좋고,,향,unchanged
train,629451,쇼핑몰,메이크업/뷰티소품,OO 어** EDP 100ml,향도 좋고 지속력도 오래가고 좋습니다. 선물이라 포장 부탁드렸는데 예쁘게 포장해주셔서 감사합니다. 샘플이랑 시향지도 챙겨주셔서 너무 마음에 듭니다.,향,향도 좋고,1,[속성] 향 [문장] 향도 좋고,,향,unchanged
train,629490,쇼핑몰,메이크업/뷰티소품,OO 어** EDP 100ml,향도 좋고 사은품 샘플 서비스도 좋고 가격도 저렴하고 너무나 좋습니다!,가격,가격도 저렴하고,1,[속성] 가격 [문장] 가격도 저렴하고,,가격,unchanged
train,629509,쇼핑몰,메이크업/뷰티소품,OO 어** EDP 100ml,향도 좋고 지속력도 좋습니다. 옷에 뿌렸을 때 은은한 향이 좋으면서 오래 지속이 되어 너무 만족합니다. 데일리로 사용하기 좋아서 회사에 뿌리고 가면 어떤 향수냐고 물어보기도 하고 주변 사람들에게 매번 추천하고 있어요. 고민하시는 분들은 바로 구매하셔도 후회 없습니다.,향,향도 좋고,1,[속성] 향 [문장] 향도 좋고,,향,unchanged
train,629526,쇼핑몰,메이크업/뷰티소품,OO 어** EDP 100ml,주문하고 이틀째에 배송 받았어요. 사은품도 챙겨주시고 좋은 가격에 잘 구매했어요. 그런데 선물용으로 구매한 거였는데 당연히 쇼핑백은 같이 배송될 줄 알았어요. 그런데 쇼핑백이 없어서 당황했습니다. 쇼핑백이 없어서 뭔가 허전하고 아쉽네요.,가격,좋은 가격에 잘 구매했어요.,1,[속성] 가격 [문장] 좋은 가격에 잘 구매했어요.,,가격,unchanged
train,629697,쇼핑몰,메이크업/뷰티소품,OO 어** EDP 100ml,배송도 생각보다 빠르게 도착했습니다. ㅇㅇㅇ 명성만 믿고 저렴한 가격에 블라인드 구매했어요. 향도 오래가고 맘에 들어요. 몇번 뿌리고 나갔는데 주변에서 다들 향 좋다고 잘 샀다고 합니다.,지속력/유지력,향도 오래가고,1,[속성] 지속력/유지력 [문장] 향도 오래가고,,지속력/유지력,unchanged
train,629821,쇼핑몰,메이크업/뷰티소품,OO 어** EDP 100ml,예전에 이 향수를 알고 난 뒤에 써보고 싶었어요. 그런데 가격도 비싸고 주변에 시향할 곳도 마땅치 않더라고요. 그래서 OOO 향과 비슷하다는 저렴한 향수를 주문해서 써봤어요. 그런데 OOO이 향이 더 좋네요.,가격,가격도 비싸고,-1,[속성] 가격 [문장] 가격도 비싸고,,가격,unchanged
train,630079,쇼핑몰,메이크업/뷰티소품,OO 블** EDT 125ml,남자 향수 중에 가성비로 최고입니다. 이 용량에 이 가격이면 완전 만족합니다. 향도 좋고 지속력도 좋아서 계속 이것만 사용합니다.,향,향도 좋고,1,[속성] 향 [문장] 향도 좋고,,향,unchanged
train,630331,쇼핑몰,메이크업/뷰티소품,OO 블** EDT 125ml,좋습니다. 처음 썼을때 향이 좋아서 또 구매했습니다. OOO 쇼핑몰이라서 믿을 수 있게 잘 구매했어요. 향도 좋고 가격도 저렴하게 잘 구입했어요. 잘 쓸게요.,향,향도 좋고,1,[속성] 향 [문장] 향도 좋고,,향,unchanged
train,630447,쇼핑몰,메이크업/뷰티소품,OO 블** EDT 125ml,ㅇㅇㅇ 향수 계속 쓰던 제품이라 재구매했어요. ㅇㅇ라 가품 의심하지 않고 구매할 수 있어서 좋습니다. 향도 좋고 용기도 이뻐 선물하기도 좋은 것 같습니다. 잘 사용할께요.,향,향도 좋고,1,[속성] 향 [문장] 향도 좋고,,향,unchanged
train,630483,쇼핑몰,메이크업/뷰티소품,OO 블** EDT 125ml,이번구입은 두번째 구입이에요. 가격도 저렴하고 양도 많고 냄새도 좋고 일석삼조 잘쓰고 있어요. 수고하십시오.,가격,가격도 저렴하고,1,[속성] 가격 [문장] 가격도 저렴하고,,가격,unchanged
train,630631,쇼핑몰,메이크업/뷰티소품,OO 블** EDT 125ml,정품 착한가격에 잘 구매했어요. 기존에 사용하던건데 향도 좋고 자극적이지도 않습니다.,향,향도 좋고,1,[속성] 향 [문장] 향도 좋고,,향,unchanged
train,630895,쇼핑몰,메이크업/뷰티소품,OO 블** EDT 125ml,선물용으로 구매해서 줬는데 향이 너무 독하지 않고 은은하게 퍼져서 좋다고 합니다. 근데 이게 곧 단종된다는 소릴 들었는데 단종되면 너무 아쉬울 만큼 향도 좋고 지속력은 오래가진않지만 아무튼 좋습니다.,향,향도 좋고,1,[속성] 향 [문장] 향도 좋고,,향,unchanged
train,631190,쇼핑몰,메이크업/뷰티소품,OO 뿌** EDT 100ml,ㅇㅇㅇ 에서 바꾼지 벌써 꽤 됐어요. 향도 좋고 시간 지남에 따라 그윽해요. 겨울 전용으로만 사용중인데 겨울에 사용하기 좋아요. 특히 여성분들한테 어필이 잘되요.,향,향도 좋고,1,[속성] 향 [문장] 향도 좋고,,향,unchanged
train,631208,쇼핑몰,메이크업/뷰티소품,OO 뿌** EDT 100ml,어제 구입했는데 오늘 받았어요. 백화점에서 발송된 상품이라서 정품임을 신뢰할 수 있어 좋아요. 선물로도 좋을 것 같아요. 향도 좋고 샘플 4개도 잘 받았네요.,향,향도 좋고,1,[속성] 향 [문장] 향도 좋고,,향,unchanged
train,631214,쇼핑몰,메이크업/뷰티소품,OO 뿌** EDT 100ml,향도 좋고 잘 구매했습니다. 할인이 많이 되어 좋지만 결국 저렴하지는 않네요. 그래도 정품으로 믿고 구매했어요.,향,향도 좋고,1,[속성] 향 [문장] 향도 좋고,,향,unchanged
train,631780,쇼핑몰,메이크업/뷰티소품,OO 뿌** EDT 100ml,여러가지 다른 상품들과 오랜시간 비교하여 구매했는데 상품을 보니 걱정이 싹 날아갔어요. 사진으로 보는 것보다 실제 상품이 훨씬 더 괜찮아요. 향도 좋고 용기도 이쁘네요. 가격도 최대한 최저가로 구매한것 같아 뿌듯해요. 그럼 좋은 제품 많이 파세요!,향,향도 좋고,1,[속성] 향 [문장] 향도 좋고,,향,unchanged
train,631876,쇼핑몰,메이크업/뷰티소품,OO 위** 포 맨 EDT 100ml,"좋은 가격에 잘 구매했어요. 남편이 봄,여름에 쓰기에 적당한 향이라고 해서 주문했습니다. ㅇㅇ몰에서 저렴하게 구입했네요.",가격,좋은 가격에 잘 구매했어요.,1,[속성] 가격 [문장] 좋은 가격에 잘 구매했어요.,,가격,unchanged
train,631890,쇼핑몰,메이크업/뷰티소품,OO 위** 포 맨 EDT 100ml,ㅇㅇㅇ만 쓰다가 이번에 바꿔봤는데요. 시원하고 살짝 단 향이 납니다. 향이 톡 쏘지 않아서 좋아요.,향,시원하고,1,[속성] 향 [문장] 시원하고,,향,unchanged
train,632175,쇼핑몰,메이크업/뷰티소품,OO 위** 포 맨 EDT 100ml,땀 냄새가 나서 향수가 필요해 주문했는데 가격도 저렴하고 향도 좋은 것 같습니다. 지속력은 아쉽지만 가성비가 좋은 것 같습니다. 전체적으로 만족합니다.,가격,가격도 저렴하고,1,[속성] 가격 [문장] 가격도 저렴하고,,가격,unchanged
train,632190,쇼핑몰,메이크업/뷰티소품,OO 위** 포 맨 EDT 100ml,무겁지 않고 은은한 향이 여름에 쓰기 좋습니다. 남동생 선물해줬는데 여름에는 항상 이 향수를 사용한다고 해요. 데일리용으로도 딱 이예요.,향,무겁지 않고,1,[속성] 향 [문장] 무겁지 않고,,향,unchanged
train,632258,쇼핑몰,메이크업/뷰티소품,OO 위** 포 맨 EDT 100ml,저는 여자지만 남자 향을 너무 좋아합니다. 이 제품은 한번 맡으면 잊을 수 없는 향입니다. 가격도 저렴하고 지속력도 좋아서 만족합니다.,가격,가격도 저렴하고,1,[속성] 가격 [문장] 가격도 저렴하고,,가격,unchanged
train,632371,쇼핑몰,메이크업/뷰티소품,OO 위** 포 맨 EDT 100ml,제품은 괜찮은 것 같아요. 자극적이지 않고 향이 은은해서 좋네요. 하루만 사용해봐서 추후 구입은 잘 모르겠습니다. 향이 평범해서 추후에 구입할 필요는 못 느끼겠습니다. 월요일 오전에 구매했는데 목요일에 배송이 와서 걱정이 됐었습니다.,향,자극적이지 않고,1,[속성] 향 [문장] 자극적이지 않고,,향,unchanged
train,632426,쇼핑몰,메이크업/뷰티소품,OO 잉** 앤 프리지아 코롱 30ml,향이 무겁지 않고 가벼워서 좋아요. 데일리로 사용하기 좋습니다. 추천합니다.,향,가벼워서 좋아요.,1,[속성] 향 [문장] 가벼워서 좋아요.,,향,unchanged
train,632426,쇼핑몰,메이크업/뷰티소품,OO 잉** 앤 프리지아 코롱 30ml,향이 무겁지 않고 가벼워서 좋아요. 데일리로 사용하기 좋습니다. 추천합니다.,기능/효과,데일리로 사용하기 좋습니다.,1,[속성] 기능/효과 [문장] 데일리로 사용하기 좋습니다.,,기능/효과,unchanged
train,632548,쇼핑몰,메이크업/뷰티소품,OO 잉** 앤 프리지아 코롱 30ml,"정말 제 마음에 쏙 드는 선물포장으로 받자마자 감동 그 자체였어요. 적립금도 줘서 가격도 매우 만족했으며, 향도 좋고 배송이 정말 빨라서 기분 좋은 선물이 될 것 같습니다. 매우 만족하며 추천해요.",향,향도 좋고,1,[속성] 향 [문장] 향도 좋고,,향,unchanged
train,287571,쇼핑몰,메이크업/뷰티소품,OO 왕쿠션 2개+리필 2개+비비크림 1개(상품평시 1개 더),피부에 밀착이 잘되고 촉촉하고 얇게 발려서 좋아요!!,보습력/수분감,촉촉하고,1,[속성] 보습력/수분감 [문장] 촉촉하고,,보습력/수분감/쿨링감,merged_duplicate_label
train,287600,쇼핑몰,메이크업/뷰티소품,OO 왕쿠션 2개+리필 2개+비비크림 1개(상품평시 1개 더),상품평보고 괜찮아보여서 주문했어요 피부가 건조한편인데 촉촉하니 촥 감기는 느낌이 아주아주 좋은거같아요~~^^ 맘에드네요,보습력/수분감,촉촉하니,1,[속성] 보습력/수분감 [문장] 촉촉하니,,보습력/수분감/쿨링감,merged_duplicate_label
train,287602,쇼핑몰,메이크업/뷰티소품,OO 왕쿠션 2개+리필 2개+비비크림 1개(상품평시 1개 더),"케이스가 커서 거울도 잘보이고, 쿠션이 얇아서 손에 그립감도 조아요. 약간 밝고, 촉촉한 편이에요",용기,케이스가 커서,1,[속성] 용기 [문장] 케이스가 커서,,용기,unchanged
train,287605,쇼핑몰,메이크업/뷰티소품,OO 왕쿠션 2개+리필 2개+비비크림 1개(상품평시 1개 더),OOO는 정말 기존에 쓰던 쿠션파데와 비교불가에요 밀착력도 좋고 지속성도 오래되고,밀착력/접착력,밀착력도 좋고,1,[속성] 밀착력/접착력 [문장] 밀착력도 좋고,,밀착력/접착력,unchanged
train,287656,쇼핑몰,메이크업/뷰티소품,OO 왕쿠션 2개+리필 2개+비비크림 1개(상품평시 1개 더),OOO팩트만 쓰다가 이번에 이 팩트로 바꿔봤는데 발림성좋고 촉촉하고 색상도 23호 어두울줄 알맜는데 화사하네요 일단 퍼프가 커서 인지 몇번 안두드려도 화장끝~ 퍼프도 개수가 여유분이 있어서 좋으네요~,보습력/수분감,촉촉하고,1,[속성] 보습력/수분감 [문장] 촉촉하고,,보습력/수분감/쿨링감,merged_duplicate_label
train,287658,쇼핑몰,메이크업/뷰티소품,OO 왕쿠션 2개+리필 2개+비비크림 1개(상품평시 1개 더),역시 탁월한 선택인것 같아요 팩트케이스도 너무 예쁜데 촉촉하니 화장도 뜨지않고 화사하니 너무 예쁘네요~~ 구성도 맘에들고 팩트사이즈 커서 너무 좋아요!,보습력/수분감,촉촉하니,1,[속성] 보습력/수분감 [문장] 촉촉하니,,보습력/수분감/쿨링감,merged_duplicate_label
train,287662,쇼핑몰,메이크업/뷰티소품,OO 왕쿠션 2개+리필 2개+비비크림 1개(상품평시 1개 더),배송도 빠르고 커버력과 지속력이 다른 쿠션보다 너무 좋아요!! 그리고 촉촉하고 쿨링감 있어서 화장이 안뜨네요!!,보습력/수분감,촉촉하고,1,[속성] 보습력/수분감 [문장] 촉촉하고,,보습력/수분감/쿨링감,merged_duplicate_label
train,287685,쇼핑몰,메이크업/뷰티소품,OO 왕쿠션 2개+리필 2개+비비크림 1개(상품평시 1개 더),입소문듣고 주문했어요 받자마자 개봉하고 발랐는데 넘 부드럽게 잘발리고 두껍게 커버되지 않아 정말 좋아요 케이스도 이쁘고 퍼프도 넉넉하게 들어있어서 정말 고객의 입장에서 제품을 만든다는 생각이 듭니다. 좋은가격에 좋은제품인것 같아요,용량/개수,케이스도 이쁘고,1,[속성] 용량/개수 [문장] 케이스도 이쁘고,,용량/개수,unchanged
train,633026,쇼핑몰,메이크업/뷰티소품,OO 잉** 앤 프리지아 코롱 30ml,시원하면서도 밝고 달달한 향인것 같습니다. 데일리로 잘 사용할 것 같습니다.,향,시원하면서도,1,[속성] 향 [문장] 시원하면서도,,향,unchanged
train,633439,쇼핑몰,메이크업/뷰티소품,OO 블** EDT 75ml,여름에는 항상 이것만 뿌리는데 좋습니다. 여름에 어울리는 향수입니다. 시원하고 상쾌한 향입니다. 추천해요.,향,시원하고,1,[속성] 향 [문장] 시원하고,,향,unchanged
train,633513,쇼핑몰,메이크업/뷰티소품,OO 블** EDT 75ml,"향이 마음에 듭니다. 추천해요. 포장도 뽁뽁이로 꼼꼼하게 해주시고, 종이 가방에 선물 포장 할 수 있도록 보내주셔서 감사해요. 샘플도 3가지 향 챙겨주셔서 좋았어요. 책자도 챙겨주셔서 시향해 볼 수 있었습니다. OOO 다른 시그니쳐 향도 사고 싶습니다.",향,향이 마음에 듭니다.,1,[속성] 향 [문장] 향이 마음에 듭니다.,,향,unchanged
train,633526,쇼핑몰,메이크업/뷰티소품,OO 블** EDT 75ml,좋아하는 종류의 향입니다. 보틀처럼 시원하고 깔끔한 향이 지금 계절에 잘 어울리는 향수입니다. 선물했더니 차에 두고 다니면서 뿌린다고 합니다.,향,시원하고,1,[속성] 향 [문장] 시원하고,,향,unchanged
train,633528,쇼핑몰,메이크업/뷰티소품,OO 블** EDT 75ml,"남자 여름 향수로 추천받아서 기대했는데 오프라인에서 시향해봤는데 향이 좋아서 요즘 매일 뿌리기 좋습니다. 레몬 향이 확 나는데, 시간이 지나면 점점 좋은 향으로 바뀌고 바다 냄새 나는 느낌이 좋습니다. 가격도 저렴하고 배송도 빨라서 좋습니다.",가격,가격도 저렴하고,1,[속성] 가격 [문장] 가격도 저렴하고,,가격,unchanged
train,633547,쇼핑몰,메이크업/뷰티소품,OO 블** EDT 75ml,배송은 3일 정도 걸렸어요. 워낙 유명한 향수라 여름 향수로 구매했는데 향도 좋고 저렴하게 잘 구매한 것 같습니다. 약간 남성 향수 쪽에 향이 더 가까운 것 같지만 그래도 좋네요. 남자친구랑 같이 써야겠네요.,향,향도 좋고,1,[속성] 향 [문장] 향도 좋고,,향,unchanged
train,633714,쇼핑몰,메이크업/뷰티소품,OO 블** EDT 75ml,데일리로 사용하기 좋습니다. 파우더리한 느낌을 선호하지 않아 시트러스 스타일의 향을 좋아하는 저에게 이 향은 정말 좋습니다. 지속력이 길지 않아서 다른 제품들 보다 과하게 뿌려줍니다. 다른 제품 2번 펌핑하면 이 제품은 지속력이 약해 4번은 펌핑을 해줘야 합니다. 잔향이 좋아서 하루가 행복합니다. 다른 향들도 도전해보고 싶습니다. 가격이 더 저렴해지면 좋겠네요.,기능/효과,데일리로 사용하기 좋습니다.,1,[속성] 기능/효과 [문장] 데일리로 사용하기 좋습니다.,,기능/효과,unchanged
train,633729,쇼핑몰,메이크업/뷰티소품,OO 블** EDT 75ml,한 달 정도 사용하고 있는데 다 쓰면 재구매하고 싶을 정도입니다. 향이 너무 좋습니다. 향이 흔하지 않으면서 자극적이지 않고 오래 잔향이 남아있어 추천하네요.,자극성,자극적이지 않고,1,[속성] 자극성 [문장] 자극적이지 않고,,자극성,unchanged
train,633769,쇼핑몰,메이크업/뷰티소품,OO 블** EDT 75ml,급하게 선물 해야 할게 있어서 배송으로 구매 했는데 향 너무 만족합니다. 시향을 못해보고 바로 샀는데 여름 향수라서 데일리로 사용하기 좋습니다. 남성분이 많이 뿌리는데 저는 여자가 뿌려도 향이 매력적으로 느껴집니다. 지속력이 강한 편은 아니지만 머리 아픈 향은 아니라 주기적으로 뿌려주면 은은하게 향이 퍼져서 좋습니다. 제 주변 사람들도 향이 좋다고 해서 만족합니다. 선물용으로도 좋은 것 같습니다.,기능/효과,데일리로 사용하기 좋습니다.,1,[속성] 기능/효과 [문장] 데일리로 사용하기 좋습니다.,,기능/효과,unchanged
train,633799,쇼핑몰,메이크업/뷰티소품,OO 블** EDT 75ml,향이 흔하지 않아서 좋은데 지속력이 좋진 않았습니다. 질리지 않는 향이라서 데일리로 사용하기 좋습니다. 케이스가 깔끔하고 예뻐서 보관하고 쓰고 있습니다. 잔향은 거의 없어서 아쉽습니다.,기능/효과,데일리로 사용하기 좋습니다.,1,[속성] 기능/효과 [문장] 데일리로 사용하기 좋습니다.,,기능/효과,unchanged
train,633893,쇼핑몰,메이크업/뷰티소품,OO 레** EDT 100ml,여름에 사용하기 좋은 향수네요. 첫 향은 시원하고 잔향은 달콤합니다. 더운 여름에 가볍게 뿌리기 좋습니다. 용량도 많아서 부담 없이 사용할 수 있어서 좋네요. 데일리로 사용하기 좋습니다.,기능/효과,데일리로 사용하기 좋습니다.,1,[속성] 기능/효과 [문장] 데일리로 사용하기 좋습니다.,,기능/효과,unchanged
train,633903,쇼핑몰,메이크업/뷰티소품,OO 레** EDT 100ml,"촉촉한 비누와 물,멜론을 완벽하게 균형을 잡은 향입니다. 오이향보다는 수박 속껍질과 멜론의 달달한 느낌입니다. 아직 안정화 하루만 놓고 있어서 착향은 못 해봤지만 시향은 상쾌하고 달달하고 은은한 향이 좋아요.",향,상쾌하고,1,[속성] 향 [문장] 상쾌하고,,향,unchanged
train,633910,쇼핑몰,메이크업/뷰티소품,OO 레** EDT 100ml,향도 좋고 양도 많고 가격도 착해서 좋습니다. 다만 아침에 뿌리고 회사 도착하기 전에 향이 날라가서 향수를 뿌리고 나온건지 모르겠네요. 동생 추천으로 샀는데 전 요거만 쓰려고 합니다. 재구매 의사 없네요.,향,향도 좋고,1,[속성] 향 [문장] 향도 좋고,,향,unchanged
train,633910,쇼핑몰,메이크업/뷰티소품,OO 레** EDT 100ml,향도 좋고 양도 많고 가격도 착해서 좋습니다. 다만 아침에 뿌리고 회사 도착하기 전에 향이 날라가서 향수를 뿌리고 나온건지 모르겠네요. 동생 추천으로 샀는데 전 요거만 쓰려고 합니다. 재구매 의사 없네요.,기능/효과,가격도 착해서 좋습니다.,1,[속성] 기능/효과 [문장] 가격도 착해서 좋습니다.,,기능/효과,unchanged
train,634138,쇼핑몰,메이크업/뷰티소품,OO 레** EDT 100ml,"항수를 시향해보고 구입한 것이 아니라 싫어하는 향이면 어쩌나 걱정했는데, 시원한 향이라 여름까지 계속 사용하기 좋겠습니다. 용기도 예쁘고 고급집니다. 처음 사봤는데 성공입니다.",용기,고급집니다.,1,[속성] 용기 [문장] 고급집니다.,,용기,unchanged
train,634186,쇼핑몰,메이크업/뷰티소품,OO 레** EDT 100ml,부드럽고 편안한 향이 맘을 녹여줘서 하루를 즐겁게 보낼 수 있게 해 줍니다. 포장도 꼼꼼히 잘해 보내주셔서 감사합니다.,향,부드럽고,1,[속성] 향 [문장] 부드럽고,,향,unchanged
train,634195,쇼핑몰,메이크업/뷰티소품,OO 레** EDT 100ml,향이 청량하고 시원하지만 남자스킨향과는 다르기에 좋았습니다. 개인적으로 잔향을 더 좋아하는데 ㅇㅇ향수는 잔향이 더 좋아서 좋습니다. 향이 자극적이지 않고 사계절 데일리로 사용하기 좋은 향수입니다.,자극성,향이 자극적이지 않고,1,[속성] 자극성 [문장] 향이 자극적이지 않고,,자극성,unchanged
train,634304,쇼핑몰,메이크업/뷰티소품,OO 레** EDT 100ml,"정말 좋은 가격에 맘에 드는 항수 구매하게 되어 너무 좋네요. 배송도 빠르고 향도 좋고, 같이 오는 미니향수도 너무 예뻐요. 설 전이라 쇼핑백까지 챙겨주는 센스 아주 만족해요.",향,향도 좋고,1,[속성] 향 [문장] 향도 좋고,,향,unchanged
train,634381,쇼핑몰,메이크업/뷰티소품,OO 블** EDP 100ml,향도 좋고 지속력 좋습니다. 처음 뿌릴때보단 시간이 지날수록 향이 좋네요. 역시 OOO이 좋네요.,향,향도 좋고,1,[속성] 향 [문장] 향도 좋고,,향,unchanged
train,634550,쇼핑몰,메이크업/뷰티소품,OO 레** EDP 125ml,강렬한 향이 온 집안을 감싸서 좋습니다. 강한향인거 같으면서 부드러움이 느껴집니다. 우드향이 강렬함과 동시 세련된 부드러움이 느껴지는 향입니다. 향이 오래 지속되서 하루 종일 향이 느껴져요,향,부드러움이 느껴집니다.,1,[속성] 향 [문장] 부드러움이 느껴집니다.,,향,unchanged
train,634706,쇼핑몰,메이크업/뷰티소품,OO 피** 스웨이드 코롱 100ml,오늘 도착했는데 향도 좋고 샘플도 챙겨줘서 좋습니다. 다른 향도 궁금하네요. 여성스러운 향이라서 만족합니다.,향,향도 좋고,1,[속성] 향 [문장] 향도 좋고,,향,unchanged
train,634728,쇼핑몰,메이크업/뷰티소품,OO 피** 스웨이드 코롱 100ml,기존에 사용하던 향과 동일하고 케이스도 같습니다. 정품일까 의심이 들었는데 사길 잘 한 것 같네요. 향도 좋고 저렴한 가격으로 구매해서 좋습니다. 번창하시고 감사합니다.,향,향도 좋고,1,[속성] 향 [문장] 향도 좋고,,향,unchanged
train,634740,쇼핑몰,메이크업/뷰티소품,OO 피** 스웨이드 코롱 100ml,공항 면세점과 가격 비교해도 가격이 저렴해서 손색이 없어요. 향도 오래가고 저렴한 가격에 잘 샀어요.,지속력/유지력,향도 오래가고,1,[속성] 지속력/유지력 [문장] 향도 오래가고,,지속력/유지력,unchanged
train,634805,쇼핑몰,메이크업/뷰티소품,OO 피** 스웨이드 코롱 100ml,원래 좋아하던 향입니다. 여성스럽고 은은한 향이라서 좋고 강하지 않고 부담스럽지 않은 향이라서 좋아요. 데일리로 사용하기 좋습니다.,기능/효과,데일리로 사용하기 좋습니다.,1,[속성] 기능/효과 [문장] 데일리로 사용하기 좋습니다.,,기능/효과,unchanged
train,634931,쇼핑몰,메이크업/뷰티소품,OO 미** EDT 100ml,ㅇㅇ 가 스테디 셀러라고 알고 있는데 그 만큼 향도 좋고 유명해요. 뿌리면 과일 향과 꽃 향이 은은하게 나면서 꽃 향이 잔 향으로 남아서 지속력이 좋은 향입니다. 여성스럽고 사랑스런 향입니다. 지속시간은 길지 않네요. 여성스러움을 강조하고싶으신분들께 추천 드립니다,향,향도 좋고,1,[속성] 향 [문장] 향도 좋고,,향,unchanged
train,635025,쇼핑몰,메이크업/뷰티소품,OO 미** EDT 100ml,OOO 오 드 뚜왈렛 향수는 오랫동안 이용하는 향수 중에 하나예요. 가격은 비싸지만 향도 좋고 지속력도 좋아서 자주 뿌리고 다닙니다.,향,향도 좋고,1,[속성] 향 [문장] 향도 좋고,,향,unchanged
train,635152,쇼핑몰,메이크업/뷰티소품,OO 미** EDT 100ml,향이 싱그럽고 여성스러워서 좋아요. 다만 지속력이 그리 길지는 않아요. 그래도 향이 마음에 듭니다. 선물 받은건데 양도 많고 좋네요.,품질,향이 마음에 듭니다.,1,[속성] 품질 [문장] 향이 마음에 듭니다.,,품질,unchanged
train,635253,쇼핑몰,메이크업/뷰티소품,OO 미** EDT 100ml,선물 포장이 엄청 고급스러워요. 평상시 쓰는 향이라 구매했습니다. 향기도 딱 제 스타일이고 매장에서 산 것처럼 포장해와서 주변에 선물 주기도 딱 좋습니다. 향도 좋고 선물 주기도 좋아 또 구매하겠습니다.,향,향도 좋고,1,[속성] 향 [문장] 향도 좋고,,향,unchanged
train,635355,쇼핑몰,메이크업/뷰티소품,OO 미** EDT 100ml,OO OOO 향수는 향도 좋고 오래가서 아침에 뿌리고 나가면 다시 뿌리지 않아도 되고 다른 향수 써보려다가도 다시 찾게 됩니다. 은은한 향이 진짜 오래가요.,향,향도 좋고,1,[속성] 향 [문장] 향도 좋고,,향,unchanged
train,635408,쇼핑몰,메이크업/뷰티소품,OO 미** EDT 100ml,좋은 가격에 잘 구매했어요. 향이 금방 사라져 디퓨저 같습니다. 원래 그런건지 아니면 배송된 상품만 그런건지 기대했다가 실망스럽습니다.,가격,좋은 가격에 잘 구매했어요.,1,[속성] 가격 [문장] 좋은 가격에 잘 구매했어요.,,가격,unchanged
train,635445,쇼핑몰,메이크업/뷰티소품,OO 미** EDT 100ml,"미니 써보고 바로 구매했습니다. 향이 상큼해서 좋습니다. 언니거 맡아 봤을때는 별로였는데, 용기도 고급지고 이쁩니다. 우울한 저한테는 기분전환 향이네요.",용기,이쁩니다.,1,[속성] 용기 [문장] 이쁩니다.,,용기,unchanged
train,635467,쇼핑몰,메이크업/뷰티소품,OO 미** EDT 100ml,"배송도 빠르고, 무엇보다 상품이 파손 걱정 없이 포장이 잘되어 왔습니다. 향도 좋고 향수와 립스틱 샘플도 챙겨주셔서 기분이 좋습니다. 감사해요.",향,향도 좋고,1,[속성] 향 [문장] 향도 좋고,,향,unchanged
train,635661,쇼핑몰,메이크업/뷰티소품,OO 더** 메이크업 파운데이션 30ml 1개,계속 사용하는 제품이에요. 예전에는 색이 다양하지 않아서 샌드를 썼었는데 요즘은 색이 다양해졌어요. 지난번에는 쿨바닐라를 썼었는데 좋았습니다. 제 피부톤보다 발색이 살짝 밝았어요.. 이번에는 어쩌다 보니 웜바닐라를 샀습니다. 제 피부톤이랑 너무 똑같은 색이라서 저는 좀 더 밝은 색이 좋았는데 아쉽네요. 그래도 밀착력이 좋고 저녁때까지 오랫동안 색이 남아 있는 것 같네요.,밀착력/접착력,밀착력이 좋고,1,[속성] 밀착력/접착력 [문장] 밀착력이 좋고,,밀착력/접착력,unchanged
train,635741,쇼핑몰,메이크업/뷰티소품,OO 더** 메이크업 파운데이션 30ml 1개,ㅇㅇㅇ 제품 중 늘 쓰는 최애품으로 밀착력도 좋고 하루 종일 들뜸없이 좋아요. 하지만 피부에 맞는 색 찾기가 어려워 타사 제품과 섞어서 쓰고 있어요. 동양인 피부에 맞는 색깔이 있으면 좋겠습니다.,밀착력/접착력,밀착력도 좋고,1,[속성] 밀착력/접착력 [문장] 밀착력도 좋고,,밀착력/접착력,unchanged
train,635742,쇼핑몰,메이크업/뷰티소품,OO 더** 메이크업 파운데이션 30ml 1개,별기대없이 구매하였습니다. 자극적이지 않고 발림성도 좋습니다. 두껍지 않아서 자연스럽습니다. 샘플도 마음에 들어서 좋습니다.,자극성,자극적이지 않고,1,[속성] 자극성 [문장] 자극적이지 않고,,자극성,unchanged
train,635782,쇼핑몰,메이크업/뷰티소품,OO 더** 메이크업 파운데이션 30ml 1개,잡티 커버도 잘 되고 촉촉하고 보송해서 좋습니다. 지속력도 좋습니다. 제품에 만족하며 지인들에게도 추천할께요. 잘 사용하겠습니다.,보습력/수분감,촉촉하고,1,[속성] 보습력/수분감 [문장] 촉촉하고,,보습력/수분감/쿨링감,merged_duplicate_label
train,635782,쇼핑몰,메이크업/뷰티소품,OO 더** 메이크업 파운데이션 30ml 1개,잡티 커버도 잘 되고 촉촉하고 보송해서 좋습니다. 지속력도 좋습니다. 제품에 만족하며 지인들에게도 추천할께요. 잘 사용하겠습니다.,흡수력,보송해서 좋습니다.,1,[속성] 흡수력 [문장] 보송해서 좋습니다.,,흡수력,unchanged
train,635793,쇼핑몰,메이크업/뷰티소품,OO 더** 메이크업 파운데이션 30ml 1개,파운데이션은 이 제품만 사용합니다. 발림성이 좋고 지속력도 좋습니다. 커버력도 괜찮습니다. 마스크 쓸 때 파운데이션 사용하고 화장 수정 시 간단하게 퍼프로 몇 번 바르면 화장이 무너지지 않습니다.,발림성,발림성이 좋고,1,[속성] 발림성 [문장] 발림성이 좋고,,발림성,unchanged
train,635818,쇼핑몰,메이크업/뷰티소품,OO 더** 메이크업 파운데이션 30ml 1개,얼굴이 약간 노란 편인데 색상이 만족스러워 잘 쓰고 있습니다. 기존 보다 이 색상이 더 화사하고 좋습니다. 구성품인 립스틱도 촉촉하고 색상 예쁘네요.,보습력/수분감,촉촉하고,1,[속성] 보습력/수분감 [문장] 촉촉하고,,보습력/수분감/쿨링감,merged_duplicate_label
train,635820,쇼핑몰,메이크업/뷰티소품,OO 더** 메이크업 파운데이션 30ml 1개,파은데이션 21호를 항상사용하는데. 이건 너무 자연스럽게 발색이 되고 커버럭과 지속성이 뛰어나서 데일리용으로 사용하기 좋아요. 노란색에 가까울까봐 걱정했는데 21호 쓰고 얼굴이 하얀 사람들에게 자연스럽게 발색되어 보여요.,기능/효과,데일리용으로 사용하기 좋아요.,1,[속성] 기능/효과 [문장] 데일리용으로 사용하기 좋아요.,,기능/효과,unchanged
train,635823,쇼핑몰,메이크업/뷰티소품,OO 더** 메이크업 파운데이션 30ml 1개,항상 사용하고 있는 제품입니다. 겨울에 사용하면 건조한 느낌이 강합니다. 그래서 유분기 있는 선크림과 같이 사용하니 적당히 촉촉합니다. 잡티가 잘 가려져 좋아서 계속 사용할 예정입니다. 사은품으로 온 립스틱도 좋습니다. 발림성이 좋아서 만족합니다. 데일리로 사용하기 좋은 것 같습니다.,기능/효과,데일리로 사용하기 좋은 것 같습니다.,1,[속성] 기능/효과 [문장] 데일리로 사용하기 좋은 것 같습니다.,,기능/효과,unchanged
train,635871,쇼핑몰,메이크업/뷰티소품,OO 더** 메이크업 파운데이션 30ml 1개,색상이 다양해서 자연스러운 톤을 찾을 수 있어서 좋습니다. 밀착력이 좋고 얇게 잘 발려서 여름에 바르기 좋습니다. 매트한 제형이라 지속력도 오래가고 보송한 느낌입니다. 다만 건조합니다. 바르고 몇시간 지나면 피부가 건조해집니다.,밀착력/접착력,밀착력이 좋고,1,[속성] 밀착력/접착력 [문장] 밀착력이 좋고,,밀착력/접착력,unchanged
train,635889,쇼핑몰,메이크업/뷰티소품,OO 더** 메이크업 파운데이션 30ml 1개,밀착력이 좋고 지속성이 좋습니다. 색상은 화면으로만 보고 선택하면 부정확할 수 있으니 가능하면 직접 매장 방문해서 테스트 해 보고 주문하시는 게 좋아요. 펌핑기를 사은품으로 받아서 다행입니다. 보통은 따로 구매해야 하잖아요. 펌핑기가 있으니 사용하기 편해요.,밀착력/접착력,밀착력이 좋고,1,[속성] 밀착력/접착력 [문장] 밀착력이 좋고,,밀착력/접착력,unchanged
train,636670,쇼핑몰,메이크업/뷰티소품,OO 헤** 쿠션 15g 본품1개,저렴이 쓰다 OOO 쓰니 좋아요. 촉촉하고 산뜻하네요. 시간지나면 조금 밀리긴하는데 그래도 만족해요.,보습력/수분감,촉촉하고,1,[속성] 보습력/수분감 [문장] 촉촉하고,,보습력/수분감/쿨링감,merged_duplicate_label
train,636786,쇼핑몰,메이크업/뷰티소품,OO 헤** 쿠션 15g 본품1개,원래 사용하던 제품이라서 검색해보니 여기가 젤 저렴하길래 구입했습니다. 가격도 저렴하고 사은품도 주시고 너무 좋네요.,가격,가격도 저렴하고,1,[속성] 가격 [문장] 가격도 저렴하고,,가격,unchanged
train,636882,쇼핑몰,메이크업/뷰티소품,OO 헤** 쿠션 리필 15g 1개,이 제품 오랫동안 사용하고 있어요. 중간에 다른 제품도 써봤지만 이만한 제품이 없네요. 아침에 바르면 저녁까지 뜨지 않고 덧발라도 밀림이 없어요. 그리고 잘 지워지지 않아요. 잘 지워지지 않으니 수정도 잘 안 하게 됩니다.,지속력/유지력,잘 지워지지 않아요.,1,[속성] 지속력/유지력 [문장] 잘 지워지지 않아요.,,지속력/유지력,unchanged
train,637005,쇼핑몰,메이크업/뷰티소품,OO 헤** 쿠션 리필 15g 1개,유통기한이 짧아서 아쉽지만 다른 브랜드 쿠션에 비해 가격도 저렴하고 품질도 좋습니다. 커버력과 지속력 다 좋아요.,가격,가격도 저렴하고,1,[속성] 가격 [문장] 가격도 저렴하고,,가격,unchanged
train,637210,쇼핑몰,메이크업/뷰티소품,OO 헤** 쿠션 리필 15g 1개,처음 ooo 쿠션 나왔을 때 계속 쓰다 다른 제품도 이것저것 다 써봤는데 ooo로 돌아와 계속 쓰고 있습니다. 뾰루지도 잘 나고 민감하고 수분부족지성피부인데 촉촉하고 커버도 잘 됩니다. 청량감도 살짝 있고 색상도 괜찮습니다.,보습력/수분감,촉촉하고,1,[속성] 보습력/수분감 [문장] 촉촉하고,,보습력/수분감/쿨링감,merged_duplicate_label
train,637324,쇼핑몰,메이크업/뷰티소품,OO 헤** 쿠션 리필 15g 1개,빠른 배송이 마음에 들어요. 항상 쓰던 거라 리필만 따로 구매해요. 모든 쿠션은 질이 비슷한 것 같아요. 가격이 달라도 크게 차이를 못 느끼겠어요. 습관적으로 쓰던 거라 그냥 써요. 100자 채우기 매우 힘드네요. 촉촉하고 커버도 적당해요.,보습력/수분감,촉촉하고,1,[속성] 보습력/수분감 [문장] 촉촉하고,,보습력/수분감/쿨링감,merged_duplicate_label
train,637353,쇼핑몰,메이크업/뷰티소품,OO 헤** 쿠션 리필 15g 1개,좋은 가격에 잘 구매했어요. 가격은 적립금 사용해서 백화점보다 저렴하게 구입했지만 요즘 오프라인도 워낙 서비스가 좋습니다. 제품은 사용해 보고 재구매하겠습니다. 유분기가 많지 않고 색상도 붉은 피부를 커버할 수 있고 21호 치고는 어둡지만 베이지색에 가까워 괜찮습니다.,가격,좋은 가격에 잘 구매했어요.,1,[속성] 가격 [문장] 좋은 가격에 잘 구매했어요.,,가격,unchanged
train,637467,쇼핑몰,메이크업/뷰티소품,OO 헤** 쿠션 리필 15g 1개,상품 품질이 좋아요. 마음에 듭니다. 저번에 한번 사고 이번에 다시 재구매해요. 발림성 좋고 커버력도 조금 있고 데일리로 좋습니다.,발림성,발림성 좋고,1,[속성] 발림성 [문장] 발림성 좋고,,발림성,unchanged
train,637594,쇼핑몰,메이크업/뷰티소품,OO 헤** 쿠션 리필 15g 1개,"OOO쿠션은 수부지인 제게 늘 좋은 쿠션이에요. 시원하고 얇게 발리고 뽀송하네요. 제가 쿨톤인걸 몰라서 늘 21호 쓰다가 첨으로 17호 구매했는데, 색상이 제 피부에 잘 맞습니다. 단점은 용량이 적어서 금방 사용하는 점이네요.",보습력/수분감,시원하고,1,[속성] 보습력/수분감 [문장] 시원하고,,보습력/수분감/쿨링감,merged_duplicate_label
train,637855,쇼핑몰,메이크업/뷰티소품,OO 코** 에어스펀 페이스 파우더 65g 1개,할머니 생각이 납니다. 향이 호불호가 갈릴 것 같아요. 저는 진한 향을 싫어해서 처음에는 별로였어요. 그래서 기존 파우더랑 섞어 쓰고 시간 지나니 향이 괜찮네요. 보송해서 좋습니다.,흡수력,보송해서 좋습니다.,1,[속성] 흡수력 [문장] 보송해서 좋습니다.,,흡수력,unchanged
train,637877,쇼핑몰,메이크업/뷰티소품,OO 코** 에어스펀 페이스 파우더 65g 1개,오랜만에 사용해봐요. 향도 좋고 양도 많고 다양하게 사용하기 좋아요. 요즘 덥기도 하고 마스크 때문에 화장 후 지워져서 이 제품으로 구매했습니다.,향,향도 좋고,1,[속성] 향 [문장] 향도 좋고,,향,unchanged
train,637990,쇼핑몰,메이크업/뷰티소품,OO 코** 에어스펀 페이스 파우더 65g 1개,좋은 가격에 잘 구매했어요. 향 때문에 살짝 아쉽습니다. 익숙해지지 않아서 그런 것 같습니다. 용량은 많아서 너무 좋네요. 색상도 뉴트럴톤이라서 좋습니다. 다음에 재구매하러 올게요. 퍼프가 굉장히 커서 작은 통에 덜어서 사용하니까 더 편합니다.,가격,좋은 가격에 잘 구매했어요.,1,[속성] 가격 [문장] 좋은 가격에 잘 구매했어요.,,가격,unchanged
train,638029,쇼핑몰,메이크업/뷰티소품,OO 코** 에어스펀 페이스 파우더 65g 1개,페이스 파우더 다른 제품도 많이 사용했는데 이 제품이 제 피부에 잘 맞아서 이것만 사용합니다. 가격도 저렴하고 화사하게 발립니다.,가격,가격도 저렴하고,1,[속성] 가격 [문장] 가격도 저렴하고,,가격,unchanged
train,638195,쇼핑몰,메이크업/뷰티소품,OO 코** 에어스펀 페이스 파우더 65g 1개,항상 구입해서 사용하고 있는 제품입니다. 향도 좋고 지속성도 좋고 순해서 좋아요.,향,향도 좋고,1,[속성] 향 [문장] 향도 좋고,,향,unchanged
train,638329,쇼핑몰,메이크업/뷰티소품,OO 코** 에어스펀 페이스 파우더 65g 1개,역시 ㅇㅇ파우더입니다. 향도 좋고 양도 많고 좋아요. 색상 9호가 없어서 아쉽습니다. 휴대용기도 같이 구입 했는데 잘한거 같아요.,향,향도 좋고,1,[속성] 향 [문장] 향도 좋고,,향,unchanged
train,638612,쇼핑몰,메이크업/뷰티소품,OO 코** 에어스펀 페이스 파우더 65g 1개,가격도 저렴하고 발색도 좋아서 꾸준히 구매하는 제품입니다. 향이 강해서 향수 따로 뿌릴 필요가 없네요. 주문하고 하루만에 받아서 만족합니다.,가격,가격도 저렴하고,1,[속성] 가격 [문장] 가격도 저렴하고,,가격,unchanged
train,638744,쇼핑몰,메이크업/뷰티소품,OO 코** 에어스펀 페이스 파우더 65g 1개,파운데이션의 번들거림이 싫어서 항상 이 제품으로 마무리 하는 고객이네요. 한 가지 색상만 구매하지 않고 11호와 23호를 혼합하여 사용하면 더 좋습니다. 피부색과 어울려서 아주 좋습니다. 가격도 저렴하고 향도 좋아요.,가격,가격도 저렴하고,1,[속성] 가격 [문장] 가격도 저렴하고,,가격,unchanged
train,638801,쇼핑몰,메이크업/뷰티소품,OO 코** 에어스펀 페이스 파우더 65g 1개,꾸준히 늘 쓰는 파우더입니다. 이번엔 엄마 것으로 구매 했는데 가격도 저렴하고 품질은 말할 것도 없이 좋습니다.,가격,가격도 저렴하고,1,[속성] 가격 [문장] 가격도 저렴하고,,가격,unchanged
train,638845,쇼핑몰,메이크업/뷰티소품,OO 내** 메이크업 파우더 30g 1개,선물 받아서 써 보았는데 너무 좋습니다. 커버 후 번들거림이 없어 잘 쓰고 있어요. 가격도 저렴하고 배송도 빨라 만족해요.,가격,가격도 저렴하고,1,[속성] 가격 [문장] 가격도 저렴하고,,가격,unchanged
train,638930,쇼핑몰,메이크업/뷰티소품,OO 내** 메이크업 파우더 30g 1개,예전에 써봤던 기억이 좋아 주문했어요. 쿠션만 쓰면 좀 기름지고 번들번들 먼지도 묻고 하는데 마무리를 파우더로 해주니 피부가 더 환하고 보송합니다.,흡수력,보송합니다.,1,[속성] 흡수력 [문장] 보송합니다.,,흡수력,unchanged
train,639131,쇼핑몰,메이크업/뷰티소품,OO 내** 메이크업 파우더 30g 1개,사용해 보니 피부가 건조해지네요. 피부가 번들거리는 느낌이 싫어서 파우더를 사용하긴 하나 이 파우더는 피부를 건조하게 만들어 안 좋은 거 같아요. 보송하고 화사한 피부로 표현되면서 보습력도 있어 피부를 상하게 하지 않는 파우더도 많은데 이 파우더를 쓰면 피부가 건조합니다. 추천하지 않습니다.,보습력/수분감,피부가 건조합니다.,-1,[속성] 보습력/수분감 [문장] 피부가 건조합니다.,,보습력/수분감/쿨링감,merged_duplicate_label
train,639211,쇼핑몰,메이크업/뷰티소품,OO 내** 메이크업 파우더 30g 1개,"배송이 빨랐고 가격대비 크게 만족했습니다. 늘 쓰는 거라 좋네요. 가격도 저렴하고 양도 많고 가루 날림도 적고 제형도 부드럽고 들뜨지도 않고 뽀송뽀송한 마무리도 좋아요. 커버도 잘 되고, 오래 쓰는 용량입니다. 저는 이 제품만 써요. 정말 좋은 제품이에요.",가격,가격도 저렴하고,1,[속성] 가격 [문장] 가격도 저렴하고,,가격,unchanged
train,639239,쇼핑몰,메이크업/뷰티소품,OO 내** 메이크업 파우더 30g 1개,가격도 저렴하고 무난하게 사용하기 좋은 제품이네요. 투명 펄은 처음인데 생각보다 펄 제형 입자가 크고 튀어서 별로입니다.,가격,가격도 저렴하고,1,[속성] 가격 [문장] 가격도 저렴하고,,가격,unchanged
train,639320,쇼핑몰,메이크업/뷰티소품,OO 더** 스킨 크림 42g 1개,촉촉하고 두껍게 발리지 않아서 좋습니다. 조금 묻어나지만 다른 팩트나 BB크림보다는 덜 묻어납니다. 아침에 바르고 저녁에 세수해 보면 그때도 얼굴이 촉촉해요. 재구매 의향 있습니다.,보습력/수분감,촉촉하고,1,[속성] 보습력/수분감 [문장] 촉촉하고,,보습력/수분감/쿨링감,merged_duplicate_label
train,639333,쇼핑몰,메이크업/뷰티소품,OO 더** 스킨 크림 42g 1개,가볍게 발리고 촉촉하고 끈적이지 않아서 여름에 사용하기 좋습니다. 다만 색상 톤이 좀 밝습니다.,보습력/수분감,촉촉하고,1,[속성] 보습력/수분감 [문장] 촉촉하고,,보습력/수분감/쿨링감,merged_duplicate_label
train,639339,쇼핑몰,메이크업/뷰티소품,OO 더** 스킨 크림 42g 1개,홈쇼핑 보고 너무 고민하고 있었는데 일단 하나 써보고 싶어서 둘러보다 가격이 좋아서 구매했습니다. 커버용이라기 보단 기능적인거 생각해서 구매했습니다. 썬크림 대신 바르기 좋고 커버 살짝 되면서 촉촉하고 피부에 영양도 줘서 좋은 것 같아요. 묻어남이 있어요. 개인적으로 이 정도면 만족하며 사용합니다.,보습력/수분감,촉촉하고,1,[속성] 보습력/수분감 [문장] 촉촉하고,,보습력/수분감/쿨링감,merged_duplicate_label
train,639364,쇼핑몰,메이크업/뷰티소품,OO 더** 스킨 크림 42g 1개,홈쇼핑에서 보고 주문했는데 괜찮은 듯합니다. 발림성 좋고 촉촉해서 좋아요. 커버력은 약하지만 마음에 드는 상품입니다.,발림성,발림성 좋고,1,[속성] 발림성 [문장] 발림성 좋고,,발림성,unchanged
train,639367,쇼핑몰,메이크업/뷰티소품,OO 더** 스킨 크림 42g 1개,티비 홈쇼핑을 보다가 이 제품을 알게 됐는데 한번 써보고 싶긴 한데 쓰다가 안 쓰게 될까 봐 일단 하나만 사봤어요. 크림인데 선크림 역할도 하고 손에 발라보니까 촉촉하고 발림성이 좋네요. 한번 누르면 양이 많이 나옵니다. 조금씩 눌러가면서 써야겠습니다. 괜찮은 것 같습니다.,보습력/수분감,촉촉하고,1,[속성] 보습력/수분감 [문장] 촉촉하고,,보습력/수분감/쿨링감,merged_duplicate_label
train,639371,쇼핑몰,메이크업/뷰티소품,OO 더** 스킨 크림 42g 1개,발림성이 좋고 커버력도 좋은데 피부색보다 조금 진해요. 피부톤이 조금 어두워보이긴 합니다.,발림성,발림성이 좋고,1,[속성] 발림성 [문장] 발림성이 좋고,,발림성,unchanged
train,287743,쇼핑몰,메이크업/뷰티소품,OO 왕쿠션 2개+리필 2개+비비크림 1개(상품평시 1개 더),딸들 추천으로 구매했습니당 퍼프가 커서 사용하기 너무 편하고 촉촉하고 커버도 잘 되용 재구매 의사 있어용 좋네요~~,보습력/수분감,촉촉하고,1,[속성] 보습력/수분감 [문장] 촉촉하고,,보습력/수분감/쿨링감,merged_duplicate_label
train,287746,쇼핑몰,메이크업/뷰티소품,OO 왕쿠션 2개+리필 2개+비비크림 1개(상품평시 1개 더),일단 크기도 크고 촉촉하고 성분착해서 마음에 듭니다 다만..커버력이 살짝 아쉽네요~몇번을 덧발라도 주근깨와 주름이 완전히 가려지질않아 그게 좀 아쉽습니다만 제가 전에쓰던 타회사제품과 비교하면 타회사 커버력보다는 나은편이네요... 큰 크기에 반해서 리필해서 계속 쓸것같습니다^^,보습력/수분감,촉촉하고,1,[속성] 보습력/수분감 [문장] 촉촉하고,,보습력/수분감/쿨링감,merged_duplicate_label
train,287780,쇼핑몰,메이크업/뷰티소품,OO 왕쿠션 2개+리필 2개+비비크림 1개(상품평시 1개 더),농협카드 할인이 있어서 좋았는데 체크카드는 안된대서 ㅡㅅ ㅜ 쫌 그랬어요 배송은 빠르지도 늦지도 않게 soso 했구요 ㅎ 동생꺼 써보고 괜찮은듯해서 구매했어요 부디 인생팩트 되길 바래봅니다 가격도 저렴하고 구성도 좋고 ^^ 제피부에 꼭 맞기만 하면 재구매 의사도 있어요 ㅎ,가격,가격도 저렴하고,1,[속성] 가격 [문장] 가격도 저렴하고,,가격,unchanged
train,287807,쇼핑몰,메이크업/뷰티소품,OO 왕쿠션 2개+리필 2개+비비크림 1개(상품평시 1개 더),홈쇼핑에도 광고하고 샀는데 그리 커버는 되지 않았다.. 그래도 촉촉하고 광이 돌아서 겨울용으로는 괜찮은거같다! 지성말고 건성인 사람한테 괜찮은 쿠션인거 같다,보습력/수분감,촉촉하고,1,[속성] 보습력/수분감 [문장] 촉촉하고,,보습력/수분감/쿨링감,merged_duplicate_label
train,287810,쇼핑몰,메이크업/뷰티소품,OO 왕쿠션 2개+리필 2개+비비크림 1개(상품평시 1개 더),쓰던쿠션이 다 떨어져서 뭘 살까 몇일 이리저리 찾아보고 고민하다가 아는동생이 쓰고있는데 좋다고해서 고민없이 바로 구매. 받자마자 바로 써보니 일단 커버력은 소문대로 짱이네요 색상이 밝다고 하던데 밝은것도 그렇지만 피부가 맑고 깨끗하게 표현되네요 밀착력이 좋고 들뜸은 전혀 없어요 용량도 기존 쿠션의 두배정도여서 완전맘에 들고 케이스도 이쁘네요 강추에요~,밀착력/접착력,밀착력이 좋고,1,[속성] 밀착력/접착력 [문장] 밀착력이 좋고,,밀착력/접착력,unchanged
train,287850,쇼핑몰,메이크업/뷰티소품,OO 왕쿠션 2개+리필 2개+비비크림 1개(상품평시 1개 더),제 얼굴이 조금 많이 하얀 편인데 비비크림에 21호 23호 같은 게 없어서 좀 불안햇지만 바르니깐 괜찮네요!바르니 많이 밝지도 어둡지도 않은것같아요ㅋㅋ 촉촉하고 화장 잘 먹는 느낌이예요 많이 번들거리지도 않네요 다크닝은 시간이 더 지나봐야 알겟지만 괜찮네요 근데 쿠션 엄청 크긴 커요;;조금 얇고 커요ㅋㅋ,흡수력,촉촉하고,1,[속성] 흡수력 [문장] 촉촉하고,,흡수력,unchanged
train,639383,쇼핑몰,메이크업/뷰티소품,OO 더** 스킨 크림 42g 1개,홈쇼핑 방송에세 보고 사보고 싶었는데 어떨지 몰라 단품구매 했는데요. 발림성 좋고 커버력은 별로지만 커버력 보고 산건 아니라 맘에 들어요. 요철커버나 마스크 안쪽에 간단하게 바르고 나가기 좋아요. 재구매하려구요.,발림성,발림성 좋고,1,[속성] 발림성 [문장] 발림성 좋고,,발림성,unchanged
train,639465,쇼핑몰,메이크업/뷰티소품,OO 헤** 파우더 팩트 리필 10g 1개,역시 OOO 파우더 팩트가 짱입니다. 유분기를 잡아주고 번들거리지 않고 쿠션을 바로 사용해도 들뜨지 않아서 항상 사용하고 있어요. 할인해서 저렴하게 구입해서 좋습니다.,기능/효과,유분기를 잡아주고,1,[속성] 기능/효과 [문장] 유분기를 잡아주고,,기능/효과,unchanged
train,639508,쇼핑몰,메이크업/뷰티소품,OO 헤** 파우더 팩트 리필 10g 1개,외출할 때 사용합니다. 제형 입자가 곱고 양이 많은 편이고 제형이 깨지지 않아서 좋네요. 쓰던 제품은 양도 적고 넘 비싼데 비교했을 때 가격도 저렴하고 양도 많고 제품의 품질도 좋습니다.,가격,가격도 저렴하고,1,[속성] 가격 [문장] 가격도 저렴하고,,가격,unchanged
train,639538,쇼핑몰,메이크업/뷰티소품,OO 헤** 파우더 팩트 리필 10g 1개,요즘 파우더 팩트가 잘 안 나오는데 ooo에서 나온 이 제품은 무난하게 사용하기 좋습니다. 유분기도 잘 잡아주고 피부결이 부드럽게 연출되네요. 몇 년째 쓰고 있는데 복합성 피부에 좋은 것 같아요. 21호는 계속 품절이라 23호 사용 중인데 색이 어둡지 않아 좋습니다. 21호도 생산 되면 좋겠네요.,기능/효과,유분기도 잘 잡아주고,1,[속성] 기능/효과 [문장] 유분기도 잘 잡아주고,,기능/효과,unchanged
train,639650,쇼핑몰,메이크업/뷰티소품,OO 헤** 파우더 팩트 리필 10g 1개,"쿠션 위에 덧바를 제품을 찾고 있다가 이 제품을 발견했습니다. 파우더를 바르면 금방 지워지고 트윈 케익은 두껍고 여러번 실패하다가 혹시나 싶어 사용하게 되었는데, 유분기를 잡아줘서 겨울보다는 여름에 사용하면 더 좋은 것 같습니다. 색깔은 예쁘게 연출 되어서 좋습니다.",기능/효과,유분기를 잡아줘서,1,[속성] 기능/효과 [문장] 유분기를 잡아줘서,,기능/효과,unchanged
train,639657,쇼핑몰,메이크업/뷰티소품,OO 헤** 파우더 팩트 리필 10g 1개,"유분기도 잡아주고 가볍게 잘 발리는데 지속력은 약합니다. 그리고 퍼프가 힘이 없고 얇네요. 가격은 비싼데, 양도 너무 적고 사이즈가 슬림해서 놀랐습니다. 외관이나 내실이 있으면 좋을 거 같아요.",기능/효과,유분기도 잡아주고,1,[속성] 기능/효과 [문장] 유분기도 잡아주고,,기능/효과,unchanged
train,639658,쇼핑몰,메이크업/뷰티소품,OO 헤** 파우더 팩트 리필 10g 1개,가격 할인 받아서 저렴하게 구매했어요. 가볍게 발라지는 느낌이 산뜻합니다. 제 피부톤과 딱 맞습니다. 이것 만한 제품이 없는 것 같아 계속 사용하고 있습니다.,흡수력,산뜻합니다.,1,[속성] 흡수력 [문장] 산뜻합니다.,,흡수력,unchanged
train,639746,쇼핑몰,메이크업/뷰티소품,OO 헤** 파우더 팩트 리필 10g 1개,피부가 끈적거리지 않아서 ooo 팩트는 최고의 화장품입니다. 늘 사용하는 제품입니다. 다른 제품은 사용하지 못해요. 유분기를 잘 잡아줍니다. 앞으로도 이 제품만 사용할 것 같습니다. 피부가 투명하게 환해집니다.,기능/효과,유분기를 잘 잡아줍니다.,1,[속성] 기능/효과 [문장] 유분기를 잘 잡아줍니다.,,기능/효과,unchanged
train,639750,쇼핑몰,메이크업/뷰티소품,OO 헤** 파우더 팩트 리필 10g 1개,애용하는 제품입니다. 제형 입자가 곱습니다. 앞으로도 구매 예정이에요. 품질 좋고 제형 입자 곱고 향도 좋고 다 좋네요. 아주 만족합니다. 마음에 쏙 들어요.,향,향도 좋고,1,[속성] 향 [문장] 향도 좋고,,향,unchanged
train,639831,쇼핑몰,메이크업/뷰티소품,OO 헤** 파우더 팩트 리필 10g 1개,좋은 가격에 잘 구매했어요. 번들거리지 않아서 마무리 화장할 때 사용감이 정말 좋아요. 피지 잘 잡아주고 바르면 화사함도 있어서 제 피부톤에 잘 맞네요. 앞으로도 쭉 사용할 제품입니다.,가격,좋은 가격에 잘 구매했어요.,1,[속성] 가격 [문장] 좋은 가격에 잘 구매했어요.,,가격,unchanged
train,639840,쇼핑몰,메이크업/뷰티소품,OO 헤** 파우더 팩트 리필 10g 1개,배송도 빨랐고 이 제품 너무 좋습니다. 팩트가 두껍지 않아 좋습니다. 답답하지 않게 잘 발립니다. 향도 좋고 색도 마음에 듭니다.,향,향도 좋고,1,[속성] 향 [문장] 향도 좋고,,향,unchanged
train,639882,쇼핑몰,메이크업/뷰티소품,OO 헤** 파우더 팩트 리필 10g 1개,마침 쓰던 파우더가 떨어 지려는 참에 구매해서 처음으로 사용해봤는데 기대 이상으로 너무 좋습니다. 가격도 저렴하고 발림성이 너무 좋습니다. 이거 다 쓰면 재구매 해서 또 사용해보겠습니다.,가격,가격도 저렴하고,1,[속성] 가격 [문장] 가격도 저렴하고,,가격,unchanged
train,639892,쇼핑몰,메이크업/뷰티소품,OO 헤** 파우더 팩트 리필 10g 1개,친구들이 쓴다고 해서 따라 써 봤다가 완전 푹 빠져버렸어요. 화장대에 없어선 안 될 필수품입니다. 이렇게 좋은 쿠션 저만 알고 싶은데 이미 너무 유명한 게 흠이네요. 제형 입자도 곱고 컬러도 자연스럽고 이쁩니다. 여름엔 꼭 필요한 아이템입니다.,색상,이쁩니다.,1,[속성] 색상 [문장] 이쁩니다.,,색상,unchanged
train,639898,쇼핑몰,메이크업/뷰티소품,OO 헤** 파우더 팩트 리필 10g 1개,가볍게 발려서 좋습니다. 퍼프에 묻혀서 톡톡 두드려주면 자연스럽게 피부가 환해집니다.,발림성,가볍게 발려서 좋습니다.,1,[속성] 발림성 [문장] 가볍게 발려서 좋습니다.,,발림성,unchanged
train,639942,쇼핑몰,메이크업/뷰티소품,OO 헤** 파우더 팩트 리필 10g 1개,화사하고 유분기 잘 잡아 줘요. 애용하는 제품이에요. 제형 입자가 곱고 보송합니다. 하루종일 화장이 지속되는 제품이에요. 들뜨지 않고 아주 좋습니다. OO 제품 최고예요. 또 구매할게요.,제형,보송합니다.,1,[속성] 제형 [문장] 보송합니다.,,제형,unchanged
train,639986,쇼핑몰,메이크업/뷰티소품,OO 헤** 파우더 팩트 리필 10g 1개,제형 입자가 곱고 제 피부에 잘 맞습니다. 본품에 이어 두번째 리필 구매예요. ㅇㅇㅇ 파우더는 품질 좋고 가격도 좋고 뛰어난 세계 여성들도 좋아할 국산제품이에요.,기능/효과,제 피부에 잘 맞습니다.,1,[속성] 기능/효과 [문장] 제 피부에 잘 맞습니다.,,기능/효과,unchanged
train,640110,쇼핑몰,메이크업/뷰티소품,OO 헤** 파우더 팩트 리필 10g 1개,원래 쓰던 제품이 예전 같지 않아서 새롭게 이 팩트를 구매해 봤는데 만족스럽습니다. 색상이 다소 밝은 면은 있지만 유분기도 잘 잡아주고 아주 마음에 드네요.,기능/효과,유분기도 잘 잡아주고,1,[속성] 기능/효과 [문장] 유분기도 잘 잡아주고,,기능/효과,unchanged
train,640151,쇼핑몰,메이크업/뷰티소품,OO 헤** 파우더 팩트 리필 10g 1개,사용하던 것이 거의 떨어져서 주문했습니다. 리필이라서 가격 부담이 많이 없었습니다. 제 피부에 맞아서 계속 사용하고 있는 건데 커버는 많이 되지는 않지만 사용감이 무겁지 않아서 좋습니다. 사용감이 가벼워 데일리로 사용하기 좋습니다.,기능/효과,데일리로 사용하기 좋습니다.,1,[속성] 기능/효과 [문장] 데일리로 사용하기 좋습니다.,,기능/효과,unchanged
train,640190,쇼핑몰,메이크업/뷰티소품,OO 헤** 파우더 팩트 리필 10g 1개,배송 잘 왔습니다. OOO 제품 상품평이 좋아서 구매했습니다. 향도 은은하고 케이스도 고급스럽고 예쁩니다. 다 쓰면 리필 구매해서 계속 사용하려 합니다.,용기,예쁩니다.,1,[속성] 용기 [문장] 예쁩니다.,,용기,unchanged
train,640546,쇼핑몰,메이크업/뷰티소품,OO 헤** UV 미스트 쿠션 15g 본품1개,다른 쿠션 사용하다 구매해 봤습니다. 촉촉하고 발림성은 좋습니다. 다른 쿠션보다 밝고 화사하게 발색되어서 좋아요. 커버력은 보통입니다.,보습력/수분감,촉촉하고,1,[속성] 보습력/수분감 [문장] 촉촉하고,,보습력/수분감/쿨링감,merged_duplicate_label
train,640586,쇼핑몰,메이크업/뷰티소품,OO 헤** UV 미스트 쿠션 15g 본품1개,용기가 다른 팩트처럼 열고 닫는 버튼이 없고 그냥 열면 됩니다. 발림성 좋고 얇게 잘 발립니다. 향도 좋습니다. 색도 잘 맞네요.,발림성,발림성 좋고,1,[속성] 발림성 [문장] 발림성 좋고,,발림성,unchanged
train,640651,쇼핑몰,메이크업/뷰티소품,OO 아** 커버 베이스 35ml 1개,샘플도 많이 주셔서 좋았어요. 커버 베이스 중에서는 이 제품이 제일 좋은 거 같아요. 항상 사용하고 있습니다. 부드럽게 잘 발리고 피부톤도 보정되어서 좋습니다.,발림성,부드럽게 잘 발리고,1,[속성] 발림성 [문장] 부드럽게 잘 발리고,,발림성,unchanged
train,640751,쇼핑몰,메이크업/뷰티소품,OO 아** 커버 베이스 35ml 1개,배송도 빠르게 잘 받았어요. 화장하기 번거로울 때 바르고 있습니다. 자외선 차단이 조금이라도 돼서 좋고 가벼워서 좋아요. 잘 쓰겠습니다.,흡수력,가벼워서 좋아요.,1,[속성] 흡수력 [문장] 가벼워서 좋아요.,,흡수력,unchanged
train,640784,쇼핑몰,메이크업/뷰티소품,OO 아** 커버 베이스 35ml 1개,빠른 배송 좋아요. 가격도 저렴하고 배송도 빠르고 제품도 좋습니다. 매번 재주문 해서 잘 쓰고 있어요. 샘플도 많이 보내주셔서 감사해요. 잘 쓰겠습니다.,가격,가격도 저렴하고,1,[속성] 가격 [문장] 가격도 저렴하고,,가격,unchanged
train,640803,쇼핑몰,메이크업/뷰티소품,OO 아** 커버 베이스 35ml 1개,얼굴 톤이 어두워서 써보려고 구매했습니다. 다른 것에 비해 지속력 좋고 화장이 잘 먹어요. 잘 쓰겠습니다.,밀착력/접착력,화장이 잘 먹어요.,1,[속성] 밀착력/접착력 [문장] 화장이 잘 먹어요.,,밀착력/접착력,unchanged
train,640903,쇼핑몰,메이크업/뷰티소품,OO 아** 커버 베이스 35ml 1개,늘 이것만 사용하고 있어요. 촉촉하고 발림성 좋고 메이크업 전 피부톤 정리 해줘서 꼭 바르네요.,보습력/수분감,촉촉하고,1,[속성] 보습력/수분감 [문장] 촉촉하고,,보습력/수분감/쿨링감,merged_duplicate_label
train,640903,쇼핑몰,메이크업/뷰티소품,OO 아** 커버 베이스 35ml 1개,늘 이것만 사용하고 있어요. 촉촉하고 발림성 좋고 메이크업 전 피부톤 정리 해줘서 꼭 바르네요.,발림성,발림성 좋고,1,[속성] 발림성 [문장] 발림성 좋고,,발림성,unchanged
train,640980,쇼핑몰,메이크업/뷰티소품,OO 아** 커버 베이스 35ml 1개,"코로나 때문에 외출이 꺼려서 처음으로 구매했는데, 가격도 저렴하고 촉촉하고 윤기도 나면서 커버력도 좋아요. 담에 또 구매할 수 있어요.",가격,가격도 저렴하고,1,[속성] 가격 [문장] 가격도 저렴하고,,가격,unchanged
train,640980,쇼핑몰,메이크업/뷰티소품,OO 아** 커버 베이스 35ml 1개,"코로나 때문에 외출이 꺼려서 처음으로 구매했는데, 가격도 저렴하고 촉촉하고 윤기도 나면서 커버력도 좋아요. 담에 또 구매할 수 있어요.",보습력/수분감,촉촉하고,1,[속성] 보습력/수분감 [문장] 촉촉하고,,보습력/수분감/쿨링감,merged_duplicate_label
train,641141,쇼핑몰,메이크업/뷰티소품,OO 설** 퍼펙팅 쿠션 EX 15g 본품1개,향도 좋고 커버도 적당히 되고 얼굴이 화사해진 느낌도 있습니다. 다른 쿠션만 썼는데 이것도 한번 사용하려고 샀습니다.,향,향도 좋고,1,[속성] 향 [문장] 향도 좋고,,향,unchanged
train,641234,쇼핑몰,메이크업/뷰티소품,OO 설** 퍼펙팅 쿠션 EX 15g 본품1개,ㅇㅇㅇ 쓰다가 한번 구입해본건데 커버력이 괜찮아요. 그만큼 색감은 좀 진한편입니다. 얼굴이 환하시면 색상이 어둡게 느낄 수도 있어요. 테스트 해보시고 구입하시길 추천드립니다. 발림성이 좋고 화장이 잘 먹습니다. 나름 잘 쓸 것 같네요,발림성,발림성이 좋고,1,[속성] 발림성 [문장] 발림성이 좋고,,발림성,unchanged
train,641348,쇼핑몰,메이크업/뷰티소품,OO 에** 에센스 커버 팩트 HQ 리필 14g 1개,촉촉하고 커버력이 좋고 번지지 않고 오래가요. 덧발라도 밀리지 않고 잘 발려요. 피부가 주름도 많고 건조해서 화장이 잘 안 맞는데 이건 예쁘게 발려서 좋습니다.,보습력/수분감,촉촉하고,1,[속성] 보습력/수분감 [문장] 촉촉하고,,보습력/수분감/쿨링감,merged_duplicate_label
train,641412,쇼핑몰,메이크업/뷰티소품,OO 에** 에센스 커버 팩트 HQ 리필 14g 1개,어머니께 선물로 사드렸습니다. 제가 써보니 촉촉하고 커버가 잘 되어서 좋네요. 어머니 쓰시는 걸 보니 곱게 잘 발립니다.,보습력/수분감,촉촉하고,1,[속성] 보습력/수분감 [문장] 촉촉하고,,보습력/수분감/쿨링감,merged_duplicate_label
train,641491,쇼핑몰,메이크업/뷰티소품,OO 에** 에센스 커버 팩트 HQ 리필 14g 1개,건성피부인데 촉촉하고 오랜시간이 지나도 들뜸이 없습니다. 커버력이 부족해서 아쉽네요. 커버력이 좋다는 비슷한 제품들도 써봤는데 조금만 지나면 들뜨고 갈라지는 건 있더라구요. 아쉬운데 오랫동안 촉촉하고 수정할 때도 소량 묻혀서 몇 번만 두드려주면 간단하게 끝나서 좋습니다. 가끔은 그냥 퍼프로 두드리기만 합니다. 커버력만 더 좋기를 바랍니다.,보습력/수분감,촉촉하고,1,[속성] 보습력/수분감 [문장] 촉촉하고,,보습력/수분감/쿨링감,merged_duplicate_label
train,641663,쇼핑몰,메이크업/뷰티소품,OO 에** 에센스 커버 팩트 HQ 리필 14g 1개,촉촉하고 발림성이 좋네요. 얇게 잘 발립니다. 화장이 잘 먹어서 좋습니다. 다 쓰면 다시 구매해야겠어요. 항상 사용하는 제품입니다.,보습력/수분감,촉촉하고,1,[속성] 보습력/수분감 [문장] 촉촉하고,,보습력/수분감/쿨링감,merged_duplicate_label
train,641731,쇼핑몰,메이크업/뷰티소품,OO 에** 에센스 커버 팩트 HQ 리필 14g 1개,저렴하게 구입했습니다. 촉촉하고 얼굴에 광이 나서 좋아요. 수정할 때도 쓱쓱 문지르고 톡톡 두드려주면 들뜨지 않고 좋아요. 촉촉해서 마스크 때문에 매트한거 찾으시는 분들은 쓰시면 안 될 것 같습니다.,보습력/수분감,촉촉하고,1,[속성] 보습력/수분감 [문장] 촉촉하고,,보습력/수분감/쿨링감,merged_duplicate_label
train,641905,쇼핑몰,메이크업/뷰티소품,OO 에** 에센스 커버 팩트 HQ 리필 14g 1개,이 제품 리필을 계속 주문해서 사용하고 있습니다. 커버는 안 좋지만 가성비 좋아서 쓰고 있습니다. 촉촉하고 물광이 있습니다.,보습력/수분감,촉촉하고,1,[속성] 보습력/수분감 [문장] 촉촉하고,,보습력/수분감/쿨링감,merged_duplicate_label
train,641976,쇼핑몰,메이크업/뷰티소품,OO 에** 에센스 커버 팩트 HQ 리필 14g 1개,ㅇㅇㅇ팩트만 사용하고 있네요. 촉촉하고 발림성도 좋고 향도 은은해서 향이 독하지 않네요. 빠른 배송 감사드립니다.,보습력/수분감,촉촉하고,1,[속성] 보습력/수분감 [문장] 촉촉하고,,보습력/수분감/쿨링감,merged_duplicate_label
train,642155,쇼핑몰,메이크업/뷰티소품,OO 에** 에센스 커버 팩트 HQ 리필 14g 1개,이 제품은 커버력은 약해도 발림성이 좋고 가벼운 느낌에 사용하고 있는데 퍼프 크기가 자꾸 작아집니다. 잡기 힘들어 사용하기 불편하네요.,발림성,발림성이 좋고,1,[속성] 발림성 [문장] 발림성이 좋고,,발림성,unchanged
train,642155,쇼핑몰,메이크업/뷰티소품,OO 에** 에센스 커버 팩트 HQ 리필 14g 1개,이 제품은 커버력은 약해도 발림성이 좋고 가벼운 느낌에 사용하고 있는데 퍼프 크기가 자꾸 작아집니다. 잡기 힘들어 사용하기 불편하네요.,편의성/활용성,사용하기 불편하네요.,-1,[속성] 편의성/활용성 [문장] 사용하기 불편하네요.,,편의성/활용성,unchanged
train,642288,쇼핑몰,메이크업/뷰티소품,OO 설** 파운데이션 35ml 1개,용량이 작지만 부드럽게 잘 발리고 커버도 잘 되네요. 다만 건성인 저에게는 조금 건조하여 기초 작업을 좀 촉촉하게 해야겠네요.,발림성,부드럽게 잘 발리고,1,[속성] 발림성 [문장] 부드럽게 잘 발리고,,발림성,unchanged
train,642304,쇼핑몰,메이크업/뷰티소품,OO 설** 파운데이션 35ml 1개,파운데이션 21호 색상 쓰는데 21N베이지 색상 잘 맞아요. 다크닝도 없고 피부에 얇게 잘 밀착됩니다. 얇게 잘 밀착되어서 파운데이션을 발라도 안 바른 느낌이 나요. 가볍네요. 복합성 피부인데 보송합니다. 무너짐이 없는 파운데이션입니다. 샘플도 넉넉하게 챙겨주셔서 감사드립니다. 저렴하게 잘 샀네요.,흡수력,보송합니다.,1,[속성] 흡수력 [문장] 보송합니다.,,흡수력,unchanged
train,642323,쇼핑몰,메이크업/뷰티소품,OO 설** 파운데이션 35ml 1개,"촉촉하고, 가볍게 발리는 느낌이 좋은 파운데이션이네요. 발랐을때 발색이 너무 자연스러워서 화사해진다는 느낌이 덜 드네요. 메이크업베이스나 하이라이터 로 보완하면 되지만 다음에 같은 제품을 산다면 한톤 밝은 컬러로 구입하고 싶네요. 커버력은 강하지 않지만 흡수력이 좋아 모공끼임이 덜하고, 가벼운 느낌이네요. ㅇㅇㅇ 파데 잘 쓰고 있어요. 용기도 예뻐서 맘에 들어요. 스킨케어를 대충해도 잘 발리고, 흡수도 잘돼 모공끼임이 덜한 것 같아요",보습력/수분감,촉촉하고,1,[속성] 보습력/수분감 [문장] 촉촉하고,,보습력/수분감/쿨링감,merged_duplicate_label
train,642324,쇼핑몰,메이크업/뷰티소품,OO 설** 파운데이션 35ml 1개,퍼프로 톡톡 펴 바르면 얇게 잘 펴 발라집니다. 얇게 펴 발리는 게 장점인 것 같습니다. 마스크에 묻어나지만 두껍게 발린 게 아니라서 찍힌 자국은 별로 안 남습니다. 얇게 발리는 만큼 커버는 잘 안 되는 느낌입니다. OO가 제 연령대에는 조금 안 맞을까 싶다가도 촉촉하고 얇게 발리는 파운데이션이라 계속 쓰게 됩니다.,보습력/수분감,촉촉하고,1,[속성] 보습력/수분감 [문장] 촉촉하고,,보습력/수분감/쿨링감,merged_duplicate_label
train,642435,쇼핑몰,메이크업/뷰티소품,OO 설** 파운데이션 35ml 1개,수부지 피부로 처음엔 발림성 좋고 촉촉한 느낌인데 시간지나면 건조해지는 느낌이에요. 참고하시고 구매하세요.,발림성,발림성 좋고,1,[속성] 발림성 [문장] 발림성 좋고,,발림성,unchanged
train,642438,쇼핑몰,메이크업/뷰티소품,OO 설** 파운데이션 35ml 1개,파운데이션 잘 사용하고 있어요. 커버력도 좋고 밀착력도 좋고 잘 묻어나지 않아 마스크 사용시 좋습니다. 쿠폰 받아 저렴하게 구입 해서 만족스러워요. 여름이라 두꺼운 화장 부담스러운데 가볍게 매트하게 잘 사용하고 있어요.,밀착력/접착력,밀착력도 좋고,1,[속성] 밀착력/접착력 [문장] 밀착력도 좋고,,밀착력/접착력,unchanged
train,642464,쇼핑몰,메이크업/뷰티소품,OO 설** 파운데이션 35ml 1개,촉촉하고 소량만 발라도 피부 커버가 다 됩니다. 추천하고 싶은 파운데이션입니다.,보습력/수분감,촉촉하고,1,[속성] 보습력/수분감 [문장] 촉촉하고,,보습력/수분감/쿨링감,merged_duplicate_label
train,642482,쇼핑몰,메이크업/뷰티소품,OO 설** 파운데이션 35ml 1개,부드럽고 촉촉하게 잘 스며들어 얼굴이 생기 있어 보입니다. 배송도 엄청 빠르고 디자인도 예뻐서 주변에 추천했습니다.,윤기/피부(톤),부드럽고,1,[속성] 윤기/피부(톤) [문장] 부드럽고,,윤기/피부(톤),unchanged
train,642526,쇼핑몰,메이크업/뷰티소품,OO 설** 파운데이션 35ml 1개,좋은 가격에 잘 구매했어요. 얇게 잘 발리고 구성에 포함된 브러쉬도 생각보다 좋아서 잘 사용하고 있어요. 평소 쓰던 색상인 21호와 색상 차이가 크게 나지 않아서 좋았습니다. 추천해요.,가격,좋은 가격에 잘 구매했어요.,1,[속성] 가격 [문장] 좋은 가격에 잘 구매했어요.,,가격,unchanged
train,642575,쇼핑몰,메이크업/뷰티소품,OO 설** 파운데이션 35ml 1개,17N 컬러가 좀 밝게 나온거 같지만 맘에 들어요. 향도 좋고 발림성이 좋아요. 잘 사용하겠습니다.,향,향도 좋고,1,[속성] 향 [문장] 향도 좋고,,향,unchanged
train,642684,쇼핑몰,메이크업/뷰티소품,OO 해** 뷰티밤 50ml 1개,비비는 확실히 OOO가 짱이에요. 촉촉하고 뜨지도 않고 커버도 잘됩니다. 색상이 너무 마음에 들어요 또 구매할게요.,보습력/수분감,촉촉하고,1,[속성] 보습력/수분감 [문장] 촉촉하고,,보습력/수분감/쿨링감,merged_duplicate_label
train,642725,쇼핑몰,메이크업/뷰티소품,OO 해** 뷰티밤 50ml 1개,예민한 피부인데 자극 없고 커버력이 좋습니다. 바르고 나니 여드름도 안 나서 좋네요. 피부가 투명해지거나 맑아지는 느낌은 아니지만 순하고 지속력이 좋습니다.,자극성,순하고,1,[속성] 자극성 [문장] 순하고,,자극성,unchanged
train,642737,쇼핑몰,메이크업/뷰티소품,OO 해** 뷰티밤 50ml 1개,발림 좋고 색도 자연스러워요. 처음엔 피부에 허옇게 발라지는 느낌이지만 문지를수록 피부에 착 흡수에 됩니다.,발림성,발림 좋고,1,[속성] 발림성 [문장] 발림 좋고,,발림성,unchanged
train,642880,쇼핑몰,메이크업/뷰티소품,OO 해** 뷰티밤 50ml 1개,2호라고 해서 어둡거나 칙칙하지 않고 자연스럽게 밝아지는 것 같습니다. 부드럽게 잘 발리고 커버력도 나쁘지 않다고 생각해요. 이거 바르고 난 후 한 번 더 살짝 얹어 주면 컨실러 따로 사용 안 해도 되겠습니다. 화장이 뜨거나 건조해지는 느낌도 없었습니다. 저렴하게 사서 좋습니다.,발림성,부드럽게 잘 발리고,1,[속성] 발림성 [문장] 부드럽게 잘 발리고,,발림성,unchanged
train,643007,쇼핑몰,메이크업/뷰티소품,OO 해** 뷰티밤 50ml 1개,지복합성 피부입니다. OOO 뷰티밤을 바르면 얼굴색이 조금 어두워요. 촉촉하고 지속력도 좋은데 얼굴색이 어두운 감이 있어서 아쉬워요. 대신 파운데이션이랑 같이 사용하면 화사해집니다. 재구매는 안 할 거 같아요.,보습력/수분감,촉촉하고,1,[속성] 보습력/수분감 [문장] 촉촉하고,,보습력/수분감/쿨링감,merged_duplicate_label
train,643017,쇼핑몰,메이크업/뷰티소품,OO 해** 뷰티밤 50ml 1개,비비 하나만 발라도 피부에 촉촉함이 있어서 따로 파운데이션 안 바르고 다닙니다. 처음 구입해서 사용해 보는데 제 피부에 잘 맞습니다.,윤기/피부(톤),제 피부에 잘 맞습니다.,1,[속성] 윤기/피부(톤) [문장] 제 피부에 잘 맞습니다.,,윤기/피부(톤),unchanged
train,643086,쇼핑몰,메이크업/뷰티소품,OO 해** 뷰티밤 50ml 1개,배송이 빨라서 좋았습니다. 발림성은 일반 비비크림과 비슷해요. 바르면 얼굴톤은 밝아져서 좋아요. 그런데 쿠션으로 마무리를 해주지 않으니 커버가 잘 되지 않아요. 바르면 가볍지 않고 무겁습니다.,흡수력,무겁습니다.,-1,[속성] 흡수력 [문장] 무겁습니다.,,흡수력,unchanged
train,643106,쇼핑몰,메이크업/뷰티소품,OO 해** 뷰티밤 50ml 1개,발림성이 좋고 겨울의 건조한 피부를 뽀송하게 해줘서 좋습니다. 그리고 디자인도 깔끔하고 휴대하기 좋아 항상 가방에 넣고 다닙니다.,발림성,발림성이 좋고,1,[속성] 발림성 [문장] 발림성이 좋고,,발림성,unchanged
train,643431,쇼핑몰,메이크업/뷰티소품,OO 미** 텐션 팩트 15g 본품1개,생각했던 것보다 제품이 좋습니다. 트러블도 없습니다. 밀착력도 좋고 한번 바르면 수정할 필요가 없습니다.,밀착력/접착력,밀착력도 좋고,1,[속성] 밀착력/접착력 [문장] 밀착력도 좋고,,밀착력/접착력,unchanged
train,643449,쇼핑몰,메이크업/뷰티소품,OO 미** 텐션 팩트 15g 본품1개,적당히 촉촉하고 커버도 잘되는 편이에요. 가끔 화장이 밀리고 제형이 코옆이나 주름 부분에는 끼여서 사용하기 불편하네요. 케이스는 예뻐서 마음에 들어요.,편의성/활용성,사용하기 불편하네요.,-1,[속성] 편의성/활용성 [문장] 사용하기 불편하네요.,,편의성/활용성,unchanged
train,643609,쇼핑몰,메이크업/뷰티소품,OO 블** 커버크림 스틱 12g 1개,"피부 밀착력도 좋고, 색상도 좋고, 커버력도 좋습니다. 여행 다닐 때 항상 덧바를수 있어서 좋습니다.",밀착력/접착력,밀착력도 좋고,1,[속성] 밀착력/접착력 [문장] 밀착력도 좋고,,밀착력/접착력,unchanged
train,643622,쇼핑몰,메이크업/뷰티소품,OO 블** 커버크림 스틱 12g 1개,용기 모양은 세련되고 예쁩니다. 발림성도 좋아요. 사용하기 간편해서 좋은 거 같아요. 솔도 촘촘하니 부드러우면서 힘이 있어요. 한 번 써봐서 리프팅 효과는 아직은 잘 모르겠지만 계속 써 볼 생각입니다.,용기,예쁩니다.,1,[속성] 용기 [문장] 예쁩니다.,,용기,unchanged
train,643716,쇼핑몰,메이크업/뷰티소품,OO 블** 커버크림 스틱 12g 1개,화장은 싫고 톤 보정하고 싶을 때 사용합니다. 홈쇼핑에서 산 것 보다 이게 더 고급스럽게 피부 표현이 됩니다. 제 피부에 잘 맞습니다.,기능/효과,제 피부에 잘 맞습니다.,1,[속성] 기능/효과 [문장] 제 피부에 잘 맞습니다.,,기능/효과,unchanged
train,643788,쇼핑몰,메이크업/뷰티소품,OO 블** 커버크림 스틱 12g 1개,성탄 선물로 드렸는데 정말 좋아하십니다. 발림성이 좋고 퍼프로 바르는 것보다 붓으로 펴 바르니 얇게 잘 발리는 것 같아요. 색상이 하얘서 너무 밝지만 조금 지나면 피부색이 올라와서 괜찮습니다.,발림성,발림성이 좋고,1,[속성] 발림성 [문장] 발림성이 좋고,,발림성,unchanged
train,643868,쇼핑몰,메이크업/뷰티소품,OO 블** 커버크림 스틱 12g 1개,붓이 부드럽지 않습니다. 거칠어서 자극이 됩니다. 바르고 몇 시간 지나면 피부가 번들거립니다. 기초를 하고 바르면 발릴 때 밀립니다.,흡수력,피부가 번들거립니다.,-1,[속성] 흡수력 [문장] 피부가 번들거립니다.,,흡수력,unchanged
train,643878,쇼핑몰,메이크업/뷰티소품,OO 블** 커버크림 스틱 12g 1개,간편해서 사용하기 좋습니다. 얼굴에 잡티가 살짝 있는데 완벽하게 가릴 수 없다면 살짝 보이는 것도 괜찮네요. 두껍게 화장하는 것 보다 낫다고 생각합니다. 바르고 나니 피부가 화사해져서 좋습니다. 홈쇼핑에서 다 구입하기에는 많아서 미리 하나 사용해보고 나중에 구입하려고 마음 먹길 잘했습니다. 촉촉하고 광도 나서 좋습니다.,보습력/수분감,촉촉하고,1,[속성] 보습력/수분감 [문장] 촉촉하고,,보습력/수분감/쿨링감,merged_duplicate_label
train,643884,쇼핑몰,메이크업/뷰티소품,OO 블** 커버크림 스틱 12g 1개,마음데 드네요. 발림성 좋고 묻어나는 것도 덜해서 괜찮은 듯합니다. 다 쓰고 재구매 할 것 같아요.,발림성,발림성 좋고,1,[속성] 발림성 [문장] 발림성 좋고,,발림성,unchanged
train,644112,쇼핑몰,메이크업/뷰티소품,OO 블** 커버크림 스틱 12g 1개,발림성도 좋고 촉촉하고 화장 들뜸도 없네요. 다만 콜라겐 성분때문인지 지성피부에는 번들거림이 있네요. 마스크에 묻어나지만 편리하게 가지고 다니면서 수정용으로도 좋습니다.,보습력/수분감,촉촉하고,1,[속성] 보습력/수분감 [문장] 촉촉하고,,보습력/수분감/쿨링감,merged_duplicate_label
train,644475,쇼핑몰,메이크업/뷰티소품,OO 이** 에센스 스킨커버 팩트 10g 1개,총알배송에 포장도 안전하게 받았어요. 가성비 아주 좋고 촉촉하니 커버력도 아주 좋아서 추천합니다.,보습력/수분감,촉촉하니,1,[속성] 보습력/수분감 [문장] 촉촉하니,,보습력/수분감/쿨링감,merged_duplicate_label
train,644513,쇼핑몰,메이크업/뷰티소품,OO 헤** 크림 35ml 1개,상품 품질이 좋아요. 마음에 듭니다. 항상 사용하던 제품입니다. 지속력이 조금 아쉽지만 부드럽게 잘 발리고 잘 스며들어서 좋아요. 트러블도 전혀 없어요. 다 쓰면 재구매합니다.,발림성,부드럽게 잘 발리고,1,[속성] 발림성 [문장] 부드럽게 잘 발리고,,발림성,unchanged
train,644623,쇼핑몰,메이크업/뷰티소품,OO 헤** 크림 35ml 1개,바를 때는 촉촉하고 화사한데 조금 지나면 지속력이 없어서 본인 색이 나옵니다. 커버력은 많이 없습니다.,보습력/수분감,촉촉하고,1,[속성] 보습력/수분감 [문장] 촉촉하고,,보습력/수분감/쿨링감,merged_duplicate_label
train,644756,쇼핑몰,메이크업/뷰티소품,OO 헤** 크림 35ml 1개,커버보다는 자연스럽고 촉촉한 것을 선호해서 구매해봤어요. 필요성에 맞게 구매한 것 같아요. 써보니 촉촉하고 자연스럽게 피부 표현이 됩니다.,보습력/수분감,촉촉하고,1,[속성] 보습력/수분감 [문장] 촉촉하고,,보습력/수분감/쿨링감,merged_duplicate_label
train,644773,쇼핑몰,메이크업/뷰티소품,OO 헤** 크림 35ml 1개,배송도 빠르고 제품 처음 사봤는데 일단 손등에 발라봤을 때 향이랑 발림성이 좋고 색상과 톤도 괜찮은 것 같습니다.,발림성,발림성이 좋고,1,[속성] 발림성 [문장] 발림성이 좋고,,발림성,unchanged
train,644798,쇼핑몰,메이크업/뷰티소품,OO 헤** 크림 35ml 1개,계속 사용해요. 발림성이 좋고 피부가 환하고 밝게 보입니다. 예전에 방문 판매로 사서 쓰다가 직접 주문해서 쓰니까 저렴해서 너무 좋습니다.,발림성,발림성이 좋고,1,[속성] 발림성 [문장] 발림성이 좋고,,발림성,unchanged
train,644880,쇼핑몰,메이크업/뷰티소품,OO 헤** 크림 35ml 1개,좋은 가격에 잘 구매했어요. 가벼운 제형이 마음에 듭니다. 사은품도 많이 주셔서 좋네요. 제형이 묽어서 좋고 가볍게 발려서 뻑뻑하지 않네요. 부드럽게 발려서 좋아요.,가격,좋은 가격에 잘 구매했어요.,1,[속성] 가격 [문장] 좋은 가격에 잘 구매했어요.,,가격,unchanged
train,644890,쇼핑몰,메이크업/뷰티소품,OO 헤** 크림 35ml 1개,마스크때문에 화장을 잘 안하게 되는데 요즘같이 햇살 뜨거운 날 썬크림 대신에 이거 하나만 발라도 피부톤이 화사하게 정리되어 좋습니다. 많이 두껍게 발리지도 않고 촉촉하고 지속력도 나쁘지 않고 만족해요.,보습력/수분감,촉촉하고,1,[속성] 보습력/수분감 [문장] 촉촉하고,,보습력/수분감/쿨링감,merged_duplicate_label
train,644938,쇼핑몰,메이크업/뷰티소품,OO 헤** 크림 35ml 1개,항상 사용하는 제품으로 데일리로 부담없이 사용하기 좋은 제품이에요. 가볍게 잘 발리고 무겁지 않은 느낌이에요. 건성피부인데 촉촉하고 얼굴이 당기지 않네요. 색상은 다른 제품 21호와 비슷하네요.,보습력/수분감,촉촉하고,1,[속성] 보습력/수분감 [문장] 촉촉하고,,보습력/수분감/쿨링감,merged_duplicate_label
train,645154,쇼핑몰,메이크업/뷰티소품,OO 헤** 크림 35ml 1개,자극적이지 않고 괜찮지만 커버력은 거의 없네요. 자외선 차단 위해 발라주는 정도로 생각하면 될 것 같아요.,자극성,자극적이지 않고,1,[속성] 자극성 [문장] 자극적이지 않고,,자극성,unchanged
train,645217,쇼핑몰,메이크업/뷰티소품,OO 헤** 크림 35ml 1개,매번 사는 OOO 씨씨크림이에요. 데일리로 쓰기에 딱 좋습니다. 컬러도 내 피부에 딱입니다. 좀 더 신경쓰는 날에는 OOO쿠션으로 한번 더 발라주면 딱 좋습니다. cc크림은 얇게 잘 발리고 부드럽고 자연스러운 피부표현에 딱입니다.,윤기/피부(톤),부드럽고,1,[속성] 윤기/피부(톤) [문장] 부드럽고,,윤기/피부(톤),unchanged
train,645248,쇼핑몰,메이크업/뷰티소품,OO 헤** 크림 35ml 1개,기존 상품을 안 팔아서 신제품으로 구입했습니다. 부드럽고 잘 스며들고 밀착력도 좋습니다.,윤기/피부(톤),부드럽고,1,[속성] 윤기/피부(톤) [문장] 부드럽고,,윤기/피부(톤),unchanged
train,645383,쇼핑몰,메이크업/뷰티소품,OO 헤** 크림 35ml 1개,유명한 제품이라 구입해서 써 봤어요. 부드럽고 흡수도 잘되어 만족하며 사용하고 있습니다. 발림성도 좋고 지속성도 좋습니다.,윤기/피부(톤),부드럽고,1,[속성] 윤기/피부(톤) [문장] 부드럽고,,윤기/피부(톤),unchanged
train,645420,쇼핑몰,메이크업/뷰티소품,OO 헤** 크림 35ml 1개,벌써 많이 사용한 제품입니다. 커버력도 좋고 BB보다 밀착력이 좋고 피부결 정돈이 잘 되는 것 같습니다. 마지막까지 다 사용하고 매번 구입하게 됩니다. 자외선 차단도 가능해서 데일리용으로 사용하네요.,밀착력/접착력,밀착력이 좋고,1,[속성] 밀착력/접착력 [문장] 밀착력이 좋고,,밀착력/접착력,unchanged
train,645549,쇼핑몰,메이크업/뷰티소품,OO 이** 미네랄 파우더 5g 1개,좋은 가격에 잘 구매했어요. 항상 구매하던 제품이네요. 여름에 특히 번들거리는 피부를 잡아줘서 좋습니다.,가격,좋은 가격에 잘 구매했어요.,1,[속성] 가격 [문장] 좋은 가격에 잘 구매했어요.,,가격,unchanged
train,645599,쇼핑몰,메이크업/뷰티소품,OO 이** 미네랄 파우더 5g 1개,점심 시간 되면 감당 안 되는 기름으로 피부가 번들거렸습니다. 이 제품을 톡톡 두들겨주면 유분기를 잡아줘서 피부가 보송해집니다.,기능/효과,유분기를 잡아줘서,1,[속성] 기능/효과 [문장] 유분기를 잡아줘서,,기능/효과,unchanged
train,645782,쇼핑몰,메이크업/뷰티소품,OO 이** 미네랄 파우더 5g 1개,이 제품을 빠른 배송으로도 받아 볼 수 있어서 좋습니다. 가루 날림은 심하지만 기름기 올라올 때 발라주면 유분기를 잡아줘서 좋습니다.,기능/효과,유분기를 잡아줘서 좋습니다.,1,[속성] 기능/효과 [문장] 유분기를 잡아줘서 좋습니다.,,기능/효과,unchanged
train,645975,쇼핑몰,메이크업/뷰티소품,OO 이** 미네랄 파우더 5g 1개,화장하는 사람 중에 안 쓰는 사람 있을지 모르겠네요. 유분기를 잡아주고 피부가 보송해서 좋습니다. 집에 하나 휴대용 하나 이렇게 구비해서 쓰고 있습니다. 앞머리 있는 언니는 헤어용이 하나 더 있습니다.,기능/효과,유분기를 잡아주고,1,[속성] 기능/효과 [문장] 유분기를 잡아주고,,기능/효과,unchanged
train,646158,쇼핑몰,메이크업/뷰티소품,OO 엉** 쿠션 14g 본품1개,벌써 다섯 번이나 구매한 쿠션이에요. 다섯 번을 한 쿠션만 사용하는 것은 이유가 있습니다. 촉촉하고 부드럽게 발립니다. 자연스러운 피부 표현이 되고 촉촉해서 좋습니다. 디자인도 예쁘네요.,보습력/수분감,촉촉하고,1,[속성] 보습력/수분감 [문장] 촉촉하고,,보습력/수분감/쿨링감,merged_duplicate_label
train,646220,쇼핑몰,메이크업/뷰티소품,OO 엉** 쿠션 14g 본품1개,좋은 가격에 잘 구매했어요. 딸한테 선물 했는데 딸이 너무 좋아합니다. 저도 갖고 싶은데 가격이 너무 비싸네요. 리필도 없이 이 가격이면 비싸서 쉽게 사지는 못하겠습니다.,가격,좋은 가격에 잘 구매했어요.,1,[속성] 가격 [문장] 좋은 가격에 잘 구매했어요.,,가격,unchanged
train,646254,쇼핑몰,메이크업/뷰티소품,OO 엉** 쿠션 14g 본품1개,"전에 쓰던 쿠션보다 유분기를 잘 잡아줍니다. 수분감이 있어 촉촉하고 얼굴에 유분이 많은데 지속력도 괜찮습니다. 커버력은 보통이고 케이스가 고급진 것도 있지만 상품 자체가 마음에 듭니다. 수정 화장에도 들뜸이 없고 제 피부랑 잘 맞습니다. 앞으로 계속 사용할 생각입니다. 쿠션이 마음에 들어서 OO팩트도 추가로 구매했는데, 잘 사용하고 있어요. 쿠션과 팩트 둘 다 촉촉하고 컬러도 피부에 잘 맞아 과해 보이지 않습니다.",보습력/수분감,유분기를 잘 잡아줍니다.,1,[속성] 보습력/수분감 [문장] 유분기를 잘 잡아줍니다.,,보습력/수분감/쿨링감,merged_duplicate_label
train,646254,쇼핑몰,메이크업/뷰티소품,OO 엉** 쿠션 14g 본품1개,"전에 쓰던 쿠션보다 유분기를 잘 잡아줍니다. 수분감이 있어 촉촉하고 얼굴에 유분이 많은데 지속력도 괜찮습니다. 커버력은 보통이고 케이스가 고급진 것도 있지만 상품 자체가 마음에 듭니다. 수정 화장에도 들뜸이 없고 제 피부랑 잘 맞습니다. 앞으로 계속 사용할 생각입니다. 쿠션이 마음에 들어서 OO팩트도 추가로 구매했는데, 잘 사용하고 있어요. 쿠션과 팩트 둘 다 촉촉하고 컬러도 피부에 잘 맞아 과해 보이지 않습니다.",보습력/수분감,촉촉하고,1,[속성] 보습력/수분감 [문장] 촉촉하고,,보습력/수분감/쿨링감,merged_duplicate_label
train,646263,쇼핑몰,메이크업/뷰티소품,OO 엉** 쿠션 14g 본품1개,몇 통째 사용하고 있는데 만족합니다. 다만 지속력이 파운데이션에 비해서 덜해요. 그래도 사용하기 간편하고 데일리로 사용하기 좋은 제품입니다.,기능/효과,데일리로 사용하기 좋은 제품입니다.,1,[속성] 기능/효과 [문장] 데일리로 사용하기 좋은 제품입니다.,,기능/효과,unchanged
train,646310,쇼핑몰,메이크업/뷰티소품,OO 엉** 쿠션 14g 본품1개,좋은 제품을 써야 한다고 해서 기초부터 바꿨습니다. 이 제품은 피부에 착 달라 붙는 표현이 맞을 만큼 흡수가 잘 되네요. 화장도 잘 먹습니다. 피부가 화사해집니다. 시간이 지나도 촉촉하고 뽀송합니다. 커버력은 아쉽습니다.,보습력/수분감,촉촉하고,1,[속성] 보습력/수분감 [문장] 촉촉하고,,보습력/수분감/쿨링감,merged_duplicate_label
train,646337,쇼핑몰,메이크업/뷰티소품,OO 엉** 쿠션 14g 본품1개,촉촉하고 피부에 밀착이 잘 됩니다. 디자인도 고급스럽고 세련되고 너무 예뻐서 만족합니다.,보습력/수분감,촉촉하고,1,[속성] 보습력/수분감 [문장] 촉촉하고,,보습력/수분감/쿨링감,merged_duplicate_label
train,646337,쇼핑몰,메이크업/뷰티소품,OO 엉** 쿠션 14g 본품1개,촉촉하고 피부에 밀착이 잘 됩니다. 디자인도 고급스럽고 세련되고 너무 예뻐서 만족합니다.,디자인,세련되고,1,[속성] 디자인 [문장] 세련되고,,디자인,unchanged
train,646353,쇼핑몰,메이크업/뷰티소품,OO 엉** 쿠션 14g 본품1개,"처음 사용해보니, 케이스도 이쁘고 20호 색상도 잘 맞아 좋습니다. 보내주신 향수 샘플도 감사합니다.",용기,케이스도 이쁘고,1,[속성] 용기 [문장] 케이스도 이쁘고,,용기,unchanged
train,646388,쇼핑몰,메이크업/뷰티소품,OO 엉** 쿠션 14g 본품1개,상품 품질이 좋아서 마음에 드네요. OOO 쿠션은 처음 써보는데 색상도 예쁘고 제 피부에도 잘 맞아요. 얇게 잘 발리고 케이스도 예뻐서 너무 좋아요.,색상,색상도 예쁘고,1,[속성] 색상 [문장] 색상도 예쁘고,,색상,unchanged
train,646496,쇼핑몰,메이크업/뷰티소품,OO 엉** 쿠션 14g 본품1개,색상이 밝고 약간 붉은 편이네요. 테스트 안 받고 그냥 샀더니 색상이 살짝 안 맞아요. 촉촉하고 발림성은 좋아요. 무엇보다 케이스가 이쁘네요.,보습력/수분감,촉촉하고,1,[속성] 보습력/수분감 [문장] 촉촉하고,,보습력/수분감/쿨링감,merged_duplicate_label
train,646542,쇼핑몰,메이크업/뷰티소품,OO 엉** 쿠션 14g 본품1개,OOO 화장품 매니아인데 쓸 때마다 느끼는 거지만 쿠션이 유분기도 잡아주고 지속력도 다른 브랜드에 비해 오래 가고 좋습니다. 세미매트이지만 그렇다고 해서 화장이 뜨거나 하지 않고 커버력과 지속력 또한 갖춘 안성맞춤 쿠션팩트입니다.,보습력/수분감,유분기도 잡아주고,1,[속성] 보습력/수분감 [문장] 유분기도 잡아주고,,보습력/수분감/쿨링감,merged_duplicate_label
train,646561,쇼핑몰,메이크업/뷰티소품,OO 엉** 쿠션 14g 본품1개,지난번에 쓴 쿠션 케이스가 아직 깨끗해서 리필을 구매했습니다. 평소 사용하던 호수보다 한 호수 밝은 걸 주문했는데 색상이 너무 밝지도 않고 피부 표현하기 딱 좋은 색상이었습니다. 건조하지 않고 향도 괜찮고 커버도 되면서 촉촉하고 유지력도 오래 가는 것 같네요.,보습력/수분감,촉촉하고,1,[속성] 보습력/수분감 [문장] 촉촉하고,,보습력/수분감/쿨링감,merged_duplicate_label
train,646569,쇼핑몰,메이크업/뷰티소품,OO 엉** 쿠션 14g 본품1개,친구에게 선물받은 이후로 이 제품만 사용하고 있습니다. 밀착력도 좋고 발림성도 좋습니다.,밀착력/접착력,밀착력도 좋고,1,[속성] 밀착력/접착력 [문장] 밀착력도 좋고,,밀착력/접착력,unchanged
train,646582,쇼핑몰,메이크업/뷰티소품,OO 엉** 쿠션 14g 본품1개,마음에 들어요. 항상 애용하고 있는 제품입니다. 발림성도 좋고 제형이 부드러워서 이것만 사용합니다. 커버력이 우수하진 않아요. 촉촉하고 건조하지 않아 만족하는 쿠션이에요.,보습력/수분감,촉촉하고,1,[속성] 보습력/수분감 [문장] 촉촉하고,,보습력/수분감/쿨링감,merged_duplicate_label
train,646586,쇼핑몰,메이크업/뷰티소품,OO 엉** 쿠션 14g 본품1개,OOO 팩트랑 같이 구매했어요. 베스트셀러라 그런지 이게 훨씬 색이 예뻐요. 쿨톤에게 잘 어울리는 색상이고 핑크빛으로 예쁘게 발색되네요. 촉촉하고 피부에 자연스럽게 표현되어 좋아요. 재구매할 의사 있습니다.,보습력/수분감,촉촉하고,1,[속성] 보습력/수분감 [문장] 촉촉하고,,보습력/수분감/쿨링감,merged_duplicate_label
train,646587,쇼핑몰,메이크업/뷰티소품,OO 엉** 쿠션 14g 본품1개,케이스가 너무 고급스럽고 예쁩니다. 피부에 딱 맞는 색상이어서 매일 사용하기 좋아요. 지속력도 좋은 편이어서 오랜 시간 화장이 무너지지 않아 만족합니다.,기능/효과,매일 사용하기 좋아요.,1,[속성] 기능/효과 [문장] 매일 사용하기 좋아요.,,기능/효과,unchanged
train,646593,쇼핑몰,메이크업/뷰티소품,OO 엉** 쿠션 14g 본품1개,평소21호 사용하는데 20호가 저랑 딱 맞네요. 발림성 좋고 지속력도 오래갑니다. 약간 매트하지만 기초 잘 바르면 괜찮고 마스크에 덜 묻어나서 좋습니다.,발림성,발림성 좋고,1,[속성] 발림성 [문장] 발림성 좋고,,발림성,unchanged
train,287937,쇼핑몰,메이크업/뷰티소품,OO 왕쿠션 2개+리필 2개+비비크림 1개(상품평시 1개 더),"화장을 즐겨하지 않지만 워낙 유명한 쿠션이라...평소 관심이 많았는데, 마침 ㅇㅇ쇼핑에서 쇼핑호스트님의 열정적인 설명에 구매결정~^^ 넉넉한 사은품까지 만족합니다. 일단, 손에 테스트해봤는데 커버력도 좋고 촉촉하고 시원한 느낌입니다. 향기도 좋구요. 21호 구매했는데, 타제품 보다 약간 어두운 색감 입니다. 동생과 사이좋게 나눠서 사용하렵니다. 감솨~^^",보습력/수분감,촉촉하고,1,[속성] 보습력/수분감 [문장] 촉촉하고,,보습력/수분감/쿨링감,merged_duplicate_label
train,288034,쇼핑몰,메이크업/뷰티소품,OO 어** 콜라겐 캡슐 파운데이션 스페셜패키지,어제 받아서 써봤는데 엄청 촉촉해요 발림성이 좋고 뭉치지않아서 좋은거같아요 발림이 더티하지않고요. 역시 짱입니다,발림성,발림성이 좋고,1,[속성] 발림성 [문장] 발림성이 좋고,,발림성,unchanged
train,288048,쇼핑몰,메이크업/뷰티소품,OO 인** 커버 왕쿠션+비비크림 대박세트,엄마랑 나눠쓰기 딱 좋아요 쿠션이 커서 화장 쉽게 금방할것같아요 촉촉하고 커버력도좋아요 완전만족*^^*,보습력/수분감,촉촉하고,1,[속성] 보습력/수분감 [문장] 촉촉하고,,보습력/수분감/쿨링감,merged_duplicate_label
train,288055,쇼핑몰,메이크업/뷰티소품,OO 인** 커버 왕쿠션+비비크림 대박세트,대용량이며 가격이 좋으며 비비크림은 발림성이 좋고 커버력이 뛰어나네요,발림성,발림성이 좋고,1,[속성] 발림성 [문장] 발림성이 좋고,,발림성,unchanged
train,288062,쇼핑몰,메이크업/뷰티소품,OO 인** 커버 왕쿠션+비비크림 대박세트,촉촉하고 이런빅쿠션은 첨인데 편하고하네요 비비는 아직뜯진않앗구요 레이져시술 얼마안되서 부분만발라보앗는데 적당한 물광도 좋아요!OOO쿠션으로 유명해서 고민만햇는데 왜 이제와서 삿는지ㅠㅠ건성한테 이리좋을줄 알앗다면.. 늦지않게 구매한게다행이라 생각해요 혹시 악건성피부에 저처럼 홍조잡티잇으신분들 잇으시다면 꼭한번써보시길 추천합니다~,보습력/수분감,촉촉하고,1,[속성] 보습력/수분감 [문장] 촉촉하고,,보습력/수분감/쿨링감,merged_duplicate_label
train,288065,쇼핑몰,메이크업/뷰티소품,OO 인** 커버 왕쿠션+비비크림 대박세트,주위에서 좋다는 말만 듣고 한번 주문 해봤는데 커버력도 좋고 촉촉하고 피부표현도 너무 이쁘게 되네요♡ 거울도 커서 더 자세히 볼 수 있고 같이 온 비비크림도 너무 좋네요~ 다시 재구매할 의사 있고 말그대로 진짜 인생 쿠션인것같아요,보습력/수분감,촉촉하고,1,[속성] 보습력/수분감 [문장] 촉촉하고,,보습력/수분감/쿨링감,merged_duplicate_label
train,646708,쇼핑몰,메이크업/뷰티소품,OO 엉** 쿠션 14g 본품1개,상품 품질이 좋아 마음에 듭니다. 다른 브랜드를 선호하는데 이 브랜드를 사용하고 난 후 이것만 사용하고 있어요. 상품 품질이 탁월해요. 발림성이 부드럽고 촉촉하고 피부가 화사해지고 지속력도 최고인 상품이네요. 정말 괜찮은 제품인 것 같네요. 할인 받아 저렴하게 구매했습니다.,보습력/수분감,촉촉하고,1,[속성] 보습력/수분감 [문장] 촉촉하고,,보습력/수분감/쿨링감,merged_duplicate_label
train,646730,쇼핑몰,메이크업/뷰티소품,OO 엉** 쿠션 14g 본품1개,색상이 연해서 아쉬워요. 커버력이 많이 떨어집니다. 비싸게 샀는데 품질이 별로네요. 지속력도 별로고 행사 때문에 리필도 같이 구매 했는데 돈 아까워요.,가격,돈 아까워요.,-1,[속성] 가격 [문장] 돈 아까워요.,,가격,unchanged
train,646734,쇼핑몰,메이크업/뷰티소품,OO 엉** 쿠션 14g 본품1개,타브랜드 썼는데 행사도 하고 케이스도 이쁘고 고급져보여서 샀는데 밀착력도 좋고 발색도 예쁘고 좋습니다. 21호보단 23호에 가까운 피분데 살짝 환한 느낌이 들어요. 그래도 어색하지 않고 피부에 착 붙는 느낌 좋습니다.,밀착력/접착력,밀착력도 좋고,1,[속성] 밀착력/접착력 [문장] 밀착력도 좋고,,밀착력/접착력,unchanged
train,646800,쇼핑몰,메이크업/뷰티소품,OO 엉** 쿠션 14g 본품1개,촉촉하고 얇게 발리고 좋네요. 쿨링감도 있는것 같아요. 커버력도 어느 정도 있어요. 물론 비싸긴 하지만 케이스도 너무 이뻐요. 저는 재구매의사있네요..,보습력/수분감,촉촉하고,1,[속성] 보습력/수분감 [문장] 촉촉하고,,보습력/수분감/쿨링감,merged_duplicate_label
train,646808,쇼핑몰,메이크업/뷰티소품,OO 엉** 쿠션 14g 본품1개,비싼 브랜드 제품은 굳이 선호하지 않는 사람입니다. 그런데 이 제품은 꾸준히 사랑 받고 있고 다들 좋다고 하길래 구매해 봤습니다. 10호 색상을 사려다가 상품평 보고 20호 색상으로 구매했는데 발라보니 톤업되는 느낌은 없습니다. 하지만 발림성이 좋고 내 피부에 잘 밀착되는 느낌은 좋아요. 얼굴이 하얗게 뜰 것 같아서 20호를 구매했지만 저처럼 피부톤이 화사한 분들은 20호 색상이 어울리지 않을 거 같아요.,발림성,발림성이 좋고,1,[속성] 발림성 [문장] 발림성이 좋고,,발림성,unchanged
train,646830,쇼핑몰,메이크업/뷰티소품,OO 엉** 쿠션 14g 본품1개,"쿠션 맘에 들어요. 촉촉하고 색상도 좋습니다. OOO만쓰다 지인들이 좋다길래 써봤는데, OOO만큼 품질이 좋습니다. 아직 처음이라 더 써봐야 알겠지만 효과 좋을 것 같습니다. 잘 사용하겠습니다.",보습력/수분감,촉촉하고,1,[속성] 보습력/수분감 [문장] 촉촉하고,,보습력/수분감/쿨링감,merged_duplicate_label
train,646857,쇼핑몰,메이크업/뷰티소품,OO 엉** 쿠션 14g 본품1개,"요즘은 인터넷에서 사는 게 제일 이득이 많은 것 같네요. 이것저것 쿠폰이랑 해서 괜찮은 가격에 샀습니다. 화장 인위적으로 보이는 거 싫어하는데 이 쿠션은 피부 표현의 자연스러움이 최고인 듯합니다. 두껍게 발리지도 않고, 톤도 오버스럽지 않아서 데일리로 쓰기 좋습니다. 한 번에 많이 바르지 말고 소량으로 잘 두드려 바르면 좋아요.",기능/효과,데일리로 쓰기 좋습니다.,1,[속성] 기능/효과 [문장] 데일리로 쓰기 좋습니다.,,기능/효과,unchanged
train,646896,쇼핑몰,메이크업/뷰티소품,OO 엉** 쿠션 14g 본품1개,케이스도 이쁘고 잘 발리는데 마스크에 너무 많이 묻어나요. 마스크 벗으면 화장이 다 사라져서 속상합니다.,용기,케이스도 이쁘고,1,[속성] 용기 [문장] 케이스도 이쁘고,,용기,unchanged
train,646952,쇼핑몰,메이크업/뷰티소품,OO 엉** 쿠션 14g 본품1개,메이크업하는 시간이 단축되고 간편해서 잘 쓰게 됩니다. 데일리로 사용하기 좋아요. 피부톤 보정도 잘 되고 자연스러운 광이 좋습니다.,기능/효과,데일리로 사용하기 좋아요.,1,[속성] 기능/효과 [문장] 데일리로 사용하기 좋아요.,,기능/효과,unchanged
train,646973,쇼핑몰,메이크업/뷰티소품,OO 엉** 쿠션 14g 본품1개,OOO쿠션 맘에 듭니다. 예쁜 브러쉬 구성입니다. 쿠션도 발림성이 좋고 케이스가 예뻐서 소장가치가 있습니다. 추천합니다.,발림성,발림성이 좋고,1,[속성] 발림성 [문장] 발림성이 좋고,,발림성,unchanged
train,646983,쇼핑몰,메이크업/뷰티소품,OO 엉** 쿠션 14g 본품1개,다시 교환 받아 쓰고 있습니다. 늘 사용하는 쿠션이에요. 바뀐 가죽 케이스가 아주 마음에 들어요. 촉촉하고 기미와 점은 커버가 완벽하게 안 됩니다. 마무리는 파우더랑 같이 발라야 덜 끈적거립니다.,보습력/수분감,촉촉하고,1,[속성] 보습력/수분감 [문장] 촉촉하고,,보습력/수분감/쿨링감,merged_duplicate_label
train,646984,쇼핑몰,메이크업/뷰티소품,OO 엉** 쿠션 14g 본품1개,이 쿠션은 케이스도 예쁘고 커버력도 좋아서 수정 화장 할 때 만족하는 제품입니다. 주로 다른 제품으로 화장하고 수정용으로 들고 다니다가 최근에 바빠서 이걸로만 화장을 했는데 다른 제품 만큼은 아니지만 지속력이 꽤 오래갑니다. 다른 제품은 누런색이라 메이크업 베이스를 잘 발라야 피부색이 예쁜데 이 제품은 이것만 발라도 색이 예쁘네요. 바르고 나면 보송하고 건조하지 않아서 피부 표현이 잘 되는 제품인 것 같습니다. 데일리로 사용하기 좋습니다.,기능/효과,데일리로 사용하기 좋습니다.,1,[속성] 기능/효과 [문장] 데일리로 사용하기 좋습니다.,,기능/효과,unchanged
train,647003,쇼핑몰,메이크업/뷰티소품,OO 엉** 쿠션 14g 본품1개,타 브랜드 대비해서 색상이 밝은 편이라서 애용하고 있어요. 피부에 밀착력도 좋고 다크닝도 심하지 않아서 데일리로 사용하기 좋습니다. 두껍지 않고 라이트 하게 발려서 발림성도 좋고 마스크에도 묻어나지 않아 만족해요.,밀착력/접착력,밀착력도 좋고,1,[속성] 밀착력/접착력 [문장] 밀착력도 좋고,,밀착력/접착력,unchanged
train,647003,쇼핑몰,메이크업/뷰티소품,OO 엉** 쿠션 14g 본품1개,타 브랜드 대비해서 색상이 밝은 편이라서 애용하고 있어요. 피부에 밀착력도 좋고 다크닝도 심하지 않아서 데일리로 사용하기 좋습니다. 두껍지 않고 라이트 하게 발려서 발림성도 좋고 마스크에도 묻어나지 않아 만족해요.,기능/효과,데일리로 사용하기 좋습니다.,1,[속성] 기능/효과 [문장] 데일리로 사용하기 좋습니다.,,기능/효과,unchanged
train,647011,쇼핑몰,메이크업/뷰티소품,OO 엉** 쿠션 14g 본품1개,남들이 다 쿠션 쓰기에 저도 사 봤는데 이렇게 편한 거였군요. 바르자마자 촉촉하고 자연스럽게 커버해 줘서 너무 좋습니다. 추천해요.,보습력/수분감,촉촉하고,1,[속성] 보습력/수분감 [문장] 촉촉하고,,보습력/수분감/쿨링감,merged_duplicate_label
train,647104,쇼핑몰,메이크업/뷰티소품,OO 울** 파우더 6.2g 1개,유명한 이유가 있었습니다. 브러쉬는 따로 준비해야 합니다. 휴대하기엔 조금 불편합니다. 하지만 사용할 이유가 있는 제품입니다. 매일 사용하기 좋아요.,기능/효과,매일 사용하기 좋아요.,1,[속성] 기능/효과 [문장] 매일 사용하기 좋아요.,,기능/효과,unchanged
train,647154,쇼핑몰,메이크업/뷰티소품,OO 울** 파우더 6.2g 1개,여름에 더워서 끈적거리는게 싫어서 구매했습니다. 뽀송하니 유분기를 잡아줘서 좋습니다. 다만 커버력은 없습니다.,보습력/수분감,유분기를 잡아줘서 좋습니다.,1,[속성] 보습력/수분감 [문장] 유분기를 잡아줘서 좋습니다.,,보습력/수분감/쿨링감,merged_duplicate_label
train,647179,쇼핑몰,메이크업/뷰티소품,OO 울** 파우더 6.2g 1개,얼굴에 전체적으로 쓸어주면 마스크에 파데도 안 묻어나고 하루종일 부드럽게 보송해서 좋습니다.,흡수력,보송해서 좋습니다.,1,[속성] 흡수력 [문장] 보송해서 좋습니다.,,흡수력,unchanged
train,647204,쇼핑몰,메이크업/뷰티소품,OO 울** 파우더 6.2g 1개,색은 하얗고 유분기를 잡아줘서 좋습니다. 거울도 크고 케이스도 예쁘긴 하지만 퍼프를 따로 보관 해야 해서 불편합니다. 다른 제품을 쓰다가 바꾸었는데 이 제품으로 정착 하려고 하네요.,기능/효과,유분기를 잡아줘서 좋습니다.,1,[속성] 기능/효과 [문장] 유분기를 잡아줘서 좋습니다.,,기능/효과,unchanged
train,647224,쇼핑몰,메이크업/뷰티소품,OO 울** 파우더 6.2g 1개,"부드럽고 유분기도 잡아주고 보송해서 이거만 씁니다. 다른 제품은 이런 느낌이 안나네요. 다만 양이 적어서 금방 쓴다는 거네요. 가격도 좀 있지만, 이게 제일 좋습니다. 앞으로도 계속 사용하려고 합니다.",윤기/피부(톤),부드럽고,1,[속성] 윤기/피부(톤) [문장] 부드럽고,,윤기/피부(톤),unchanged
train,647224,쇼핑몰,메이크업/뷰티소품,OO 울** 파우더 6.2g 1개,"부드럽고 유분기도 잡아주고 보송해서 이거만 씁니다. 다른 제품은 이런 느낌이 안나네요. 다만 양이 적어서 금방 쓴다는 거네요. 가격도 좀 있지만, 이게 제일 좋습니다. 앞으로도 계속 사용하려고 합니다.",기능/효과,유분기도 잡아주고,1,[속성] 기능/효과 [문장] 유분기도 잡아주고,,기능/효과,unchanged
train,647226,쇼핑몰,메이크업/뷰티소품,OO 울** 파우더 6.2g 1개,"여름에는 몇 시간 지나면 기름지고 했는데, 지금은 하루종일 보송합니다. 마스크 쓰고 있으면 확실히 좀 지워지긴 하네요.",흡수력,보송합니다.,1,[속성] 흡수력 [문장] 보송합니다.,,흡수력,unchanged
train,647243,쇼핑몰,메이크업/뷰티소품,OO 울** 파우더 6.2g 1개,유분을 잘 잡아줘서 파우더는 무조건 OOO거로 쓰고 있습니다. 문제는 사은품 정보를 제대로 기재하지 않아서 그때 그때 다른 걸 보내주시네요. 사은품도 쓸만한 걸 주셔서 잘 쓰고 있습니다.,기능/효과,유분을 잘 잡아줘서,1,[속성] 기능/효과 [문장] 유분을 잘 잡아줘서,,기능/효과,unchanged
train,647356,쇼핑몰,메이크업/뷰티소품,OO 울** 파우더 6.2g 1개,파우더는 가볍고 뽀송해서 좋습니다. 하지만 퍼프가 없어서 사용하기 불편합니다. 퍼프 들어갈 자리도 없어요. 리필에 온 줄 알았어요.,흡수력,뽀송해서 좋습니다.,1,[속성] 흡수력 [문장] 뽀송해서 좋습니다.,,흡수력,unchanged
train,647675,쇼핑몰,메이크업/뷰티소품,OO 울** 파우더 6.2g 1개,사용하는 브랜드 OOO 파우더가 본사 장기 품절이라서 이 제품으로 구매하게 되었어요. 고운 입자가 바를 때마다 날림이 심해서 불편하네요. 가격도 비싸고 화장할 때 사용하기 불편하고 저랑은 잘 맞지 않는 것 같아 열흘 정도 사용했지만 미련없이 버렸어요.,가격,가격도 비싸고,-1,[속성] 가격 [문장] 가격도 비싸고,,가격,unchanged
train,647814,쇼핑몰,메이크업/뷰티소품,OO 울** 파우더 6.2g 1개,제형 입자가 곱고 보송해서 여름에 쓰기 적합한 거 같습니다. 메이크업 마지막에 브러쉬 이용해서 기름진 부위만 바르는데 피부가 화사하고 보송해서 좋습니다.,흡수력,보송해서 좋습니다.,1,[속성] 흡수력 [문장] 보송해서 좋습니다.,,흡수력,unchanged
train,647970,쇼핑몰,메이크업/뷰티소품,OO 울** 파우더 6.2g 1개,좋은 가격에 잘 구매했어요. 보송해져서 좋습니다. 받자마자 써봤는데 쿠션 나오기 전 화장 스타일 느낌이네요. 여름에 사용하기 좋을 것 같습니다.,가격,좋은 가격에 잘 구매했어요.,1,[속성] 가격 [문장] 좋은 가격에 잘 구매했어요.,,가격,unchanged
train,648083,쇼핑몰,메이크업/뷰티소품,OO 헤** UV 미스트 쿠션 15g 본품1개,늘 사용하던 제품이랑 다른 팩트로 갈아타도 다시 돌아왔습니다. 촉촉하고 발림성이 좋아서 커버가 잘 되고 피부가 화사해집니다. 다만 마스크에 잘 묻어납니다.,보습력/수분감,촉촉하고,1,[속성] 보습력/수분감 [문장] 촉촉하고,,보습력/수분감/쿨링감,merged_duplicate_label
train,648106,쇼핑몰,메이크업/뷰티소품,OO 헤** UV 미스트 쿠션 15g 본품1개,여름에 oo ooo 사용했는데 커버력과 밀착성 그리고 지속력은 좋은데 건성이라 조금 건조했어요. 이번에는 미스트 쿠션 구매했어요. 커버력이 부족하다고 해서 망설였는데 생각보다 가벼운 잡티는 커버가 됩니다. 진한 잡티는 컨실러 쓰니깐 괜찮습니다. 촉촉하고 윤기가 있고 마스크에도 잘 안 묻어납니다. 이정도면 만족해요.,보습력/수분감,촉촉하고,1,[속성] 보습력/수분감 [문장] 촉촉하고,,보습력/수분감/쿨링감,merged_duplicate_label
train,648116,쇼핑몰,메이크업/뷰티소품,OO 헤** UV 미스트 쿠션 15g 본품1개,매트하지 않아 요즘 같은 건조한 봄에 너무 좋습니다. 커버력도 좋고 촉촉하고 커버도 기대 이상이에요. 23호 색상도 자연스럽게 화사하게 표현 돼서 좋습니다. 좋은 가격에 잘 구입해서 기분이 참 좋네요. 많이 파세요.,보습력/수분감,촉촉하고,1,[속성] 보습력/수분감 [문장] 촉촉하고,,보습력/수분감/쿨링감,merged_duplicate_label
train,648248,쇼핑몰,메이크업/뷰티소품,OO 오** 커버 스틱 파운데이션 15g 1개,"스틱이라 바르는게 간편하고 밀착력도 좋고, 무엇보다도 커버력이 좋아서 잘사용하고 있어요. 휴대하기가 좋고 데일리용으로 딱 좋네요. 브러쉬가 추가구성으로 있으면 더욱 좋을 것 같아요. 유지력도 좋고 광도 많이 나요",밀착력/접착력,밀착력도 좋고,1,[속성] 밀착력/접착력 [문장] 밀착력도 좋고,,밀착력/접착력,unchanged
train,648287,쇼핑몰,메이크업/뷰티소품,OO 오** 커버쿠션 15g 본품1개+리필2개,브랜드 명성에 맞게 발림성도 좋고 부드럽고 자연스럽게 피부에 밀착이 되어서 좋네요. 색감도 잘 맞습니다. 케이스도 세련되어서 예쁩니다. 샘플 화장품도 용량이 넉넉하고 기초가 다 있어서 여행 갈 때 사용하면 좋을 것 같아 마음에 들어요. 포장도 꼼꼼하게 와서 좋습니다.,윤기/피부(톤),부드럽고,1,[속성] 윤기/피부(톤) [문장] 부드럽고,,윤기/피부(톤),unchanged
train,648297,쇼핑몰,메이크업/뷰티소품,OO 오** 커버쿠션 15g 본품1개+리필2개,제품구성 좋습니다. 디자인도 예쁘고 케이스가 고급집니다. 거기에 서비스 구성도 좋습니다. 가격도 저렴하고 품질은 더 좋습니다.,가격,가격도 저렴하고,1,[속성] 가격 [문장] 가격도 저렴하고,,가격,unchanged
train,648308,쇼핑몰,메이크업/뷰티소품,OO 오** 커버쿠션 15g 본품1개+리필2개,리뉴얼 되어서 구매해봤습니다. 케이스도 이쁘고 그리고 발림성과 발색도 좋습니다. 선물용으로 구매했습니다.,용기,케이스도 이쁘고,1,[속성] 용기 [문장] 케이스도 이쁘고,,용기,unchanged
train,648311,쇼핑몰,메이크업/뷰티소품,OO 오** 커버쿠션 15g 본품1개+리필2개,이것저것 찾아 OOO 처음으로 구매해 봤어요. 케이스도 이쁘고 광도 좋고 향도 좋고 화사해 보이네요.,용기,케이스도 이쁘고,1,[속성] 용기 [문장] 케이스도 이쁘고,,용기,unchanged
train,648311,쇼핑몰,메이크업/뷰티소품,OO 오** 커버쿠션 15g 본품1개+리필2개,이것저것 찾아 OOO 처음으로 구매해 봤어요. 케이스도 이쁘고 광도 좋고 향도 좋고 화사해 보이네요.,향,향도 좋고,1,[속성] 향 [문장] 향도 좋고,,향,unchanged
train,648312,쇼핑몰,메이크업/뷰티소품,OO 오** 커버쿠션 15g 본품1개+리필2개,처음 써 보는데 촉촉하고 적당히 커버되고 좋습니다. 케이스 너무 예쁩니다.,보습력/수분감,촉촉하고,1,[속성] 보습력/수분감 [문장] 촉촉하고,,보습력/수분감/쿨링감,merged_duplicate_label
train,648433,쇼핑몰,메이크업/뷰티소품,OO 에** 쿠션 리필 14g 1개,늘 쓰던 제품인데 저렴하게 구매했습니다. 발림성 좋고 커버력도 좋아요.,발림성,발림성 좋고,1,[속성] 발림성 [문장] 발림성 좋고,,발림성,unchanged
train,648490,쇼핑몰,메이크업/뷰티소품,OO 에** 쿠션 리필 14g 1개,쿠션 방황의 종착지 OOO쿠션이에요. 촉촉하고 들뜸 없이 발림성 최고입니다. 저렴하게 득템했습니다.,보습력/수분감,촉촉하고,1,[속성] 보습력/수분감 [문장] 촉촉하고,,보습력/수분감/쿨링감,merged_duplicate_label
train,648571,쇼핑몰,메이크업/뷰티소품,OO 에** 쿠션 리필 14g 1개,항상 애용하고 있는 제품이에요. 밀착력도 좋고 촉촉해서 겨울에도 사용하기 좋습니다. 색상도 피부에 자연스럽게 어울리고 향도 좋습니다.다 쓰고 또 구매하겠습니다.,밀착력/접착력,밀착력도 좋고,1,[속성] 밀착력/접착력 [문장] 밀착력도 좋고,,밀착력/접착력,unchanged
train,648587,쇼핑몰,메이크업/뷰티소품,OO 에** 쿠션 리필 14g 1개,촉촉하고 피부톤이 노란 분에게 어울릴 것 같은 색상입니다. 피부가 화사해지고 발림성이 좋네요.,보습력/수분감,촉촉하고,1,[속성] 보습력/수분감 [문장] 촉촉하고,,보습력/수분감/쿨링감,merged_duplicate_label
train,648657,쇼핑몰,메이크업/뷰티소품,OO 에** 쿠션 리필 14g 1개,커버력 좋고요. 촉촉하니 많이 안 두드려도 뜨지 않아서 좋은데 모공 커버력은 없네요.,보습력/수분감,촉촉하니,1,[속성] 보습력/수분감 [문장] 촉촉하니,,보습력/수분감/쿨링감,merged_duplicate_label
train,648676,쇼핑몰,메이크업/뷰티소품,OO 에** 쿠션 리필 14g 1개,유명한 제품이라 구매했는데 맘에 듭니다. 복합성인데 생각보다 마무리가 보송해서 좋았습니다. 밀착력도 좋고 지속력도 좋습니다.,밀착력/접착력,밀착력도 좋고,1,[속성] 밀착력/접착력 [문장] 밀착력도 좋고,,밀착력/접착력,unchanged
train,648761,쇼핑몰,메이크업/뷰티소품,OO 에** 쿠션 리필 14g 1개,"동생이랑 같이 쓰려고 2개 구입했어요. 발림성 좋고 묻어나지 않아 좋아요. 가볍게 누르는 듯이 바르면 흡수가 잘 되지만, 여러 번 두드리면 자국이 남는 듯하네요. 동생도 좋다고 기존에 쓰던 쿠션 넣어두고 열심히 사용하네요. 올 여름은 이 쿠션으로 기분 좋게 시작합니다.",발림성,발림성 좋고,1,[속성] 발림성 [문장] 발림성 좋고,,발림성,unchanged
train,648800,쇼핑몰,메이크업/뷰티소품,OO 에** 쿠션 리필 14g 1개,OOO 쿠션은 피부톤에 맞춰서 고를 수 있게 호수가 다양해요. 저에게는 미디엄 색상이 잘 맞아서 본품 구매 후 리필만 계속 구매해서 사용하고 있어요. 피부에 잘 먹고 촉촉하고 자연스럽게 유지됩니다.,보습력/수분감,촉촉하고,1,[속성] 보습력/수분감 [문장] 촉촉하고,,보습력/수분감/쿨링감,merged_duplicate_label
train,648977,쇼핑몰,메이크업/뷰티소품,OO 더** 스킨 크림 러블리 에디션 42g 1개,홈쇼핑에서 보고 궁금해서 샀어요. 부드럽게 잘 발리고 들뜨지 않고 자연스럽게 톤업이 되어 만족합니다.,발림성,부드럽게 잘 발리고,1,[속성] 발림성 [문장] 부드럽게 잘 발리고,,발림성,unchanged
train,649084,쇼핑몰,메이크업/뷰티소품,OO 에** 커버팩트 HL 14g 본품1개,다 쓰고 재구매했어요. 다른 제품 보다 촉촉하고 건성피부에 좋은 듯합니다. 이번에 나온 제품도 케이스가 예쁘네요.,보습력/수분감,촉촉하고,1,[속성] 보습력/수분감 [문장] 촉촉하고,,보습력/수분감/쿨링감,merged_duplicate_label
train,649135,쇼핑몰,메이크업/뷰티소품,OO 에** 커버팩트 HL 14g 본품1개,케이스가 엄청 예쁩니다. 다른 제품을 구매해봐도 결국 다시 구입하게 됩니다. 역시 이 제품이 최고입니다. 발림성도 좋고 밀착력도 좋고 피부톤 보정도 해주고 지속성과 촉촉함 모두 잡은 제품이네요.,밀착력/접착력,밀착력도 좋고,1,[속성] 밀착력/접착력 [문장] 밀착력도 좋고,,밀착력/접착력,unchanged
train,649343,쇼핑몰,메이크업/뷰티소품,OO 더** 팁 컨실러 6.5g 1개,장점은 발림성 좋고 향이 은은하다는 것 입니다. 단점은 굉장히 탁한 머드색이라서 피부톤이랑 어울리지 않네요.,발림성,발림성 좋고,1,[속성] 발림성 [문장] 발림성 좋고,,발림성,unchanged
train,649373,쇼핑몰,메이크업/뷰티소품,OO 더** 팁 컨실러 6.5g 1개,컨실러는 무조건 이것만 사용합니다. 착색되는 부분도 감쪽같이 커버가 가능하고 촉촉하고 가성비도 만족스러워요.,보습력/수분감,촉촉하고,1,[속성] 보습력/수분감 [문장] 촉촉하고,,보습력/수분감/쿨링감,merged_duplicate_label
train,649456,쇼핑몰,메이크업/뷰티소품,OO 더** 팁 컨실러 6.5g 1개,몇 년째 사용 중인데 이거 쓰다가 다른 거 못 씁니다. 가격도 착하고 발림성 좋고 커버 잘되고 만족합니다.,발림성,발림성 좋고,1,[속성] 발림성 [문장] 발림성 좋고,,발림성,unchanged
train,649603,쇼핑몰,메이크업/뷰티소품,OO 더** 팁 컨실러 6.5g 1개,리뷰가 좋기에 사 봤습니다. 가격대비 괜찮아요. 발림성 좋고 커버도 잘 됩니다. 그런데 파운데이션처럼 완벽한 커버용으로 쓰려고 했는데 그러기엔 무리가 있고 살짝 커버하는 데는 좋습니다.,발림성,발림성 좋고,1,[속성] 발림성 [문장] 발림성 좋고,,발림성,unchanged
train,649863,쇼핑몰,메이크업/뷰티소품,OO 더** 팁 컨실러 6.5g 1개,나이가 드니 컨실러가 필요한 것 같아 구매했는데 확실히 다크서클 커버랑 잡티 커버가 좋습니다. 입술 화장 마무리할 때도 깔끔하게 커버되고 발림성도 좋고 매우 만족해요. 촉촉하고 무거운 느낌은 없습니다. 잘 흡수시키면서 바르니 파운데이션과도 잘 어우러져 발라집니다.,보습력/수분감,촉촉하고,1,[속성] 보습력/수분감 [문장] 촉촉하고,,보습력/수분감/쿨링감,merged_duplicate_label
train,649893,쇼핑몰,메이크업/뷰티소품,OO 더** 팁 컨실러 6.5g 1개,매일 쓰는 거라 주문했습니다. 데일리로 사용하기 좋고 잡티 커버가 잘 돼요. BB크림 바르기 전에 컨실러로 커버하고 바르네요. 쿨톤이지만 잡티 커버하기에는 1.5호가 색이 괜찮네요. 저렴해서 좋고 손쉽게 쓸 수 있어서 편하게 사용해요.,기능/효과,데일리로 사용하기 좋고,1,[속성] 기능/효과 [문장] 데일리로 사용하기 좋고,,기능/효과,unchanged
train,649903,쇼핑몰,메이크업/뷰티소품,OO 더** 팁 컨실러 6.5g 1개,몇 년 째 계속 사용하고 있는 제품입니다. 커버력 좋고 촉촉하고 지속력도 괜찮아요. 그런데 이번에 구매한 제품은 지금 제조일을 확인해보니 2019년 3월로 유통기한을 넘겼네요. 개봉 전 3년 이내가 사용기한인데 이미 사용기한을 넘었네요. 판매중지 하시던지 판매글을 수정하셔야 될 거 같아요.,보습력/수분감,촉촉하고,1,[속성] 보습력/수분감 [문장] 촉촉하고,,보습력/수분감/쿨링감,merged_duplicate_label
train,650159,쇼핑몰,메이크업/뷰티소품,OO 더** 모공 프라이머 22ml 1개,다른 제품을 쓰다가 구매해 봤는데 돈이 아깝네요. 가격대비 용량이 적고 발림성도 별로예요. 유통기한도 짧네요.,가격,돈이 아깝네요.,-1,[속성] 가격 [문장] 돈이 아깝네요.,,가격,unchanged
train,651193,쇼핑몰,메이크업/뷰티소품,OO 어** 립글로우 3.5g 1개,빠른 배송이라 좋았어요. 저도 다 사용하면 재구매하며 사용하고 있습니다. 선물하기에도 너무 좋아요. 발림성 좋고 겨울철 입술을 촉촉하게 오랫동안 유지 할 수 있어서 항상 쓰고 있어요.,발림성,발림성 좋고,1,[속성] 발림성 [문장] 발림성 좋고,,발림성,unchanged
train,651208,쇼핑몰,메이크업/뷰티소품,OO 어** 립글로우 3.5g 1개,좋습니다. 역시 베스트셀러는 뭐가 달라도 다른 것 같습니다. 아주 대 만족이네요. 마스크 쓸때 쓱 바르면 촉촉하고 발색도 잘 되고 편히 쓰기에 좋습니다. 이 만한제품이 없는 것 같네요. 추천해요.,보습력/수분감,촉촉하고,1,[속성] 보습력/수분감 [문장] 촉촉하고,,보습력/수분감/쿨링감,merged_duplicate_label
train,651220,쇼핑몰,메이크업/뷰티소품,OO 어** 립글로우 3.5g 1개,"007, 008 늘 쟁여놓고 쓰는 것들입니다. 늘 입술이 건조하고 트는데 이 ㅇㅇ 립밤은 촉촉하니 발색 자연스럽게 이쁘고 마스크에도 잘 묻어나지 않고 정말 최고네요.",보습력/수분감,촉촉하니,1,[속성] 보습력/수분감 [문장] 촉촉하니,,보습력/수분감/쿨링감,merged_duplicate_label
train,651222,쇼핑몰,메이크업/뷰티소품,OO 어** 립글로우 3.5g 1개,"촉촉하고 부드럽게 잘 발라지고 바르고 나면 약간의 볼룸감도 있는 것 같아 만족해요. 다만 색상이 많지 않아서 아쉬움이 있지만, 다음에는 다른 컬러를 구매하려 합니다.",보습력/수분감,촉촉하고,1,[속성] 보습력/수분감 [문장] 촉촉하고,,보습력/수분감/쿨링감,merged_duplicate_label
train,651231,쇼핑몰,메이크업/뷰티소품,OO 어** 립글로우 3.5g 1개,친구한테 선물했는데 너무 마음에 들어하고 잘 쓴다고 하니 뿌듯합니다. 원래 쓰던 거라고 합니다. 저도 쓰려고 하나 샀습니다. 촉촉하고 약간 핑크빛도 돌아서 좋습니다.,보습력/수분감,촉촉하고,1,[속성] 보습력/수분감 [문장] 촉촉하고,,보습력/수분감/쿨링감,merged_duplicate_label
train,651250,쇼핑몰,메이크업/뷰티소품,OO 어** 립글로우 3.5g 1개,선물 하기에 이만큼 좋은 제품이 없는 것 같습니다. 부드럽게 잘 발리고 색도 예뻐요. 받는 사람도 좋아해서 만족스러워요. 다만 이번에도 선물용으로 여러 개 구입했는데 샘플이 없어서 아쉽네요. 그래도 좋습니다.,발림성,부드럽게 잘 발리고,1,[속성] 발림성 [문장] 부드럽게 잘 발리고,,발림성,unchanged
train,651296,쇼핑몰,메이크업/뷰티소품,OO 어** 립글로우 3.5g 1개,ㅇㅇ 립글로우 핑크는 정말 좋아하는 아이템이에요. 무색 립밤을 바르는 것보다는 핑크색 발색력이 있어서 좋고 촉촉하고 보습력도 괜찮아요. 요새 마스크를 쓰고 다녀야되니 립스틱보다는 ㅇㅇ 립스틱 핑크를 애용하고 잘 바르고 다니고 있어요.,보습력/수분감,촉촉하고,1,[속성] 보습력/수분감 [문장] 촉촉하고,,보습력/수분감/쿨링감,merged_duplicate_label
train,651303,쇼핑몰,메이크업/뷰티소품,OO 어** 립글로우 3.5g 1개,핑크색상만 쓰다가 이번에 코랄 구입해봤는데 색상이 은은하게 발색되는게 웜톤과 찰떡이네요. 촉촉하고 유지력도 좋습니다. 요즘 마스크때문에 립 화장을 잘 안하게 되는데 이거 하나 바르면 잘 묻어나지도 않고 최고인 것 같아요.,보습력/수분감,촉촉하고,1,[속성] 보습력/수분감 [문장] 촉촉하고,,보습력/수분감/쿨링감,merged_duplicate_label
train,651305,쇼핑몰,메이크업/뷰티소품,OO 어** 립글로우 3.5g 1개,기대 안했는데 요즘 같은 날씨에 매일 매일 손이 가요. 촉촉하고 색도 적당히 발색되어 넘 만족해요.,보습력/수분감,촉촉하고,1,[속성] 보습력/수분감 [문장] 촉촉하고,,보습력/수분감/쿨링감,merged_duplicate_label
train,651352,쇼핑몰,메이크업/뷰티소품,OO 어** 립글로우 3.5g 1개,주변에서 많이 사용하는 립밤이라 궁금해서 이번에 구매해 봤습니다. 원래 립을 잘 안 바르는 편인데 입술이 건조해서 립밤은 필요하더라고요. 사용할 때마다 촉촉하고 발림성도 좋고 보습이 오래가고 마음에 듭니다. 비싸긴 하지만 다 쓰고 나서 재구매 의사 있습니다.,보습력/수분감,촉촉하고,1,[속성] 보습력/수분감 [문장] 촉촉하고,,보습력/수분감/쿨링감,merged_duplicate_label
train,651378,쇼핑몰,메이크업/뷰티소품,OO 어** 립글로우 3.5g 1개,선물로 받아서 사용하기 시작했던 제품인데 지금까지 계속 사용하고 있어요. 보습력도 좋고 발색이 자연스러워 데일리로 사용하기 좋아요. 선물하기도 좋은 제품이라 추천해요.,기능/효과,데일리로 사용하기 좋아요.,1,[속성] 기능/효과 [문장] 데일리로 사용하기 좋아요.,,기능/효과,unchanged
train,651379,쇼핑몰,메이크업/뷰티소품,OO 어** 립글로우 3.5g 1개,"촉촉하고 자연스럽게 발색되어 항상 구매하는 제품이에요. 타 사이트보다 저렴하게 구매해서 좋았어요. 제품 및 배송 모두 마음에 들었으나, 포장주문이 되지 않았던 점이 아쉽더라구요.",보습력/수분감,촉촉하고,1,[속성] 보습력/수분감 [문장] 촉촉하고,,보습력/수분감/쿨링감,merged_duplicate_label
train,651381,쇼핑몰,메이크업/뷰티소품,OO 어** 립글로우 3.5g 1개,발림성 좋고 색상도 마음에 듭니다. 다른 거 쓰다가 사봤는데 디자인도 사랑스럽습니다. 죽어있는 입술에 생기가 돕니다. 제가 쓸려고 샀는데 아이가 더 사용을 많이 하더니 어느새 아이 꺼가 되어버렸습니다.,발림성,발림성 좋고,1,[속성] 발림성 [문장] 발림성 좋고,,발림성,unchanged
train,651425,쇼핑몰,메이크업/뷰티소품,OO 어** 립글로우 3.5g 1개,입술색도 없고 각질도 심해 샀어요. 발색이 잘 됩니다. 촉촉하고 향도 좋습니다.,보습력/수분감,촉촉하고,1,[속성] 보습력/수분감 [문장] 촉촉하고,,보습력/수분감/쿨링감,merged_duplicate_label
train,651431,쇼핑몰,메이크업/뷰티소품,OO 어** 립글로우 3.5g 1개,자연스러움을 좋아해서 화장을 거의 안 합니다. 과한 메이크업도 좋아하지 않고요. 그래서 이 제품이 촉촉하고 자연스럽게 발색되어서 좋아요. 처음에는 화한 느낌이 있었는데 지금은 화한 느낌이 없어요.,보습력/수분감,촉촉하고,1,[속성] 보습력/수분감 [문장] 촉촉하고,,보습력/수분감/쿨링감,merged_duplicate_label
train,651433,쇼핑몰,메이크업/뷰티소품,OO 어** 립글로우 3.5g 1개,아주 좋은 상품인 거 같아요. 발색이 예쁘고 고급스러워요. 화려하지 않고 적당히 발색되어 마음에 듭니다. 이거 다 쓰면 또 구입하고 싶네요. 만족합니다.,발색력,고급스러워요.,1,[속성] 발색력 [문장] 고급스러워요.,,발색력,unchanged
train,651457,쇼핑몰,메이크업/뷰티소품,OO 어** 립글로우 3.5g 1개,OOO색상 궁금해서 주문했는데 촉촉하고 색상도 자연스럽고 무엇보다 포장이 예쁘게 와서 선물 받은 기분입니다. 사은품으로 네가지 색상 키트랑 붓도 주셔서 행복합니다.,보습력/수분감,촉촉하고,1,[속성] 보습력/수분감 [문장] 촉촉하고,,보습력/수분감/쿨링감,merged_duplicate_label
train,651472,쇼핑몰,메이크업/뷰티소품,OO 어** 립글로우 3.5g 1개,발림성 좋고 색깔은 다홍색인데 시간이 좀 지나니 분홍색이 나옵니다. 만족해요.,발림성,발림성 좋고,1,[속성] 발림성 [문장] 발림성 좋고,,발림성,unchanged
train,651474,쇼핑몰,메이크업/뷰티소품,OO 어** 립글로우 3.5g 1개,색상 선택에 고민했는데 웜톤인 나에게 체리는 너무 딱 맞는 컬러예요. 대만족입니다. 아주 자연스러운 그야말로 앵두빛깔 입술로 표현됩니다. 여름에도 입술 각질 심한 편인데 촉촉하고 발림성도 좋아요. 자연스럽게 화사함을 원하시는 웜톤인 피부를 가진 40대분들께 체리컬러 추천해요.,보습력/수분감,촉촉하고,1,[속성] 보습력/수분감 [문장] 촉촉하고,,보습력/수분감/쿨링감,merged_duplicate_label
train,651485,쇼핑몰,메이크업/뷰티소품,OO 어** 립글로우 3.5g 1개,컬러가 너무 은은하고 예쁩니다. 웜톤이든 쿨톤이든 상관없이 다 어울릴 색감입니다.,색상,예쁩니다.,1,[속성] 색상 [문장] 예쁩니다.,,색상,unchanged
train,651491,쇼핑몰,메이크업/뷰티소품,OO 어** 립글로우 3.5g 1개,촉촉합니다. 주위에서 많이 쓰는 걸 보고 저도 샀는데 잘 쓰고 있습니다. 아침에 바르면 하루종일 촉촉함이 그대로입니다. 한 가지 아쉬운 점이라면 무색이 아니라서 입술 각질이 잘 보이는 건 어쩔 수 없는 것 같아요. 하지만 색상도 은은하니 예쁩니다.,색상,예쁩니다.,1,[속성] 색상 [문장] 예쁩니다.,,색상,unchanged
train,651523,쇼핑몰,메이크업/뷰티소품,OO 어** 립글로우 3.5g 1개,늘 립밤을 따로 가지고 다녔는데 이 제품 사용하면서 가장 좋은 점은 립밤 립스틱 겸용이라서 하나만 가지고 다니면 되니 편해요. 향이 강하지 않고 은은해서 좋아요. 보습력도 만족해요.,향,은은해서 좋아요.,1,[속성] 향 [문장] 은은해서 좋아요.,,향,unchanged
train,651601,쇼핑몰,메이크업/뷰티소품,OO 어** 립글로우 3.5g 1개,촉촉하고 부드럽게 발립니다. 색은 진하지 않습니다. 이쁘게 발색이 되고 하나만 발라도 적당히 이쁘게 발색이 되네요. 여러 제품 써보았지만 이 제품이 가장 발색이 이쁜 것 같습니다. 다른 제품은 입술 색이 별로 발색이 되지 않아서 다른 색 립스틱을 같이 발라주었는데 이 제품은 이것만 발라도 발색이 충분하네요.,보습력/수분감,촉촉하고,1,[속성] 보습력/수분감 [문장] 촉촉하고,,보습력/수분감/쿨링감,merged_duplicate_label
train,651656,쇼핑몰,메이크업/뷰티소품,OO 어** 립글로우 3.5g 1개,데일리로 사용하기에 정말 딱 좋습니다. 코랄색이지만 튀지 않는 코랄 빛에 자기 입술색이랑 믹스되면서 자연스럽게 발색되는 게 좋은 거 같습니다. 그래서 데일리로 사용하기 좋아요. 다른 색도 사고 싶어요.,기능/효과,데일리로 사용하기 좋아요.,1,[속성] 기능/효과 [문장] 데일리로 사용하기 좋아요.,,기능/효과,unchanged
train,651679,쇼핑몰,메이크업/뷰티소품,OO 어** 립글로우 3.5g 1개,OO의 스테디셀러 립글로우입니다. 잘 나가는 건 역시 다르네요. 데일리로 사용하기 좋고 맨얼굴에 발라도 자연스러운 발색입니다.,기능/효과,데일리로 사용하기 좋고,1,[속성] 기능/효과 [문장] 데일리로 사용하기 좋고,,기능/효과,unchanged
train,651760,쇼핑몰,메이크업/뷰티소품,OO 어** 립글로우 3.5g 1개,ㅇㅇㅇ 글로우는 유명하죠 세개 써봤는데 다 좋습니다. 코랄은 처음 구매했는데 촉촉하니 자연스럽게 생기 있어 보여요. 다음에는 다른 칼라도 써봐야겠어요. 단단한 제형은 아니라 빨리 써지기는 하네요.,보습력/수분감,촉촉하니,1,[속성] 보습력/수분감 [문장] 촉촉하니,,보습력/수분감/쿨링감,merged_duplicate_label
train,652084,쇼핑몰,메이크업/뷰티소품,OO 어** 립글로우 3.5g 1개,촉촉하고 발색도 예뻐서 좋습니다. 데일리로 편하게 바르기 좋아요. 여러가지 색상 나와서 다른 색상으로 몇 개 주문했어요. 색상이 다양하게 나와서 좋아요.,보습력/수분감,촉촉하고,1,[속성] 보습력/수분감 [문장] 촉촉하고,,보습력/수분감/쿨링감,merged_duplicate_label
train,652197,쇼핑몰,메이크업/뷰티소품,OO 아** 스틱 하이드란트 4g 1개,계속 쓰는 제품입니다. 향도 좋고 다른 제품 보다 촉촉하고 입술이 덜 틉니다. 저렴하게 구매할 수 있어서 좋습니다.,향,향도 좋고,1,[속성] 향 [문장] 향도 좋고,,향,unchanged
train,652300,쇼핑몰,메이크업/뷰티소품,OO 아** 스틱 하이드란트 4g 1개,몇 년 전부터 매일 이거 쓰는데 한번 쓰기 시작하면 다른 립밤은 못 쓸 듯해요. 가장 좋은 것은 끈적임이 적고 촉촉함이 오래가서 좋아요.,지속력/유지력,촉촉함이 오래가서 좋아요.,1,[속성] 지속력/유지력 [문장] 촉촉함이 오래가서 좋아요.,,지속력/유지력,unchanged
train,652342,쇼핑몰,메이크업/뷰티소품,OO 아** 스틱 하이드란트 4g 1개,항상 쓰는 제품인데 저렴하게 판매해서 구매하게 되었어요. 보습력 좋고 발림성 좋고 향도 선호하는 향이라 만족합니다.,발림성,발림성 좋고,1,[속성] 발림성 [문장] 발림성 좋고,,발림성,unchanged
train,652429,쇼핑몰,메이크업/뷰티소품,OO 아** 스틱 하이드란트 4g 1개,어떤 립밤을 살 지 고민하다가 이 제품 만나고 이것만 사용합니다. 촉촉하고 발림성도 좋고 향도 많이 없어서 진짜 좋아요. 오프라인 매장에서는 너무 비싸서 항상 인터넷 구매합니다.,보습력/수분감,촉촉하고,1,[속성] 보습력/수분감 [문장] 촉촉하고,,보습력/수분감/쿨링감,merged_duplicate_label
train,652487,쇼핑몰,메이크업/뷰티소품,OO 아** 스틱 하이드란트 4g 1개,"계속 이 제품만 사용하는데, 역시 향도 좋고 촉촉해서 아주 만족해요.",향,향도 좋고,1,[속성] 향 [문장] 향도 좋고,,향,unchanged
train,652543,쇼핑몰,메이크업/뷰티소품,OO 아** 스틱 하이드란트 4g 1개,향도 좋고 발림도 좋습니다. 사용감이 부드러운 편이라 빨리 사용하게 돼서 양은 좀 아쉬운 듯하네요.,향,향도 좋고,1,[속성] 향 [문장] 향도 좋고,,향,unchanged
train,652564,쇼핑몰,메이크업/뷰티소품,OO 아** 스틱 하이드란트 4g 1개,촉촉하고 그리고 각질도 없어져서 좋았습니다. 앞으로도 잘 사용하고 다닐 것 같습니다.,보습력/수분감,촉촉하고,1,[속성] 보습력/수분감 [문장] 촉촉하고,,보습력/수분감/쿨링감,merged_duplicate_label
train,652895,쇼핑몰,메이크업/뷰티소품,OO 아** 스틱 하이드란트 4g 1개,써온 립밤중 제일 좋은 제품입니다. 촉촉하고 끈적이지 않고 지속력도 좋습니다. 저렴하게 구매했습니다.,보습력/수분감,촉촉하고,1,[속성] 보습력/수분감 [문장] 촉촉하고,,보습력/수분감/쿨링감,merged_duplicate_label
train,652931,쇼핑몰,메이크업/뷰티소품,OO 아** 스틱 하이드란트 4g 1개,빠른 배송 좋았습니다. 여러 개 구매해서 주변에 나눠주고 2개 남았어요. 환절기만 되면 트러블이 잘 생기는 피부입니다. 입술이 건조해서 다양한 립밤을 사용해 봤는데 OOO가 제일 좋아요. 부드럽게 잘 발리고 끈적함도 없어요. 남녀 모두 편하게 사용하기 좋은 제품입니다. 재구매할게요.,발림성,부드럽게 잘 발리고,1,[속성] 발림성 [문장] 부드럽게 잘 발리고,,발림성,unchanged
train,652975,쇼핑몰,메이크업/뷰티소품,OO 아** 스틱 하이드란트 4g 1개,가격도 저렴하고 립밤 데일리로 계속 쓰기 좋습니다. 많이 사용해서 양 많은 걸로 구입해서 좋습니다. 다른 제품은 발라도 각질이 일어나는데 이 제품은 바르고 나니 각질이 안 일어나서 좋아요.,가격,가격도 저렴하고,1,[속성] 가격 [문장] 가격도 저렴하고,,가격,unchanged
train,653158,쇼핑몰,메이크업/뷰티소품,OO 파** 립스틱 3g 1개,OOO 파우더 립스틱 향도 좋고 발림성도 너무 좋습니다. 발색도 예뻐서 동생거랑 같이 구매했어요. 색상별로 가지고 싶네요.,향,향도 좋고,1,[속성] 향 [문장] 향도 좋고,,향,unchanged
train,653274,쇼핑몰,메이크업/뷰티소품,OO 파** 립스틱 3g 1개,좋은 가격에 잘 구매했어요. 예쁘게 발색됩니다. 저렴하게 잘 샀습니다. 색도 예쁘고 좋습니다. 발림성도 좋아요.,가격,좋은 가격에 잘 구매했어요.,1,[속성] 가격 [문장] 좋은 가격에 잘 구매했어요.,,가격,unchanged
train,653433,쇼핑몰,메이크업/뷰티소품,OO 파** 립스틱 3g 1개,주문하고 다음날 바로 발송되었습니다. ㅇㅇ은 배송도 빠르고 더 안심이 되는 것 같습니다. ㅇㅇㅇ 립스틱은 유명해서 기대했는데 기대한 만큼 색상이 예뻐서 만족합니다. 데일리로 사용하기 좋습니다.,기능/효과,데일리로 사용하기 좋습니다.,1,[속성] 기능/효과 [문장] 데일리로 사용하기 좋습니다.,,기능/효과,unchanged
train,653468,쇼핑몰,메이크업/뷰티소품,OO 파** 립스틱 3g 1개,가을에 잘 어울리는 색인 것 같아요. ㅇㅇ 같이 구입했습니다. 색상이 저랑 잘 안 맞는 것 같아요. 여름에 사용하기에는 적합한 색은 아닌 것 같습니다. 차분한 가을에 어울리는 색으로 맞는 것 같습니다. 달달한 향이 나는 점도 아쉽습니다. 또 아쉬운 점이 잘 지워집니다.,지속력/유지력,잘 지워집니다,-1,[속성] 지속력/유지력 [문장] 잘 지워집니다,,지속력/유지력,unchanged
train,653602,쇼핑몰,메이크업/뷰티소품,OO 파** 립스틱 3g 1개,좋은 가격에 잘 구매했어요. 기존 칠리 색상 사용하던걸 다 써서 디보티드 칠리 색상으로 구매했는데 제형의 질감이 부드럽고 발림이 엄청 가볍게 잘 발려요. 단점은 칠리 본연의 컬러보단 발색이 연합니다. 제형의 질감은 이게 확실히 가볍지만 만약 다시 구매한다면 칠리로 구매할 거예요.,가격,좋은 가격에 잘 구매했어요.,1,[속성] 가격 [문장] 좋은 가격에 잘 구매했어요.,,가격,unchanged
train,653702,쇼핑몰,메이크업/뷰티소품,OO 파** 립스틱 3g 1개,립스틱은 처음 구매해 봤는데 잘 발리네요. 그리고 색이 정말 다양하고 예쁩니다. 파우더 같이 매트한데 잘 발려요. 촉촉하지 않지만 발색이 오래갑니다. 그리고 정말 색이 예쁩니다. 다른 색들도 다 사고 싶어서 추가 구매할 예정입니다.,색상,예쁩니다.,1,[속성] 색상 [문장] 예쁩니다.,,색상,unchanged
train,653702,쇼핑몰,메이크업/뷰티소품,OO 파** 립스틱 3g 1개,립스틱은 처음 구매해 봤는데 잘 발리네요. 그리고 색이 정말 다양하고 예쁩니다. 파우더 같이 매트한데 잘 발려요. 촉촉하지 않지만 발색이 오래갑니다. 그리고 정말 색이 예쁩니다. 다른 색들도 다 사고 싶어서 추가 구매할 예정입니다.,발색력,발색이 오래갑니다.,1,[속성] 발색력 [문장] 발색이 오래갑니다.,,발색력,unchanged
train,653756,쇼핑몰,메이크업/뷰티소품,OO 파** 립스틱 3g 1개,좋은 가격에 잘 구매했어요. 늘 쓰던 브랜드 색상으로 백화점보다 확실히 저렴하니 자주 이용하게 됩니다. 색상은 데일리로 사용하기 좋을 것 같습니다. 개인적으로 자주 사용하는 브랜드인데 가격 대비 발림이나 유지 시간은 만족스럽네요.,가격,좋은 가격에 잘 구매했어요.,1,[속성] 가격 [문장] 좋은 가격에 잘 구매했어요.,,가격,unchanged
train,653761,쇼핑몰,메이크업/뷰티소품,OO 파** 립스틱 3g 1개,좋은 가격에 잘 구매했어요. 색상이 가을 겨울에 예쁘게 더 잘 어울립니다.,가격,좋은 가격에 잘 구매했어요.,1,[속성] 가격 [문장] 좋은 가격에 잘 구매했어요.,,가격,unchanged
train,653770,쇼핑몰,메이크업/뷰티소품,OO 파** 립스틱 3g 1개,좋은 가격에 잘 구매했어요. 친구 선물로 구매했는데 리무버도 줘서 구성이 좋네요.,가격,좋은 가격에 잘 구매했어요.,1,[속성] 가격 [문장] 좋은 가격에 잘 구매했어요.,,가격,unchanged
train,653791,쇼핑몰,메이크업/뷰티소품,OO 파** 립스틱 3g 1개,좋은 가격에 잘 구매했어요. 선물용인데 데일리로 쓰기 좋은 색상이네요. 받은 지인도 엄청 좋아합니다. 가격 대비 ooo 립스틱은 선물하기 부담스러운 가격대가 아니라 좋네요. 배송도 꽤 빠른 편이고 다음에 또 다른 색상 주문해야겠습니다.,가격,좋은 가격에 잘 구매했어요.,1,[속성] 가격 [문장] 좋은 가격에 잘 구매했어요.,,가격,unchanged
train,653924,쇼핑몰,메이크업/뷰티소품,OO 파** 립스틱 3g 1개,좋은 가격에 잘 구매했어요. 할인가격으로 저렴하게 구매해서 좋고 색감도 무난한 듯하면서 세련된 느낌이 있네요.,가격,좋은 가격에 잘 구매했어요.,1,[속성] 가격 [문장] 좋은 가격에 잘 구매했어요.,,가격,unchanged
train,653930,쇼핑몰,메이크업/뷰티소품,OO 파** 립스틱 3g 1개,"개인의 입술 색이 달라서 화면과는 다른 듯한 색이 발색되지만, 발림성이 좋고 지속력도 좋습니다. 제가 찍은 사진을 보니 실물 색보다 밝게 나옵니다.",발림성,발림성이 좋고,1,[속성] 발림성 [문장] 발림성이 좋고,,발림성,unchanged
train,653933,쇼핑몰,메이크업/뷰티소품,OO 파** 립스틱 3g 1개,좋은 가격에 잘 구매했어요. OOO 립스틱 너무 좋은데 이번 것은 발림성이 더 좋은 거 같습니다. 단지 색상 선택에 실수해서 별 하나 뺐습니다.,가격,좋은 가격에 잘 구매했어요.,1,[속성] 가격 [문장] 좋은 가격에 잘 구매했어요.,,가격,unchanged
train,288109,쇼핑몰,메이크업/뷰티소품,OO 인** 커버 왕쿠션+비비크림 대박세트,잘받았어요배송빠르네요 일단 1일써봤는데 바르고 시간이 지나도 갈라지진 않고 촉촉하고 얼굴이 화사해보이네요 하지만 완벽한 커버를위하선 같이 들어있는 비비와 같이 사용하시길 권장해요 그리고 거울이 커서 시원시원하니 좋아요,보습력/수분감,촉촉하고,1,[속성] 보습력/수분감 [문장] 촉촉하고,,보습력/수분감/쿨링감,merged_duplicate_label
train,288110,쇼핑몰,메이크업/뷰티소품,OO 인** 커버 왕쿠션+비비크림 대박세트,완전 큰 사이즈에 먼저 놀랐어요~~ 추가로 퍼프도 2개 더 있어 넘 좋고요~~~ 그 전엔 OOO팩트 사용했었는데 딸이 홈쇼핑보고 OOO를 써 보고 싶다해서 주문했어요. 거울도 크고 촉촉하고 색상이 화사해서 대만족입니다^^,보습력/수분감,촉촉하고,1,[속성] 보습력/수분감 [문장] 촉촉하고,,보습력/수분감/쿨링감,merged_duplicate_label
train,288112,쇼핑몰,메이크업/뷰티소품,OO 인** 커버 왕쿠션+비비크림 대박세트,사이즈가커서 두번에 얼굴커버다되고 차가워서 피부진정되는것같고 촉촉하니 아주 이쁘게 광납니다..홈쇼핑서 나오는 쿠션들 대부분써봤는데..그중 OOO가 단연최고네요..재구매 200%입니다 완전강추해요..참 23호 써보니 전혀 어둡지않고 오히려 세련된 피부색이 연출됩니다..★,보습력/수분감,촉촉하니,1,[속성] 보습력/수분감 [문장] 촉촉하니,,보습력/수분감/쿨링감,merged_duplicate_label
train,288118,쇼핑몰,메이크업/뷰티소품,OO 인** 커버 왕쿠션+비비크림 대박세트,그동안 쑈호스트님들 말믿고 이것저것 구매해서 쳐박아둔 쿠션들 엄청많은데 본품을 무료체험으로 써볼수있다는말에 얼마나 제품에 자신이있으면 저런 조건을 내놓나싶어 속는셈치고 주문했는데 OOO왕구션 완전 짱!!! 오늘 왕쿠션바르고 나갔는데 오늘 더 이뻐진거같다는말 많이들었어요 몆번 두드리지않아도 간편하게 화장끝~~~ 화장도 잘먹고 촉촉한데 끈적거리지않는 광채,밀착력/접착력,화장도 잘먹고,1,[속성] 밀착력/접착력 [문장] 화장도 잘먹고,,밀착력/접착력,unchanged
train,288128,쇼핑몰,메이크업/뷰티소품,OO 인** 커버 왕쿠션+비비크림 대박세트,이름값하는 인생커버쿠션이네요 수분감이 많아 촉촉하고 오랜시간이지났어도 촉촉함이 남아있어 건조하지않아 좋아요,보습력/수분감,촉촉하고,1,[속성] 보습력/수분감 [문장] 촉촉하고,,보습력/수분감/쿨링감,merged_duplicate_label
train,288139,쇼핑몰,메이크업/뷰티소품,OO 인** 커버 왕쿠션+비비크림 대박세트,OOO 왕쿠션 ~일단 양도많고 거울도 큼지막해서 좋아요. 배송온 후에 발라봤는데 촉촉하고 발림성 좋고 색도 자연스러워요. 커버력은 일반쿠션과 큰 차이 모르겠어요. 다만 가성비갑이네요. 재구매의사 일인입니당~^^,보습력/수분감,촉촉하고,1,[속성] 보습력/수분감 [문장] 촉촉하고,,보습력/수분감/쿨링감,merged_duplicate_label
train,288139,쇼핑몰,메이크업/뷰티소품,OO 인** 커버 왕쿠션+비비크림 대박세트,OOO 왕쿠션 ~일단 양도많고 거울도 큼지막해서 좋아요. 배송온 후에 발라봤는데 촉촉하고 발림성 좋고 색도 자연스러워요. 커버력은 일반쿠션과 큰 차이 모르겠어요. 다만 가성비갑이네요. 재구매의사 일인입니당~^^,발림성,발림성 좋고,1,[속성] 발림성 [문장] 발림성 좋고,,발림성,unchanged
train,288140,쇼핑몰,메이크업/뷰티소품,OO 인** 커버 왕쿠션+비비크림 대박세트,빠른배송 좋네요 받고 일단 쿠션 크기에 깜짝놀랬네요 촉촉하고 발림성도 좋네요,보습력/수분감,촉촉하고,1,[속성] 보습력/수분감 [문장] 촉촉하고,,보습력/수분감/쿨링감,merged_duplicate_label
train,288147,쇼핑몰,메이크업/뷰티소품,OO 인** 커버 왕쿠션+비비크림 대박세트,홈쇼핑팩트는 항상실패했는데..한번테스트했는데..촉촉하고 커버력은좋은나 넘두꺼워보여서 ..양조절해서 다시써봐야겠어요,보습력/수분감,촉촉하고,1,[속성] 보습력/수분감 [문장] 촉촉하고,,보습력/수분감/쿨링감,merged_duplicate_label
train,288152,쇼핑몰,메이크업/뷰티소품,OO 인** 커버 왕쿠션+비비크림 대박세트,좋아요 촉촉하고 커버잘되용 어머니 선물로드렸는데 너무좋아하시네요 ~ 어머니가 커버가너무잘되서좋다네용~~~~~~~~~!!! 재구매각입니다.,보습력/수분감,촉촉하고,1,[속성] 보습력/수분감 [문장] 촉촉하고,,보습력/수분감/쿨링감,merged_duplicate_label
train,288157,쇼핑몰,메이크업/뷰티소품,OO 인** 커버 왕쿠션+비비크림 대박세트,좋아요 케이스도 이쁘고 거울도 커서 좋은것 같아요 향도좋아요.친구랑나눠써야겠네요 .,용기,케이스도 이쁘고,1,[속성] 용기 [문장] 케이스도 이쁘고,,용기,unchanged
train,288169,쇼핑몰,메이크업/뷰티소품,OO 인** 커버 왕쿠션+비비크림 대박세트,21호만 쓰다가 처음으로 23호 샀는데 색이 어둡지도 않고 딱 제 피부에 잘맞습니다. 촉촉하고 커버도 잘되고 아주 좋습니다.,보습력/수분감,촉촉하고,1,[속성] 보습력/수분감 [문장] 촉촉하고,,보습력/수분감/쿨링감,merged_duplicate_label
train,288191,쇼핑몰,메이크업/뷰티소품,OO 인** 커버 왕쿠션+비비크림 대박세트,처음 발라봤을때 정말 깜놀했어요 나름 쿠션 유목민인데 ㅎㅎㅎ 촉촉하고 커버 잘되지만 두껍게 안 발리고 유지력도 정말 좋아요 지성 피부라 잘 지워지는데도 말이죠 21호색이 어떤건 너무 허옇게 뜨는데 이건 화사해요 제가 21호색이 애매한 피부톤인데 화사합니다 ! 퍼프 큰거봐요 ~~~ 잘 쓸게요,보습력/수분감,촉촉하고,1,[속성] 보습력/수분감 [문장] 촉촉하고,,보습력/수분감/쿨링감,merged_duplicate_label
train,288199,쇼핑몰,메이크업/뷰티소품,OO 인** 커버 왕쿠션+비비크림 대박세트,건조한 피부가 촉촉하고 윤기있게 보여지고 주름괴 잡티가 커버가 되는거 같 아 아주 만족합니다^^ 주변 친구들이 피부가 좋아좋다고해서 기분이 좋네요~,보습력/수분감,촉촉하고,1,[속성] 보습력/수분감 [문장] 촉촉하고,,보습력/수분감/쿨링감,merged_duplicate_label
train,288214,쇼핑몰,메이크업/뷰티소품,OO 인** 커버 왕쿠션+비비크림 대박세트,방송할때마다 고민하다가 놓쳣는데 방송끝나고 결심해서 주문했어요~ 첨에 살짝 시멘트 색깔이 비쳤는데 조금 지나니까 내피부색에 맞게 촉촉하게 광도 많이 나요~^^ 일부 모공에 끼인다는 얘기도있었지만 일부파데처럼 흡수가 잘돼 끼임은 없구요 미네랄 성분이 풍부해서 하루종일촉촉하고 대왕퍼프때문에 몇번안찍어발라두 되용 ^^ OOO로 바꾸고나서 피부 엄청좋다는 얘기많이 들었답니당^^*,보습력/수분감,촉촉하고,1,[속성] 보습력/수분감 [문장] 촉촉하고,,보습력/수분감/쿨링감,merged_duplicate_label
train,288225,쇼핑몰,메이크업/뷰티소품,OO 인** 커버 왕쿠션+비비크림 대박세트,"포장이 꼼꼼히 되어있어 넘 좋아었요~ 번들거리지 않아서 좋고, 촉촉하고 화사해 보여요~~~ 인생템 구성품 bb 엄지척 ~ 또 재구매할게요 ^^",보습력/수분감,촉촉하고,1,[속성] 보습력/수분감 [문장] 촉촉하고,,보습력/수분감/쿨링감,merged_duplicate_label
train,288230,쇼핑몰,메이크업/뷰티소품,OO 인** 커버 왕쿠션+비비크림 대박세트,쿠션이 왕쿠션이라서 그런지 3~4번정도 꾹꾹꾹 편하게 굿굿 쿠션케이스도 예쁘고 거울도 크고 얼굴도 아주 잘 보이고 쓰기 좋은것 같아요 화장도 잘먹고 번들거림도 없어 좋네요,밀착력/접착력,화장도 잘먹고,1,[속성] 밀착력/접착력 [문장] 화장도 잘먹고,,밀착력/접착력,unchanged
train,288259,쇼핑몰,메이크업/뷰티소품,OO 인** 커버 왕쿠션+비비크림 대박세트,OOO쿠션? 이거 뭐죠~ 쿠션이 이렇게 커버 잘 되기 있나요?? 모공이 넓고 붉은 흉터가 많아 커버력이 떨어지는 쿠션류는 늘 기피대상이었는데 OOO쿠션 써보곤 쿠션 자체에 대한 인식이 달라졌네요 게다가 촉촉하고 색상명처럼 화사한 피부가 됩니다 만족 대 만족 입니다,보습력/수분감,촉촉하고,1,[속성] 보습력/수분감 [문장] 촉촉하고,,보습력/수분감/쿨링감,merged_duplicate_label
train,654100,쇼핑몰,메이크업/뷰티소품,OO 파** 립스틱 3g 1개,아직 써보진 않았지만 색이 이뻐서 구매했습니다. 집에 있는 색감이 다 비슷한데 그 중에서 oo이 제일 예쁩니다. 빨리 마스크 벗고 풀립 바르고 다니고 싶습니다. 발림성이 좋고 색감 표현 잘 됩니다. 이 제품은 인기가 있어서 색상 있을 때 빨리 구매 하시길 바랍니다. 쿠폰 써서 저렴하게 샀어요.,발림성,발림성이 좋고,1,[속성] 발림성 [문장] 발림성이 좋고,,발림성,unchanged
train,654103,쇼핑몰,메이크업/뷰티소품,OO 파** 립스틱 3g 1개,좋은 가격에 잘 구매했어요. 제가 쿨톤이라 선택한 색상입니다. 발림성과 지속력이 좋은데 립스틱 이름처럼 촉촉한 느낌은 없습니다.,가격,좋은 가격에 잘 구매했어요.,1,[속성] 가격 [문장] 좋은 가격에 잘 구매했어요.,,가격,unchanged
train,654338,쇼핑몰,메이크업/뷰티소품,OO 바** 립 테라피 스틱 4.8g 1개,촉촉하고 입술 영양에 도움이 됩니다. 다른 거랑 함께 구입하면 배송비 절약됩니다. 가격도 더 저렴하게 살 수 있어요,보습력/수분감,촉촉하고,1,[속성] 보습력/수분감 [문장] 촉촉하고,,보습력/수분감/쿨링감,merged_duplicate_label
train,654374,쇼핑몰,메이크업/뷰티소품,OO 바** 립 테라피 스틱 4.8g 1개,"향은 취향이지만, 향도 좋고 촉촉함이 오래 유지돼서 잘 때 발라도 좋습니다.",향,향도 좋고,1,[속성] 향 [문장] 향도 좋고,,향,unchanged
train,654384,쇼핑몰,메이크업/뷰티소품,OO 바** 립 테라피 스틱 4.8g 1개,일단 oo 제품이라 믿습니다. 가격도 좋고 발림성도 좋고 제형이 묵직하지 않아서 여름에 입술 각질 있는 사람은 데일리로 사용하기 좋습니다. 또 뚜껑이 길어서 열고 닫을 때 편합니다. 뚜껑 작은 것은 없어지기 쉽잖아요. 여러 개 구매했다가 겨울에도 사용하겠습니다.,기능/효과,데일리로 사용하기 좋습니다.,1,[속성] 기능/효과 [문장] 데일리로 사용하기 좋습니다.,,기능/효과,unchanged
train,654392,쇼핑몰,메이크업/뷰티소품,OO 바** 립 테라피 스틱 4.8g 1개,가볍고 부드럽게 발립니다. 향이 많이 오래갑니다. 적극 추천합니다. 데일리로 사용하기 좋습니다.. 촉촉해서 입술이 안 터요.,기능/효과,데일리로 사용하기 좋습니다.,1,[속성] 기능/효과 [문장] 데일리로 사용하기 좋습니다.,,기능/효과,unchanged
train,654405,쇼핑몰,메이크업/뷰티소품,OO 바** 립 테라피 스틱 4.8g 1개,ㅇㅇㅇ 사용하다 가격이 저렴해서 바꿔봤습니다. 보습력이 훨씬 좋습니다.부드럽고 촉촉합니다.,윤기/피부(톤),부드럽고,1,[속성] 윤기/피부(톤) [문장] 부드럽고,,윤기/피부(톤),unchanged
train,654482,쇼핑몰,메이크업/뷰티소품,OO 바** 립 테라피 스틱 4.8g 1개,좋다고 해서 구매해 봤는데 보습력이 전혀 없어요. 순하고 향은 괜찮은데 바르고 나서 촉촉해지는 느낌이 없어요. 추천하지 않습니다.,자극성,순하고,1,[속성] 자극성 [문장] 순하고,,자극성,unchanged
train,654521,쇼핑몰,메이크업/뷰티소품,OO 바** 립 테라피 스틱 4.8g 1개,OOO 바디로션이 좋아서 이것도 좋을 거라고 믿고 구입했는데 별로에요. 바르는 순간에는 촉촉한데 촉촉함이 유지되지 않아요. 보습이 안되어서 입술이 금방 틉니다. 그냥 OO 바르고 있어요.,지속력/유지력,촉촉함이 유지되지 않아요.,-1,[속성] 지속력/유지력 [문장] 촉촉함이 유지되지 않아요.,,지속력/유지력,unchanged
train,654561,쇼핑몰,메이크업/뷰티소품,OO 바** 립 테라피 스틱 4.8g 1개,착한 가격에 행사하길래 구입했습니다. 데일리로 사용하기 좋습니다. 발림성 좋고 입술색도 은근히 예쁘게 됩니다. 추가 구매 의사 있습니다.,기능/효과,데일리로 사용하기 좋습니다.,1,[속성] 기능/효과 [문장] 데일리로 사용하기 좋습니다.,,기능/효과,unchanged
train,654561,쇼핑몰,메이크업/뷰티소품,OO 바** 립 테라피 스틱 4.8g 1개,착한 가격에 행사하길래 구입했습니다. 데일리로 사용하기 좋습니다. 발림성 좋고 입술색도 은근히 예쁘게 됩니다. 추가 구매 의사 있습니다.,발림성,발림성 좋고,1,[속성] 발림성 [문장] 발림성 좋고,,발림성,unchanged
train,654645,쇼핑몰,메이크업/뷰티소품,OO 바** 립 테라피 스틱 4.8g 1개,스틱이라 사용하기 편해요. 발림성도 좋습니다. 스틱제품 중에는 뚜껑만 작게 분리돼서 잃어버리거나 떨어뜨리기 쉬운데 이 제품은 뚜껑이 크게 분리돼서 잃어버릴 염려가 없습니다. OOO은 보습으로 좋아서 품질은 말할 것도 없이 좋습니다. 가격도 저렴하고 가성비도 좋습니다. 겨울에 데일리로 쓰기에 좋은 제품입니다.,가격,가격도 저렴하고,1,[속성] 가격 [문장] 가격도 저렴하고,,가격,unchanged
train,654672,쇼핑몰,메이크업/뷰티소품,OO 바** 립 테라피 스틱 4.8g 1개,촉촉하고 향이 좋아요. 호불호 없이 대부분이 좋아하실 향입니다. 발림성은 좋습니다. 부드럽게 잘 발려요. 양도 한철 쓰기에 넉넉해요. 저렴하면서도 다른 제품에 뒤지지 않을 정도로 품질이 좋다고 생각합니다. 추천합니다.,보습력/수분감,촉촉하고,1,[속성] 보습력/수분감 [문장] 촉촉하고,,보습력/수분감/쿨링감,merged_duplicate_label
train,654721,쇼핑몰,메이크업/뷰티소품,OO 바** 립 테라피 스틱 4.8g 1개,보습력이 좋아요 보습유지가 오래 지속되서 좋아요. 코코아 향은 개인적으로 별로네요. 기본이나 체리 향이 더 나은거 같아요. 다른 제품들에 비해 가격도 저렴하고 만족해요.,가격,가격도 저렴하고,1,[속성] 가격 [문장] 가격도 저렴하고,,가격,unchanged
train,654725,쇼핑몰,메이크업/뷰티소품,OO 바** 립 테라피 스틱 4.8g 1개,여러 개 구입해서 잘 쓰고 있어요. 발랐을 때 촉촉하고 보습력이 오래 유지되어서 좋아요. 타사 제품 중에는 바른 후에 건조한 제품들이 있는데 이 제품은 촉촉해서 자주 쓰고 있습니다.,보습력/수분감,촉촉하고,1,[속성] 보습력/수분감 [문장] 촉촉하고,,보습력/수분감/쿨링감,merged_duplicate_label
train,654863,쇼핑몰,메이크업/뷰티소품,OO 바** 립 테라피 스틱 4.8g 1개,편하게 사용하기 좋습니다. 촉촉하고 흡수력이 좋아 지속력이 좋아서 샤워 후에 저녁에 바르고 자면 아침에 일어나서도 입술이 촉촉하네요. 스틱형이라 편하고 제형이 물렁거리지 않고 적당히 단단해서 보관하기 편합니다.,보습력/수분감,촉촉하고,1,[속성] 보습력/수분감 [문장] 촉촉하고,,보습력/수분감/쿨링감,merged_duplicate_label
train,654944,쇼핑몰,메이크업/뷰티소품,OO 바** 립 테라피 스틱 4.8g 1개,저렴한 가격에 잘 구매했어요. 택배비는 다른 비싼 립밤도 다 붙으니 괜찮아요. 한 해 쓰기에 적당한데 내년까지 알뜰히 바르면 될 것 같아요. 촉촉하고 부드럽게 발려서 만족합니다.,보습력/수분감,촉촉하고,1,[속성] 보습력/수분감 [문장] 촉촉하고,,보습력/수분감/쿨링감,merged_duplicate_label
train,655214,쇼핑몰,메이크업/뷰티소품,OO 바** 립 에센스 10ml 1개,"오래 전부터 계속 쓰던 제품이라 특별한 설명이 필요하지 않아요. 다른 립제품들은 바르면 오히려 더 건조해지는 느낌이 있는데, OOO은 긴 시간 촉촉하고 무향이라 편합니다. 가격만 착하면 좋을 듯합니다.",보습력/수분감,촉촉하고,1,[속성] 보습력/수분감 [문장] 촉촉하고,,보습력/수분감/쿨링감,merged_duplicate_label
train,655274,쇼핑몰,메이크업/뷰티소품,OO 바** 립 에센스 10ml 1개,가격도 저렴하고 잔뜩 발라서 입술 보호 효과에도 정말 좋네요.,가격,가격도 저렴하고,1,[속성] 가격 [문장] 가격도 저렴하고,,가격,unchanged
train,655448,쇼핑몰,메이크업/뷰티소품,OO 바** 립 에센스 10ml 1개,가족들이 겨울에 입술이 잘 트는 편이라 한꺼번에 구매했어요. 촉촉함이 오래가지는 않지만 그 순간 만큼은 되게 촉촉한 느낌입니다.,지속력/유지력,촉촉함이 오래가지는 않지만,-1,[속성] 지속력/유지력 [문장] 촉촉함이 오래가지는 않지만,,지속력/유지력,unchanged
train,655928,쇼핑몰,메이크업/뷰티소품,OO 바** 립 에센스 10ml 1개,손으로 찍어 바르는 제품으로 쓰다가 스틱이 있길래 구매했어요. 손에 묻히지 않고 바를 수 있어서 좋아요. 가격도 저렴하고 향도 좋고 역시 OOO 촉촉하네요.,가격,가격도 저렴하고,1,[속성] 가격 [문장] 가격도 저렴하고,,가격,unchanged
train,655928,쇼핑몰,메이크업/뷰티소품,OO 바** 립 에센스 10ml 1개,손으로 찍어 바르는 제품으로 쓰다가 스틱이 있길래 구매했어요. 손에 묻히지 않고 바를 수 있어서 좋아요. 가격도 저렴하고 향도 좋고 역시 OOO 촉촉하네요.,향,향도 좋고,1,[속성] 향 [문장] 향도 좋고,,향,unchanged
train,655944,쇼핑몰,메이크업/뷰티소품,OO 바** 립 에센스 10ml 1개,촉촉하고 건조한 겨울에는 필수입니다. 무향이라서 좋네요. 많이 사서 나눠 쓰려고요.,보습력/수분감,촉촉하고,1,[속성] 보습력/수분감 [문장] 촉촉하고,,보습력/수분감/쿨링감,merged_duplicate_label
train,655977,쇼핑몰,메이크업/뷰티소품,OO 바** 립 에센스 10ml 1개,전부터 사용해서 또 구매했어요. 향도 좋고 품질도 좋은 것 같습니다. 특히 가격 메리트는 최고예요. 추천합니다.,향,향도 좋고,1,[속성] 향 [문장] 향도 좋고,,향,unchanged
train,655999,쇼핑몰,메이크업/뷰티소품,OO 바** 립 에센스 10ml 1개,오래전부터 쓰던 거라 주문했는데 좋네요. 입술이 잘 트는 편인데 향도 없고 자주 발라도 자극이 없어서 좋아요.,향,향도 없고,1,[속성] 향 [문장] 향도 없고,,향,unchanged
train,656022,쇼핑몰,메이크업/뷰티소품,OO 바** 립 에센스 10ml 1개,입술이 자주 터서 구매했습니다. 바르고 나면 얼굴에 생기도 있고 끈적이지 않아서 괜찮네요. 마음에 듭니다. 향도 좋고 매일 발랐더니 건조했던 입술이 좋아졌습니다. 환절기 필수 아이템입니다. 작아서 주머니에 넣고 수시로 바르기 좋고 추운 날씨에 딱 필요한 제품입니다.,향,향도 좋고,1,[속성] 향 [문장] 향도 좋고,,향,unchanged
train,656124,쇼핑몰,메이크업/뷰티소품,OO 마** 크리미 틴트 2.5g 1개,예전에 이거 쓰다가 다른 제품으로 바꿨다가 다시 사용합니다. 정말 사용하기 편합니다. 색감 좋고 발림 좋고 다 좋습니다.,발림성,발림 좋고,1,[속성] 발림성 [문장] 발림 좋고,,발림성,unchanged
train,656286,쇼핑몰,메이크업/뷰티소품,OO 마** 크리미 틴트 2.5g 1개,무료배송 금액 채우려고 끼워 샀어요. 저렴해서 샀는데 잘 지워지네요. 발림도 부드럽지 않은 듯해요.,지속력/유지력,잘 지워지네요.,-1,[속성] 지속력/유지력 [문장] 잘 지워지네요.,,지속력/유지력,unchanged
train,656363,쇼핑몰,메이크업/뷰티소품,OO 마** 크리미 틴트 2.5g 1개,"원하던 색깔이 품절이라 댄디코랄 주문했어요. 색이 좀 어둡지만 이쁩니다. 지속력 좋고, 향은 없네요.",색상,이쁩니다.,1,[속성] 색상 [문장] 이쁩니다.,,색상,unchanged
train,656565,쇼핑몰,메이크업/뷰티소품,OO 마** 크리미 틴트 2.5g 1개,"데일리로 쓰기 좋아요. 많이 과하지 않고 적당히 화사합니다. 성분이 좋기도 하고, 지속력은 립밤 특성상 금방 지워지긴 합니다. 다른 화장품가게에 파는 립픽서 제품 쓰면 그나마 오래갑니다. 그거 쓰면 뭐 먹어도 많이는 안지워집니다.",기능/효과,데일리로 쓰기 좋아요.,1,[속성] 기능/효과 [문장] 데일리로 쓰기 좋아요.,,기능/효과,unchanged
train,656642,쇼핑몰,메이크업/뷰티소품,OO 마** 크리미 틴트 2.5g 1개,입술에 바르기 편하고 잘 그려집니다. 매트한 편이지만 잘 안 지워지고 양이 많아 엄청 오래 써요. 가성비 좋습니다.,지속력/유지력,잘 안 지워지고,1,[속성] 지속력/유지력 [문장] 잘 안 지워지고,,지속력/유지력,unchanged
train,656695,쇼핑몰,메이크업/뷰티소품,OO 마** 크리미 틴트 2.5g 1개,색깔도 예쁘고 저렴하게 구매해서 좋습니다. 매트하지만 부드럽게 잘 발리고 생각보다 건조하지 않아서 좋아요.,기능/효과,부드럽게 잘 발리고,1,[속성] 기능/효과 [문장] 부드럽게 잘 발리고,,기능/효과,unchanged
train,656776,쇼핑몰,메이크업/뷰티소품,OO 마** 크리미 틴트 2.5g 1개,재주문해서 쓰고 있습니다. 다른 립스틱에 비해서 잘 지워지지 않고 지속성이 긴 것 같습니다. 잘 묻어나지 않아서 좋습니다.,지속력/유지력,잘 지워지지 않고,1,[속성] 지속력/유지력 [문장] 잘 지워지지 않고,,지속력/유지력,unchanged
train,656959,쇼핑몰,메이크업/뷰티소품,OO 마** 크리미 틴트 2.5g 1개,이 제품을 딸아이가 사용하는 거 보고 써보니 좋아서 다시 구매했습니다. 컬러도 이쁘고 잘 지워지지 않고 색감도 예뻐서 추천해요.,지속력/유지력,잘 지워지지 않고,1,[속성] 지속력/유지력 [문장] 잘 지워지지 않고,,지속력/유지력,unchanged
train,656960,쇼핑몰,메이크업/뷰티소품,OO 마** 크리미 틴트 2.5g 1개,약간 돌출이라 립스틱 바르면 이에 묻어서 좀 그랬는데 이 제품은 색감도 예쁘고 치아에 묻지 않아서 만족합니다.,색상,색감도 예쁘고,1,[속성] 색상 [문장] 색감도 예쁘고,,색상,unchanged
train,657060,쇼핑몰,메이크업/뷰티소품,OO 보** 립밤 3g 1개,향도 좋고 발림성도 좋아서 잘 사용하는 제품입니다. 커버력은 아쉽지만 선물하기 괜찮을 것 같아 다음에 선물용으로 구매할까 합니다.,향,향도 좋고,1,[속성] 향 [문장] 향도 좋고,,향,unchanged
train,657065,쇼핑몰,메이크업/뷰티소품,OO 보** 립밤 3g 1개,촉촉하고 잘 발려서 좋습니다. 향도 아주 좋네요. 선물용으로도 추천해요. 케이스도 고급스러운 모양이고 들고 다니기도 간편해서 좋습니다. 또 재구매하려고 합니다. 디자인도 이쁘고 아주 맘에 들어요. 향도 좋아서 바를때마다 힐링되는 기분이에요. ㅇㅇ에서 잘 샀네요. 배송 빠릅니다.,보습력/수분감,촉촉하고,1,[속성] 보습력/수분감 [문장] 촉촉하고,,보습력/수분감/쿨링감,merged_duplicate_label
train,657097,쇼핑몰,메이크업/뷰티소품,OO 보** 립밤 3g 1개,잘 쓰고 있어요. 데일리로 사용하기 좋은 것 같습니다. 품질도 괜찮고 사볼 만 하네요. 아마도 또 구매하지 않을까 싶습니다. 좋은 가격에 구매하게 되어 기분이 좋습니다.,기능/효과,데일리로 사용하기 좋은 것 같습니다.,1,[속성] 기능/효과 [문장] 데일리로 사용하기 좋은 것 같습니다.,,기능/효과,unchanged
train,657266,쇼핑몰,메이크업/뷰티소품,OO 아** 립 마그넷 3.9ml 1개,ㅇㅇㅇ ㅇㅇ와 색이 비슷한데요. 틴트같은 느낌이라 약간 매트합니다. 그리고 잘 지워지네요.,지속력/유지력,잘 지워지네요.,-1,[속성] 지속력/유지력 [문장] 잘 지워지네요.,,지속력/유지력,unchanged
train,657295,쇼핑몰,메이크업/뷰티소품,OO 아** 립 마그넷 3.9ml 1개,생각했던 물건 그대로 색상도 예쁘고 좋습니다. 그리고 원가보다 저렴하게 사서 더 좋습니다. 용량만 더 커지면 좋겠네요.,색상,색상도 예쁘고,1,[속성] 색상 [문장] 색상도 예쁘고,,색상,unchanged
train,657367,쇼핑몰,메이크업/뷰티소품,OO 아** 립 마그넷 3.9ml 1개,"품질, 디자인, 가격, 배송 전부 마음에 듭니다. 촉촉하고 지속력이 오래가네요. 립자국이 남지 않는것도 마음에 들어요. 3번째 구매하는데 사용하기도 편하네요. 입술을 붓으로 그리는데 붓을 사용 않아도 돼서 편하고 좋아요.",보습력/수분감,촉촉하고,1,[속성] 보습력/수분감 [문장] 촉촉하고,,보습력/수분감/쿨링감,merged_duplicate_label
train,657552,쇼핑몰,메이크업/뷰티소품,OO 아** 립 마그넷 3.9ml 1개,가격은 비싸지만 역시 많이 사용하는 이유가 있네요. 색상도 예쁘고 발색도 잘 됩니다. 지속력도 좋습니다.,색상,색상도 예쁘고,1,[속성] 색상 [문장] 색상도 예쁘고,,색상,unchanged
train,657604,쇼핑몰,메이크업/뷰티소품,OO 아** 립 마그넷 3.9ml 1개,촉촉하고 색이 이쁩니다. 재구매로 사는건데 저렴하게 잘샀습니다.,보습력/수분감,촉촉하고,1,[속성] 보습력/수분감 [문장] 촉촉하고,,보습력/수분감/쿨링감,merged_duplicate_label
train,657681,쇼핑몰,메이크업/뷰티소품,OO 아** 립 마그넷 3.9ml 1개,사용감은 이름처럼 딱 붙어서 좋습니다. 가볍게 발리고 잘 지워지지 않고 덜 건조합니다.,지속력/유지력,잘 지워지지 않고,1,[속성] 지속력/유지력 [문장] 잘 지워지지 않고,,지속력/유지력,unchanged
train,657797,쇼핑몰,메이크업/뷰티소품,OO 아** 립 마그넷 3.9ml 1개,인터넷으로 처음 구매해서 컬러를 못 발라보고 샀어요. 다른 사이트보다 가격도 저렴하고 지속력도 좋고 색상도 이쁘네요. 그래서 다른컬러도 구매하고 하고 싶은데 타사 ㅇㅇ나 원래 립제품들이 많아서 고민이 되요. 하지만 핑크색을 조만간 꼭 재구매 할 생각입니다. 지속력도 좋은데 건조하지도 않아 처음 써보는 같이 듣던것과 같네요.,가격,가격도 저렴하고,1,[속성] 가격 [문장] 가격도 저렴하고,,가격,unchanged
train,657799,쇼핑몰,메이크업/뷰티소품,OO 아** 립 마그넷 3.9ml 1개,광고와 후기 컬러랑 실제 컬러 차이가 아주 많이 납니다. 504 색상 구매 했는데 광고에서 본 색감과 다르네요. 구입 하시려는 분들은 꼭 매장가서 확인 후 구매하시는 게 좋겠어요. 제품 품질은 우수합니다. 발림성 좋고 오래 유지되고 지속력 좋습니다. 그러나 생각했던 색이 아니라서 아쉽습니다.,발림성,발림성 좋고,1,[속성] 발림성 [문장] 발림성 좋고,,발림성,unchanged
train,657846,쇼핑몰,메이크업/뷰티소품,OO 아** 립 마그넷 3.9ml 1개,가격이 비싸지만 그 만큼 품질도 만족스럽습니다. 발색이 강하고 색감도 예쁘고 묻어나지 않아서 좋습니다. 발림성도 가벼워서 좋아요.,색상,색감도 예쁘고,1,[속성] 색상 [문장] 색감도 예쁘고,,색상,unchanged
train,658159,쇼핑몰,메이크업/뷰티소품,OO 아** 컬러 립밤 3.3g 1개,제조일자가 오래되어 사용기한이 짧아 아쉽네요. 그래도 보습은 좋습니다. 아이 입술 보습에 효과가 좋아요. 촉촉하고 튼 곳에 바르면 바로 효과가 나오네요. 사은품으로 보습크림도 주셔서 좋습니다.,보습력/수분감,촉촉하고,1,[속성] 보습력/수분감 [문장] 촉촉하고,,보습력/수분감/쿨링감,merged_duplicate_label
train,658162,쇼핑몰,메이크업/뷰티소품,OO 아** 컬러 립밤 3.3g 1개,딸들이 엄마 립스틱에 자꾸 관심 가져서 아이들 용으로 색 별로 사줬습니다. 애들이 향도 좋고 디자인도 예쁘다고 마음에 들어합니다.,향,향도 좋고,1,[속성] 향 [문장] 향도 좋고,,향,unchanged
train,658219,쇼핑몰,메이크업/뷰티소품,OO 아** 컬러 립밤 3.3g 1개,엄마같은 립스틱을 갖고 싶어하는 딸에게 추천합니다. 향도 좋고 무엇보다 좋은 성분에 딸 아이가 제일 좋아해요.,향,향도 좋고,1,[속성] 향 [문장] 향도 좋고,,향,unchanged
train,658612,쇼핑몰,메이크업/뷰티소품,OO 에** 립케어 4.8g 1개,항상 쓰던 제품이에요. 촉촉하고 향이 없어 좋습니다. 추천합니다. 다음에 또 구매할게요.,보습력/수분감,촉촉하고,1,[속성] 보습력/수분감 [문장] 촉촉하고,,보습력/수분감/쿨링감,merged_duplicate_label
train,658613,쇼핑몰,메이크업/뷰티소품,OO 에** 립케어 4.8g 1개,너무 무르지도 딱딱하지도 않은 제형의 립밤이라서 만족해요. 가격도 저렴하고 배송도 빨라서 추천해요.,가격,가격도 저렴하고,1,[속성] 가격 [문장] 가격도 저렴하고,,가격,unchanged
train,659005,쇼핑몰,메이크업/뷰티소품,OO 에** 립케어 4.8g 1개,주로 모이스춰를 구매해서 사용하는데 부드럽고 촉촉해서 좋습니다. 낱개로 필요한 것만 구매할 수 있어 좋네요.,윤기/피부(톤),부드럽고,1,[속성] 윤기/피부(톤) [문장] 부드럽고,,윤기/피부(톤),unchanged
train,659065,쇼핑몰,메이크업/뷰티소품,OO 에** 립케어 4.8g 1개,촉촉하고 발림성 좋은 제품입니다. 마트나 약국에 비해 절반 가격으로 구입했네요. 유통기한이 길지는 않네요.,보습력/수분감,촉촉하고,1,[속성] 보습력/수분감 [문장] 촉촉하고,,보습력/수분감/쿨링감,merged_duplicate_label
train,659091,쇼핑몰,메이크업/뷰티소품,OO 에** 립케어 4.8g 1개,무난하게 사용하기 좋은 제품이라 꾸준히 사용하고 있습니다. 가격도 저렴하고 유통 기한도 길어서 만족해요.,가격,가격도 저렴하고,1,[속성] 가격 [문장] 가격도 저렴하고,,가격,unchanged
train,659129,쇼핑몰,메이크업/뷰티소품,OO 에** 립케어 4.8g 1개,ooo 립밤 중에서 저는 이 제품만 사용하고 있습니다. 예전부터 입술이 너무 건조해서 자꾸 뜯게 됩니다. 피가 날 때까지 뜯고는 해서 항상 입술이 엉망이었습니다. 그래서 이것저것 보습용 립밤을 사용해 본 결과 저한테 딱 맞는 게 이 제품입니다. 색과 향이 없어서 마음에 들고 유지력도 좋은 편이라 데일리로 사용하기 좋습니다.,기능/효과,데일리로 사용하기 좋습니다.,1,[속성] 기능/효과 [문장] 데일리로 사용하기 좋습니다.,,기능/효과,unchanged
train,659195,쇼핑몰,메이크업/뷰티소품,OO 에** 립케어 4.8g 1개,건조한 입술에 바르면 보들보들해져서 좋습니다. 색상도 강하지 않고 은은해서 좋아요. 착한 가격에 구매해서 좋고 빠른 배송도 좋습니다.,색상,은은해서 좋아요.,1,[속성] 색상 [문장] 은은해서 좋아요.,,색상,unchanged
train,659224,쇼핑몰,메이크업/뷰티소품,OO 에** 립케어 4.8g 1개,여름 빼고 일 년 내내 건조해서 애들하고 다같이 쓰려고 구매했습니다. 가격도 저렴하고 보습력도 좋네요.,가격,가격도 저렴하고,1,[속성] 가격 [문장] 가격도 저렴하고,,가격,unchanged
train,659312,쇼핑몰,메이크업/뷰티소품,OO 에** 립케어 4.8g 1개,"이것만큼 좋은 립 케어는 본 적이 없습니다. 촉촉하고 제형도 크리미해서 좋고 보습력도 좋습니다. 단, 제형이 잘 무르고 바르면 끈적이긴 해요. 그러나 적은 양으로도 잘 발리고 하루 종일 촉촉해서 좋아요.",보습력/수분감,촉촉하고,1,[속성] 보습력/수분감 [문장] 촉촉하고,,보습력/수분감/쿨링감,merged_duplicate_label
train,659325,쇼핑몰,메이크업/뷰티소품,OO 에** 립케어 4.8g 1개,몇 달 전부터 애용하고 있습니다. 립밤은 생필품이나 마찬가지인데 저렴하고 좋은 제품이라서 자주 구매합니다. 데일리로 쓰기 좋아요.,기능/효과,데일리로 쓰기 좋아요.,1,[속성] 기능/효과 [문장] 데일리로 쓰기 좋아요.,,기능/효과,unchanged
train,659352,쇼핑몰,메이크업/뷰티소품,OO 에** 립케어 4.8g 1개,정말 좋습니다. 촉촉하고 부드러워요. 지속력도 좋아요. 가능하면 화학적 성분을 피하고 싶은데 이 제품은 성분이 순하고 향이 없어서 좋습니다. 가격도 저렴해서 좋아요.,보습력/수분감,촉촉하고,1,[속성] 보습력/수분감 [문장] 촉촉하고,,보습력/수분감/쿨링감,merged_duplicate_label
train,659352,쇼핑몰,메이크업/뷰티소품,OO 에** 립케어 4.8g 1개,정말 좋습니다. 촉촉하고 부드러워요. 지속력도 좋아요. 가능하면 화학적 성분을 피하고 싶은데 이 제품은 성분이 순하고 향이 없어서 좋습니다. 가격도 저렴해서 좋아요.,윤기/피부(톤),부드러워요.,1,[속성] 윤기/피부(톤) [문장] 부드러워요.,,윤기/피부(톤),unchanged
train,659352,쇼핑몰,메이크업/뷰티소품,OO 에** 립케어 4.8g 1개,정말 좋습니다. 촉촉하고 부드러워요. 지속력도 좋아요. 가능하면 화학적 성분을 피하고 싶은데 이 제품은 성분이 순하고 향이 없어서 좋습니다. 가격도 저렴해서 좋아요.,성분,성분이 순하고,1,[속성] 성분 [문장] 성분이 순하고,,성분,unchanged
train,659353,쇼핑몰,메이크업/뷰티소품,OO 에** 립케어 4.8g 1개,입술이 건조해서 사계절 립밤을 달고 살아서 여러 제품 써봤는데 OOO 제품은 데일리로 사용하기 좋아요. 무향이라서 마음에 들고 무색이라 좋아요. 온 가족이 부담없이 사용하기 좋습니다. 가성비 좋은 제품입니다.,기능/효과,데일리로 사용하기 좋아요.,1,[속성] 기능/효과 [문장] 데일리로 사용하기 좋아요.,,기능/효과,unchanged
train,659363,쇼핑몰,메이크업/뷰티소품,OO 에** 립케어 4.8g 1개,사은품으로 받은 립케어 쓰다가 오히려 입술이 더 갈라졌어요. 그래서 OOO 사야겠다고 생각하던 중에 OO배송으로 받을 수 있길래 바로 샀습니다. 결과는 만족스러워요. 몇 일 꾸준히 발랐는데 효과가 있어요. 촉촉하고 역한 냄새도 안 나고요. 추천합니다.,보습력/수분감,촉촉하고,1,[속성] 보습력/수분감 [문장] 촉촉하고,,보습력/수분감/쿨링감,merged_duplicate_label
train,659364,쇼핑몰,메이크업/뷰티소품,OO 에** 립케어 4.8g 1개,늘 사용하던 제품이라 재구매했습니다. 순하면서도 촉촉함이 오래가서 좋아요. 향이 거의 없는 점도 좋고요. 입술이 잘 트는 편이라 꾸준히 다양한 제품을 사용해 봤지만 OOO가 가격과 성능 면에서 가장 좋습니다. 잘 사용할게요.,보습력/수분감,촉촉함이 오래가서 좋아요.,1,[속성] 보습력/수분감 [문장] 촉촉함이 오래가서 좋아요.,,보습력/수분감/쿨링감,merged_duplicate_label
train,659450,쇼핑몰,메이크업/뷰티소품,OO 에** 립플루이드 7g 1개,부드럽게 발리고 촉촉한 느낌이 드네요. 색상도 예쁘고 발색도 만족스럽네요.,색상,색상도 예쁘고,1,[속성] 색상 [문장] 색상도 예쁘고,,색상,unchanged
train,659472,쇼핑몰,메이크업/뷰티소품,OO 에** 립플루이드 7g 1개,평이 좋아서 구매해봤는데 좋습니다. 색감도 예쁘고 지속력도 괜찮습니다.,색상,색감도 예쁘고,1,[속성] 색상 [문장] 색감도 예쁘고,,색상,unchanged
train,659517,쇼핑몰,메이크업/뷰티소품,OO 에** 립플루이드 7g 1개,오렌지 색상이 섞인 느낌으로 발색되어서 아쉬웠어요. 발림은 좋지만 지속력이 떨어지네요. 입술에 색이 스며들지 않고 잘 지워지네요. 잘 지워져서 자주 발라야 됩니다. 보습은 보통이고 매트한 느낌입니다. 다른 색상도 샀는데 그건 색감이 좋습니다. 립메이크업은 컬러가 중요한 거 같아요.,지속력/유지력,잘 지워지네요.,-1,[속성] 지속력/유지력 [문장] 잘 지워지네요.,,지속력/유지력,unchanged
train,659524,쇼핑몰,메이크업/뷰티소품,OO 에** 립플루이드 7g 1개,제가 원하는 자연스러운 색이라 마음에 드네요. 발림성 좋고 향도 은은한 꽃향이라 좋네요. 왜 다들 칭찬하는지 알 수 있을 것 같아요. 가격도 저렴해서 마음에 들어요. 건조한 피부에는 맞지 않는 듯합니다.,발림성,발림성 좋고,1,[속성] 발림성 [문장] 발림성 좋고,,발림성,unchanged
train,659792,쇼핑몰,메이크업/뷰티소품,OO 클** 틴트 4g 1개,매장에서 발라보고 구매했는데 저렴하게 구매했어요. 발색이 오래갑니다. 크레용 바르는 것처럼 매트하게 발리네요.,지속력/유지력,발색이 오래갑니다.,1,[속성] 지속력/유지력 [문장] 발색이 오래갑니다.,,지속력/유지력,unchanged
train,659887,쇼핑몰,메이크업/뷰티소품,OO 클** 틴트 4g 1개,"4,7,8호 구매했는데 뭉침 없이 잘 발리면서 향도 좋고 지속력도 좋습니다. 4호는 무난한 분홍 계열 색상이네요.",향,향도 좋고,1,[속성] 향 [문장] 향도 좋고,,향,unchanged
train,659915,쇼핑몰,메이크업/뷰티소품,OO 립 크림 1.5g 1개,부드럽게 발리고 촉촉하고 끈적이지 않아 좋습니다. 다만 사용기한이 22년 10월이라 너무 짧습니다. 그래서 별 하나 뺐습니다.,보습력/수분감,촉촉하고,1,[속성] 보습력/수분감 [문장] 촉촉하고,,보습력/수분감/쿨링감,merged_duplicate_label
train,659927,쇼핑몰,메이크업/뷰티소품,OO 립 크림 1.5g 1개,냄새는 아주 나쁘지는 않습니다. 발림성 좋고 촉촉함이 오래가요.,발림성,발림성 좋고,1,[속성] 발림성 [문장] 발림성 좋고,,발림성,unchanged
train,659927,쇼핑몰,메이크업/뷰티소품,OO 립 크림 1.5g 1개,냄새는 아주 나쁘지는 않습니다. 발림성 좋고 촉촉함이 오래가요.,보습력/수분감,촉촉함이 오래가요.,1,[속성] 보습력/수분감 [문장] 촉촉함이 오래가요.,,보습력/수분감/쿨링감,merged_duplicate_label
train,659967,쇼핑몰,메이크업/뷰티소품,OO 립 크림 1.5g 1개,주변 지인들 추천해서 구매했습니다. 발림성 좋고 촉촉해서 좋아요. 양이 많지 않은 점은 아쉽지만 저렴한 가격에 구입해서 괜찮아요. 냄새는 좀 별로네요.,발림성,발림성 좋고,1,[속성] 발림성 [문장] 발림성 좋고,,발림성,unchanged
train,659999,쇼핑몰,메이크업/뷰티소품,OO 립 크림 1.5g 1개,항상 사용하는 제품이에요. 낮엔 OOO 립밤을 사용하지만 발색이 있어서 순수한 립밤만으로 쓰고 싶어서 구매했습니다. 촉촉하고 발림성 좋습니다. 케이스도 고급스러워 동생이 부러워해서 하나 선물했네요. 립스틱 바른 후에 바르기도 좋고 밤에 바르고 자도 좋은 제품이네요.,보습력/수분감,촉촉하고,1,[속성] 보습력/수분감 [문장] 촉촉하고,,보습력/수분감/쿨링감,merged_duplicate_label
train,660008,쇼핑몰,메이크업/뷰티소품,OO 립 크림 1.5g 1개,마음에 듭니다. 사계절 내내 입술이 건조해서 매트한 립스틱도 못 발랐어요. 그래서 여러 종류의 립밤을 써봤는데 이 제품은 정말 좋습니다. 부드럽게 잘 발리고 촉촉해서 좋아요. 추천합니다.,발림성,부드럽게 잘 발리고,1,[속성] 발림성 [문장] 부드럽게 잘 발리고,,발림성,unchanged
train,660076,쇼핑몰,메이크업/뷰티소품,OO 립 크림 1.5g 1개,좋아하는 상품이라 늘 구매하게 되네요. 이거 쓰고 입술 많이 촉촉해졌어요. 발림성 좋고 옅은 발색도 마음에 들어 한꺼번에 여러 개 주문했어요.,발림성,발림성 좋고,1,[속성] 발림성 [문장] 발림성 좋고,,발림성,unchanged
train,660121,쇼핑몰,메이크업/뷰티소품,OO 스** 립밤 4g 1개,예전에 다른 제품 쓰다가 OOO가 좋다며 지인이 선물해 주길래 써봤는데 괜찮더라고요. 그래서 여러 개 더 주문했습니다. 바르면 촉촉하고 부드러워 좋았어요. 건조한 입술에 생기가 도네요. 사은품으로 주신 스킨과 크림 샘플도 잘 쓸게요.,보습력/수분감,촉촉하고,1,[속성] 보습력/수분감 [문장] 촉촉하고,,보습력/수분감/쿨링감,merged_duplicate_label
train,660341,쇼핑몰,메이크업/뷰티소품,OO 홀** 립글로우 3.5g 1개,OOO 립글로우는 촉촉하고 은은한 발색이 좋은 제품입니다. 선물용으로 구입했는데 케이스에 리본도 예쁘게 묶어 포장해 주셔서 좋은데 쇼핑백이 없어서 아쉽네요. 제품 좋아서 추천합니다.,보습력/수분감,촉촉하고,1,[속성] 보습력/수분감 [문장] 촉촉하고,,보습력/수분감/쿨링감,merged_duplicate_label
train,660367,쇼핑몰,메이크업/뷰티소품,OO 홀** 립글로우 3.5g 1개,선물용으로도 좋을거 같네요. 잘 발리고 촉촉하고 색상 은은해요.,보습력/수분감,촉촉하고,1,[속성] 보습력/수분감 [문장] 촉촉하고,,보습력/수분감/쿨링감,merged_duplicate_label
train,660518,쇼핑몰,메이크업/뷰티소품,OO 홀** 립글로우 3.5g 1개,맨얼굴에 발라도 색이 튀지 않아서 좋습니다. 지속력도 좋고 자기 전에 바르고 자도 아침까지 촉촉합니다. OO 립밤과 비교해도 손색이 없어요. 가격이 좀 더 저렴했으면 좋겠지만 제품은 좋아요.,보습력/수분감,아침까지 촉촉합니다.,1,[속성] 보습력/수분감 [문장] 아침까지 촉촉합니다.,,보습력/수분감/쿨링감,merged_duplicate_label
train,660639,쇼핑몰,메이크업/뷰티소품,OO 홀** 립글로우 3.5g 1개,선물용으로도 좋고 몇 년째 제가 쓰고 있기도 합니다. 촉촉하고 안 묻어나니 딱 좋습니다. 틴트 바르고 이 제품 바르면 촉촉해지고 좋아요.,보습력/수분감,촉촉하고,1,[속성] 보습력/수분감 [문장] 촉촉하고,,보습력/수분감/쿨링감,merged_duplicate_label
train,660705,쇼핑몰,메이크업/뷰티소품,OO 홀** 립글로우 3.5g 1개,유명한데 이유가 있습니다. 저렴한 것만 사다가 화장도 안하고 립밤만 바르고 다니니 가격이 비싸도 한번 사봤는데 지속력도 좋고 산뜻하게 발려서 마음에 들고 좋습니다.,발림성,산뜻하게 발려서,1,[속성] 발림성 [문장] 산뜻하게 발려서,,발림성,unchanged
train,660797,쇼핑몰,메이크업/뷰티소품,OO 홀** 립글로우 3.5g 1개,OO립글로우 말해 뭐하겠어요. 촉촉하고 립컬러 유지력 오래 되고 최고의 립글로우입니다. 너무 좋습니다. 사은품으로 주신 OO 향수도 항이 너무 좋네요.,보습력/수분감,촉촉하고,1,[속성] 보습력/수분감 [문장] 촉촉하고,,보습력/수분감/쿨링감,merged_duplicate_label
train,661080,쇼핑몰,메이크업/뷰티소품,OO 홀** 립글로우 3.5g 1개,핑크색 넘 예쁩니다. 역쉬 ㅇㅇㅇ 좋아요. 발림성도 좋습니다. 겨울에 입술이 촉촉하고 건조하지 않아서 사용하기 좋습니다.,보습력/수분감,촉촉하고,1,[속성] 보습력/수분감 [문장] 촉촉하고,,보습력/수분감/쿨링감,merged_duplicate_label
train,661159,쇼핑몰,메이크업/뷰티소품,OO 홀** 립글로우 3.5g 1개,선물로 받아서 사용해 봤는데 건조한 입술이 촉촉하고 부드러워지더라고요. 만족스러워서 다시 구매하게 되었어요. 제품에 만족하고 샘플도 보내주셔서 좋았어요. 가격도 할인받아 잘 샀고 재구매 의사 있어요.,보습력/수분감,촉촉하고,1,[속성] 보습력/수분감 [문장] 촉촉하고,,보습력/수분감/쿨링감,merged_duplicate_label
train,661357,쇼핑몰,메이크업/뷰티소품,OO 루** 슬림 쉬어 마뜨 2g 1개,색상이 예쁩니다. 립스틱을 바르면 잘 지워져서 매트 립스틱을 쓰다가 입술이 건조해졌어요. 그런데 이 제품은 바르면 부드러워요. 매트한 립스틱보다는 지속력이 낮지만 오래가는 편인 거 같아요.,윤기/피부(톤),부드러워요.,1,[속성] 윤기/피부(톤) [문장] 부드러워요.,,윤기/피부(톤),unchanged
train,661397,쇼핑몰,메이크업/뷰티소품,OO 루** 슬림 쉬어 마뜨 2g 1개,좋은 가격에 잘 구매했어요. 색상은 그냥 무난하고 발림성은 덧바르면 약간 뭉치는 감도 있습니다.,가격,좋은 가격에 잘 구매했어요.,1,[속성] 가격 [문장] 좋은 가격에 잘 구매했어요.,,가격,unchanged
train,661467,쇼핑몰,메이크업/뷰티소품,OO 루** 슬림 쉬어 마뜨 2g 1개,건조하고 입술이 터서 립스틱을 못 발랐어요. 그런데 이건 촉촉하고 각질이 있어도 잘 발려서 좋습니다. 비싸지만 품질이 좋아요. 색은 튀지 않아서 좋고 가을에 어울리는 색입니다. 양은 적은 편이긴 한데 향도 좋고 디자인도 마음에 듭니다.,보습력/수분감,촉촉하고,1,[속성] 보습력/수분감 [문장] 촉촉하고,,보습력/수분감/쿨링감,merged_duplicate_label
train,661467,쇼핑몰,메이크업/뷰티소품,OO 루** 슬림 쉬어 마뜨 2g 1개,건조하고 입술이 터서 립스틱을 못 발랐어요. 그런데 이건 촉촉하고 각질이 있어도 잘 발려서 좋습니다. 비싸지만 품질이 좋아요. 색은 튀지 않아서 좋고 가을에 어울리는 색입니다. 양은 적은 편이긴 한데 향도 좋고 디자인도 마음에 듭니다.,향,향도 좋고,1,[속성] 향 [문장] 향도 좋고,,향,unchanged
train,661481,쇼핑몰,메이크업/뷰티소품,OO 루** 슬림 쉬어 마뜨 2g 1개,너무 구입하고 싶던 제품이에요. 매트한데도 발림성이 좋고 발색이 뛰어나요. 진짜 훌륭한 립스틱이에요. 제가 써 본 립스틱 중 단연 최고라 하고 싶습니다.,발림성,발림성이 좋고,1,[속성] 발림성 [문장] 발림성이 좋고,,발림성,unchanged
train,661483,쇼핑몰,메이크업/뷰티소품,OO 루** 슬림 쉬어 마뜨 2g 1개,데일리로 바르려고 말린 장미색 샀습니다. 색상 자연스럽고 예쁩니다. 매끄럽게 잘 발리네요. 지속성은 아직 잘 모르겠습니다. 오자마자 바르고 써보니 겨울에 사용하기 좋을 것 같습니다.,색상,예쁩니다.,1,[속성] 색상 [문장] 예쁩니다.,,색상,unchanged
train,661503,쇼핑몰,메이크업/뷰티소품,OO 루** 슬림 쉬어 마뜨 2g 1개,"생각보단 발색이 진하진 않습니다. 매트한 제형의 질감으로 보이나 부드럽게 발리고 바른후에는 매트해 보이나 피부가 부드럽고, 촉촉한 느낌이에요. 여러번 덧발라도 보이는 색상 그대로 진하진 않습니다. 케이스는 기존의 골드에서 벗어나 이번 시즌엔 시크한 블랙이랑 은색 조합으로 매력적이네요. 지금까지와는 다른 ㅇㅇㅇ 느낌입니다. 다른 색상도 구매하고 싶습니다.",윤기/피부(톤),피부가 부드럽고,1,[속성] 윤기/피부(톤) [문장] 피부가 부드럽고,,윤기/피부(톤),unchanged
train,661521,쇼핑몰,메이크업/뷰티소품,OO 루** 슬림 쉬어 마뜨 2g 1개,적당한 핑크빛 색감이 돌아서 좋은데 잘 지워지네요. 안쪽에 틴트랑 같이 바르면 촉촉한 듯합니다. 요즘 이거만 바르게 되네요.,지속력/유지력,잘 지워지네요.,-1,[속성] 지속력/유지력 [문장] 잘 지워지네요.,,지속력/유지력,unchanged
train,661592,쇼핑몰,메이크업/뷰티소품,OO 루** 슬림 쉬어 마뜨 2g 1개,핑크인듯 아니 오렌지인듯 오묘한 색상 정말 제 취향이에요. 발림성 좋고 발색력 좋고 촉촉한 촉감 좋아요. 매트하지만 살짝 반짝임이 있어 지금 계절에 너무 잘 맞아요.,발림성,발림성 좋고,1,[속성] 발림성 [문장] 발림성 좋고,,발림성,unchanged
train,661704,쇼핑몰,메이크업/뷰티소품,OO 루** 슬림 쉬어 마뜨 2g 1개,발색력은 참 떨어지는데 또 발라보면 색상이 이쁘긴 합니다. 베이스로 쓰고 위에 다른 컬러 포인트로 올리면 좋습니다. 매트지만 발림이 매끄럽고 부드럽습니다.,발림성,부드럽습니다.,1,[속성] 발림성 [문장] 부드럽습니다.,,발림성,unchanged
train,300591,쇼핑몰,남성화장품,OO 이** 클래식 스킨2+로션1 세트,"스킨 2개, 로션 1개 구성으로 3세트 가성비도 좋고 항상 스킨이 부족하였는데 구성이 넉넉해서 좋고 향도 좋고 부드러요",향,향도 좋고,1,[속성] 향 [문장] 향도 좋고,,향,unchanged
train,300715,쇼핑몰,남성화장품,OO 엠** 남성기초세트 바디워시 ,촉촉하고 향도 맘에 쏙듭니다 구성도 많아 아버지 한세트 드리고 선물하려합니다 2%부족함은 배송중 케이스가 파손되어 왔습니다 다행히 제품에는 이상이 없어 쓰고있습니다,보습력/수분감,촉촉하고,1,[속성] 보습력/수분감 [문장] 촉촉하고,,보습력/수분감/쿨링감,merged_duplicate_label
train,684800,쇼핑몰,남성화장품,OO 한** 올인원 200ml 1개,출근하기 바쁜 신랑이 선택한 로션입니다. 촉촉하고 스킨 로션 따로 바르기 번거로운데 하나로 사용하니 편해서 좋아하네요.,보습력/수분감,촉촉하고,1,[속성] 보습력/수분감 [문장] 촉촉하고,,보습력/수분감/쿨링감,merged_duplicate_label
train,684875,쇼핑몰,남성화장품,OO 한** 올인원 200ml 1개,"항상 남편이 사용하는 스킨로션이에요. 스킨과 로션을 한번에 바르니 여러가지 바르기 꺼려하는 남성들에게 딱입니다. 매트하게 발리지만, 촉촉하고 흡수도 빠르게 되어 좋아요.",보습력/수분감,촉촉하고,1,[속성] 보습력/수분감 [문장] 촉촉하고,,보습력/수분감/쿨링감,merged_duplicate_label
train,684979,쇼핑몰,남성화장품,OO 한** 올인원 200ml 1개,"항상 사용하는 OOO 제품입니다. 스킨과 로션을 한번에 사용할 수 있어서 너무 편리해요. 끈적임은 조금 있지만, 보습도 좋고 복합성 피부에 촉촉하게 잘 발리네요. 행사할 때 사서 저렴하게 구매했어요. 앞으로도 좋은 행사 많이 부탁드려요.",보습력/수분감,보습도 좋고,1,[속성] 보습력/수분감 [문장] 보습도 좋고,,보습력/수분감/쿨링감,merged_duplicate_label
train,684986,쇼핑몰,남성화장품,OO 한** 올인원 200ml 1개,성장기인 두 아들들이 사용하는 제품이에요. 발림성이 좋고 산뜻함이 있어 아이들이 좋아합니다.,발림성,발림성이 좋고,1,[속성] 발림성 [문장] 발림성이 좋고,,발림성,unchanged
train,690664,쇼핑몰,남성화장품,OO 온** 모이스처라이저 250ml 1개,너무 저렴하게 잘 샀네요. 촉촉하고 향이 무난해서 좋아요. 이것만 몇 년째 사용하고 있어요.,보습력/수분감,촉촉하고,1,[속성] 보습력/수분감 [문장] 촉촉하고,,보습력/수분감/쿨링감,merged_duplicate_label
train,690670,쇼핑몰,남성화장품,OO 온** 모이스처라이저 250ml 1개,이 제품은 향도 좋고 올인원이라 한번에 바를 수 있어서 남편은 꼭 이것만 사용합니다. 재구매 할 것 같습니다.,향,향도 좋고,1,[속성] 향 [문장] 향도 좋고,,향,unchanged
train,690720,쇼핑몰,남성화장품,OO 온** 모이스처라이저 250ml 1개,처음 사보는 브랜드 제품입니다. 향이 생각보다 좋지 않네요. 유분을 잘 잡아주지 못해서 피부가 번들거립니다.,흡수력,피부가 번들거립니다.,-1,[속성] 흡수력 [문장] 피부가 번들거립니다.,,흡수력,unchanged
train,690788,쇼핑몰,남성화장품,OO 온** 모이스처라이저 250ml 1개,포장 꼼꼼하고 배송도 빨라서 맘에 들어요. 가격도 저렴하고 사은품까지 보내주셔서 좋았습니다. 또 구매할께요.,가격,가격도 저렴하고,1,[속성] 가격 [문장] 가격도 저렴하고,,가격,unchanged
train,690834,쇼핑몰,남성화장품,OO 온** 모이스처라이저 250ml 1개,구매 추천하지 않습니다. 향도 좋지 않고 피부가 끈적거려서 사용 중지 했습니다. 가격도 비싸고 배송도 느렸어요.,가격,가격도 비싸고,-1,[속성] 가격 [문장] 가격도 비싸고,,가격,unchanged
train,691026,쇼핑몰,남성화장품,OO 온** 모이스처라이저 250ml 1개,"기초를 남편하고 같이 쓰는데 귀찮은지 제대로 안 바르길래 검색하면서 알게 된 올인원 제품으로 구입해 줬어요. 발라 보더니 촉촉하고 끈적이지 않는다고 좋아했어요. 남녀공용 이라고는 했는데, 바르고 나면 낯선 남자의 향기인 듯해서 불편한감이 있네요. 여자들이 선호하는 향은 아닌 것 같네요.",보습력/수분감,촉촉하고,1,[속성] 보습력/수분감 [문장] 촉촉하고,,보습력/수분감/쿨링감,merged_duplicate_label
train,691117,쇼핑몰,남성화장품,OO 온** 모이스처라이저 250ml 1개,케이스도 이쁘고 향도 선호하는 향이라 마음에 드네요. 보습력도 괜찮고 용량이 많아 오래 쓸 수 있을 것 같아요. 사용기한은 6개월 남은 제품이라 아쉽네요.,용기,케이스도 이쁘고,1,[속성] 용기 [문장] 케이스도 이쁘고,,용기,unchanged
train,691161,쇼핑몰,남성화장품,OO 온** 모이스처라이저 250ml 1개,양도 많고 저렴한 가격에 잘샀어요. 향도 좋고 발림성도 좋아요.,향,향도 좋고,1,[속성] 향 [문장] 향도 좋고,,향,unchanged
train,691226,쇼핑몰,남성화장품,OO 온** 모이스처라이저 250ml 1개,좋은 가격에 구입했습니다. 남편이 향도 좋고 촉촉하다고 좋아합니다. 향 지속력은 좀 아쉽다고 하네요.,향,향도 좋고,1,[속성] 향 [문장] 향도 좋고,,향,unchanged
train,691301,쇼핑몰,남성화장품,OO 라** 옴므 올인원 에센스 150ml 1개,이 제품만 사용한 지 꽤 됐습니다. 촉촉하고 건성피부에 잘 맞습니다. 튜브 용기보다 이런 용기를 선호합니다.,보습력/수분감,촉촉하고,1,[속성] 보습력/수분감 [문장] 촉촉하고,,보습력/수분감/쿨링감,merged_duplicate_label
train,691305,쇼핑몰,남성화장품,OO 라** 옴므 올인원 에센스 150ml 1개,얼굴이 촉촉하고 향도 좋고 한번에 발라서 사용이 간편해 계속 구매하는 제품입니다.,향,향도 좋고,1,[속성] 향 [문장] 향도 좋고,,향,unchanged
train,691317,쇼핑몰,남성화장품,OO 라** 옴므 올인원 에센스 150ml 1개,촉촉하고 향이 강하지 않아서 좋습니다. 사용감도 좋은 것 같아서 만족해요.,보습력/수분감,촉촉하고,1,[속성] 보습력/수분감 [문장] 촉촉하고,,보습력/수분감/쿨링감,merged_duplicate_label
train,691319,쇼핑몰,남성화장품,OO 라** 옴므 올인원 에센스 150ml 1개,남편이 써보고 좋다 해서 재구매 했습니다. 향도 좋고 하나만 써도 해결이 되니 편하고 여름에 쓰기 딱 좋다고 합니다. 할인 행사 때 저렴하게 주문했어요.,향,향도 좋고,1,[속성] 향 [문장] 향도 좋고,,향,unchanged
train,691348,쇼핑몰,남성화장품,OO 라** 옴므 올인원 에센스 150ml 1개,신랑이 이것만 씁니다. 순하고 부드럽게 발린대요. 향도 은은하고 좋아서 저도 신랑볼 때 냄새 킁킁대며 맡습니다.,자극성,순하고,1,[속성] 자극성 [문장] 순하고,,자극성,unchanged
train,691393,쇼핑몰,남성화장품,OO 라** 옴므 올인원 에센스 150ml 1개,향이 자극적이지 않고 무난한 향입니다. 올인원 제품이라 한 가지만 발라도 되니 편합니다.,향,향이 자극적이지 않고,1,[속성] 향 [문장] 향이 자극적이지 않고,,향,unchanged
train,691402,쇼핑몰,남성화장품,OO 라** 옴므 올인원 에센스 150ml 1개,배송 빠르고 가격도 저렴합니다. 두 통째 쓰고 있는데 촉촉하고 번들거리지 않고 좋습니다.,보습력/수분감,촉촉하고,1,[속성] 보습력/수분감 [문장] 촉촉하고,,보습력/수분감/쿨링감,merged_duplicate_label
train,691481,쇼핑몰,남성화장품,OO 라** 옴므 올인원 에센스 150ml 1개,"지인이 좋다고 소개해줘서 ㅇㅇ에서 구입해 써봤는데 가격도 비싸고 이전에 사용했던 제품보다 좋은지 모르겠네요. 제가 좋아하지 않는 향이고, 끈적임도 심하네요. 번들거려서 여름에 사용하기에 별로네요. 이전에 사용했던 제품을 그냥 써야겠어요.",가격,가격도 비싸고,-1,[속성] 가격 [문장] 가격도 비싸고,,가격,unchanged
train,691530,쇼핑몰,남성화장품,OO 라** 옴므 올인원 에센스 150ml 1개,몇 가지 올인원 중에서 가장 시원하고 사용감 좋고 가성비 좋습니다.,보습력/수분감,시원하고,1,[속성] 보습력/수분감 [문장] 시원하고,,보습력/수분감/쿨링감,merged_duplicate_label
train,691533,쇼핑몰,남성화장품,OO 라** 옴므 올인원 에센스 150ml 1개,선물했는데 좋다고 합니다. 저렴한 가격에 향도 좋고 잘 구매한 거 같습니다.,향,향도 좋고,1,[속성] 향 [문장] 향도 좋고,,향,unchanged
train,691548,쇼핑몰,남성화장품,OO 라** 옴므 올인원 에센스 150ml 1개,아들이 사용하고 있는데 건조한 느낌 없이 촉촉하고 한 번에 케어해서 좋다고 하네요. 여러 번 재구매 하고 있어요.,보습력/수분감,촉촉하고,1,[속성] 보습력/수분감 [문장] 촉촉하고,,보습력/수분감/쿨링감,merged_duplicate_label
train,691591,쇼핑몰,남성화장품,OO 라** 옴므 올인원 에센스 150ml 1개,배송이 조금 느렸던 것 빼고는 향도 좋고 보습력도 좋고 번들거리지 않아서 좋습니다.,향,향도 좋고,1,[속성] 향 [문장] 향도 좋고,,향,unchanged
train,691609,쇼핑몰,남성화장품,OO 라** 옴므 올인원 에센스 150ml 1개,제품 케이스는 깔끔하고 가방에 넣고 다니기 편하고 디자인도 깔끔하고 좋아요. 묽은 제형이라 좀 흐르지만 발림성이 좋고 보습력도 괜찮은거 같습니다. 피부트러블 예방 및 감소해주는 그런 기능성 제품은 아니지만 트러블이 없고 보습을 위주로 사용 하실 분들에겐 잘 맞을것 같습니다. 가격도 저렴해요.,발림성,발림성이 좋고,1,[속성] 발림성 [문장] 발림성이 좋고,,발림성,unchanged
train,691665,쇼핑몰,남성화장품,OO 라** 옴므 올인원 에센스 150ml 1개,올인원이라 편하고 향도 좋고 배송도 빠르고 항상 이것만 사용합니다. 잘 사용하겠습니다. 감사해요.,향,향도 좋고,1,[속성] 향 [문장] 향도 좋고,,향,unchanged
train,691666,쇼핑몰,남성화장품,OO 라** 옴므 올인원 에센스 150ml 1개,촉촉하고 피부가 매끄러워져서 좋습니다. 구성이 좋아서 아빠랑 나누어 쓰고 있습니다.,보습력/수분감,촉촉하고,1,[속성] 보습력/수분감 [문장] 촉촉하고,,보습력/수분감/쿨링감,merged_duplicate_label
train,691670,쇼핑몰,남성화장품,OO 라** 옴므 올인원 에센스 150ml 1개,여러가지 바르는 게 귀찮아서 올인원 제품 찾다가 이 제품을 샀어요. 향도 좋고 발림성도 좋고 흡수력도 괜찮네요. 이 제품 추천합니다.,향,향도 좋고,1,[속성] 향 [문장] 향도 좋고,,향,unchanged
train,691678,쇼핑몰,남성화장품,OO 라** 옴므 올인원 에센스 150ml 1개,자극적이지 않고 흡수도 잘되고 보습도 좋아 잘 쓰고 있어요. 이제 쭉 이 브랜드 사용할게요.,자극성,자극적이지 않고,1,[속성] 자극성 [문장] 자극적이지 않고,,자극성,unchanged
train,691692,쇼핑몰,남성화장품,OO 라** 옴므 올인원 에센스 150ml 1개,ㅇㅇㅇ 올인원 에센스 제품은 은은한 자연 향이 좋고 발림성도 좋습니다. 성분이 순하고 향이 깔끔하다는 느낌입니다. 끈적거리지 않아서 바른 후 상쾌합니다. 계속 구매하여 애용하는 제품이에요. 처음엔 여름철에 상큼하게 바르려고 샀었는데 보습력이 좋아서 계절에 관계없이 바르기 좋네요.,성분,성분이 순하고,1,[속성] 성분 [문장] 성분이 순하고,,성분,unchanged
train,691784,쇼핑몰,남성화장품,OO 라** 옴므 올인원 에센스 150ml 1개,향기가 너무나 싱그러우니 좋습니다. 남성용 화장품은 향기 신경 안 쓰고 만드는 경우가 많은데 아내가 무슨 향기냐 물을 정도로 향이 좋습니다. 그 말에 또 기분이 좋네요. 가격도 저렴하고 무엇보다 귀찮아서 이 제품을 좋아하는데 올인원은 바쁠 때 한번 바르면 끝이니까 정말 좋아요.,가격,가격도 저렴하고,1,[속성] 가격 [문장] 가격도 저렴하고,,가격,unchanged
train,691895,쇼핑몰,남성화장품,OO 라** 옴므 올인원 에센스 150ml 1개,향도 좋고 끈적임도 없어서 마음에 든다고 하네요. 친구들도 어느 브랜드인지 물어 본다고 합니다. 양도 많은 편이나 조금만 저렴하면 좋겠습니다.,향,향도 좋고,1,[속성] 향 [문장] 향도 좋고,,향,unchanged
train,691936,쇼핑몰,남성화장품,OO 라** 옴므 올인원 에센스 150ml 1개,향도 너무 남성적이라 마음에 안 듭니다. 보습력도 좋지 않네요. 피부가 건조합니다. 다른 제품 쓰는 게 좋을 것 같습니다.,보습력/수분감,피부가 건조합니다.,-1,[속성] 보습력/수분감 [문장] 피부가 건조합니다.,,보습력/수분감/쿨링감,merged_duplicate_label
train,691938,쇼핑몰,남성화장품,OO 라** 옴므 올인원 에센스 150ml 1개,저렴하게 구입한 것 같습니다. 남편이 좋아하네요. 향도 좋고 발림성도 좋다고 합니다. 비싸지 않아서 제일 좋았습니다.,향,향도 좋고,1,[속성] 향 [문장] 향도 좋고,,향,unchanged
train,691949,쇼핑몰,남성화장품,OO 라** 옴므 올인원 에센스 150ml 1개,한 달 사용해보니 정말 좋습니다. 가장 큰 장점은 사용하기 편합니다. 발림성 좋고 향도 괜찮아서 좋습니다. 또 구매하겠습니다. 이상 한 달 사용 후기입니다.,발림성,발림성 좋고,1,[속성] 발림성 [문장] 발림성 좋고,,발림성,unchanged
train,691952,쇼핑몰,남성화장품,OO 라** 옴므 올인원 에센스 150ml 1개,늘 사용하고 있었던 제품이네요. 다른 제품 쓰려고 했는데 이 제품이 향도 좋고 보습도 더 뛰어나네요.,향,향도 좋고,1,[속성] 향 [문장] 향도 좋고,,향,unchanged
train,691962,쇼핑몰,남성화장품,OO 라** 옴므 올인원 에센스 150ml 1개,처음 구매한 제품입니다. 써보니 사용감이 좋지 않네요. 유분이 너무 많고 피부가 번들거립니다. 촉촉하지도 않아서 안 좋습니다. 재구매는 없을 듯하네요.,흡수력,피부가 번들거립니다.,-1,[속성] 흡수력 [문장] 피부가 번들거립니다.,,흡수력,unchanged
train,691996,쇼핑몰,남성화장품,OO 라** 옴므 올인원 에센스 150ml 1개,올인원 제품이 궁금해서 찾아보다가 오프라인 보다 온라인이 더 저렴해서 구입했습니다. 향도 좋고 발림도 부드러워서 좋은 것 같아요. 남자 친구 선물로 사 줬는데 좋아하네요.,향,향도 좋고,1,[속성] 향 [문장] 향도 좋고,,향,unchanged
train,692003,쇼핑몰,남성화장품,OO 라** 옴므 올인원 에센스 150ml 1개,저희 남편 선물해 주었는데 아주 잘 쓰고 있습니다. 촉촉하고 발림도 부드럽고 향도 좋다고 합니다. 저렴하게 잘 구입한 것 같아요. 남편이 매일 사용하기 좋다고 합니다.,보습력/수분감,촉촉하고,1,[속성] 보습력/수분감 [문장] 촉촉하고,,보습력/수분감/쿨링감,merged_duplicate_label
train,692083,쇼핑몰,남성화장품,OO 라** 옴므 올인원 에센스 150ml 1개,아들이 면도 시작하면서 얼굴이 거칠어지는 것 같다고 하여 올인원 제품으로 구입하게 되었어요. 향기는 은은해서 좋습니다. 촉촉하고 끈적거림 없어서 좋다고 하네요. 바르고 난 후에 피부가 촉촉하고 윤기 있어 진다고 합니다.,보습력/수분감,촉촉하고,1,[속성] 보습력/수분감 [문장] 촉촉하고,,보습력/수분감/쿨링감,merged_duplicate_label
train,692083,쇼핑몰,남성화장품,OO 라** 옴므 올인원 에센스 150ml 1개,아들이 면도 시작하면서 얼굴이 거칠어지는 것 같다고 하여 올인원 제품으로 구입하게 되었어요. 향기는 은은해서 좋습니다. 촉촉하고 끈적거림 없어서 좋다고 하네요. 바르고 난 후에 피부가 촉촉하고 윤기 있어 진다고 합니다.,보습력/수분감,피부가 촉촉하고,1,[속성] 보습력/수분감 [문장] 피부가 촉촉하고,,보습력/수분감/쿨링감,merged_duplicate_label
train,692207,쇼핑몰,남성화장품,OO 라** 옴므 올인원 에센스 150ml 1개,평이 좋아서 궁금해서 구매했는데 제 생각에는 품질이 좋지 않은 것 같아요. 배송도 느리고 가격도 비싸고 모든 것이 마음에 들지 않습니다.,가격,가격도 비싸고,-1,[속성] 가격 [문장] 가격도 비싸고,,가격,unchanged
train,692226,쇼핑몰,남성화장품,OO 라** 옴므 올인원 에센스 150ml 1개,순하고 사용감이 좋습니다. 특히 향이 과하지 않아서 좋은 것 같습니다.,자극성,순하고,1,[속성] 자극성 [문장] 순하고,,자극성,unchanged
train,692251,쇼핑몰,남성화장품,OO 라** 옴므 올인원 에센스 150ml 1개,아빠가 이것만 쓰셔서 항상 구매하는 제품이네요. 향도 좋고 발림성도 좋습니다.,향,향도 좋고,1,[속성] 향 [문장] 향도 좋고,,향,unchanged
train,692267,쇼핑몰,남성화장품,OO 아** 옴므 올인원 150ml 1개,여름에 사용하기에 좋은 촉촉하면서 가벼운 제형의 로션입니다. 시원하면서도 산뜻합니다.,보습력/수분감,시원하면서도,1,[속성] 보습력/수분감 [문장] 시원하면서도,,보습력/수분감/쿨링감,merged_duplicate_label
train,692267,쇼핑몰,남성화장품,OO 아** 옴므 올인원 150ml 1개,여름에 사용하기에 좋은 촉촉하면서 가벼운 제형의 로션입니다. 시원하면서도 산뜻합니다.,흡수력,산뜻합니다.,1,[속성] 흡수력 [문장] 산뜻합니다.,,흡수력,unchanged
train,692302,쇼핑몰,남성화장품,OO 아** 옴므 올인원 150ml 1개,이것저것 다 써봤지만 저한테는 잘 맞습니다. 촉촉하고 번들거리지 않아서 좋은 것 같아요. 가격만 더 저렴해지면 좋겠어요.,보습력/수분감,촉촉하고,1,[속성] 보습력/수분감 [문장] 촉촉하고,,보습력/수분감/쿨링감,merged_duplicate_label
train,692318,쇼핑몰,남성화장품,OO 아** 옴므 올인원 150ml 1개,향이 순하고 끈적임이 없어서 바르고 나면 산뜻하네요. 가격도 저렴하고 바쁜 아침 시간에 스킨과 로션을 한번에 바르니 시간도 절약 되어서 편합니다.,가격,가격도 저렴하고,1,[속성] 가격 [문장] 가격도 저렴하고,,가격,unchanged
train,692447,쇼핑몰,남성화장품,OO 아** 옴므 올인원 150ml 1개,배송도 빠르고 포장 상태도 좋았어요. 향도 좋고 올인원이라 사용이 편해서 좋습니다.,향,향도 좋고,1,[속성] 향 [문장] 향도 좋고,,향,unchanged
train,692538,쇼핑몰,남성화장품,OO 아** 옴므 올인원 150ml 1개,부모님께서 선물해주신 제품을 쓰다가 이번엔 내 피부 타입인 지성 피부용 제품으로 사용해보자 생각되어 구매했습니다. 촉촉하고 보습도 잘 되고 유분기도 잘 잡아줘서 좋습니다. 앞으로도 이 제품으로 쓸 것 같아요.,보습력/수분감,촉촉하고,1,[속성] 보습력/수분감 [문장] 촉촉하고,,보습력/수분감/쿨링감,merged_duplicate_label
train,692620,쇼핑몰,남성화장품,OO 아** 옴므 올인원 150ml 1개,피부가 지복합성에 민감한데 이 제품을 쓰면 촉촉하고 끈적임 없이 잘 스며들고 피부 트러블도 없어서 몇 년째 계속 잘 쓰고 있어요. 남자 화장품 특유의 향도 강하지 않아서 좋습니다.,보습력/수분감,촉촉하고,1,[속성] 보습력/수분감 [문장] 촉촉하고,,보습력/수분감/쿨링감,merged_duplicate_label
train,692801,쇼핑몰,남성화장품,OO 아** 옴므 올인원 150ml 1개,남편 피부가 지성이라 제품 고를 때 깐깐하게 보고 정하는 편이네요. 유분기가 없어서 좋고 촉촉하고 잘 발리고 끈적거림이 없어 좋다고 합니다. 이 제품 사용해 본 후로는 타 제품은 사용 안 하네요. 꾸준히 잘 사용하고 있어 만족하는 제품이네요.,보습력/수분감,촉촉하고,1,[속성] 보습력/수분감 [문장] 촉촉하고,,보습력/수분감/쿨링감,merged_duplicate_label
train,692843,쇼핑몰,남성화장품,OO 아** 옴므 올인원 150ml 1개,평소 꾸준하게 쓰고 있는 올인원 제품입니다. 향도 좋고 촉촉하고 순한 편이라 제 피부에 잘 맞습니다. 다음에도 구매할게요.,향,향도 좋고,1,[속성] 향 [문장] 향도 좋고,,향,unchanged
train,692843,쇼핑몰,남성화장품,OO 아** 옴므 올인원 150ml 1개,평소 꾸준하게 쓰고 있는 올인원 제품입니다. 향도 좋고 촉촉하고 순한 편이라 제 피부에 잘 맞습니다. 다음에도 구매할게요.,보습력/수분감,촉촉하고,1,[속성] 보습력/수분감 [문장] 촉촉하고,,보습력/수분감/쿨링감,merged_duplicate_label
train,692843,쇼핑몰,남성화장품,OO 아** 옴므 올인원 150ml 1개,평소 꾸준하게 쓰고 있는 올인원 제품입니다. 향도 좋고 촉촉하고 순한 편이라 제 피부에 잘 맞습니다. 다음에도 구매할게요.,기능/효과,제 피부에 잘 맞습니다.,1,[속성] 기능/효과 [문장] 제 피부에 잘 맞습니다.,,기능/효과,unchanged
train,692878,쇼핑몰,남성화장품,OO 아** 옴므 올인원 150ml 1개,향도 좋고 효능도 좋고 다 좋습니다. 품질 좋고 가격 착해요. 올인원 찾으시면 써 보세요.,향,향도 좋고,1,[속성] 향 [문장] 향도 좋고,,향,unchanged
train,692883,쇼핑몰,남성화장품,OO 아** 옴므 올인원 150ml 1개,사용해보니 향도 좋지도 않고 피부에 트러블이 생기네요. 저에겐 안 맞는 제품인 것 같습니다. 용기 펌핑도 여러번 눌러야 한 번 사용할 양이 나와서 사용하기 불편하네요.,편의성/활용성,사용하기 불편하네요.,-1,[속성] 편의성/활용성 [문장] 사용하기 불편하네요.,,편의성/활용성,unchanged
train,692910,쇼핑몰,남성화장품,OO 아** 옴므 올인원 150ml 1개,오늘 도착해서 발랐는데 피부가 당기네요. 촉촉하지 않아서 피부가 건조합니다. 겨울에 사용하기에는 안 좋은 것 같아요.,보습력/수분감,피부가 건조합니다.,-1,[속성] 보습력/수분감 [문장] 피부가 건조합니다.,,보습력/수분감/쿨링감,merged_duplicate_label
train,692958,쇼핑몰,남성화장품,OO 아** 옴므 올인원 150ml 1개,촉촉하고 향도 마음에 듭니다. 배송도 빠르고 특히 가격이 저렴해서 좋아요. 만족합니다. 추천해요.,보습력/수분감,촉촉하고,1,[속성] 보습력/수분감 [문장] 촉촉하고,,보습력/수분감/쿨링감,merged_duplicate_label
train,693032,쇼핑몰,남성화장품,OO 아** 옴므 올인원 150ml 1개,가격이 비싸서 안 좋은 것 같아요. 한 달 정도 사용했는데 피부가 번들거립니다. 여름에는 사용하기 안 좋을 것 같아요.,흡수력,피부가 번들거립니다.,-1,[속성] 흡수력 [문장] 피부가 번들거립니다.,,흡수력,unchanged
train,693283,쇼핑몰,남성화장품,OO 트** 플루이드 180ml 1개,배송은 빠르게 잘 받았어요. 항상 사용하는 제품인데 가격도 저렴하고 제 피부에 잘 맞아 좋습니다.,가격,가격도 저렴하고,1,[속성] 가격 [문장] 가격도 저렴하고,,가격,unchanged
train,693595,쇼핑몰,남성화장품,OO 트** 플루이드 180ml 1개,올인원이라 간편하게 바르기 좋습니다. 가벼워서 좋아요. 2개 구매해서 한동안 잘 쓸 것 같습니다.,흡수력,가벼워서 좋아요.,1,[속성] 흡수력 [문장] 가벼워서 좋아요.,,흡수력,unchanged
train,693627,쇼핑몰,남성화장품,OO 트** 플루이드 180ml 1개,"스킨, 로션 각각 바르는 거 귀찮아 하셔서 아버님 선물로 구매했습니다. 향도 좋고 보습도 괜찮은 것 같아요. 저렴한 가격도 만족해요.",향,향도 좋고,1,[속성] 향 [문장] 향도 좋고,,향,unchanged
train,693660,쇼핑몰,남성화장품,OO 트** 플루이드 180ml 1개,피부에 닿는 느낌도 부드럽고 향기도 은은해서 제가 원하는 상품이에요. 사용감이 과한 느낌도 없고 가격도 저렴하고 품질도 무난해서 좋아요.,가격,가격도 저렴하고,1,[속성] 가격 [문장] 가격도 저렴하고,,가격,unchanged
train,693662,쇼핑몰,남성화장품,OO 트** 플루이드 180ml 1개,개인적으로 피부에 가장 흡수가 잘되고 끈적임이 없어서 계속 사용하는 제품이에요. 향도 좋고 양도 많아서 부담없이 잘 사용하고 있어요. 경쟁력 있는 제품을 판매해 주셔서 감사해요.,향,향도 좋고,1,[속성] 향 [문장] 향도 좋고,,향,unchanged
train,693778,쇼핑몰,남성화장품,OO 트** 플루이드 180ml 1개,좋은 가격에 잘 구매했어요. 괜찮은 것 같습니다. 용량도 크고 가격도 저렴해서 만족합니다. 생각보다 배송도 빨리 와서 잘 받은 것 같습니다. 앞으로도 이런 상품들이 많이 출시 해주시길 바랍니다. 좋은 상품들을 많이 골라서 구매할 수 있으면 좋겠습니다.,가격,좋은 가격에 잘 구매했어요.,1,[속성] 가격 [문장] 좋은 가격에 잘 구매했어요.,,가격,unchanged
train,693923,쇼핑몰,남성화장품,OO 트** 플루이드 180ml 1개,진한 향을 선호하는데 일반 스킨과 로션 향이라 아쉬웠어요. 발림성 좋고 잘 스며들어서 좋네요.,발림성,발림성 좋고,1,[속성] 발림성 [문장] 발림성 좋고,,발림성,unchanged
train,693968,쇼핑몰,남성화장품,OO 트** 플루이드 180ml 1개,발림성이 좋고 올인원이라 사용하기 편리해서 잘 사용하고 있습니다. 가격만 더 저렴해지면 좋겠습니다.,발림성,발림성이 좋고,1,[속성] 발림성 [문장] 발림성이 좋고,,발림성,unchanged
train,693988,쇼핑몰,남성화장품,OO 트** 플루이드 180ml 1개,기존에 사용했던 제품보다 가격도 비싸고 향도 약해서 별로네요. 강한 향이 아니라 아쉽네요. 용기도 화장품처럼 보이지 않습니다.,편의성/활용성,가격도 비싸고,-1,[속성] 편의성/활용성 [문장] 가격도 비싸고,,편의성/활용성,unchanged
train,694031,쇼핑몰,남성화장품,OO 트** 플루이드 180ml 1개,"바쁜 아침 시간에 아무것도 안 바르자니 좀 그렇고 번거롭게 이것저것 바르자니 귀찮아서 구매했습니다. 2, 3가지를 한번에 간편하게 사용할 수 있어 제겐 고마운 존재입니다. 향도 좋고 배송도 빨라서 맘에 들어요.",향,향도 좋고,1,[속성] 향 [문장] 향도 좋고,,향,unchanged
train,694057,쇼핑몰,남성화장품,OO 트** 플루이드 180ml 1개,가격도 비싸고 구성도 맘에 들지 않네요. 기대했는데 생각보다 향이 약해요. 강한 향을 원하시는 분들에겐 약해서 안 맞을 것 같아요.,가격,가격도 비싸고,-1,[속성] 가격 [문장] 가격도 비싸고,,가격,unchanged
train,694063,쇼핑몰,남성화장품,OO 트** 플루이드 180ml 1개,남편이 사 달라고 해서 구매하게 되었습니다. 순하지 않고 향이 지독하네요. 향이 좋지 않아서 사용을 못 할 것 같습니다.,향,향이 좋지 않아서,-1,[속성] 향 [문장] 향이 좋지 않아서,,향,unchanged
train,694073,쇼핑몰,남성화장품,OO 트** 플루이드 180ml 1개,OOO OO가 향도 좋고 쓰기 편해서 계속 구매하게 되네요. 가격도 싸고 사은품으로 주신 폼클렌징과 여행용세트도 너무 마음에 들어요. 착한 가격이라 너무 좋네요.,향,향도 좋고,1,[속성] 향 [문장] 향도 좋고,,향,unchanged
train,694079,쇼핑몰,남성화장품,OO 트** 플루이드 180ml 1개,남편이 이 브랜드만 사용해요. 제형이 묽지 않아서 좋고 향이 마음에 듭니다. 디자인도 예뻐요.,향,향이 마음에 듭니다.,1,[속성] 향 [문장] 향이 마음에 듭니다.,,향,unchanged
train,694101,쇼핑몰,남성화장품,OO 트** 플루이드 180ml 1개,사용해보고 좋아서 재구매 했습니다. 가격도 저렴하고 향도 좋아서 맘에 들어요. 계속 사용할 것 같습니다.,가격,가격도 저렴하고,1,[속성] 가격 [문장] 가격도 저렴하고,,가격,unchanged
train,694181,쇼핑몰,남성화장품,OO 트** 플루이드 180ml 1개,일단 용기부터가 이쁩니다. 늘 사용하는 브랜드인데 이번엔 다른 라인을 사용하려고 찾던중 올인원제품 이라길래 구매해서 사용해봤습니다. 저는 지성 피부이고 끈적이고 유분기 넘치는거 싫어하는데 이거는 완전 저한테 잘 맞네요. 바로 스며들어 촉촉하고 끈적임 없고 진짜 좋아요.,보습력/수분감,촉촉하고,1,[속성] 보습력/수분감 [문장] 촉촉하고,,보습력/수분감/쿨링감,merged_duplicate_label
train,694211,쇼핑몰,남성화장품,OO 트** 플루이드 180ml 1개,병모양이 산뜻하고 깔끔합니다. 세수하고 이제품 하나만 바르면 되니까 아주 편해요. 하나만 발라도 부족하지 않는 품질입니다. 사용기한이 2024년 4월 29일 까지로 매우 길어서 만족해요.,용기,깔끔합니다.,1,[속성] 용기 [문장] 깔끔합니다.,,용기,unchanged
train,694242,쇼핑몰,남성화장품,OO 트** 플루이드 180ml 1개,펌프식이라 사용하기 편하고 끈적임 없어서 좋아요. 다만 가격이 비싸서 이벤트나 프로모션을 자주 해주시면 좋을 것 같아요. 사은품 선크림도 잘 쓸께요.,편의성/활용성,펌프식이라 사용하기 편하고,1,[속성] 편의성/활용성 [문장] 펌프식이라 사용하기 편하고,,편의성/활용성,unchanged
train,694254,쇼핑몰,남성화장품,OO 트** 플루이드 180ml 1개,간편하게 바를 수 있는 것은 좋으나 보습력이 좋지 않고 가격도 비싸고 배송도 느렸습니다.,가격,가격도 비싸고,-1,[속성] 가격 [문장] 가격도 비싸고,,가격,unchanged
train,694269,쇼핑몰,남성화장품,OO 파** 옴므 올인원 플루이드 100ml 2개,가격도 저렴하고 발림성도 좋았는데 보습력이 거의 없어서 아쉽네요. 여름에 사용하기 좋은 것 같아요. 보습력이 없다 보니 겨울에는 바르면 피부가 건조합니다. 보습력이 더 보완 되어서 나오면 좋을 것 같습니다.,가격,가격도 저렴하고,1,[속성] 가격 [문장] 가격도 저렴하고,,가격,unchanged
train,694269,쇼핑몰,남성화장품,OO 파** 옴므 올인원 플루이드 100ml 2개,가격도 저렴하고 발림성도 좋았는데 보습력이 거의 없어서 아쉽네요. 여름에 사용하기 좋은 것 같아요. 보습력이 없다 보니 겨울에는 바르면 피부가 건조합니다. 보습력이 더 보완 되어서 나오면 좋을 것 같습니다.,보습력/수분감,피부가 건조합니다.,-1,[속성] 보습력/수분감 [문장] 피부가 건조합니다.,,보습력/수분감/쿨링감,merged_duplicate_label
train,694274,쇼핑몰,남성화장품,OO 파** 옴므 올인원 플루이드 100ml 2개,OOO OO 괜찮아서 재구매 했어요. 피부가 촉촉하고 좋아지는 느낌이 듭니다. 가격도 만족합니다. 친구가 추천해줘서 처음 써봤는데 정말 좋네요. 다 쓰고 또 구매할 생각입니다.,보습력/수분감,피부가 촉촉하고,1,[속성] 보습력/수분감 [문장] 피부가 촉촉하고,,보습력/수분감/쿨링감,merged_duplicate_label
train,694325,쇼핑몰,남성화장품,OO 파** 옴므 올인원 플루이드 100ml 2개,할인 해서 저렴한 가격에 구입했습니다. 사용하기 편리하고 데일리로 사용하기 좋습니다.,편의성/활용성,데일리로 사용하기 좋습니다.,1,[속성] 편의성/활용성 [문장] 데일리로 사용하기 좋습니다.,,편의성/활용성,unchanged
train,694345,쇼핑몰,남성화장품,OO 파** 옴므 올인원 플루이드 100ml 2개,평소 로션 바르기 귀찮아하는 남편이 사용하려고 처음 주문하고 사용해 봤는데 향도 괜찮고 마음에 드네요. 가격도 저렴하고 아들하고 같이 써도 좋을 것 같습니다.,가격,가격도 저렴하고,1,[속성] 가격 [문장] 가격도 저렴하고,,가격,unchanged
train,694348,쇼핑몰,남성화장품,OO 파** 옴므 올인원 플루이드 100ml 2개,촉촉하니 잘 발리고 끈적거림도 없고 냄새가 강하지 않아서 좋아요.,보습력/수분감,촉촉하니,1,[속성] 보습력/수분감 [문장] 촉촉하니,,보습력/수분감/쿨링감,merged_duplicate_label
train,694355,쇼핑몰,남성화장품,OO 파** 옴므 올인원 플루이드 100ml 2개,OOO 제품이 순하고 향도 너무 좋아요. 겨울에는 사용하기에는 건조한 느낌이 드네요.,자극성,순하고,1,[속성] 자극성 [문장] 순하고,,자극성,unchanged
train,694358,쇼핑몰,남성화장품,OO 파** 옴므 올인원 플루이드 100ml 2개,촉촉하고 보습력도 좋습니다. 가성비 좋은 올인원이네요. 값도 부담 없고 1+1이라서 좋고 양이 넉넉해서 오래 쓰겠어요. 다음에 또 살게요.,보습력/수분감,촉촉하고,1,[속성] 보습력/수분감 [문장] 촉촉하고,,보습력/수분감/쿨링감,merged_duplicate_label
train,694511,쇼핑몰,남성화장품,OO 파** 옴므 올인원 플루이드 100ml 2개,상품 품질이 좋지 않아 추천 안 합니다. 처음 사 봤는데 가격도 비싸고 구성도 좋지 않습니다.,가격,가격도 비싸고,-1,[속성] 가격 [문장] 가격도 비싸고,,가격,unchanged
train,694610,쇼핑몰,남성화장품,OO 파** 옴므 올인원 플루이드 100ml 2개,13일에 주문 했는데 19일에 배송이 왔습니다. 배송이 너무 느린 것 같아서 불만이네요. 가격도 다른 곳 보다 비싸게 주고 샀는데 배송도 느리고 판매자는 샘플 하나 보내지 않았습니다. 제품은 사용해보니 용량이 생각보다 작았고 향이 좋지 않아서 구매를 후회하고 있습니다. 재구매는 안 할 것 같아요.,향,향이 좋지 않아서,-1,[속성] 향 [문장] 향이 좋지 않아서,,향,unchanged
train,694686,쇼핑몰,남성화장품,OO 파** 옴므 올인원 플루이드 100ml 2개,남동생한테 선물했어요. 뭐 챙겨 바르는 스타일이 아니라 하나 바를 때 다 해결해야 하는 걸로 찾다가 이걸 사줬습니다. 동생이 발림성이 좋고 피부가 촉촉하다고 같은 제품으로 또 사 달라고 해서 샀습니다.,발림성,발림성이 좋고,1,[속성] 발림성 [문장] 발림성이 좋고,,발림성,unchanged
train,694703,쇼핑몰,남성화장품,OO 파** 옴므 올인원 플루이드 100ml 2개,가벼운 제형이라 좋은 것 같고 향도 좋고 1+1 구성이라서 좋은 것 같아요.,향,향도 좋고,1,[속성] 향 [문장] 향도 좋고,,향,unchanged
train,694729,쇼핑몰,남성화장품,OO 파** 옴므 올인원 플루이드 100ml 2개,타사 OOO쓰다가 이 제품으로 바꿨봤습니다. 사용해보니 로션도 섞인 제품이라 그런지 제형이 뻑뻑해서 피부에 좀 더 두껍게 발리네요. 끈적임도 있고 무겁습니다. 여름에는 사용하면 안 좋을 것 같습니다.,흡수력,무겁습니다.,-1,[속성] 흡수력 [문장] 무겁습니다.,,흡수력,unchanged
train,694763,쇼핑몰,남성화장품,OO 파** 옴므 올인원 플루이드 100ml 2개,현재 사용중인 제품이라 다시 재구매한 제품이에요. 가격도 저렴하고 사은품도 많이 보내주셔서 좋았습니다.,가격,가격도 저렴하고,1,[속성] 가격 [문장] 가격도 저렴하고,,가격,unchanged
train,694813,쇼핑몰,남성화장품,OO 파** 옴므 올인원 플루이드 100ml 2개,여름이라 피지가 너무 많아서 주문했습니다. 산뜻하게 잘 발리고 여름에 사용하기 좋습니다.,흡수력,산뜻하게 잘 발리고,1,[속성] 흡수력 [문장] 산뜻하게 잘 발리고,,흡수력,unchanged
train,694892,쇼핑몰,남성화장품,OO 파** 옴므 올인원 플루이드 100ml 2개,올인원 제품을 좋아하는데 너무 금방 닳는 것 같아서 1+1 행사 하는 제품으로 샀습니다. 향도 좋고 발림성도 좋아서 재구매 의사 있습니다. 효과가 좋았으면 좋겠네요.,향,향도 좋고,1,[속성] 향 [문장] 향도 좋고,,향,unchanged
train,694983,쇼핑몰,남성화장품,OO 파** 옴므 올인원 플루이드 100ml 2개,몇달전에 구매해서 사용한 제품인데 순하고 괜찮네요. 그래서 가성비도 좋아서 재구매했는데 용량이 적어서 실망이예요. 양이 적어서 아쉽기는 하지만 2개 구성이라 한달 이상은 사용할 듯 해요. 괜찮으면 또 구매하겠습니다.,자극성,순하고,1,[속성] 자극성 [문장] 순하고,,자극성,unchanged
train,695051,쇼핑몰,남성화장품,OO 파** 옴므 올인원 플루이드 100ml 2개,배송 빠르네요. 150ml과 함께 여행용으로 구입했습니다. 늘 사용하는데 가격도 저렴하고 항도 좋습니다.,가격,가격도 저렴하고,1,[속성] 가격 [문장] 가격도 저렴하고,,가격,unchanged
train,695126,쇼핑몰,남성화장품,OO 파** 옴므 올인원 플루이드 100ml 2개,계속 사용하고 있는 제품이네요. 향이 자극적이지 않고 피부가 끈적이지 않아서 좋아요. 빠르게 잘 받았어요.,향,향이 자극적이지 않고,1,[속성] 향 [문장] 향이 자극적이지 않고,,향,unchanged
train,695165,쇼핑몰,남성화장품,OO 파** 옴므 올인원 플루이드 100ml 2개,가격도 저렴하고 올인원이라 휴대하기 편리해서 자주 사용하고 있습니다. 용량만 더 많아지면 좋겠어요.,가격,가격도 저렴하고,1,[속성] 가격 [문장] 가격도 저렴하고,,가격,unchanged
train,695383,쇼핑몰,남성화장품,OO 맨 센** 올인원 로션 125ml 1개,배송도 빠르게 상품 잘 도착했습니다. 향도 좋고 사용기간도 길어서 좋아요. 다만 케이스가 로션통 같지 않아서 조금 낯서네요.,향,향도 좋고,1,[속성] 향 [문장] 향도 좋고,,향,unchanged
train,695555,쇼핑몰,남성화장품,OO 맨 센** 올인원 로션 125ml 1개,상품 빠르게 잘 받았어요. 생각보다는 용기 사이즈는 작네요. 향도 좋고 촉감도 촉촉해서 좋고 가격도 아주 저렴해서 좋아요.,향,향도 좋고,1,[속성] 향 [문장] 향도 좋고,,향,unchanged
train,695688,쇼핑몰,남성화장품,OO 맨 센** 올인원 로션 125ml 1개,향도 좋고 보습력도 좋은데 용기가 아주 불편하게 되어있어요. 구멍을 작게 뚫어 놨으면 좀 나을텐데 입구가 너무 커서 질질 흘리네요. 아마도 소비를 촉진 시키려고 머리쓴게 아닐까 합니다.,향,향도 좋고,1,[속성] 향 [문장] 향도 좋고,,향,unchanged
train,695744,쇼핑몰,남성화장품,OO 옴므 파** 올인원 150ml 2개,돈이 아깝네요. 품질이 싼 만큼입니다. 방금 샤워하고 발라봤는데 보습력이 약해서 로션은 따로 발라야 될 거 같아요. 품질이 기대 이하의 제품입니다.,품질,돈이 아깝네요.,-1,[속성] 품질 [문장] 돈이 아깝네요.,,품질,unchanged
train,695973,쇼핑몰,남성화장품,OO 옴므 파** 올인원 150ml 2개,배송은 보통입니다. 박스로 잘 받았습니다. 얼굴에 발림성 좋고 향도 진하지 않아 좋습니다. 단 유리병이라 짜지지 않고 손바닥에 탁탁쳐서 발라야 합니다. 로션은 잘 발리고 끈적이지 않아서 마음에 들어요.,발림성,발림성 좋고,1,[속성] 발림성 [문장] 발림성 좋고,,발림성,unchanged
train,696232,쇼핑몰,남성화장품,OO 옴므 파** 올인원 150ml 2개,배송도 빠르고 가격도 저렴하고 맘에 들어요. 제 피부에 잘 맞아 꾸준히 쓰고 있습니다.,가격,가격도 저렴하고,1,[속성] 가격 [문장] 가격도 저렴하고,,가격,unchanged
train,696372,쇼핑몰,남성화장품,OO 옴므 파** 올인원 150ml 2개,할인 행사가 있어 저렴하게 구매했습니다. 향도 좋고 가성비가 좋아 보이네요.,향,향도 좋고,1,[속성] 향 [문장] 향도 좋고,,향,unchanged
train,696388,쇼핑몰,남성화장품,OO 옴므 파** 올인원 150ml 2개,여름에 사용하기 좋은 화장품입니다. 향도 좋고 제형이 가벼워서 좋습니다.,향,향도 좋고,1,[속성] 향 [문장] 향도 좋고,,향,unchanged
train,696488,쇼핑몰,남성화장품,OO 옴므 파** 올인원 150ml 2개,시험 삼아 한번 구매하고 2세트 더 구매했어요. 부드럽게 잘 발리고 피부가 촉촉해서 좋은 것 같아요.,발림성,부드럽게 잘 발리고,1,[속성] 발림성 [문장] 부드럽게 잘 발리고,,발림성,unchanged
train,696805,쇼핑몰,남성화장품,OO 퍼** 스킨밀크 에센스 1000ml 1개,보습력이 최악입니다. 여태껏 사용한 로션이나 크림 중에서 보습력이 가장 좋지 않습니다. 제형도 너무 묽어서 별로고 보습력도 떨어져 피부가 다 텄습니다. 건조한 계절에는 듬뿍 발라도 피부가 건조합니다. 도저히 쓸 수가 없을 정도입니다. 버릴 수는 없어 그냥 놔두고 있습니다. 예전에 쓰던 크림을 다시 꺼내서 바르고 있네요. 용량은 크지만 전체적인 품질은 좋지 않은 것 같습니다.,보습력/수분감,피부가 건조합니다.,-1,[속성] 보습력/수분감 [문장] 피부가 건조합니다.,,보습력/수분감/쿨링감,merged_duplicate_label
train,696844,쇼핑몰,남성화장품,OO 아** 옴므 선 올인원 플루이드 100ml 1개,선크림 쓰고 있는 건 너무 번들거린다고 해서 이 제품으로 주문했어요. 촉촉하고 향도 진하지 않아 좋은데 향이 오래가지는 않는다고 하네요.,보습력/수분감,촉촉하고,1,[속성] 보습력/수분감 [문장] 촉촉하고,,보습력/수분감/쿨링감,merged_duplicate_label
train,696888,쇼핑몰,남성화장품,OO 아** 옴므 선 올인원 플루이드 100ml 1개,꾸준히 사용하는 제품이네요. 촉촉하고 피부가 당기지 않아서 좋습니다.,보습력/수분감,촉촉하고,1,[속성] 보습력/수분감 [문장] 촉촉하고,,보습력/수분감/쿨링감,merged_duplicate_label
train,696892,쇼핑몰,남성화장품,OO 아** 옴므 선 올인원 플루이드 100ml 1개,전에 쓰던 거 다 써서 이번엔 대용량으로 주문했는데 가격도 저렴하고 사은품으로 폼클렌징이 와서 좋습니다.,가격,가격도 저렴하고,1,[속성] 가격 [문장] 가격도 저렴하고,,가격,unchanged
train,696901,쇼핑몰,남성화장품,OO 아** 옴므 선 올인원 플루이드 100ml 1개,행사로 싸게 샀습니다 1+1에 가격 할인도 하고 사은품으로 클렌징폼까지 보내 주셨어요. 향도 좋고 배송도 빠르고 좋습니다. 만족스러워요.,향,향도 좋고,1,[속성] 향 [문장] 향도 좋고,,향,unchanged
train,696937,쇼핑몰,남성화장품,OO 아** 옴므 선 올인원 플루이드 100ml 1개,항상 쓰고 있는 OOO제품입니다. 배송도 빠르고 가격도 저렴하고 귀찮은 남자들이 사용하기 간편해서 좋습니다. 사용기간도 넉넉해서 만족합니다.,가격,가격도 저렴하고,1,[속성] 가격 [문장] 가격도 저렴하고,,가격,unchanged
train,696961,쇼핑몰,남성화장품,OO 아** 옴므 선 올인원 플루이드 100ml 1개,주문하자마자 신속히 배송되었고 포장도 튼튼했습니다. 재구매하는 거라 품질은 믿고 사용합니다. 특히 용기가 펌프 형태라 편리합니다. 이번에 쇼핑몰 행사로 가격도 저렴하고 온전한 제품으로 잘 받았어요.,가격,가격도 저렴하고,1,[속성] 가격 [문장] 가격도 저렴하고,,가격,unchanged
train,696973,쇼핑몰,남성화장품,OO 아** 옴므 선 올인원 플루이드 100ml 1개,가격 착하고 촉촉하고 향이 좋아서 꾸준히 쓰고 있습니다. 끈적임 없이 발림성이 좋습니다.,보습력/수분감,촉촉하고,1,[속성] 보습력/수분감 [문장] 촉촉하고,,보습력/수분감/쿨링감,merged_duplicate_label
train,697017,쇼핑몰,남성화장품,OO 아** 옴므 선 올인원 플루이드 100ml 1개,주문한 지 이틀만에 배송 받았고 포장 상태도 양호했습니다. 평이 괜찮아서 구매해 봤어요. 용량도 많고 할인해서 저렴하게 구입했습니다. 촉촉하고 잘 스며들어 끈적이지 않아 좋습니다.,보습력/수분감,촉촉하고,1,[속성] 보습력/수분감 [문장] 촉촉하고,,보습력/수분감/쿨링감,merged_duplicate_label
train,697118,쇼핑몰,남성화장품,OO 아** 옴므 선 올인원 플루이드 100ml 1개,향도 은은하고 보습도 좋고 무엇보다 올인원 제품이라 편하게 사용할 수 있어 좋습니다.,보습력/수분감,보습도 좋고,1,[속성] 보습력/수분감 [문장] 보습도 좋고,,보습력/수분감/쿨링감,merged_duplicate_label
train,697124,쇼핑몰,남성화장품,OO 아** 옴므 선 올인원 플루이드 100ml 1개,한 번 써보고 품질이 마음에 들지 않아서 사용 안 합니다. 사용감이 안 좋고 바르면 피부가 번들거립니다.,흡수력,피부가 번들거립니다.,-1,[속성] 흡수력 [문장] 피부가 번들거립니다.,,흡수력,unchanged
train,697126,쇼핑몰,남성화장품,OO 아** 옴므 선 올인원 플루이드 100ml 1개,할인 받아서 저렴하게 구입했어요. 이 제품만 사용하고 있습니다. 촉촉하고 사용하기 간편해서 좋습니다.,보습력/수분감,촉촉하고,1,[속성] 보습력/수분감 [문장] 촉촉하고,,보습력/수분감/쿨링감,merged_duplicate_label
train,697177,쇼핑몰,남성화장품,OO 아** 옴므 선 올인원 플루이드 100ml 1개,평소 잘 사용하고 있는 제품입니다. 보습도 좋고 빨리 잘 스며들어서 좋습니다. 유통기간도 길어서 만족해요.,보습력/수분감,보습도 좋고,1,[속성] 보습력/수분감 [문장] 보습도 좋고,,보습력/수분감/쿨링감,merged_duplicate_label
train,697197,쇼핑몰,남성화장품,OO 아** 옴므 선 올인원 플루이드 100ml 1개,순하고 향도 진하지 않아서 좋습니다. 올인원이라 한번에 간단히 사용할 수 있어 편합니다.,자극성,순하고,1,[속성] 자극성 [문장] 순하고,,자극성,unchanged
train,697323,쇼핑몰,남성화장품,OO 아** 옴므 선 올인원 플루이드 100ml 1개,가성비 좋네요. 피부가 촉촉하고 올인원이라 매우 편합니다. 넉넉한 양으로 1+1이에요. 용기 펌프질도 쉽고 끝까지 잘나옵니다.,보습력/수분감,피부가 촉촉하고,1,[속성] 보습력/수분감 [문장] 피부가 촉촉하고,,보습력/수분감/쿨링감,merged_duplicate_label
train,697353,쇼핑몰,남성화장품,OO 아** 옴므 선 올인원 플루이드 100ml 1개,가격 대비 품질이 좋지 않습니다. 가성비가 없는 것 같아요. 용량은 많지만 피부 끈적임이 심해서 피부가 번들거립니다. 재구매는 안 할 것 같습니다.,흡수력,피부가 번들거립니다.,-1,[속성] 흡수력 [문장] 피부가 번들거립니다.,,흡수력,unchanged
train,697366,쇼핑몰,남성화장품,OO 아** 옴므 선 올인원 플루이드 100ml 1개,시아버님 사 드리고 어떠신지 여쭤 보니 촉촉함도 좋고 금방 스며든다고 하십니다. 미끌거리지도 않고 향이 너무 좋다고 하셔요. 남편 화장품도 떨어지면 이걸로 사 주려고 합니다.,흡수력,미끌거리지도 않고,1,[속성] 흡수력 [문장] 미끌거리지도 않고,,흡수력,unchanged
train,697380,쇼핑몰,남성화장품,OO 아** 옴므 선 올인원 플루이드 100ml 1개,항상 쓰는 ㅇㅇㅇ 올인원 제품입니다. 스킨 로션이 합쳐져 있어서 매우 편리합니다. 가격도 저렴하고 트러블도 없어서 몇년째 계속 사용하고 있습니다. 배송도 빨라요.,가격,가격도 저렴하고,1,[속성] 가격 [문장] 가격도 저렴하고,,가격,unchanged
train,685083,쇼핑몰,남성화장품,OO 한** 올인원 200ml 1개,처음에 얼굴에 트러블이 생기길래 많이 발라서 그런가 했는데 양을 줄여서 발라도 트러블이 나네요. 보습도 잘 안되고요. 스킨 필요 없이 하나만 바르면 된다고 해서 구매했는데 제형이 묽어서 사용하기 불편하네요.,편의성/활용성,사용하기 불편하네요.,-1,[속성] 편의성/활용성 [문장] 사용하기 불편하네요.,,편의성/활용성,unchanged
train,685114,쇼핑몰,남성화장품,OO 한** 올인원 200ml 1개,보습력이 좋고 발림성도 좋고 피부에 촉촉하게 잘 스며들어요. 세안 후에 이거 하나만 발라도 좋은데 용기에서 내용물이 새어나와서 사용하기 불편하네요. 쿨링감도 좋은데 향이 제 취향이 아닙니다. 가격대비 용량도 작아요. 그래도 만족합니다.,편의성/활용성,사용하기 불편하네요.,-1,[속성] 편의성/활용성 [문장] 사용하기 불편하네요.,,편의성/활용성,unchanged
train,685128,쇼핑몰,남성화장품,OO 한** 올인원 200ml 1개,"여러가지 바르는건 귀찮아서 올인원만 쓰는데, 지금까지 써 본 다른 올인원 제품에 비해서 별로네요. 다른 제품에 비해 가격도 비싸고 발림성도 보습력도 부족한 것 같습니다.",가격,가격도 비싸고,-1,[속성] 가격 [문장] 가격도 비싸고,,가격,unchanged
train,685129,쇼핑몰,남성화장품,OO 한** 올인원 200ml 1개,스킨과 로션 두 개 바르기도 귀찮아하는 남편에게 사줬습니다. 보습도 좋고 발림성도 괜찮습니다. 트러블이 많이 있는 피부인데 최근에는 트러블이 생기지 않네요.,보습력/수분감,보습도 좋고,1,[속성] 보습력/수분감 [문장] 보습도 좋고,,보습력/수분감/쿨링감,merged_duplicate_label
train,685238,쇼핑몰,남성화장품,OO 한** 올인원 200ml 1개,"다른 제품 사용하다가 궁금해서 구매해 봤습니다. 끈적거리고 흡수가 잘 안 되네요. 스킨, 에센스, 로션 따로 안 바르고 한 번에 해결된다고 해서 기대했는데 유분기가 많아서 사용하기 불편하네요. 무겁고 끈적여서 손이 잘 안 갑니다.",편의성/활용성,사용하기 불편하네요.,-1,[속성] 편의성/활용성 [문장] 사용하기 불편하네요.,,편의성/활용성,unchanged
train,685247,쇼핑몰,남성화장품,OO 한** 올인원 200ml 1개,가격 대비 용량이 많습니다. 가성비도 좋아요. 촉촉하고 순하고 향도 은은해서 마음에 드는 제품입니다. 구매 추천 드리겠습니다. 다음에 저도 또 사서 사용할 것 같습니다. 고민 마시고 구매해보세요.,보습력/수분감,촉촉하고,1,[속성] 보습력/수분감 [문장] 촉촉하고,,보습력/수분감/쿨링감,merged_duplicate_label
train,685247,쇼핑몰,남성화장품,OO 한** 올인원 200ml 1개,가격 대비 용량이 많습니다. 가성비도 좋아요. 촉촉하고 순하고 향도 은은해서 마음에 드는 제품입니다. 구매 추천 드리겠습니다. 다음에 저도 또 사서 사용할 것 같습니다. 고민 마시고 구매해보세요.,자극성,순하고,1,[속성] 자극성 [문장] 순하고,,자극성,unchanged
train,685265,쇼핑몰,남성화장품,OO 한** 올인원 200ml 1개,꾸준히 사용하고 있는 제품이라 떨어지기 전에 구매하게 되네요. 촉촉하고 발림성도 좋고 끈적이지 않아 좋아요. 좀 더 저렴하면 좋을 것 같아요.,보습력/수분감,촉촉하고,1,[속성] 보습력/수분감 [문장] 촉촉하고,,보습력/수분감/쿨링감,merged_duplicate_label
train,685281,쇼핑몰,남성화장품,OO 한** 올인원 200ml 1개,궁금해서 여기 저기 검색도 많이 하고 후기도 많이 봤습니다. 우선은 써보는 게 가장 빠른듯하여 주문해서 사용해 봤어요. 로션 같은 제형을 기대했는데 일반 스킨처럼 제형이 묽어서 사용하기 불편하네요. 샘플로 받은 크림은 제형이 로션처럼 묽어서 별로예요.,편의성/활용성,사용하기 불편하네요.,-1,[속성] 편의성/활용성 [문장] 사용하기 불편하네요.,,편의성/활용성,unchanged
train,685291,쇼핑몰,남성화장품,OO 한** 올인원 200ml 1개,남편에게 보습력 좋은 비싼 로션 많이 사 줬는데 지복합성이라 여름에는 잘 안 바르려고 해서 이 제품을 사줬습니다. 끈적거리지 않고 유분을 잘 잡아줘서 이 제품으로 사 달라고 합니다.,보습력/수분감,유분을 잘 잡아줘서,1,[속성] 보습력/수분감 [문장] 유분을 잘 잡아줘서,,보습력/수분감/쿨링감,merged_duplicate_label
train,685311,쇼핑몰,남성화장품,OO 한** 올인원 200ml 1개,끈적이지 않고 사용하고 나면 산뜻합니다. 그런데 생각보다 보습력은 떨어지는 거 같아요.,흡수력,산뜻합니다.,1,[속성] 흡수력 [문장] 산뜻합니다.,,흡수력,unchanged
train,685330,쇼핑몰,남성화장품,OO 한** 올인원 200ml 1개,먼저 쓰던 게 조금 밖에 안 남아서 미리 주문했습니다. 간단하게 하나만 바르면 되니 다른 것보다는 사용하기 편합니다. 그리고 1박 이상 여행이나 출장 갈 때 가지고 다니기가 편해서 더 좋습니다. 발림성 좋고 바르고 나면 촉촉해 보여요.,발림성,발림성 좋고,1,[속성] 발림성 [문장] 발림성 좋고,,발림성,unchanged
train,685375,쇼핑몰,남성화장품,OO 한** 올인원 200ml 1개,미끈거리지 않고 유분감이 없어서 잘 쓰고 있어요. 양도 적당하고 스킨 로션 한번에 사용할 수 있어 간편하다고 좋아합니다. 앞으로도 계속 구매해서 사용할 것 같고 지인에게도 추천해요.,흡수력,미끈거리지 않고,1,[속성] 흡수력 [문장] 미끈거리지 않고,,흡수력,unchanged
train,685404,쇼핑몰,남성화장품,OO 한** 올인원 200ml 1개,정착한 스킨 로션입니다. 올인원이라 사용하기 편하네요. 피부가 번들거리지 않고 유분기를 잡아줘서 여름에 사용하기 좋습니다. 겨울에 사용하기에는 건조한 편입니다. 제형이 액체라서 아쉽지만 전체적으로 제품 만족합니다.,보습력/수분감,유분기를 잡아줘서,1,[속성] 보습력/수분감 [문장] 유분기를 잡아줘서,,보습력/수분감/쿨링감,merged_duplicate_label
train,685407,쇼핑몰,남성화장품,OO 한** 올인원 200ml 1개,자극적이지도 않으면서 피부를 촉촉하게 해주네요. 유분기를 잡아주고 번들거리지 않아서 좋습니다. 남자들이 간편하게 사용하기에 좋을 것 같습니다. 재구매 의사 있어요.,보습력/수분감,유분기를 잡아주고,1,[속성] 보습력/수분감 [문장] 유분기를 잡아주고,,보습력/수분감/쿨링감,merged_duplicate_label
train,697597,쇼핑몰,남성화장품,OO 아** 옴므 선 올인원 플루이드 100ml 1개,쓰던 제품보다 약간 고가이지만 올인원 제품 치고는 촉촉하고 마지막까지 남김 없이 펌핑하여 쓸 수 있는 용기가 특히 좋습니다.,보습력/수분감,촉촉하고,1,[속성] 보습력/수분감 [문장] 촉촉하고,,보습력/수분감/쿨링감,merged_duplicate_label
train,697794,쇼핑몰,남성화장품,OO 아** 옴므 선 올인원 플루이드 100ml 1개,가격도 저렴하고 배송도 빨라서 좋습니다. 향도 많이 강하지 않고 은은해서 좋습니다. 가격대비 품질이 평균 이상입니다.,가격,가격도 저렴하고,1,[속성] 가격 [문장] 가격도 저렴하고,,가격,unchanged
train,697886,쇼핑몰,남성화장품,OO 고** 포 맨 올인원 플루이드 150ml 1개,간편하게 바를 수 있고 한 번에 끝낼 수 있어서 좋아요. 올인원이라 사용하기 편리해요. 순하고 끈적임이 없어서 좋습니다.,자극성,순하고,1,[속성] 자극성 [문장] 순하고,,자극성,unchanged
train,698111,쇼핑몰,남성화장품,OO 고** 포 맨 올인원 플루이드 150ml 1개,끈적임 없이 촉촉하고 잘 스며들어 좋습니다. 사용기간도 길어서 좋아요. 빠른 배송도 만족합니다.,보습력/수분감,촉촉하고,1,[속성] 보습력/수분감 [문장] 촉촉하고,,보습력/수분감/쿨링감,merged_duplicate_label
train,698130,쇼핑몰,남성화장품,OO 고** 포 맨 올인원 플루이드 150ml 1개,화장품 순서 지켜 바르기 귀찮아 하는 아들이 이건 하나로 다 되니 편하다고 좋아합니다. 피부 예민할 나이인데 순하고 발림성 좋아서 애용하는 중입니다. 올인원 제품 몇 가지 사용해 봤는데 이 제품이 가장 순하고 좋다고 합니다. 이 제품에 정착할 것 같습니다.,자극성,순하고,1,[속성] 자극성 [문장] 순하고,,자극성,unchanged
train,698187,쇼핑몰,남성화장품,OO 고** 포 맨 올인원 플루이드 150ml 1개,좋아요. 촉촉하면서 발림성 좋고 피부에 진정효과가 많이 있는지는 모르겠는데 적당한 수분감에 무겁지도 또 너무 가볍지도 않아서 요즘 같은 시기에 쓰기 딱 좋은아요. 선물했습니다.,발림성,발림성 좋고,1,[속성] 발림성 [문장] 발림성 좋고,,발림성,unchanged
train,698227,쇼핑몰,남성화장품,OO 고** 포 맨 올인원 플루이드 150ml 1개,유명 블로거가 이 브랜드 제품이 대체로 좋다고 하는 걸 보고 좀 낯선 브랜드이지만 선택했는데 사용해 보니 순해서 좋습니다. 수분감도 좋아서 촉촉하게 잘 발립니다. 흡수도 잘 되어서 바르고 나서 끈적임도 없습니다.,자극성,순해서 좋습니다.,1,[속성] 자극성 [문장] 순해서 좋습니다.,,자극성,unchanged
train,698254,쇼핑몰,남성화장품,OO 고** 포 맨 올인원 플루이드 150ml 1개,택배대란 속에서 이틀만에 배송왔어요. 매장에서 테스트 해본 상품이라 믿고 써요. 촉촉하고 잘 발리네요. 무향이라 좀 아쉬운데 흡수도 빠르고 바른후 잘 스며들어 잔여감이 없어 좋아요. 가격도 착해서 맘에 듭니다.,보습력/수분감,촉촉하고,1,[속성] 보습력/수분감 [문장] 촉촉하고,,보습력/수분감/쿨링감,merged_duplicate_label
train,698286,쇼핑몰,남성화장품,OO 고** 포 맨 올인원 플루이드 150ml 1개,매번 사용하지만 끈적임 없고 부드럽고 촉촉해서 너무 좋아요. 자주 애용할게요.,윤기/피부(톤),부드럽고,1,[속성] 윤기/피부(톤) [문장] 부드럽고,,윤기/피부(톤),unchanged
train,698337,쇼핑몰,남성화장품,OO 고** 포 맨 올인원 플루이드 150ml 1개,남편이 계속 이걸 쓰는데 순하고 피부 정돈도 되어서 만족하고 쓰고 있습니다. 감사해요.,보습력/수분감,순하고,1,[속성] 보습력/수분감 [문장] 순하고,,보습력/수분감/쿨링감,merged_duplicate_label
train,698351,쇼핑몰,남성화장품,OO 고** 포 맨 올인원 플루이드 150ml 1개,발림성이 좋고 흡수성이 뛰어나서 산뜻한 느낌이에요. 별로 단점이 없는 제품입니다. 다만 향이 없어서 바를 때 좋은 기분을 주지 못하는 점은 아쉽네요.,발림성,발림성이 좋고,1,[속성] 발림성 [문장] 발림성이 좋고,,발림성,unchanged
train,698358,쇼핑몰,남성화장품,OO 고** 포 맨 올인원 플루이드 150ml 1개,성분이 순하고 민감한 피부에 사용하기 괜찮습니다. 용기 사이즈는 좀 작네요.,성분,성분이 순하고,1,[속성] 성분 [문장] 성분이 순하고,,성분,unchanged
train,698398,쇼핑몰,남성화장품,OO 고** 포 맨 올인원 플루이드 150ml 1개,"부드럽게 잘 발리고 흡수가 정말 빨라요. 꽤 많이 짜서 발랐는데도 순식간에 스며드네요. 남성 제품인데도 예민한 피부용이라 그런가 일반적인 남성 로션 특유의 향, 시원한 느낌 그런게 없어 아쉽고 그냥 향이 거의 없어요. 보습도 괜찮긴 한데 아직은 건조하고 추운날씨라서 그런지 하관쪽이 건조한 타입인 저한테는 보습이 좀 부족하게 느껴져요. 겨울에 쓰기에는 좀 아쉬운 듯 합니다. 전체적으로 무난하고 괜찮은 품질인것 같아요.",발림성,부드럽게 잘 발리고,1,[속성] 발림성 [문장] 부드럽게 잘 발리고,,발림성,unchanged
train,698402,쇼핑몰,남성화장품,OO 고** 포 맨 올인원 플루이드 150ml 1개,몇 통째 사용하고 있는데 발림성도 좋고 복합성인 제 피부에 전혀 자극 오지 않고 순해서 좋습니다. 이 화장품 때문에 트러블 난 적은 없어서 만족스럽게 이용 중이고 가격도 용량에 비해 착해서 좋습니다.,자극성,순해서 좋습니다.,1,[속성] 자극성 [문장] 순해서 좋습니다.,,자극성,unchanged
train,698403,쇼핑몰,남성화장품,OO 고** 포 맨 올인원 플루이드 150ml 1개,향이 없어서 좋습니다. 발림성도 좋고 무겁지 않고 가벼워서 산뜻합니다. 건조한 날엔 단독으로는 건조하고 크림 덧발라야 보습이 될 듯해요.,흡수력,무겁지 않고,1,[속성] 흡수력 [문장] 무겁지 않고,,흡수력,unchanged
train,698403,쇼핑몰,남성화장품,OO 고** 포 맨 올인원 플루이드 150ml 1개,향이 없어서 좋습니다. 발림성도 좋고 무겁지 않고 가벼워서 산뜻합니다. 건조한 날엔 단독으로는 건조하고 크림 덧발라야 보습이 될 듯해요.,흡수력,산뜻합니다.,1,[속성] 흡수력 [문장] 산뜻합니다.,,흡수력,unchanged
train,698481,쇼핑몰,남성화장품,OO 고** 포 맨 올인원 플루이드 150ml 1개,추천하는 제품입니다. 순하고 발림성도 적당히 좋습니다. 겨울에 사용하기는 보습력이 좀 약한 감도 있지만 보습제는 덧바르면 되니까 무난하게 좋습니다. 다음에는 이 브랜드에서 다른 제품도 사 봐야겠습니다.,자극성,순하고,1,[속성] 자극성 [문장] 순하고,,자극성,unchanged
train,698645,쇼핑몰,남성화장품,OO 고** 포 맨 올인원 플루이드 150ml 1개,남편 피부에 갑자기 트러블이 생겨서 구매했습니다. 촉촉하고 순해서 좋다고 합니다.,보습력/수분감,촉촉하고,1,[속성] 보습력/수분감 [문장] 촉촉하고,,보습력/수분감/쿨링감,merged_duplicate_label
train,698650,쇼핑몰,남성화장품,OO 고** 포 맨 올인원 플루이드 150ml 1개,배송도 느리고 원래는 다른 화장품 사용하다가 구입했는데 가격도 비싸고 바른 뒤 사용감도 좋지 않네요.,가격,가격도 비싸고,-1,[속성] 가격 [문장] 가격도 비싸고,,가격,unchanged
train,698665,쇼핑몰,남성화장품,OO 고** 포 맨 올인원 플루이드 150ml 1개,올인원이라 간편하게 사용할 수 있어서 좋습니다. 무향이라 좋고 발림성 좋고 자극 없고 순합니다. 진정에도 도움이 되는 것 같습니다. 올인원 찾으시면 추천합니다.,발림성,발림성 좋고,1,[속성] 발림성 [문장] 발림성 좋고,,발림성,unchanged
train,698692,쇼핑몰,남성화장품,OO 고** 포 맨 올인원 플루이드 150ml 1개,테스터로 만나게 된 제품인데요. 제가 이미 ㅇㅇㅇ 폼클렌징을 쓰고 있어서 그 제품도 너무 순하고 좋기에 신청해 봤어요. 향은 좀 진한데 자극없이 순하고 제형이 부드럽고 자극이 없어 피부가 편안한거 같아요. 개인적으론 ㅇ ㅇㅇ 제품의 기초라인을 종류별로 함께 써보고 싶습니다.,자극성,순하고,1,[속성] 자극성 [문장] 순하고,,자극성,unchanged
train,698696,쇼핑몰,남성화장품,OO 고** 포 맨 올인원 플루이드 150ml 1개,향도 좋고 올인원이라 간편해서 마음에 들어요. 자기 전에 바르니 아침까지 촉촉합니다.,향,향도 좋고,1,[속성] 향 [문장] 향도 좋고,,향,unchanged
train,698700,쇼핑몰,남성화장품,OO 고** 포 맨 올인원 플루이드 150ml 1개,벌써 이제품을 사용한지 한달이 됐어요. 정말 만족하면서 잘 쓰고 있어요. 일단 발림성이 좋고 되게 촉촉합니다. 그리고 자극이 없고 피부결정돈도 되요. 미백효과도 볼수 있어 더 좋은거 같아요. 다음에도 ㅇㅇㅇ 올인원제품을 구입할거 같아요. 가격만 좀 저렴하면 더 좋겠어요.,발림성,발림성이 좋고,1,[속성] 발림성 [문장] 발림성이 좋고,,발림성,unchanged
train,698706,쇼핑몰,남성화장품,OO 고** 포 맨 올인원 플루이드 150ml 1개,자극 없이 순해서 좋습니다. 화장품 종류별로 각각 구입하지 않아도 되어서 좋습니다. 가격만 조금 저렴했으면 좋겠습니다.,자극성,순해서 좋습니다.,1,[속성] 자극성 [문장] 순해서 좋습니다.,,자극성,unchanged
train,698723,쇼핑몰,남성화장품,OO 고** 포 맨 올인원 플루이드 150ml 1개,선물 받아서 써 보니 너무 가볍고 진정 효과가 좋아서 제 돈 주고 사서 쓰게 됐습니다. OO쇼핑에서 사니 가격도 저렴하고 샘플도 줘서 너무 좋습니다.,가격,가격도 저렴하고,1,[속성] 가격 [문장] 가격도 저렴하고,,가격,unchanged
train,698882,쇼핑몰,남성화장품,OO 이** 포 맨 올인원 에센스 100ml 1개,좋은 가격에 잘 구매했어요. 처음 사보는 제품이고 사용해봤는데 올인원 제품이라 한방에 바르게 되니까 편한 것 같습니다.,가격,좋은 가격에 잘 구매했어요.,1,[속성] 가격 [문장] 좋은 가격에 잘 구매했어요.,,가격,unchanged
train,699119,쇼핑몰,남성화장품,OO 이** 포 맨 올인원 에센스 100ml 1개,동생이 이것만 써서 매번 구매했습니다. 가격도 저렴하고 배송도 빠르고 남동생이 매일 사용하는데 좋다고 합니다. 용량도 많아서 오래 사용할 수 있는 것 같습니다.,가격,가격도 저렴하고,1,[속성] 가격 [문장] 가격도 저렴하고,,가격,unchanged
train,699186,쇼핑몰,남성화장품,OO 이** 포 맨 올인원 에센스 100ml 1개,OO에서 할인기간에 좋은 가격으로 구매했어요. 신랑에 선물했는데 마음에 들어해서 좋았습니다. 부드럽고 올인원이라 간편하게 쓰기 좋다고 하네요.,윤기/피부(톤),부드럽고,1,[속성] 윤기/피부(톤) [문장] 부드럽고,,윤기/피부(톤),unchanged
train,699443,쇼핑몰,남성화장품,OO 이** 포 맨 올인원 에센스 100ml 1개,남편은 안티에이징으로 아들은 트러블용으로 사용하라고 구매했습니다. 사용해보니 촉촉하고 피부 진정 효과가 좋다고 하네요.,보습력/수분감,촉촉하고,1,[속성] 보습력/수분감 [문장] 촉촉하고,,보습력/수분감/쿨링감,merged_duplicate_label
train,699682,쇼핑몰,남성화장품,OO 이** 포 맨 올인원 에센스 100ml 1개,지인에게 선물해 드렸는데 한번에 끝낼 수 있다며 만족하시네요. 용기의 펌핑이 불량인지 내용물이 잘 안 나오지만 향도 은은하고 보습도 좋고 발림성도 마음에 든다고 합니다. 가격이 좀 더 저렴하면 좋겠어요. 그래도 재구매 의사 있습니다.,보습력/수분감,보습도 좋고,1,[속성] 보습력/수분감 [문장] 보습도 좋고,,보습력/수분감/쿨링감,merged_duplicate_label
train,700026,쇼핑몰,남성화장품,OO 포 맨 콜** 올인원 1000ml 1개,용량이 많아 좋습니다. 다만 용기 뚜껑이 몸체와 잘 안 맞는지 조금 샐 때가 있습니다. 많이 새는 건 아니라서 그냥 씁니다. 발림성도 좋고 촉촉하고 끈적임이 없어서 제 취향에 딱 맞습니다. 재구매 의사 있습니다.,보습력/수분감,촉촉하고,1,[속성] 보습력/수분감 [문장] 촉촉하고,,보습력/수분감/쿨링감,merged_duplicate_label
train,700035,쇼핑몰,남성화장품,OO 포 맨 콜** 올인원 1000ml 1개,하루 만에 배송이 왔습니다. 유통기한은 아주 넉넉해요. 끈적임 없이 촉촉하고 바로 흡수되고 향은 거의 없습니다. 사은품도 주셔서 감사합니다.,보습력/수분감,촉촉하고,1,[속성] 보습력/수분감 [문장] 촉촉하고,,보습력/수분감/쿨링감,merged_duplicate_label
train,700116,쇼핑몰,남성화장품,OO 포 맨 콜** 올인원 1000ml 1개,가격도 저렴하고 양도 많고 간편하게 쓸 수 있어 좋습니다. 오래 오래 잘 쓸게요.,가격,가격도 저렴하고,1,[속성] 가격 [문장] 가격도 저렴하고,,가격,unchanged
train,700135,쇼핑몰,남성화장품,OO 포 맨 콜** 올인원 1000ml 1개,바르면 산뜻해서 좋아요. 발림성도 좋아서 조금만 써도 잘 발려요. 쿨링감도 좋고 시원합니다. 향도 강하지 않고 은은해서 좋아요. 바르면 피부에 탄력도 생기는 거 같아요. 단점은 촉촉함이 오래가지는 않아서 자주 발라줘야 됩니다. 그래도 가격대비 좋은 제품인 거 같아요.,향,은은해서 좋아요.,1,[속성] 향 [문장] 은은해서 좋아요.,,향,unchanged
train,700193,쇼핑몰,남성화장품,OO 포 맨 콜** 올인원 1000ml 1개,300ml 사용하다 계속 사용할거라 1000ml로 주문했는데 양이 많아서 두고두고 사용 할 수 있겠네요. 아주 좋습니다. 바르고 나면 끈적거리지 않고 빨리 흡수 됩니다. 시원하고 촉촉하지만 바디크림처럼 오래 지속되지는 않습니다. 하지만 올인원인 걸 감안 했을 때 만족스럽습니다. 호불호가 갈리겠지만 향도 아침 저녁으로 사용하는데 그렇게 강하지 않고 좋습니다.,보습력/수분감,시원하고,1,[속성] 보습력/수분감 [문장] 시원하고,,보습력/수분감/쿨링감,merged_duplicate_label
train,700226,쇼핑몰,남성화장품,OO 포** 포 맨 올인원 에센스 150ml 1개,스킨 로션 따로 바르기 귀찮아서 사용하는데 촉촉하고 끈적이지 않아 좋습니다.,보습력/수분감,촉촉하고,1,[속성] 보습력/수분감 [문장] 촉촉하고,,보습력/수분감/쿨링감,merged_duplicate_label
train,700246,쇼핑몰,남성화장품,OO 자** 플루이드 포 맨 125ml 1개,남자들은 스킨 로션 챙겨 바르기 번거로워 해서 하나만 편하게 바르는 이 제품이 딱인 것 같습니다. 향도 남성 화장품 특유의 독한 냄새가 안 나고 순해서 좋습니다.,향,순해서 좋습니다.,1,[속성] 향 [문장] 순해서 좋습니다.,,향,unchanged
train,700306,쇼핑몰,남성화장품,OO 자** 플루이드 포 맨 125ml 1개,건조한 피부라 좀 촉촉한 로션 찾다가 구매했습니다. 향이 오래가지는 않지만 냄새 좋고 처음 발랐을 때는 진짜 향이 아주 좋아요.,지속력/유지력,향이 오래가지는 않지만,-1,[속성] 지속력/유지력 [문장] 향이 오래가지는 않지만,,지속력/유지력,unchanged
train,700367,쇼핑몰,남성화장품,OO 자** 플루이드 포 맨 125ml 1개,전에 다른 제품을 썼는데 너무 피부가 건조해서 이번 제품으로 주문해봤습니다. 촉촉하고 피부가 좋아지네요.,보습력/수분감,촉촉하고,1,[속성] 보습력/수분감 [문장] 촉촉하고,,보습력/수분감/쿨링감,merged_duplicate_label
train,700435,쇼핑몰,남성화장품,OO 자** 플루이드 포 맨 125ml 1개,순하고 피부에 부드럽게 스며들어서 마음에 듭니다. 촉촉함이 오래가면 좋을 것 같아요.,자극성,순하고,1,[속성] 자극성 [문장] 순하고,,자극성,unchanged
train,700622,쇼핑몰,남성화장품,OO 프** 센시티브 쉐이빙젤 170g 3개,"항상 이 제품을 사용하는데, 면도할 때 시원하고 부드럽게 면도가 잘되어서 다른 제품은 쓸 생각조차 안나는 제품입니다.",보습력/수분감,시원하고,1,[속성] 보습력/수분감 [문장] 시원하고,,보습력/수분감/쿨링감,merged_duplicate_label
train,700655,쇼핑몰,남성화장품,OO 프** 센시티브 쉐이빙젤 170g 3개,가격도 저렴하고 피부에 자극 없이 깔끔하게 면도가 가능합니다. 배송도 아주 빠르네요.,가격,가격도 저렴하고,1,[속성] 가격 [문장] 가격도 저렴하고,,가격,unchanged
train,700742,쇼핑몰,남성화장품,OO 프** 센시티브 쉐이빙젤 170g 3개,2+1 구성이라 좋고 가격도 저렴하고 면도가 부드럽게 잘 됩니다. 배송도 아주 빠르네요.,가격,가격도 저렴하고,1,[속성] 가격 [문장] 가격도 저렴하고,,가격,unchanged
train,701211,쇼핑몰,남성화장품,OO 프** 센시티브 쉐이빙젤 170g 3개,전에 사용한 제품 보다 시원하고 거품이 잘 나와서 좋은 것 같습니다. 사용 추천 드립니다.,보습력/수분감,시원하고,1,[속성] 보습력/수분감 [문장] 시원하고,,보습력/수분감/쿨링감,merged_duplicate_label
train,701497,쇼핑몰,남성화장품,OO 맨 센** 쉐이빙폼 200ml 1개,남편이 항상 사용하고 있어서 한꺼번에 여러 개 구입했습니다. 향도 좋고 피부에 자극이 없고 순해서 좋다고 합니다.,향,향도 좋고,1,[속성] 향 [문장] 향도 좋고,,향,unchanged
train,701578,쇼핑몰,남성화장품,OO 맨 센** 쉐이빙폼 200ml 1개,젤 타입만 써보다 거품타입을 써보니 편합니다. 용기에서 줄줄 새는 듯 하는게 젤 타입이면 거품타입은 묽은 제형이 아니라 새는게 덜 합니다. 가격도 저렴하고 쓰기도 편합니다.,가격,가격도 저렴하고,1,[속성] 가격 [문장] 가격도 저렴하고,,가격,unchanged
train,701596,쇼핑몰,남성화장품,OO 맨 센** 쉐이빙폼 200ml 1개,처음 구매해본 제품입니다. 민감성 피부에 잘 맞지 않는 것 같습니다. 자극이 있어 피부 트러블이 생기고 있습니다. 가격도 비싸고 무엇보다 주문 후에 물건을 받을 때 까지 시간이 너무 오래 걸려서 마음에 들지 않습니다.,가격,가격도 비싸고,-1,[속성] 가격 [문장] 가격도 비싸고,,가격,unchanged
train,701618,쇼핑몰,남성화장품,OO 맨 센** 쉐이빙폼 200ml 1개,면도 후에 향이 좋지 않습니다. 민감성 피부에는 좋지 않네요. 가격도 비싸고 유통기한도 짧습니다. 다음에는 구매하지 않을 것 같습니다.,가격,가격도 비싸고,-1,[속성] 가격 [문장] 가격도 비싸고,,가격,unchanged
train,701658,쇼핑몰,남성화장품,OO 맨 센** 쉐이빙폼 200ml 1개,젤 제형은 처음 사용해보는데 좋지 않네요. 가격도 비싸고 배송도 느려서 아쉬웠어요. 기대했는데 샘플이 하나도 안 와서 아쉽습니다.,가격,가격도 비싸고,-1,[속성] 가격 [문장] 가격도 비싸고,,가격,unchanged
train,701670,쇼핑몰,남성화장품,OO 맨 센** 쉐이빙폼 200ml 1개,ㅇㅇ 쉐이빙폼 쓰다가 배출구가 자꾸 고장나서 전에 써봤던 ㅇㅇㅇ 거품 타입으로 구매했어요. 면도도 깔끔하게 되고 피부에 자극이 덜되서 좋아요. 가격도 저렴하고 배송도 빠릅니다. 다음에 또 구매할께요.,가격,가격도 저렴하고,1,[속성] 가격 [문장] 가격도 저렴하고,,가격,unchanged
train,701764,쇼핑몰,남성화장품,OO 맨 센** 쉐이빙폼 200ml 1개,오래전부터 사용하던 제품이라 제품에 대한 사항은 믿고 구매했어요. 이것저것 사용해봐도 OOO 쉐이빙 폼이 저한테는 제일 잘 맞는 것 같아요. 가격도 저렴하고 배송도 빨라서 만족해요.,가격,가격도 저렴하고,1,[속성] 가격 [문장] 가격도 저렴하고,,가격,unchanged
train,702675,쇼핑몰,남성화장품,OO 포** 센시티브 쉐이빙폼 311g 1개,쓰던 제품이 다 떨어졌다고 신랑이 부탁해서 찾아보니 OOO이 유명하기도 하고 믿음도 가서 주문했습니다. 가격도 저렴하고 양도 많아서 좋습니다. 배송이 늦어서 한참 기다렸네요.,가격,가격도 저렴하고,1,[속성] 가격 [문장] 가격도 저렴하고,,가격,unchanged
train,703065,쇼핑몰,남성화장품,OO 포** 센시티브 쉐이빙폼 311g 1개,OOO 면도크림 라인 중에서 애용하는 제품이에요. 가격도 저렴하고 크림 제형이 부드러워 면도하기 편하고 좋아요.,가격,가격도 저렴하고,1,[속성] 가격 [문장] 가격도 저렴하고,,가격,unchanged
train,703366,쇼핑몰,남성화장품,OO 포** 센시티브 쉐이빙폼 311g 1개,"OOO 쉐이빙 젤, 크림 쓰다가 이 제품으로 바꿨습니다. OOO에 비해 가격도 비싸고 향도 별로인 것 같습니다.",가격,가격도 비싸고,-1,[속성] 가격 [문장] 가격도 비싸고,,가격,unchanged
train,703490,쇼핑몰,남성화장품,OO 코** 옴므 스킨 140ml 1개,가격도 비싸고 향이 너무 강해서 부담스럽습니다. 사용 안하고 있습니다. 뽁뽁이에 싸여져서 배송 왔습니다,가격,가격도 비싸고,-1,[속성] 가격 [문장] 가격도 비싸고,,가격,unchanged
train,703524,쇼핑몰,남성화장품,OO 코** 옴므 스킨 140ml 1개,3년째 신랑이 이 제품을 사용하고 있어요. 가격도 저렴하고 향이 너무 독하지 않고 은은해서 남편이 굉장히 좋아해요. 다음에도 계속 사용할 것 같습니다.,가격,가격도 저렴하고,1,[속성] 가격 [문장] 가격도 저렴하고,,가격,unchanged
train,703557,쇼핑몰,남성화장품,OO 코** 옴므 스킨 140ml 1개,자극적이지 않고 은은해서 매번 구매하는 제품이에요. 앞으로도 계속 사용할 것 같습니다.,자극성,자극적이지 않고,1,[속성] 자극성 [문장] 자극적이지 않고,,자극성,unchanged
train,703671,쇼핑몰,남성화장품,OO 코** 옴므 스킨 140ml 1개,아빠가 항상 사용하고 있는 제품이에요. 가격도 저렴하고 향도 순해서 이것만 사용하고 있습니다. 앞으로도 잘 사용할께요.,가격,가격도 저렴하고,1,[속성] 가격 [문장] 가격도 저렴하고,,가격,unchanged
train,703749,쇼핑몰,남성화장품,OO 코** 옴므 스킨 140ml 1개,남편이 좋아해서 이번에는 세트로 구입했어요. 가격도 저렴하고 피부에 잘 맞아서 좋아합니다.,가격,가격도 저렴하고,1,[속성] 가격 [문장] 가격도 저렴하고,,가격,unchanged
train,703772,쇼핑몰,남성화장품,OO 코** 옴므 스킨 140ml 1개,가격도 저렴하고 배송도 빠르고 좋았어요. 그런데 신랑 피부에 잘 안 맞는지 트러블이 나네요.,가격,가격도 저렴하고,1,[속성] 가격 [문장] 가격도 저렴하고,,가격,unchanged
train,703828,쇼핑몰,남성화장품,OO 코** 옴므 스킨 140ml 1개,향도 좋고 용기도 유리병이라 마음에 들어요. 유통기한도 넉넉해서 좋습니다. 잘 사용하겠습니다.,향,향도 좋고,1,[속성] 향 [문장] 향도 좋고,,향,unchanged
train,703938,쇼핑몰,남성화장품,OO 코** 옴므 스킨 140ml 1개,남자 스킨은 값이 비싼거나 보다 저렴한 제품이나 큰 차이를 못 느끼겠어요. 더워지면서 사용량이 많아지는데 효율적으로 잘 사용할 수 있을것 같아서 구매했습니다. 가격도 저렴하고 향도 은은합니다.,가격,가격도 저렴하고,1,[속성] 가격 [문장] 가격도 저렴하고,,가격,unchanged
train,704197,쇼핑몰,남성화장품,OO 코** 옴므 스킨 140ml 1개,성분이 순하고 발림성도 괜찮고 가격도 괜찮네요. 촉촉함은 좋은데 오래 유지되지 않아요.,성분,성분이 순하고,1,[속성] 성분 [문장] 성분이 순하고,,성분,unchanged
train,704235,쇼핑몰,남성화장품,OO 코** 옴므 스킨 140ml 1개,스킨 바를 때 남들 두 배씩 쓰는 편이라 이것만 삽니다. 향도 좋고 촉촉해요.,향,향도 좋고,1,[속성] 향 [문장] 향도 좋고,,향,unchanged
train,704594,쇼핑몰,남성화장품,OO 멘** 애프터쉐이브 레귤러 180ml 1개,잘 사용하겠습니다. 배송도 빠르고 좋았어요. 언제나 OOO 제품만 사용합니다. 세안 후 사용하면 얼굴이 맑아지고 산뜻합니다. 오랫동안 사용하고 있는 제품인데 정말 좋아요. 가격도 좋지만 품질도 만족스러워요. 믿고 구매해 보세요. 추천합니다.,흡수력,산뜻합니다.,1,[속성] 흡수력 [문장] 산뜻합니다.,,흡수력,unchanged
train,704615,쇼핑몰,남성화장품,OO 멘** 애프터쉐이브 레귤러 180ml 1개,남편이 오래 전부터 사용해 오던 스킨이라 재구매 했습니다. 시중에 사기 어려웠는데 OO쇼핑에서 구입해서 좋았어요. 향이 자극적이지 않고 유리용기라서 더 좋습니다. 다만 유통기한이 짧은 제품이 와서 아쉬웠어요.,향,향이 자극적이지 않고,1,[속성] 향 [문장] 향이 자극적이지 않고,,향,unchanged
train,704693,쇼핑몰,남성화장품,OO 멘** 애프터쉐이브 레귤러 180ml 1개,OOO 애프터 쉐이브 상품을 오랫동안 사용하고 있어요. 타제품도 사용해 봤는데 이 제품이 향도 좋고 저에게 가장 잘 맞아요. 앞으로도 계속 애용할 것 같습니다.,향,향도 좋고,1,[속성] 향 [문장] 향도 좋고,,향,unchanged
train,704767,쇼핑몰,남성화장품,OO 멘** 애프터쉐이브 레귤러 180ml 1개,써보고 싶었는데 판매처가 많지 않아서 힘들게 구입했습니다. 가격도 저렴하고 바르면 시원하고 산뜻합니다. 그런데 향이 강해서 아쉬워요. 일단 잘 써볼게요.,가격,가격도 저렴하고,1,[속성] 가격 [문장] 가격도 저렴하고,,가격,unchanged
train,704767,쇼핑몰,남성화장품,OO 멘** 애프터쉐이브 레귤러 180ml 1개,써보고 싶었는데 판매처가 많지 않아서 힘들게 구입했습니다. 가격도 저렴하고 바르면 시원하고 산뜻합니다. 그런데 향이 강해서 아쉬워요. 일단 잘 써볼게요.,보습력/수분감,시원하고,1,[속성] 보습력/수분감 [문장] 시원하고,,보습력/수분감/쿨링감,merged_duplicate_label
train,704767,쇼핑몰,남성화장품,OO 멘** 애프터쉐이브 레귤러 180ml 1개,써보고 싶었는데 판매처가 많지 않아서 힘들게 구입했습니다. 가격도 저렴하고 바르면 시원하고 산뜻합니다. 그런데 향이 강해서 아쉬워요. 일단 잘 써볼게요.,흡수력,산뜻합니다.,1,[속성] 흡수력 [문장] 산뜻합니다.,,흡수력,unchanged
train,704891,쇼핑몰,남성화장품,OO 멘** 애프터쉐이브 레귤러 180ml 1개,내가 좋아하는 향이라 계속 사용하다 보니 정든 느낌이네요. 가격도 저렴하고 품질도 맘에 들어요. 배송도 빠르고 좋네요.,가격,가격도 저렴하고,1,[속성] 가격 [문장] 가격도 저렴하고,,가격,unchanged
train,705004,쇼핑몰,남성화장품,OO 멘** 애프터쉐이브 레귤러 180ml 1개,주문하고 다음날 배송받았습니다. 가성비가 좋은 스킨입니다. 향이 남성의 향기가 물씬 나서 마음에 듭니다. 피부 진정 효과도 좋고 향도 좋고 가격도 좋아요. 다만 알코올 성분이 들어있어서 피부가 민감하시거나 예민하신 분들은 자극이 있을 수도 있으니 주의가 필요할 거 같아요.,향,향도 좋고,1,[속성] 향 [문장] 향도 좋고,,향,unchanged
train,705218,쇼핑몰,남성화장품,OO 멘** 애프터쉐이브 레귤러 180ml 1개,제형의 색깔도 좋고 면도 후 바르면 시원하고 향도 좋습니다. 용기가 스프레이형이면 더 좋을 것 같습니다.,보습력/수분감,시원하고,1,[속성] 보습력/수분감 [문장] 시원하고,,보습력/수분감/쿨링감,merged_duplicate_label
train,705279,쇼핑몰,남성화장품,OO 멘** 애프터쉐이브 레귤러 180ml 1개,수십 년 동안 써온 화장품입니다. 향이 오래가서 좋고 피부에 자극이 없어서 매일 사용하기 좋아요.,편의성/활용성,매일 사용하기 좋아요.,1,[속성] 편의성/활용성 [문장] 매일 사용하기 좋아요.,,편의성/활용성,unchanged
train,705293,쇼핑몰,남성화장품,OO 멘** 애프터쉐이브 레귤러 180ml 1개,케이스는 촌스러운 듯하지만 향도 좋고 가성비도 좋아서 계속 사용하고 있어요. 유통기한은 좀 긴 제품으로 보내 주셨으면 합니다.,향,향도 좋고,1,[속성] 향 [문장] 향도 좋고,,향,unchanged
train,705355,쇼핑몰,남성화장품,OO 멘** 애프터쉐이브 레귤러 180ml 1개,예전부터 오랫동안 사용하고 있는 제품입니다. 선호하는 향은 아니지만 면도 후 바르면 피부가 촉촉하고 부드러워지는 듯합니다.,보습력/수분감,피부가 촉촉하고,1,[속성] 보습력/수분감 [문장] 피부가 촉촉하고,,보습력/수분감/쿨링감,merged_duplicate_label
train,705476,쇼핑몰,남성화장품,OO 멘** 쉐이브 스킨 147ml 1개,제가 찾던 제품입니다. 다른 제품과 비슷하게 생겨서 헷갈렸습니다. 여름에 사용하기 좋은 것 같습니다. 시원하고 모공 관리가 되는 것 같습니다.,보습력/수분감,시원하고,1,[속성] 보습력/수분감 [문장] 시원하고,,보습력/수분감/쿨링감,merged_duplicate_label
train,705577,쇼핑몰,남성화장품,OO 멘** 쉐이브 스킨 147ml 1개,세수 후에 발랐는데 피부가 건조합니다. 향도 마음에 들지 않아서 재구매는 안 합니다.,윤기/피부(톤),피부가 건조합니다.,-1,[속성] 윤기/피부(톤) [문장] 피부가 건조합니다.,,윤기/피부(톤),unchanged
train,705585,쇼핑몰,남성화장품,OO 멘** 쉐이브 스킨 147ml 1개,면도하고 바르면 시원하고 알코올 성분 때문에 소독되는 느낌이 들어서 좋습니다. 다만 강한 향은 제 취향이 아닙니다.,보습력/수분감,시원하고,1,[속성] 보습력/수분감 [문장] 시원하고,,보습력/수분감/쿨링감,merged_duplicate_label
train,706490,쇼핑몰,남성화장품,OO 애프터쉐이브 스킨 200ml 1개,선물로 받아 처음 써봤는데 잘 쓰고 있어요. 처음에는 향이 너무 강하고 얼굴이 화끈거려 사용하기 불편했는데 쓰다 보니까 적응 됐습니다. 면도 후 바르니까 시원하고 사용감이 좋습니다.,보습력/수분감,시원하고,1,[속성] 보습력/수분감 [문장] 시원하고,,보습력/수분감/쿨링감,merged_duplicate_label
train,706939,쇼핑몰,남성화장품,OO 애프터쉐이브 스킨 200ml 1개,향도 좋고 양도 적절하고 면도 후에 살짝 소독해 주는 느낌이 들어 진정효과가 있는 것 같아요. 다음에도 구매의사 있습니다.,향,향도 좋고,1,[속성] 향 [문장] 향도 좋고,,향,unchanged
train,706993,쇼핑몰,남성화장품,OO 애프터쉐이브 스킨 200ml 1개,지인 선물로 구매해서 드렸어요. 이 제품 쓴다고 하셔서 샀는데 가격도 저렴하고 향도 좋습니다. 선물로 드리니까 매우 좋아하십니다. 다음에도 이 제품을 선물로 드려야겠어요. 좋은 상품을 저렴한 가격에 구입하게 되어서 좋습니다.,가격,가격도 저렴하고,1,[속성] 가격 [문장] 가격도 저렴하고,,가격,unchanged
train,707238,쇼핑몰,남성화장품,OO 애프터쉐이브 스킨 200ml 1개,면세점에서 한번 사보고 향이 오래가서 계속 이 제품만 쓰시는 아버지께 이번에 면세점 보다 더 저렴하게 사서 효자역할 했습니다.,향,향이 오래가서,1,[속성] 향 [문장] 향이 오래가서,,향,unchanged
train,707493,쇼핑몰,남성화장품,OO 포** 레귤러 쉐이빙폼 311g 3개,일단 향도 좋고 면도기로 밀 때 수염이 잘 밀리네요. 면도날에 베이지 않고 안전하게 밀리는 거 같습니다. 발림이 부드러운 거 같아요. 많이 파시고 다음에 다시 구매할게요.,향,향도 좋고,1,[속성] 향 [문장] 향도 좋고,,향,unchanged
train,707731,쇼핑몰,남성화장품,OO 포** 레귤러 쉐이빙폼 311g 3개,재구매 했습니다. 향도 좋고 용량도 넉넉해서 좋습니다. 생각보다 소량만 사용해도 깔끔하게 면도가 잘 됩니다.,향,향도 좋고,1,[속성] 향 [문장] 향도 좋고,,향,unchanged
train,707817,쇼핑몰,남성화장품,OO 포** 레귤러 쉐이빙폼 311g 3개,다른 제품과 함께 구매했습니다. 가격도 저렴하고 양도 넉넉해서 오래 사용할 것 같습니다.,가격,가격도 저렴하고,1,[속성] 가격 [문장] 가격도 저렴하고,,가격,unchanged
train,707904,쇼핑몰,남성화장품,OO 포** 레귤러 쉐이빙폼 311g 3개,배송 빨랐구요 항상 쓰던 제품이라 재구매합니다. 다른 제품들보다 용량은 더 크면서도 가격은 적당한 편이라 애용하고 있습니다. 바를때 부드럽고 양이 많아 다른제품보다 오래쓰니 좋으네요,발림성,바를때 부드럽고,1,[속성] 발림성 [문장] 바를때 부드럽고,,발림성,unchanged
train,707946,쇼핑몰,남성화장품,OO 포** 레귤러 쉐이빙폼 311g 3개,"박스에 세개가 들어서 왔습니다. 다행히 찌그러진 제품은 없네요. 오랫동안 계속 사용하고 있는 제품인데, 향도 좋고 부드럽게 면도가 잘 됩니다. 다만 유통기한이 생각보다 짧네요.",향,향도 좋고,1,[속성] 향 [문장] 향도 좋고,,향,unchanged
train,707947,쇼핑몰,남성화장품,OO 포** 레귤러 쉐이빙폼 311g 3개,부모님 드릴려고 구입했어요. 맘에 들어 하시고 가격도 저렴하고 용량도 좋습니다.,가격,가격도 저렴하고,1,[속성] 가격 [문장] 가격도 저렴하고,,가격,unchanged
train,708059,쇼핑몰,남성화장품,OO 포** 레귤러 쉐이빙폼 311g 3개,거품 제형이 밀도 있어 면도하기 편하고 향도 좋고 양도 많아 십년 넘게 사용중이네요.,향,향도 좋고,1,[속성] 향 [문장] 향도 좋고,,향,unchanged
train,685413,쇼핑몰,남성화장품,OO 한** 올인원 200ml 1개,꾸준하게 사서 이용하고 있는 제품입니다. 여러 개 사용하지 않고 하나로 끝낼 수 있어서 좋아요. 사용하기 간편해요. 피부가 촉촉하고 당기지 않아서 좋습니다. 가격대비 용량이 작고 샘플도 없어서 아쉽지만 앞으로도 계속 구매할 생각입니다.,보습력/수분감,피부가 촉촉하고,1,[속성] 보습력/수분감 [문장] 피부가 촉촉하고,,보습력/수분감/쿨링감,merged_duplicate_label
train,685413,쇼핑몰,남성화장품,OO 한** 올인원 200ml 1개,꾸준하게 사서 이용하고 있는 제품입니다. 여러 개 사용하지 않고 하나로 끝낼 수 있어서 좋아요. 사용하기 간편해요. 피부가 촉촉하고 당기지 않아서 좋습니다. 가격대비 용량이 작고 샘플도 없어서 아쉽지만 앞으로도 계속 구매할 생각입니다.,가격,가격대비 용량이 작고,-1,[속성] 가격 [문장] 가격대비 용량이 작고,,가격,unchanged
train,685418,쇼핑몰,남성화장품,OO 한** 올인원 200ml 1개,항상 사용하는 제품입니다. 저렴하게 구입해서 잘 쓰고 있어요. 가격대비 용량은 작지만 발림성 좋고 보습력 좋아요. 재구매 의사 있습니다. 잘 사용할게요.,발림성,발림성 좋고,1,[속성] 발림성 [문장] 발림성 좋고,,발림성,unchanged
train,685430,쇼핑몰,남성화장품,OO 한** 올인원 200ml 1개,늘 쓰던 제품입니다. 올인원이라 사용하기 편합니다. 다른 제품들 써봤는데 속건조가 심해서 얼굴이 당겼습니다. 이 제품은 데일리로 사용하기 좋고 피부가 촉촉하고 발림성도 좋습니다.,편의성/활용성,데일리로 사용하기 좋고,1,[속성] 편의성/활용성 [문장] 데일리로 사용하기 좋고,,편의성/활용성,unchanged
train,685430,쇼핑몰,남성화장품,OO 한** 올인원 200ml 1개,늘 쓰던 제품입니다. 올인원이라 사용하기 편합니다. 다른 제품들 써봤는데 속건조가 심해서 얼굴이 당겼습니다. 이 제품은 데일리로 사용하기 좋고 피부가 촉촉하고 발림성도 좋습니다.,보습력/수분감,피부가 촉촉하고,1,[속성] 보습력/수분감 [문장] 피부가 촉촉하고,,보습력/수분감/쿨링감,merged_duplicate_label
train,685456,쇼핑몰,남성화장품,OO 한** 올인원 200ml 1개,촉촉하고 보습이 잘 되는 편인거 같아요. 가격도 합리적이고 인지도도 높아서 사봤는데 매일 사용하기 좋은 거 같아요. 그런데 바르면 산뜻하지 않고 끈적임은 있어요. 그래도 제품은 좋아요.,보습력/수분감,촉촉하고,1,[속성] 보습력/수분감 [문장] 촉촉하고,,보습력/수분감/쿨링감,merged_duplicate_label
train,685490,쇼핑몰,남성화장품,OO 한** 올인원 200ml 1개,자극적이지 않고 촉촉해서 피부 진정에 좋은 것 같습니다. 올인원이라 한방에 바르는 것이 가장 큰 장점입니다. 케이스만 더 고급스러워지면 좋을 것 같습니다.,자극성,자극적이지 않고,1,[속성] 자극성 [문장] 자극적이지 않고,,자극성,unchanged
train,685541,쇼핑몰,남성화장품,OO 한** 올인원 200ml 1개,처음 구매하는 제품입니다. 자극적이지 않고 성분이 순해서 좋습니다. 향도 진하지 않고 번들거리지 않아서 데일리로 사용하기 좋은 것 같아요. 양도 많아서 오래 사용할 수 있습니다.,자극성,자극적이지 않고,1,[속성] 자극성 [문장] 자극적이지 않고,,자극성,unchanged
train,685541,쇼핑몰,남성화장품,OO 한** 올인원 200ml 1개,처음 구매하는 제품입니다. 자극적이지 않고 성분이 순해서 좋습니다. 향도 진하지 않고 번들거리지 않아서 데일리로 사용하기 좋은 것 같아요. 양도 많아서 오래 사용할 수 있습니다.,편의성/활용성,데일리로 사용하기 좋은 것 같아요.,1,[속성] 편의성/활용성 [문장] 데일리로 사용하기 좋은 것 같아요.,,편의성/활용성,unchanged
train,685590,쇼핑몰,남성화장품,OO 한** 올인원 200ml 1개,광고 보고 궁금해서 처음 사봤는데 보습도 좋고 발림성도 괜찮아서 계속 사용하고 있어요. 가격도 제일 싸게 구매한 것 같아서 기분이 좋아요.,보습력/수분감,보습도 좋고,1,[속성] 보습력/수분감 [문장] 보습도 좋고,,보습력/수분감/쿨링감,merged_duplicate_label
train,685622,쇼핑몰,남성화장품,OO 한** 올인원 200ml 1개,신랑 스킨 로션으로 구매했습니다. 가격이 저렴해서 대량 구매 해 놨네요. 보습도 좋고 한번에 바를수 있어 좋은거 같습니다.,보습력/수분감,보습도 좋고,1,[속성] 보습력/수분감 [문장] 보습도 좋고,,보습력/수분감/쿨링감,merged_duplicate_label
train,685631,쇼핑몰,남성화장품,OO 한** 올인원 200ml 1개,액체 제형이라 흡수가 빠릅니다. 만족해요. 향은 거의 없어서 아쉽지만 촉촉함이 오래가요. 가격이 비싼 만큼 좋네요. 유통기한이 약간 짧은 것 같긴 한데 용량이 작으니 금방 쓰겠죠. 살지 말지 생각을 오래 했는데 잘 산 거 같아요. 효과가 좋았으면 좋겠습니다. 배송이 오래 걸려서 좀 늦게 받긴 했지만 좋은 상품 구매해서 기분 좋아요. 너무 궁금했던 제품인데 사용하게 돼서 기뻐요.,보습력/수분감,촉촉함이 오래가요.,1,[속성] 보습력/수분감 [문장] 촉촉함이 오래가요.,,보습력/수분감/쿨링감,merged_duplicate_label
train,685635,쇼핑몰,남성화장품,OO 한** 올인원 200ml 1개,역시 이 브랜드가 인기가 있는 이유가 있습니다. 유분기를 잘 잡아주고 각질이 깨끗하게 없어지네요. 사용감도 상쾌하고 발림성도 좋습니다.,보습력/수분감,상쾌하고,1,[속성] 보습력/수분감 [문장] 상쾌하고,,보습력/수분감/쿨링감,merged_duplicate_label
train,685656,쇼핑몰,남성화장품,OO 한** 올인원 200ml 1개,항상 구입해서 사용하는 제품입니다. 너무 잘 사용하고 있어요. 다른 남성용 화장품 다 사용해 봐도 이게 가장 좋아요. 바르면 부드럽고 냄새도 괜찮아요. 하나만 발라도 좋습니다. 하나만 바르면 편하기도 하지만 두세 가지 바르는 것에 비해 보습력도 떨어지지 않아요. 가격대비 용량이 작아서 아쉽지만 괜찮은 제품입니다.,윤기/피부(톤),부드럽고,1,[속성] 윤기/피부(톤) [문장] 부드럽고,,윤기/피부(톤),unchanged
train,685668,쇼핑몰,남성화장품,OO 한** 올인원 200ml 1개,데일리로 사용하기 좋은 것 같습니다. 올인원이라 바르기 편리하고 보습도 적당합니다. 이 제품으로 항상 사용할 것 같습니다. 가격만 더 저렴해지면 좋겠습니다.,편의성/활용성,데일리로 사용하기 좋은 것 같습니다.,1,[속성] 편의성/활용성 [문장] 데일리로 사용하기 좋은 것 같습니다.,,편의성/활용성,unchanged
train,685669,쇼핑몰,남성화장품,OO 한** 올인원 200ml 1개,매번 사용하는 제품입니다. 다른 제품으로 갈아탔다가 다시 이 제품으로 돌아왔습니다. 촉촉하고 잘 스며들어 좋다고 합니다. 각질도 없어져서 피부가 매끈해진다고 합니다.,보습력/수분감,촉촉하고,1,[속성] 보습력/수분감 [문장] 촉촉하고,,보습력/수분감/쿨링감,merged_duplicate_label
train,685720,쇼핑몰,남성화장품,OO 한** 올인원 200ml 1개,다른 나라 제품이라 맘에 걸리지만 구입해 봤습니다. 다른 제품에 비해 가격은 비싸네요. 편하게 하나만 발라도 돼서 좋습니다. 다만 촉촉하지 않아서 당김이 있네요. 제형이 묽어서 사용하기 불편하네요.,편의성/활용성,사용하기 불편하네요.,-1,[속성] 편의성/활용성 [문장] 사용하기 불편하네요.,,편의성/활용성,unchanged
train,708269,쇼핑몰,남성화장품,OO 포** 레귤러 쉐이빙폼 311g 3개,용기가 둔탁하고 노즐에서 한번에 많은 거품이 나와서 사용하기 불편하네요. 거품은 많이 나서 면도가 부드럽게 잘 되네요. 가격 대비 괜찮은 듯합니다.,편의성/활용성,사용하기 불편하네요.,-1,[속성] 편의성/활용성 [문장] 사용하기 불편하네요.,,편의성/활용성,unchanged
train,708325,쇼핑몰,남성화장품,OO 포** 레귤러 쉐이빙폼 311g 3개,주문한 상품 잘 받았어요. 부드럽게 잘 발리고 풍성한 거품에 기분까지 좋네요. 향은 좋아하는 향이 아니라 조금 아쉬움이 남아요. 그래도 만족하고 쓰고 있어서 추천합니다.,발림성,부드럽게 잘 발리고,1,[속성] 발림성 [문장] 부드럽게 잘 발리고,,발림성,unchanged
train,708450,쇼핑몰,남성화장품,OO 포** 레귤러 쉐이빙폼 311g 3개,기존에 쓰던 제품보다 가격도 비싸고 향도 별로입니다. 품질도 떨어지는 것 같습니다.,가격,가격도 비싸고,-1,[속성] 가격 [문장] 가격도 비싸고,,가격,unchanged
train,708641,쇼핑몰,남성화장품,OO 헤** 옴므 클렌저 125g 1개,너무 좋습니다. 자극도 없고 순하고 세정력도 좋고 깔끔해요. 면도할때 사용해도 좋고 자극이 덜해요. 계속 꾸준히 쓸 생각이에요. 어느 세안제 보다 좋은것 같아요. 지성피부라 번들거림이 많은 편인데 이제품쓰고 로션 크림 같이 쓰니 휠씬 덜해요.,자극성,순하고,1,[속성] 자극성 [문장] 순하고,,자극성,unchanged
train,708642,쇼핑몰,남성화장품,OO 헤** 옴므 클렌저 125g 1개,선물받아서 써보니 잘 씻겨서 미끌거리지 않고 세정력이 좋아서 또 구매했어요. 데일리로 쓰기 좋아요.,편의성/활용성,데일리로 쓰기 좋아요.,1,[속성] 편의성/활용성 [문장] 데일리로 쓰기 좋아요.,,편의성/활용성,unchanged
train,708663,쇼핑몰,남성화장품,OO 헤** 옴므 클렌저 125g 1개,향도 없고 용기도 간편해서 몇년째 쓰고 있습니다. 신랑한테 써보라고 했더니 사용하더라구요. 이거랑 ㅇㅇ 주름개선크림 같이 바릅니다. 남자 피부에도 잘 맞고 가격도 좋아서 계속 구매예정입니다. 열통 넘게 쓰고 있어요.,향,향도 없고,1,[속성] 향 [문장] 향도 없고,,향,unchanged
train,708672,쇼핑몰,남성화장품,OO 헤** 옴므 클렌저 125g 1개,선물로 사줬는데 선물 받은 사람이 마음에 들어 합니다. 세정력이 좋다며 만족하시네요. 가격도 저렴하고 가벼운 선물로 좋은 거 같아서 다음에도 구매할 생각입니다. 선물용으로 추천합니다.,가격,가격도 저렴하고,1,[속성] 가격 [문장] 가격도 저렴하고,,가격,unchanged
train,708749,쇼핑몰,남성화장품,OO 헤** 옴므 클렌저 125g 1개,기존에 다른 제품 쓰다가 처음 사서 사용했어요. 가성비는 좋은 편이고 세정력도 좋은 것 같아요. 용기도 사용하기 편하고 향도 강하지 않아서 괜찮습니다. 지성 피부에 잘 맞는 것 같고 피지 제거를 잘 해줘서 좋은 것 같습니다. 지속력은 조금 떨어집니다. 클렌저에 보습력까지 갖추기를 바라는 것은 욕심이지만 다행히 많이 당기지 않습니다. 전체적으로 좋아서 재구매 생각 있어요.,용기,용기도 사용하기 편하고,1,[속성] 용기 [문장] 용기도 사용하기 편하고,,용기,unchanged
train,709176,쇼핑몰,남성화장품,OO 옴므 아** 로션 애프터 쉐이브 200ml 1개,OOO 아쿠아틱 로션 좋습니다. 많은 화장품을 써봤는데 만족합니다. 피부가 좋아지는 것 같아요. 일단 정말 끈적임 없고 산뜻한 느낌이라서 좋아요. 보습도 좋고 면도 후에 이거 하나면 해결되어 스킨이 따로 필요가 없을 만큼 좋습니다. 가격도 저렴하게 잘 샀어요.,보습력/수분감,보습도 좋고,1,[속성] 보습력/수분감 [문장] 보습도 좋고,,보습력/수분감/쿨링감,merged_duplicate_label
train,709212,쇼핑몰,남성화장품,OO 옴므 아** 로션 애프터 쉐이브 200ml 1개,"매일 하는 면도 후에 날로 상해가는 피부에 스킨 로션도 좋지만, 특화된 애프터 쉐이브 하나 정도는 있어야 되겠다는 생각에 구매했어요. 일단 향이 독하지 않습니다. 순하고 애프터 쉐이브의 효과도 좋은 것 같습니다. 젤 형태라 더 바르기 편해서 좋습니다. 잘 사용하겠습니다.",자극성,순하고,1,[속성] 자극성 [문장] 순하고,,자극성,unchanged
train,709317,쇼핑몰,남성화장품,OO 옴므 아** 로션 애프터 쉐이브 200ml 1개,계속 사용하는 애프터 쉐이브 제품입니다. 시원하고 끈적이지 않고 촉촉해서 좋아합니다. 백화점에서 배송 되는 거라 믿고 구매했는데 후기에 유통기한 임박 상품으로 보내준다는 말들이 많아서 요청 사항에도 사용 기한 일년 이상 남은 제품으로 보내 달라고 썼는데 유통기한이 임박한 상품으로 받았습니다. 기분이 좋지 않네요.,보습력/수분감,시원하고,1,[속성] 보습력/수분감 [문장] 시원하고,,보습력/수분감/쿨링감,merged_duplicate_label
train,709319,쇼핑몰,남성화장품,OO 옴므 아** 로션 애프터 쉐이브 200ml 1개,쉐이빙 후 사용하기 무난해서 잘 사용하고 있어요. 피부가 촉촉하고 당기지 않아 좋은데 양은 좀 작은 것 같네요.,보습력/수분감,피부가 촉촉하고,1,[속성] 보습력/수분감 [문장] 피부가 촉촉하고,,보습력/수분감/쿨링감,merged_duplicate_label
train,709330,쇼핑몰,남성화장품,OO 옴므 아** 로션 애프터 쉐이브 200ml 1개,항상 이것만 써서 계속 애용중입니다. 향도 좋고 배송도 좋아요. 가성비 아주 만족합니다. 다른 사이트엔 없어서 ㅇㅇ에서만 애용해요. 산뜻하고 면도도 깔끔하게 되네요. 피부 트러블도 안 나고 만족하고 사용하는 제품이예요,향,향도 좋고,1,[속성] 향 [문장] 향도 좋고,,향,unchanged
train,709338,쇼핑몰,남성화장품,OO 옴므 아** 로션 애프터 쉐이브 200ml 1개,매일 사용하는 제품입니다. 촉촉함이 오래갑니다. 향도 자극적이거나 강하지 않아 데일리로 사용하기에 좋아요. 적당한 쿨링감에 산뜻한 느낌이 너무나 좋습니다.,편의성/활용성,데일리로 사용하기에 좋아요.,1,[속성] 편의성/활용성 [문장] 데일리로 사용하기에 좋아요.,,편의성/활용성,unchanged
train,709360,쇼핑몰,남성화장품,OO 옴므 아** 로션 애프터 쉐이브 200ml 1개,수년간 사용하고 있는 제품입니다. 순하고 자극이 없어서 계속 쓰고 있는 제품이네요. 매장에 가지 못해서 아쉬웠는데 OO쇼핑에서 저렴하게 판매하고 있어서 주문했습니다. 배송도 빨라서 또 이용할 거 같아요. 디자인도 마음에 들고 만족합니다.,자극성,순하고,1,[속성] 자극성 [문장] 순하고,,자극성,unchanged
train,685738,쇼핑몰,남성화장품,OO 아** 맨 올인원 120ml 1개,가격도 저렴하고 구성이 넉넉해서 좋아요. 구성품들은 여행 가서 쓰기 좋을 것 같아요. 만족합니다.,제품구성,가격도 저렴하고,1,[속성] 제품구성 [문장] 가격도 저렴하고,,제품구성,unchanged
train,685743,쇼핑몰,남성화장품,OO 아** 맨 올인원 120ml 1개,남성용 화장품은 처음 구매해요. 올인원 제품이라 남편이 편하게 사용하네요. 유분기도 잘 잡아주고 발림성도 좋고 촉촉함이 느껴지는 것 같아 좋네요.,보습력/수분감,유분기도 잘 잡아주고,1,[속성] 보습력/수분감 [문장] 유분기도 잘 잡아주고,,보습력/수분감/쿨링감,merged_duplicate_label
train,685808,쇼핑몰,남성화장품,OO 아** 맨 올인원 120ml 1개,"여러가지 챙겨 바르기 귀찮아하시는 아버지한테 선물로 보내드렸는데, 사용하기 편하다고 하시네요. 가격도 저렴하고 샘플도 많이 챙겨주셔서 좋았어요.",가격,가격도 저렴하고,1,[속성] 가격 [문장] 가격도 저렴하고,,가격,unchanged
train,685886,쇼핑몰,남성화장품,OO 아** 맨 올인원 120ml 1개,배송도 너무 빠르고 제품도 꼼꼼하게 잘 포장해서 보내주셨네요. 가격도 저렴하고 보내주신 사은품도 잘 사용하겠습니다.,가격,가격도 저렴하고,1,[속성] 가격 [문장] 가격도 저렴하고,,가격,unchanged
train,686071,쇼핑몰,남성화장품,OO 아** 맨 올인원 120ml 1개,신경 안 쓰는 남편 때문에 구매했습니다. 향도 좋고 하나로 해결하니 사용하기 편해서 좋다고 하네요.,향,향도 좋고,1,[속성] 향 [문장] 향도 좋고,,향,unchanged
train,686990,쇼핑몰,남성화장품,OO 아** 맨 올인원 120ml 1개,톤업 기능이 있는 올인원은 처음 써보는데 얼굴이 화사해지고 좋아요. 가격도 저렴하고 배송이 빨라서 좋았어요.,가격,가격도 저렴하고,1,[속성] 가격 [문장] 가격도 저렴하고,,가격,unchanged
train,687051,쇼핑몰,남성화장품,OO 아** 맨 올인원 120ml 1개,향도 좋고 용기 기능도 좋습니다. 스킨 로션 한꺼번에 해결되니 편하고 화장 신경쓰지 않는 남성들이 사용하기 좋을 것 같아요.,향,향도 좋고,1,[속성] 향 [문장] 향도 좋고,,향,unchanged
train,687181,쇼핑몰,남성화장품,OO 아** 맨 올인원 120ml 1개,3가지 효과가 있다고 해서 구입하게 됐는데 향도 좋고 좀 제형이 뻑뻑한 감은 있지만 바르는 느낌도 좋아요. 가격대비 품질이 훌륭합니다,향,향도 좋고,1,[속성] 향 [문장] 향도 좋고,,향,unchanged
train,687353,쇼핑몰,남성화장품,OO 아** 맨 올인원 120ml 1개,발림성 좋고 쿨링감은 없는 편이고 제형은 많이 묵직한 편이라서 여름이나 초가을에는 바르기 힘들것 같습니다. 크리미한 제형이고 바르면 피부톤이 회색빛이 돌아서 별로네요 데일리용이라고 하지만 데일리로 못쓸 것 같아요.,발림성,발림성 좋고,1,[속성] 발림성 [문장] 발림성 좋고,,발림성,unchanged
train,687758,쇼핑몰,남성화장품,OO 헤** 옴므 플루이드 110ml 1개,남편이 15년 넘게 사용하고 있는 제품입니다. 향도 좋고 촉촉해서 만족도 높아서 이 제품만 사용합니다.,향,향도 좋고,1,[속성] 향 [문장] 향도 좋고,,향,unchanged
train,687762,쇼핑몰,남성화장품,OO 헤** 옴므 플루이드 110ml 1개,오랜 기간 동안 사용하고 있는 제품이네요. 스킨과 로션을 한 번에 바르는 올인원이라서 간편해요. 향도 과하지 않은 것이 마음에 듭니다. 촉촉하고 피부가 끈적이지 않네요. 용량이 작아진 것이 단점이네요. 하지만 꾸준히 만족하며 사용하고 있어요.,보습력/수분감,촉촉하고,1,[속성] 보습력/수분감 [문장] 촉촉하고,,보습력/수분감/쿨링감,merged_duplicate_label
train,687804,쇼핑몰,남성화장품,OO 헤** 옴므 플루이드 110ml 1개,촉촉하고 향도 좋은 편입니다. 여름에는 이거 하나만 발라도 좋아요. 트러블도 안 나서 만족해요.,보습력/수분감,촉촉하고,1,[속성] 보습력/수분감 [문장] 촉촉하고,,보습력/수분감/쿨링감,merged_duplicate_label
train,687842,쇼핑몰,남성화장품,OO 헤** 옴므 플루이드 110ml 1개,선물해줬는데 좋아합니다. 향도 좋고 발림도 좋다고 하네요. 올인원이라 편해서 좋다고 합니다.,향,향도 좋고,1,[속성] 향 [문장] 향도 좋고,,향,unchanged
train,687872,쇼핑몰,남성화장품,OO 헤** 옴므 플루이드 110ml 1개,여자들 화장품은 향기가 좋은데 남자들의 화장품 로션이나 스킨은 향이 너무 진해서 거부감이 있었어요. 그런데 이 제품은 향이 자극적이지 않고 순수하고 담백해서 남편에게 사주게 됩니다. 부드러운 제형의 로션이 피부에 닿을 때 느낌까지 좋다고 해서 ㅇㅇ에서 구매했어요.,향,향이 자극적이지 않고,1,[속성] 향 [문장] 향이 자극적이지 않고,,향,unchanged
train,688025,쇼핑몰,남성화장품,OO 한** 올인원 200ml 1개,"지인이 추천해서 구매했는데, 제형이 주르륵 물처럼 흘러서 깜짝 놀랐습니다. 사용하기 불편하네요.",편의성/활용성,사용하기 불편하네요.,-1,[속성] 편의성/활용성 [문장] 사용하기 불편하네요.,,편의성/활용성,unchanged
train,688091,쇼핑몰,남성화장품,OO 한** 올인원 200ml 1개,처음 나올 때부터 쭉 사용하고 있는데 올인원이라 한방에 편하고 좋습니다. 촉촉하고 끈적임 없어서 너무 좋습니다.,보습력/수분감,촉촉하고,1,[속성] 보습력/수분감 [문장] 촉촉하고,,보습력/수분감/쿨링감,merged_duplicate_label
train,688384,쇼핑몰,남성화장품,OO 한** 올인원 200ml 1개,올인원이라 한 번에 편하게 발라서 남편이 잘 쓰고 있습니다. 얼굴에 잘 스며들어서 번들거림도 없고 보송합니다.,흡수력,보송합니다.,1,[속성] 흡수력 [문장] 보송합니다.,,흡수력,unchanged
train,688511,쇼핑몰,남성화장품,OO 한** 올인원 200ml 1개,후기가 좋아서 처음 구매해 봤어요. 그런데 얼굴에 트러블이 올라오고 피부가 깨끗해지지 않아요. 제품 선택을 잘못한 거 같아요. 가격도 비싸고 사용하기도 불편합니다. 피부도 좋아지지 않고 다음에는 안 살 거 같아요.,가격,가격도 비싸고,-1,[속성] 가격 [문장] 가격도 비싸고,,가격,unchanged
train,688533,쇼핑몰,남성화장품,OO 한** 올인원 200ml 1개,스킨로션 알아보다가 광고를 보니 좋아 보여서 구매했습니다. 바쁜 아침에 스킨로션 바르기 귀찮아서 이 제품으로 선택했는데 제형이 묽어서 사용하기 불편하네요. 건조한 피부가 촉촉해지지도 않아요. 만족스럽지 않습니다.,편의성/활용성,사용하기 불편하네요.,-1,[속성] 편의성/활용성 [문장] 사용하기 불편하네요.,,편의성/활용성,unchanged
train,688553,쇼핑몰,남성화장품,OO 한** 올인원 200ml 1개,항상 사용하는 제품입니다. 향도 은은해서 좋은 것 같아요. 가격만 더 저렴해지면 좋겠어요. 모든 피부 타입에 잘 맞고 촉촉하고 발림도 부드럽네요. 배송 잘 받았습니다.,보습력/수분감,촉촉하고,1,[속성] 보습력/수분감 [문장] 촉촉하고,,보습력/수분감/쿨링감,merged_duplicate_label
train,688563,쇼핑몰,남성화장품,OO 한** 올인원 200ml 1개,광고 보고 간편하게 쓸 수 있다고 해서 구매했습니다. 올인원이라 간편하게 바를 수 있고 촉촉하고 보습력도 좋아서 항상 잘 바르고 다닙니다.,보습력/수분감,촉촉하고,1,[속성] 보습력/수분감 [문장] 촉촉하고,,보습력/수분감/쿨링감,merged_duplicate_label
train,688580,쇼핑몰,남성화장품,OO 한** 올인원 200ml 1개,10년째 이 제품만 쓰게 되네요. 향도 좋고 피부 결 정돈도 잘 되는 듯합니다. 저렴한 가격은 아닌데 그만큼 값어치 확실히 하는 것 같네요.,향,향도 좋고,1,[속성] 향 [문장] 향도 좋고,,향,unchanged
train,688581,쇼핑몰,남성화장품,OO 한** 올인원 200ml 1개,아버지 선물로 구매했어요. 올인원이라 사용하기 편합니다. 향은 생각보다 좋지 않은 것 같습니다. 저도 가끔 샤워하고 사용하고 있습니다. 예민한 피부에 잘 맞는 것 같습니다. 자극 없이 순해서 좋습니다. 다 쓰고 나면 재구매 할 것 같아요.,자극성,순해서 좋습니다.,1,[속성] 자극성 [문장] 순해서 좋습니다.,,자극성,unchanged
train,688607,쇼핑몰,남성화장품,OO 한** 올인원 200ml 1개,사람들이 추천해서 사용할까 하다가 다른 나라 제품이라 해서 고민하고 망설이다 구매했습니다. 일단 촉촉함이 부족합니다. 제 피부가 건성인데 저에게는 잘 안 맞는 것 같아요. 다른 제품보다 제형이 묽어서 유분기가 없네요. 촉촉함이 오래가지 않네요. 특별히 좋은지 몰라서 구매 의사 없습니다.,보습력/수분감,촉촉함이 오래가지 않네요.,-1,[속성] 보습력/수분감 [문장] 촉촉함이 오래가지 않네요.,,보습력/수분감/쿨링감,merged_duplicate_label
train,688612,쇼핑몰,남성화장품,OO 한** 올인원 200ml 1개,다른 제품 쓰고 있었는데 마침 다 써서 주문해 봤어요. 부담없이 매일 사용할 수 있는 제품을 찾고 있었는데 가격대비 용량이 작고 가성비가 별로인 거 같아요. 추천하지 않습니다.,용량/개수,가격대비 용량이 작고,-1,[속성] 용량/개수 [문장] 가격대비 용량이 작고,,용량,merged_duplicate_label
train,688637,쇼핑몰,남성화장품,OO 한** 올인원 200ml 1개,"회사에서 세안 후 사용했는데 스킨, 로션, 에센스까지 한번에 바를 수 있어 사용하기 편했어요. 집에서 스킨 로션 따로 쓰다가 불편해서 하나 더 구입했어요. 올인원으로 편하고 데일리로 쓰기 좋아요. 겨울에는 조금 건조한 듯합니다.",편의성/활용성,데일리로 쓰기 좋아요.,1,[속성] 편의성/활용성 [문장] 데일리로 쓰기 좋아요.,,편의성/활용성,unchanged
train,688686,쇼핑몰,남성화장품,OO 한** 올인원 200ml 1개,간편하게 하나만 바르면 된다고 해서 구매했는데 제형이 묽어서 사용하기 불편하네요. 예전에 쓰던 제품보다 별로인 거 같습니다. 자극이 있고 순하지도 않네요. 촉촉하지도 않고 발림성도 안 좋아요.,편의성/활용성,사용하기 불편하네요.,-1,[속성] 편의성/활용성 [문장] 사용하기 불편하네요.,,편의성/활용성,unchanged
train,688732,쇼핑몰,남성화장품,OO 한** 올인원 200ml 1개,남편이 써 보고 좋다고 해서 다시 주문했어요. 촉촉하고 보습력이 좋아 겨울에 쓰기 좋다고 합니다. 이것저것 써보다가 요즘은 이것만 쓰네요. OOO 만족도가 높은 이유가 있네요.,보습력/수분감,촉촉하고,1,[속성] 보습력/수분감 [문장] 촉촉하고,,보습력/수분감/쿨링감,merged_duplicate_label
train,688738,쇼핑몰,남성화장품,OO 한** 올인원 200ml 1개,"신랑이 간편하게 사용하기 편해서 좋아합니다. 가격은 비싸지만, 촉촉하고 보습도 잘 되어 기대 이상이라 합니다. 잘 사용하겠습니다.",보습력/수분감,촉촉하고,1,[속성] 보습력/수분감 [문장] 촉촉하고,,보습력/수분감/쿨링감,merged_duplicate_label
train,688815,쇼핑몰,남성화장품,OO 한** 올인원 200ml 1개,이것 저것 사용해 보는 중인데 이 제품이 편하다는 후기가 많아서 구매해 봤어요. 그런데 촉촉하지 않아서 한겨울에 사용하기에는 적당하지 않아요. 보습력이 약해서 크림을 추가로 바르셔야 될 거 같습니다. 품질이 생각보다 안 좋은 거 같아요. 무엇보다 올인원이라서 구매했는데 사용하기 불편하네요.,편의성/활용성,사용하기 불편하네요.,-1,[속성] 편의성/활용성 [문장] 사용하기 불편하네요.,,편의성/활용성,unchanged
train,688825,쇼핑몰,남성화장품,OO 한** 올인원 200ml 1개,신랑이 우연히 OOO를 사용해 보고 사용하기 편리하고 미끈거리지 않고 잘 스며든다고 애용하는 제품이에요. 다른 나라 제품이라 불매하고 싶지만 대체품을 찾지 못해 사용중입니다. 국내 화장품 회사에서도 이런 제품을 만들어 주면 좋겠습니다.,흡수력,미끈거리지 않고,1,[속성] 흡수력 [문장] 미끈거리지 않고,,흡수력,unchanged
train,688841,쇼핑몰,남성화장품,OO 한** 올인원 200ml 1개,촉촉하고 잘 발립니다. 건성 피부에 잘 맞는 것 같습니다. 흡수력이 좋아서 피부가 안 끈적거립니다. 올인원이라 아침에 급하게 나갈 때 바르게 편합니다.,보습력/수분감,촉촉하고,1,[속성] 보습력/수분감 [문장] 촉촉하고,,보습력/수분감/쿨링감,merged_duplicate_label
train,688908,쇼핑몰,남성화장품,OO 한** 올인원 200ml 1개,튼튼하게 포장해서 빠르게 배송도 왔습니다. 아들하고 저하고 같이 씁니다. 가격이 비싸서 세일할 때 샀습니다. 순하고 발림이 부드러워서 좋습니다. 건성 피부에는 건조할 수 있습니다.,자극성,순하고,1,[속성] 자극성 [문장] 순하고,,자극성,unchanged
train,688958,쇼핑몰,남성화장품,OO 엑** 올인원 200ml 2개,타 제품을 쓰다 지인이 추천을 해줘서 써봤는데 다른 제품보다 끈적임도 없고 향도 좋고 끈적임이 없어서 정말 좋습니다. 추천드립니다.,향,향도 좋고,1,[속성] 향 [문장] 향도 좋고,,향,unchanged
train,689006,쇼핑몰,남성화장품,OO 엑** 올인원 200ml 2개,제거 사는 김에 지인한테도 선물 했는데 완전 좋다고 연락왔네요. 요새는 남자들도 피부 신경 많이 쓰잖아요. 가격도 저렴하고 향도 좋습니다. 한번 사서 써 볼만 합니다.,가격,가격도 저렴하고,1,[속성] 가격 [문장] 가격도 저렴하고,,가격,unchanged
train,689075,쇼핑몰,남성화장품,OO 엑** 올인원 200ml 2개,배송도 빠르고 저렴하게 잘 샀습니다. 향도 좋고 아들하고 하나씩 사이좋게 나눠서 사용하고 있네요.,향,향도 좋고,1,[속성] 향 [문장] 향도 좋고,,향,unchanged
train,689149,쇼핑몰,남성화장품,OO 엑** 올인원 200ml 2개,신랑이 로션 하나 없이 사는 게 안쓰러워 상품평이 좋아서 구매했습니다. 가격도 저렴하고 향도 좋습니다.,가격,가격도 저렴하고,1,[속성] 가격 [문장] 가격도 저렴하고,,가격,unchanged
train,689406,쇼핑몰,남성화장품,OO 엑** 올인원 200ml 2개,가성비 완전 좋습니다. 처음에는 가격이 너무 저렴해서 기대 안 했는데 향도 좋고 제형이 뻑뻑하거나 무르지도 않아서 좋습니다. 적당한 촉촉함이 맘에 들어요. 한번에 세가지를 바를수 있으니까 좋습니다. 다음에도 재구매 할께요.,향,향도 좋고,1,[속성] 향 [문장] 향도 좋고,,향,unchanged
train,689744,쇼핑몰,남성화장품,OO 엑** 올인원 200ml 2개,제형이 부드럽고 양도 풍부하며 끈적이지 않고 촉촉해서 좋습니다. 향도 좋고 올인원이라 편리해서 정말 맘에 듭니다.,향,향도 좋고,1,[속성] 향 [문장] 향도 좋고,,향,unchanged
train,689796,쇼핑몰,남성화장품,OO 엑** 올인원 200ml 2개,향도 좋고 끈적이지 않는 제형도 마음에 들어요. 지난번에 사용해보고 좋아서 4개 구입했어요.,향,향도 좋고,1,[속성] 향 [문장] 향도 좋고,,향,unchanged
train,689901,쇼핑몰,남성화장품,OO 엑** 올인원 200ml 2개,ㅇㅇ 쓰다가 향이 별로라 이걸로 주문했는데 저렴한 가격에 향도 좋고 맘에 든다고 합니다.,향,향도 좋고,1,[속성] 향 [문장] 향도 좋고,,향,unchanged
train,689961,쇼핑몰,남성화장품,OO 옴므 아** 올인원 200ml 1개,올인원이라 한번에 두가지를 간편하게 사용할 수 있어 좋습니다. 향도 좋고 흡수도 잘 됩니다. 예약 주문해 놓고 나중에 배송 받는 것도 괜찮네요.,향,향도 좋고,1,[속성] 향 [문장] 향도 좋고,,향,unchanged
train,689965,쇼핑몰,남성화장품,OO 옴므 아** 올인원 200ml 1개,배송은 빠른 편입니다. 제품은 항상 구매해서 사용하는 만큼 보습력이 뛰어나고 바르면 상쾌해서 최고인 제품입니다. 가격이 비싸서 자주 구매하지 못하는 것이 아쉽지만 이번에 구성이 좋아서 구매하게 되었습니다. 가격만 더 저렴해지면 좋겠어요.,보습력/수분감,보습력이 뛰어나고,1,[속성] 보습력/수분감 [문장] 보습력이 뛰어나고,,보습력/수분감/쿨링감,merged_duplicate_label
train,690149,쇼핑몰,남성화장품,OO 더** 포 맨 플루이드 200ml 1개,"가격도 저렴하고 올인원이라 사용하기 편해서 좋습니다. 다만 몇 년 전부터 국내 생산 안하고 중국에서 제조되면서 품명이 바뀐것으로 알고 있는데, 여기서는 국내 생산 제품명으로 판매한다고 하고, 중국 생산 제품으로 배송되어 왔네요. 소비자들에게 정확하게 공지해 주면 좋을 것 같아요.",가격,가격도 저렴하고,1,[속성] 가격 [문장] 가격도 저렴하고,,가격,unchanged
train,690194,쇼핑몰,남성화장품,OO 더** 포 맨 플루이드 200ml 1개,계속 사용하고 있는 제품입니다. 가격도 저렴하고 양도 많아서 부담없이 사용하기 좋습니다.,가격,가격도 저렴하고,1,[속성] 가격 [문장] 가격도 저렴하고,,가격,unchanged
train,690285,쇼핑몰,남성화장품,OO 온** 모이스처라이저 250ml 1개,온 가족이 사용하기 좋은 것 같습니다. 향이 좋아서 자주 사용합니다. 데일리로 사용하기 좋아요.,편의성/활용성,데일리로 사용하기 좋아요.,1,[속성] 편의성/활용성 [문장] 데일리로 사용하기 좋아요.,,편의성/활용성,unchanged
train,690288,쇼핑몰,남성화장품,OO 온** 모이스처라이저 250ml 1개,"사용하는 향수와 동일한 브랜드라 주문했는데, 향도 좋고 피부에 흡수가 잘 되는 것 같습니다.",향,향도 좋고,1,[속성] 향 [문장] 향도 좋고,,향,unchanged
train,690301,쇼핑몰,남성화장품,OO 온** 모이스처라이저 250ml 1개,남편이 제일 좋아하는 제품이네요. 산뜻하게 잘 발리고 피부에 잘 흡수가 됩니다. 향도 오래 지속 되어서 좋은 것 같아요. 향수 용도로 사용해도 좋을 것 같습니다. 다만 가격이 비싸서 살짝 아쉽네요. 가격 대비 구성도 좋은 편은 아닙니다. 그래도 전반적으로 만족해요.,발림성,산뜻하게 잘 발리고,1,[속성] 발림성 [문장] 산뜻하게 잘 발리고,,발림성,unchanged
train,690305,쇼핑몰,남성화장품,OO 온** 모이스처라이저 250ml 1개,처음 사용한 제품입니다. 향이 자극적이고 잔향도 은은하지 않아서 아쉽습니다. 발림성도 좋은 편이 아니네요. 겨울에 사용하면 피부가 건조합니다.,보습력/수분감,피부가 건조합니다.,-1,[속성] 보습력/수분감 [문장] 피부가 건조합니다.,,보습력/수분감/쿨링감,merged_duplicate_label
train,690328,쇼핑몰,남성화장품,OO 온** 모이스처라이저 250ml 1개,예전에 향수를 사용 하다가 향기가 너무 좋아서 로션도 나온다는 소리를 듣고 구매하게 되었습니다. 사용해보니 향기가 정말 좋습니다. 저는 피부가 엄청 예민한데 바르면 촉촉하고 흡수가 엄청 빠르고 해서 좋습니다. 얼굴뿐 아니라 온몸에 바르기 좋습니다. 샤워하고 몸에 바르고 외출하면 지인들이 향수 뭐 사용하냐고 물어볼 정도로 향이 좋습니다. 향기도 오래가서 굳이 향수를 따로 사용을 잘 안하고 있어요,보습력/수분감,촉촉하고,1,[속성] 보습력/수분감 [문장] 촉촉하고,,보습력/수분감/쿨링감,merged_duplicate_label
train,690334,쇼핑몰,남성화장품,OO 온** 모이스처라이저 250ml 1개,로션인데도 향이 거의 향수 같아서 향수 대용으로 써도 좋습니다. 향이 정말 좋아요. 발림도 좋고 데일리로 사용하기 좋습니다. 다만 보습은 약해서 하나 정도 더 해주면 좋고요,편의성/활용성,데일리로 사용하기 좋습니다.,1,[속성] 편의성/활용성 [문장] 데일리로 사용하기 좋습니다.,,편의성/활용성,unchanged
train,690359,쇼핑몰,남성화장품,OO 온** 모이스처라이저 250ml 1개,이것저것 바르기 귀찮아하는 남편 올인원 로션으로 제격입니다. 매번 구매하는 제품입니다. 향도 좋고 지속력도 아주 우수합니다. 다음번에도 같은 제품으로 사려고 합니다. 배송은 빠르진 않았지만 다음에도 여기서 또 살 생각입니다.,향,향도 좋고,1,[속성] 향 [문장] 향도 좋고,,향,unchanged
validation,1025908,SNS,남성화장품,OO 옴므 블** 클렌저 125g,유튜버분이 이 제품으로 하루를 마무리 한다고 해서 저도 따라서 구매해봤어요! 저는 일단 별 4개입니다. 자세하게 화장품 분석해볼게요. 일단 제형은 쫀쫀하고 물이랑 살짝 묻쳐서 비비면 거품이 잘 나옵니다. 그리고 사용하고 나서는 깔끔하게 씻기면서 산뜻하고 개운해요. 향도 나쁘지 않아 얼굴에도 향이 남네요. 저렴한 가격에 잘 구매한 듯합니다. 저는 복합성 피부라 저한테는 잘 맞아요. 일단 더 사용해보고 재구매 할지말지 고민해볼게요 ㅎㅎ 별4개인 이유였습니다. 봐주셔서 감사해요~,흡수력,산뜻하고,1,[속성] 흡수력 [문장] 산뜻하고,,흡수력,unchanged
validation,1026020,SNS,남성화장품,OO 옴므 아** 로션 애프터 쉐이브,안녕하세요~ 제가 쓰는 ㅇㅇㅇ 로션 애프터 쉐이브를 소개할게요~ 최애 애프터 쉐이브에요. 항상 이것만 계속 애용 중입니다. 향도 시원해서 좋고 배송도 좋아요. 가성비도 아주 만족하고요. 산뜻하고 피부 트러블도 없고 순해서 만족하면서 사용하고 있는 제품이에요. 끈적이지도 않고 촉촉하고요. 바른 후 시원한 느낌도 좋습니다. 후기에 유통기한 임박 상품으로 보내준다는 말들이 많아서 걱정했는데 이번에도 유효기간이 2024년까지라 넉넉해서 만족합니다. 데일리로 굿입니다~~!,흡수력,산뜻하고,1,[속성] 흡수력 [문장] 산뜻하고,,흡수력,unchanged
validation,661917,쇼핑몰,메이크업/뷰티소품,OO 루** 슬림 쉬어 마뜨 2g 1개,생크림처럼 부드럽고 촉촉합니다. 제형이 단단하지 않아서 부러질 수 있어 조심해서 사용해야 합니다. 색상은 또렷하게 표현되고 발색은 빨강인데 오렌지색도 나오네요.,윤기/피부(톤),부드럽고,1,[속성] 윤기/피부(톤) [문장] 부드럽고,,윤기/피부(톤),unchanged
validation,662010,쇼핑몰,메이크업/뷰티소품,OO 루** 슬림 쉬어 마뜨 2g 1개,브랜드 자체로 기분 좋아지는 립스틱입니다. 색감이 예뻐서 데일리로 사용하기 좋아요. 매트한 립스틱이지만 건조하지 않고 지속력이 좋습니다.,기능/효과,데일리로 사용하기 좋아요.,1,[속성] 기능/효과 [문장] 데일리로 사용하기 좋아요.,,기능/효과,unchanged
validation,668265,쇼핑몰,메이크업/뷰티소품,OO 후** 립케어 4.8g 1개,환절기되면 너무 건조해서 필요한 제품이라 이번엔 OOO으로 구매했습니다. 각질이 자주 생기고 입술이 갈라지고 피가 자주 나서 주문했어요. 발라보니 촉촉함이 오래가지 않네요. 색깔이 있는 줄 알고 샀는데 발색이 연해서 거의 없네요.,보습력/수분감,촉촉함이 오래가지 않네요.,-1,[속성] 보습력/수분감 [문장] 촉촉함이 오래가지 않네요.,,보습력/수분감/쿨링감,merged_duplicate_label
validation,668568,쇼핑몰,메이크업/뷰티소품,OO 후** 립케어 4.8g 1개,"향이 별로네요. 어릴 때 써보고 생각나서 구매했는데, 촉촉함이 오래가지 않네요. 아이가 사용하고 있는데 모양이 둥글어 잘 굴러다녀서 사용하기 불편하다 하네요. 모양이 약간 각져도 괜찮을 것 같아요.",보습력/수분감,촉촉함이 오래가지 않네요.,-1,[속성] 보습력/수분감 [문장] 촉촉함이 오래가지 않네요.,,보습력/수분감/쿨링감,merged_duplicate_label
validation,664486,쇼핑몰,메이크업/뷰티소품,OO 파** 리퀴드 립컬러 5ml 1개,얼굴 톤 밝게 해줘서 좋습니다. 아주 예쁜 색입니다. 지속력도 정말 좋고 요즘 데일리로 사용하기 좋습니다.,기능/효과,데일리로 사용하기 좋습니다.,1,[속성] 기능/효과 [문장] 데일리로 사용하기 좋습니다.,,기능/효과,unchanged
validation,665007,쇼핑몰,메이크업/뷰티소품,OO 벨** 립틴트 4g 1개,처음 벨벳 틴트 구매했는데 발림성이 부드럽게 잘 발라져서 두 번째는 다른 색깔로 구매했어요. 화장 안하고 약간 포인트를 주면 피부가 화사해지고 색상이 튀지 않아서 데일리로 사용하기 좋습니다.,기능/효과,데일리로 사용하기 좋습니다.,1,[속성] 기능/효과 [문장] 데일리로 사용하기 좋습니다.,,기능/효과,unchanged
validation,663642,쇼핑몰,메이크업/뷰티소품,OO 맨** 케어 4.8g 1개,"건조하고 마른 입술에 사용하고 싶어서 샀는데요. 날마다 사용하게 되지는 않네요. 촉촉함이 오래가지 않습니다. 가을, 겨울에 사용하기는 어려울거 같아요",지속력/유지력,촉촉함이 오래가지 않습니다.,-1,[속성] 지속력/유지력 [문장] 촉촉함이 오래가지 않습니다.,,지속력/유지력,unchanged
validation,668373,쇼핑몰,메이크업/뷰티소품,OO 후** 립케어 4.8g 1개,입술이 매우 건조해서 사계절 내내 립밤 달고 사는데 후기가 좋아서 구매해 봤습니다. 고가의 제품들도 사용해 보았지만 효과가 별로 없어서 이 제품에 기대했어요. 그런데 이 제품도 촉촉함이 오래가지 않네요. 향도 별로 없어서 아쉽고 가격대비 별로네요.,지속력/유지력,촉촉함이 오래가지 않네요.,-1,[속성] 지속력/유지력 [문장] 촉촉함이 오래가지 않네요.,,지속력/유지력,unchanged
validation,661818,쇼핑몰,메이크업/뷰티소품,OO 루** 슬림 쉬어 마뜨 2g 1개,3번째 사서 사용중입니다. 지인들도 선물해줬더니 발림성 좋다고 좋아해요. 색이 짙지 않고 옅어서 데일리로 사용하기 좋습니다.,기능/효과,데일리로 사용하기 좋습니다.,1,[속성] 기능/효과 [문장] 데일리로 사용하기 좋습니다.,,기능/효과,unchanged
validation,663355,쇼핑몰,메이크업/뷰티소품,OO 맨** 케어 4.8g 1개,입술이 많이 건조해서 립밤을 알아보다가 OOO으로 주문해서 사용하고 있어요. 3주 정도 사용했는데 써보니 좋네요. 발림성 좋고 파우더향이라 마음에 들고 데일리로 사용하기 좋아요. 앞으로도 재구매해서 쓸 듯합니다.,기능/효과,데일리로 사용하기 좋아요.,1,[속성] 기능/효과 [문장] 데일리로 사용하기 좋아요.,,기능/효과,unchanged
validation,672665,쇼핑몰,메이크업/뷰티소품,OO 무** 멀티 아이 컬러 팔레트 8.1g 1개,색상이 사진으로 봤을 때보다 예쁘지 않아요. 그리고 발색되는 색상이 마음에 들지 않습니다. 밝고 붉게 발색되어 음영 메이크업하기 별로이고 가루 날림이 심합니다. 발색되는 붉은 기가 저한테는 어울리지 않아요. 여름 쿨톤인 분들에게는 잘 어울리지 않게 발색됩니다.,밀착력/접착력,가루 날림이 심합니다.,-1,[속성] 밀착력/접착력 [문장] 가루 날림이 심합니다.,,밀착력/접착력,unchanged
validation,672472,쇼핑몰,메이크업/뷰티소품,OO 무** 멀티 아이 컬러 팔레트 8.1g 1개,소문이 자자해서 구매했습니다. 제형 입자가 작아서 잘 부서지고 가루 날림이 심합니다. 기존에 사용하던 제품보다 가루날림이 더 있습니다.,제형,가루 날림이 심합니다.,-1,[속성] 제형 [문장] 가루 날림이 심합니다.,,제형,unchanged
validation,596969,쇼핑몰,스킨케어,OO 센** 선스틱 22g 1개,제형이 끈적이지는 않지만 바르면 얼굴이 미끄덩거리고 유분기가 많습니다. 이 제품만 바르고 외출하기는 자외선 차단 효과가 약해요. 외출해서 얼굴에 덧 바를 때 사용 하고 있어요.,흡수력,유분기가 많습니다.,-1,[속성] 흡수력 [문장] 유분기가 많습니다.,,흡수력,unchanged
validation,589582,쇼핑몰,스킨케어,OO 딥 클린 클렌저 175g 1개,잘 쓰고 있어요. 추천하네요.역시 OO 배송은 빨리와서 정말 좋아요. 촉촉하고 부드럽고 예민한 피분데 트러블도 올라오지 않고 세정력 또한 다른 폼클렌징에 뒤지지 않네요. 저는 OOO 폼크렌징을 좋아해서 여러 개 사서 다른 사람들에게도 선물로 줄거에요. 효과가 좋기를 바랍니다. 심지어 핸드크림도 전 이것만 쓰는데 촉촉하고 부드러워져요.,윤기/피부(톤),부드럽고,1,[속성] 윤기/피부(톤) [문장] 부드럽고,,윤기/피부(톤),unchanged
validation,587125,쇼핑몰,스킨케어,OO 멘** 포밍워시 200ml 2개,"여드름이 시작되는 피부에 사용하려고 구매했어요. 몇 통째 쓰고 있는데, 딱히 여드름 피부에 좋다는 느낌은 없어요. 제형이 거품형이라 사용하기는 편하네요. 가격 대비 양이 많이 적어요.",제형,제형이 거품형이라,0,[속성] 제형 [문장] 제형이 거품형이라,,제형,unchanged
validation,586212,쇼핑몰,스킨케어,OO 시** 퍼펙트 휩 150ml 4개,제형이 거품형이라 쓰고 나면 부드럽네요. 튜브형은 뽀드득 했는데 이건 보습이 된듯 부드러워요.,제형,제형이 거품형이라,1,[속성] 제형 [문장] 제형이 거품형이라,,제형,unchanged
validation,595021,쇼핑몰,스킨케어,OO 선 메이트 70ml 1개,오래전부터 사용하는 OOO제품 이네요. 자극없이 부드럽고 촉촉하네요. 화장도 뜨지않고 자외선 차단제로 좋네요.,윤기/피부(톤),부드럽고,1,[속성] 윤기/피부(톤) [문장] 부드럽고,,윤기/피부(톤),unchanged
validation,586976,쇼핑몰,스킨케어,OO 멘** 포밍워시 200ml 2개,여드름 나는 초등학생용으로 구매했습니다. 이 제품을 사용하니 얼굴이 깨끗해졌습니다. 제형이 거품형이라 쓰기 편해서 좋습니다. 가격만 저렴해지면 더 좋습니다.,제형,제형이 거품형이라,0,[속성] 제형 [문장] 제형이 거품형이라,,제형,unchanged
validation,596515,쇼핑몰,스킨케어,OO 브라이트닝 업 선 플러스 50ml 1개,OOO 썬크림 괜찮습니다.촉촉하게 잘 발리고 데일리로 사용하기 좋습니다. 백탁현상도 없고 메이크업 베이스 대용으로 사용하기에도 무난합니다. 가격도 좋고 배송도 만족하네요.사용기한이 여유가 있음 좋을듯 합니다.,기능/효과,데일리로 사용하기 좋습니다.,1,[속성] 기능/효과 [문장] 데일리로 사용하기 좋습니다.,,기능/효과,unchanged
validation,595189,쇼핑몰,스킨케어,OO 선 메이트 70ml 1개,상품 품질이 좋아요. 마음에 듭니다. 워터프루프 제품이 필요해서 이번에 재구매했습니다. 향은 별로지만 촉촉하고 부드럽고 백탁 현상이 없어서 좋습니다. 샘플도 큰 거로 여러 개 받을 수 있어서 좋습니다.,윤기/피부(톤),부드럽고,1,[속성] 윤기/피부(톤) [문장] 부드럽고,,윤기/피부(톤),unchanged
validation,589459,쇼핑몰,스킨케어,OO 딥 클린 클렌저 175g 1개,"클렌징 오일만 몇 번 사용했었고 사용할 때마다 만족도가 높았는데, 이번 폼클렌징 역시 쫀쫀한 제형과 풍성한 거품으로 여름철 오돌토돌 올라온 피지들을 한방에 잡아줍니다. 특히 아크네(트러블)전용 폼클렌징이라 효과 기대해 봅나다. 사용감이 개운하고 산뜻하고 피부가 깨끗한 느낌입니다. 건조하지 않아서 여름철 편하게 사용하면 좋을 것 같습니다.",사용감,산뜻하고,1,[속성] 사용감 [문장] 산뜻하고,,사용감,unchanged
validation,587122,쇼핑몰,스킨케어,OO 멘** 포밍워시 200ml 2개,"지성피부에 잘 맞는 제품이네요. 피부가 모공이 넓고, 지성 피부라 트러블이 많았는데, 개선되는 게 보여요. 제형이 거품형이라 씻기 편하고, 뽀득뽀득하게 세안이 잘됩니다. 사용기간이 좀 짦은 듯해서 아쉬움이 남아요.",용기,제형이 거품형이라,0,[속성] 용기 [문장] 제형이 거품형이라,,용기,unchanged
validation,587099,쇼핑몰,스킨케어,OO 멘** 포밍워시 200ml 2개,항상 사용중인 OOO 거품 제형으로 세정되어 부드럽고 깨끗함이 느껴지네요. 몇개씩 주문하니 여유 있어 좋습니다. 유통기한은 24년12월10일로 넉넉하네요. 효과가 좋기를 바랍니다. 좋은상품 감사하네요.,윤기/피부(톤),부드럽고,1,[속성] 윤기/피부(톤) [문장] 부드럽고,,윤기/피부(톤),unchanged
validation,587357,쇼핑몰,스킨케어,OO 멘** 포밍워시 200ml 2개,제형이 거품형이라 사용하기 편리합니다. 용량이 적어서 금방 사용합니다. 편리함과 피부가 뽀득해져서 좋습니다. 여드름 피부에 잘 맞는 제품이고 건성 피부는 당깁니다.,제형,제형이 거품형이라,0,[속성] 제형 [문장] 제형이 거품형이라,,제형,unchanged
validation,586996,쇼핑몰,스킨케어,OO 멘** 포밍워시 200ml 2개,"뾰루지 안나서 좋습니다. 마스크 땜에 조금씩 생겨서 속상했는데 이 제품 쓰고 뽀루지가 싹 없어지네요. 향은 소독약 냄새가 좀 나는 듯합니다. 제형이 거품형이라 사용하기 편하고, 두번 펌핑하면 딱 이네요. 메이크업도 잘 세정됩니다. 다 쓰면 재구매 하려구요.",제형,제형이 거품형이라,0,[속성] 제형 [문장] 제형이 거품형이라,,제형,unchanged
validation,596477,쇼핑몰,스킨케어,OO 브라이트닝 업 선 플러스 50ml 1개,여름엔 너무 촉촉한 제품은 끈적거려서 이 상품으로 샀는데요. 산뜻하고 피부가 살짝 밝아지면서 괜찮아요. 근데 용량이 작아요.,흡수력,산뜻하고,1,[속성] 흡수력 [문장] 산뜻하고,,흡수력,unchanged
validation,801592,쇼핑몰,헤어/바디케어,OO 세** 모이스춰라이징 크림 구형 550g 1개,부드럽고 산뜻해서 아이와 함께 사용하기 좋아요. 바를 때 부드럽게 잘 발리고 바르고 나서는 산뜻하게 마무리가 됩니다. 기름지지 않으면서 발림은 좋으니 계속 쓰게 됩니다. 사계절 내내 바르기 좋고 흡수도 잘 되어서 만족합니다. 앞으로도 쭉 이용할 것 같아요.,보습력/수분감,부드럽고,1,[속성] 보습력/수분감 [문장] 부드럽고,,보습력/수분감,unchanged
validation,812269,쇼핑몰,헤어/바디케어,OO 카** 클래식 핸드 앤 네일크림 100ml 1개,같은 브랜드의 다른 제품보다 보습력이 많이 떨어지는 것은 아닙니다. 확실히 손에 바르면 손이 쫀쫀하게 부드러워집니다. 데일리로 사용하기 좋습니다. 건조한 날씨에 쓰기에도 좋아서 괜히 이 브랜드가 유명한 게 아니구나 생각했습니다.,편의성/활용성,데일리로 사용하기 좋습니다.,1,[속성] 편의성/활용성 [문장] 데일리로 사용하기 좋습니다.,,편의성/활용성,unchanged
validation,808471,쇼핑몰,헤어/바디케어,OO 인** 리페어 핸드크림 56g 1개,쉽게 스며들진 않지만 보습력은 괜찮은 것 같습니다. 향이 강하지만 산뜻한 향이라 부담감은 없어 데일리로 사용하기 좋습니다.,편의성/활용성,데일리로 사용하기 좋습니다.,1,[속성] 편의성/활용성 [문장] 데일리로 사용하기 좋습니다.,,편의성/활용성,unchanged
validation,812529,쇼핑몰,헤어/바디케어,OO 카** 클래식 핸드 앤 네일크림 100ml 1개,요새 손을 자주 씻어서 보습용으로 구매했는데 촉촉하니 좋습니다. 향도 괜찮고 가지고 다니면서 틈틈이 바르기 편해서 좋습니다. 배송도 빠르고 추천해요. 핸드크림으로 선물해도 좋고 데일리로 사용하기 좋습니다.,편의성/활용성,데일리로 사용하기 좋습니다.,1,[속성] 편의성/활용성 [문장] 데일리로 사용하기 좋습니다.,,편의성/활용성,unchanged
validation,803660,쇼핑몰,헤어/바디케어,OO 온** 퓨어 시카 쉐어 바디로션 1000ml 1개,제형이 너무 묽어서 그런지 촉촉함이 오래가지 않네요. 향도 좋아하는 타입의 향이 아니에요. 겨울에 사용하기는 별로네요. 저랑은 안맞는 것 같습니다.,지속력/유지력,촉촉함이 오래가지 않네요.,-1,[속성] 지속력/유지력 [문장] 촉촉함이 오래가지 않네요.,,지속력/유지력,unchanged
validation,804799,쇼핑몰,헤어/바디케어,OO 데일리 바디로션 450ml 2개,자주 사용하는 제품인데요. 말 그대로 데일리로 사용하기 좋아요. 건조해지는 가을 겨울 맞이로 주문했어요. 무엇보다 향이 강하지 않고 잘 발려서 좋아요.,편의성/활용성,데일리로 사용하기 좋아요.,1,[속성] 편의성/활용성 [문장] 데일리로 사용하기 좋아요.,,편의성/활용성,unchanged
validation,807184,쇼핑몰,헤어/바디케어,OO 아** 모이스춰라이저 400ml 1개,향이 좀 강해서 아쉽고 사용 후 너무 금방 흡수되어 아쉽습니다. 촉촉함이 오래가지 않습니다.,보습력/수분감,촉촉함이 오래가지 않습니다.,-1,[속성] 보습력/수분감 [문장] 촉촉함이 오래가지 않습니다.,,보습력/수분감,unchanged
validation,803121,쇼핑몰,헤어/바디케어,OO 온** 퓨어 시카 쉐어 바디로션 1000ml 1개,산뜻한 걸 좋아하는데 너무 무거운 느낌입니다. 유분기가 많습니다. 향은 은은해서 좋으나 금방 사라져 아쉽네요.,보습력/수분감,유분기가 많습니다.,-1,[속성] 보습력/수분감 [문장] 유분기가 많습니다.,,보습력/수분감,unchanged
validation,809270,쇼핑몰,헤어/바디케어,OO 바** 카모마일 크림 250ml 1개,써보니 좋아서 늘 구매하고 있어요. OO 핸드크림이랑 보습력은 비슷하고 많이 끈적이지 않아서 좋아요. 향도 강하지 않아서 부담이 없습니다. 데일리로 사용하기 좋습니다.,편의성/활용성,데일리로 사용하기 좋습니다.,1,[속성] 편의성/활용성 [문장] 데일리로 사용하기 좋습니다.,,편의성/활용성,unchanged
validation,809584,쇼핑몰,헤어/바디케어,OO 바** 카모마일 크림 250ml 1개,손발이 많이 건조한 편이라 구매했습니다. 발라보니 악건성인 저에겐 보습력이 부족하네요. 촉촉함이 오래가지 않습니다.,지속력/유지력,촉촉함이 오래가지 않습니다.,-1,[속성] 지속력/유지력 [문장] 촉촉함이 오래가지 않습니다.,,지속력/유지력,unchanged
test,712231,쇼핑몰,남성화장품,OO 질** 스킨 쉐이브 크림 177ml 1개,민감성 피부인데 큰 트러블 없이 잘 사용하고 있습니다. 다음에 또 행사하면 무조건 구매해야겠습니다.,피부타입,민감성 피부인데 큰 트러블 없이 잘 사용하고 있습니다.,1,[속성] 피부타입 [문장] 민감성 피부인데 큰 트러블 없이 잘 사용하고 있습니다.,,피부타입,unchanged
test,714884,쇼핑몰,남성화장품,OO 몽** 레전드 EDT 100ml,너무 마음에 듭니다. 추천해요. 기존에 사용하던 OO 제품에서 이번에 OOO으로 바꿨는데 향도 좋고 데일리로 사용하기 좋아요.,편의성/활용성,데일리로 사용하기 좋아요.,1,[속성] 편의성/활용성 [문장] 데일리로 사용하기 좋아요.,,편의성/활용성,unchanged
test,1025906,SNS,남성화장품,OO 옴므 블** 클렌저 125g,클렌저 정착 못하고 있다가 이 제품은 처음으로 사용했어요. 간결한 제 후기 들어주세요~ 일단 가성비 좋고 가격대비 용량도 많아서 좋아요. 용기도 사용하기 편해서 좋고 위생적인 것 같네요. 향도 강하지 않아 데일리로 사용하기 좋습니다. 일단 저는 피부가 지성피부인데 유분기도 잘 조절되고 산뜻하고 마무리 사용감까지 괜찮네요.ㅎㅎ 하지만 너무 유분기가 잘 조절되다보니 금방 건조해지더라고요. 그래서 바로 화장품 바릅니다.. 이 점 빼고는 다 만족해요.. 전체적으로 만족해서 나중에 또 구매할 생각입니다. 이상 저의 간결한 후기입니다.ㅎㅎ,편의성/활용성,데일리로 사용하기 좋습니다.,1,[속성] 편의성/활용성 [문장] 데일리로 사용하기 좋습니다.,,편의성/활용성,unchanged
test,1026023,SNS,남성화장품,OO 포** 쉐이빙폼,안녕하세요~ 면도 후 ㅇㅇㅇ 쉐이빙폼이 어떨까요~ 거품형이라 확실히 사용하기 편하고 좋습니다. 가격도 저렴해서 대량으로 구입을 해 오래 쓸 수 있을 것 같습니다. 품질이야 잘 알려져 있는 브랜드라서 역시 좋습니다. 써보니 제형이 젤보다 거품형이 좋더라고요. 거품이 풍성하게 잘 나고 바를 때 시원한 느낌도 좋아요. 민감성 피부인데 큰 트러블 없이 잘 사용하고 있습니다. 마음에 드네요. 계속 사용할 것 같습니다~ 꼭 써 보시길 바랍니다~,자극성,민감성 피부인데 큰 트러블 없이 잘 사용하고 있습니다.,1,[속성] 자극성 [문장] 민감성 피부인데 큰 트러블 없이 잘 사용하고 있습니다.,,자극성,unchanged
test,712865,쇼핑몰,남성화장품,OO 맨 쿨** 쉐이빙젤 200ml 1개,"거품이 풍부하고 부드러워요. 다른 건 안 써 봐서 잘 모르겠지만, 아무튼 이 제품은 좋습니다.",제형,부드러워요.,1,[속성] 제형 [문장] 부드러워요.,,제형,unchanged
test,668781,쇼핑몰,메이크업/뷰티소품,OO 에** 슈퍼 롱래쉬 6ml 1개,브라운 마스카라와 섞어서 사용하기 좋아요. 데일리로 사용하기 좋습니다. 지속력 좋고 눈썹 쳐짐 없고 오래 유지됩니다. 잘 안 지워집니다. 물이나 땀에 강하고 물놀이 가도 좋아요.,기능/효과,데일리로 사용하기 좋습니다.,1,[속성] 기능/효과 [문장] 데일리로 사용하기 좋습니다.,,기능/효과,unchanged
test,671863,쇼핑몰,메이크업/뷰티소품,OO 샤** 섀도우 스틱 1.4g 1개,계속 사용하던거 다 쓰고 다시 주문해요. 발림성 좋고 사용하기 편하고 여행할때도 가져가기 편해서 좋습니다.,편의성/활용성,사용하기 편하고,1,[속성] 편의성/활용성 [문장] 사용하기 편하고,,편의성/활용성,unchanged
test,668423,쇼핑몰,메이크업/뷰티소품,OO 후** 립케어 4.8g 1개,사계절 내내 쓰는 립밤입니다. 바르는 순간 촉촉해지고 부드러워요. 하루에 수시로 바르는데 발림성도 좋고 입술이 매끈해지네요.,윤기/피부(톤),부드러워요.,1,[속성] 윤기/피부(톤) [문장] 부드러워요.,,윤기/피부(톤),unchanged
test,662562,쇼핑몰,메이크업/뷰티소품,OO 바** 워터 틴트 4.3g 1개,제 피부에 딱입니다. 23호 색상이 잘 맞습니다. 피부톤이나 밀착력 좋습니다. 커버는 보통입니다.,윤기/피부(톤),제 피부에 딱입니다.,1,[속성] 윤기/피부(톤) [문장] 제 피부에 딱입니다.,,윤기/피부(톤),unchanged
test,668183,쇼핑몰,메이크업/뷰티소품,OO 후** 립케어 4.8g 1개,요즘처럼 마스크 가 필수인 경우 립스틱 바르기 애매합니다. 발라도 티도 안 나고 묻기 때문이에요. 겨울에 촉촉함도 필요하긴 하니까요. 그때 필요한 것이 이 제품인 것 같아요. 발색도 있고 촉촉하게 발라주면 하루 종일 부드럽습니다.,윤기/피부(톤),부드럽습니다.,1,[속성] 윤기/피부(톤) [문장] 부드럽습니다.,,윤기/피부(톤),unchanged
test,668065,쇼핑몰,메이크업/뷰티소품,OO 후** 립케어 4.8g 1개,화장을 평소에 잘 하지 않는 편이라 집에 립스틱이 없는데 나이가 들다 보니 립 메이크업을 안 하면 얼굴 색이 점점 더 칙칙해져보입니다. 그래서 가볍게라도 신경 써줘야 한다는 걸 생각하다가 이 제품을 찾았습니다. 부담 없는 향에 촉촉함도 유지되고 적당한 발색도 있어서 데일리로 사용하기 좋습니다.,기능/효과,데일리로 사용하기 좋습니다.,1,[속성] 기능/효과 [문장] 데일리로 사용하기 좋습니다.,,기능/효과,unchanged
test,668882,쇼핑몰,메이크업/뷰티소품,OO 에** 슈퍼 롱래쉬 6ml 1개,ㅇㅇㅇ 이거 오래전부터 쓰던 거에요. 가격은 비싸지만 처음 나왔을 때부터 사용 중입니다. ㅇㅇㅇ 여기저기 만인의 인생템입니다. 데일리로 사용하기 좋습니다. 이걸로 깔끔히 발라주고 얇게 발리는걸로 발라주면 좋습니다.,기능/효과,데일리로 사용하기 좋습니다.,1,[속성] 기능/효과 [문장] 데일리로 사용하기 좋습니다.,,기능/효과,unchanged
test,671550,쇼핑몰,메이크업/뷰티소품,OO 프** 아이팔레트 6g 1개,OO에서 발라보고 색상이 베이스부터 다 맘에 들어서 구매했습니다. 데일리로 사용하기 좋아요. 펄섀도우 제형이 잘 바스러지니 험하게 들고 다니면 안 될 것 같습니다.,기능/효과,데일리로 사용하기 좋아요.,1,[속성] 기능/효과 [문장] 데일리로 사용하기 좋아요.,,기능/효과,unchanged
test,668459,쇼핑몰,메이크업/뷰티소품,OO 후** 립케어 4.8g 1개,약간의 발색이 있는 것 같아 좋습니다. 데일리로 사용하기 좋습니다. 인위적인 향이어서 호불호가 갈립니다. 무난하게 사용하기 좋은 것 같아요. 가격은 저렴해서 좋습니다.,기능/효과,데일리로 사용하기 좋습니다.,1,[속성] 기능/효과 [문장] 데일리로 사용하기 좋습니다.,,기능/효과,unchanged
test,661827,쇼핑몰,메이크업/뷰티소품,OO 루** 슬림 쉬어 마뜨 2g 1개,웜톤이신 분들에게 잘 맞아요. 꼭 사세요. 맨 얼굴에 편하게 바르기 좋은 립입니다. 제형이 촉촉하면서도 쫀쫀하고 마무리는 매트합니다. 데일리로 쓰기 매우 좋습니다. 냄새도 좋네요. 무난하게 쓸수 있는 색에 반해서 데일리로 사용하기 좋습니다.,기능/효과,데일리로 사용하기 좋습니다.,1,[속성] 기능/효과 [문장] 데일리로 사용하기 좋습니다.,,기능/효과,unchanged
test,662329,쇼핑몰,메이크업/뷰티소품,OO 제** 립밤 4g 1개,립밤 중에 이게 젤 좋습니다. 자극 없고 번들거리지도 않고 발림도 부드러워요. 보습력도 좋습니다. 저희 어머니도 써 보고 좋다고 하셔서 어머님께 선물하려고 몇 개 더 구매했어요.,흡수력,번들거리지도 않고,1,[속성] 흡수력 [문장] 번들거리지도 않고,,흡수력,unchanged
test,664882,쇼핑몰,메이크업/뷰티소품,OO 벨** 립틴트 4g 1개,"색이 은은해서 데일리로 쓰기 좋아요. 코팅되는 듯 사용감이 좋고 입술에 주름이 많고 겨울이라 입술이 자주 트는데 각질도 심하지 않네요. 입술 발색력은 조금 아쉽지만, 다른색도 써보고 싶어져요.",기능/효과,데일리로 쓰기 좋아요.,1,[속성] 기능/효과 [문장] 데일리로 쓰기 좋아요.,,기능/효과,unchanged
test,593313,쇼핑몰,스킨케어,OO 그** 선 플러스 50ml 1개,발림성이 굉장히 좋아요. 부드럽고 기름지지 않고 뽀송합니다. 민감성 피부라 저자극 제품 찾다가 써봤는데 자극이 없진 않아요. 그렇지만 다른 제품에 비해 자극이 적어서 괜찮아요.,윤기/피부(톤),부드럽고,1,[속성] 윤기/피부(톤) [문장] 부드럽고,,윤기/피부(톤),unchanged
test,598090,쇼핑몰,스킨케어,OO 카** 선스틱 22g 1개,기존 선스틱 보다 용기 입구 너비가 넓어서 쓱 빨리 편하게 바를 수가 있어서 좋습니다. 기존 선스틱보다 끈적임이 없고 촉촉합니다. 아들이 저번꺼는 끈적이는 느낌 이라고 했는데 이번 건 가볍다고 합니다.,흡수력,촉촉합니다,1,[속성] 흡수력 [문장] 촉촉합니다,,흡수력,unchanged
test,593829,쇼핑몰,스킨케어,OO 그** 선 플러스 50ml 1개,"썬크림좋습니다.부드럽고 촉촉합니다. ○○○제품 뾰루지 안생기고 가격이 아주 싸진 않지만, 합리적인 가격에 자주 이용하네요. 좋은제품 만들어주셔서 감사합니다.",윤기/피부(톤),부드럽고,1,[속성] 윤기/피부(톤) [문장] 부드럽고,,윤기/피부(톤),unchanged
test,582219,쇼핑몰,스킨케어,OO 순** 클렌징오일 200ml 1개,"순하고 부드럽습니다. 가격과 향은 맘에 들진 않지만, 잔여감 없이 색조 화장도 깔끔하게 지워주고 피부 트러블도 없어서 좋습니다.",윤기/피부(톤),부드럽습니다.,1,[속성] 윤기/피부(톤) [문장] 부드럽습니다.,,윤기/피부(톤),unchanged
test,593796,쇼핑몰,스킨케어,OO 그** 선 플러스 50ml 1개,가족이 모두 사용하는 제품입니다. 피부타입에 맞는 제품을 찾으면 계속 사용하는 스타일이라서 계속 사용하고 있어요 화장도 잘 하지 않는 요즘 매일 자외선 차단제는 잊지 않고 바르고 있는데 사용감도 좋고 피부트러블도 없고 데일리로 사용하기 좋습니다.,기능/효과,데일리로 사용하기 좋습니다.,1,[속성] 기능/효과 [문장] 데일리로 사용하기 좋습니다.,,기능/효과,unchanged
test,586963,쇼핑몰,스킨케어,OO 멘** 포밍워시 200ml 2개,사춘기 아이 얼굴에 여드름이 올라오기 시작해서 구매 했습니다. 제형이 폼 형태라 사용하기 편하고 뽀득하지만 건조하지는 않게 잘 닦인다고 해서 좋습니다.,편의성/활용성,사용하기 편하고,1,[속성] 편의성/활용성 [문장] 사용하기 편하고,,편의성/활용성,unchanged
test,594698,쇼핑몰,스킨케어,OO 카** 더블쉴드 선스틱 22g 1개,발랐을 때 끈적이지도 매트하지도 않고 딱 적당해요.. 부드럽게 발리는데 제형이 투명해서 바른 곳 안 바른 곳 구분은 잘 안 되니 사용하기 불편합니다. 백탁현상 없어 부담 없이 바를 수 있어 좋습니다.,색상,제형이 투명해서,0,[속성] 색상 [문장] 제형이 투명해서,,색상,unchanged
test,598060,쇼핑몰,스킨케어,OO 카** 선스틱 22g 1개,끈적이거나 번들거리지도 않고 뽀송뽀송 아주 좋습니다. 가격도 싸고 구매 수량 한정 되어있어서 아쉽습니다. 제품 완전 강추합니다.,흡수력,번들거리지도 않고,1,[속성] 흡수력 [문장] 번들거리지도 않고,,흡수력,unchanged
test,583105,쇼핑몰,스킨케어,OO 마** 퓨어 클렌징오일 200ml 1개,"선크림 지우려고 샀는데, 잘 지워져요. 번들거리지도 않고 오래 문지르지 않아도 잘 지워져요. 향이 좀 진한거 빼고 괜찮아요.",보습력/수분감,번들거리지도 않고,1,[속성] 보습력/수분감 [문장] 번들거리지도 않고,,보습력/수분감,unchanged
test,593772,쇼핑몰,스킨케어,OO 그** 선 플러스 50ml 1개,"점 빼고 예민해진 피부엔 무기자차가 좋을 것 같아 구매했는데, 눈이 시린 유기자차보다 편안하네요. 백탁현상이 없고 사용감이 뻑뻑한것도 없고 데일리로 사용하기 좋아요. 유통기한이 좀 더 길면 좋을 것 같습니다.",기능/효과,데일리로 사용하기 좋아요.,1,[속성] 기능/효과 [문장] 데일리로 사용하기 좋아요.,,기능/효과,unchanged
test,593306,쇼핑몰,스킨케어,OO 그** 선 플러스 50ml 1개,얇게 잘 발려 발림성이 좋아서 데일리로 사용하기 좋습니다. 성분도 좋은 걸로 알고 있어서 마음에 듭니다. 효과도 좋았으면 좋겠어요.,기능/효과,데일리로 사용하기 좋습니다.,1,[속성] 기능/효과 [문장] 데일리로 사용하기 좋습니다.,,기능/효과,unchanged
test,599662,쇼핑몰,스킨케어,OO 더** 스킨 선로션 200ml 1개,아토피가 있어 선크림이나 로션 까다롭게 고르는 편인데 ○○○에서 나온 제품이라서 믿고 구매했네요 아무 트러블도 없어서 만족해요 향도 좋고 부드럽고 잘 발려져서 너무 좋아요,윤기/피부(톤),부드럽고,1,[속성] 윤기/피부(톤) [문장] 부드럽고,,윤기/피부(톤),unchanged
test,588153,쇼핑몰,스킨케어,OO 시** 오일 280ml 1개,유명해서 구매해 봤습니다. 발라보니 번들거림 없이 얇게 잘 발려서 너무 좋습니다. 향은 별로지만 유분기도 없어서 좋고 지성인 제 피부에 딱입니다. OOO 선크림만 사용할 듯합니다. 다만 유통기한이 짧아서 아쉬워요.,기능/효과,제 피부에 딱입니다.,1,[속성] 기능/효과 [문장] 제 피부에 딱입니다.,,기능/효과,unchanged
test,598148,쇼핑몰,스킨케어,OO 카** 선스틱 22g 1개,"부드럽게 잘 발리고, 제형이 투명해서 여러 번 덧발라도 얼굴이 하얗게 되지 않아 좋아요. 저렴한 가격에 구매해서 좋습니다. 냄새는 좀 별로네요.",제형,제형이 투명해서,0,[속성] 제형 [문장] 제형이 투명해서,,제형,unchanged
test,586847,쇼핑몰,스킨케어,OO 멘** 포밍워시 200ml 2개,사용하기 편하고 순해서 좋습니다.용량이 작아 금방 쓸 것 같은데 생각보다 오래 사용해서 좋네요. 여드름 많은 딸아이와 함께 쓰는데 피부가 깨끗해지고 보습력도 있어서 좋네요. 세일할때마다 쟁여두고 있어요. 자주 세일했으면 좋겠네요.,사용감,사용하기 편하고,1,[속성] 사용감 [문장] 사용하기 편하고,,사용감,unchanged
test,808516,쇼핑몰,헤어/바디케어,OO 인** 리페어 핸드크림 56g 1개,거친 손을 위해 보습용으로 아주 좋습니다. 향도 무난하고 데일리로 쓰기 좋아요.,편의성/활용성,데일리로 쓰기 좋아요.,1,[속성] 편의성/활용성 [문장] 데일리로 쓰기 좋아요.,,편의성/활용성,unchanged
test,806819,쇼핑몰,헤어/바디케어,OO 아** 모이스춰라이저 400ml 1개,OOO배송이라 편하고 가격 대비 용량이 많아요. 바르면 촉촉하고 부드러워요. 용기 펌핑은 잘 안되서 사용하기 불편합니다.,보습력/수분감,부드러워요.,1,[속성] 보습력/수분감 [문장] 부드러워요.,,보습력/수분감,unchanged
test,808445,쇼핑몰,헤어/바디케어,OO 인** 리페어 핸드크림 56g 1개,보습용으로 샀는데 만족해요. 촉촉하고 부드러워요. 아주 적은 양으로도 잘 발리고 촉촉해서 오래 쓸 수 있겠어요. 사이즈는 작지만 촉촉함은 최고예요. 향도 나쁘지 않네요. 추천합니다.,보습력/수분감,부드러워요.,1,[속성] 보습력/수분감 [문장] 부드러워요.,,보습력/수분감,unchanged
test,803641,쇼핑몰,헤어/바디케어,OO 온** 퓨어 시카 쉐어 바디로션 1000ml 1개,감사해요. 피부가 촉촉하고 부드럽고 발림성도 너무 좋습니다. 향도 너무 좋아요. 향이 오래가서 너무 좋은거 같습니다. 잘 쓸께요. 또 구매하려구요 감사해요. 고마워요.,보습력/수분감,부드럽고,1,[속성] 보습력/수분감 [문장] 부드럽고,,보습력/수분감,unchanged
test,803663,쇼핑몰,헤어/바디케어,OO 온** 퓨어 시카 쉐어 바디로션 1000ml 1개,향이 상당히 좋습니다. 바른 느낌이 산뜻하면서 부드럽습니다. 심하게 미끈거리진 않습니다.,보습력/수분감,부드럽습니다.,1,[속성] 보습력/수분감 [문장] 부드럽습니다.,,보습력/수분감,unchanged
test,812748,쇼핑몰,헤어/바디케어,OO 카** 클래식 핸드 앤 네일크림 100ml 1개,사무실에 놓고 계속 쓰고 있는 핸드크림입니다. 향이 순하고 흡수력 좋고 촉촉합니다. 요즘 손 닦는 횟수가 많아 필수로 지니고 있습니다. 1+1이고 할인행사 해서 저렴하게 구매했네요.,보습력/수분감,촉촉합니다,1,[속성] 보습력/수분감 [문장] 촉촉합니다,,보습력/수분감,unchanged
test,801417,쇼핑몰,헤어/바디케어,OO 세** 모이스춰라이징 크림 구형 550g 1개,보습력이 좋아요. 용기 입구가 넓어서 쓰기 편해요. 다 써갈 때 펌프는 낭비가 넘 심하고 짜는 건 쓰기 불편하더라고요. 그런데 이 제품은 사용하기 편하고 낭비도 없고 좋습니다.,편의성/활용성,사용하기 편하고,1,[속성] 편의성/활용성 [문장] 사용하기 편하고,,편의성/활용성,unchanged
test,817467,쇼핑몰,헤어/바디케어,OO 랩** 센서티브 포밍 핸드워시 250ml 1개,ㅇㅇ 쓸때 손이 건조해서 사용 후 꼭 핸드크림을 발라야 했는데 ㅇㅇㅇ으로 바꾼 후로는 핸드크림을 사용하지 않아도 촉촉하고 부드러워요. 향도 은은하고 너무 좋습니다.,보습력/수분감,부드러워요.,1,[속성] 보습력/수분감 [문장] 부드러워요.,,보습력/수분감,unchanged
test,808378,쇼핑몰,헤어/바디케어,OO 인** 리페어 핸드크림 56g 1개,잘 사용하고 있습니다. 행사할때 사서 저렴하게 구입해서 좋았습니다. 마지막까지 펌핑이 잘 되서 좋습니다. 촉촉합니다. 향이 강하지 않아서 더 좋네요.,보습력/수분감,촉촉합니다,1,[속성] 보습력/수분감 [문장] 촉촉합니다,,보습력/수분감,unchanged
test,812385,쇼핑몰,헤어/바디케어,OO 카** 클래식 핸드 앤 네일크림 100ml 1개,이 제품은 클래식이 향이 제일 무난해서 이것만 쓰게 됩니다. 적당히 촉촉해서 데일리로 사용하기 좋습니다. 사무실 에서도 집에서도 수시로 써서 항상 사 두고 쓰고 있습니다. 가격도 착해서 너무 좋습니다.,편의성/활용성,데일리로 사용하기 좋습니다.,1,[속성] 편의성/활용성 [문장] 데일리로 사용하기 좋습니다.,,편의성/활용성,unchanged
