split,review_id,source,category,product_name,raw_text,aspect,sentiment_text,sentiment_polarity,model_input,label,original_aspect,normalization_reason
train,1023473,SNS,스킨케어,OO 극** 에멀전 125ml,비싼만큼 제값하는 화장품 찾기가 쉽지 않은데요 저희 어머니가 꾸준히 쓰고 계시고 저도 얼마전부터 사용중인 로션 리뷰입니다. OO OOO 에멀전은 얼굴에 촉촉하게 잘발리고 더 반짝반짝해져서 피부가 좋아보인다고 하시더라구요 한방 향이 독하지 않구 촉촉해서 좋아요 저희 어머니는 10년동안 기초는 OOO라인만 쓰고 계셔서 항상 제가 대신 구매해드렸거든요 그러다 이번에 저도 쓰게 되었는데 건성피부인 제가 이거 사용하고 나서 피부좋단 소리 많이 들었어요 주변에 꼭 OO만 쓰시는 분들이 계시는데 다 OOO라인 추천을 많이 하시더라구요 피부에 꼭 맞는 제품 찾으시길 바랄게요!,보습력/수분감,촉촉하게,1,[속성] 보습력/수분감 [문장] 촉촉하게,,보습력/수분감,unchanged
train,1023475,SNS,스킨케어,OO 크** 모이스처라이저 딥 모이스트 125ml ,건성 피부에게 겨울은 혹독한 계절이에요 이 시즌을 넘기기 위해 찾은 쫀득한 로션 리뷰입니다. OO OOO 모이스처라이저구요 제형이 정말 크리미하게 건성에게는 딱 겨울에 맞는 로션입니다. 순하고 제형이 부드럽고 향기도 OO답게 적당히 고급스러워요 민감한 피부에도 별 자극없이 잘 흡수가 되구요 펌프형이라 딱 한 번 쓸 만큼만 짜내기 편합니다. 다 좋지만 용량이 작은 건 정말 불편하네요 아껴쓰지 않으면 너무 금방 써버리는 단점이 있어요 혹독한 겨울 모두 피부 조심하세요~,제형,제형이 부드럽고,1,[속성] 제형 [문장] 제형이 부드럽고,,제형,unchanged
train,1024775,SNS,스킨케어,OO 피** 선,"안녕하세요~ 오늘은 ㅇㅇㅇ 제품을 소개해 드리려고 해요~ 코로나 시대로 마스크를 매일 쓰고 다니는 만큼 파데프리를 하고 싶어서 톤업크림을 알아보고 있었는데, 이 제품은 톤업도 되고 자외선 차단도 해서 구입을 해봤어요ㅎㅎ 보통 톤업 크림은 색상이 햐얀색인 경우가 많은데 이 제품은 피치빛이라서 발랐을 때 피부톤이 자연스럽게 화사하게 올라갑니다ㅎㅎ 부드럽고 촉촉하게 잘 발리기는 하지만 마무리는 보송해서 속건조가 있으신 분들께는 추천드리지 않아요! 파데프리를 위한 첫걸음으로 이 제품을 추천합니다~",보습력/수분감,촉촉하게,1,[속성] 보습력/수분감 [문장] 촉촉하게,,보습력/수분감,unchanged
train,1024818,SNS,스킨케어,OO 하** 세럼,안녕하세요~ 오늘은 ㅇㅇㅇ 세럼을 리뷰해 볼게요~ 워낙 유명한 제품이라 저도 한번 사용해 보고 싶었는데 가격이 너무 사악해서 그동안 구매를 못했어요ㅠㅠ 지금 ㅇㅇ에서 특가로 판매하고 있으니 노리고 있던 분들은 언능 달려가세요! 속건조에 효과적인 제품이라고 들은 만큼 속건조를 쫙 잡아주고 묽은 제형이라 끈적임 없이 가볍게 발리면서 흡수력 또한 매우 뛰어나더라구요ㅎㅎ 이제 ㅇㅇㅇ제품은 믿고 구매할 정도로 신뢰가 쌓이는 브랜드네요ㅎㅎ 속건조 있으신 분들 얼른 ㅇㅇ으로 달려가~~,제형,묽은 제형이라,0,[속성] 제형 [문장] 묽은 제형이라,,제형,unchanged
train,1025469,SNS,스킨케어,OO 로** 스네일 달팽이 크림 50ml,어떤 제품으로 피부 관리 하시나요? 저는 이 제품을 추천 하고 싶어서 가져왔어요!! 달팽이 크림인데 너무 좋아서 알려 드리고 싶었어요 :) 오늘 후기 들으시고 주문 하시길 바랄게요~!! 일단 이 제품은 제형이 쫀쫀해서 발림성이 너무 좋은 것 같아요!! 약 한 달 넘게 사용을 했는데 피부가 부드러워지는 것 같아요!! 가격도 저렴한 것 같아서 사는 데 부담이 없는 것 같습니다!! ㅎㅎㅎ 제가 사용하고 너무 좋아서 친구 선물로도 사줬습니다!! 아직 이 제품 사용하시지 않은 분들은 꼭 사용하시길 바랄게요!! 오늘 소개 해드린 제품 어떠셨나요~? 기회가 되시면 꼭 사용 해보시길 바랍니다!!,제형,제형이 쫀쫀해서,1,[속성] 제형 [문장] 제형이 쫀쫀해서,,제형,unchanged
train,1025606,SNS,스킨케어,OO 파** 선크림 50ml 1개,선크림 찾으시고 계셨나요? 이 제품 쓰시면 좋을 것 같아요~^^ 제가 피부 타는 거에 예민해서 많은 선크림을 써 왔는데 이 제품이 가장 좋아서 추천 드리고 싶었습니다~~ 저는 원래 선크림 유목민이었어요~ 우선 집에 있는 많은 선크림 중에 몇 가지만 이야기를 하자면 어떤 제품은 백탁 현상이 너무 심해서 바르기만 하면 하얘지고 어떤 선크림은 향이 너무 안 좋은 제품도 있고 어떤 제품은 눈 주위에 자극이 가서 별로였던 제품도 있었습니다... 그래서 이것 저것 매 번 몇 번 바르고 안 바르게 되었는데 이 제품은 정말 대박인 것 같아요!! 일단 백탁 현상 없고 향도 무난하고 무엇보다 순해서 좋은 것 같습니다!!! 이 세가지 장점 만으로도 저는 이 제품을 선택할 이유가 충분히 있다고 봅니다!! 꼭 사용하시길 바랄게요~,향,향도 무난하고,1,[속성] 향 [문장] 향도 무난하고,,향,unchanged
train,1025871,SNS,스킨케어,OO 유** 아이크림 포페이스 30ml,날씨가 쌀쌀해지며 건조해지면 피부에 더욱 신경써야 할것 같아요 동생과 함께 늘 바르는 OO아이크림 추천합니다~~^^ OO아이크링은 주름과 미백 효과도 있어서 피부톤을 맑게 해주더라구요.쫀쫀한제형은 바르는 순간 발림성이 좋아 촉촉하게 흡수되어 피부가 탱탱하게 탄력이 생긴답니다 눈가와 목에도 주름이 없어지길 효과 있기를 바라머 듬뿍 바르고 있어요 ㅎㅎ 은은한 꽃향도 무지 좋아용~~^^ 가성비도 좋아 계속 건조함을 느낄때마다 발라줍니다특히 겨울엔 짱! OO 아이크림 적극 추천합니다~~^^,보습력/수분감,촉촉하게,1,[속성] 보습력/수분감 [문장] 촉촉하게,,보습력/수분감,unchanged
train,1025933,SNS,스킨케어,OO 로** 스네일 달팽이 크림 50ml,처음엔 언니 화장대에서 있어 무심히 한번 써봤어요. 근데 촉촉함이 너무 좋은 거예요 엥 ~~이게 뭐지? 바로 OO OOO크림이네요 ^^~~ 쫀쫀한 제형으로 발림성이 좋아 피부에 부드럽게 발라지면서 흡수 되더라구요. 번들거리지도 않고 민감한 피부에 진정효과도 있어서 촉촉해져요ㅋㅋ 그래서 저도 구매했답니다^^ 가격도 저렴해서 밤에마음 껏 듬뿍 발라도 좋아용~~ 담 날 화장도 잘 먹더라구요 ㅎㅎ 케이스도 예쁘고 고급스러워 엄마에게도 선물하고 점수 따야 겠어요 ㅋㅋ,제형,쫀쫀한 제형으로,0,[속성] 제형 [문장] 쫀쫀한 제형으로,,제형,unchanged
train,1026037,SNS,스킨케어,OO 그** 선 플러스 50ml,"화장품 세계에는 유목민이 참 많지만, 그 중에서도 선크림은 유목민이 정말 많은 아이템인 것 같아요. 그런데 오늘 소개해 드리는 OO의 OOO 제품에 정착민이 많이 생기고 있다고 해서 사용해 봤답니다. 사용해 보니 밀림 없이 덧바르기가 좋고, 유기자차에 비해 자극이 덜해 저는 마음에 들더라고요. 백탁도 전혀 없다고는 할 수 없지만 거의 없는 정도이고, 발림성도 좋고, 끈적임이나 기름기도 없고, 이 정도면 정말 너무 좋은 선크림이죠. 다만 세안은 꼭 이중세안을 하셔야 해요. 무기자차 성분의 특성상 폼클렌징만으로는 깨끗이 지워지지 않을 수 있으니 이 점 유념하세요. 정착하기 좋은 선크림, OO OOO 후기였습니다!",자극성,자극이 덜해,1,[속성] 자극성 [문장] 자극이 덜해,,자극성,unchanged
train,1026042,SNS,스킨케어,OO 엑티브 크림 EX 50ml,"그냥 보습 말고 피부미인 만들어 줄 크림이라기에 구매해 본 OO OOO 크림 사용후기를 공유해 보려고 해요. 처음 사용했을 땐 자극이 어마어마했어요. 바르고 나면 불에 덴 듯이 쓰리고 따가울 지경이어서 잠시 사용을 중단하고 피부를 진정시켜야 했어요. 며칠 뒤에 다시 조심스럽게 사용을 재개했는데 그 때부터는 크림의 효능이 빛을 발하더라고요. 코와 볼 부위에 늘어진 모공이 좁혀지는 것 같고 피부에 탄력이 차오르는 느낌이었어요. 가격이 비싸서 효과 없으면 어쩌나 걱정했는데 괜한 걱정이었어요. 가벼운 제품들 위주로만 사용하던 저에게는 작은 모험이었는데, 도전해 보길 잘한 것 같아요.",가격,가격이 비싸서,-1,[속성] 가격 [문장] 가격이 비싸서,,가격,unchanged
train,1026054,SNS,스킨케어,OO 울** 페이셜 수분 크림 125ml,"OO에 수분 크림만 있는 건 아니지만, 수분 크림 없는 OO은 상상하기 어려울 정도예요. OO을 대표하는 OOO 크림을 사용해 봤어요. 환절기라 그런지 피부가 예민할 때라서 부작용 나면 어쩌나 약간 걱정하면서 발랐어요. 일단 무향이라서 왠지 안심이 됐고, 살짝 찍어서 펴 발라 보니 적은 양인데도 촉촉하게 잘 발려서 '이거 괜찮네?' 했어요. 입가에 생겼던 오돌토돌한 트러블도 진정이 되고, 건조증이 좀 완화되더라고요. 가격이 비싸서 그냥 평범한 크림이면 실망할 뻔했는데, 비싼 가격 받을 만한 품질이라는 생각이 들었어요. 가격대가 있는데도 꾸준히 잘 팔리는 제품은 역시 뭔가 다르네요.",보습력/수분감,촉촉하게,1,[속성] 보습력/수분감 [문장] 촉촉하게,,보습력/수분감,unchanged
train,1026054,SNS,스킨케어,OO 울** 페이셜 수분 크림 125ml,"OO에 수분 크림만 있는 건 아니지만, 수분 크림 없는 OO은 상상하기 어려울 정도예요. OO을 대표하는 OOO 크림을 사용해 봤어요. 환절기라 그런지 피부가 예민할 때라서 부작용 나면 어쩌나 약간 걱정하면서 발랐어요. 일단 무향이라서 왠지 안심이 됐고, 살짝 찍어서 펴 발라 보니 적은 양인데도 촉촉하게 잘 발려서 '이거 괜찮네?' 했어요. 입가에 생겼던 오돌토돌한 트러블도 진정이 되고, 건조증이 좀 완화되더라고요. 가격이 비싸서 그냥 평범한 크림이면 실망할 뻔했는데, 비싼 가격 받을 만한 품질이라는 생각이 들었어요. 가격대가 있는데도 꾸준히 잘 팔리는 제품은 역시 뭔가 다르네요.",가격,가격이 비싸서,-1,[속성] 가격 [문장] 가격이 비싸서,,가격,unchanged
train,1026563,SNS,스킨케어,OO 크** 콜라겐 1매,완전 대박 상품 가져왔습니다!!! 왜 이 제품을 이제야 알았을까요..? 더 빨리 알았다면 지금보다 피부가 더 좋아졌을 것 같습니다 ㅋㅋㅋㅋ 후기 바로 알려 드리도록 할게요~^^ 지인 추천을 받아서 사게 된 제품이네요! 처음에는 가격이 비싸서 살짝 고민은 했지만 진짜 사길 잘한 것 같아요!! 안 샀더라면 평생 이 제품은 안 썼을 것 같습니다..ㅠㅠㅠ 일단 고무 팩인데 사용하기 정말 편리한 것 같아요 팩과 앰플이 따로 담아져 있어서 좋은 것 같습니다!! 그리고 팩 향도 저는 부담이 없어서 좋았고 사용 후에 피부가 정말 촉촉해져서 좋은 것 같습니다~~ 한 달 정도 사용했는데 피부 트러블도 없는 걸 보면 좋은 제품인 것 같습니다 이 제품 정말 대박 상품이에요!! 팩 중에서 제일 좋지 않을까 생각이 드네요!! 추천 하고 싶은 팩입니다~^^,가격,가격이 비싸서,-1,[속성] 가격 [문장] 가격이 비싸서,,가격,unchanged
train,1026605,SNS,스킨케어,OO T** 콜라겐 크림팩 ,광고 보고 급하게 구입한 제품입니다! 요새 피부가 너무 건조해서 관리 해보려고 구입을 했습니다... 하지만 그렇게 좋지 않아서 추천 드리고 싶지는 않네요 일단 제형이 너무 꾸덕해서 바르기 어려워요!! 그리고 꾸덕한 제형 억지로 펴 바르려고 힘을 주면 피부에 자극이 오는 것 같습니다...ㅠㅠ 게다가 좀 많이 바르고 싶은데 양이 너무 적어서 많이 바르지도 못하네요....ㅠㅠ 또한 향도... 개인적으로 너무 약품 냄새가 많이 나는 것 같아 별로였습니다 ㅠㅠ 효과라도 좋으면 만족하는데 효과도 미미한 것 같아 크게 추천 드리고 싶은 제품은 아닙니다!! 하루 사용하고 너무 힘들어서 사용을 안 하게 되네요~ 남은 제품은 동생 갖다 줘야겠습니다..ㅠ,제형,제형이 너무 꾸덕해서,-1,[속성] 제형 [문장] 제형이 너무 꾸덕해서,,제형,unchanged
train,1027259,SNS,스킨케어,OO 멜** 앰플 매니아구성,요즘 배우 OO를 텔레비전에서 보면서 변치않는 아름다움을 간직한 비결에 대해서 궁금해져서 직접 제작에도 참여했다는 OOO OO을 사용해보았어요. 이 앰플은 눈에 보이는 기미부터 속기미까지 케어 할수 있다는 말이 눈에 쏙 들어오더라구요. 용기의 뒷부분이 주사기처럼 누르는 형태로 되어있어 기미있는곳에 집중해서 톡톡 발라 줄수 있네요. 좀 묽은 제형이지만 촉촉하게 잘 펴발라지고 바른후 잘 흡수되어 피부가 광채가 살아나는 느낌이었어요. 앰플부터 크림까지 발라준다면 더욱 큰 효과를 볼수 있다는 느낌이 드네요!!,보습력/수분감,촉촉하게,1,[속성] 보습력/수분감 [문장] 촉촉하게,,보습력/수분감,unchanged
train,1027262,SNS,스킨케어,OO 주** 멀티밤,저는 피부는 항상 좋다고 생각하고 있었어요. 그런데 어느날 목과 눈가에 주름을 보고 깜짝 놀랐어요 ㅠㅠ진작 관리 좀 할껄 하고 후회 했답니다 ㅠㅠ그래서 전부터 눈여겨 보던 OO멀티밤을 주문 했습니다!! 마침 콜라겐앰플도 같이 보내주시는 행사를 하더라구요 너무 감사했어요^^ 구성도 알차서 바로 구매했네요~ 도착하자 같이 온 콜라겐 앰플을 듬뿍 발랐더니 흡수도 잘 되고 좋네요 ㅎㅎ 엄청 부드럽게 발리고 목이나 눈가에 촉촉하게 충분히 발라지네요~~피부도 따갑지않고 순수한 성분인것 같아 좋아요!! 하루종일 피부가 촉촉해져서 좋습니다! OO 멀티밤으로 꾸준히 관리해보려구요~,보습력/수분감,촉촉하게,1,[속성] 보습력/수분감 [문장] 촉촉하게,,보습력/수분감,unchanged
train,1027992,SNS,스킨케어,OO 스** 에센셜 클렌징 폼 250ml,선물 받아서 처음으로 사용한 OO 제품인데 20년 정도 꾸준히 사용하고 있습니다. 이렇게 오래 쓰는 제품 잘 없을 거 같은데... 이번에 클렌징 폼 하나에 사은품을 3개나 주셔서 얼른 구매했어요. 사은품인데도 생각보다 양이 많아서 오래 쓸 수 있을 것 같아요. 무향에 피부 자극도 없고 세정력도 좋은 제품이라 장기간 꾸준하게 사용하고 있습니다. 나이대에 상관없이 쓸 수 있는 제품인 거 같아요. 제가 20년 정도 꾸준하게 잘 쓰고 있는 좋은 제품이란 생각이 들어 늘 추천하게 되는 제품이에요.,향,무향에,1,[속성] 향 [문장] 무향에,,향,unchanged
train,1027993,SNS,스킨케어,OO 스** 에센셜 클렌징 폼 250ml 기획세트,이 제품 오래전부터 나온 제품인 거 같은데 순한 클렌징 폼이라고 하길래 구매해 봤어요. 택배 도착해서 뜯었더니 엄마가 예전에 쓰던 건데 어떻게 이걸 샀냐고 물으시네요. 너무 오래전 제품을 산 건가 좀 걱정이 되긴 하더라고요. 반품하면 왕복 택배비 부담해야 하니까 상품평 믿고 쓰기로 했죠. 거품이 잘 나지는 않는데 클렌징은 잘 되었어요. 향도 나쁘지 않고 가격도 이만하면 저렴한 편인 거 같고 용기가 펌핑해서 쓰는 거라 사용하는 것도 편해서 괜찮았어요. 전체적으로 괜찮은 클렌징 폼인 거 같아요~~~,향,향도 나쁘지 않고,0,[속성] 향 [문장] 향도 나쁘지 않고,,향,unchanged
train,1030075,SNS,스킨케어,OO 어** 나이트 리페어 세럼,"안녕하세요~ 겨울이지만 겨울 같지 않은 요즘이지만 겨울을 위한 제품인 듯한 OOO 세럼을 들구 와봤어용! 정말 정말 유명한 제품이죠ㅎㅎ 얼마 전에 행사도 한 걸로 기억하는데, 모두들 잘 사용하고 있는 제품인가봐요ㅎㅎ 저는 사실 불호인 제품이네요! 그 이유는 다름 아닌 향이 별로예요…ㅎ 저는 향에 민감한 편인데 이 제품의 향이 저랑 너무 안 맞았어요… 얼굴에 바르는 거라 바를 때만 참는다고 해도 향이 남아서 계속 코 근처에 맴돌아서 너무 고통스러웠던..ㅠ 그래도 제형이 쫀쫀하고 촉촉하게 잘 흡수되어서 좋은 것 같더라구요! 저처럼 향에 민감하신 분들은 향 한번 시향하는 걸 추천드려요~",제형,제형이 쫀쫀하고,1,[속성] 제형 [문장] 제형이 쫀쫀하고,,제형,unchanged
train,1030075,SNS,스킨케어,OO 어** 나이트 리페어 세럼,"안녕하세요~ 겨울이지만 겨울 같지 않은 요즘이지만 겨울을 위한 제품인 듯한 OOO 세럼을 들구 와봤어용! 정말 정말 유명한 제품이죠ㅎㅎ 얼마 전에 행사도 한 걸로 기억하는데, 모두들 잘 사용하고 있는 제품인가봐요ㅎㅎ 저는 사실 불호인 제품이네요! 그 이유는 다름 아닌 향이 별로예요…ㅎ 저는 향에 민감한 편인데 이 제품의 향이 저랑 너무 안 맞았어요… 얼굴에 바르는 거라 바를 때만 참는다고 해도 향이 남아서 계속 코 근처에 맴돌아서 너무 고통스러웠던..ㅠ 그래도 제형이 쫀쫀하고 촉촉하게 잘 흡수되어서 좋은 것 같더라구요! 저처럼 향에 민감하신 분들은 향 한번 시향하는 걸 추천드려요~",보습력/수분감,촉촉하게,1,[속성] 보습력/수분감 [문장] 촉촉하게,,보습력/수분감,unchanged
train,1030100,SNS,스킨케어,OO 판**  앰플 30ml ,안녕하세요~ 겨울에 곁에 둘 친구를 찾고 있던 중 OOO 블레미쉬 앰플을 만났어요~ 후기 올립니당~ 계속 사용하던 앰플을 다 써서 이 제품에 새롭게 도전을 해보았습니다ㅎㅎ 기존에 사용하던 앰플과 달리 이 제품은 가벼운 제형이고 피부가 보들보들해지는 느낌도 없어요. 그래서 그런지 보습감이나 수분감이 막 느껴지는 제품은 아니라서 조금 아쉽더라구요… 이제 겨울이 다가오는데 이 제품은 가을겨울에는 사용하기 별로네요. 봄여름에 잘 사용할 수 있는 제품일 것 같아요~ 여러분들이 사용하시는 겨울용 앰플이 있나요? 공유해 주세요~,제형,가벼운 제형이고,0,[속성] 제형 [문장] 가벼운 제형이고,,제형,unchanged
train,1030134,SNS,스킨케어,OO UV프로텍터 멀티 디펜스 50ml 1개,당연히 선크림은 필수로 발라줘야하니까 나한테 맞는 제품을 찾는 게 중요한데 이때까지 이만한 거 못 찾았습니다.!! 보통 선크림 제품들은 백탁현상이 있어서 바르면 허옇게 얼굴에 뜨는데 이거는 백탁현상 같은 게 없었습니다. 오히려 로션제형이라 좋고 바르면 촉촉하게 잘 발리고 뜨는 거 없이 피부에 광이 돌았습니다. 촉촉해서 좋고 선크림이 끈적인다거나 제형이 묵직하지 않아서 좋아요. 가볍게 바르기 좋아서 저는 외출할때도 꼭 들고 나가서 수시로 얼굴에 발라주고 있어요. 앞으로도 계속 사용할 거예요. 여러분들도 한번 사용해보세요~,보습력/수분감,촉촉하게,1,[속성] 보습력/수분감 [문장] 촉촉하게,,보습력/수분감,unchanged
train,1031096,SNS,스킨케어,OO 보** 단백질 크림 50ml,단백질 크림이 필요해서 찾아 보다가 알게 된 제품입니다! 온 가족이 사용하고 있는데 다 좋다고 해서 추천 드리고 싶어 가져 왔습니다~ 단백질 크림 찾으실 땐 이 제품 추천 드리고 싶어요! 정말 품질이 좋습니다~ 수분감도 좋고 바르면 피부가 촉촉해져 좋습니다! 성분도 좋아 피부 트러블도 생기지 않네요~ 저희 가족이 피부 타입이 다양한데 다 잘 사용하는 걸 보면 모든 피부 타입에 잘 맞지 않나 생각이 듭니다! 향도 무난하고 발림도 좋아 바르는 맛이 있는 제품이에요~~ 가성비 좋습니다! 단백질 크림은 무조건 ㅇㅇㅇ단백질 크림 50ml 추천 합니다!! 최고에요,향,향도 무난하고,1,[속성] 향 [문장] 향도 무난하고,,향,unchanged
train,1031206,SNS,스킨케어,OO 이** 턴오버 28 어드밴스드 트루 클렌징폼 180ml 1개,언니가 화장품 구매하는 거 좋아해서 이런저런 제품 다양하게 많이 써보게 됩니다. 인터넷 검색하다가 사용해 보고 싶어서 주문했다고 하네요. 언니가 먼저 써보더니 사용감 괜찮고 수분감도 좋다고 하면서 거품은 생각보다 많이 안 나서 아쉬웠고 했어요. 저는 향이 무난하고 피부에 자극적이지 않아 괜찮은 거 같았어요. 언니와 제 피부에 잘 맞는 거 보면 모든 피부에 잘 맞는 제품일 듯합니다. 매번 언니가 구매하는 제품 쓰니까 돈 안 들어가고 좋네요ㅎㅎㅎ,향,향이 무난하고,1,[속성] 향 [문장] 향이 무난하고,,향,unchanged
train,1031228,SNS,스킨케어,OO 해** 클렌징폼 200g 1개,개인적으로 거품 많은 제품을 좋아해요. 리뷰 보고 구입했는데 제품 제형이 쫀쫀해서 거품 잘 안 날까 걱정했는데 사용해 보니 거품이 많아서 만족하고 잘 쓰고 있는 제품이에요. 이거 쓰기 전에 구입했던 제품 중에 다른 건 다 만족인데 거품이 풍부하지 않아 실망이었거든요. 이건 거품도 엄청 잘나고 세정력이 너무 좋아요. 가격도 저렴하고 용량도 많고 유통기한까지 긴 제품이라 만족 안 할 수가 없네요~ 거품 풍부한 제품 찾으시면 이 제품 만족하실 거예요. 추천!!!,제형,제형이 쫀쫀해서,0,[속성] 제형 [문장] 제형이 쫀쫀해서,,제형,unchanged
train,1032471,SNS,스킨케어,OO 프로폴리스 앰플 ,"환절기라 피부도 건조하고 트러블도 생겨서 평소 얘기를 많이 들었던 OO OOO 앰플을 구입했습니다 앰플은 제형이 쫀쫀하고 촉촉하고 피부에 잘 스며들었어요. 기분이 좋더라구요~ 근데 ....아침,저녁으로 계속 발랐는데.... 반병정도까지 발랐는데 아직 크게 좋아진 걸 효과는 잘 모르겠네요 ㅠㅠ 피부결도 보습도 ... 제 기대가 너무 큰 걸까요? 가격도 비싼데 ....조금 실망 했어요 그래도 남은 건 꾸준히 써야겠네요 쓰다보면 피부가좀 더 촉촉하고 보습도 좋아지겠죠 ㅎ",제형,제형이 쫀쫀하고,0,[속성] 제형 [문장] 제형이 쫀쫀하고,,제형,unchanged
train,1032519,SNS,스킨케어,OO 단** 앰플 35ml,친구에서 생일선물로 OO OOO 앰플을 받았습니다. 처음 선물로 받고 너무 좋아 재구매하게 되었네요 ㅋㅋ 건성피부인 저는 물처럼 흐르는 제형을 보고 갸웃했지만 촉촉하게 빨리 스며들더라구요. ㅎㅎ 피부결이 정돈되고 속당김도 거의없이 얼굴색이 밝아져요 성분에 단백질 함양이 높아서인지 크림도 필요 없는 마법 같은 앰플이에요 ㅋㅋ 근데 용기 입구가 커서 ... 제형도 묽은데....양조절이 어렵고 좀 위생적이진 않은 건 같네요..스포이드 같이 덜어쓰는 것 있으면 좋을것 같아요 ㅎㅎ 어쨌든 저는 재구매 합니다.강~추!!!,보습력/수분감,촉촉하게,1,[속성] 보습력/수분감 [문장] 촉촉하게,,보습력/수분감,unchanged
train,1032670,SNS,스킨케어,OO 울** UV 디펜스 선스크린 ,안녕하세요~ 아직 겨울에 쓸 선크림 고민 중이신가요~ ㅇㅇㅇ ㅇㅇ 선스크린 후기 보고 딱 정하세요~ 저도 여러 번 이것저것 다 써봤지요~ 몇 번을 갈아탔다가 다시 ㅇㅇㅇ로 돌아오게 되더라구요~ 이 중독성 있는 ㅇㅇㅇ만의 수분감 정말 특별한 것 같아요~ 톡톡 두드려서 펴 발라주면 잘 스며들어 촉촉함이 피부 속에서부터 올라오는 것 같은 느낌? 다른 제품은 화끈거리고 당겨서 건조한 느낌도 있는데 이 ㅇㅇㅇ은 발라도 트러블도 없고 촉촉하게 피부를 진정시켜주는 그런 제품이에요. 이제 어떤가요~ ㅇㅇㅇ로 정착하세요~ㅎ,보습력/수분감,촉촉하게,1,[속성] 보습력/수분감 [문장] 촉촉하게,,보습력/수분감,unchanged
train,1032929,SNS,스킨케어,OO 퓨** 클렌징 오일 300mlX2 더블기획,1등 하는 클렌징오일이래요. 뭐가 어떻게 좋은지 해부해 보겠습니다. 좋다고 많이 듣긴 했는데 가격이 비싸서 안 샀거든요. 이번에 세일해서 저렴하게 팔기에 사 봤습니다. 대용량이기까지 해서 한동안 걱정 없이 쓰겠어요. 자극 없이 순하고 깨끗하게 잘 씻어 줍니다. 포인트메이크업까지 한 방에 지워주고 그런 건 아니지만 순하면서 이 정도 세정력이면 괜찮다고 생각해요. 향도 산뜻해서 클렌징할 때 기분이 좋습니다. 유분감을 과하게 빼앗아가지 않으니까 세안 후에 피부가 편안~해요. 다 쓰면 재구매할 생각입니다. 저도 여기에 정착할 듯해요.,가격,가격이 비싸서,-1,[속성] 가격 [문장] 가격이 비싸서,,가격,unchanged
train,1034214,SNS,스킨케어,OO 희** 콜라겐 3종 세트,나이가 드니 기초제품 고르는 것도 고민되네요. 피부에 알러지까지 생겨 자극적이지 않은것을 써야할 것 같아 더 고민하다가 OO OOO를 구입했답니다^^~ 향도 나쁘지 않고 크림까지 세트로 구성되어 있어좋았고 또 세트로 가격도 저렴하네요 ㅋㅋ 일단 순해서 좋았었어요^^ 알러지가 있는 피부인데 자극적이지 않더라구요. 여름에도 당기는 피부인데 수분감이 좋고 가볍게 발려서 흡수도 잘되더라구요. ㅎㅎ 근데 보습력은 조금 부족한 것 같네요 ㅠㅠ 보습이 좋아야 안티 에이징도 될것 같은데... 순하기는 제일인데 보습은 좀 더 지켜 볼게요^^~,향,향도 나쁘지 않고,0,[속성] 향 [문장] 향도 나쁘지 않고,,향,unchanged
train,1034954,SNS,스킨케어,OO 크** 에센스 45ml ,"늘 마스크를 쓰고 다니니 얼굴도 거칠어지고 피부 탄력도 없고 피부톤도 아니고ㅠㅠ... 우울해지는 요즘 구매한 OO OOO 입니다^^~ 처음 들어 본 브랜드여서 살까 말까 고민하다가 착한성분으로 만들어진것 같아 광고에 혹해서 구입 했네요 ㅋㅋ 자기전에 바르니 단번에 물광이 도는 것은 아니고 보들보들 해지는게 점차 피부결도 개선되드라구요 물광이 생기겠죠 ㅎㅎ 피부톤이 맑아지고 있어 좋아요 근데 유분감이 있어서 지성이신 분은 좀 답답하실것 같네요 아침,저녁바르니 양도 조금 부족한 것 같네요ㅠㅠ.... 좋아서 다시 1 +1할때 재구매 했어요^^~~~",보습력/수분감,유분감이 있어서,-1,[속성] 보습력/수분감 [문장] 유분감이 있어서,,보습력/수분감,unchanged
train,1034999,SNS,스킨케어,OO 더** 크림 모이스춰라이징 밤 50ml ,제가 얼마 전에 생일이였거든요ㅎㅎ 생일선물로 이 제품을 받아서 리뷰도 같이 해볼려고 해요~ㅎㅎ 제품명을 보고 예상했다시피 수분크림입니다! 여느 수분크림과 마찬가지로 굉장히 가볍고 촉촉하게 잘 발려요~ 수분에 집중한 게 보이는 제품이였어요ㅎㅎ 저는 속건조가 심해서 웬만한 수분크림으로는 이 건조함이 안 잡히는데 역시나 이 제품도 수분감은 조금 부족하더라구요ㅠㅠ 그래도 화장하기 전에 가볍게 바르는 용도로 잘 사용할 것 같습니다~ 가볍고 촉촉한 수분크림 찾으시는 분들께 이 제품 추천드려요~!,보습력/수분감,촉촉하게,1,[속성] 보습력/수분감 [문장] 촉촉하게,,보습력/수분감,unchanged
train,1035561,SNS,스킨케어,OO 타** 에센스 180ml,40대 나이에 들어서니 피부도 칙칙하고 재생주기도 느려 배개 자국도 빨리 안 없어지네요ㅠㅠ 그래서 OO OOO를 구입했어요 전에 쓸 때 좋았던 기억에 ㅎㅎ 세안 후 에센스를 바르면 미끈거리지 않고 촉촉하게 쫀쫀함이 커서 좋았어요 저의 기억이 틀리지 않았네요 ㅋㅋ 저녁에 바르면 아침에 피부가 보들보들하고 탱탱해져서 화장도 잘 먹어요 ㅎㅎ 탄력케어에 한 몫을 하는 것 같네요 ㅋ 근데 양은 많지만 좀 헤픈 것 같네요 손에 닿는게 싫어 통에 담아 미스트처럼 뿌리거든요.... 1+1행사때 구매해서 친구들 선물하면 모두 좋아하네요^^~,보습력/수분감,촉촉하게,1,[속성] 보습력/수분감 [문장] 촉촉하게,,보습력/수분감,unchanged
train,1036377,SNS,스킨케어,OO 보** 단백질 크림 50ml,30대가 되니 기초케어에도 신경이 쓰이더라구요ㅠㅠ그래서 동생과 같이 구매하게 되었답니다 바로 OO OOO 단백질 크림입니다^^^ 개별구매는 비싼것 같아 세트를 구입해서 동생과 엄마와 같이 쓰기로 했어요 충분한 구성에 합리적인 가격도 너무 좋아서 뿌듯했네요 ㅋㅋ 케이스도 금색으로 너무 고급지더라구요 선물해도 될 만큼 있어 보였어요 ㅋ 단백질 알갱이가 톡톡 터지며 촉촉하게 흡수 되어 피부 속 깊이 수분과 단백질이 꽉 차는 것 같아요 ㅎㅎ 동생은 당김이 좀 있다고 하네요...보습력도 생각보다는 별로 라고 ....무튼 엄마와 나는 만족했어요 엄마는 주름에도 효과가 있는 것 같다고 하시네요 ㅋㅋ,보습력/수분감,촉촉하게,1,[속성] 보습력/수분감 [문장] 촉촉하게,,보습력/수분감,unchanged
train,1023747,SNS,헤어/바디케어,OO 인** 리페어 풋크림 56g 1개,여러분 발관리 하고 계신가요? 저는 요즘 발 관리에 관심이 많이 가서 풋크림 이것저것 찾아보는 중이였어요! 그 중에 찾은 제품 하나 소개해드릴게요!! 바로 OO OOO 풋크림입니다! OO 다들 아시죠? 브랜드 명성에 맞게 보습력이 대단한 제품으로 유명하죠!! ㅋㅋ 풋크림 제품도 보습력이 오래가고 발이 부드러워져서 항상 사용하고 있어요~ 다른 풋크림보다 만족도가 아주 높은 제품이랍니다! 발 보습력 제품 찾고 계신 분들은 한번 사용해보세요!,지속력/유지력,오래가고,1,[속성] 지속력/유지력 [문장] 오래가고,,지속력/유지력,unchanged
train,1023886,SNS,헤어/바디케어,OO 라** 두피강화 샴푸,지성인 두피를 가진 사람 입니다. 몇번 사용해봤는데 짧지만 제 얘기 한번 들어봐주세요! 일단 아침에 사용하고 나니 저녁때 머리가 덜 떡지더라구요. 향이 오래가지는 않아서 머리에서 향이 나는 거 좋아하신 분이면 다른 제품이랑 병행해서 사용하시면 될 듯해요~~ 성분도 착하고 저한테 딱 맞는 제품이네요~ 쫀쫀한 제형으로 거품도 잘나고 만족합니다 계속해서 구매할 생각입니다! 지인들에게도 추천하려구요~ 믿고 쓰는 OO 구성도 좋아 인터넷으로 구매해서 사용해보세요~,제형,쫀쫀한 제형으로,1,[속성] 제형 [문장] 쫀쫀한 제형으로,,제형,unchanged
train,1024900,SNS,헤어/바디케어,OO 프** 블랙 샴푸,안녕하세요~ ㅇㅇㅇ 블랙 샴푸 사용 후기를 전해 드리려고 해요~ 새치머리랑 출산 후 탈모가 회복이 안돼서 염색기능이랑 탈모개선 효과가 있다고 해서 사봤어요. 샴푸 거품색이 갈색이라 좀 신기하네요. 두피에 자극적이지 않고 세정력도 괜찮아서 쓰기에 부담 없구요. 머리를 감는 것만으로도 자연스럽게 갈색으로 변하고 따로 염색하지 않아도 되는 점이 넘 좋아요. 양도 많아서 한번 사면 오래 사용합니다. 부모님도 관심 보여서 사다 드렸는데 이제는 저보다 부모님이 ㅇㅇㅇ를 더 좋아하세요. 염색하기 힘드신 분은 간편한 ㅇㅇㅇ 사용하시는 거 완전 강추합니다. 더 늦기 전에 써 보세요~~,색상,샴푸 거품색이 갈색이라 좀 신기하네요,0,[속성] 색상 [문장] 샴푸 거품색이 갈색이라 좀 신기하네요,,색상,unchanged
train,1024915,SNS,헤어/바디케어,OO 탈모증상케어 샴푸,안녕하세요~ 오늘은 머릿결이 더 좋아졌으면 할 때 쓰기 좋은 샴푸 소개할게요~ ㅇㅇㅇ샴푸 좋은 건 소문으로 알고 있었습니다. 나이 탓인지 머리결이 얇아서 그런지 머리카락이 많이 빠져요. 나이도 들고 탈모방지도 할 겸 호기심에 구매했습니다. 멘톨같은 성분이 있어 감을 때 두피가 개운합니다. 세정 후에 개운함과 모발이 튼튼해진 것 같아서 정말 좋습니다. 다른 좋은 제품 발견하기 전까진 이 제품으로 계속 써볼까 합니다. 향은 호불호가 있을 것 같지만 사춘기 딸아이도 써 보더니 머리 떡짐 없어서 좋다고 합니다. 만족합니다. 머리 관리 이제 ㅇㅇㅇ으로 하세요~~,성분,멘톨같은 성분이 있어,1,[속성] 성분 [문장] 멘톨같은 성분이 있어,,성분,unchanged
train,1026437,SNS,헤어/바디케어,OO 일** 세라마이드 로션 ,"아낌없이 듬뿍 사용해도 넉넉한 용량에 부담없는 가격이고 순하고 자극적이지 않아서 온가족이 모두 만족하는 OO OOO로션 소개해볼게요 처음엔 유독 민감하고 연약한 피부의 아이때문에 고민하고 ,방황 하던차에 아토피가 심한 지인의 강력 추천으로 만나본 OO이었는데요. 사용하면 할수록 만족도가 높아 이제는 아이뿐아니라 온가족이 OO 로션 ,크림 ,워시까지 OO으로 모두 함께 사용하고 있지요 제형이 부드럽고 순해서 자극이나 트러블 없이 1년 365일 데일리템으로 사용하기 좋은 제품이에요 누구에게나 추천할만한 바디로션이 흔치 않은데 OO은 추천할만한 듯요",제형,제형이 부드럽고,1,[속성] 제형 [문장] 제형이 부드럽고,,제형,unchanged
train,1029530,SNS,헤어/바디케어,OO 호** 샴푸 기획세트(500ml+60ml),얼굴은 건성인데 두피는 지성이라 매일 머리를 감아도 가렵고 찐득하고... 최근들어 심각성을 더 느끼면서 이것저것 바꿔보다 이 제품 소개영상을 보고 구매했어요. 딱 한 번 써봤을 때부터 어? 괜찮은 것 같은데? 하는 느낌이 오더군요. 한 달정도 사용을 해보니 거품이 정말 잘 나고 감을 때는 제형이 부드럽고 헹구고 나면 약간 뻑뻑하다는 느낌이 들 정도로 씻겨나가요. 혹시나 푸석할까 걱정도 했지만 말리고 나면 오히려 머릿결이 건강해지는 기분이랄까요? 두피 가려움도 많이 진정이 됐고 만족스러워서 재구매 의향도 생기는 제품이에요.,제형,제형이 부드럽고,1,[속성] 제형 [문장] 제형이 부드럽고,,제형,unchanged
train,1029553,SNS,헤어/바디케어,OO 워** 핸드크림 자타입 96g,"손이 너무 건조해서 힘들어하는 절 위해 친구가 선물해준 제품이에요 친구가 선물해준 것도 고맙지만 효과도 감동ㅠㅠ 제가 겨울만 되면 손등이 바로 트는 ,, 바람 한 점 맞으면 바로 홀랑 뒤집어지는 손피부를 가졌는데 이 제품 덕분에 촉촉하게 겨울을 났습니다~ 향은 무향이고 바를때 약간 비닐같이 잘 흡수되는 느낌이 아니고 바르고 잔 뒤 아침에도 좀 뽀득하니 잘 안닦이기도 하지만 저는 손등을 안터지게 해 준 이 제품을 앞으로도 계속 사용할 예정이에요! 강추드립니다",보습력/수분감,촉촉하게,1,[속성] 보습력/수분감 [문장] 촉촉하게,,보습력/수분감,unchanged
train,1029563,SNS,헤어/바디케어,OO 퍼퓸 핸드크림 ,허브향 좋아하시는 분들이라면 강추드리는 핸드크림 리뷰 가져와봤어요 OO은 향수 대용 핸드크림으로 유명하더라구요? 전 사실 패키지가 예뻐서 그냥 아무 생각없이 샀는데 ㅎㅎ 일단 암튼 향은 좋아요 허브향이 은은하게 퍼져서 손에 바를 때마다 힐링되는 느낌!! 집안일 하느라 손이 꺼끌해져 있을 때 바르면 기분 전환 완전 됩니다 크리미한 제형이고 바를 때 겉돌지 않고 빨리 흡수되어서 바르고 금방 다른 일 하기에도 완전 좋아요 100퍼 만족한 핸드크림이라서 사서 주변에 선물해보려고해요,제형,크리미한 제형이고,1,[속성] 제형 [문장] 크리미한 제형이고,,제형,unchanged
train,1032193,SNS,헤어/바디케어,OO 아** 바디로션 400ml,"샤워하고 로션 바르는 걸 귀찮아하는데 요즘은 다리에 각질도 자꾸 생기고 발뒤꿈치도 거칠거칠 해지고 이제는 바디로션 꼭 발라야 하는구나 싶어 구매하게 됐어요~ 제형은 많이 묽지 않은 크리미한 제형으로 흘러내리지 않아 편하게 바를 수 있고요. 가볍게 발려서 바를 때 스며드는 속도에 놀랬어요. 사용감이 좋아 깔끔하게 마무리할 수 있고, 매끈한 피부로 변해가는 재미에 늘 쓰게 되네요. 바디로션 바르고 안 바르고 가 이렇게 중요한 줄 미처 몰랐네요! 이제는 매일 바르는 데일리 필수템이 되어서 애정하는 제품이에요! 내 피부도 내가 관심 가지는 만큼 변해갑니다!",발림성,가볍게 발려서,1,[속성] 발림성 [문장] 가볍게 발려서,,발림성,unchanged
train,1032671,SNS,헤어/바디케어,OO 딥** 바디에멀전 500ml,"다른 이유 없어요~ 그냥 브랜드 하나 보고 구매했어요 ㅎㅎ ㅇㅇㅇ ㅇㅇ 후기 올립니다^^ 이젠 제법 쌀쌀해진 날씨에 적당한 바디로션으로 골라봤어요~ 가격은 좀 있는 편이지만 소중한 피부를 위해선 이 정도는 해야겠죠? 향이 은은해서 좋구요, 끈적이지 않고 촉촉하게 잘 스며들어서 피부가 좋아지는 것 같아요~ 촉촉함도 오래가구요~ 저한테는 너무 잘 맞는 제품이라 맘에 쏙 들어요. 피부를 위해 정성을 다한 것 같은 제품이에요~ 추천합니다~!",보습력/수분감,촉촉하게,1,[속성] 보습력/수분감 [문장] 촉촉하게,,보습력/수분감,unchanged
train,1032672,SNS,헤어/바디케어,OO 바디로션 350ml ,우연히 눈에 띄어서 사본 제품이에요~! 바로 ㅇㅇㅇ 바디로션인데요~ 후기 올립니다~ 마트를 돌다가 용기가 너무 포근하다는 느낌이 들어서 바로 구매해서 왔지요ㅎㅎ 산양유 성분이 들어서 그런지 정말 순한 것 같아요. 촉촉하게 잘 발려서 사용감도 부드럽고 좋구요. 피부가 맨들맨들해지는느낌? 향도 은은하니 나쁘지 않아 무난하게 쓰기 좋은 것 같습니다. 극건성 피부이시라면 좀 건조하실 수도 있겠지만 저한테는 잘 맞는 것 같았어요. 만족하는 제품이에요! 제가 보는 눈이 좀 있는 것 같죠? ㅎ,보습력/수분감,촉촉하게,1,[속성] 보습력/수분감 [문장] 촉촉하게,,보습력/수분감,unchanged
train,1033328,SNS,헤어/바디케어,OO 디** 바디로션 400ml ,건조한 날씨에 촉촉하게 사용할수 있는 바디로션을 알아봐요 ~ 저희 가족 모두 건조하고 예민한 피부를 가지고 있습니다. 바디로션을 무엇으로 살까 고민하고 검색해 보다 OOO 바디로션을 알게 되었습니다. 제형은 묽은 편으로 촉촉하게 피부에 금방 스며듭니다. 향이 없어서 저는 좋습니다. 보습이 잘 되고 용량이 많아 온가족이 넉넉하게 사용하기 좋아요. 발림성이 좋아서 바르기 편하고요. 봄 여름에 바르기 좋은거 같아요 용기도 펌핑형이라 사용하기 편하네요. 촉촉한피부를 기대하며 꾸준히 사용해봐겠어요!!,보습력/수분감,촉촉하게,1,[속성] 보습력/수분감 [문장] 촉촉하게,,보습력/수분감,unchanged
train,1035535,SNS,헤어/바디케어,OO 바디로션 모로칸 가드너 300ml,"OOO 바디오일을 잘 사용하고 있어서 같은 브랜드를 사용하면 효과가 더 있을까 해서 바디로션도 구매해 봤어요ㅎㅎ 결론부터 말씀드리자면 둘 중에 바디오일을 강력 추천드립니다. 바디로션은 기대 이하였어요… 보습력보다 향에 집중한 느낌? 향이 너무 좋긴 하지만 보습이 안되면 뭐 하러 로션을 살까요… 가벼운 제형이고 흡수도 되게 빠르긴 한데, 계속 덧발라도 보습이 되지 않고 계속 피부의 건조함이 느껴지더라구요… 향은 좋은데 그외에는 좋은 점이 없어서 아쉽네요… 보습력을 원하시는 분들께는 타사 제품 찾아보시는 걸 추천드립니다..ㅎㅎ",제형,가벼운 제형이고,1,[속성] 제형 [문장] 가벼운 제형이고,,제형,unchanged
train,1023539,SNS,메이크업/뷰티소품,OO 시** 립 밤 스틱,"저는 야외활동을 많이 하는 사람이라 일교차가 큰 아침이나 밤에는 피부나 입술이 많이 건조해지더라고요 그래서 겨울이 오기전에 립밤을 구입해봤습니다 OO은 워낙 핸드크림으로 유명해서 립밤도 기대가 됐는데요 OOO 립밤은 역시 끈적하게 발리네요 그래도 제형이 부드럽고 입술을 촉촉하게 코팅해준다는 느낌이 들었습니다 색깔은 투명하기 때문에 입술에 생기를 준다던가 그런 느낌은 없어요 정말 딱 입술 보습과 각질관리 기능만 있기때문에 입술색이 있는 립밤을 찾으신다면 다른 걸 찾아보시길 바랍니다 참, 향은 무향이라 향에 예민하신 분들에겐 추천드립니다 보습력은 정말 좋아요 용량에 비해 가격은 좀 하는 거 같죠 ㅠ 그래도 저는 웬만큼 만족하며 사용하고 있어요 점점 일교차가 심해지네요 옷입기도 애매하다고 얇게 입고 감기 걸리지 마시고 따뜻하게 입으셔서 감기 미리 예방하시기 바래요!",제형,제형이 부드럽고,1,[속성] 제형 [문장] 제형이 부드럽고,,제형,unchanged
train,1024133,SNS,메이크업/뷰티소품,OO 메** 크림 파운데이션 30g ,"안녕하세요. 기미 주근깨 가리고 싶은데 항상 조금은 보여서 더 가리고 싶다는 생각, 많이 하시죠? 오늘은 커버력이 좋아 구매하는 베스트 커버크림 사용후기를 들려드리려고 합니다. OO OOO입니다. 들어보셨나요? OO OOO의 커버력은 굉장히 좋은 편입니다. 제가 잡티가 좀 많은 편인데 얇게 펴발랐는데도 잡티를 잘 가려줍니다. 모공도 자연스럽게 커버해줘 갑갑한 느낌도 안듭니다. 스틱 컨실러보다 커버가 더 잘 돼요. 제형이 쫀쫀하고 파데가 골고루 잘 발리네요. 지속시간도 꽤 긴편입니다. 땀을 많이 흘렸는데도 코팅한 듯 그대로여서 신기했습니다. 무너짐도 없었습니다. 그리고 1회 사용분 대비 양도 많아서 오래 쓸 거 같습니다. 조금 매트한 편이라 기초는 촉촉하게 잘 발라줘야할 것 같아요. 너무 많이 바르면 허옇게 뜨니 한쪽볼에 쌀알만큼 아주 극소량으로 발라주세요. 그러면 흡수도 잘되고 유분기가 많아 얼굴이 탱탱해보입니다. 나한테 맞는 커버크림으로 이쁜 얼굴 만들어보세요~!",제형,제형이 쫀쫀하고,1,[속성] 제형 [문장] 제형이 쫀쫀하고,,제형,unchanged
train,1024792,SNS,메이크업/뷰티소품,OO 잉** 글로이틴트,안녕하세요~ 오늘은 ㅇㅇㅇ ㅇㅇ를 리뷰해 볼게요! ㅇㅇㅇ에서 글로시 틴트를 구매해 본 건 처음인데요ㅎㅎ 촉촉하게 잘 발리지만 글로시 틴트인 만큼 약간의 요플레현상이 있어서 바르고 오랫동안 있으면 입꼬리 쪽에 조금 지저분하게 남네요..ㅠㅠ 글로시 틴트 치고 지속력이 나쁘진 않지만 다크닝이 있어서 처음 느낌이 오래가지 않아서 계속 덧바르게 되더라구요.. 용기 외형은 예쁜데 제품 품질은 아쉬운 느낌이 계속 들어요ㅠㅠ 역시 ㅇㅇㅇ에서는 벨벳 틴트가 짱이네요ㅎㅎ,보습력/수분감,촉촉하게,1,[속성] 보습력/수분감 [문장] 촉촉하게,,보습력/수분감/쿨링감,merged_duplicate_label
train,1026171,SNS,메이크업/뷰티소품,OO 에** 립스틱 3.5g ,"저는 요즘 육아로 화장도 안했는데, 너무 칙칙해보인다는 생각이 요즘 많이 들더라고요. 그래서 좀 생기있게 보여주는 립을 하나 바르면 나아지지 않을까라는 생각이 들어 자연스럽다는 후기가 많은 OO 립스틱을 구매했습니다. 우선 디자인부터 넘 마음에 들더라고요. 요즘에 립스틱을 자주 안사봤는데, 원래 이렇게 디자인이 이쁘게 나오나요?? 한번 발라보니 너무나도 부드럽게 잘 발려요. 향도 거부감없이 괜찮아요. 매트한데도 이정도면 만족스럽습니다. 요즘 립스틱은 바르면 너무 눈에 띈다는 생각을 많이 하는데, 이 립스틱 색상은 튀지 않아서 너무 좋아요. 그리고 네추럴함과 지적임을 표현해줄 수 있는 색상이고, 제형이 부드럽고 뭉치지도 않아요. 화장을 안하고 이걸 발라도 입술만 동동 떠보이지 않으며, 향도 너무 좋네요. 확실히 피부톤도 밝아보이고 생기있어보이는 자연스러운 느낌이 좋았습니다. 저는 좀 어두운 톤인데 밝은 피부톤인 분들한테 더 잘 어울릴 거 같아요. 마스크에 잘 묻어나지 않는 편이니 한번 관심있는 분들은 사용해보세요",제형,제형이 부드럽고,1,[속성] 제형 [문장] 제형이 부드럽고,,제형,unchanged
train,1026266,SNS,메이크업/뷰티소품,OO 더** 파운데이션 30ml(SPF10),"OO OOO 파운데이션의 장단점을 콕콕 짚어 드리는 속 시원한 사용후기를 가져 왔어요. 커버력이 좋기로 유명한데요, 요즘은 워낙 뛰어난 제품이 많아서 그런지 비교하자면 보통 정도의 커버력인 것 같아요. 한 번 바르면 싹 가려지는, 그런 커버력은 아니란 거죠. 장점은 얇게 밀착되고 오래 지속되고 묻어남이 적다는 점이에요. 매트해서 초보자가 피부 표현을 예쁘게 하기에는 약간 까다로울 수도 있다고 생각이 들어요. 초보자라면 오히려 저렴이 유사품 쪽이 나을 수도 있어요. 비싸고 유명한 것보단, 자신에게 잘 맞는 제품을 찾는 데에 이 사용후기가 도움이 되었으면 좋겠어요.",보습력/수분감,매트해서,-1,[속성] 보습력/수분감 [문장] 매트해서,,보습력/수분감/쿨링감,merged_duplicate_label
train,1026819,SNS,메이크업/뷰티소품,OO 보** 네일,안녕하세요~ 무색이라 마음에 들어 ㅇㅇㅇ ㅇㅇ 베르니를 접한 후기를 올려드리겠습니다. ㅇㅇ 이라 남성용이었나요? ㅎ 그래도 여성이 쓰기에도 좋을 듯합니다. 일단 발림성은 좋습니다. 남성용이라 그런지 상당히 매트하네요! 다른 제품에 비해 바르자마자 아주 빨리 마르더군요. 매트하지만 무색에 유광이라 매끈하게 보여서 더욱 좋은데요~ 저는 발색이 자연스러운 느낌을 좋아해서 그런지 마음에 듭니다. 남성용이지만 여성이 사용하기 나쁘지 않네요. 사용감은 그런대로 괜찮았지만 다른 제품도 사서 비교해 보고 싶군요~,보습력/수분감,매트하지만,0,[속성] 보습력/수분감 [문장] 매트하지만,,보습력/수분감/쿨링감,merged_duplicate_label
train,1027274,SNS,메이크업/뷰티소품,OO 픽** 틴트,"안녕하세요~ 오늘은 ㅇㅇㅇ ㅇㅇ틴트를 리뷰해 볼거에요~ 일단 이 틴트는 촉촉이는 아니고 매트한 틴트에요~ 매트하지만 얇게 발리는 틴트인데요, 얇게 발리는 제형이라도 양조절을 잘못하면 입술에 뭔가 겉도는 느낌이 날 수도 있어요… 그래도 부드럽게 발려서 바르기 쉽더라구요ㅎㅎ 픽싱이 잘 되는 제품이라 그런지 지속력이 되게 좋더라구요~ 묻어남도 거의 없는 편이고ㅎㅎ 다만 픽싱이 되면서 입술을 조아주는 느낌이 나요… 그래서 그런지 좀 건조한 느낌?? 제 리뷰가 도움이 되었길 바라요ㅎㅎ",보습력/수분감,매트하지만,0,[속성] 보습력/수분감 [문장] 매트하지만,,보습력/수분감/쿨링감,merged_duplicate_label
train,1028329,SNS,메이크업/뷰티소품,OO 러** 립스틱 3g ,안녕하세요~ 오늘은 너무나 갖고 싶었던 ㅇㅇㅇ 립스틱을 소개해 보도록 하겠습니다! ㅇㅇㅇ의 대표 제품들 중 당연히 한자리를 차지하는 제품이죠ㅎㅎ 이 제품은 촉촉한 제형이에요. 촉촉한 제형인만큼 발색이 굉장히 부드럽게 잘 나오고 촉촉하게 잘 발리더라구요! 근데 립밤이 아니니 입술 각질을 잠재워줄 정도로 촉촉한 건 아니니 참고해 주세요! 그리고 제형이 은근 입술 각질에 잘 끼는 편이라 각질 많으신 분들은 각질 정리한 후에 바르는 것을 추천드릴게요~ 여러분들이 생각하는 촉촉한 립스틱계의 1인자는 무엇인가요~?,보습력/수분감,촉촉하게,1,[속성] 보습력/수분감 [문장] 촉촉하게,,보습력/수분감/쿨링감,merged_duplicate_label
train,1029407,SNS,메이크업/뷰티소품,[1+1] OO 타투 붓펜 아이라이너 / 워터프루프,"아이라이너 초보자에게 추천하는 OO OOO 아이라이너 사용후기입니다. 1+1에 저렴해서 초보자가 혹시 실패하더라도 아까움이 덜하니까 우선 추천이에요ㅎㅎ 촉촉하게 잘 발리는 편이라서 바르기 쉽기도 하고요. 붓 탄력이 좋아서 라인의 굵기를 자유자재로 발라 표현할 수 있고, 바르고 나면 손으로 문질러도 안 지워질 정도로 유지력이 좋아요. 그런데 지울 때는 물티슈로 슥슥 문지르면 바로 지워지니까 더 좋죠. 대신 쓰다 보면 제형이 금방 마르는 것 같아요. 뚜껑을 여닫을 때마다 조금씩 마를 테니 뚜껑 꼭꼭 단속해 주세요. OO 아이라이너로 고양이 눈매, 청순한 눈매, 어떤 눈매든 쉽게 연출해 보아요~",보습력/수분감,촉촉하게,1,[속성] 보습력/수분감 [문장] 촉촉하게,,보습력/수분감/쿨링감,merged_duplicate_label
train,1029462,SNS,메이크업/뷰티소품,OO 도** 무드 립펜슬,컬러가 다양하고 쓰임새 있어 보여서 구매해 본 립펜슬입니다. 총 11가지로 다양한 컬러가 출시되어 있어요. 앞으로 더 나올지도 모르죠. 몇 가지 컬러를 구매했는데 전반적으로 생각보다 흰색이 섞인 듯이 발색이 돼서 아쉬웠어요. 어린 친구들은 뽀얀 느낌으로 메이크업하기 좋은 발색일지 모르지만 저는 립으로 쓰기엔 발색이 좀 별로였어요. 발림은 부드러운데 약간 매트한 편이라 역시 입술 건조한 제가 립으로 쓰기엔 별로... 저는 립보다는 다른 용도로 잘 쓸 방법을 찾아 봐야 할 것 같아요. 다양히 이런 색조 제품들은 원래 용도 외에도 잘 찾으면 쓸모가 있을 수 있으니까 희망을 갖고 있어요ㅎ,보습력/수분감,약간 매트한 편이라,-1,[속성] 보습력/수분감 [문장] 약간 매트한 편이라,,보습력/수분감/쿨링감,merged_duplicate_label
train,1029881,SNS,메이크업/뷰티소품,OO 킬** 오토 브로우펜슬,안녕하세요~ 자연스러운 눈썹을 위한 ㅇㅇㅇ 오토하드브로우펜슬을 리뷰해 보도록 하겠습니다~! 아이브로우펜슬이 급하게 필요해서 구매한 제품인데요~ 그냥 무난한 제품으로 생각됩니다! 제형이 부드럽고 매끄럽게 발려서 뭉치는 부분도 없어서 흠이 없는 제품인데요~ 저는 왠지 모르게 브러쉬가 너무 맘에 들더라구요ㅎㅎ 브러쉬가 짧똥하지만 힘이 있어서 눈썹이 정교하게 잘 빗어져서 사용하기 편하네요. 펜슬 부분도 사선 모양이라 눈썹이 잘 그려지네요~ 여러분들은 무슨 아이브로우펜슬을 사용하시나요? 공유해 주세요~,제형,제형이 부드럽고,1,[속성] 제형 [문장] 제형이 부드럽고,,제형,unchanged
train,1029919,SNS,메이크업/뷰티소품,OO 센** 스파이시 누드 밤,"안녕하세요~ 누군가에게 선물하고픈 ㅇㅇㅇ누드 밤을 리뷰해 보도록 하겠습니다~! 입술이 얇아 좀 더 통통해졌으면 좋겠다는 생각에 플럼핑 효과가 있는 이 제품을 구매해 보았어요~ 저는 네이*드 아몬드 색상을 골랐는데요, 봄웜이나 여쿨이신 분들에게는 비추인 색상입니다. 그래도 색상 자체는 예뻐요! 저에게 안 어울릴 뿐..ㅎㅎ 립밤이라서 제형이 부드럽고 촉촉하게 잘 발리면서 은은하게 발색되네요! 플럼핑 기능이 너무 쎄면 입술이 아프다는데, 이 제품은 자극적이지 않고 딱 적당하네요~ 저는 개인적으로 할라*뇨 색상을 추천합니다ㅎㅎ 남에게 선물하기에도 나에게 선물하기에도 좋은 제품 추천드려요~~^^",보습력/수분감,촉촉하게,1,[속성] 보습력/수분감 [문장] 촉촉하게,,보습력/수분감/쿨링감,merged_duplicate_label
train,1031507,SNS,메이크업/뷰티소품,OO 베** 틴트 6ml,제가 OO 좋아해서 자주 구매하고 있어요~ 그 중에서 OOO와 OO를 자주 사용합니다. 언제부터 쓴 건지는 정확히 기억은 안 나지만 5년 이상 꾸준히 바르고 있는 거 같아요. 색상도 예쁘고 착색도 잘 되는 제품이라 마음에 들었어요. 입술만 발라도 생기 있어 보여요. 가끔은 선크림에 틴트만 바르고 나가도 잘 모르더라고요ㅎㅎ 향과 지속력도 나쁘지 않고 옷이나 마스크에 묻어나지 않아 좋은 거 같아요. 앞으로도 제가 좋아하는 두 제품으로 꾸준히 구매할 듯합니다~~,지속력/유지력,지속력도 나쁘지 않고,0,[속성] 지속력/유지력 [문장] 지속력도 나쁘지 않고,,지속력/유지력,unchanged
train,1031880,SNS,메이크업/뷰티소품,OO 매** 립스틱,코로나로 몇 년간 립스틱 안 바르다가 좀 필요할 거 같아서 주문했어요. 오렌지색 좋아해서 엘로우만 2개 구매했어요. 밝은 오렌지빛으로 발색되어 예쁘고 얼굴도 생기 있어 보여요. 덧발라도 오렌지빛이 조금 더 진하게 발색이 돼서 좋아요. 향도 나쁘지 않고 입술이 촉촉해지는 편입니다. 오렌지색 좋아하는 친구가 보더니 어디꺼냐고 물어서 보여줬는데 발라보고 싶어 하길래 집에 같이 가서 새 제품 있는 거 써보라고 줬더니 좋아하네요. 좋은 제품 착한 가격이에요~,향,향도 나쁘지 않고,0,[속성] 향 [문장] 향도 나쁘지 않고,,향,unchanged
train,1032060,SNS,메이크업/뷰티소품,OO 아이브로우 ,안녕하세요. 간만에 깎아 쓰는 펜슬 타입의 브로우를 구매했어요. 제가 산 제품은 OO 아이브로우입니다. 오랜만에 새 펜슬이라 두근두근 떨렸습니다. 처음 봤을때는 매트하고 디자인이 뾰족한 느낌이 들었습니다. 매트한 모습과는 달리 손등에도 잘 그려지더라고요. 원래 브로우 제품들 대부분이 손등 같은 맨살에는 잘 안그려지는데 OO제품은 손등에도 잘 그려질만큼 제형이 부드러웠어요. 눈썹에는 더 잘 그려지는데요. 보송한 눈썹 피부에도 자극없이 잘 그려져서 너무 잘 샀다는 생각이 들었어요. 펜슬타입은 스크류브러쉬가 달려 있지 않아 따로 쓱쓱 빗어줘야 하는 건 아쉽지만 워낙 가격이 저렴하고 눈썹 위에 그려도 색감이 많이 차이 나지 않아 마음에 쏙 듭니다. 계속 쓰려고요.,보습력/수분감,매트하고,-1,[속성] 보습력/수분감 [문장] 매트하고,,보습력/수분감/쿨링감,merged_duplicate_label
train,1032093,SNS,메이크업/뷰티소품,OO 래** 마스카라 6g,저자극이라 눈이 예민하신분들이 사용하기 좋은 마스카라에 대해 알아볼게요~바로 OOO 마스카라예요! 일단 용기가 슬림해서 휴대하기 좋아요. 간혹 마스카라 특유의 향이 좀 세게 나는 제품들이 있는데 이 제품은 향도 나쁘지 않고 눈시림도 느껴지지 않았어요. 깔끔하게 잘 발리고 뷰러로 살짝 집고 발랐는데 컬링이 매우 잘되더라구요. 지속력도좋네요. 또 미온수로도 깔끔하게 잘 지워져서 따로 리무버가 필요없어요. 저자극이라 눈이 예민하신 분들이 쓰기 아주 좋습니다. 가격은 비싸지만 다 쓰고 구매의사 있습니다.!!,향,향도 나쁘지 않고,0,[속성] 향 [문장] 향도 나쁘지 않고,,향,unchanged
train,1032096,SNS,메이크업/뷰티소품,OO 스** 오리지널 보습 립밤 4g,건조해지기 시작하면 많이 찾게 되는 립밤... 이 제품 함께 사용해봐요 ~~ 기존에 사용하던 립밤을 다 써가기도 하고 좀 지겨운감이 있어서 새로운 립밤을 찾아보다가 OOO 립밤으로 구매해봤어요! 립밤 중에서도 베스트라서 알고는 있었는데 드디어 사서 써봤네요. 원플러스원에 저렴하게 구매할 수 있었어요! 스틱 형식으로 되어있어서 사용하기도 편리하고 무엇보다도 정말 촉촉하더라구요! 바를때 약간 끈적거림이 있긴하지만 촉촉하게 입술에 잘 스며들어서 건조함이 없어서 좋았어요! 근데 향은 바닐라 향이라고 해야하나 그런향이 조금 나서 조금 아쉽네요.그래도 자기 전에 듬뿍 바르고 자면 아침에 입술이 촉촉해서 꾸준히 사용해 보려구요 ! 촉촉한 립밤 찾으시는 분들 꼭 한번 사용해보세요~,보습력/수분감,촉촉하게,1,[속성] 보습력/수분감 [문장] 촉촉하게,,보습력/수분감/쿨링감,merged_duplicate_label
train,1032195,SNS,메이크업/뷰티소품,OO 블** 컨실러 6.4g ,가격이 좀 비싸서 사지 못하고 있던 차에 마침 세일을 해서 좀 저렴하게 구매했네요~ ㅇㅇㅇ ㅇㅇ컨실러 를 써본 감상입니다~ 색상이 너무 이쁜 것 같아요! 다른 제품은 잘 쓰지도 않는 색상이 구성되어 있기도 하는데 이 제품은 자주 쓰는 색상이라 만족하구요~ 다른 제품은 밀려서 뭉치기도 하고 그런데 이 제품은 부드럽게 잘 발리면서 매트하지만 건조해지지는 않는 마무리감이에요. 크기도 작아서 작은 가방에도 쏙 들어가 휴대하기에도 편하고 좋습니다. 미세한 잡티는 어느정도는 가려주는 것 같고 완벽한 커버를 원하시는 분은 조금 실망하실 수도 있습니다. 저는 이 제품이 딱인 것 같아요! 지금 세일하니 달려가 보세요~ !,보습력/수분감,매트하지만,-1,[속성] 보습력/수분감 [문장] 매트하지만,,보습력/수분감/쿨링감,merged_duplicate_label
train,1032493,SNS,메이크업/뷰티소품,OO 골** 블러셔,큰 사이즈를 항상 쓰다가 유통기한이 지나버려서 작은 사이즈로 구매했습니다!! 일단 사이즈가 작아서 파우치에도 넣고 다니기 좋고 그냥 가방에도 넣어다니기 좋아요. 이번에 유통기한도 긴 제품으로 받아서 오래 쓰겠네요!! 여행용으로도 들고 다니기 좋구요. 색상은 뭐.. 말해뭐해죠~ㅋㅋ 약간에 펄감도 있어서 바르면 하이라이트 효과도 있어서 너무 좋아요! 발색도 은은하게 되니 복숭아 같아요 ㅎㅎ저의 데일리 볼터치 아이템입니다 증말~~ 볼터치의 정석 OO! 굿~~추천합니다!,사이즈/두께,사이즈가 작아서,0,[속성] 사이즈/두께 [문장] 사이즈가 작아서,,사이즈/두께,unchanged
train,1032554,SNS,메이크업/뷰티소품,OO 왕** 쿠션+비비크림 대박세트,ㅇㅇㅇ 왕쿠션 추천 드리고 싶어 왔습니다!! 이 제품 너무 유명해서 모르시는 분들이 없으실 것 같지만 혹시나 하는 마음에 후기 바로 시작할게요!! 저도 모르고 있다가 친구한테 추천을 받아 사용하게 되었는데 정말 사이즈가 어마 무시하네요!! 거울도 엄청 커서 얼굴이 다 보여요!! 쿠션 크기도 정말 커서 사용하기 편한 것 같아요~~ 구성이 정말 좋아서 구매하길 잘 했다고 생각이 드네요!! 가격도 저렴한 편이라 만족하고 있습니다~~ 커버력이 상당히 좋아서 잡티 커버가 잘 되는 제품이네요~ 추천 드리고 싶은 제품이네요!! 쿠션은ㅇㅇㅇ가 정말 좋은 제품이네요 ㅎㅎ,사이즈/두께,쿠션 크기도 정말 커서,1,[속성] 사이즈/두께 [문장] 쿠션 크기도 정말 커서,,사이즈/두께,unchanged
train,1032569,SNS,메이크업/뷰티소품,OO 팡** 빅 선쿠션 스페셜 패키지(더블),친구가 추천을 해줘서 사용하게 된 ㅇㅇㅇ빅 쿠션입니다!! 사용 후기 바로 시작 할게요!! 참고로 저는 사용하고 넘 좋아서 가족 것들도 추가로 구매를 했습니다!! 가격은 살짝 비싸긴 하지만 품질이 정말 좋네요~ 받자 마자 너무 놀랐어요! 크기가 정말 컸어요! 쿠션 크기도 정말 커서 얼굴에 바를 때 정말 편하네요!! 발림성도 부드럽고 무엇보다 피부에 발랐을 때 자극성이 없어서 좋았던 것 같아요! 그래서 저는 너무 추천 드리고 싶습니다!! 지금은 제가 너무 좋다고 소문을 내서 온 가족이 사용하고 있네요!! 추천 드리고 싶습니다! 올 여름 필수템이라고 생각이 들어요!! 꼭 사용 해보세요 ㅎㅎ,사이즈/두께,쿠션 크기도 정말 커서,0,[속성] 사이즈/두께 [문장] 쿠션 크기도 정말 커서,,사이즈/두께,unchanged
train,1032632,SNS,메이크업/뷰티소품,OO 듀** 틴트,안녕하세요 오늘은 정말 발색 좋은 틴트를 소개 해드리고자 글을 작성합니다!! 오늘 소개 해드리는 제품 리뷰 보시고 괜찮으면 꼭 구입 해보세요 ㅎㅎ 이 제품 같은 경우에는 제형도 매트하지 않아서 바르기 편한 것 같아요! 저는 매트한 걸 좋아하지 않아요!! 그래서 그런지 이 제품은 건조하지 않고 바르면 촉촉해서 정말 좋은 것 같습니다~~ 발색도 너무 예뻐서 바르고 나면 입술 색이 정말 자연스럽고 예쁜 것 같아요~ 발색도 자연스럽고 살짝 광도 있어서 정말 동안 얼굴을 만들어 주는 것 같습니다!! 향도 나쁘지 않고 마스크에 잘 묻지도 않아 추천 드리고 싶은 틴트입니다!!,향,향도 나쁘지 않고,0,[속성] 향 [문장] 향도 나쁘지 않고,,향,unchanged
train,1032983,SNS,메이크업/뷰티소품,OO 에** 쿠션(어워즈 기획 세트(한정) / 본품+리필 중 택 1),겨울이 와서 촉촉한 쿠션 찾다가 후기 보고 선택한 쿠션입니다. 디자인이 심플하고 모던해서 질리지 않고 좋네요. 많은 후기들이 증명해 주듯이 저 또한 굉장히 만족한 쿠션입니다. 중건성 피부가 쓰기 좋고 촉촉하게 잘 밀착돼요. 보통은 촉촉하면 끈적임이 동반되기 때문에 별로 좋아하지 않았는데 이건 수분감의 적정선을 아주 잘 맞춘 것 같아요. 덧발라도 화장이 두꺼워지거나 뜨는 느낌이 들지 않아서 수정화장 마음 편히 할 수 있습니다. 커버는 아주 잘 된다기보다는 자연스러운 느낌으로 돼요. 촉촉하고 윤기나는 메이크업을 할 수 있어서 만족스럽네요.,보습력/수분감,촉촉하게,1,[속성] 보습력/수분감 [문장] 촉촉하게,,보습력/수분감/쿨링감,merged_duplicate_label
train,1033425,SNS,메이크업/뷰티소품,OO 듀** 틴트,저는 기존에 2컬러 너무 잘 쓰고 있어서 다른 색상도 사고 싶어 구매했습니다. 진짜 케이스도 너무 예뻐요. 케이스가 귀여우면서 영롱한 게 넘사입니다.. 그리고 가끔 글로시한 제형 바르면 시간 지날수록 요플레?한 현상때문에 실패하곤 했는데 OOO는 빠르게 스며들어 그런게 전혀 없었습니다. 오히려 바르면 촉촉하게 잘 스며들어서 립이 건조하지 않았답니다. 광택도 오래 지속돼서 더 그런 거 같네요 ㅎㅎ 발색력도 진하지 않고 여리여리해서 바르면 정말 분위기 여신됩니다!!! 친구들도 제가 립보고 어디꺼냐고 물어보고 장난아닙니다. 제가 다 영업하고 있다니까요?! ㅋㅋㅋㅋㅋ 정말 무조건 사셔야해요!!,보습력/수분감,촉촉하게,1,[속성] 보습력/수분감 [문장] 촉촉하게,,보습력/수분감/쿨링감,merged_duplicate_label
train,1035111,SNS,메이크업/뷰티소품,OO 드** 립스틱 3.5g ,크리스마스 파티 가려고 어울리는 립스틱 찾다가 발견한 OO OOO 립스틱입니다. 개인적으로는 마음에 들어 사용후기를 올려봅니다. 매트하고 발색력도 좋고 색깔이 너무 예쁘게 나옵니다. 개인적으로 매트한 걸 좋아해서 더 마음에 듭니다. 그렇다고 메마른 느낌은 아닙니다. 정말 흔하지 않은 색이라 좀 흔치 않은 색상을 찾으신다면 OO OOO 립스틱 사시면 될 것 같아요. 로드샵 가면 확실히 이런 누드톤 찾기는 힘들 것 같아요. 촉촉한 거 좋아하시는 분들은 안맞을 거 같아요.,보습력/수분감,매트하고,1,[속성] 보습력/수분감 [문장] 매트하고,,보습력/수분감/쿨링감,merged_duplicate_label
train,1035573,SNS,메이크업/뷰티소품,OO 마** 쿠션 EX 파운데이션 15g ,"OO 케이스가 예뻐서 사고싶었던 쿠션 중 하나였는데 지인이 OO쿠션 커버도 잘되고 좋다고 해서 이번에 구매해봤습니다. 구매 후 손등에 발라보니 처음에는 생각보다 색이 어두운 것 같았는데 이내 자연스럽게 변하더라고요. 얼굴에도 발라보니 촉촉하게 잘 발려서 발림성, 밀착력도 좋고요. 커버력도 좋습니다. 묻어남도 크게 없지만 더 뽀송하게 느끼고 싶으시면 티슈 한장으로 살짝 눌러주시면 좋아요. 처음 써보는 쿠션인데 잘 산 것 같아요. 올 겨울은 OO쿠션 하나로 잘 보낼 것 같아요.",보습력/수분감,촉촉하게,1,[속성] 보습력/수분감 [문장] 촉촉하게,,보습력/수분감/쿨링감,merged_duplicate_label
train,1035710,SNS,메이크업/뷰티소품,OO 익** 마스카라,OO OOO 마스카라는 항상 사용하던 제품인데 거의 한달 간격으로 주문하는 것 같아요. 매일 화장하다보니 예쁜 눈썹 하는데 이만한 게 없는 것 같아요. 워터프루프가 아닌데도 번짐없이 10시간동안 처음 바른 그대로 유지됩니다. 뭉침은 약간 있으나 발림성이 부드럽고 좋아요. 냄새도 안나고 클렌징폼으로 잘 지워져서 세안에도 그렇게 큰 어려움이 없습니다. 발색도 괜찮고 눈썹이 길고 많아 보이게 해주는 마스카라입니다. 눈썹이 예뻐지면 자신감도 업 되더라고요. 한번 발라보시길 추천드려요.,향,냄새도 안나고,1,[속성] 향 [문장] 냄새도 안나고,,향,unchanged
train,1036241,SNS,메이크업/뷰티소품,OO 뗑** 파운데이션 30ml,저는 건성피부인데요. OO OOO은 건성피부에 건조할 수 있다고 들었지만 저는 너무 괜찮았어요. 전혀 매트한 제형아니고 손등에 짜면 옆으로 살짝 흘르는 그런 액체?같은 제형입니다. 그래서 저는 촉촉하게 잘 발리네요.시간 지나면 살짝씩 광도 올라왔구요. 그리고 향도 너무 좋았습니다. 은은한 꽃비누향이라 부담없었어요. 다크닝도 심하지 않았고 무너질때도 예쁘게 무너져서 한번만 수정화장 해주면 되도라고요. !!! 건성피부 이신분들은 무난무난하게 잘 쓰실 수 있을 거 같아요..!! 극건성피부만 아니시다면 만족하실 거 같습니다.,보습력/수분감,촉촉하게,1,[속성] 보습력/수분감 [문장] 촉촉하게,,보습력/수분감/쿨링감,merged_duplicate_label
train,1036471,SNS,메이크업/뷰티소품,OO 무** 페블 네일 27종,컬러가 예뻐 보이는데 가격이 비싸서 안 사고 있다가 요즘 가격 할인하기에 구매해 본 OO 네일입니다. 아기자기 예쁜 색상들이 많이 나와서 너무 마음이 끌리더라고요^^ 발색이 연해서 한 번 바르면 거의 티가 안 나는 정도이긴 한데 약간 색깔 들어간 투명 매니큐어라고 생각하고 쓰면 깔끔해 보여서 좋아요. 색깔을 더 즐기고 싶으면 두세 번 덧바르면 되니까 오히려 활용도가 높은 것 같아요. 유리알처럼 광택이 예쁘게 돌아서 탑코트 안 발라도 예쁘고요. 이름에 딱 맞게 용기도 조약돌 느낌으로 귀엽고 저는 너무 마음에 드네요~ 한 번씩 이렇게 귀여운 거 사면 기분도 좋아지고 손톱도 예뻐지고 일석이조인 듯요!,가격,가격이 비싸서,-1,[속성] 가격 [문장] 가격이 비싸서,,가격,unchanged
train,215370,쇼핑몰,스킨케어,OO 리** 여성 기초 3종 + 쇼핑백,인삼향도 좋고 향이 진하고 촉촉해서 좋아요 ~~^^,향,향이 진하고,1,[속성] 향 [문장] 향이 진하고,,향,unchanged
train,221209,쇼핑몰,스킨케어,OO 알** 알로에 기초 대박구성,넘좋아요 건성피부인데 촉촉하게 피부보습에 좋아요 순하고,보습력/수분감,촉촉하게,1,[속성] 보습력/수분감 [문장] 촉촉하게,,보습력/수분감,unchanged
train,222202,쇼핑몰,스킨케어,OO 알** 알로에 기초 대박구성,촉촉하게잘스며들어서 좋은것같아요^^,보습력/수분감,촉촉하게,1,[속성] 보습력/수분감 [문장] 촉촉하게,,보습력/수분감,unchanged
train,222488,쇼핑몰,스킨케어,OO G** 대용량 에스테틱 패키지 12종,좋아요 제형이 쫀쫀하고 촉촉 ㅎ,제형,제형이 쫀쫀하고,1,[속성] 제형 [문장] 제형이 쫀쫀하고,,제형,unchanged
train,310630,쇼핑몰,스킨케어,OO 쎈**  크림 50ml 1개,번들거립니다. 많이 바르고 문지르고 아침에 세수하고 나면 피부 속이 수분으로 차있는 느낌이 들어요. 잘 쓰겠습니다.,흡수력,번들거립니다.,1,[속성] 흡수력 [문장] 번들거립니다.,,흡수력,unchanged
train,310646,쇼핑몰,스킨케어,OO 쎈**  크림 50ml 1개,전에 쓰던거 다 떨어져서 최저가 알아보다 신청했더니 제형이 묽어요 전에 거는 쫀쫀했는데 제형이 너무 묽네요.,제형,제형이 묽어요,-1,[속성] 제형 [문장] 제형이 묽어요,,제형,unchanged
train,311031,쇼핑몰,스킨케어,OO 블** 스네일 크림 50ml 1개,친구에게 선물 받은뒤 계속 구매해서 사용하네요. 제형이 부드럽고 촉촉합니다. OOO크림 중에는 최고네요.,제형,제형이 부드럽고,1,[속성] 제형 [문장] 제형이 부드럽고,,제형,unchanged
train,311209,쇼핑몰,스킨케어,OO 블** 스네일 크림 50ml 1개,OO OOO크림 인생템입니다 촉촉함이 오래가고 부드러워요,지속력/유지력,오래가고,1,[속성] 지속력/유지력 [문장] 오래가고,,지속력,merged_duplicate_label
train,312393,쇼핑몰,스킨케어,OO 아** 마일드 에멀전 380ml 1개,착한 가격에 대용량이라 용량이 많아서 넉넉하게 바르고 있어요. 이 제품 여러번 사용했는데 끈적이지 않게 발리고 피부에 빨리 스며들고 향도 진하지 않고 은은해서 부담이 없어서 좋아요.,향,향도 진하지 않고,1,[속성] 향 [문장] 향도 진하지 않고,,향,unchanged
train,312621,쇼핑몰,스킨케어,OO 아** 마일드 에멀전 380ml 1개,양이 많고 용기가 커서 좋네요 냄새도 나쁘지 않고 아직써보지는 않았지만 효과가 있으면 좋겟어요,향,냄새도 나쁘지 않고,0,[속성] 향 [문장] 냄새도 나쁘지 않고,,향,unchanged
train,312675,쇼핑몰,스킨케어,OO 아** 마일드 에멀전 380ml 1개,제형이 부드럽고 자극적이지 않아서 바디용으로 많이들 좋아하십니다. 저렴해서 더욱 좋네요,제형,제형이 부드럽고,1,[속성] 제형 [문장] 제형이 부드럽고,,제형,unchanged
train,313274,쇼핑몰,스킨케어,OO D** 페이셜 로션 200ml 1개,"기름지지 않고, 보습력은 좋아서 데일리 케어로 좋습니다.가격이 저렴했으면 좋겠어요.",가격,가격이 저렴했으면 좋겠어요.,-1,[속성] 가격 [문장] 가격이 저렴했으면 좋겠어요.,,가격,unchanged
train,313279,쇼핑몰,스킨케어,OO D** 페이셜 로션 200ml 1개,"무향에 자극없어서 트러블안정과 악건성의 속보습력유지에 바르고 있어요. 속당김없이 보습력이 좋네요. 끈적임이 없고, 미끌거리지 않고, 흡수력이 좋습니다.",향,무향에,1,[속성] 향 [문장] 무향에,,향,unchanged
train,313321,쇼핑몰,스킨케어,OO D** 페이셜 로션 200ml 1개,속건성 타입이라 보습력이 뛰어난건 모르겠습니다. 순하고 트러블 없이 잘 쓰고 있습니다. 무향에 여기저기 얼굴 말고도 여기저기 바르기 좋습니다.,향,무향에,0,[속성] 향 [문장] 무향에,,향,unchanged
train,313449,쇼핑몰,스킨케어,OO D** 페이셜 로션 200ml 1개,"제가 사용해보니 보습력 하나는 정말 좋네요. 향은 무향에 가깝고, 발림은 좋은데 제형이 약간 묽어서 여름에는 더 산뜻하네요. 앞으로 꾸준히 사용하려구요",제형,제형이 약간 묽어서,0,[속성] 제형 [문장] 제형이 약간 묽어서,,제형,unchanged
train,313461,쇼핑몰,스킨케어,OO D** 페이셜 로션 200ml 1개,순하고 데일리로 쓰기 좋습니다. 유분기가 있어서 아침에 쓰는 게 좋답니다. 순하고 오후에 기름이 적게 올라와서 괜찮아요.,보습력/수분감,유분기가 있어서,-1,[속성] 보습력/수분감 [문장] 유분기가 있어서,,보습력/수분감,unchanged
train,313543,쇼핑몰,스킨케어,OO D** 페이셜 로션 200ml 1개,여드름에도 좋다고 합니다. 가격이 저렴했으면 좋겠어요. 보습도 좋고 여드름에도 좋아요 1+1행사가 그립네요,가격,가격이 저렴했으면 좋겠어요.,1,[속성] 가격 [문장] 가격이 저렴했으면 좋겠어요.,,가격,unchanged
train,313553,쇼핑몰,스킨케어,OO D** 페이셜 로션 200ml 1개,로션을 바꿀 때 혹시 트러블이 있을까 걱정했는데 전혀 없네요. 제형이 약간 묽어서 발림성이 좋습니다.,제형,제형이 약간 묽어서,0,[속성] 제형 [문장] 제형이 약간 묽어서,,제형,unchanged
train,313745,쇼핑몰,스킨케어,OO D** 페이셜 로션 200ml 1개,보습력 최고인 ○○○로션 너무 좋아요 계속 이것만 사용하게 되네요 제형이 부드럽고 촉촉하고 아주 좋아요,제형,제형이 부드럽고,1,[속성] 제형 [문장] 제형이 부드럽고,,제형,unchanged
train,313883,쇼핑몰,스킨케어,OO D** 페이셜 로션 200ml 1개,제형이 부드럽고 발림성도 좋고 지속력이 좋네요. 끈적이지도 않아요.,제형,제형이 부드럽고,1,[속성] 제형 [문장] 제형이 부드럽고,,제형,unchanged
train,314142,쇼핑몰,스킨케어,OO 설** 탄력 크림 75ml 1개,쫀쫀하니 좋아요. ㅇㅇㅇ는 쭈욱 쓰게 됩니다. 탄력크림을 바르면서 쫀쫀한 느낌으로 피부 탄력을 유지해주고 있네요. 만족해서 계속 재구매중이에요. 더워지면 아침엔 ㅇㅇ크림으로 저녁에 탄력크림 바르면 아침까지 촉촉하게 유지되서 좋아요. 용량이 작은데 가격이 좀 비싸요,보습력/수분감,촉촉하게,1,[속성] 보습력/수분감 [문장] 촉촉하게,,보습력/수분감,unchanged
train,314451,쇼핑몰,스킨케어,OO 설** 탄력 크림 75ml 1개,한번 쓰기 시작하니 계속 쓰게 됩니다. 바르고 나면 피부가 쫀존해지는 느낌이 들지만 제형이 끈적임이 없어 만족스럽습니다. 효과는 잘 모르겠네요.,기능/효과,효과는 잘 모르겠네요.,-1,[속성] 기능/효과 [문장] 효과는 잘 모르겠네요.,,기능/효과,unchanged
train,314797,쇼핑몰,스킨케어,OO 설** 탄력 크림 75ml 1개,제형이 쫀쫀하고 탄력있어서 피부를 잡아주는 느낌입니다,제형,제형이 쫀쫀하고,1,[속성] 제형 [문장] 제형이 쫀쫀하고,,제형,unchanged
train,315243,쇼핑몰,스킨케어,OO 레** 탄력 3종 세트 1세트,스킨이 펌프식이라 사용하기에 편합니다. 제형이 젤타입이라 촉촉하게 스며들어요. 은은한 향도 좋습니다.,보습력/수분감,촉촉하게,1,[속성] 보습력/수분감 [문장] 촉촉하게,,보습력/수분감,unchanged
train,315817,쇼핑몰,스킨케어,OO 레** 탄력 3종 세트 1세트,가성비 좋아요. 매일 운동하고 샤워후 촉촉하게 듬뿍 듬뿍 바르고 있습니다. 감사!,보습력/수분감,촉촉하게,1,[속성] 보습력/수분감 [문장] 촉촉하게,,보습력/수분감,unchanged
train,315883,쇼핑몰,스킨케어,OO 레** 탄력 3종 세트 1세트,화장품이 유분이 많아서 건조한 피부를 촉촉하게 해주고 사용감이 깔끔하네요. 가격도 저렴하면서도 가성비가 좋습니다.,보습력/수분감,유분이 많아서,1,[속성] 보습력/수분감 [문장] 유분이 많아서,,보습력/수분감,unchanged
train,316100,쇼핑몰,스킨케어,OO 레** 클리어 수딩 크림 70ml 1개,"진정만 해주네요. 보습은 1도 없습니다. 제형이 묽어서 발림성 좋고 사용감 가볍습니다. 바로 흡수되고, 흡수되자마자 말라서 건조합니다. 진정작용은 나름 역할을 하는 것 같습니다.",제형,제형이 묽어서,0,[속성] 제형 [문장] 제형이 묽어서,,제형,unchanged
train,316132,쇼핑몰,스킨케어,OO 레** 클리어 수딩 크림 70ml 1개,여름에 이만한 수분크림이 또 있을까요. 지성한테 정말 좋은 수분크림이에요. 유분기 없이 촉촉해서 오랫동안 만족하는 제품입니다. 순하고 자극적이지 않아서 예민한 피부에 딱입니다.,보습력/수분감,유분기 없이,0,[속성] 보습력/수분감 [문장] 유분기 없이,,보습력/수분감,unchanged
train,316161,쇼핑몰,스킨케어,OO 레** 클리어 수딩 크림 70ml 1개,가격대비 만족한 수분크림입니다. 제형이 부드럽고 매우 부드럽게 가볍게 잘 발리네요. 사용감이 무거운 느낌 싫어하는데 이거는 너무 만족스럽습니다. 사용 후 화장도 밀리지 않고 잘 되어 좋습니다.,제형,제형이 부드럽고,1,[속성] 제형 [문장] 제형이 부드럽고,,제형,unchanged
train,316225,쇼핑몰,스킨케어,OO 레** 클리어 수딩 크림 70ml 1개,"민감한 피부입니다. 순하고 트러블 올라오지 않으면서 촉촉하게 보습도 좋습니다. 발림성, 흡수성도 좋아요. 화장품은 저렴하면서도 피부에 잘맞고 좋은 제품이 있다는걸 알게 됐습니다.",보습력/수분감,촉촉하게,1,[속성] 보습력/수분감 [문장] 촉촉하게,,보습력/수분감,unchanged
train,316235,쇼핑몰,스킨케어,OO 레** 클리어 수딩 크림 70ml 1개,피부 진정에 좋고 가벼운 제형이고 자극성도 없어 여드름성 피부에 좋을 것 같습니다,제형,가벼운 제형이고,1,[속성] 제형 [문장] 가벼운 제형이고,,제형,unchanged
train,316249,쇼핑몰,스킨케어,OO 레** 클리어 수딩 크림 70ml 1개,"점성이 꾸덕하게 있는 편이고, 촉촉하게 잘 발려서 좋아요 본품은 사용하기 불편하지만, 스푼이 들어있어서 청결하게 끝까지 사용할 수 있어요. 잘 쓰고 있고 또 사려고 합니다.",보습력/수분감,촉촉하게,1,[속성] 보습력/수분감 [문장] 촉촉하게,,보습력/수분감,unchanged
train,316259,쇼핑몰,스킨케어,OO 레** 클리어 수딩 크림 70ml 1개,여드름과 민감성 피부를 가지신분들의 필수템이라고 할 만합니다. 가성비좋고 흡수력 좋고 피부진정효과가 탁월해요. 번들거림 없이 촉촉하게 피부에 잘 스며들어서 좋아요. 아침에 일어나서 물세안만해도 피부가 진정됩니다.,보습력/수분감,촉촉하게,1,[속성] 보습력/수분감 [문장] 촉촉하게,,보습력/수분감,unchanged
train,316317,쇼핑몰,스킨케어,OO 레** 클리어 수딩 크림 70ml 1개,제형이 부드럽고 향기도 좋아서 늘 사용하고 있습니다. 가격이 조금씩 인상되고 있어서 안타깝네요. 이 제품이 가성비 최고인 듯 합니다. 배송도 빠르고 정확하네요.,제형,제형이 부드럽고,1,[속성] 제형 [문장] 제형이 부드럽고,,제형,unchanged
train,316324,쇼핑몰,스킨케어,OO 레** 클리어 수딩 크림 70ml 1개,산뜻하고 냄새도 거의 없어서 사용하기 좋습니다. 일반 화장품보다 성분이 순하고 제형이 부드럽고 여드름피부에 자극적이지 않아서 좋아요. 데일리 필수 아이템이에요,제형,제형이 부드럽고,1,[속성] 제형 [문장] 제형이 부드럽고,,제형,unchanged
train,316624,쇼핑몰,스킨케어,OO 레** 클리어 수딩 크림 70ml 1개,기초제품으로 샀습니다. 지복합성피부인데 정말 딱이에요. 발림성도 좋고 촉촉하게 잘 스며듭니다.,보습력/수분감,촉촉하게,1,[속성] 보습력/수분감 [문장] 촉촉하게,,보습력/수분감,unchanged
train,316937,쇼핑몰,스킨케어,OO 레** 클리어 수딩 크림 70ml 1개,저렴하게 잘 샀어요 촉촉하게 끈적임없어 좋습니다,보습력/수분감,촉촉하게,1,[속성] 보습력/수분감 [문장] 촉촉하게,,보습력/수분감,unchanged
train,317114,쇼핑몰,스킨케어,OO 시카플라스트 밤 B5 100ml 1개,향은 없고 부드럽게 잘 발라집니다. 끈적임 없이 촉촉해서 좋습니다. 톤업도 조금 되는 것 같아요.,향,향은 없고,1,[속성] 향 [문장] 향은 없고,,향,unchanged
train,317407,쇼핑몰,스킨케어,OO 시카플라스트 밤 B5 100ml 1개,"피부가 진정되는 느낌이 있는데, 제형이 좀 되직한 느낌인지라 발림성이 좋지는 않아요. 유분감이 있어서 겨울에 건조할 때 사용함 좋은거 같습니다",보습력/수분감,유분감이 있어서,1,[속성] 보습력/수분감 [문장] 유분감이 있어서,,보습력/수분감,unchanged
train,223060,쇼핑몰,스킨케어,OO 화** 기초 3종 더블세트+원액,매끄럽고 촉촉하게 만들어준 나의 피부....수려한화윤기초 넘좋아 또또 구입했쓔'^'~~~감사해요'♡'~~~,보습력/수분감,촉촉하게,1,[속성] 보습력/수분감 [문장] 촉촉하게,,보습력/수분감,unchanged
train,223692,쇼핑몰,스킨케어,OO 보** 남성기초 1+1+1+대용량워시2,향이 강하지 않아서 남편이 좋아하네요! 가성비도 좋고 추가로 주는 제품구성도 맘에 드네요!^^,향,향이 강하지 않아서,1,[속성] 향 [문장] 향이 강하지 않아서,,향,unchanged
train,317735,쇼핑몰,스킨케어,OO 시카플라스트 밤 B5 100ml 1개,"OOO 제품 좋은 듯합니다. 촉촉함이 오래가고 윤기가 나서 좋아요. 처음 써봤는데, 앞으로 계속 사용할 것 같아요.",지속력/유지력,오래가고,1,[속성] 지속력/유지력 [문장] 오래가고,,지속력,merged_duplicate_label
train,317808,쇼핑몰,스킨케어,OO 시카플라스트 밤 B5 100ml 1개,향도 무난하고 발림성도 좋고 흡수력도 좋다. 올겨울 촉촉하게 보낼 수 있을 듯하다.,향,향도 무난하고,1,[속성] 향 [문장] 향도 무난하고,,향,unchanged
train,317817,쇼핑몰,스킨케어,OO 시카플라스트 밤 B5 100ml 1개,"점성이 있는 하얀 크림제형이네요. 바를때 가볍게 잘 도포되어 좋아요. 피부에 자극이 없고 무향이에요. 여드름, 흉터, 피부 트러블에 효과가 좋은 것 같아요.",향,무향이에요.,1,[속성] 향 [문장] 무향이에요.,,향,unchanged
train,317839,쇼핑몰,스킨케어,OO 시카플라스트 밤 B5 100ml 1개,향이 없고 색소성분이 없어서 순해요. 제형이 꾸덕하지만 발림성 좋습니다. 보습에 탁월하고 건조를 딱 막아주는 느낌이네요. 극지성을 제외하고는 제일 마지막용 크림이나 건성 아토피 분들께 좋을 것 같습니다.,향,향이 없고,0,[속성] 향 [문장] 향이 없고,,향,unchanged
train,317871,쇼핑몰,스킨케어,OO 시카플라스트 밤 B5 100ml 1개,제형이 너무 꾸덕해서 지성한테는 별로겠다고 생각했는데 발라보니 부드럽게 잘 발려요. 심하게 오일리하지도 않고 발림이 꾸덕하지도 않게 촉촉해지더군요. 한번씩 건조할 때 발라주면 수분 관리 잘 될듯해요. 향은 거의 무향인거같아서 더 좋아요. 이번 겨울 잘 쓸거같아요!,제형,제형이 너무 꾸덕해서,0,[속성] 제형 [문장] 제형이 너무 꾸덕해서,,제형,unchanged
train,317886,쇼핑몰,스킨케어,OO 시카플라스트 밤 B5 100ml 1개,"날씨가 갑자기 추워져서 피부가 건조하고 트기까지 했는데, 저녁에 OOO밤을 바르고 아침에 일어났더니 피부가 부드러워졌어요. 촉촉하게 진정 효과를 느낄 수 있어 좋습니다. 다른 제품들도 구매하고 싶어요. 추천해요.",보습력/수분감,촉촉하게,1,[속성] 보습력/수분감 [문장] 촉촉하게,,보습력/수분감,unchanged
train,318575,쇼핑몰,스킨케어,OO 슈퍼바이탈 크림 50ml 1개,겨울철 피부를 촉촉하게 해주고 빨리 스며들어 좋습니다. 윤기도 있고 가격도 저렴하고 좋습니다. 새로운 제품은 기능은 추가 되었지만 가격이 많이 오른거 같습니다.,보습력/수분감,촉촉하게,1,[속성] 보습력/수분감 [문장] 촉촉하게,,보습력/수분감,unchanged
train,318586,쇼핑몰,스킨케어,OO 슈퍼바이탈 크림 50ml 1개,세일할때 구매해서 2개를 한개 가격에 저렴하게 구매했습니다. 샘플도 많이 주고 좋습니다. 제형이 쫀쫀해서 저녁에 기초바르고 마지막에 바르고 자면 아침에 세안 시 피부가 덜 건조하고 부드러워요. 요즘 같은 계절에는 바르기 좋네요.,제형,제형이 쫀쫀해서,1,[속성] 제형 [문장] 제형이 쫀쫀해서,,제형,unchanged
train,318828,쇼핑몰,스킨케어,OO 슈퍼바이탈 크림 50ml 1개,사용해보니 촉촉함도 오래가고 겨울에 쓰기 좋습니다.,지속력/유지력,오래가고,1,[속성] 지속력/유지력 [문장] 오래가고,,지속력,merged_duplicate_label
train,318852,쇼핑몰,스킨케어,OO 슈퍼바이탈 크림 50ml 1개,제형이 쫀쫀하고 부드럽게 잘 발립니다. 피부에 밀착되는 느낌이 좋습니다. OO쇼핑이 저렴해서 샀네요. 구성품도 굿이네요.,제형,제형이 쫀쫀하고,1,[속성] 제형 [문장] 제형이 쫀쫀하고,,제형,unchanged
train,318860,쇼핑몰,스킨케어,OO 슈퍼바이탈 크림 50ml 1개,사용한지 몇 년 됐어요. 피부에 흡수 잘 되고 건조했던 제 피부를 촉촉하게 만들어 주었네요,보습력/수분감,촉촉하게,1,[속성] 보습력/수분감 [문장] 촉촉하게,,보습력/수분감,unchanged
train,319120,쇼핑몰,스킨케어,OO 슈퍼바이탈 크림 50ml 1개,"타제품에 비해 비싸지만, 제형이 쫀득하고 피부가 촉촉해 보여서 좋습니다.",제형,제형이 쫀득하고,0,[속성] 제형 [문장] 제형이 쫀득하고,,제형,unchanged
train,319325,쇼핑몰,스킨케어,OO 슈퍼바이탈 크림 50ml 1개,"세 통째 쓰는데 드라마틱한 효과는 아니지만, 끈적이지도 않고 촉촉하고 좋네요. 다 쓰고 또 구매해서 쓸 예정입니다.",기능/효과,드라마틱한 효과는 아니지만,-1,[속성] 기능/효과 [문장] 드라마틱한 효과는 아니지만,,기능/효과,unchanged
train,319780,쇼핑몰,스킨케어,OO 로**  스네일 크림 50ml 1개,"발림도 좋고 향도 아주 좋습니다. OOO로얄 블랙 스네일 크림은 보습에 좋은것 같습니다. 적게 발라도 발림이 좋고, 제형이 부드럽고 풍부하게 발리며, 향도 좋네요. 물론 보습력도 아주 좋아서 재구매 의사 있습니다.",제형,제형이 부드럽고,1,[속성] 제형 [문장] 제형이 부드럽고,,제형,unchanged
train,319859,쇼핑몰,스킨케어,OO 로**  스네일 크림 50ml 1개,원래 사용하던 크림을 재구매했습니다. 피부도 촉촉하고 화장도 부드럽게 먹고 너무 좋습니다. 샘플도 잘 받았습니다. 잘 쓸게요.,제품구성,샘플도 잘 받았습니다.,0,[속성] 제품구성 [문장] 샘플도 잘 받았습니다.,,제품구성,unchanged
train,320310,쇼핑몰,스킨케어,OO 로**  스네일 크림 50ml 1개,건성 피부에 민감성인데 친구에게 선물받아서 사용해보았네요. 촉촉하게 트러블 없이 좋아서 구매했네요.,보습력/수분감,촉촉하게,1,[속성] 보습력/수분감 [문장] 촉촉하게,,보습력/수분감,unchanged
train,320443,쇼핑몰,스킨케어,OO 로**  스네일 크림 50ml 1개,"복합성피부로 ㅇㅇㅇ 크림을 쓰고 있는데 좋아요, 다 쓰면 또 사려고 생각하고 있어요. ㅇㅇ ㅇㅇㅇ 구매했습니다. ㅇㅇ이라서 지난번 것과 비교했을때 내 피부에는 크림이 유분기가 과한 편이라 번들거려요. 건조한 피부에는 좋을 것 같습니다.",흡수력,번들거려요,-1,[속성] 흡수력 [문장] 번들거려요,,흡수력,unchanged
train,320732,쇼핑몰,스킨케어,OO 마** 모이스처 스킨 소프너 320ml 1개,양도 많고 예전에 사용하던 제품이라 구입했는데 다른거 보다 발림성은 좋은거 같은데 제형이 약간 묽어서 용량에 비해 금방 다 썼네요 끈적이지 않아서 좋다고 합니다.,제형,제형이 약간 묽어서,-1,[속성] 제형 [문장] 제형이 약간 묽어서,,제형,unchanged
train,322472,쇼핑몰,스킨케어,OO 해** 시카페어 크림 50ml 1개,"피부가 많이 건조하고 예민해서 여름에도 촉촉한 걸 찾는 편이에요. 이 제품은 어느 계절이든 무난하게 쓸 수 있고, 드라마틱한 효과는 아니지만 피부에 맞아서 계속 써요.",기능/효과,드라마틱한 효과는 아니지만,0,[속성] 기능/효과 [문장] 드라마틱한 효과는 아니지만,,기능/효과,unchanged
train,322781,쇼핑몰,스킨케어,OO 레** 아이크림 포페이스 30ml 4개,피부가 심하게 건성인 저에게 필요한 크림입니다. 발림성도 좋고 촉촉함도 오래가고 끈적이지도 않아서 계절 가리지 않고 계속 사용하고 있습니다.,지속력/유지력,오래가고,1,[속성] 지속력/유지력 [문장] 오래가고,,지속력,merged_duplicate_label
train,574736,쇼핑몰,스킨케어,OO 시** 퍼펙트 휩 클렌징폼 120g 4개,늘 사용하는 제품이라 또 구입했네요. 적은 양으로도 제형이 쫀쫀해서 거품이 잘 나고 잘 닦여 뽀송뽀송 하네요.,제형,제형이 쫀쫀해서,1,[속성] 제형 [문장] 제형이 쫀쫀해서,,제형,unchanged
train,576539,쇼핑몰,스킨케어,OO 딥 클린 포밍 클렌저 175g 1개,제형이 부드럽고 자극도 거의 없습니다. 그런데도 세정력이 좋아 만족합니다.,제형,제형이 부드럽고,1,[속성] 제형 [문장] 제형이 부드럽고,,제형,unchanged
train,576844,쇼핑몰,스킨케어,OO 딥 클린 포밍 클렌저 175g 1개,거품이 촘촘하지 못한 폼클렌저는 씻는 중에 거품이 꺼져버려서 상쾌하지가 않고 깨끗하게 씻겼는지 믿음이 안 가요. 그런데 OO OOO폼클렌저는 제형이 쫀쫀해서 그런지 도중에 거품이 꺼지지 않고 극세사처럼 부드러운 거품이 유지되니까 미세먼지까지 씻어주는 것 같아요.,제형,제형이 쫀쫀해서,1,[속성] 제형 [문장] 제형이 쫀쫀해서,,제형,unchanged
train,577066,쇼핑몰,스킨케어,OO 순** 클렌징폼 200ml 1개,샘플 써보고 너무 좋아서 큰걸로 주문했네요. 다른 클렌징 많이 써봤는데 제형이 부드럽고 씻고 난 후 사용감이 개운하며 촉촉합니다.,제형,제형이 부드럽고,1,[속성] 제형 [문장] 제형이 부드럽고,,제형,unchanged
train,577138,쇼핑몰,스킨케어,OO 순** 클렌징폼 200ml 1개,제형이 액체지만 많이 되직해요 눌러 쓰는 용기를 아주 힘 있게 눌러야 해서 사용하기 불편해요. 피부에 잔여감도 없고 향도 무난하고 써본 클렌징폼중에서는 아주 괜찮습니다. 가격이 높아서 문제이지 다른 건 좋습니다. ㅇㅇㅇ 클렌징 오일보다 괜찮아요.,향,향도 무난하고,1,[속성] 향 [문장] 향도 무난하고,,향,unchanged
train,577139,쇼핑몰,스킨케어,OO 순** 클렌징폼 200ml 1개,제형이 부드럽고 피부자극없이 세정 잘 되네요. OOO에서 저렴하게 잘 샀어요 . 온가족 세안제로 아주 좋습니다. 피부트러블 많은 아이에게도 아주 좋네요.,제형,제형이 부드럽고,1,[속성] 제형 [문장] 제형이 부드럽고,,제형,unchanged
train,577167,쇼핑몰,스킨케어,OO 순** 클렌징폼 200ml 1개,OOO 클렌징 제품은 어른들이 쓴다고 생각 하는데 자극이 없어서 연약한 피부를 가진 사람이라면 추천합니다. 순하고 제형이 부드럽고 세안 후 당김 없어요. 이것만 쓰게 되어요. 클렌징은 다른 순한 제품도 있긴 한데 번갈아 가며 쓰지만 OOO는 정말 좋습니다.,제형,제형이 부드럽고,1,[속성] 제형 [문장] 제형이 부드럽고,,제형,unchanged
train,579729,쇼핑몰,스킨케어,OO 카** 퍼퓸드 솝 70g 1개,민감하다 보니 생각보다 향이 강해요. 뽀득한 느낌이 아니고 사용감이 텁텁한 느낌이에요.,향,향이 강해요.,-1,[속성] 향 [문장] 향이 강해요.,,향,unchanged
train,580424,쇼핑몰,스킨케어,OO 레** 클리어 수딩폼 150ml 1개,"약산성이라 뽀득뽀득한 느낌은 없지만, 그래도 약산성이 피부에 좋다고 하니 열심히 써 보려고 합니다. 세수하면 악건성에 조금 지나면 악지성인 피부인데, 피지도 잘 닦아줍니다. 세안했을 때 덜 씻겨서 미끄덩거리는 것만 없으면 좋겠네요.",성분,약산성이라,0,[속성] 성분 [문장] 약산성이라,,성분,unchanged
train,580498,쇼핑몰,스킨케어,OO 레** 클리어 수딩폼 150ml 1개,약산성이라 세수하고 나서 땡기지도 않고 자극없이 순해요. 가격도 착해서 3개 부담없이 샀습니다. 아직 효과는 잘 모르겠지만 좀 더 사용해 보겠습니다.,성분,약산성이라,0,[속성] 성분 [문장] 약산성이라,,성분,unchanged
train,580629,쇼핑몰,스킨케어,OO 레** 클리어 수딩폼 150ml 1개,약산성이라 세정력이 엄청 좋진 않네요. 씻고나면 자극없고 순해요. ○○○ 브랜드는 순해서 믿고 사용해요. 트러블에도 좋을거라 기대하며 써볼께요,성분,약산성이라,0,[속성] 성분 [문장] 약산성이라,,성분,unchanged
train,580654,쇼핑몰,스킨케어,OO 레** 클리어 수딩폼 150ml 1개,약산성이라 순한 제품입니다. OOO는 트러블에 좋다고 들었는데 트러블 나는 피부 때문에 구입했습니다. 클렌징이 제일 중요하니까 이 제품 써보셔도 좋을 것 같아요. 가격도 많이 비싸지도 않아요.,성분,약산성이라,1,[속성] 성분 [문장] 약산성이라,,성분,unchanged
train,580851,쇼핑몰,스킨케어,OO 레** 클리어 수딩폼 150ml 1개,이제 한번 썼는데 약산성이라 피부당김이 없어 순하고 좋습니다. 잘 씻겨서 미끌거리지도 않습니다.,성분,약산성이라,1,[속성] 성분 [문장] 약산성이라,,성분,unchanged
train,581140,쇼핑몰,스킨케어,OO 레** 클리어 수딩폼 150ml 1개,거품이 잘 나서 좋습니다. 심하게 뽀득 거리지도 않고 그렇다고 미끌거리지도 않고 촉촉하게 세안이 됩니다.,보습력/수분감,촉촉하게,1,[속성] 보습력/수분감 [문장] 촉촉하게,,보습력/수분감,unchanged
train,225118,쇼핑몰,스킨케어,OO 테** 기초 2종,촉촉하게 잘 스며 들어요,보습력/수분감,촉촉하게,1,[속성] 보습력/수분감 [문장] 촉촉하게,,보습력/수분감,unchanged
train,581185,쇼핑몰,스킨케어,OO 레** 클리어 수딩폼 150ml 1개,아이 여드름 때문에 약 산성으로 구매 해 봤습니다. 향은 좀 별루네요. 효과는 아직 잘 모르겠습니다.,기능/효과,효과는 아직 잘 모르겠습니다.,-1,[속성] 기능/효과 [문장] 효과는 아직 잘 모르겠습니다.,,기능/효과,unchanged
train,581235,쇼핑몰,스킨케어,OO 레** 클리어 수딩폼 150ml 1개,생각했던 것보다 배송도 빠르고 제품도 저렴하게 잘 산 것 같습니다. 사용 기간이 짧아서 효과는 아직 모르겠습니다. 이 제품 사용 해 보고 효과가 있으면 좋겠어요. 괜찮으면 재 주문 하겠습니다.,기능/효과,효과는 아직 모르겠습니다.,-1,[속성] 기능/효과 [문장] 효과는 아직 모르겠습니다.,,기능/효과,unchanged
train,581236,쇼핑몰,스킨케어,OO 레** 클리어 수딩폼 150ml 1개,상품 품질이 좋아요. 마음에 듭니다. 내용물은 진주펄 같은 느낌의 색상이 나서 좋아요. 얼굴에 트러블이 올라와서 사용해 보려고 구매했어요. 소량만 사용해도 거품이 많이 나고 무향에 자극적이지 않아 만족스러워요. 무엇보다 약산성이라고 하니 더욱 좋은 것 같습니다. 피부엔 약산성이 좋으니까요. 아이 쓰게 하려고 구매했는데 저도 사용하게 되네요. 추가 구매의사 있어요.,향,무향에,1,[속성] 향 [문장] 무향에,,향,unchanged
train,581723,쇼핑몰,스킨케어,OO 순** 클렌징오일 200ml 1개,제형이 부드럽고 가벼운 오일이라 피부에도 부담 없이 쓰고 있습니다. 세정력도 좋은 것 같고 다른 오일에 비해서 바를 때 발림이 무겁지 않고 가볍고 저렴한 가격의 오일은 바르면 무겁고 피부에 겉도는 느낌이라 싫었는데 이 제품은 품질이 좋습니다.,제형,제형이 부드럽고,1,[속성] 제형 [문장] 제형이 부드럽고,,제형,unchanged
train,582015,쇼핑몰,스킨케어,OO 순** 클렌징오일 200ml 1개,같이 구매한 다른 제품은 잘 왔는데 이 제품은 구성품이 용기 불량으로 내용물이 다 새서 왔네요. 제대로 검수를 하긴 하는지 의심스럽습니다. 다른 물건에도 여기저기 묻고 다 새는 바람에 용기 안에 남은 내용물이 별로 없었습니다. 가격도 좀 나가는 제품인데 이런 식이라니요. 품질이 실망스러워요. 배송 전에 확인 잘 해주세요.,가격,가격도 좀 나가는 제품인데,0,[속성] 가격 [문장] 가격도 좀 나가는 제품인데,,가격,unchanged
train,225446,쇼핑몰,스킨케어,OO 단백질 볼륨 앰플 (대용량2+중용량2+리프팅볼),체험분을 써보고 제형이 부드럽고 흡수도 잘 되는것 같아 사용하려 했는데 작은병이 깨져왔어요 ㅠ 발림성도 좋고 맘에 드는데 좀 속상했어요^^;;,제형,제형이 부드럽고,1,[속성] 제형 [문장] 제형이 부드럽고,,제형,unchanged
train,225578,쇼핑몰,스킨케어,OO 화이트닝 스팟세럼 슬림패키지 (30ml * 7개구성),배송 빠르고 제품도 만족입니다 향도 나쁘지 않고 발림성도 좋아요 바르고 크림을 바르는것 보다 두번 덧바르는게 더 좋은것 같아요 바르면 하애져서인지 기미가 달 보여서 좋구요 큰 기대 안하고 샀는데 전 만족입니다,향,향도 나쁘지 않고,0,[속성] 향 [문장] 향도 나쁘지 않고,,향,unchanged
train,225799,쇼핑몰,스킨케어,1+1+1 OO 세럼 스틱 /멀티밤,기존에 유행하는 제품보다 휠씬 피부애 잘 스며들며 촉촉함이 오래가고 향도 좋급니다.,지속력/유지력,오래가고,1,[속성] 지속력/유지력 [문장] 오래가고,,지속력,merged_duplicate_label
train,226802,쇼핑몰,스킨케어,OO 화이트닝 스팟세럼 세트,써보니 좋으네요 제형이 끈적임도없고 매트합니다,보습력/수분감,매트합니다,0,[속성] 보습력/수분감 [문장] 매트합니다,,보습력/수분감,unchanged
train,226847,쇼핑몰,스킨케어,OO 프** 세럼 최다구성,프로아이오틱 세럼 너무 좋아요. 제형이 쫀쫀하고 발림성도 좋고 주름을 땡겨줘서 펴지는듯한 느낌을 받았어요. 참 잘구매했다고 생각합니다. 재구매할듯요~~~,제형,제형이 쫀쫀하고,1,[속성] 제형 [문장] 제형이 쫀쫀하고,,제형,unchanged
train,227844,쇼핑몰,스킨케어,OO 마** 앰플 3박스+마스크 3박스+무료체험분,배송받자마자 사용해보니 촉촉하게 잘 스며드네요 꾸준히사용해봐야겠어요!!!,보습력/수분감,촉촉하게,1,[속성] 보습력/수분감 [문장] 촉촉하게,,보습력/수분감,unchanged
train,228012,쇼핑몰,스킨케어,OO 멀티밤,좋아요 엄청건조한피부인데 촉촉함이 좋고 오래가고 밝아보여요 앰플도뿌리면수분공급에 굿! 두번째구매,지속력/유지력,오래가고,1,[속성] 지속력/유지력 [문장] 오래가고,,지속력,merged_duplicate_label
train,228204,쇼핑몰,스킨케어,OO 멀티밤,"너무비싸네요 얼마들어있지도 않은데.. 제형이 바세린같은데 좀 부드러운 바세린 느낌? 번들거려요 효과가, 있었음좋겠네요",흡수력,번들거려요,0,[속성] 흡수력 [문장] 번들거려요,,흡수력,unchanged
train,228355,쇼핑몰,스킨케어,OO 멀티밤,잘받았습니다. 주름이 없어지는건 잘 모르겠어요. 촉촉해요.,기능/효과,주름이 없어지는건 잘 모르겠어요.,-1,[속성] 기능/효과 [문장] 주름이 없어지는건 잘 모르겠어요.,,기능/효과,unchanged
train,228409,쇼핑몰,스킨케어,OO 멀티밤,한번 써보구 싶었는데 특가세일에 저렴하게 구매했는데 촉촉하니 좋은거 같아요.유분기가 있어서 자주 덧바르는건 흡수가 안되어 힘들어요.,보습력/수분감,유분기가 있어서,-1,[속성] 보습력/수분감 [문장] 유분기가 있어서,,보습력/수분감,unchanged
train,228576,쇼핑몰,스킨케어,OO 멀티밤,촉촉하게 발리고~~ 얼굴에 광채가 돌듯 반짝반짝~~~ 사용하고 있는 제품인데 좋은가격에 득템~♡,보습력/수분감,촉촉하게,1,[속성] 보습력/수분감 [문장] 촉촉하게,,보습력/수분감,unchanged
train,228756,쇼핑몰,스킨케어,OO 마** 크림 앰플 1개,요번 휴가때 제 피부 보호할려고 구입했어요. 집에서 발라보니 쓱 바르기 편하고 백탁현상없이 촉촉하게 피부에 발라져서 만족^^ 가격착해 또 만족했어요~,보습력/수분감,촉촉하게,1,[속성] 보습력/수분감 [문장] 촉촉하게,,보습력/수분감,unchanged
train,228823,쇼핑몰,스킨케어,OO 마** 앰플 3개+미스트 1개,촉촉하게 잘발려요 뭉침도없구 깨끗하네요~~ 꾸준히써서 눈밑 기미도 좋아졌음 해요,보습력/수분감,촉촉하게,1,[속성] 보습력/수분감 [문장] 촉촉하게,,보습력/수분감,unchanged
train,228839,쇼핑몰,스킨케어,OO 마** 앰플 3개+미스트 1개,"마데카 미백앰플을 잘 쓰다가 떨어졌는데 이 제품을 방송에서 보게되어 앰플 대신 사보았어요 동성 마데카가 몇 안되는 피부장벽 강화 제품 중 하나라서 종류별로 쓰고 있습니다. 스틱이니까 하루에 몇번이고 편리하게 사용할 수 있겠다 싶어 구매했는데, 한가지 아쉬운 점은 제형이 딱딱한 편이라 바를때 힘이 들어가서 피부화장 상태에서 조금 밀린달까. 제형이 좀 더 무르고 제형이 부드럽고 촉촉했으면 싶네요",제형,제형이 부드럽고,0,[속성] 제형 [문장] 제형이 부드럽고,,제형,unchanged
train,229177,쇼핑몰,스킨케어,OO 멀티밤 기본세트(멀티밤 2 +미스트앰플 1),가희 멀티밤 발라보니 촉촉하네요.눈가.팔자. 입술.목주름. 오일성분이 있어그런지 제형이 부드럽고 촉촉함도 오래가고 .얼굴당김이 없네요. 꾸준히 계속 써볼께요,제형,제형이 부드럽고,1,[속성] 제형 [문장] 제형이 부드럽고,,제형,unchanged
train,229178,쇼핑몰,스킨케어,OO 멀티밤 기본세트(멀티밤 2 +미스트앰플 1),배송빠르고 제형이 쫀쫀하고 촉촉하네요 꾸준히 써볼랍니다,제형,제형이 쫀쫀하고,1,[속성] 제형 [문장] 제형이 쫀쫀하고,,제형,unchanged
train,229219,쇼핑몰,스킨케어,OO 멀티밤 기본세트(멀티밤 2 +미스트앰플 1),매 방송 지켜만 보다가 상품평도좋고 유사품들이 출시되는걸 보면 제품력도 좋을거 같아 구매합니다. 약간의 끈적임은 있지만 보습력이 좋고 광도 우수합니다. 이번에 경험해 보고 결과 좋으면 더블로 구매하려고요,흡수력,약간의 끈적임은 있지만,0,[속성] 흡수력 [문장] 약간의 끈적임은 있지만,,흡수력,unchanged
train,229225,쇼핑몰,스킨케어,OO 멀티밤 기본세트(멀티밤 2 +미스트앰플 1),요즘 엄청 핫하길래 주문해봤어요. 부드럽게 잘 발리구요 유분감이 있어서 낮엔 살짝 바르고 밤에 듬뿍 바르고 자는데 건조한 저한텐 잘 맞는것같아요 ^^ 미스트도 향도좋고 촉촉하고 좋습니다,보습력/수분감,유분감이 있어서,-1,[속성] 보습력/수분감 [문장] 유분감이 있어서,,보습력/수분감,unchanged
train,229480,쇼핑몰,스킨케어,OO 멀티밤 기본세트(멀티밤 2 +미스트앰플 1),지인에게 멀티밤을 선물받아 사용해본 결과 어디서나 촉촉하게 관리할수 있었고 제품 이 맘에 들어 구입하게 되었습니다. 가을 날씨에 잘 사용할듯 해요~~,보습력/수분감,촉촉하게,1,[속성] 보습력/수분감 [문장] 촉촉하게,,보습력/수분감,unchanged
train,229506,쇼핑몰,스킨케어,OO 멀티밤 기본세트(멀티밤 2 +미스트앰플 1),피부가 워낙 건조해서 고민이었는데 광고도 많이 하고 좋을꺼 같아서 처음으로 주문해봤어요. 오늘 처음 발라뵜는데 발림성 좋구요. 꾸준히 사용해 볼께요. 효과는 아직 모르겠습니다.,기능/효과,효과는 아직 모르겠습니다.,0,[속성] 기능/효과 [문장] 효과는 아직 모르겠습니다.,,기능/효과,unchanged
train,229535,쇼핑몰,스킨케어,OO 멀티밤 기본세트(멀티밤 2 +미스트앰플 1),광고보고 괜찮을꺼 같아서~~ 촉촉하게 반질반질한 느낌이 조으네요~ 물광느낌 조아 추천 합니다~,보습력/수분감,촉촉하게,1,[속성] 보습력/수분감 [문장] 촉촉하게,,보습력/수분감,unchanged
train,229801,쇼핑몰,스킨케어,OO 멀티밤 기본세트(멀티밤 2 +미스트앰플 1),미스트와 멀티밤 셋트 선물용으로 구매했어요~멀티밤 한개는 사용해보니 수분및 유분이 많아 촉촉한거 같아요. 제형이 끈적거림만 조금 덜하다면 사용감이 더 좋을듯 ㅎㅎ,보습력/수분감,유분이 많아,1,[속성] 보습력/수분감 [문장] 유분이 많아,,보습력/수분감,unchanged
train,229856,쇼핑몰,스킨케어,OO 멀티밤 기본세트(멀티밤 2 +미스트앰플 1),부드럽고 촉촉하게 그리고.피부톤을 자연스럽게 표현해주는거 같아 너무.잘사용하고 있읍니자~~ 광택도.나구~~ 촉촉 그자체입니다~~,보습력/수분감,촉촉하게,1,[속성] 보습력/수분감 [문장] 촉촉하게,,보습력/수분감,unchanged
train,230036,쇼핑몰,스킨케어,OO 멀티밤 기본세트(멀티밤 2 +미스트앰플 1),엄마가 사고 싶다고해서 사서 같이 쓰고 있어요 촉촉하고 제형이 부드럽고 바르는 느낌도 너무 좋아요 엄마도 좋아해요,제형,제형이 부드럽고,1,[속성] 제형 [문장] 제형이 부드럽고,,제형,unchanged
train,230368,쇼핑몰,스킨케어,OO 멀티밤 기본세트(멀티밤 2 +미스트앰플 1),요즘 방송에서 선전을 많이하고있어 관심갖고 있었는데.. 딸과 같이 써보려고 2개구입했어요. 제형이 부드럽고 향기도 좋아요 약각 번질거림이 있는거 같네요~,제형,제형이 부드럽고,1,[속성] 제형 [문장] 제형이 부드럽고,,제형,unchanged
train,230476,쇼핑몰,스킨케어,OO 멀티밤 기본세트(멀티밤 2 +미스트앰플 1),제품 잘받았습니다.사용 및 휴대하기편리하고 기대 이상으로 제형이 부드럽고 발림이 좋아요~,제형,제형이 부드럽고,1,[속성] 제형 [문장] 제형이 부드럽고,,제형,unchanged
train,230579,쇼핑몰,스킨케어,OO 멀티밤 더블세트(멀티밤 4 +미스트앰플 2),배송받아쓰고있는데 스틱은 대게 촉촉함도 오래가고 얼굴에 광이 생기네요,지속력/유지력,오래가고,1,[속성] 지속력/유지력 [문장] 오래가고,,지속력,merged_duplicate_label
train,230807,쇼핑몰,스킨케어,OO 멀티밤 더블세트(멀티밤 4 +미스트앰플 2),"구매 이유는, 요즘 드라마에서 많이 보게 돼서 궁금증이 많았던 차에 지인의 추천을 받았음. 촉촉하다며 좋다고 권했고 그 분의 얼굴이 환해보이고 전보다 젊어보여서 구매함. 좋은 점은 용기 뚜껑이 닫힐 때 밀폐력이 우수해서 공기 노출이 적으며, 손 안에 쏙 들어가는 사이즈로 휴대용으로 적당하고, 책상 위에 올려놓고 수시로 덧 바르기 편함. 유분이 많아 겨울철에 건조함이 적을 것 같고 촉촉함이 오래 유지됨. 아쉬운 점은 양이 너무 적다는 것... 9g 정량이긴 하나 길이가 3cm 정도 되어 금방 다 써버릴것 같음. 그래도 구성품이 4개나 되니 꽤 오랫동안 쓸 수 있을 듯^^",보습력/수분감,유분이 많아,0,[속성] 보습력/수분감 [문장] 유분이 많아,,보습력/수분감,unchanged
train,230951,쇼핑몰,스킨케어,OO 멀티밤 더블세트(멀티밤 4 +미스트앰플 2),지인에게 선물 받아서 처음 사용했었습니다. (2개월전에) 촉촉함이 오래가고 얼굴에 당김이 적어졌습니다. 맨얼굴에만 사용하다보니 화장한 후에도 사용하고 싶어 하나 더 구매하고 싶은 생각을 가지고 있었습니다. (화장 전 후에 같은 제품으로 사용한다는게 웬지 찝찝해서요 ) 홈쇼핑에서 광고하길래 빠르게 주문했습니다. 알찬 구성 받고 한 셋트는 지인(마침 며칠 뒤 생일)에게 선물했습니다. 엄청 좋아해서 선물주는 저도 기뻤습니다. 좋은 상품 감사합니다 ^-^,지속력/유지력,오래가고,1,[속성] 지속력/유지력 [문장] 오래가고,,지속력,merged_duplicate_label
train,216487,쇼핑몰,스킨케어,OO 효** 기초세트 4대천왕 특집구성 (전고객 쇼핑백),촉촉하게 스미는 한방 느낌이 좋네요. 피부가 항상 건조해 스킨과 에센스 위주로 쓰는 편인데 원액만 삼형제 시리즈라 넉넉하게 쓸수 있어 만족합니다. 샘플이 좀 더 다양하게 구성되었으면 좋겠네요.여행용이 추가구성되었더라면 더 좋았을텐데 하는 아쉬움이 있어요,보습력/수분감,촉촉하게,1,[속성] 보습력/수분감 [문장] 촉촉하게,,보습력/수분감,unchanged
train,216561,쇼핑몰,스킨케어,OO 항노화 기초세트 ,기존에도 쓰던 브랜드 저는 개인적으로 리엔케이가 피부에 잘 맞더라고요 촉촉하게 산뜻하고 좋아요,보습력/수분감,촉촉하게,1,[속성] 보습력/수분감 [문장] 촉촉하게,,보습력/수분감,unchanged
train,216641,쇼핑몰,스킨케어,OO 보** 남성기초 1+1+1 올인원워시세트,제형이 부드럽고 촉촉해 얼굴에 바르면 좋아요 겨울이라 피부가 푸석푸석해 티비를 보다가 주문해 발라보니 마음에 드네요 향도 진하지않고 촉촉하게 느낌도 괜찮네요,제형,제형이 부드럽고,1,[속성] 제형 [문장] 제형이 부드럽고,,제형,unchanged
train,231357,쇼핑몰,스킨케어,OO 멀티밤 더블세트(멀티밤 4 +미스트앰플 2),재구매해서 계속 사용하고 있습니다. 이번은 시어머니 선물로 구매했어요. 너무 좋아요~~! 너무 쉽게 간단히 촉촉하게 주름 관리하니까 계속 손이 갑니다. 향도 은은한게 좋아요!,보습력/수분감,촉촉하게,1,[속성] 보습력/수분감 [문장] 촉촉하게,,보습력/수분감,unchanged
train,231633,쇼핑몰,스킨케어,OO 멀티밤 더블세트(멀티밤 4 +미스트앰플 2),재구매입니다.한번바르면 촉촉함이 오래가고 얼굴에 광채가 납니다.계속주문할것 같아요~,지속력/유지력,오래가고,1,[속성] 지속력/유지력 [문장] 오래가고,,지속력,merged_duplicate_label
train,232250,쇼핑몰,스킨케어,OO 주름관리 멀티밤 기본세트(멀티밤2+미스트앰플1+오일1),방송에서도 많이 나오고 온라인 판매처에도 너무 핫하지만 가격이 좀 있는편이라 망설이다 겨울철만 되면 악건성이되는 피부를 위해 샀네요.스틱형태라 내가 원하는 부위를 슥삭슥삭~간편하게 바르기 좋고 오일리해서 피부에도 오랜시간 남아있는듯해서 좀 덜건조하네요. 단하나 단점 앞머리가 있는데 머리카락이 붙는편이라 아침시간에는 이마는 피하는걸로~ 두통 다 열심히 써보고 좋으면 재구매 할께요~~,흡수력,오일리해서,0,[속성] 흡수력 [문장] 오일리해서,,흡수력,unchanged
train,232366,쇼핑몰,스킨케어,OO 주름관리 멀티밤 기본세트(멀티밤2+미스트앰플1+오일1),광고도 홈쇼핑도 워낙 많이 나오는 제품이라 구매했습니다 앰플은 생각보다 양이 많이 작아요 앰플이랑 미스트는 아직 안써봤지만 믿쓰가 아니겠습니까 멀티밤은.굉장히 촉촉하고 제형이 부드럽고 잘 뭉그러지는재질?이라고해야되나.손으로 바르라고하면.한번 바르고 말았을텐데 스틱형이라.쓱쓱 꺼내서.문질문질하기 정말 좋습니다,제형,제형이 부드럽고,1,[속성] 제형 [문장] 제형이 부드럽고,,제형,unchanged
train,232770,쇼핑몰,스킨케어,OO 주름관리 멀티밤 기본세트(멀티밤2+미스트앰플1+오일1),향이 좋네요. 슥슥 발라보니 제형이 크리미해서 걱정했는데 좀있으니 산뜻해집니다. 자주 발라봐야 겠어요,제형,제형이 크리미해서,0,[속성] 제형 [문장] 제형이 크리미해서,,제형,unchanged
train,233176,쇼핑몰,스킨케어,OO 주름관리 멀티밤 기본세트(멀티밤2+미스트앰플1+오일1),묽은 제형이라 바르기 불편합니다. 유분기가 많아 바르면 좀 기름진거 같긴 하네요.,제형,묽은 제형이라,-1,[속성] 제형 [문장] 묽은 제형이라,,제형,unchanged
train,233180,쇼핑몰,스킨케어,OO 주름관리 멀티밤 기본세트(멀티밤2+미스트앰플1+오일1),촉촉함이 없고 제형이 묽어서 바르기 불편하네요. 다만 양 좀 늘려줬으면 좋겠습니다.,제형,제형이 묽어서,-1,[속성] 제형 [문장] 제형이 묽어서,,제형,unchanged
train,233193,쇼핑몰,스킨케어,OO 주름관리 멀티밤 기본세트(멀티밤2+미스트앰플1+오일1),선물받고 처음 사용했는데 슥 문지르니 제형이 묽어서 바르기 불편하고 용량도 작아 금방 쓰네요. 겨울이라 미스트와 사용했더니 번들거리고 효과는 없는것 같아요 가격도 비싸서 부담 스럽긴합니다.,제형,제형이 묽어서,-1,[속성] 제형 [문장] 제형이 묽어서,,제형,unchanged
train,233205,쇼핑몰,스킨케어,OO 주름관리 멀티밤 기본세트(멀티밤2+미스트앰플1+오일1),엄마 선물해드렸더니 엄청 좋아하세요ㅎㅎ 발림성 좋고 촉촉하게 잘 발린다고합니다ㅎㅎ 딱 지금계절 쓰기좋다고하세요ㅎㅎ 좋아요!! 이 구성이면 앞으로도 또 살거같아요 추천추천!!,보습력/수분감,촉촉하게,1,[속성] 보습력/수분감 [문장] 촉촉하게,,보습력/수분감,unchanged
train,233226,쇼핑몰,스킨케어,OO 주름관리 멀티밤 기본세트(멀티밤2+미스트앰플1+오일1),벌써 세번째 주문하네요 저번엔 오일없이 미스트 구성을 시켰었는데 이번엔 써보니 오일양이 너무 적어 아쉽네요. 묽은 제형이라 바르기 불편합니다.,제형,묽은 제형이라,0,[속성] 제형 [문장] 묽은 제형이라,,제형,unchanged
train,233233,쇼핑몰,스킨케어,OO 주름관리 멀티밤 기본세트(멀티밤2+미스트앰플1+오일1),전에는 한개만 주문해서 사용하다가 다시 구입했네요. 미스트도 오일도 같이 쓰면 좋을거 같아요. OOO밤 생각보다 촉촉하지 않고 번들거립니다.,흡수력,번들거립니다.,-1,[속성] 흡수력 [문장] 번들거립니다.,,흡수력,unchanged
train,233251,쇼핑몰,스킨케어,OO 주름관리 멀티밤 기본세트(멀티밤2+미스트앰플1+오일1),처음 쓰고 있습니다. 요즘 사무실 히터 때문에 너무 건조해서 수시 바르고 있는데 효과는 모르겠습니다. 구성품인 미스트도 그닥 촉촉하지 않습니다. 구성품인 앰플은 사용 전이라서 모르겠습니다.,기능/효과,효과는 모르겠습니다.,-1,[속성] 기능/효과 [문장] 효과는 모르겠습니다.,,기능/효과,unchanged
train,233427,쇼핑몰,스킨케어,OO 주름관리 멀티밤 기본세트(멀티밤2+미스트앰플1+오일1),친구들이많이가지고다니길래 저두하나샀어요 건성피부라서 휴대가 편해 매일가지고다니면서바르고뿌리니까 너무좋으네요 촉촉하게,보습력/수분감,촉촉하게,1,[속성] 보습력/수분감 [문장] 촉촉하게,,보습력/수분감,unchanged
train,233646,쇼핑몰,스킨케어,OO 주름관리 멀티밤 더블세트(멀티밤4+미스트앰플2+오일2),3차구매 입니다 주문취소했는데 배송이 왔네요 ㅎㅎ 써야할 운명인가 봅니다^^ 그래서 그냥 사용하려고 합니다 촉촉하게 건조한 얼굴이랑 목이랑 쓰기 편해서 수시로 바르고 있어요...,보습력/수분감,촉촉하게,1,[속성] 보습력/수분감 [문장] 촉촉하게,,보습력/수분감,unchanged
train,233779,쇼핑몰,스킨케어,OO 주름관리 멀티밤 더블세트(멀티밤4+미스트앰플2+오일2),바르기가 불편하고 바르고 나면 유분기가 많아서 번들거립니다. 계속 구매할지는 고민입니다.,흡수력,번들거립니다.,-1,[속성] 흡수력 [문장] 번들거립니다.,,흡수력,unchanged
train,233859,쇼핑몰,스킨케어,OO 주름관리 멀티밤 더블세트(멀티밤4+미스트앰플2+오일2),믿고쓰는 OOO 멀티밤이네요. 홈쇼핑에 뜨면 구매하는데 가격이 좀 비싼편이고 묽은 제형이라 바르기는 불편합니다. 생각보다 번들거려서 부담스러워요.,제형,묽은 제형이라,-1,[속성] 제형 [문장] 묽은 제형이라,,제형,unchanged
train,233863,쇼핑몰,스킨케어,OO 주름관리 멀티밤 더블세트(멀티밤4+미스트앰플2+오일2),눈가가 건조해서 웃을 때 주름이 보여 신경쓰여 지인에게 멀티밤을 선물 받고 사용했습니다. 멀티밤이 눈가를 촉촉하게 해주지는 못하네요. 가격이 비싸서 방송에서 구매하려 대기까지 했는데 실망입니다.,가격,가격이 비싸서,-1,[속성] 가격 [문장] 가격이 비싸서,,가격,unchanged
train,216839,쇼핑몰,스킨케어,OO 스** 기초 스페셜 슬림구성,열심히 사용하고 있습니다. 제형이 부드럽고 촉촉합니다. 보습력이 좋습니다.,제형,제형이 부드럽고,1,[속성] 제형 [문장] 제형이 부드럽고,,제형,unchanged
train,216869,쇼핑몰,스킨케어,OO 스** 기초 스페셜 슬림구성,제형이 쫀쫀하고 촉촉하니 좋아요,제형,제형이 쫀쫀하고,1,[속성] 제형 [문장] 제형이 쫀쫀하고,,제형,unchanged
train,216963,쇼핑몰,스킨케어,OO 스** 기초 스페셜 슬림구성,"지인이 리리코스 앰플 써보라고 줘서 사용했더니 제형이 쫀쫀하고 피부에 잘 스며들고 좋아서 마침 스킨,로숀이 필요한데 때마침 방송을 해서 저렴한 가격으로 구입하게 되었어요",제형,제형이 쫀쫀하고,1,[속성] 제형 [문장] 제형이 쫀쫀하고,,제형,unchanged
train,234000,쇼핑몰,스킨케어,OO 주름관리 멀티밤 더블세트(멀티밤4+미스트앰플2+오일2),주름 관리하려고 샀는데 효과는 아직 모르겠습니다. 귀찮아서 관리 못했는데 꾸준히 사용해보고 주름개선 효과가 있기를 바라네요.,기능/효과,효과는 아직 모르겠습니다.,0,[속성] 기능/효과 [문장] 효과는 아직 모르겠습니다.,,기능/효과,unchanged
train,234009,쇼핑몰,스킨케어,OO 주름관리 멀티밤 더블세트(멀티밤4+미스트앰플2+오일2),촉촉하게 피부에 스며들어 재구매 했어요,보습력/수분감,촉촉하게,1,[속성] 보습력/수분감 [문장] 촉촉하게,,보습력/수분감,unchanged
train,234062,쇼핑몰,스킨케어,OO 주름관리 멀티밤 더블세트(멀티밤4+미스트앰플2+오일2),동생에게선물도하고 지금쓰고있는데향도은은하고촉촉함도오래가고너무맘에들어요 빨리없어저서속쌍해요,지속력/유지력,오래가고,1,[속성] 지속력/유지력 [문장] 오래가고,,지속력,merged_duplicate_label
train,234224,쇼핑몰,스킨케어,OO 주름관리 멀티밤 더블세트(멀티밤4+미스트앰플2+오일2),친구가 추천해 줘서 구매했는데 써보니 촉촉한지 잘 모르겠어요. 유분기가 있고 번들거리고 끈적이네요. 재구매 의사는 없네요.,보습력/수분감,유분기가 있고,-1,[속성] 보습력/수분감 [문장] 유분기가 있고,,보습력/수분감,unchanged
train,234309,쇼핑몰,스킨케어,OO 주름관리 멀티밤 더블세트(멀티밤4+미스트앰플2+오일2),"엄마도 써보고 싶다고 하고 티비에도 너무 많이 나오길래 호기심에 구매했습니다. 다른 곳보다 저렴한것 같아서요. 배송은 주문 다음날 도착했어요! 처음 써본 소감으로는, 촉촉하게 슥슥 잘 발리고 지속력도 좋은것 같아요. 지성피부인 탓인가, 번들거리고 살짝 가렵기도 한데 익숙하지 않은탓 같아요. 워낙 평소 얼굴에 잘 안바르고 다녀서.. 이제부터 열심히 바를껀데 효과가 좋았음 좋겠습니다!",보습력/수분감,촉촉하게,1,[속성] 보습력/수분감 [문장] 촉촉하게,,보습력/수분감,unchanged
train,234371,쇼핑몰,스킨케어,OO 주름관리 멀티밤 더블세트(멀티밤4+미스트앰플2+오일2),"겨울이라 피부가 푸석푸석, 늘 신경쓰였는데 한번 바르고 나니 촉촉하게 윤기가 좌르르~~~넘 조아 남편과 아들, 딸 각각 하나씩 나누어 바르기로 햇답니다. 가히 멀티밤 넘 좋아요^^♡♡♡",보습력/수분감,촉촉하게,1,[속성] 보습력/수분감 [문장] 촉촉하게,,보습력/수분감,unchanged
train,234390,쇼핑몰,스킨케어,OO 주름관리 멀티밤 더블세트(멀티밤4+미스트앰플2+오일2),건조한 요즘 보습이 잘 되는것 같아요 촉촉하게 잘 발려요 땡기지 않아 좋습니다,보습력/수분감,촉촉하게,1,[속성] 보습력/수분감 [문장] 촉촉하게,,보습력/수분감,unchanged
train,234461,쇼핑몰,스킨케어,OO 주름관리 멀티밤 더블세트(멀티밤4+미스트앰플2+오일2),꾸준히 사용하는 제품인데 주름에 효과를 많이 본것 같지 않아요. 특히 목주름이 많이 신경 쓰였는데 효과는 잘 모르겠네요. 구성이 많았으면 하는 아쉬움이 있습니다.,기능/효과,효과는 잘 모르겠네요.,0,[속성] 기능/효과 [문장] 효과는 잘 모르겠네요.,,기능/효과,unchanged
train,234577,쇼핑몰,스킨케어,OO 주름관리 멀티밤 더블세트(멀티밤4+미스트앰플2+오일2),너무 써보고 싶었는데 가격이 비싸서 아쉽습니다. 날이 추워지고나서 입 주변이 당기고 건조해지네요. 건조할때마다 OOO 멀티밤 있음 좋겠다 생각했는데 드디어 구매했어요. 구성이 적어 나눠 쓰기에게 부족합니다.,가격,가격이 비싸서,-1,[속성] 가격 [문장] 가격이 비싸서,,가격,unchanged
train,234678,쇼핑몰,스킨케어,OO 주름관리 멀티밤 더블세트(멀티밤4+미스트앰플2+오일2),입술에바르면 보습도오래가고 목주름이펴지는게 눈에보이니까 이걸 안살수가없더라구요..단품으로 구매해서 사용하다 세트구매합니다 다른쇼핑몰보다 이곳에서 더 좋은가격에 저렴하게 구매한거같아요..잘사용할께요^^,지속력/유지력,오래가고,1,[속성] 지속력/유지력 [문장] 오래가고,,지속력,merged_duplicate_label
train,234683,쇼핑몰,스킨케어,OO 주름관리 멀티밤 더블세트(멀티밤4+미스트앰플2+오일2),홈쇼핑에서 나올 때 사고 싶었는데 비싸기도 하고 피부가 예민해서 부담이 되었습니다. 지인이 OO에서 구입하고 좋다고 해서 이번에 구입하게 되었습니다. 근데 가격이 비싸서 살짝 후회했습니다. 피부가 건조하고 팔자 주름이 너무 깊어 보여서 고민이었는데 OOO쓰고 나서도 피부에 윤이 나지는 않습니다. 추천은 안 합니다. 남은 거는 연말에 가족 줄 생각입니다. 비싼 가격에 효과는 별로 없네요.,가격,가격이 비싸서,-1,[속성] 가격 [문장] 가격이 비싸서,,가격,unchanged
train,234794,쇼핑몰,스킨케어,OO 주름관리 멀티밤 더블세트(멀티밤4+미스트앰플2+오일2),"드라마 연예인들이 살짝살짝 사용하는 모습보고 광고하길래 바로 구매했는데, 제형이 부드럽고 발림성, 사용감좋구 간편하고 무엇보다 바르자마자 보습과 탄력이 즉각적으로 ㅋㅋ^^ 남편하고같이 사용하려고 샀고 애용할듯합니다.",제형,제형이 부드럽고,1,[속성] 제형 [문장] 제형이 부드럽고,,제형,unchanged
train,234876,쇼핑몰,스킨케어,OO 주름관리 멀티밤 더블세트(멀티밤4+미스트앰플2+오일2),너무좋아요 제형이 부드럽고 매끈하게 잘 발리고요 보습 효과가 뛰어납니다 다음에 또 구입 할래요 지인에게 추천합니다,제형,제형이 부드럽고,1,[속성] 제형 [문장] 제형이 부드럽고,,제형,unchanged
train,234910,쇼핑몰,스킨케어,OO 주름관리 멀티밤 더블세트(멀티밤4+미스트앰플2+오일2),촉촉함이 오래가고 메이크업전에 미스트뿌리고 파데 바르니 물광효과나요.,지속력/유지력,오래가고,1,[속성] 지속력/유지력 [문장] 오래가고,,지속력,merged_duplicate_label
train,235097,쇼핑몰,스킨케어,OO 주름관리 멀티밤 더블세트(멀티밤4+미스트앰플2+오일2),60세 이 나이에도 목 주름 때문에 걱정이 많았는데 OOO도 주름개선에 효과가 덜 하네요. 앞으로 효과를 기대하면서 더 써볼게요. 제형이 묽어서 바르기 불편합니다.,제형,제형이 묽어서,0,[속성] 제형 [문장] 제형이 묽어서,,제형,unchanged
train,235112,쇼핑몰,스킨케어,OO 주름관리 멀티밤 더블세트(멀티밤4+미스트앰플2+오일2),제가 먼저 사용하고 있었는데 엄마가 제 얼굴을 보더니 피부가 깨끗해지지는 않았다고 하네요. 효과는 잘 모르겠어요. OOO 멀티밤 쓰고 하룻밤 바르고 일어나니 얼굴의 촉촉함이 덜하고 번들거립니다. 효과 기대하며 조금 더 써볼게요.,흡수력,번들거립니다.,-1,[속성] 흡수력 [문장] 번들거립니다.,,흡수력,unchanged
train,235277,쇼핑몰,스킨케어,OO 주름관리 멀티밤 더블세트(멀티밤4+미스트앰플2+오일2),"눈가가 건조해서 찾던중 괜찮은 제품이 있다고 해서 구매했어요. 마침 시어머니도 사고 싶어하길래 얼른 주문 했습니다. 한번 발라봤는데, 유분이 많아서 그런지 뭉치고, 기름져보여요.",보습력/수분감,유분이 많아서,-1,[속성] 보습력/수분감 [문장] 유분이 많아서,,보습력/수분감,unchanged
train,235407,쇼핑몰,스킨케어,OO 주름관리 멀티밤 더블세트(멀티밤4+미스트앰플2+오일2),지인들이이제품써보니너무좋다고해서평소에마스크를하니자주입주위가당겨서나도한번써볼까하던찰라에마침방송하길래망설임없이샀네요 촉촉하게스며드는게너무너무맘에듭니다내일출근해서동료들에게꼭추천해주고싶어요잘선택한거같아요번창하세요^^,보습력/수분감,촉촉하게,1,[속성] 보습력/수분감 [문장] 촉촉하게,,보습력/수분감,unchanged
train,235538,쇼핑몰,스킨케어,OO 주름관리 멀티밤 더블세트(멀티밤4+미스트앰플2+오일2),"엄마가 전국민이 쓴다고하셔서 방송보고 구매했어요. 처음쓰는데 촉촉하게 건조한부위에 좋았고 예민피부라 트러블 걱정했는데 괜찮네요. 비슷한 바비땡땡 밤과 제형차이는있지만 가성비따지면 매우 만족스럽네요, 방송상품이 구성도 넉넉하고 올 겨울 잘 쓸것같아요.",보습력/수분감,촉촉하게,1,[속성] 보습력/수분감 [문장] 촉촉하게,,보습력/수분감,unchanged
train,235566,쇼핑몰,스킨케어,OO 주름관리 멀티밤 더블세트(멀티밤4+미스트앰플2+오일2),촉촉하게 잘발려서 좋네요,보습력/수분감,촉촉하게,1,[속성] 보습력/수분감 [문장] 촉촉하게,,보습력/수분감,unchanged
train,235793,쇼핑몰,스킨케어,OO 주름관리 멀티밤 더블세트(멀티밤4+미스트앰플2+오일2),지인의 추천으로 사용해보고 재구매 했어요~~ 제형이 부드럽고 잘 발리고 촉촉해요~~ 앞으로도 지속적으로 사용 예정입니다~,제형,제형이 부드럽고,1,[속성] 제형 [문장] 제형이 부드럽고,,제형,unchanged
train,235795,쇼핑몰,스킨케어,OO 주름관리 멀티밤 더블세트(멀티밤4+미스트앰플2+오일2),ㅇㅇ멀티밤 사용 해보고 있습니다. 사용해 보니 제형이 끈끈해서 펴 바르기가 불편합니다. 유분이 많아서 산뜻한 느낌이 없습니다.,보습력/수분감,유분이 많아서,-1,[속성] 보습력/수분감 [문장] 유분이 많아서,,보습력/수분감,unchanged
train,235886,쇼핑몰,스킨케어,OO 주름관리 멀티밤 더블세트(멀티밤4+미스트앰플2+오일2),엄마가 입술 위(치아가 없어 주름진곳)에 발라 보시고 효과가 있으니 더 주문해 달라고 하시는데 정말 효과가 있었으면 좋겠네요. 제가 보기에는 아직 효과를 잘 모르겠어요.,기능/효과,아직 효과를 잘 모르겠어요.,-1,[속성] 기능/효과 [문장] 아직 효과를 잘 모르겠어요.,,기능/효과,unchanged
train,235969,쇼핑몰,스킨케어,OO 주름관리 멀티밤 더블세트(멀티밤4+미스트앰플2+오일2),피부관리가 되는지 효과는 미심쩍지만 휴대하기는 좋네요. 유분감이 많고 향이 진해서 요즘 날씨에는 살짝 무거운 느낌이에요.,향,향이 진해서,-1,[속성] 향 [문장] 향이 진해서,,향,unchanged
train,236078,쇼핑몰,스킨케어,OO 주름관리 멀티밤 기본세트(멀티밤2+미스트앰플1+오일1),잘받았어요. 바르고 나면 촉촉함이 오래가고 너무 잘쓰고 있어요.,지속력/유지력,오래가고,1,[속성] 지속력/유지력 [문장] 오래가고,,지속력,merged_duplicate_label
train,236282,쇼핑몰,스킨케어,OO 주름관리 멀티밤 기본세트(멀티밤2+미스트1+오일1)+쇼핑백1,"가격이 비싸서 살까 말까 만날 고민하고 있는 저를 위해 딸이 사 주었는데, 고민한 시간이 아까울 만큼 너무 좋고 효과도 기대가 되네요. 다 쓰면 바로 재구매할 예정입니다.",가격,가격이 비싸서,-1,[속성] 가격 [문장] 가격이 비싸서,,가격,unchanged
train,236417,쇼핑몰,스킨케어,OO 주름관리 멀티밤 기본세트(멀티밤2+미스트1+오일1)+쇼핑백1,언니가 먼저 써보고 제가 구매했습니다. 목주름 관리가 안되고 제형이 묽어서 바르기 불편합니다. 구성도 너무 적어서 아쉽네요. 재구매는 안할 것 같아요.,제형,제형이 묽어서,0,[속성] 제형 [문장] 제형이 묽어서,,제형,unchanged
train,236494,쇼핑몰,스킨케어,OO 주름관리 멀티밤 기본세트(멀티밤2+미스트1+오일1)+쇼핑백1,건조한 날씨에 주름이 보여서 구매했습니다. 생각보다 바르기 불편하네요. 아직 오래 써보지 않아서 효과는 아직 잘 모르겠습니다.,기능/효과,효과는 아직 잘 모르겠습니다.,0,[속성] 기능/효과 [문장] 효과는 아직 잘 모르겠습니다.,,기능/효과,unchanged
train,236527,쇼핑몰,스킨케어,OO 주름관리 멀티밤 기본세트(멀티밤2+미스트1+오일1)+쇼핑백1,연말에 지인에게 선물 받아서 사용했습니다. 40대인데 주름이 많습니다. 사용해봤는데 주름이 옅어진 것 같지는 않습니다. 구성품인 엠플이랑 미스트는 아직 사용하지 않아 효과는 모르겠습니다.,기능/효과,효과는 모르겠습니다.,0,[속성] 기능/효과 [문장] 효과는 모르겠습니다.,,기능/효과,unchanged
train,236682,쇼핑몰,스킨케어,OO 주름관리 멀티밤 기본세트(멀티밤2+미스트1+오일1)+쇼핑백1,가족과 함께 사용하려고 주문했는데 구성이 아쉽고 휴대하기 불편합니다. 생각보다 스틱 용량이 너무 작습니다. 재주문은 없을 것 같습니다. 일단 목에 바르고 있긴 한데 효과는 아직 잘 모르겠습니다.,기능/효과,효과는 아직 잘 모르겠습니다.,0,[속성] 기능/효과 [문장] 효과는 아직 잘 모르겠습니다.,,기능/효과,unchanged
train,236696,쇼핑몰,스킨케어,OO 주름관리 멀티밤 기본세트(멀티밤2+미스트1+오일1)+쇼핑백1,요즘같이 춥고 건조한 겨울에 딱 좋은거 같아요!!! 제형이 부드럽고 촉촉하고 좋네요 사은품으로 멀티밤 1개더 준다고 하니... 잘 사용할께요,제형,제형이 부드럽고,1,[속성] 제형 [문장] 제형이 부드럽고,,제형,unchanged
train,236753,쇼핑몰,스킨케어,OO 주름관리 멀티밤 기본세트(멀티밤2+미스트1+오일1)+쇼핑백1,주위에서 많이 사용한다고 해서 구매했습니다. 단품으로 사도 가격이 비싼데 여러 개 사도 가격이 비싸서 그냥 구입했습니다. 비싼 가격에 사용했는데 품질이 좋지 않습니다. 촉촉하지 않고 광고와 너무 다릅니다.,가격,가격이 비싸서,-1,[속성] 가격 [문장] 가격이 비싸서,,가격,unchanged
train,237169,쇼핑몰,스킨케어,OO 주름관리 멀티밤 더블세트(멀티밤4+미스트2+오일2)+쇼핑백2,잘받았어요 엄마가써보고싶어하셔서 삿는데 저도너무좋네요 촉촉하게잘발리고 편하게 어디든바를수있고 휴대도너무간편하니 손이가요손이가 주름없이살게도움됩니다ㅎㅎㅎ 감사합니다,보습력/수분감,촉촉하게,1,[속성] 보습력/수분감 [문장] 촉촉하게,,보습력/수분감,unchanged
train,237327,쇼핑몰,스킨케어,OO 주름관리 멀티밤 더블세트(멀티밤4+미스트2+오일2)+쇼핑백2,"살까말까 고민하던중 홈쇼핑을 같이보던 7살 딸래미가 ""엄마도 저거 바르고 예뻐져야지~!!""하는 말에 결심하고 구매했어요!!! 처음에는 꾸덕한 느낌이 있는데 시간이 지나니 촉촉하게 스며드는 느낌이에요~~ 가히밤 꾸준히 바르고 예쁜 엄마되도록 노력할게요❤",보습력/수분감,촉촉하게,1,[속성] 보습력/수분감 [문장] 촉촉하게,,보습력/수분감,unchanged
train,237393,쇼핑몰,스킨케어,OO 주름관리 멀티밤 더블세트(멀티밤4+미스트2+오일2)+쇼핑백2,지인이 바르고 좋다고 해서 비싸지만 구매했습니다. 마스크를 자주 써서 피부 상태가 안 좋았습니다. 주름이 생긴 곳에 꾸준히 발랐는데 효과는 아직 잘 모르겠습니다.,기능/효과,효과는 아직 잘 모르겠습니다.,0,[속성] 기능/효과 [문장] 효과는 아직 잘 모르겠습니다.,,기능/효과,unchanged
train,237644,쇼핑몰,스킨케어,OO 주름관리 멀티밤 더블세트(멀티밤4+미스트2+오일2)+쇼핑백2,"제품 받고 남편부터 테스트 ^^ 눈가,이마에 많았던 주름이 사라지고 촉촉하게 광이나네요 악건성에 얼굴 전체적으로 주름 많은 제 얼굴에도 쓱쓱 정말 신기해요 역시~가희네요 꾸준히 써보고 제구매 해야할것 같아요",보습력/수분감,촉촉하게,1,[속성] 보습력/수분감 [문장] 촉촉하게,,보습력/수분감,unchanged
train,237666,쇼핑몰,스킨케어,OO 주름관리 멀티밤 더블세트(멀티밤4+미스트2+오일2)+쇼핑백2,생일 선물로 받아서 처음으로 써보고 있습니다. ㅇㅇ가 제 얼굴에 촉촉하게 발리지 않아요. 그래서 신랑이 사용한다고 해서 줬어요. 신랑 주름진 얼굴에 효과가 있으면 좋겠습니다.,보습력/수분감,촉촉하게,-1,[속성] 보습력/수분감 [문장] 촉촉하게,,보습력/수분감,unchanged
train,237800,쇼핑몰,스킨케어,OO 주름관리 멀티밤 더블세트(멀티밤4+미스트2+오일2)+쇼핑백2,촉촉하게 잘스며드네요,보습력/수분감,촉촉하게,1,[속성] 보습력/수분감 [문장] 촉촉하게,,보습력/수분감,unchanged
train,238176,쇼핑몰,스킨케어,OO 주름관리 멀티밤 더블세트(멀티밤4+미스트2+오일2)+쇼핑백2,유명해 보여서 주문했는데 사용하기가 불편합니다. 묽은 제형이라 바르기에 불편하고 구성도 아쉽고 가격도 별로입니다.,제형,묽은 제형이라,0,[속성] 제형 [문장] 묽은 제형이라,,제형,unchanged
train,238271,쇼핑몰,스킨케어,OO 주름관리 멀티밤 더블세트(멀티밤4+미스트2+오일2)+쇼핑백2,"저는 남성인데 아내가 좋다고 써보라고해서 반신반의하면서 사용하고 있는데 촉촉함이 오래가고 피부가 땡겨지는 느낌이 참 좋네요, 아내도 바람나겠다고 놀리네요^.^~, 차후 구매계회이 있다면 가희를 구매하고 싶고, 남성에게도 추천합니다~~",지속력/유지력,오래가고,1,[속성] 지속력/유지력 [문장] 오래가고,,지속력,merged_duplicate_label
train,238343,쇼핑몰,스킨케어,OO 주름관리 멀티밤 더블세트(멀티밤4+미스트2+오일2)+쇼핑백2,더블세트 구매했습니다! 각종 매체를 통해 많이 접해서 궁금했는데 방송 보고 바로 구매했네요. 촉촉하게 잘 발라지네요. 고급진 성분의 오일을 쓴거 같은 느낌이며 입술이 항상 텃는데 이거 쓰고 수분감이 많이 좋아졌네요. 목주름이랑 팔자가 심했는데 바르고 조금 덜 보이는거 같습니다. 다음에 또 구매 하도록 하겠습니다!,보습력/수분감,촉촉하게,1,[속성] 보습력/수분감 [문장] 촉촉하게,,보습력/수분감,unchanged
train,238426,쇼핑몰,스킨케어,OO 주름관리 멀티밤 더블세트(멀티밤4+미스트2+오일2)+쇼핑백2,항상 눈여겨 보고 있었습니다. 가격이 비싸서 벼르기만 하다가 이번에 구성이 좋아 구입했네요. 효과가 좋길 바랍니다.,가격,가격이 비싸서,-1,[속성] 가격 [문장] 가격이 비싸서,,가격,unchanged
train,238593,쇼핑몰,스킨케어,OO 주름관리 멀티밤 더블세트(멀티밤4+미스트2+오일2)+쇼핑백2,"예전부터 사고 싶었는데 채널 돌리다가 구성이 괜찮아 보여서 주문했습니다. 구성이 반으로 딱 나눌 수 있어서 좋습니다. 반은 저 쓰고 반은 엄마에게 선물해 드렸네요. 발라보니, 지성 피부인데 유분이 많은지 기름져서 저와는 안 맞는 제품이네요. 피부가 번들거립니다.",흡수력,번들거립니다.,-1,[속성] 흡수력 [문장] 번들거립니다.,,흡수력,unchanged
train,238616,쇼핑몰,스킨케어,OO 주름관리 멀티밤 더블세트(멀티밤4+미스트2+오일2)+쇼핑백2,"광고에서 보고 살까 말까 고민하다가 구매했어요. 제형이 묽어 바르면 덩어리져서, 쓰기가 좀 불편하네요. 사용 후에는 피부가 가려워져요. 예민한 피부에는 잘 안 맞는 듯하네요.",제형,제형이 묽어,0,[속성] 제형 [문장] 제형이 묽어,,제형,unchanged
train,238786,쇼핑몰,스킨케어,OO 주름관리 멀티밤 더블세트(멀티밤4+미스트2+오일2)+쇼핑백2,항상 구매하는 제품입니다. 촉촉하게 손을 뭍을일 없이 편하게 바를 수 있는 큰 장점이 있어요. 솔직히 주름개선이나 그런부분들에 대해서는 눈에 띄일 정도는 아니지만 꾸준히 바르면 좋아질 기대감으로 열심히 사용하고 있습니다. 여러모로 만족하여 몇번째 재구매인지 모르겠어요.,보습력/수분감,촉촉하게,1,[속성] 보습력/수분감 [문장] 촉촉하게,,보습력/수분감,unchanged
train,238916,쇼핑몰,스킨케어,OO 주름관리 멀티밤 더블세트(멀티밤4+미스트2+오일2)+쇼핑백2,"방송을 보고 주문했어요. 물건 도착하자마자 개봉해서 사용했는데, 제형이 쫀득쫀득해서 바를 때 잘 펴지지 않아 바르기 쉽지 않아요. 사용 후 피부는 끈적이고 사용감이 답답한 느낌이에요. 탄력 개선 효과 좀 더 써보면 알 것 같아요.",제형,제형이 쫀득쫀득해서,0,[속성] 제형 [문장] 제형이 쫀득쫀득해서,,제형,unchanged
train,239024,쇼핑몰,스킨케어,OO 주름관리 멀티밤 더블세트(멀티밤4+미스트2+오일2)+쇼핑백2,써보니 좋아서 선물하려고 또 구매해요^^ 목주름에 적극적으로 발라봤는데 옅어지는 것 같아요~ 제형이 부드럽고 향도 좋아요.,제형,제형이 부드럽고,1,[속성] 제형 [문장] 제형이 부드럽고,,제형,unchanged
train,239105,쇼핑몰,스킨케어,OO 주름관리 멀티밤 더블세트(멀티밤4+미스트2+오일2)+쇼핑백2,평소에 너무 좋아서 만족하면서 쓰던 제품인데 마침 떨어져 갈때쯤 행사까니 해서 바로 구입했습니다~ 밤에 주문했는데 이틀만에 바로 배송오고 상품구성도 너무 좋아서 이번 기회에 더블로 구입했습니다ㅎㅎ 땅기는것도 거의 없고 촉촉하게 오래 유지되어서 앞으로 쭉 제품 사용하려고 합니다!! 주변에 적극 추천해줄정도라 믿고 쓰셔도 될거같습니다,보습력/수분감,촉촉하게,1,[속성] 보습력/수분감 [문장] 촉촉하게,,보습력/수분감,unchanged
train,239130,쇼핑몰,스킨케어,OO 주름관리 멀티밤 더블세트(멀티밤4+미스트2+오일2)+쇼핑백2,구성이 적어 아쉽네요. 그동안 얘기만들어서 눈여겨 봤었는데 설에 저에게 선물했어요 팩을 자주 하는편인데 피곤한날 팩대용으로 슥슥 바르기에는 제형이 묽어서 바르기에 불편합니다.,제형,제형이 묽어서,0,[속성] 제형 [문장] 제형이 묽어서,,제형,unchanged
train,217473,쇼핑몰,스킨케어,OO 항** 기초세트 탄력기초 ,촉촉하게 피부에 스며들며 피부톤도 화사하고 밝게 표현되네요 건조피부라 늘 신경쓰는데 넘 잘쓸것같아요,보습력/수분감,촉촉하게,1,[속성] 보습력/수분감 [문장] 촉촉하게,,보습력/수분감,unchanged
train,217710,쇼핑몰,스킨케어,OO 송** 탄력기초 전구성 더블세트,엄마 선물로사드렷어요.제형이 쫀쫀하고 넘좋다고하시네요 효과 기대하겠습니다. 예전에 썻다가 방송하니까 바로 주문햇지요 많이파세요,제형,제형이 쫀쫀하고,1,[속성] 제형 [문장] 제형이 쫀쫀하고,,제형,unchanged
train,217758,쇼핑몰,스킨케어,OO 송** 탄력기초 전구성 더블세트,어머님이랑 둘이 한세트씩 나눠쓰네요 ㅎㅎ 두세트씩 주니까 푸짐하고 좋네용 ㅎ 촉촉하게 금방 스며들어요^^ 잘 쓸께요 ㅎ,보습력/수분감,촉촉하게,1,[속성] 보습력/수분감 [문장] 촉촉하게,,보습력/수분감,unchanged
train,239225,쇼핑몰,스킨케어,OO 주름관리 멀티밤 더블세트(멀티밤4+미스트2+오일2)+쇼핑백2,바르면 물광피부가 되지 않고 피부가 당기고 건조한 느낌이 듭니다. 묽은 제형이라 바르기에 편하지 않네요.주름이 사라지지는 않는거 같고 앞으로 효과 좋기를 기대하면서 써 볼게요.,제형,묽은 제형이라,0,[속성] 제형 [문장] 묽은 제형이라,,제형,unchanged
train,239285,쇼핑몰,스킨케어,OO 주름관리 멀티밤 더블세트(멀티밤4+미스트2+오일2)+쇼핑백2,타 쇼핑몰에서 구매 후 사용했는데 촉촉함도 오래가고 건조 하지 않아서 너무 좋아서 재구매 했는데 잘 사용할께요,지속력/유지력,오래가고,1,[속성] 지속력/유지력 [문장] 오래가고,,지속력,merged_duplicate_label
train,239634,쇼핑몰,스킨케어,OO 주름관리 멀티밤 더블세트(멀티밤4+미스트2+오일2)+쇼핑백2,완전 촉촉하고 제형이 쫀쫀해서 다 스며들고나면 피부가 채워진 느낌이에요. 재구매의향 있어요,제형,제형이 쫀쫀해서,1,[속성] 제형 [문장] 제형이 쫀쫀해서,,제형,unchanged
train,239957,쇼핑몰,스킨케어,OO 여** 선스틱 4+5 구성,여름 휴가를 대비하여 아이들과 함께 바를 제품을 검색하다가 후기가 많아서 가격은 비싸지만 구매했어요. 생각보다 용량이 작아 넉넉하게 사용하지는 못하겠네요. 자외선 차단 효과는 아직 잘 모르겠고 유분기가 있어서 여름에는 사용하기 힘들 것 같아요.,보습력/수분감,유분기가 있어서,0,[속성] 보습력/수분감 [문장] 유분기가 있어서,,보습력/수분감,unchanged
train,240088,쇼핑몰,스킨케어,OO 마** 크림 시즌3 79,동국 마데카크림재구매했어요 촉촉하게 수분및광택을 잡아주고 이 크림 하나로 기초화장 모두 해결되어 정말 간편하고 좋아 강추입니다,보습력/수분감,촉촉하게,1,[속성] 보습력/수분감 [문장] 촉촉하게,,보습력/수분감,unchanged
train,240241,쇼핑몰,스킨케어,OO 더** 아이크림 40mlx4개,가격이 비싸서 가성비가 없는 제품입니다. 용량이 작아 몸 전체에 바를 수 없어요. 주름개선효과도 아직은 잘 모르겠고 향도 아쉽습니다.,가격,가격이 비싸서,-1,[속성] 가격 [문장] 가격이 비싸서,,가격,unchanged
train,240408,쇼핑몰,스킨케어,OO 화** 크림 특별구성,제형이 쫀득하니 건성피부에 좋아요.향도 상큼하네요.,제형,제형이 쫀득하니,1,[속성] 제형 [문장] 제형이 쫀득하니,,제형,unchanged
train,240423,쇼핑몰,스킨케어,OO 화** 크림 특별구성,많이 큰적이지도 않고 촉촉하게 스며드는 느낌도 좋고 꾸준히 바르다보면 색소 기미많읏 제 피부가 환해질것 같네요!!,보습력/수분감,촉촉하게,1,[속성] 보습력/수분감 [문장] 촉촉하게,,보습력/수분감,unchanged
train,240428,쇼핑몰,스킨케어,OO 화** 크림 특별구성,처음 구매한 기미크림인데 정말 좋네요~ 제형이 쫀득하니 얼굴에 착 감기는 느낌도 좋고 향도 괜찮네요~ 강추!,제형,제형이 쫀득하니,1,[속성] 제형 [문장] 제형이 쫀득하니,,제형,unchanged
train,240834,쇼핑몰,스킨케어,OO 센** 크림 시즌3(50ml*4개),피부과에서 재생크림으로 마데카를 권한다하여 주문해봤는데 정말좋은거같아요 수분감도 좋고 오래가고 피부가 쫀쫀해졌어요,지속력/유지력,오래가고,1,[속성] 지속력/유지력 [문장] 오래가고,,지속력,merged_duplicate_label
train,241470,쇼핑몰,스킨케어,OO 크림 2주 체험킷(1ml*14개),일단 촉촉하게 잘 흡수되는거 같아요 향도 괜찮아요,보습력/수분감,촉촉하게,1,[속성] 보습력/수분감 [문장] 촉촉하게,,보습력/수분감,unchanged
train,241824,쇼핑몰,스킨케어,OO 마** 크림 9개+파워앰플+무체1,혼자 사용하기에는 용량이 너무 많습니다. 유분이 많아 피부가 번들거려서 얼굴에 트러블이 생깁니다. 그렇다고 피부가 엄청 촉촉하지도 않습니다.,보습력/수분감,유분이 많아,-1,[속성] 보습력/수분감 [문장] 유분이 많아,,보습력/수분감,unchanged
train,242067,쇼핑몰,스킨케어,OO 마** 딥클렌징폼 150g 3입,제형이 부드럽고 사용감 좋아 만족함.,제형,제형이 부드럽고,1,[속성] 제형 [문장] 제형이 부드럽고,,제형,unchanged
train,243183,쇼핑몰,스킨케어,OO 석고 마스크팩 5박스+ 광채앰플 추가,한 번 써 봤는데 아직 효과를 잘 모르겠어요. 효과 있었으면 좋겠어요.,기능/효과,아직 효과를 잘 모르겠어요.,0,[속성] 기능/효과 [문장] 아직 효과를 잘 모르겠어요.,,기능/효과,unchanged
train,243196,쇼핑몰,스킨케어,OO 마** 마스크팩 최다구성세트 ,어제 받아서 샘풀 하루 써봫는데 향도 진하지 않고 특별한 부작용은 없네요ㅡ,향,향도 진하지 않고,1,[속성] 향 [문장] 향도 진하지 않고,,향,unchanged
train,218282,쇼핑몰,스킨케어,OO 희** 콜라겐 기초세트,30대에 참존으로 관리했는데 다시 관리를 시작하는데 스킨향도 좋고 에센스는 쑥향이 처음에 진했지만 제형이 쫀쫀하고 모든제품이 흡수력도 좋고 겉돌지 않아 좋아요,제형,제형이 쫀쫀하고,1,[속성] 제형 [문장] 제형이 쫀쫀하고,,제형,unchanged
train,248698,쇼핑몰,스킨케어,OO 주름관리 멀티밤 더블세트(멀티밤4+미스트2+오일2)+쇼핑백2,잔주름이 심해져서 사용해보려고 구입했어요 간편하게 사용하기좋고 일단 촉촉하게 쫀쫀하게 얼굴을 잡아주니까 당김은 없이 탄력이 생기는듯요,보습력/수분감,촉촉하게,1,[속성] 보습력/수분감 [문장] 촉촉하게,,보습력/수분감,unchanged
train,249002,쇼핑몰,스킨케어,OO 마** 크림 11통+앰플 2개 +멜** 앰플 2개 ,쇼핑지원금 혜택 받아서 구매했어요. 제형이 쫀득하니 바르면 끈적거립니다. 기미에 효과가 있는지 아직은 잘 모르겠으나 계속 사용해 볼께요.,제형,제형이 쫀득하니,0,[속성] 제형 [문장] 제형이 쫀득하니,,제형,unchanged
train,249195,쇼핑몰,스킨케어,OO 기미관리 멀티밤 기본세트,기미밤은 수분감없이 매트합니다 아쿠아밤으로 수분감및 자외선차단도 하라고 하는데요 합쳐서 하나로 만들수는 없는걸까요 여러번 겹쳐 바르려니 흡수력이 부담되고 화장도 밀려 나옵니다,보습력/수분감,매트합니다,-1,[속성] 보습력/수분감 [문장] 매트합니다,,보습력/수분감,unchanged
train,249303,쇼핑몰,스킨케어,OO 기미관리 멀티밤 기본세트,기대하고 구매했습니다 제형이 부드럽고 잘 발리고 사용감이 좋으네요 효과도 좋길 기대합니다,제형,제형이 부드럽고,1,[속성] 제형 [문장] 제형이 부드럽고,,제형,unchanged
train,249531,쇼핑몰,스킨케어,OO 큐** 알로에 기초 8종 세트,제형이 부드럽고 품질이 좋습니다,제형,제형이 부드럽고,1,[속성] 제형 [문장] 제형이 부드럽고,,제형,unchanged
train,249906,쇼핑몰,스킨케어,OO 링클스틱 6개+리프팅 크림 1개+스틱1개,링클스틱 받자 마자 써보았는데요ᆢ 피부에 촉촉하게 스며들고 광택감도 있고 향도 은은하고 제형의 터치감이 아주 부드럽네요 ᆢ 주름의 골진 부분이 커버 되는것 같아 만족합니다 앞으로도 꾸준히 잘 사용할것 같아요ᆢ 퀄리티있는 링클크림 감사합니다!,보습력/수분감,촉촉하게,1,[속성] 보습력/수분감 [문장] 촉촉하게,,보습력/수분감,unchanged
train,249955,쇼핑몰,스킨케어,OO 링클스틱 6개+리프팅 크림 1개+스틱1개,"원래 쓰던 동국제약 앰플이랑 향이 똑같아요 피부가 너무 건조해서 샀는데, 잠깐 발랐는데 발림성 좋고 유분이 많아 효과가 있단 생각이 드네요!!",보습력/수분감,유분이 많아,1,[속성] 보습력/수분감 [문장] 유분이 많아,,보습력/수분감,unchanged
train,249963,쇼핑몰,스킨케어,OO 주름관리 멀티밤 더블세트(멀티밤4+미스트2+오일2)+쇼핑백2,지인이 좋다고 해서 저도 주문했어요. 받아보자마자 바로 얼굴에 발랐더니 유분이 과해서 얼굴이 번들거려요.,흡수력,번들거려요,-1,[속성] 흡수력 [문장] 번들거려요,,흡수력,unchanged
train,250041,쇼핑몰,스킨케어,OO 주름관리 멀티밤 더블세트(멀티밤4+미스트2+오일2)+쇼핑백2,ㅇㅇ를 묶음으로 사면 가격이 저렴한 줄 알았는데 비싼 거였네요. 제품구성에 앰플 성분이 콜라겐이라는데 제형이 묽어요. 품질이 별로에요.,제형,제형이 묽어요,-1,[속성] 제형 [문장] 제형이 묽어요,,제형,unchanged
train,250097,쇼핑몰,스킨케어,OO 주름관리 멀티밤 더블세트(멀티밤4+미스트2+오일2)+쇼핑백2,부드럽게 스며들고 촉촉하게 잘 발리면서 피부결 개선에 도움이 되는거 같아요 한개써보고 엄마 선물도 드릴겸 같이 쓰니 더 조아요,보습력/수분감,촉촉하게,1,[속성] 보습력/수분감 [문장] 촉촉하게,,보습력/수분감,unchanged
train,250406,쇼핑몰,스킨케어,OO 주름관리 멀티밤 더블세트(멀티밤4+미스트2+오일2)+쇼핑백2,요즘 날씨가 너무 건조한데 이거 쓰고 보습효과와 촉촉함이 오래가고 피부가 건조 하지가 않아요 너무 만족합니다❤️,지속력/유지력,오래가고,1,[속성] 지속력/유지력 [문장] 오래가고,,지속력,merged_duplicate_label
train,250621,쇼핑몰,스킨케어,OO 주름관리 멀티밤 더블세트(멀티밤4+미스트2+오일2)+쇼핑백2,사용한지 6일째 요즘 핫한 제품이라 예뻐지고 젊어보이게 저도 구매했어요 택배파업으로 많이 기다렸지만 사길 잘한것 같아요 구매 첫날 저녁에 바르고 다음날 아침 얼굴색이 조금 다르다는걸 느꼈어요 화사하게 밝고 생기가 있어 보이는 피부 무엇보다 내얼굴이 예뻐 보이더라구요 ㅎㅎ 바를때 부드럽고 바른뒤 매끈 촉촉하게 화사해지는것 같아요 사용하기도 편하고 휴대하기도 좋아요 오일 마스트향도 좋아요 잘바를게요,보습력/수분감,촉촉하게,1,[속성] 보습력/수분감 [문장] 촉촉하게,,보습력/수분감,unchanged
train,252062,쇼핑몰,스킨케어,OO 보** 크림 50ml,예전에 홈쇼핑에서 한번 본 적 있는데 가격이 비싸서 못사다가 큰 맘 먹고 이번에 구매 해봤는데요 품질이 확실히 비싼 값은 하네요 ㅋㅋㅋㅋㅋ 주름 생기기전에 샀음 더 좋았을거 같기도 하고ㅠ 솔직히 효과가 있을까 했는데 꾸준히 쓰니까 주름이 좀 더 옅어지는 느낌? 영양크림 같이 제형이 좀 무거운 느낌이 들 수도 있는데 바르면 바로 스며들어요 신기 ㅋㅋ 엄마한테도 하나 사줘야될 거 같네요 ㅠ,가격,가격이 비싸서,-1,[속성] 가격 [문장] 가격이 비싸서,,가격,unchanged
train,252255,쇼핑몰,스킨케어,OO 탄력 에센셜 3종 기획세트(21)+쇼핑백,OOO는 제형이 부드럽고 은은한 향이 피부톤을 맑고 밝게해주는거 같습니다,제형,제형이 부드럽고,1,[속성] 제형 [문장] 제형이 부드럽고,,제형,unchanged
train,218579,쇼핑몰,스킨케어,OO 프** 콜라겐 기초세트 3+3+3 스페셜 패키지,받아서 바로사용했는데 제형이 부드럽고촉촉하고 아주좋아요 언니랑 친구랑 한세트씩나눠주고 저두 한세트사용중이에요~~저렴한가격에 딱필요한구성 아주맘에 들어요~~^^,제형,제형이 부드럽고,1,[속성] 제형 [문장] 제형이 부드럽고,,제형,unchanged
train,218676,쇼핑몰,스킨케어,OO 프** 콜라겐 기초세트 3+3+3 스페셜 패키지,처음 써보는데 제형이 부드럽고 촉촉하네요 3셋트나 되니 용량이 많아 한참 쓰겠어요 다 쓰고 또 구입 하려구요 가격 높여서 구성품으로 에센스 까지 있음 금상첨화 일듯요 많이 파세요 ㅇㅇ쇼핑 베스트중 베스트예요.,제형,제형이 부드럽고,1,[속성] 제형 [문장] 제형이 부드럽고,,제형,unchanged
train,252837,쇼핑몰,스킨케어,OO 보** 크림 50ml,사용감 넘 좋아요 끈적이지도 않구 촉촉하게 산뜻하게 마무리되네요 캡슐이 있어서 가볍게 롤링히면서 흡수 시켜주니까 넘 좋아요 가격대비 괜찮은듯! 이걸로 주름관리 하면 좋을거같네여 만족입니당,보습력/수분감,촉촉하게,1,[속성] 보습력/수분감 [문장] 촉촉하게,,보습력/수분감,unchanged
train,253036,쇼핑몰,스킨케어,OO 보** 크림 50ml,크림이지만 끈적하거나 너무 기름기 돌지 않고 촉촉하게 바로 스며들어 좋네요. 점점 피부에 탄력도 없고 주름이 깊어지는데 신소재 하이브리드 단백질 성분이 주름 관리에 도움이 된다니 기대됩니다. 꾸준히 사용해서 효과 좋으면 좋겠네요.,보습력/수분감,촉촉하게,1,[속성] 보습력/수분감 [문장] 촉촉하게,,보습력/수분감,unchanged
train,253089,쇼핑몰,스킨케어,OO 보** 크림 50ml,날씨가건조해서 피부가 푸석하고 윤기가없는거같아 와이프선물로샀어요 제형이 부드럽고 발림성좋고 피부자극없어서 좋다고하네요 끈적임없이 제형이 부드러워서 사용하기편하고 좋아합니다,제형,제형이 부드럽고,1,[속성] 제형 [문장] 제형이 부드럽고,,제형,unchanged
train,253133,쇼핑몰,스킨케어,OO 멜** 앰플 매니아구성,마스크 위로 진해지는 기미때문에 구매했습니다. 낮에는 에센스처럼 바르고 있는데 제형이 묽어서 바르기 불편하네요. 저녁에도 바르고 있는데 촉촉함이 덜합니다. 앞으로 효과가 있기를 기대해볼게요.,제형,제형이 묽어서,0,[속성] 제형 [문장] 제형이 묽어서,,제형,unchanged
train,253201,쇼핑몰,스킨케어,OO 주름관리 멀티밤 더블세트(멀티4+아쿠아2+미스트2+오일2)+쇼핑백2,언니한테 선물했어요. 선크림이 없어 구성이 별로네요. OOO 바르니 묽은 제형이라 사용하기 불편하고 촉촉함과 보습력도 부족해 아쉽습니다.,제형,묽은 제형이라,0,[속성] 제형 [문장] 묽은 제형이라,,제형,unchanged
train,253479,쇼핑몰,스킨케어,OO 주름관리 멀티밤 더블세트(멀티4+아쿠아2+미스트2+오일2)+쇼핑백2,건조할때 바르면 촉촉함이 부족하고 주름이 없어지는건 잘 모르겠어요. 앞으로 주름개선효과가 있기를 바라며 더 써 보겠습니다.,기능/효과,주름이 없어지는건 잘 모르겠어요.,0,[속성] 기능/효과 [문장] 주름이 없어지는건 잘 모르겠어요.,,기능/효과,unchanged
train,254071,쇼핑몰,스킨케어,OO 주름관리 멀티밤 기본세트(멀티2+아쿠아1+미스트1+오일1)+쇼핑백1,좋다고 해서 사봤는데 저한테는 맞지 않아요. 주름에 효과도 없고 유분이 많아서 번들거리네요. 어제 외출했는데 뚜껑이 자꾸 열려서 휴대하기 불편했습니다. 아쿠아밤도 효과가 없네요.,보습력/수분감,유분이 많아서,-1,[속성] 보습력/수분감 [문장] 유분이 많아서,,보습력/수분감,unchanged
train,254476,쇼핑몰,스킨케어,OO 보** 크림 50ml,촉촉하게 잘 스며드네여 마무리감도 끈적이지 않아서 좋아요! 제형 안에 알갱이가있어서 보습감도 더 좋네요 건조함도 잡아주고 사용감 만족^^,보습력/수분감,촉촉하게,1,[속성] 보습력/수분감 [문장] 촉촉하게,,보습력/수분감,unchanged
train,254483,쇼핑몰,스킨케어,OO 보** 크림 50ml,발림성이 정말 좋아요~^^ 피부가 부드럽고 촉촉하게 잘 발려리는데 제형 안에 알갱이 같은 것이 있어서 문지러주면 이게 펴발려서 싸악 사라지면서 흡수되네요~^^ 요즘 잔주름이 늘어나는 듯 한데 이거 바르고 주름 개선 기능 효과를 많이 보고 싶어요~^^,보습력/수분감,촉촉하게,1,[속성] 보습력/수분감 [문장] 촉촉하게,,보습력/수분감,unchanged
train,255019,쇼핑몰,스킨케어,OO 주름관리 멀티밤 더블세트(멀티4+아쿠아2+미스트2+오일2)+쇼핑백2,구성 가격 너무 가성비좋게 잘구입했어요~주변에 나눠주고 추천하려구요 촉촉하게 잘발려요 다쓰고 다시 구입할 생각입니다,보습력/수분감,촉촉하게,1,[속성] 보습력/수분감 [문장] 촉촉하게,,보습력/수분감,unchanged
train,255034,쇼핑몰,스킨케어,OO 주름관리 멀티밤 더블세트(멀티4+아쿠아2+미스트2+오일2)+쇼핑백2,"어머니의 추천으로 써보려했는데 마침 홈쇼핑에 보이길래 고민없이 더블구성으로 바로 구입했어요^^ 역시 바르자마자 느껴지는 촉촉함과 끈적거리지 않고 쫀쫀하게 잡아주는 느낌이 넘나 좋았어요❤️ 특히 함께 받은 아쿠아밤 선스틱으로 올 봄, 여름 자외선은 모두 커버될 생각하니 넘나 좋구요~!^^ 참! 아쿠아밤 선스틱도 전혀 끈적거리지 않고 촉촉하게 가히다운 퀄리티!^^ 더블구성이라 세트 하나는 어머니께 드리려구요❤️ 다쓰고 추가구매 확률 100000% 있습니다~!^^ 잘 쓸게요❤️",보습력/수분감,촉촉하게,1,[속성] 보습력/수분감 [문장] 촉촉하게,,보습력/수분감,unchanged
train,255388,쇼핑몰,스킨케어,OO 멀티밤,어머니선물로사드렸는데너무좋아하셨어요 진짜촉촉함이좋고오래가고휴대해서다니면되서편리하다고하시더라구요,지속력/유지력,오래가고,1,[속성] 지속력/유지력 [문장] 오래가고,,지속력,merged_duplicate_label
train,255427,쇼핑몰,스킨케어,OO 주름관리 멀티밤 기본세트(멀티2+아쿠아1+미스트1+오일1)+쇼핑백1,계속 쓰고 있어요 주름을 예방하는 마음으로 쓰고 있어요 매트하고 트러블도 없어 기본으로 쓰기에 너무 좋아요 아쿠아밤도 주셔서 감사합니다,보습력/수분감,매트하고,0,[속성] 보습력/수분감 [문장] 매트하고,,보습력/수분감,unchanged
train,258147,쇼핑몰,스킨케어,OO 주름관리 멀티밤 기본세트(멀티2+아쿠아1+미스트1+오일1)+쇼핑백1,사고 싶었는데 방송에 나오길래 비싸지만 구매해 봤습니다. 주름이 펴지기를 기대했는데 생각만큼 주름이 펴지진 않네요. 끈적이고 번들거립니다. 지인이 써보고 싶다고 해서 주긴 했는데 재구매는 안 할 거 같아요.,흡수력,번들거립니다.,-1,[속성] 흡수력 [문장] 번들거립니다.,,흡수력,unchanged
train,258423,쇼핑몰,스킨케어,OO 주름관리 멀티밤 더블세트(멀티4+아쿠아2+미스트2+오일2)+쇼핑백2,"친구 소개로 처음 사용해 보았습니다~촉촉하게 잘 스며들고 얼굴에 광택이 나서 이뻐 보여요..스틱이라 사용하기도, 휴대하기도 편하네요! 앞으로 계속 애용할것 같습니다",보습력/수분감,촉촉하게,1,[속성] 보습력/수분감 [문장] 촉촉하게,,보습력/수분감,unchanged
train,258692,쇼핑몰,스킨케어,OO 알로에 기초 (큐어크림2스킨2에멀젼2에센셜1),가격도착하고 촉촉하게 피부에스며들어 좋았어여,보습력/수분감,촉촉하게,1,[속성] 보습력/수분감 [문장] 촉촉하게,,보습력/수분감,unchanged
train,258728,쇼핑몰,스킨케어,OO 원** 선크림,제형이 부드럽고 촉촉하게 피부에 잘 스며들어 좋습니다,제형,제형이 부드럽고,1,[속성] 제형 [문장] 제형이 부드럽고,,제형,unchanged
train,258728,쇼핑몰,스킨케어,OO 원** 선크림,제형이 부드럽고 촉촉하게 피부에 잘 스며들어 좋습니다,보습력/수분감,촉촉하게,1,[속성] 보습력/수분감 [문장] 촉촉하게,,보습력/수분감,unchanged
train,259090,쇼핑몰,스킨케어,OO 에** 퓨어 선쿠션 더블구성,시원하고 촉촉하게 잘 스며듭니다.,보습력/수분감,촉촉하게,1,[속성] 보습력/수분감 [문장] 촉촉하게,,보습력/수분감,unchanged
train,259668,쇼핑몰,스킨케어,OO 알로에 선스틱 기본구성,"제형이 부드럽고 촉촉하게 잘 발려요 끈적ㄴㄴ~ 선세럼과 선쿠션 쓰다 바꿔봤는데 넘 편하고 순하고 만족스러워요 세안할때도 오일리하지않고 촉촉하니 수분크림 바른 얼굴 씻는 느낌입니다 무기자차""란 답변을 봤는데 시간 지나니 눈이 약간 시리네요? (무기자차 맞나요?) 가족들 하나씩 올 여름 잘 쓸께요♡",제형,제형이 부드럽고,1,[속성] 제형 [문장] 제형이 부드럽고,,제형,unchanged
train,259668,쇼핑몰,스킨케어,OO 알로에 선스틱 기본구성,"제형이 부드럽고 촉촉하게 잘 발려요 끈적ㄴㄴ~ 선세럼과 선쿠션 쓰다 바꿔봤는데 넘 편하고 순하고 만족스러워요 세안할때도 오일리하지않고 촉촉하니 수분크림 바른 얼굴 씻는 느낌입니다 무기자차""란 답변을 봤는데 시간 지나니 눈이 약간 시리네요? (무기자차 맞나요?) 가족들 하나씩 올 여름 잘 쓸께요♡",보습력/수분감,촉촉하게,1,[속성] 보습력/수분감 [문장] 촉촉하게,,보습력/수분감,unchanged
train,260546,쇼핑몰,스킨케어,OO 주름관리 멀티밤 기본세트(멀티2+아쿠아1+미스트1+오일1)+쇼핑백1,엄마가 써보고 좋다고 하셔서 재구매 했어요! 촉촉하게 보습도 잘되고 구성도 너무 좋아요! 다쓰면 또 재구매 할거예요,보습력/수분감,촉촉하게,1,[속성] 보습력/수분감 [문장] 촉촉하게,,보습력/수분감,unchanged
train,303861,쇼핑몰,스킨케어,OO 기초 2종 세트 1세트,촉촉하게 잘 발리고 건성인 제 피부에 딱 이에요. 가격만큼 그 값어치 품질을 하는 기초 라인이에요. 특히 향도 참 좋고 사용감은 한방의 느낌이 왠지 피부가 건강해지는 듯한 느낌입니다.,보습력/수분감,촉촉하게,1,[속성] 보습력/수분감 [문장] 촉촉하게,,보습력/수분감,unchanged
train,303918,쇼핑몰,스킨케어,OO 기초 2종 세트 1세트,촉촉하게 피부에 잘 스며들어 좋아요.,보습력/수분감,촉촉하게,1,[속성] 보습력/수분감 [문장] 촉촉하게,,보습력/수분감,unchanged
train,304081,쇼핑몰,스킨케어,OO 기초 2종 세트 1세트,가격도 너무 저렴하게 구매할 수 있어서 좋았어요. 근데 효과는 별로 없는 것 같아요.,기능/효과,근데 효과는 별로 없는 것 같아요.,0,[속성] 기능/효과 [문장] 근데 효과는 별로 없는 것 같아요.,,기능/효과,unchanged
train,304251,쇼핑몰,스킨케어,OO 기초 2종 세트 1세트,구성 샘플도 종류 별로 많이 주셔서 잘 바릅니다. 근데 효과는 별로 없는 것 같아요.,기능/효과,근데 효과는 별로 없는 것 같아요.,-1,[속성] 기능/효과 [문장] 근데 효과는 별로 없는 것 같아요.,,기능/효과,unchanged
train,304947,쇼핑몰,스킨케어,OO 링** 보습 밤 스틱 9g 1개,발림성이 바세린 바르는 느낌이네요. 번들거립니다. 좋다니 효과를 기대하며 꾸준히 써봐야겠지요.,흡수력,번들거립니다.,-1,[속성] 흡수력 [문장] 번들거립니다.,,흡수력,unchanged
train,304980,쇼핑몰,스킨케어,OO 링** 보습 밤 스틱 9g 1개,촉촉함이 오래가고 피부에도 좋고 사용하기도 편합니다. 누구나 부담없이 사용하기 좋습니다.,지속력/유지력,오래가고,1,[속성] 지속력/유지력 [문장] 오래가고,,지속력,merged_duplicate_label
train,305517,쇼핑몰,스킨케어,OO 링** 보습 밤 스틱 9g 1개,꾸준히 사용 중이에요. 바르면 일단 유분기가 있어서 촉촉해집니다. 근데 화장하고 바르면 화장이 뭉치네요. 밤에 잘 때만 바르고 있어요.,보습력/수분감,유분기가 있어서,1,[속성] 보습력/수분감 [문장] 유분기가 있어서,,보습력/수분감,unchanged
train,305808,쇼핑몰,스킨케어,OO 카** 아이크림 포 페이스 30ml 1개,"끈적임이 없이 흡수력이 좋습니다. 피부에 겉돌지 않아 영양크림을 발라도 번들거림이 없어 좋고, 덧발랐을때도 촉촉하게 스며들어 지속적으로 바를수 있어 좋아요. 재구매해서 사용해도 좋을 상품입니다.",보습력/수분감,촉촉하게,1,[속성] 보습력/수분감 [문장] 촉촉하게,,보습력/수분감,unchanged
train,306341,쇼핑몰,스킨케어,OO 카** 아이크림 포 페이스 30ml 1개,사용해보니 촉촉하게 잘 스며들어 좋은 것 같습니다.,보습력/수분감,촉촉하게,1,[속성] 보습력/수분감 [문장] 촉촉하게,,보습력/수분감,unchanged
train,306711,쇼핑몰,스킨케어,OO 카** 아이크림 포 페이스 30ml 1개,항상 쓰는 OO아이크림이라 새로운 것을 사봅니다.이 제품은 제형의 점도가 높아서 눈가 관리가 더 잘 될 것 같습니다.,제형,제형의 점도가 높아서,1,[속성] 제형 [문장] 제형의 점도가 높아서,,제형,unchanged
train,307295,쇼핑몰,스킨케어,OO 설** 기초 3종 세트,가격과 세트 구성이 좋아서 구매했습니다 제형이 쫀쫀하고 향도 마음에 듭니다,제형,제형이 쫀쫀하고,1,[속성] 제형 [문장] 제형이 쫀쫀하고,,제형,unchanged
train,307802,쇼핑몰,스킨케어,OO D** 페이셜 크림 150ml 1개,안 좋은 상품평 보고 걱정했는데 정품품질이 맞네요. 제형이 꾸덕하진 않지만 적당히 리치하고 무향이에요. 기초 단계에 이 제품만 써도 충분해요. 사은품도 잘 받았고 과대포장 없이 작은 박스에 와서 좋았습니다.,향,무향이에요.,0,[속성] 향 [문장] 무향이에요.,,향,unchanged
train,307802,쇼핑몰,스킨케어,OO D** 페이셜 크림 150ml 1개,안 좋은 상품평 보고 걱정했는데 정품품질이 맞네요. 제형이 꾸덕하진 않지만 적당히 리치하고 무향이에요. 기초 단계에 이 제품만 써도 충분해요. 사은품도 잘 받았고 과대포장 없이 작은 박스에 와서 좋았습니다.,제품구성,사은품도 잘 받았고,0,[속성] 제품구성 [문장] 사은품도 잘 받았고,,제품구성,unchanged
train,307837,쇼핑몰,스킨케어,OO D** 페이셜 크림 150ml 1개,"무향에 자극없이 순해서 온가족이 시용하고 있어요. 발림성도 나무랄데 없이 좋고 ,촉촉한 보습도 최고입니다.",향,무향에,1,[속성] 향 [문장] 무향에,,향,unchanged
train,307913,쇼핑몰,스킨케어,OO D** 페이셜 크림 150ml 1개,평소 피부가 많이 건조한 편이었는데 이 제품 바르니 건조하던 겨울에도 얼굴이 트지도 않고 촉촉하게 오랫동안 유지되어 좋네요.,보습력/수분감,촉촉하게,1,[속성] 보습력/수분감 [문장] 촉촉하게,,보습력/수분감,unchanged
train,307983,쇼핑몰,스킨케어,OO D** 페이셜 크림 150ml 1개,촉촉하게 잘 발리고 흡수도 잘돼요 순해서 다음에 또 쓸 생각이에요 가격도 다른사이트보다 저렴해서 넘 잘샀어요,보습력/수분감,촉촉하게,1,[속성] 보습력/수분감 [문장] 촉촉하게,,보습력/수분감,unchanged
train,307984,쇼핑몰,스킨케어,OO D** 페이셜 크림 150ml 1개,꾸준히 쓰고 있습니다 적당한 기름기와 수분으로 바르고 나면 번들거리지도 않고 촉촉해요 세안 꼼꼼하게하고 이거만 바르고 자도 아침에 완전 촉촉해요 여드름 상처위에 발라도 따갑지 않아요 순합니다 향도 진하지 않고 적당히 점성 있어서 바르기도 좋습니다,향,향도 진하지 않고,1,[속성] 향 [문장] 향도 진하지 않고,,향,unchanged
train,307998,쇼핑몰,스킨케어,OO D** 페이셜 크림 150ml 1개,에센스나 다른 영양크림 등 딱히 따로 사용하지 않아도 촉촉하게 꿀피부 유지되어서 만족합니다.,보습력/수분감,촉촉하게,1,[속성] 보습력/수분감 [문장] 촉촉하게,,보습력/수분감,unchanged
train,308049,쇼핑몰,스킨케어,OO D** 페이셜 크림 150ml 1개,아이들 어렸을때부터 쭈욱 ㅇㅇㅇ만 씁니다. 촉촉함이 오래가고 발림성도 좋네요.,지속력/유지력,오래가고,1,[속성] 지속력/유지력 [문장] 오래가고,,지속력,merged_duplicate_label
train,308112,쇼핑몰,스킨케어,OO D** 페이셜 크림 150ml 1개,여름에 사용하기에 크림 제형이 무겁지 않을까 걱정했는데 촉촉하게 잘 발리고 끈적이지 않았습니다 로션제형이랑 크림제형이 크게 차이는 없네요,보습력/수분감,촉촉하게,1,[속성] 보습력/수분감 [문장] 촉촉하게,,보습력/수분감,unchanged
train,308129,쇼핑몰,스킨케어,OO D** 페이셜 크림 150ml 1개,더운 여름에도 촉촉하게 잘 스며들고 건조한 가을에도 촉촉하게 피부에 수분감이 잘 머물러서 좋습니다.,보습력/수분감,촉촉하게,1,[속성] 보습력/수분감 [문장] 촉촉하게,,보습력/수분감,unchanged
train,308199,쇼핑몰,스킨케어,OO D** 페이셜 크림 150ml 1개,사용하기 편하고 마음에 드네요. 편하게 사용하기 좋아서 다 쓰고 나면 또 구매할거에요. 찬바람 부는 계절에 촉촉하게 쓰기에 적당해요.,보습력/수분감,촉촉하게,1,[속성] 보습력/수분감 [문장] 촉촉하게,,보습력/수분감,unchanged
train,308290,쇼핑몰,스킨케어,OO D** 페이셜 크림 150ml 1개,자극없이 순하고 향도 거의 없어서 사용하기 좋네요. 아침마다 세안 후에 바르면 저녁까지 당김없이 촉촉하고 좋습니다. 제형이 부드럽고 순해서 아이들도 같이 쓰기 좋습니다.,제형,제형이 부드럽고,1,[속성] 제형 [문장] 제형이 부드럽고,,제형,unchanged
train,308505,쇼핑몰,스킨케어,OO D** 페이셜 크림 150ml 1개,"유해성분 하나도 없고, 무향에 보습력도 좋고 단점이 없네요. 온식구가 이 크림만 써요.",향,무향에,1,[속성] 향 [문장] 무향에,,향,unchanged
train,308548,쇼핑몰,스킨케어,OO D** 페이셜 크림 150ml 1개,제형이 쫀쫀하고 발림성도 좋고 유지력도 오래가고 좋네요. 앞으로도 쭉 사용할 예정입니다. OOO에서 가격도 좋습니다.,제형,제형이 쫀쫀하고,1,[속성] 제형 [문장] 제형이 쫀쫀하고,,제형,unchanged
train,308588,쇼핑몰,스킨케어,OO D** 페이셜 크림 150ml 1개,벌써 수년 째 사용 중입니다 낮에 쓰기에 OO이 딱 좋습니다 다른 수분 세럼과 더해지면 더 촉촉하게 낮 동안 보습이 잘 됩니다 민감성 피부도 자극 없이 무난하게 잘 맞을 겁니다,보습력/수분감,촉촉하게,1,[속성] 보습력/수분감 [문장] 촉촉하게,,보습력/수분감,unchanged
train,308605,쇼핑몰,스킨케어,OO D** 페이셜 크림 150ml 1개,왜 이제까지 안 샀는지 몰라요. 오일리하네요. 촉촉한데 광도 나요. 매일 쓰는데 좋습니다. 다만 여름엔 오일리해서 잘 쓸 수 있을지 모르겠습니다,흡수력,오일리해서,-1,[속성] 흡수력 [문장] 오일리해서,,흡수력,unchanged
train,308622,쇼핑몰,스킨케어,OO D** 페이셜 크림 150ml 1개,다른 유명 브랜드 크림 어지간한 것보다 괜찮은 것 같습니다. 순하고 촉촉한 느낌이 좋습니다. 크림 다양하게 써 봤는데 다시 돌아왔네요. 기초 완성은 늘 OOO로 촉촉하게 마무리합니다.,보습력/수분감,촉촉하게,1,[속성] 보습력/수분감 [문장] 촉촉하게,,보습력/수분감,unchanged
train,308652,쇼핑몰,스킨케어,OO D** 페이셜 크림 150ml 1개,요즘같이 환절기이고 해가 뜨거워질때 진정효과 있네요. 피부가 거칠어졌다 싶을때 듬뿍 바르고 자면 다음날 피부가 깨끗해져있네요. 촉촉함이 오래가고 끈적이지 않아서 좋습니다. 온가족이 사용하니 한통도 금방 다 사용합니다. 대용량 있으면 좋겠네요.,지속력/유지력,오래가고,1,[속성] 지속력/유지력 [문장] 오래가고,,지속력,merged_duplicate_label
train,308675,쇼핑몰,스킨케어,OO D** 페이셜 크림 150ml 1개,"항상 사용하는 보습력 짱인 로션이에요 속당김이 없어져서 좋습니다 순해서 향도 없고, 편하게 사용할 수 있는 제품입니다",향,"향도 없고,",1,"[속성] 향 [문장] 향도 없고,",,향,unchanged
train,308678,쇼핑몰,스킨케어,OO D** 페이셜 크림 150ml 1개,"순한성분이 보습에는 최고의 제품인듯 합니다. 부작용 없고 흡수력에 만족합니다. 향도 없고, 그야말로 필요한 기능만 들어있어서 만족합니다.",향,"향도 없고,",0,"[속성] 향 [문장] 향도 없고,",,향,unchanged
train,308712,쇼핑몰,스킨케어,OO D** 페이셜 크림 150ml 1개,"겨울에는 팩처럼 사용하고, 여름에는 얇게 발라요. 제형이 부드럽고 무조건 필수인 아이템입니다. 사계절에 가지고 있어야 하는 효과 좋은 크림 입니다. 아이도 어른도 다 좋아요.",제형,제형이 부드럽고,1,[속성] 제형 [문장] 제형이 부드럽고,,제형,unchanged
train,308741,쇼핑몰,스킨케어,OO D** 페이셜 크림 150ml 1개,"OOO 제품 몇년째 사용하고 있어요. 거의 모든 제품이 트러블 없이 피부에 맞네요. 저녁에 목부분에 바르는데 향도 없고, 사용감도 좋습니다. 하루 정도는 촉촉한 것 같습니다. 가격도 좋습니다.",향,"향도 없고,",1,"[속성] 향 [문장] 향도 없고,",,향,unchanged
train,308750,쇼핑몰,스킨케어,OO D** 페이셜 크림 150ml 1개,너무 기름지지도 않고 촉촉하게 잘 발려서 매일 아침 저녁으로 바르고 있네요. 특히 성분이 순해서 좋네요.,보습력/수분감,촉촉하게,1,[속성] 보습력/수분감 [문장] 촉촉하게,,보습력/수분감,unchanged
train,309089,쇼핑몰,스킨케어,OO 아** 슈퍼바이탈 2종 세트,OO 건조한 피부에 겉과 속 건조까지 잡아주는 듯합니다. 아침까지 촉촉하게 지속력이 좋은 제품입니다. 앞으로도 이 제품 애용하려구요.,보습력/수분감,촉촉하게,1,[속성] 보습력/수분감 [문장] 촉촉하게,,보습력/수분감,unchanged
train,309684,쇼핑몰,스킨케어,OO 아** 슈퍼바이탈 2종 세트,항상 쓰는 제품인데 세트에 샘플이 들어있어 좋아요. 잘 쓸 것 같아요. 가격이 저렴했으면 좋겠어요.,가격,가격이 저렴했으면 좋겠어요.,-1,[속성] 가격 [문장] 가격이 저렴했으면 좋겠어요.,,가격,unchanged
train,310262,쇼핑몰,스킨케어,OO 쎈**  크림 50ml 1개,피부 트러블이 있을때 발라주니 건조한 피부에 촉촉함도 오래가고 생기가 도는것 같아서 좋네요.,지속력/유지력,오래가고,1,[속성] 지속력/유지력 [문장] 오래가고,,지속력,merged_duplicate_label
train,310309,쇼핑몰,스킨케어,OO 쎈**  크림 50ml 1개,향도 무난하고 끈적임 없이 촉촉합니다 건조할 때 여러번 덧발라주면 보습에 도움이 많이 됩니다,향,향도 무난하고,1,[속성] 향 [문장] 향도 무난하고,,향,unchanged
train,310491,쇼핑몰,스킨케어,OO 쎈**  크림 50ml 1개,ㅇㅇㅇ크림 바르면 오랫동안 촉촉하게 유지되고 미백 주름개선 효과에 좋네요,보습력/수분감,촉촉하게,1,[속성] 보습력/수분감 [문장] 촉촉하게,,보습력/수분감,unchanged
train,310512,쇼핑몰,스킨케어,OO 쎈**  크림 50ml 1개,촉촉하고 향도 약하고 자극 없이 바르기 좋습니다,향,향도 약하고,1,[속성] 향 [문장] 향도 약하고,,향,unchanged
train,261279,쇼핑몰,헤어/바디케어,OO 미** 샴푸/린스 3입 모음+증정,계속 사용하는 샴푸입니다. 제형이 부드럽고 풍부하게 거품이 일고 향이 좋습니다. 덕분에 싸게 구매했습니다.,제형,제형이 부드럽고,1,[속성] 제형 [문장] 제형이 부드럽고,,제형,unchanged
train,790538,쇼핑몰,헤어/바디케어,OO 일** 세라마이드  로션 350ml 1개,OOO 로션은 처음 구매해 봤어요. 제형이 부드럽고 발림성이 좋아요. 많이 건조할 때 사용하니 빠르게 보습되어서 하루 종일 촉촉한 상태를 유지할 수 있어요. 진정 효과도 좋습니다.,제형,제형이 부드럽고,1,[속성] 제형 [문장] 제형이 부드럽고,,제형,unchanged
train,790695,쇼핑몰,헤어/바디케어,OO 일** 세라마이드  로션 350ml 1개,아이 여드름때문에 수딩로션 사봤는데 진정효과가 괜찮은거 같네요. 부드럽게 발리고 촉촉하게 스며듭니다. 사은품으로 준 샘플도 넉넉해서 넘 좋습니다.,보습력/수분감,촉촉하게,1,[속성] 보습력/수분감 [문장] 촉촉하게,,보습력/수분감,unchanged
train,790858,쇼핑몰,헤어/바디케어,OO 일** 세라마이드  로션 350ml 1개,다른게 생각이 안나 또 구매했어요. 유통기한 깁니다. 촉촉하진 않네요. 금방 드라이해요. 바를땐 미끌미끌합니다. 효과는 잘 모르겠네요.,기능/효과,효과는 잘 모르겠네요.,0,[속성] 기능/효과 [문장] 효과는 잘 모르겠네요.,,기능/효과,unchanged
train,791995,쇼핑몰,헤어/바디케어,OO 디** 바디로션 400ml 1개,여름에 쓰기에 딱 좋은 거 같아요. 제형이 약간 묽어서 흡수도 잘되고 밀리지 않네요. 무엇보다 성분이 마음에 듭니다.,제형,제형이 약간 묽어서,1,[속성] 제형 [문장] 제형이 약간 묽어서,,제형,unchanged
train,792005,쇼핑몰,헤어/바디케어,OO 디** 바디로션 400ml 1개,"가장 맘에드는, 좋아하는 바디로션입니다. 부드럽게 발리고 보습도 오래가고 향도 거의 무향이라 너무 좋습니다. 핸드크림으로도 사용하고 있어요.",지속력/유지력,오래가고,1,[속성] 지속력/유지력 [문장] 오래가고,,지속력/유지력,unchanged
train,792080,쇼핑몰,헤어/바디케어,OO 디** 바디로션 400ml 1개,대용량이고 저렴해서 구매했는데 잘산거 같네요. 샘플도 주시고 건조하고 민감한 피부에 딱입니다. 우리집은 수년째 온가족 이것만 쓰고 있어요. 트러블없고 촉촉합니다.,제품구성,샘플도 주시고,1,[속성] 제품구성 [문장] 샘플도 주시고,,제품구성,unchanged
train,792700,쇼핑몰,헤어/바디케어,OO 디** 바디로션 400ml 1개,제형이 부드럽고 촉촉하게 잘 발립니다. 제가 엄청 건성이라 보습력이 아쉬워요. 그래도 흡수력이 좋아서 만족해요. 향도 강하지 않고 은은해서 호불호 없을 것 같은 느낌입니다. 재구매의사 있습니다.,제형,제형이 부드럽고,1,[속성] 제형 [문장] 제형이 부드럽고,,제형,unchanged
train,792700,쇼핑몰,헤어/바디케어,OO 디** 바디로션 400ml 1개,제형이 부드럽고 촉촉하게 잘 발립니다. 제가 엄청 건성이라 보습력이 아쉬워요. 그래도 흡수력이 좋아서 만족해요. 향도 강하지 않고 은은해서 호불호 없을 것 같은 느낌입니다. 재구매의사 있습니다.,보습력/수분감,촉촉하게,1,[속성] 보습력/수분감 [문장] 촉촉하게,,보습력/수분감,unchanged
train,792854,쇼핑몰,헤어/바디케어,OO 디** 바디로션 400ml 1개,OOO 두드러기로 고생하면서 알게 된 제품입니다. 촉촉하고 발림성도 좋고 피부에 저자극이라 좋아지는 듯합니다. 계속 사용하려고 하는데 가격은 좀 내리면 좋을 것 같아요.,가격,가격은 좀 내리면 좋을 것 같아요.,-1,[속성] 가격 [문장] 가격은 좀 내리면 좋을 것 같아요.,,가격,unchanged
train,797195,쇼핑몰,헤어/바디케어,OO 세** 모이스처라이징 로션 구형 591ml 2개,ㅇㅇㅇ로션을 구매했어요. 촉촉하고 좋습니다. 작은 샘플도 하나 못 받았는데 지금 사면 주네요. 작은 사이즈도 구매하려다가 큰것만 샀는데 아쉬워요. 이번 겨울에 촉촉하게 잘 바를수 있어 좋습니다.,보습력/수분감,촉촉하게,1,[속성] 보습력/수분감 [문장] 촉촉하게,,보습력/수분감,unchanged
train,797752,쇼핑몰,헤어/바디케어,OO 세** 모이스처라이징 로션 구형 591ml 2개,늘 사용하던 제품이라 구매했고 얼굴에 클렌징 크림 대신 화장지울 때도 좋습니다. 수분감도 많고 제형이 부드럽고 특히 겨울철 뒷꿈치 갈라지는데 바르면 효과가 더 좋네요.,제형,제형이 부드럽고,1,[속성] 제형 [문장] 제형이 부드럽고,,제형,unchanged
train,799898,쇼핑몰,헤어/바디케어,OO 일** 히알루론 모이스춰 수분크림 100ml 1개,촉촉하게 잘 스며듭니다. 흡수 후 산뜻한 느낌입니다. 마음에 드는 크림입니다.,보습력/수분감,촉촉하게,1,[속성] 보습력/수분감 [문장] 촉촉하게,,보습력/수분감,unchanged
train,272225,쇼핑몰,헤어/바디케어,OO  셀프 뿌리펌 26종+집게6종추가 ,긴머리라 효과 못보고 있어요 냄새는 왜그리 독한지 오래가고 쓰고 난 집게는 씻을때 정말 애먹고 있어요 다 정리하고 나면 효과라도 좋아야지 힘빠지고 돈 날린거 맞아요 에잇,지속력/유지력,오래가고,-1,[속성] 지속력/유지력 [문장] 오래가고,,지속력/유지력,unchanged
train,273961,쇼핑몰,헤어/바디케어,OO 염색약,염색약 제형이 묽어요 염색은 잘되구요 엠플 첨가해서 하니 머릿결도 좋아요 샘플 드라이도 크고 좋아요,제형,제형이 묽어요,0,[속성] 제형 [문장] 제형이 묽어요,,제형,unchanged
train,278429,쇼핑몰,헤어/바디케어,OO 레** 바디클렌저,은은한향을 찾다가 OOO 바디클렌저를 만났네요 제형이 부드럽고 잔향도 너무 만족스럽습니다 쟁여두고 쓰고싶을만큼…? 감사해요 잘 사용하겠습니다. 강추~~,제형,제형이 부드럽고,1,[속성] 제형 [문장] 제형이 부드럽고,,제형,unchanged
train,280185,쇼핑몰,헤어/바디케어,OO 해** 바디워시 900g 3입+증정,OO 바디워시 향이 너무 좋아요 제형이 부드럽고 잘 씻겨져요,제형,제형이 부드럽고,1,[속성] 제형 [문장] 제형이 부드럽고,,제형,unchanged
train,281271,쇼핑몰,헤어/바디케어,OO 프** 바디젤 100ml 3개,강추합니다 OOO 마트 온라인 샵보다 더 저렴해요 거친 손과 발뒤꿈치를 부드럽고 촉촉하게 온가족 겨울 필수품이 되었어요 단 향기가 처음엔 조금~별로였고 지금은 익숙해서 괜찮아졌어요. 잘 쓸께요,보습력/수분감,촉촉하게,1,[속성] 보습력/수분감 [문장] 촉촉하게,,보습력/수분감,unchanged
train,282001,쇼핑몰,헤어/바디케어,OO 히** 모이스춰 수분크림 100ml x3,수분크림 저녁에 바르고 오전늦게 까지 촉촉하게 유지되고 적립금 활용 저렴한가격에 구매해서 잘사용하고있어요,보습력/수분감,촉촉하게,1,[속성] 보습력/수분감 [문장] 촉촉하게,,보습력/수분감,unchanged
train,726421,쇼핑몰,헤어/바디케어,OO 트리트먼트 오리지널 200ml 1개,이 제품이 가격이 비싸서 사용하다가 멈췄었는데 여름 되니 부시시한 머리 관리하려고 다시 구매했습니다. 용량이 많아서 좋습니다.,가격,가격이 비싸서,-1,[속성] 가격 [문장] 가격이 비싸서,,가격,unchanged
train,727316,쇼핑몰,헤어/바디케어,OO 트리트먼트 오리지널 200ml 1개,향도 좋고 오래가고 바르다 안 바르면 머릿결 부드러움의 차이가 느껴져요. 늘 쓰는 제품이라 두세 병씩 구매하는데 이번에는 큰 용량으로 구매했어요.,지속력/유지력,오래가고,1,[속성] 지속력/유지력 [문장] 오래가고,,지속력/유지력,unchanged
train,729322,쇼핑몰,헤어/바디케어,OO 코** 프로텍터 145ml 1개,"저녁만 되면 머리카락에 유분기가 하나도 없어 다 각자 노는 사자 머리가 되네요. 촉촉해지고 머릿결의 컬 잘 잡아주고 윤기도 나고 아주 만족하네요. 여러 개 구매해서 집, 사무실 다 놓고 쓰려고 했는데 아침에 바르고 나오면 촉촉하게 오래가서 사무실에는 필요 없습니다.",보습력/수분감,촉촉하게,1,[속성] 보습력/수분감 [문장] 촉촉하게,,보습력/수분감,unchanged
train,730267,쇼핑몰,헤어/바디케어,OO 아** 모이스처 밸런싱 헤어로션 300ml 1개,가격도 비싸지 않아서 부담없이 잘 사용 중이에요. 머리 말린 직후에 이거 바르고 머리 말리니까 모발이 더 탄탄한 느낌이 듭니다. 가성비 좋습니다.,가격,가격도 비싸지 않아서,0,[속성] 가격 [문장] 가격도 비싸지 않아서,,가격,unchanged
train,262934,쇼핑몰,헤어/바디케어,OO 뉴프리미엄 티** 샴푸(무료체험 2매) ,아직 더 써봐야 알겠죠^^ 제형이 크리미해서 거품도 잘나고 맨솔향이 나쁘지않아요~ 남편이랑 같이 쓰는데 서로 효과볼수 있기를 바래봅니다 ㅋㅋㅋㅋ,제형,제형이 크리미해서,1,[속성] 제형 [문장] 제형이 크리미해서,,제형,unchanged
train,735636,쇼핑몰,헤어/바디케어,OO 아** 컬링 에센스 150ml 1개,샘플 써보고 좋아서 구매했습니다. 제형이 부드럽고 촉촉해서 머릿결이 너무 좋아진 것 같습니다. 인생템으로 추천해요.,제형,제형이 부드럽고,1,[속성] 제형 [문장] 제형이 부드럽고,,제형,unchanged
train,736236,쇼핑몰,헤어/바디케어,OO 아** 컬링 에센스 150ml 1개,"미용실 추천으로 사용해 봤어요. 이 제품은 제형이 부드럽고 컬을 부드럽게 잡아주네요. 보라색은 좀 더 컬을 살려주는 거 같아요. 향이 좋고, 발랐을 때 머리가 딱딱하게 되지는 않아요. 컬을 자연스럽게 잡아주는 정도라 만족합니다. 그래서 추가 구매했어요. 가격이 좀 더 저렴하면 좋겠습니다.",제형,제형이 부드럽고,1,[속성] 제형 [문장] 제형이 부드럽고,,제형,unchanged
train,736812,쇼핑몰,헤어/바디케어,OO 알** 헤나  에센스 100ml 1개,아 이거 진짜 좋습니다. 사실 머릿결 좋아지는 것은 아직 모르겠고 효과는 아직 모르겠습니다. 발라도 손에 끈적함이 없어서 좋습니다.,기능/효과,효과는 아직 모르겠습니다.,0,[속성] 기능/효과 [문장] 효과는 아직 모르겠습니다.,,기능/효과,unchanged
train,737448,쇼핑몰,헤어/바디케어,OO 알** 헤나  에센스 100ml 1개,이 상품은 덮어놓고 만족입니다. 이거 알게 되고 나서 비싼 OO 제품 안 씁니다. 비싼 거랑 거의 비슷한 효능이에요. 샘플도 잘 받았습니다. 많이 파세요.,제품구성,샘플도 잘 받았습니다.,1,[속성] 제품구성 [문장] 샘플도 잘 받았습니다.,,제품구성,unchanged
train,739830,쇼핑몰,헤어/바디케어,OO 과** 헤어 셋팅 스프레이 300ml 1개,가격은 저렴해도 기능은 좋습니다. 냄새도 나쁘지 않고 스프레이 본연의 기능도 충실하네요. 가격은 미쳤다고 봐도 될 정도로 너무 저렴합니다. 택배비까지 포함해도 2만원이 안 되어서 저렴합니다. 진짜 가성비 좋은 상품입니다.,가격,가격은 저렴해도,1,[속성] 가격 [문장] 가격은 저렴해도,,가격,unchanged
train,740641,쇼핑몰,헤어/바디케어,OO 과** 헤어 셋팅 스프레이 300ml 1개,처음 구매해 봤어요. 싸게 구입했고 사용감은 나쁘지 않은데 냄새가 제 취향이 아닙니다. 냄새가 없는 편이 더 좋을 것 같네요.,사용감,사용감은 나쁘지 않은데,0,[속성] 사용감 [문장] 사용감은 나쁘지 않은데,,사용감,unchanged
train,741777,쇼핑몰,헤어/바디케어,OO 에** 스프레이 500ml 1개,항상 쓰는 제품인데 향도 좋고 오래가고 자연스러운 고정으로 건강한 느낌이 듭니다. 한 번 써 보면 계속 쓰게 돼요. OO쇼핑이 제일 저렴한 것 같습니다.,지속력/유지력,오래가고,1,[속성] 지속력/유지력 [문장] 오래가고,,지속력/유지력,unchanged
train,263616,쇼핑몰,헤어/바디케어,OO 클리닉 샴푸/린스 750ml x5개,제형이 부드럽고 자극이 없어 온 가족이 함께 사용할 수있어 정말 좋아요,제형,제형이 부드럽고,1,[속성] 제형 [문장] 제형이 부드럽고,,제형,unchanged
train,743532,쇼핑몰,헤어/바디케어,OO 미** 스프레이 300ml 1개,늘 쓰는 제품인데요. 하드 스타일링 이어서 고정도 오래가고 향도 나쁘지 않아요.,지속력/유지력,오래가고,1,[속성] 지속력/유지력 [문장] 오래가고,,지속력/유지력,unchanged
train,745165,쇼핑몰,헤어/바디케어,OO 맨** 왁스 80g 2개,항상 이것만 사용합니다. 매장보다 저렴한 할인가로 구매했어요. 제형이 하드해서 머리 고정이 잘 되는 거 같아요.,제형,제형이 하드해서,1,[속성] 제형 [문장] 제형이 하드해서,,제형,unchanged
train,747557,쇼핑몰,헤어/바디케어,OO 아** 스프레이 300ml 1개,제형이 하드해서 너무 딱딱해지네요. 광택도 심해서 뿌리기 부담스러워요.,제형,제형이 하드해서,-1,[속성] 제형 [문장] 제형이 하드해서,,제형,unchanged
train,748394,쇼핑몰,헤어/바디케어,OO 뮤** 픽싱 미스트 250ml 1개,이 제품 좋다는 평들이 많아서 구입해 봤어요. 가격은 저렴해도 세팅력이 우수하고 흰 가루가 생기지 않아 좋습니다.,가격,가격은 저렴해도,-1,[속성] 가격 [문장] 가격은 저렴해도,,가격,unchanged
train,748579,쇼핑몰,헤어/바디케어,OO 맨** 스프레이 300ml 3개,남편이 항상 이것만 써서 구매했어요. 셋팅력도 좋고 지속력도 나쁘지 않아요. 냄새도 나쁘지 않고 두피에도 자극이 없네요. 몇 년 전부터 잘 쓰고 있습니다.,지속력/유지력,지속력도 나쁘지 않아요.,0,[속성] 지속력/유지력 [문장] 지속력도 나쁘지 않아요.,,지속력/유지력,unchanged
train,748624,쇼핑몰,헤어/바디케어,OO 맨** 스프레이 300ml 3개,상품 품질이 좋아요. 마음에 듭니다. 신랑이 결혼 전부터 계속 사용하는 제품이에요. 오래가고 스타일 고정이 잘 됩니다. 특히 무향이라서 정말 좋아해요.,지속력/유지력,오래가고,1,[속성] 지속력/유지력 [문장] 오래가고,,지속력/유지력,unchanged
train,753071,쇼핑몰,헤어/바디케어,OO 리** 크림 염색약 3회분 1개,가격이 비싸지 않고 만족스럽게 염색이 됩니다. 짧은 머리라서 3팩 중에 1팩이면 용량이 충분합니다. 흑갈색 샀는데 검정색이라 생각하면 됩니다.,가격,가격이 비싸지 않고,0,[속성] 가격 [문장] 가격이 비싸지 않고,,가격,unchanged
train,753575,쇼핑몰,헤어/바디케어,OO 리** 크림 염색약 3회분 1개,분리 포장되어 편리하게 사용할 수가 있어 좋습니다. 가격이 비싸서 다음에는 주문 고민이 됩니다.,가격,가격이 비싸서,-1,[속성] 가격 [문장] 가격이 비싸서,,가격,unchanged
train,753732,쇼핑몰,헤어/바디케어,OO 리** 크림 염색약 3회분 1개,배송비가 있어 가격이 비싸서 쿠폰 썼습니다. 3회분 포장으로 사용하기 편한데 염색력은 그저 그렇습니다.,가격,가격이 비싸서,-1,[속성] 가격 [문장] 가격이 비싸서,,가격,unchanged
train,753808,쇼핑몰,헤어/바디케어,OO 리** 크림 염색약 3회분 1개,가격이 비싸서 세일할때 쟁여둡니다. 가끔 염색한 색이 금방 빠져 좀 아쉽네요.,가격,가격이 비싸서,-1,[속성] 가격 [문장] 가격이 비싸서,,가격,unchanged
train,762989,쇼핑몰,헤어/바디케어,OO 댕** 컬러 크림 1개,"남편이 쓰는 염색약이라 구매했어요. 사용하기 편하고 자극이 덜해 사용하는데, 판매자님이 마스크팩 3매와 샴푸 2개도 사은품으로 챙겨 주셔서 기분 좋습니다.",자극성,자극이 덜해,0,[속성] 자극성 [문장] 자극이 덜해,,자극성,unchanged
train,767060,쇼핑몰,헤어/바디케어,OO 케** 웨이브 1개,컬이 잘 안 나오고 머릿결 손상도 있습니다. 가격은 싸지만 냄새도 많이 납니다.,가격,가격은 싸지만,1,[속성] 가격 [문장] 가격은 싸지만,,가격,unchanged
train,769466,쇼핑몰,헤어/바디케어,OO 라** 다운펌 100ml 1개,당장 효과는 좋지만 오래가지는 않는 것 같습니다. 약품 냄새가 좀 심합니다. 그래도 셀프로 이 정도 효과를 본다는 건 만족스러워요.,지속력/유지력,오래가지는 않는 것 같습니다.,-1,[속성] 지속력/유지력 [문장] 오래가지는 않는 것 같습니다.,,지속력/유지력,unchanged
train,771685,쇼핑몰,헤어/바디케어,OO D**  볼륨 매직 스트레이트 1개,효과가 맘에 안들어요. 코로나때 혼자서 첨했는데 매직이 전혀 안나왔습니다. 가격이 비싸서 품질이 좋을꺼라 생각했는데 아니네요.,가격,가격이 비싸서,-1,[속성] 가격 [문장] 가격이 비싸서,,가격,unchanged
train,773875,쇼핑몰,헤어/바디케어,OO 프**  블랙 샴푸 300g 1개,이름있는 쇼핑몰에서 배송을 이렇게 해 주다니 어처구니가 없네요. 다른 상품들도 다 배송을 이런 식으로 하는지 이해가 안 됩니다. 가격도 좀 나가는 제품인데 이런 취급을 하다니 화가 납니다. 그리고 애초에 용기도 튼튼하지 않아서 잘 깨지는 것 같아요.,가격,가격도 좀 나가는 제품인데,-1,[속성] 가격 [문장] 가격도 좀 나가는 제품인데,,가격,unchanged
train,773951,쇼핑몰,헤어/바디케어,OO 프**  블랙 샴푸 300g 1개,"제형이 부드럽고 냄새도 괜찮습니다. 3분을 기다리는게 귀찮습니다. 양이 크지만, 비싼 편입니다. 효과는 한달은 써봐야 알 것 같습니다.",제형,제형이 부드럽고,1,[속성] 제형 [문장] 제형이 부드럽고,,제형,unchanged
train,774071,쇼핑몰,헤어/바디케어,OO 프**  블랙 샴푸 300g 1개,새치머리랑 출산 후 탈모가 회복이 안돼서 염색기능이랑 탈모 개선 효과 있다고 해서 사봤어요. 샴푸 거품색이 갈색이라 좀 신기하네요. 두피에 자극적이지 않습니다. 세정력도 괜찮아서 쓰기에 부담 없어요. 꾸준히 써 보려고 합니다.,색상,샴푸 거품색이 갈색이라 좀 신기하네요,1,[속성] 색상 [문장] 샴푸 거품색이 갈색이라 좀 신기하네요,,색상,unchanged
train,777308,쇼핑몰,헤어/바디케어,OO 프** 다크닝 샴푸 300g 1개,"기대반으로 처음으로 구매했습니다. 구매한 뒤 한참 지나서 이제야 써봤는데, 효과는 아직 잘 모르겠습니다. 효과 봤으면 좋겠습니다. 가격은 너무 비쌉니다.",기능/효과,효과는 아직 잘 모르겠습니다.,0,[속성] 기능/효과 [문장] 효과는 아직 잘 모르겠습니다.,,기능/효과,unchanged
train,778447,쇼핑몰,헤어/바디케어,OO 일** 맥주효모 샴푸 500ml 1개,원래 남편이 OO를 썼는데 가격이 비싸서 다른 샴푸 사 줬더니 불평해서 다시 OO로 돌아왔습니다. 본인이 만족하니까 저도 만족해요. 가격 할인만 좀 많이 해 줬으면 좋겠어요.,가격,가격이 비싸서,-1,[속성] 가격 [문장] 가격이 비싸서,,가격,unchanged
train,780157,쇼핑몰,헤어/바디케어,OO 라** 두피강화 샴푸 400ml 1개,항상 쓰는 제품이에요. 세정력도 좋고 윤기도 나네요. 모발 관리가 잘 되어 좋은데 가격은 좀 내리면 좋을 것 같아요.,가격,가격은 좀 내리면 좋을 것 같아요.,0,[속성] 가격 [문장] 가격은 좀 내리면 좋을 것 같아요.,,가격,unchanged
train,780967,쇼핑몰,헤어/바디케어,OO 라** 두피강화 샴푸 400ml 1개,ㅇㅇㅇ 샴푸 잘 받았네요. 배송도 빨랐어요. 종이로 박스와 테이핑 처리되어서 환경에도 도움이 되는 것 같네요. 사은품도 잘 받았고 스타벅스커피 쿠폰도 준다고 해서 좋네요. 여러가지로 잘 챙겨주셔서 감사합니다. 탈모방지 효과도 좋았으면 좋겠네요.,제품구성,사은품도 잘 받았고,1,[속성] 제품구성 [문장] 사은품도 잘 받았고,,제품구성,unchanged
train,782333,쇼핑몰,헤어/바디케어,OO 아** 샴푸 민감성두피용 500g 1개,두피가 가렵고 머리카락이 많이 빠졌는데 시원하고 덜빠져요. 제형이 부드럽고 거품도 잘납니다.,제형,제형이 부드럽고,1,[속성] 제형 [문장] 제형이 부드럽고,,제형,unchanged
train,783119,쇼핑몰,헤어/바디케어,OO 려** 탈모증상케어 샴푸 820ml 1개,ㅇㅇㅇ샴푸 좋은 건 소문으로 알고 있었습니다. 멘톨같은 성분이 있어 감을 때 두피가 개운합니다. 그런데 나이 탓인지 머리카락이 많이 빠져요.,성분,멘톨같은 성분이 있어,0,[속성] 성분 [문장] 멘톨같은 성분이 있어,,성분,unchanged
train,786706,쇼핑몰,헤어/바디케어,OO 일** 세라마이드 로션 528ml 1개,한번 마트에서 사서 써보고 계속 쓰고 있습니다. 제형이 쫀득쫀득해서 발림성이 좋습니다. 피부도 촉촉해지고 좋습니다.,제형,제형이 쫀득쫀득해서,1,[속성] 제형 [문장] 제형이 쫀득쫀득해서,,제형,unchanged
train,786822,쇼핑몰,헤어/바디케어,OO 일** 세라마이드 로션 528ml 1개,1위한 제품이라 구매해봤습니다. 발라도 끈적함이 없어서 좋습니다. 촉촉하게 흡수 잘 되요. 향도 없어서 좋습니다. 잘 쓰겠습니다.,보습력/수분감,촉촉하게,1,[속성] 보습력/수분감 [문장] 촉촉하게,,보습력/수분감,unchanged
train,786960,쇼핑몰,헤어/바디케어,OO 일** 세라마이드 로션 528ml 1개,재구입인데 이번에도 금방 쓸 것 같습니다. 가족이 많아 용량이 모자랍니다. 끈적임 덜하고 냄새도 자극 없어 좋습니다.,흡수력,끈적임 덜하고,0,[속성] 흡수력 [문장] 끈적임 덜하고,,흡수력,unchanged
train,788651,쇼핑몰,헤어/바디케어,OO 더** 바디 스프레이 200ml 1개,"향이 좋고 향이 오래갑니다. 제가 옛날부터 꼭 사고 싶었는데 가격이 비싸서 이제야 구입했네요. 처음 뿌릴 때에는 민트 향이 좀 강해서 별로지만, 좀 지나면 잔향이 아주 좋습니다. 만족해요.",가격,가격이 비싸서,-1,[속성] 가격 [문장] 가격이 비싸서,,가격,unchanged
train,789485,쇼핑몰,헤어/바디케어,OO 일** 오일스무딩 로션 350ml 2개,제형이 부드럽고 촉촉해서 건조한 피부에 딱입니다. 지난 가을부터 봄까지 사용중인데 전혀 끈적이지 않습니다.,제형,제형이 부드럽고,1,[속성] 제형 [문장] 제형이 부드럽고,,제형,unchanged
train,790046,쇼핑몰,헤어/바디케어,OO 일** 세라마이드  로션 350ml 1개,사무실에서 핸드크림용으로 사용합니다. 겨울엔 리치한거 쓰고 여름엔 항상 이거 기본으로 써요. 뭔가 가벼운듯 하면서 촉촉하게 스며들어 있습니다.,보습력/수분감,촉촉하게,1,[속성] 보습력/수분감 [문장] 촉촉하게,,보습력/수분감,unchanged
train,790208,쇼핑몰,헤어/바디케어,OO 일** 세라마이드  로션 350ml 1개,"아토피 때문에 너무 건조하고 가려워서 고생 중인데 이 로션이 좋다고 해서 구입했습니다. 몇 시간마다 바르는데 여름에 사용하기에는 좋지만 봄, 가을, 겨울에 쓰기에는 가벼운 느낌입니다. 일반 피부인 엄마는 바디 뿐만 아니라 얼굴에 사용하는데 좋고 피부에 딱이라며 잘 쓰시네요.",흡수력,가벼운 느낌입니다.,-1,[속성] 흡수력 [문장] 가벼운 느낌입니다.,,흡수력,unchanged
train,285595,쇼핑몰,메이크업/뷰티소품,OO 그** 썬스틱 6개+달팽이 마스크팩 2박스(총10매),♣ 발랐을때 끈적임 덜하고 제형의 단단함정도도 적당하니 좋으네요. 올여름 효과를 기대하며 잘쓰겠어요.,흡수력,끈적임 덜하고,1,[속성] 흡수력 [문장] 끈적임 덜하고,,흡수력,unchanged
train,285909,쇼핑몰,메이크업/뷰티소품,OO 팡** 빅 선쿠션 스페셜 패키지(싱글),촉촉하게 잘 발리고 바르고 바로 끈적이지 않아서 잘 쓰고 있습니다. 냄새는 좀 별로에요.,보습력/수분감,촉촉하게,1,[속성] 보습력/수분감 [문장] 촉촉하게,,보습력/수분감/쿨링감,merged_duplicate_label
train,288507,쇼핑몰,메이크업/뷰티소품,OO 인** 커버 왕쿠션+비비크림 대박세트,다른 쿠션에 비해 월등한 크기와 퍼프의 발리는 촉감 이 부드럽고 크기가 커서 몇번만 움직여도 빨리 정리가 되어 간편하고 발랐을 때 산뜻하게 밀착되어 지존 사용하고 있는 제품과는 다르게 휠씬 맘에 들네요 많이 파세요..,사이즈/두께,크기가 커서,1,[속성] 사이즈/두께 [문장] 크기가 커서,,사이즈/두께,unchanged
train,288533,쇼핑몰,메이크업/뷰티소품,OO 인** 커버 왕쿠션+비비크림 대박세트,상품 잘 받았습니다! 커버력과 피부톤업은 좋습니다. 광도 나고 피부 좋아보입니다. 크기가 커서 가지고 다니기엔 쫌 불편한감이 있습니다. 지속력은 떨어지는것 같습니다. 시간지나면 주름이 페이고 건조한감이 있습니다. 개인마다 차이가 있으니.. 그래도 이정도면 굿!!^^ 아직 비비크림은 못 발라봤어요~ 같이 사용하면 시너지효과가 날려나??ㅎㅎ 번창하세요!!^^ 사은품 챙겨주시구요~~,사이즈/두께,크기가 커서,-1,[속성] 사이즈/두께 [문장] 크기가 커서,,사이즈/두께,unchanged
train,288590,쇼핑몰,메이크업/뷰티소품,OO 인** 커버 왕쿠션+비비크림 대박세트,퍼프가 커서 좋아요..큰거울 맘에 쏙 들어요. 딱 바르면 시원하고 촉촉하게 잘먹어요~ 퍼프 커서 몇번 안두드려도 금방 화장 끝~!! 예민한 피부인데 1주일 써본결과 트러블없었어요. 추가퍼프 개수가 많아서 좋네요~잘쓰겠습니다~!!,보습력/수분감,촉촉하게,1,[속성] 보습력/수분감 [문장] 촉촉하게,,보습력/수분감/쿨링감,merged_duplicate_label
train,288683,쇼핑몰,메이크업/뷰티소품,OO 인** 커버 왕쿠션+비비크림 대박세트,흡수가 잘되어 피부가 답답한 느낌도없이 촉촉하게 화장이 피부에 잘 먹네요 너무 좋은것같아서 앞으로도 쭉 사용할것같아요 ㅎㅎ,보습력/수분감,촉촉하게,1,[속성] 보습력/수분감 [문장] 촉촉하게,,보습력/수분감/쿨링감,merged_duplicate_label
train,289105,쇼핑몰,메이크업/뷰티소품,OO 왕쿠션+비비크림 대박세트,OOO 쿠션 ..우연히 채널을 틀다 보게된 쿠션 ..마침 쿠션도 떨어뎌서 어떤걸 사야되나 고민이 많았어요~그러더 우연찮게 보게되었는데 이거다~싶었죠 바로 주문했구요 배송도 빨리왔네요 ~열어보자마자 얼굴에 발라보았어요~크기가 커서 한번에 넓은 부위를 바를수있어 좋네요~커버력은 그냥저냥~색깔이 맘에드네요~피부에 먹으니 발색은 자연스러워좋아요^^,사이즈/두께,크기가 커서,1,[속성] 사이즈/두께 [문장] 크기가 커서,,사이즈/두께,unchanged
train,289160,쇼핑몰,메이크업/뷰티소품,OO 왕쿠션+비비크림 대박세트,상품평처럼 막 좋고 그런건 아닌듯요.. 퍼프가 크니까 세심하게 발리는건 덜한듯하고요 .. 쿠션 없어서 몇개월 고민하다 샀어요 그냥 저렴한 가격에 샀다고 생각합니다 용량이 크네요 사은품도 괜찮은것 같고요 건성인데 각질이 있어요 각질은 어쩔수없네요.. 믈론 장점도 있어요 한번찍어서 얼굴 다 발랐고요 미백 톤업 괜찮네요 환해져요,사이즈/두께,퍼프가 크니까,-1,[속성] 사이즈/두께 [문장] 퍼프가 크니까,,사이즈/두께,unchanged
train,289200,쇼핑몰,메이크업/뷰티소품,OO 왕쿠션+비비크림 대박세트,대용량이라 크기가 커서 거울이 시원하게 보이고 빠르게 바를 수 있어 좋았습니다 커버력도 좋은편입니다,사이즈/두께,크기가 커서,1,[속성] 사이즈/두께 [문장] 크기가 커서,,사이즈/두께,unchanged
train,289201,쇼핑몰,메이크업/뷰티소품,OO 왕쿠션+비비크림 대박세트,일단 퍼프가 크니까 몇번 안발라도 화장 완성이요~~ 10초면 꼼꼼하게 다 발라져요~ 아침에 화장하는 시간이 대~~폭 줄었구요~ 좋다는? 쿠션에 사기당한? 적이 한두번이 아닌데~ 이 쿠션~ 기대없이 무료체험 후 반품했다가 다시 재구매합니다~ 역시 쿠션도 믿을만한 회사에서 만들어야 제값하네요~~,사이즈/두께,퍼프가 크니까,1,[속성] 사이즈/두께 [문장] 퍼프가 크니까,,사이즈/두께,unchanged
train,289289,쇼핑몰,메이크업/뷰티소품,OO 왕쿠션+비비크림 대박세트,저랑 잘 안맞으면 어떡하지 하고 고민했었는데 일주일 체험이 있어서 더 좋은거 같애요!! 일단 제가 화면으로 보았던 것 보다 쿠션이 정말 큽니다 !! 그리고 정말 촉촉하게 잘 발립니다 아침에 하고 저녁까지 수정화장 안했는데 괜찮았습니다 보송보송하게 발립니다 비비 굳이 안바르고 팩트만 해도 커버력이 괜찮을거 같아요 !! 퍼프 수량도 여유롭게 주셔서 정말 좋습니다 ~~! 복합성 피부인 저에게도 잘 맞았습니다~! 다쓰면 또 구매의향 있습니다 많이파세여,보습력/수분감,촉촉하게,1,[속성] 보습력/수분감 [문장] 촉촉하게,,보습력/수분감/쿨링감,merged_duplicate_label
train,289447,쇼핑몰,메이크업/뷰티소품,OO 왕쿠션+비비크림 대박세트,거울이 일단 커서 너무 맘에들고 커버력도 좋아요 퍼프가 크니까 편하게 몇번만 두드려도 화장이 다되요 바쁜 직장인에게 필수 아이템입니다 세트로 사서 언니랑 하나씩 나눠가졌는데 언니도 너무 좋아하네요~~,사이즈/두께,퍼프가 크니까,1,[속성] 사이즈/두께 [문장] 퍼프가 크니까,,사이즈/두께,unchanged
train,289508,쇼핑몰,메이크업/뷰티소품,OO 왕쿠션+비비크림 대박세트,딸내미들이 좋다해서 로드샾에서 단품으로 사보고 세트나오길래 주문합니다 너무 조하요 제형이 부드럽고 도자기 피부 같구요 강추입니다,제형,제형이 부드럽고,1,[속성] 제형 [문장] 제형이 부드럽고,,제형,unchanged
train,289630,쇼핑몰,메이크업/뷰티소품,OO 트** 쿠션 세트_슬림구성,촉촉함이 오래가고 화장을 하고 장시간이 지나도 지속력이 오래가네요.,지속력/유지력,오래가고,1,[속성] 지속력/유지력 [문장] 오래가고,,지속력/유지력,unchanged
train,289922,쇼핑몰,메이크업/뷰티소품,OO 커** 쿠션 대박구성,상품평보고 샀는데 커버력은 그럭저럭밀착력은 너무 없고 밀리고 제형이 주름끼고 신경이 자꾸 써여 이것저것 사용해본것중에 최악이네요 ㅜ ㅜ,커버력,커버력은 그럭저럭,-1,[속성] 커버력 [문장] 커버력은 그럭저럭,,커버력,unchanged
train,290827,쇼핑몰,메이크업/뷰티소품,OO 블** 립스틱 스페셜 패키지,색상 오래가고 촉촉하니 좋으네요. 전혀 묻어나지 않는다는건 아니네요. 처음에는 약간 묻어나지만 잘지워지지 않고 시간이 지날수록 더 선명해져요..,지속력/유지력,오래가고,1,[속성] 지속력/유지력 [문장] 오래가고,,지속력/유지력,unchanged
train,291439,쇼핑몰,메이크업/뷰티소품,OO 에** 커버팩트,평소 자주쓰던 제품입니다.저 혼자 느낌인지 몰라도 발림성도 그렇고 유수분도 전보다는 모자란 느낌이네요,발림성,발림성도 그렇고,-1,[속성] 발림성 [문장] 발림성도 그렇고,,발림성,unchanged
train,286517,쇼핑몰,메이크업/뷰티소품,OO 블** 멜라스틱 3개 + 삼각파우치 ,제형이 부드럽고 발림이 좋긴 하나 커버력은 별로에요 눈밑 기미 커버에 도움이 될까 기대했는데 ᆢ 좀 아쉽네요!,제형,제형이 부드럽고,1,[속성] 제형 [문장] 제형이 부드럽고,,제형,unchanged
train,286605,쇼핑몰,메이크업/뷰티소품,OO 블** 멜라스틱 5개,마스크에 전혀 안묻는건 아닙니다.. 제형이 부드럽고 잘발립니다.. 촉촉하고 뽀샤시 합니다,제형,제형이 부드럽고,1,[속성] 제형 [문장] 제형이 부드럽고,,제형,unchanged
train,286653,쇼핑몰,메이크업/뷰티소품,OO 퍼** 에센스 커버 팩트 (본품+리필),촉촉하게 발림성 좋네요 배송도 빠릅니다. 저렴하게 구매해서 더 좋네요,보습력/수분감,촉촉하게,1,[속성] 보습력/수분감 [문장] 촉촉하게,,보습력/수분감/쿨링감,merged_duplicate_label
train,293849,쇼핑몰,메이크업/뷰티소품,OO 페** 컬렉션 11BOX 네일스티커,너무 좋아요 원래 네일 잘 안하는데 여름이라 샌들을 많이 신어서 구매해서 붙여보니 왜 여지껏 안했는지 후회되네요 잘붙고 오래가고 디자인이 너무 예뻐서 제발이 맞나 싶을정도로 신기하고 마음에 듭니다 강추예요,지속력/유지력,오래가고,1,[속성] 지속력/유지력 [문장] 오래가고,,지속력/유지력,unchanged
train,294931,쇼핑몰,메이크업/뷰티소품,OO 네일 손발톱 영양케어 세트,한 번 사용하고 효과에 반해 계속 주문하게 되네요. 유난히 건조한 피부를 촉촉하게 해 주어 만족감을 느끼고 있습니다.,보습력/수분감,촉촉하게,1,[속성] 보습력/수분감 [문장] 촉촉하게,,보습력/수분감/쿨링감,merged_duplicate_label
train,295183,쇼핑몰,메이크업/뷰티소품,OO 네일 손발톱 영양케어 세트,갈라진 발톱때문에 주문했는데 꾸준히 바르면 효과있을거같아요 촉촉하게 잘발라지네요,보습력/수분감,촉촉하게,1,[속성] 보습력/수분감 [문장] 촉촉하게,,보습력/수분감/쿨링감,merged_duplicate_label
train,296839,쇼핑몰,메이크업/뷰티소품,OO 매** 발각질 제거기*2개 + 힐밤 풋 크림*1개,보기에는 투박하고 거칠게 생겼는데 막상 사용해보니 너무 부드럽게 잘 밀리고 손잡이도 도톰한게 잡고 사용 하기가 편하고 좋아요 그동안 여러종류에 풋 제품을 사용해 본것 중에 제일 마음에 드네요~풋크림은 제형이 부드럽고 잘 발려요.,제형,제형이 부드럽고,1,[속성] 제형 [문장] 제형이 부드럽고,,제형,unchanged
train,296932,쇼핑몰,메이크업/뷰티소품,OO 저자극 주름 멀티밤 10g 5+1 / 총 6개,여기저기 바르기 좋을 것 같아서 구매했습니다. 가격도 비싸고 생각만큼 안 좋습니다. 유분이 많아서 화장위에 덧 바르면 밀려요. 그냥 자기 전에 눈가랑 목에도 바르고 입술에도 바르고 자요 흡수가 잘 안되요. 지인이 달라고 해서 줘버렸습니다.,보습력/수분감,유분이 많아서,-1,[속성] 보습력/수분감 [문장] 유분이 많아서,,보습력/수분감/쿨링감,merged_duplicate_label
train,297028,쇼핑몰,메이크업/뷰티소품,OO 저자극 주름 멀티밤 10g 5+1 / 총 6개,비추합니다. 리뷰에서 나온거랑 완전 달라요. 발림성도 안 좋고 가성비 별로에요. 크기가 커서 포켓에 넣고 다니며 사용하기는 불편합니다. 직장동료 동생들에게도 선물 한개씩 선물하려고 여러개 구입했는데 후회됩니다. 다른 제품 다시 구매해야겠습니다.,사이즈/두께,크기가 커서,-1,[속성] 사이즈/두께 [문장] 크기가 커서,,사이즈/두께,unchanged
train,297436,쇼핑몰,메이크업/뷰티소품,OO 아**/블루/퓨어 EDT 75ml 특가전,향도 오래가고 사용기한 길어서 좋아요,지속력/유지력,오래가고,1,[속성] 지속력/유지력 [문장] 오래가고,,지속력/유지력,unchanged
train,297939,쇼핑몰,메이크업/뷰티소품,OO 핑** 립밤  4.8g 3개,이름대로 무향에 보들보들 발림성이 부드러운 립밤이네요 아이가 용기의 OOO도 OOO도 좋아해서 거부감은 없네요,향,무향에,1,[속성] 향 [문장] 무향에,,향,unchanged
train,297951,쇼핑몰,메이크업/뷰티소품,OO 커버 퍼펙션 팟 컨실러,사이즈가 작아서 휴대하기 편할듯하고 많이 매트해서 지성인분들 쓰기 괜찮을듯해요,사이즈/두께,사이즈가 작아서,1,[속성] 사이즈/두께 [문장] 사이즈가 작아서,,사이즈/두께,unchanged
train,298153,쇼핑몰,메이크업/뷰티소품,OO 선쿠션스틱 더블구성 (본품6개+상품평시 2개더),백탁현상없고 피부투명한거맞나요 신기~~매트하고 향 진하지않고 좋아요,보습력/수분감,매트하고,1,[속성] 보습력/수분감 [문장] 매트하고,,보습력/수분감/쿨링감,merged_duplicate_label
train,298180,쇼핑몰,메이크업/뷰티소품,OO 선쿠션스틱 기본구성 (본품3개+상품평시 1개더),(장점 ) 1.쓰기편하고 제형이 묽어서 발림성 좋다. 2.백탁없다 (단점) 1.교체퍼프가 구성에 없다 같이팔던가하면좋겠다 2.향이 좋지만 무겁다. 여름되면 조금 답답할듯 데오드란트에서 많이 쓰는향,제형,제형이 묽어서,1,[속성] 제형 [문장] 제형이 묽어서,,제형,unchanged
train,299370,쇼핑몰,메이크업/뷰티소품,OO 쿠션 매니아구성(본품4+리필3)+리필1,"반신반의하며 구매했어요. 쿠션은 비싼게 좋더라구요.OOO,OO이 가볍게 발리고 좋죠. OOOO까지도 좋아요. 홈쇼핑 인기상품도 많이 써봤지만 다 가격대비 그냥저냥 쓸만한거지 고가제품과는 달랐어요.근데 OOOOOO는 가볍게 발려서 백탁현상 없구요,(전원래 21호 썼었는데 이제 나이 생각해서 23호 구입했어요.) 무엇보다 수분감이 느껴져서 신기해요. 촉촉하고 미세하게 은은한 향도 좋네요.추천하고 싶어서 귀찮지만 후기 남기러 왔어요.ㅎㅎ",발림성,가볍게 발려서,1,[속성] 발림성 [문장] 가볍게 발려서,,발림성,unchanged
train,299558,쇼핑몰,메이크업/뷰티소품,OO 선쿠션스틱 기본구성 (본품3개+상품평시 1개더),촉촉하게 발림성 좋아요. 근데 바를때 힘을 좀 줘서 용기를 짜야 내용물이 나오네요 ㅜㅜ,보습력/수분감,촉촉하게,1,[속성] 보습력/수분감 [문장] 촉촉하게,,보습력/수분감/쿨링감,merged_duplicate_label
train,299727,쇼핑몰,메이크업/뷰티소품,OO 선쿠션스틱 기본구성 (본품3개+상품평시 1개더),방송보다 편하게 막 쓸 수 있을꺼 같아 구매했어요~ 생각대로 쓰기 너무 편하고 온가족이 사용 중 입니다~ 촉촉하게 바로 흡수되는 느낌이 들어 후다닥 간편하게 발라주니 너무 좋네요^^,보습력/수분감,촉촉하게,1,[속성] 보습력/수분감 [문장] 촉촉하게,,보습력/수분감/쿨링감,merged_duplicate_label
train,617426,쇼핑몰,메이크업/뷰티소품,OO 레** EDT 100ml,사람들이 호불호 없이 좋아할 향이고 다들 가지고 싶어하는 OOO이라 만족스럽네요. 가격이 비싸서 망설인게 후회가 됩니다. 선물로도 좋을 것 같습니다. 이 제품으로 정착할께요. 향이 질리지도 않고 산뜻합니다.,가격,가격이 비싸서,1,[속성] 가격 [문장] 가격이 비싸서,,가격,unchanged
train,617805,쇼핑몰,메이크업/뷰티소품,OO 레** EDT 100ml,예전에 쓰던 OO 향수는 향이 무거워서 쓰기 좋았는데 이 향수는 향이 가벼워서 중년 남성이 쓰기에는 별로인 거 같아요. 향이 좀 더 무거웠으면 좋겠어요.,향,향이 가벼워서,-1,[속성] 향 [문장] 향이 가벼워서,,향,unchanged
train,617871,쇼핑몰,메이크업/뷰티소품,OO 레** EDT 100ml,가격 저렴하게 구입했습니다. OOO 남성 화장품 스킨로션과 같은 향이네요. 향이 진하고 오래 가네요. 향이 너무 강해 머리가 아픈데 아들은 좋아합니다.,향,향이 진하고,0,[속성] 향 [문장] 향이 진하고,,향,unchanged
train,618288,쇼핑몰,메이크업/뷰티소품,OO 레** EDT 100ml,두개째 이것만쓰고 있는데요 향이 무난하고 지속력 좋고 마음에 듭니다. 사계절용으로 쓰기도 좋아요. 너무 강하지 않고 일반적인 남자 향수예요.,향,향이 무난하고,1,[속성] 향 [문장] 향이 무난하고,,향,unchanged
train,618328,쇼핑몰,메이크업/뷰티소품,OO 레** EDT 100ml,머스크향이 베이스인 이 향기는 남자들에겐 필수인 듯해요. 향이 무난하고 가격 대비 좋아요.,향,향이 무난하고,1,[속성] 향 [문장] 향이 무난하고,,향,unchanged
train,618963,쇼핑몰,메이크업/뷰티소품,OO 아** EDT 125ml,가격이 저렴해서 구매했어요. 구매자분들 평도 좋았고 처음사용할때는 향이 진하고 지속력도 괜찮았는데 3개월쯤 지나면서부터 향이 약해지면서 지속력은 40분을 넘지 못하네요.,향,향이 진하고,1,[속성] 향 [문장] 향이 진하고,,향,unchanged
train,619023,쇼핑몰,메이크업/뷰티소품,OO 아** EDT 125ml,OOO 이 제품은 향이 가볍고 상쾌한 느낌의 향입니다. 지금 계절에 사용하기 좋은 것 같아요. 전체적인 향이 강하지 않아서 괜찮네요. 나름대로 매력이 있는 향수인 것 같습니다. 잘 쓸께요.,향,향이 가볍고,0,[속성] 향 [문장] 향이 가볍고,,향,unchanged
train,619113,쇼핑몰,메이크업/뷰티소품,OO 아** EDT 125ml,향이 진하지도 않고 잔향도 좋습니다. 늘 사용하는 제품이라서 대용량으로 구매했습니다. 용량이 많아 오래 사용하기 좋아요.,향,향이 진하지도 않고,1,[속성] 향 [문장] 향이 진하지도 않고,,향,unchanged
train,619265,쇼핑몰,메이크업/뷰티소품,OO 아** EDT 125ml,동생이 원래 쓰던 거예요. ㅇㅇㅇ등등 써봤는데 ㅇㅇ가 향이 질리지 않고 그나마 잔향도 오래가고 무난한듯합니다. 백화점에서 사서 정품이니 품질 의심은 안 해서 좋아요. 배송도 빨랐고 쿠폰 써서 엄청 저렴하게 샀습니다.,지속력/유지력,오래가고,1,[속성] 지속력/유지력 [문장] 오래가고,,지속력/유지력,unchanged
train,619343,쇼핑몰,메이크업/뷰티소품,OO 아** EDT 125ml,가성비 좋네요. 향도 은은합니다. 오래가지는 않는 것 같습니다. 향이 좋네요. 디자인도 이뻐서 좋아요.,지속력/유지력,오래가지는 않는 것 같습니다.,1,[속성] 지속력/유지력 [문장] 오래가지는 않는 것 같습니다.,,지속력/유지력,unchanged
train,619439,쇼핑몰,메이크업/뷰티소품,OO 블** 코롱 100ml,아들 입학선물로 구매!포장도 꼼꼼하고 안전하게 배송됐습니다. 중성적인 향이라 딸도 뿌리고 아들도 뿌리는데 코롱이라 향이 하루종일 가지는 않네요. 자주 뿌리다 보니 용량이 작은 것 같이 느껴지네요.,향,중성적인 향이라,0,[속성] 향 [문장] 중성적인 향이라,,향,unchanged
train,619780,쇼핑몰,메이크업/뷰티소품,OO 블** 코롱 100ml,OOO 향수가 좋다고 해서 써 봤습니다. 그런데 향이 강해서 다른 향수와 함께 사용하지 못할 거 같아요. 향이 자연스럽지 않습니다. 데일리로 사용하기도 별로인 거 같아요.,향,향이 강해서,-1,[속성] 향 [문장] 향이 강해서,,향,unchanged
train,619802,쇼핑몰,메이크업/뷰티소품,OO 블** 코롱 100ml,남친 선물로 구입했습니다. 중성적인 향이라 남녀 둘다 사용하기 좋습니다. 뿌리면 처음에 무척 시원한 향이 느껴지고 나중에 은은하니 향이 좋습니다. 코롱이라 지속력이 안 좋을 줄 알았는데 아침에 뿌리면 저녁까지 향이 가네요. 퍼품 못지않은 지속력입니다.,향,중성적인 향이라,1,[속성] 향 [문장] 중성적인 향이라,,향,unchanged
train,619950,쇼핑몰,메이크업/뷰티소품,OO 블** 코롱 100ml,생일 선물로 받았습니다. 예전부터 사용해보고 싶었는데 가격이 비싸서 고민하고 있었습니다. 유명한 제품인 것은 알았지만 향을 맡아본 적이 없어서 백화점에 가서 추천해주신 제품 2가지 정도를 시향해보고 결정했습니다. 다른 제품도 향이 좋던데 그것도 구매 예정입니다. 용량이 커서 오래 사용할 것 같습니다. 남녀노소 모두 사용해도 된다고 해서 가족 모두 사용하기 좋네요. 향이 진하지 않고 은은해서 데일리로 사용하기 좋습니다.,가격,가격이 비싸서,-1,[속성] 가격 [문장] 가격이 비싸서,,가격,unchanged
train,620001,쇼핑몰,메이크업/뷰티소품,OO 블** 코롱 100ml,동생 향수중에 우연히 향이 좋아 알게되어 가끔씩 빌려 쓰다가 다써서 큰 용량으로 재구매했습니다. 서로 취향이 달라 각자 다른 향을 사용했는데 처음으로 공유하게된 향수네요 향이 진하지도 않고 은근히 힐링이 되는 향입니다. 요즘 매일 사용합니다 향이 너무 가볍지도 무겁지도 않은게 요즘 저의 최애 향수입니다.,향,향이 진하지도 않고,1,[속성] 향 [문장] 향이 진하지도 않고,,향,unchanged
train,620016,쇼핑몰,메이크업/뷰티소품,OO 블** 코롱 100ml,원래 유명한 브랜드 제품이라 항상 사용해보고 싶었는데 가격이 비싸서 망설이다가 이번에 향수와 핸드 워시를 구입했습니다. 엄마와 하나씩 사용하고 있습니다. 뿌릴 때는 향이 좋습니다. 아쉬운 건 뿌리고 돌아서면 향이 사라진 것 같습니다. 지속력이 좋지 않네요. 처음에는 황당해서 제품이 잘못 온 줄 알았습니다. 향은 좋지만 오래가지 않아서 아쉽습니다. 다시 사용하지 않을 것 같습니다.,가격,가격이 비싸서,-1,[속성] 가격 [문장] 가격이 비싸서,,가격,unchanged
train,620510,쇼핑몰,메이크업/뷰티소품,OO 플** EDP 75ml,애장템 OOO제품에 이어서 이 제품을 구입했습니다. 기대만큼 오묘한 향이네요. 잔향도 은은하게 오래가고 사용감이 싱그러운 느낌이 들어서 추천해요. 그래도 OOO제품도 좋아해서 하루씩 번갈아가며 쓰고 있습니다.,지속력/유지력,오래가고,1,[속성] 지속력/유지력 [문장] 오래가고,,지속력/유지력,unchanged
train,620742,쇼핑몰,메이크업/뷰티소품,OO 오리지널 머스크 EDT 50ml,후기가 좋아서 한번 써보려고 샀는데 호불호가 좀 강한 향일 것 같네요. 저한테는 안 맞네요. 그리고 향은 강하지만 지속력이 거의 없습니다.,향,향은 강하지만,0,[속성] 향 [문장] 향은 강하지만,,향,unchanged
train,620835,쇼핑몰,메이크업/뷰티소품,OO 오리지널 머스크 EDT 50ml,친구 생일 선물로 구매했는데 너무 좋아했어요. 향이 좋고 오래가고 시간이 지날 수록 은은하게 향이 나서 좋다고 하네요.,지속력/유지력,오래가고,1,[속성] 지속력/유지력 [문장] 오래가고,,지속력/유지력,unchanged
train,620988,쇼핑몰,메이크업/뷰티소품,OO 오리지널 머스크 EDT 50ml,사은품도 많이 넣어주셨어요. 첫 향은 많이 강했어요. 향은 강하지만 확산력이 강한것은 아니네요. 첫 향은 쎈 나프탈렌이라고 해야 하나 암튼 제스타일은 아니었어요. 한참 지난 후에 센 향이 빠지고 나니 화장품향이라고 해야할까 그 뒤부터 향이 괜찮은 것 같았어요. 여자들이 쳐다보게하는 향이라고 해서 구매했지만 저한테는 맞지 않는 향이네요. 하지만 신랑은 괜찮다고 해요. 시향할 수 있는 뭔가가 있었음 좋겠어요.,향,향은 강하지만,0,[속성] 향 [문장] 향은 강하지만,,향,unchanged
train,621245,쇼핑몰,메이크업/뷰티소품,OO 오리지널 머스크 EDT 50ml,잘 나간다고 해서 한번 구매해 봤는데 여름에 사용하기에는 다소 무거운 감이 없지 않아 있지만 깔끔한 캐주얼정장 룩에 어울리는 듯한 향입니다. 지속력도 나쁘지 않고 처음 우드 향도 괜찮지만 잔향이 머스크가 너무 좋습니다. 잔향이 좋은 향수가 진짜 좋은 향수죠.,지속력/유지력,지속력도 나쁘지 않고,1,[속성] 지속력/유지력 [문장] 지속력도 나쁘지 않고,,지속력/유지력,unchanged
train,621795,쇼핑몰,메이크업/뷰티소품,OO 쿨** 맨 EDT 125ml,은은한 향을 원했는데 생각보다 향이 강하고 시원한 향이 아니네요. 여자가 사용하기 적합하지 않은 향입니다.,향,향이 강하고,-1,[속성] 향 [문장] 향이 강하고,,향,unchanged
train,622097,쇼핑몰,메이크업/뷰티소품,OO 쿨** 맨 EDT 125ml,향이 진해서 강풍이 불어대는 겨울철에 사용하기 좋습니다. 향이 강해서 저에게 딱 좋은 향수예요. 향이 진하고 지속력도 좋아서 늘 재구매하고 있습니다. 추천합니다.,향,향이 진해서,1,[속성] 향 [문장] 향이 진해서,,향,unchanged
train,622097,쇼핑몰,메이크업/뷰티소품,OO 쿨** 맨 EDT 125ml,향이 진해서 강풍이 불어대는 겨울철에 사용하기 좋습니다. 향이 강해서 저에게 딱 좋은 향수예요. 향이 진하고 지속력도 좋아서 늘 재구매하고 있습니다. 추천합니다.,향,향이 강해서,1,[속성] 향 [문장] 향이 강해서,,향,unchanged
train,622097,쇼핑몰,메이크업/뷰티소품,OO 쿨** 맨 EDT 125ml,향이 진해서 강풍이 불어대는 겨울철에 사용하기 좋습니다. 향이 강해서 저에게 딱 좋은 향수예요. 향이 진하고 지속력도 좋아서 늘 재구매하고 있습니다. 추천합니다.,향,향이 진하고,1,[속성] 향 [문장] 향이 진하고,,향,unchanged
train,622098,쇼핑몰,메이크업/뷰티소품,OO 쿨** 맨 EDT 125ml,겨울철에 향이 연해야되는 줄 알았는데 아니더라구요. 더 강하게 향을 지속시켜야 나의 특유의 향이 사라진다는 사실을 깨달았어요. 향이 진하고 지속력도 좋아서 재구매하여 사용합니다.,향,향이 진하고,1,[속성] 향 [문장] 향이 진하고,,향,unchanged
train,622145,쇼핑몰,메이크업/뷰티소품,OO 쿨** 맨 EDT 125ml,OOO 가격은 저렴한데 향도 약하고 향도 오래 가지 않아요. 남자 스킨 향인 듯 별로였어요. 재구매 의사 전혀 없어요.,향,향도 약하고,-1,[속성] 향 [문장] 향도 약하고,,향,unchanged
train,622694,쇼핑몰,메이크업/뷰티소품,OO 우** 앤 씨솔트 코롱 100ml,샘플도 주시고 카드 할인까지 받아 저렴하게 잘 샀습니다. 선물 받아서 써보고 좋아서 직접 구입했습니다. 지속력이 너무 짧아서 좀 아쉽지만 그것만 빼면 좋아요.,제품구성,샘플도 주시고,0,[속성] 제품구성 [문장] 샘플도 주시고,,제품구성,unchanged
train,622829,쇼핑몰,메이크업/뷰티소품,OO 우** 앤 씨솔트 코롱 100ml,향이 은은해서 좋다는 소리를 많이 들었습니다. 하지만 지속력이 너무 짧아 아쉽고 들고 다니기 불편해 공병에 담아 사용합니다. 중성적인 향이라 남녀 모두 사용하기 좋네요. 다음에도 구매할 생각이에요.,향,중성적인 향이라,0,[속성] 향 [문장] 중성적인 향이라,,향,unchanged
train,622867,쇼핑몰,메이크업/뷰티소품,OO 우** 앤 씨솔트 코롱 100ml,처음 구매해본 OOO향수입니다. 중성적인 향이고 여름에 사용하기 좋습니다. 다만 지속력이 아쉽습니다. 생각보다 향이 오래가지 않아서 아쉽네요.,향,중성적인 향이고,0,[속성] 향 [문장] 중성적인 향이고,,향,unchanged
train,623087,쇼핑몰,메이크업/뷰티소품,OO 우** 앤 씨솔트 코롱 100ml,가격이 비싸서 가끔 구매해서 사용하는 제품입니다. 향은 금방 날아가 아쉽긴 하지만 은은한 향이 좋습니다.,가격,가격이 비싸서,-1,[속성] 가격 [문장] 가격이 비싸서,,가격,unchanged
train,623151,쇼핑몰,메이크업/뷰티소품,OO 우** 앤 씨솔트 코롱 100ml,OO 코롱 재구매입니다. 이번에는 딸에게 생일선물 주려고 주문했어요. OOO는 향이 가볍고 지속이 좀 짧습니다. 여름에 쓰기 좋아요. 다른 제품들은 어떤지 궁금하네요.,향,향이 가볍고,1,[속성] 향 [문장] 향이 가볍고,,향,unchanged
train,623429,쇼핑몰,메이크업/뷰티소품,OO 익** EDP 100ml,퍼퓸제품이라 일반적 향수보다 향이 강하고 일반적 향수보다 잔향이 더 오래가네요.,향,향이 강하고,0,[속성] 향 [문장] 향이 강하고,,향,unchanged
train,623440,쇼핑몰,메이크업/뷰티소품,OO 익** EDP 100ml,OOO 향수만 계속 고집하네요. 향도 은은하게 좋고 양도 넉넉합니다. 40대인데 향이 강하지 않아서 정장옷에 살짝 뿌리면 하루종일 은은한 향기로 멋진 신사가 됩니다.,향,향이 강하지 않아서,1,[속성] 향 [문장] 향이 강하지 않아서,,향,unchanged
train,623482,쇼핑몰,메이크업/뷰티소품,OO 익** EDP 100ml,일흔 아버지가 진한향 향수를 좋아하시네요 백화점 갔다 우연히 시향했는데 향이 진하고 잔향도 오래가서 인터넷이 더 저렴해서 구매했습니다. 선물로 드리니 이전에 사용하던것보다 향이 진하고 좋다고 하셨어요. 향수병도 고급스럽고 아주 만족해요.,향,향이 진하고,1,[속성] 향 [문장] 향이 진하고,,향,unchanged
train,287449,쇼핑몰,메이크업/뷰티소품,OO 왕쿠션 2개+리필 2개+비비크림 1개(상품평시 1개 더),건조하거나 당기는 느낌없이 촉촉하게 잘 발라지네요 후기보다 커버력은 살짝 부족합니다 ᆢ땀나는부분을 티슈로 톡톡 두드리면 그 부분만 티슈에 묻어나서 지워져서 덧발라도 들뜸이 없어 좋네요,보습력/수분감,촉촉하게,1,[속성] 보습력/수분감 [문장] 촉촉하게,,보습력/수분감/쿨링감,merged_duplicate_label
train,624697,쇼핑몰,메이크업/뷰티소품,OO 상** EDP 50ml,친구 추천으로 구매를 했는데 향기도 취향에 잘 맞고 지속력도 나쁘지 않아요. 무엇보다 저에게 딱 맞는 향수를 찾은 거 같아서 기분이 좋네요.,지속력/유지력,지속력도 나쁘지 않아요.,1,[속성] 지속력/유지력 [문장] 지속력도 나쁘지 않아요.,,지속력/유지력,unchanged
train,624792,쇼핑몰,메이크업/뷰티소품,OO 상** EDP 50ml,가을과 겨울에 사용하기 좋은 향 입니다. 바람이 훅 불면 퍼지는 향기에 기분이 좋아져요. 향이 진하고 오래가서 한번만 뿌려도 잔향이 너무 좋습니다. 50ml 용량은 작지만 오래 쓸 수 있을 것 같아요.,향,향이 진하고,1,[속성] 향 [문장] 향이 진하고,,향,unchanged
train,625401,쇼핑몰,메이크업/뷰티소품,OO 옴** EDT 65ml,너무 좋아하는 향수예요. 향이 진하고 오래가고 잔향도 좋거든요. 울적할 때 뿌리면 기분이 프레쉬해지는 향입니다.,향,향이 진하고,1,[속성] 향 [문장] 향이 진하고,,향,unchanged
train,625401,쇼핑몰,메이크업/뷰티소품,OO 옴** EDT 65ml,너무 좋아하는 향수예요. 향이 진하고 오래가고 잔향도 좋거든요. 울적할 때 뿌리면 기분이 프레쉬해지는 향입니다.,지속력/유지력,오래가고,1,[속성] 지속력/유지력 [문장] 오래가고,,지속력/유지력,unchanged
train,626069,쇼핑몰,메이크업/뷰티소품,OO 옴** EDT 65ml,오리지널 OOO와 차이가 있어요. 향도 진하지 않고 지속성이 없습니다. 품질이 짝퉁같네요. 다시는 인터넷으로 향수를 구입하지 않을껍니다.,향,향도 진하지 않고,-1,[속성] 향 [문장] 향도 진하지 않고,,향,unchanged
train,626597,쇼핑몰,메이크업/뷰티소품,OO 블** 옴므 EDT 100ml,OO 향수 중 OOO는 오랜만에 사용하는데 향이 진하고 오래갑니다. 봄에서 가을까지 사용하기 괜찮은 거 같습니다.,향,향이 진하고,1,[속성] 향 [문장] 향이 진하고,,향,unchanged
train,627842,쇼핑몰,메이크업/뷰티소품,OO O** EDT 200ml,"아들 생일 선물이었는데, 향도 무난하고 진하지 않고 적당하니 좋네요. 공병은 생각보다 작아서 아쉬웠습니다. 감사합니다.",향,향도 무난하고,1,[속성] 향 [문장] 향도 무난하고,,향,unchanged
train,628444,쇼핑몰,메이크업/뷰티소품,OO C** BE EDT 200ml,수년 동안 이 향수만 사용하고 있습니다. 향이 무난하고 지속력도 괜찮은 편입니다. 가성비 좋은 향수예요. 가격도 너무 저렴하게 구매한 거 같아 매우 만족스러워요. 다 사용하면 재구매 의사 있습니다.,향,향이 무난하고,1,[속성] 향 [문장] 향이 무난하고,,향,unchanged
train,629357,쇼핑몰,메이크업/뷰티소품,OO 소** EDT 100ml,ㅇㅇㅇ은 묵직한 향의 남성 향수입니다. 상큼한 향보다는 겨울에 잘 어울리는 묵직한 향입니다. 향이 강해요. 중년 남성에게 더 잘 어울릴 것 같은 향입니다.,향,향이 강해요.,0,[속성] 향 [문장] 향이 강해요.,,향,unchanged
train,629462,쇼핑몰,메이크업/뷰티소품,OO 어** EDP 100ml,소문으로만 접하다가 비싼 가격 때문에 구입 못했습니다.쿠폰과 카드할인 중복으로 적용해서 저렴하게 구입했습니다. 해외직구 사이트보다 더 저렴하게 구입했습니다. 전에 쓰던 다른 향수도 만족하며 쓰고 있었는데 이거 쓰고 부터는 손이 잘 안가요. 가격이 비싸서 아쉽지만 좋은 향수인 건 분명합니다,가격,가격이 비싸서,-1,[속성] 가격 [문장] 가격이 비싸서,,가격,unchanged
train,629501,쇼핑몰,메이크업/뷰티소품,OO 어** EDP 100ml,항상 품절이어서 구매하기 어려웠는데 마침 재고가 있어서 바로 구매했어요. 역시 품질이 좋습니다. 향이 강하고 오랫동안 지속이 됩니다. 만나는 사람 마다 향이 좋아서 어떤 향수 제품 쓰냐고 물어봅니다.,향,향이 강하고,1,[속성] 향 [문장] 향이 강하고,,향,unchanged
train,630309,쇼핑몰,메이크업/뷰티소품,OO 블** EDT 125ml,백화점용에서 구입한 것과 다른 것 같아요. 향도 약하고 알콜냄새가 아주 강한 듯하네요. 향의 지속력도 아주 짧아요.,향,향도 약하고,-1,[속성] 향 [문장] 향도 약하고,,향,unchanged
train,630336,쇼핑몰,메이크업/뷰티소품,OO 블** EDT 125ml,오랫동안 사용하고 있는 향수네요. 근데 정품은 아닌듯 합니다. 매장에서 구매한 것에 비해 향이 진하지도 않고 오래가지도 못합니다. 저렴해서 그냥 사용하고 있어요.,향,향이 진하지도 않고,-1,[속성] 향 [문장] 향이 진하지도 않고,,향,unchanged
train,633738,쇼핑몰,메이크업/뷰티소품,OO 블** EDT 75ml,지속력은 오드퍼퓸처럼 오래오래 지속 되는 편은 아니지만 잔향이 정말 좋아서 계속 뿌리게 되는것같네요. 사계절 다 사용하기에도 좋고 향이 시원해서 여름에 쓰기에 딱 제격인것같네요. 중성적인 향이라 남성 여성 가리지 않고 쓰기도 딱 좋은 것 같네요. 지속력이 약한편이라 자주 뿌려줘야 하지만 잔향이 너무 좋아서 자꾸 손이가게되는것같네요.,향,중성적인 향이라,0,[속성] 향 [문장] 중성적인 향이라,,향,unchanged
train,633782,쇼핑몰,메이크업/뷰티소품,OO 블** EDT 75ml,남편 생일 선물로 준비했습니다. 무겁지 않는 향이라 좋은 것 같네요. 사계절 무난하게 쓰기 좋은 향 같아요. 중성적인 향이라 저도 같이 써 볼까 했는데 여성보다는 남성에게 더 잘 어울릴 것 같은 향입니다.,향,중성적인 향이라,0,[속성] 향 [문장] 중성적인 향이라,,향,unchanged
train,633828,쇼핑몰,메이크업/뷰티소품,OO 블** EDT 75ml,여름에 사용하기 좋네요. 지속력도 나쁘지 않고 더운날 사용하면 기분이 상쾌해져서 좋아요.,지속력/유지력,지속력도 나쁘지 않고,1,[속성] 지속력/유지력 [문장] 지속력도 나쁘지 않고,,지속력/유지력,unchanged
train,633984,쇼핑몰,메이크업/뷰티소품,OO 레** EDT 100ml,잔향은 오래가지는 않네요. 향이 가벼워서 여름에 사용하기 좋을 것 같습니다. 유통기한이 짧은 제품이 와서 아쉽습니다.,향,향이 가벼워서,1,[속성] 향 [문장] 향이 가벼워서,,향,unchanged
train,634177,쇼핑몰,메이크업/뷰티소품,OO 레** EDT 100ml,"배송 빨라서 좋습니다. 중성적인 향이고 물비린내 없어 맘에 듭니다. 다만 다른 아이들은 샘플 보내줬는데, 샘플없이 제품만 와서 아쉽네요.",향,중성적인 향이고,1,[속성] 향 [문장] 중성적인 향이고,,향,unchanged
train,634849,쇼핑몰,메이크업/뷰티소품,OO 피** 스웨이드 코롱 100ml,아빠 생신 선물로 사드렸는데 이 향만 쓰셔서 그런지 굉장히 만족하고 계세요. ㅇㅇㅇ 향보다 개인적으로 이 향이 더 좋은듯합니다. 향도 생각보다 오래가고 다른 용기에 담아서 잘 뿌리고 다니고 계시답니다,지속력/유지력,오래가고,1,[속성] 지속력/유지력 [문장] 오래가고,,지속력/유지력,unchanged
train,635756,쇼핑몰,메이크업/뷰티소품,OO 더** 메이크업 파운데이션 30ml 1개,좋은 가격에 구입해서 잘 사용할게요. 보정력도 좋고 잡티 커버 완벽하게 됩니다. 단점은 매트해서 촉촉한 감은 없다는 거예요. 샘플도 전혀 안 보내준 것은 아쉽네요.,보습력/수분감,매트해서,-1,[속성] 보습력/수분감 [문장] 매트해서,,보습력/수분감/쿨링감,merged_duplicate_label
train,635761,쇼핑몰,메이크업/뷰티소품,OO 더** 메이크업 파운데이션 30ml 1개,이 제품은 발림성도 좋고 매트하지만 사용감이 불편하지 않습니다. 피부가 화사해 보이면서 잡티가 커버가 잘 되어서 좋습니다. 퍼프는 따로 구매를 해야 하니 주의하시길 바랍니다.,보습력/수분감,매트하지만,0,[속성] 보습력/수분감 [문장] 매트하지만,,보습력/수분감/쿨링감,merged_duplicate_label
train,635976,쇼핑몰,메이크업/뷰티소품,OO 더** 메이크업 파운데이션 30ml 1개,얼굴도 화사해지고 제형이 매트해서 다른 제품하고 섞어 바르는데 커버력이 좋습니다. 용량이 적은 게 살짝 아쉽습니다.,제형,제형이 매트해서,0,[속성] 제형 [문장] 제형이 매트해서,,제형,unchanged
train,636130,쇼핑몰,메이크업/뷰티소품,OO 더** 메이크업 파운데이션 30ml 1개,"포슬린색이 화사하니 좋네요 근데 쿨바닐라에 비해 제형이 약간 묽고 커버력이 떨어지는듯해서 둘다 번갈아가며 쓰려고합니다. 바르면 노란기 ,핑크기가 없는 피부톤이 좋네요",제형,제형이 약간 묽고,0,[속성] 제형 [문장] 제형이 약간 묽고,,제형,unchanged
train,636640,쇼핑몰,메이크업/뷰티소품,OO 헤** 쿠션 15g 본품1개,커버력이 엄청 좋지는 않지만 화장이 무너질 때 너무 지저분하게 무너지지 않아서 괜찮습니다. 재구매는 잘 모르겠습니다.,커버력,커버력이 엄청 좋지는 않지만,-1,[속성] 커버력 [문장] 커버력이 엄청 좋지는 않지만,,커버력,unchanged
train,636847,쇼핑몰,메이크업/뷰티소품,OO 헤** 쿠션 리필 15g 1개,늘 사용하는제품입니다. 뜨지 않고 촉촉하게 화장이 잘 먹습니다. 다만 용량이 너무 적습니다.,보습력/수분감,촉촉하게,1,[속성] 보습력/수분감 [문장] 촉촉하게,,보습력/수분감/쿨링감,merged_duplicate_label
train,637215,쇼핑몰,메이크업/뷰티소품,OO 헤** 쿠션 리필 15g 1개,항상 사용하는 제품이에요. 세미매트해서 주름 끼임이 없이 발리고 묻어남도 덜합니다.잘 밀착되고 지속력 좋습니다.,보습력/수분감,세미매트해서,1,[속성] 보습력/수분감 [문장] 세미매트해서,,보습력/수분감/쿨링감,merged_duplicate_label
train,637444,쇼핑몰,메이크업/뷰티소품,OO 헤** 쿠션 리필 15g 1개,리뉴얼 전 ㅇㅇ쿠션보다 얇게 발려서 진짜 마스크 묻어남이 별로 없어요. 엄청난 커버력은 없지만 피부가 편안한 사용감이 마음에 들어요.,발림성,얇게 발려서,1,[속성] 발림성 [문장] 얇게 발려서,,발림성,unchanged
train,637495,쇼핑몰,메이크업/뷰티소품,OO 헤** 쿠션 리필 15g 1개,결제한 다음 날 바로 배송되어 받았습니다. 배송이 빨라서 좋았어요. 다만 아쉬운 점은 화장품 박스가 없는 건 이해합니다만 용기에 먼지가 많이 묻어있습니다. 내용물은 밀봉되어 있어서 쓰는 데는 문제가 없겠지만 아쉽네요. 제품은 향이 진하고 매트해서 별로네요.,향,향이 진하고,-1,[속성] 향 [문장] 향이 진하고,,향,unchanged
train,637543,쇼핑몰,메이크업/뷰티소품,OO 헤** 쿠션 리필 15g 1개,매트해서 저한테는 맞지 않는 제품입니다. 바르면 피부가 조금 어두워 보이는 거 같습니다.,보습력/수분감,매트해서,-1,[속성] 보습력/수분감 [문장] 매트해서,,보습력/수분감/쿨링감,merged_duplicate_label
train,637559,쇼핑몰,메이크업/뷰티소품,OO 헤** 쿠션 리필 15g 1개,"다 쓸때마다 여기서 구입하고 있는데 좋습니다. 세미매트해서 아주 건조하지도 않습니다. 봄 가을철에는 조금 건조하게 느껴질 수 있는데, 기초 탄탄하게 하고 바르면 건조하지 않습니다. 지성이나 복합성 피부인 분들한테 딱입니다. 건성이신 분들한테는 조금 건조할 수 있습니다.",보습력/수분감,세미매트해서,0,[속성] 보습력/수분감 [문장] 세미매트해서,,보습력/수분감/쿨링감,merged_duplicate_label
train,638676,쇼핑몰,메이크업/뷰티소품,OO 코** 에어스펀 페이스 파우더 65g 1개,향이 무난하고 색상도 잘 맞는 듯 합니다. 싫다는 분도 많던데 전 이 향이 좋습니다. 다 써가서 ㅇㅇ파우더랑 섞어 쓰고 있었는데 케이스가 약한지 금이 가서 재구매해요.,향,향이 무난하고,0,[속성] 향 [문장] 향이 무난하고,,향,unchanged
train,287812,쇼핑몰,메이크업/뷰티소품,OO 왕쿠션 2개+리필 2개+비비크림 1개(상품평시 1개 더),촉촉하게 커버가 잘되네요.양도 넉넉하고 부담없이 편하게 쓰기 좋아요.지인에게 적극 추천합니다.,보습력/수분감,촉촉하게,1,[속성] 보습력/수분감 [문장] 촉촉하게,,보습력/수분감/쿨링감,merged_duplicate_label
train,639458,쇼핑몰,메이크업/뷰티소품,OO 헤** 파우더 팩트 리필 10g 1개,커버력 좋은편이고 보송보송 유분기 없이 지속력이 오래가서 오랫동안 이제품만 쓰고 있습니다. 용량 큰것도 만들어주셨으면 합니다.,보습력/수분감,유분기 없이,1,[속성] 보습력/수분감 [문장] 유분기 없이,,보습력/수분감/쿨링감,merged_duplicate_label
train,639595,쇼핑몰,메이크업/뷰티소품,OO 헤** 파우더 팩트 리필 10g 1개,"피부때문에 번드르한 팩트는 못쓰고 매트한걸 쓰는데, OOO는 향도 무난하고 화장이 잘 먹어서 리필형만 사서 바꿔서 쓰고 있습니다. 지성인 저에겐 딱 맞는 제품입니다.",향,향도 무난하고,1,[속성] 향 [문장] 향도 무난하고,,향,unchanged
train,639696,쇼핑몰,메이크업/뷰티소품,OO 헤** 파우더 팩트 리필 10g 1개,커버력이 엄청 좋지는 않지만 제형 입자가 고와서 무너져도 지저분하지 않고 적당히 커버됩니다. 괜찮은 제품이에요.,커버력,커버력이 엄청 좋지는 않지만,0,[속성] 커버력 [문장] 커버력이 엄청 좋지는 않지만,,커버력,unchanged
train,640088,쇼핑몰,메이크업/뷰티소품,OO 헤** 파우더 팩트 리필 10g 1개,생각보다 밝은 21호네요. 가볍게 발려서 사용감이 답답하지 않네요. 향이 자극적이지 않아서 좋아요.,발림성,가볍게 발려서,1,[속성] 발림성 [문장] 가볍게 발려서,,발림성,unchanged
train,640686,쇼핑몰,메이크업/뷰티소품,OO 아** 커버 베이스 35ml 1개,몇 년 전부터 꾸준히 쓰고 있어요. 촉촉하게 잘 발리고 커버도 잘됩니다. 톤업 효과도 있어서 어둡고 붉은 피부인데 화사해져요. 잘 쓸게요.,보습력/수분감,촉촉하게,1,[속성] 보습력/수분감 [문장] 촉촉하게,,보습력/수분감/쿨링감,merged_duplicate_label
train,641070,쇼핑몰,메이크업/뷰티소품,OO 아** 커버 베이스 35ml 1개,"OOO메이크업베이스만 써왔는데, 이번에 리뉴얼 된 건 처음 사용해 보네요. 이전 제품은 좀 더 파우더리해서 보송해지는 것 같았는데, 리뉴얼된 이번 제품은 좀 더 유분기가 있고 묽은 느낌으로 발리는 것 같습니다. 피부 타입에 따라 선호도가 다르지 싶습니다. 저는 무난하게 잘 쓰고 있어요. 건성인 분들에게 좋을 것 같습니다.",보습력/수분감,유분기가 있고,0,[속성] 보습력/수분감 [문장] 유분기가 있고,,보습력/수분감/쿨링감,merged_duplicate_label
train,641274,쇼핑몰,메이크업/뷰티소품,OO 에** 에센스 커버 팩트 HQ 리필 14g 1개,발림성이 좋습니다. 촉촉함이 오래가고 향도 좋아서 계속 사용하고 있습니다.,지속력/유지력,오래가고,1,[속성] 지속력/유지력 [문장] 오래가고,,지속력/유지력,unchanged
train,641487,쇼핑몰,메이크업/뷰티소품,OO 에** 에센스 커버 팩트 HQ 리필 14g 1개,가격은 싸지만 유통기한이 너무 아쉽네요. 반품하기 그래서 그냥 쓰는데 유통기한이 다음 달 까지라니 정말 실망입니다.,가격,가격은 싸지만,-1,[속성] 가격 [문장] 가격은 싸지만,,가격,unchanged
train,641690,쇼핑몰,메이크업/뷰티소품,OO 에** 에센스 커버 팩트 HQ 리필 14g 1개,쿠션이 안 맞아서 파운데이션 팩트 계열로 샀습니다. 일반 파운데이션 만큼 커버력이 좋은 건 아니지만 건성피부에 촉촉하게 바를 수 있다는 점에서 만족하고 사용중입니다.,보습력/수분감,촉촉하게,1,[속성] 보습력/수분감 [문장] 촉촉하게,,보습력/수분감/쿨링감,merged_duplicate_label
train,642330,쇼핑몰,메이크업/뷰티소품,OO 설** 파운데이션 35ml 1개,촉촉함은 좋은데 커버력이 안 좋습니다. ㅇㅇㅇ 파데 보다 커버력이 떨어져요. 리뉴얼 될때마다 가격은 오르고 성능은 전에 사용한 제품에 비해 안좋습니다. 제형이 묽어서 보정력이 떨어지는 것 같아 아쉬워요.,제형,제형이 묽어서,-1,[속성] 제형 [문장] 제형이 묽어서,,제형,unchanged
train,642367,쇼핑몰,메이크업/뷰티소품,OO 설** 파운데이션 35ml 1개,촉촉하게 톤 정리가 잘 되어서 꾸준하게 구입하는 제품이에요. 화장을 잘 안 해서 이거 하나만 바르고 나가도 자연스러운 피부톤을 유지해서 좋아요. 무척 애용하는 제품입니다.,보습력/수분감,촉촉하게,1,[속성] 보습력/수분감 [문장] 촉촉하게,,보습력/수분감/쿨링감,merged_duplicate_label
train,642395,쇼핑몰,메이크업/뷰티소품,OO 설** 파운데이션 35ml 1개,웜톤이 쓰기에 피부톤에 어울리지 않아요. 제형이 매트해서 바르면 밀리네요.,제형,제형이 매트해서,-1,[속성] 제형 [문장] 제형이 매트해서,,제형,unchanged
train,642482,쇼핑몰,메이크업/뷰티소품,OO 설** 파운데이션 35ml 1개,부드럽고 촉촉하게 잘 스며들어 얼굴이 생기 있어 보입니다. 배송도 엄청 빠르고 디자인도 예뻐서 주변에 추천했습니다.,보습력/수분감,촉촉하게,1,[속성] 보습력/수분감 [문장] 촉촉하게,,보습력/수분감/쿨링감,merged_duplicate_label
train,642773,쇼핑몰,메이크업/뷰티소품,OO 해** 뷰티밤 50ml 1개,향은 없고 색이 많이 어둡습니다. 마스크에 묻어남은 쿠션보다 덜해서 좋습니다. 마스크 한참 쓰고 나도 피부가 뜨거나 일어남 없어요.,향,향은 없고,0,[속성] 향 [문장] 향은 없고,,향,unchanged
train,643353,쇼핑몰,메이크업/뷰티소품,OO 해** 뷰티밤 50ml 1개,이전 제품 사용하다가 리뉴얼이 되었다고 해서 구매했습니다. 커버력과 지속력이 더 좋아지고 제형이 쫀쫀해서 밀착력이 좋습니다.,제형,제형이 쫀쫀해서,1,[속성] 제형 [문장] 제형이 쫀쫀해서,,제형,unchanged
train,643602,쇼핑몰,메이크업/뷰티소품,OO 블** 커버크림 스틱 12g 1개,외출시 가지고 다니면서 덧 바르는 용도로 구매했습니다. 제형이 매트해서 발림이 안 좋습니다.,제형,제형이 매트해서,-1,[속성] 제형 [문장] 제형이 매트해서,,제형,unchanged
train,643694,쇼핑몰,메이크업/뷰티소품,OO 블** 커버크림 스틱 12g 1개,홈쇼핑을 보고 주문했는데 실망했습니다. 기미를 가리기 위해 주문했는데 커버력이 안 좋습니다. 제형이 매트해서 선크림을 바르는 것 같습니다. 사용하기에는 간편하고 휴대하기 편하지만 많이 바르면 잘 안 발려 붓 자국이 남습니다.,제형,제형이 매트해서,0,[속성] 제형 [문장] 제형이 매트해서,,제형,unchanged
train,644047,쇼핑몰,메이크업/뷰티소품,OO 블** 커버크림 스틱 12g 1개,커버력이 엄청 좋지는 않지만 피부가 밝아 보이고 피부톤이 맑게 보입니다. 모공에 끼거나 화장이 들뜨지 않습니다. 마스크 쓰고 시간이 지나도 화장이 지워지거나 밀리지 않아서 좋습니다.,커버력,커버력이 엄청 좋지는 않지만,-1,[속성] 커버력 [문장] 커버력이 엄청 좋지는 않지만,,커버력,unchanged
train,644242,쇼핑몰,메이크업/뷰티소품,OO 블** 커버크림 스틱 12g 1개,홈쇼핑 광고 보다는 좋은지 모르겠습니다. 발림성도 그렇고 커버력도 썬크림 정도로 약하고 단품으로 구매하길 다행입니다.,발림성,발림성도 그렇고,0,[속성] 발림성 [문장] 발림성도 그렇고,,발림성,unchanged
train,644330,쇼핑몰,메이크업/뷰티소품,OO 블** 커버크림 스틱 12g 1개,브러쉬가 정말 부드럽습니다. 자연스럽게 펴 발립니다. 바르고 난 뒤에 피부톤에 맞게 바뀌는 게 신기하긴 합니다. 광도 나요. 가볍게 발려서 커버력은 약한데 자연스런 피부톤이 되는 게 괜찮습니다.,발림성,가볍게 발려서,1,[속성] 발림성 [문장] 가볍게 발려서,,발림성,unchanged
train,646199,쇼핑몰,메이크업/뷰티소품,OO 엉** 쿠션 14g 본품1개,얇게 발려서 커버력은 아쉬워요. 가볍게 발려서 투명 메이크업이나 수정 메이크업할 때 사용하기 편하네요.,발림성,얇게 발려서,0,[속성] 발림성 [문장] 얇게 발려서,,발림성,unchanged
train,646199,쇼핑몰,메이크업/뷰티소품,OO 엉** 쿠션 14g 본품1개,얇게 발려서 커버력은 아쉬워요. 가볍게 발려서 투명 메이크업이나 수정 메이크업할 때 사용하기 편하네요.,발림성,가볍게 발려서,0,[속성] 발림성 [문장] 가볍게 발려서,,발림성,unchanged
train,646294,쇼핑몰,메이크업/뷰티소품,OO 엉** 쿠션 14g 본품1개,피부타입 모두 잘 맞는 것 같습니다. 향도 좋아요. 매번 행사 때마다 쟁이고 싶을 정도 입니다. 가격이 비싸서 자주 행사해 주시면 좋겠어요. 다른 제품도 사용하고 싶어요. 보습이 더 좋았으면 합니다. 제형의 묽은 느낌이 바뀐다면 더 좋을 것 같습니다.,가격,가격이 비싸서,-1,[속성] 가격 [문장] 가격이 비싸서,,가격,unchanged
train,646299,쇼핑몰,메이크업/뷰티소품,OO 엉** 쿠션 14g 본품1개,쿠션 케이스가 미니한 백 같은 느낌이라 독특하고 예뻐요. 커버력도 좋고 화사하고 촉촉하게 유지되어 좋아요.,보습력/수분감,촉촉하게,1,[속성] 보습력/수분감 [문장] 촉촉하게,,보습력/수분감/쿨링감,merged_duplicate_label
train,646459,쇼핑몰,메이크업/뷰티소품,OO 엉** 쿠션 14g 본품1개,OO의 OOO쿠션이 좋다고 추천을 받아서 구매했습니다. 기대한 만큼 데일리 쿠션으로 사용하기 좋고 촉촉하고 좋은 것 같아요. 보송함도 오래가고 촉촉하게 발립니다.,지속력/유지력,오래가고,1,[속성] 지속력/유지력 [문장] 오래가고,,지속력/유지력,unchanged
train,646500,쇼핑몰,메이크업/뷰티소품,OO 엉** 쿠션 14g 본품1개,몇 년 동안 잘 쓰고 있는 제품입니다. 바르기도 편하고 발림도 좋아요. 오래가고 밀착이 잘 됩니다. 다 쓰면 또 구매할 생각입니다. 다만 가격이 저렴했으면 좋겠습니다.,지속력/유지력,오래가고,1,[속성] 지속력/유지력 [문장] 오래가고,,지속력/유지력,unchanged
train,646620,쇼핑몰,메이크업/뷰티소품,OO 엉** 쿠션 14g 본품1개,케이스도 예쁘고 바르니 자연스럽게 광이 올라오네요. 가격이 비싸서 고민했는데 만족해요. 잘 사용하겠습니다.,가격,가격이 비싸서,-1,[속성] 가격 [문장] 가격이 비싸서,,가격,unchanged
train,288100,쇼핑몰,메이크업/뷰티소품,OO 인** 커버 왕쿠션+비비크림 대박세트,처음 찍으면 차가워서 깜짝놀라는데 촉촉하게 잘발리고 커버는 약간 약한데 몇번 덧바르면 나름 커버도 잘되요 덧발라도 두껍지는않고 좋아요~ 그리고 화사하기는 진짜 화사하네요~ 비비도 한번 써봐야겠네요~^^,보습력/수분감,촉촉하게,1,[속성] 보습력/수분감 [문장] 촉촉하게,,보습력/수분감/쿨링감,merged_duplicate_label
train,646684,쇼핑몰,메이크업/뷰티소품,OO 엉** 쿠션 14g 본품1개,들뜸이 전혀 없어서 좋습니다. 자연스러운 피부 연출이 되면서 밝은톤으로 보입니다. 피부가 환해서 맘에 들어요. 가격이 비싼 점이 좀 아쉽습니다. 가격이 비싸서 다음에는 리필로 사용 할 것 같습니다,가격,가격이 비싸서,-1,[속성] 가격 [문장] 가격이 비싸서,,가격,unchanged
train,647007,쇼핑몰,메이크업/뷰티소품,OO 엉** 쿠션 14g 본품1개,너무 마음에 듭니다. 추천해요. 브러쉬 키트 좋네요. 21호 색상 쓰는데 20호 색상이 딱 맞네요. 촉촉하게 잘 발립니다. 용기도 고급지고 예쁘네요.,보습력/수분감,촉촉하게,1,[속성] 보습력/수분감 [문장] 촉촉하게,,보습력/수분감/쿨링감,merged_duplicate_label
train,647587,쇼핑몰,메이크업/뷰티소품,OO 울** 파우더 6.2g 1개,배송도 빨리오고 가격이 비싸서 고민 고민하다 주문했습니다. 제형 입자가 생각보다 곱지도 않고 바르니 뜨네요. 재구매는 안합니다.,가격,가격이 비싸서,-1,[속성] 가격 [문장] 가격이 비싸서,,가격,unchanged
train,647618,쇼핑몰,메이크업/뷰티소품,OO 울** 파우더 6.2g 1개,가격이 비싸서 고민하다가 구매했어요. 그런데 사용해 보려고 퍼프에 파우더를 묻히는데 퍼프가 바로 찢어져서 사용하기 불편했어요. 교환 요청드리니 교환도 안 된다고 하시네요. 재구매는 안 할 생각입니다.,가격,가격이 비싸서,-1,[속성] 가격 [문장] 가격이 비싸서,,가격,unchanged
train,647716,쇼핑몰,메이크업/뷰티소품,OO 울** 파우더 6.2g 1개,처음 사용해보는 제품인데 번들거림을 잡아주면서 가벼운 느낌입니다. 지속력도 좋습니다. 잘 사용할 것 같습니다.,흡수력,가벼운 느낌입니다.,1,[속성] 흡수력 [문장] 가벼운 느낌입니다.,,흡수력,unchanged
train,648564,쇼핑몰,메이크업/뷰티소품,OO 에** 쿠션 리필 14g 1개,본품과 리필을 주문했는데 이 팩트에 정착할 것 같습니다. 얇게 발리고 커버는 중간 정도이고 지속은 꽤 잘 되네요. 약간 매트한 편이라 시간이 지나면 화장이 들뜨네요.,보습력/수분감,약간 매트한 편이라,0,[속성] 보습력/수분감 [문장] 약간 매트한 편이라,,보습력/수분감/쿨링감,merged_duplicate_label
train,648999,쇼핑몰,메이크업/뷰티소품,OO 더** 스킨 크림 러블리 에디션 42g 1개,제형이 부드럽고 잘 발리고 가벼운 느낌이에요. 딸이 타 제품 바르길래 발라 보랬더니 괜찮다고 해서 추가 구매하려구요.,제형,제형이 부드럽고,1,[속성] 제형 [문장] 제형이 부드럽고,,제형,unchanged
train,649342,쇼핑몰,메이크업/뷰티소품,OO 더** 팁 컨실러 6.5g 1개,향이 은은하니 좋고 부드럽게 발리고 바르고 나서도 피부가 실키합니다. 그런데 매트해서 소량씩 부분으로 써야 될 것 같고 잘못하면 건조감 때문에 주름 부각될 듯해요. 모자란 수분감을 보충하려면 기초를 탄탄히 하고 써야 됩니다.,보습력/수분감,매트해서,-1,[속성] 보습력/수분감 [문장] 매트해서,,보습력/수분감/쿨링감,merged_duplicate_label
train,650001,쇼핑몰,메이크업/뷰티소품,OO 더** 팁 컨실러 6.5g 1개,지금까지 써 본 컨실러 중 커버력과 지속력이 가장 좋아요. 기미까지 잘 커버되고 매트하지만 두껍게 발리지 않아서 좋습니다. 용량이 작아서 아쉽지만 2년째 꾸준하게 사용하고 있어요.,보습력/수분감,매트하지만,-1,[속성] 보습력/수분감 [문장] 매트하지만,,보습력/수분감/쿨링감,merged_duplicate_label
train,650081,쇼핑몰,메이크업/뷰티소품,OO 더** 팁 컨실러 6.5g 1개,얼굴에 잡티가 많아 이것저것 많이 써봤는데 OOO 제품이 제일 좋아요. 매트하지만 커버력 좋고 너무 저렴한 가격에 사서 만족해요. 다음에 또 구매할게요.,보습력/수분감,매트하지만,-1,[속성] 보습력/수분감 [문장] 매트하지만,,보습력/수분감/쿨링감,merged_duplicate_label
train,651267,쇼핑몰,메이크업/뷰티소품,OO 어** 립글로우 3.5g 1개,해외여행 다녀오면서 사 봤던 상품인데 너무 마음에 들어서 꾸준히 사용하게 됐습니다. 보습력이 좋아 촉촉한 느낌이 오래가고 색깔도 과하지 않게 자연스러우면서 은은한 느낌입니다. 연령대 상관없이 모두 좋아할 수 있는 색깔이라 주위에 선물하기에도 좋은 상품이라고 생각합니다.,지속력/유지력,오래가고,1,[속성] 지속력/유지력 [문장] 오래가고,,지속력/유지력,unchanged
train,651389,쇼핑몰,메이크업/뷰티소품,OO 어** 립글로우 3.5g 1개,선물하려고 구매했는데 너무 맘에 들어합니다. 촉촉하게 잘 발리고 색상 은은하게 발색도 좋다고 합니다.,보습력/수분감,촉촉하게,1,[속성] 보습력/수분감 [문장] 촉촉하게,,보습력/수분감/쿨링감,merged_duplicate_label
train,651516,쇼핑몰,메이크업/뷰티소품,OO 어** 립글로우 3.5g 1개,디자인이 고급지고 품질이 좋아서 선물하기 부담 없는 제품입니다. 가격이 비싸서 내가 직접 사는 것보다 친구들이 선물해 주면 고마울 것 같은 느낌이 들어요.,가격,가격이 비싸서,-1,[속성] 가격 [문장] 가격이 비싸서,,가격,unchanged
train,651552,쇼핑몰,메이크업/뷰티소품,OO 어** 립글로우 3.5g 1개,발색 너무 이뻐요. 데일리로 바르기 좋습니다. 촉촉하게 발림이 너무 좋습니다.,보습력/수분감,촉촉하게,1,[속성] 보습력/수분감 [문장] 촉촉하게,,보습력/수분감/쿨링감,merged_duplicate_label
train,651569,쇼핑몰,메이크업/뷰티소품,OO 어** 립글로우 3.5g 1개,"OOO립글로우는 사용하는 제품인데, 새로운 버전이 출시되어 기대하는 마음으로 구입했어요. 기존 립글로우에 비해 제형이 매트해서 발림성이 뻑뻑하고 발색력도 떨어집니다. OOO 립글로우는 촉촉한 발림성과 자연스러운 발색력이 우수해서 꾸준히 사용해왔는데, 이번 제품은 발림성과 발색력이 아쉽습니다.",제형,제형이 매트해서,0,[속성] 제형 [문장] 제형이 매트해서,,제형,unchanged
train,651676,쇼핑몰,메이크업/뷰티소품,OO 어** 립글로우 3.5g 1개,립밤은 이 제품만 쓰네요. 처음에는 발색이 흐린거 같지만 시간 지나면 자연스러운 발색이 이뻐요. 제 입술 본연의 색이 나오는거라고 하네요. 촉촉하게 잘 발려서 좋아요.,보습력/수분감,촉촉하게,1,[속성] 보습력/수분감 [문장] 촉촉하게,,보습력/수분감/쿨링감,merged_duplicate_label
train,651953,쇼핑몰,메이크업/뷰티소품,OO 어** 립글로우 3.5g 1개,기존 코랄과 핑크는 컬러감이 너무 없어서 아쉬웠는데 라벤더는 컬러감이 있어서 이 제품도 기대하며 구입했는데 아쉽게 컬러감이 없네요. 약간 매트해서 입술이 건강해 보이지도 않고 상큼함도 없어 아쉽네요.,보습력/수분감,매트해서,-1,[속성] 보습력/수분감 [문장] 매트해서,,보습력/수분감/쿨링감,merged_duplicate_label
train,652690,쇼핑몰,메이크업/뷰티소품,OO 아** 스틱 하이드란트 4g 1개,배송 빨라서 좋습니다. 사계절 내내 입술이 건조하고 잘 트는데 이 제품 잘 맞는 것 같습니다. 향도 은은하고 촉촉하게 잘 발립니다. 자주 이용해야겠어요,보습력/수분감,촉촉하게,1,[속성] 보습력/수분감 [문장] 촉촉하게,,보습력/수분감/쿨링감,merged_duplicate_label
train,652877,쇼핑몰,메이크업/뷰티소품,OO 아** 스틱 하이드란트 4g 1개,원래 잘 사용했던 제품이라서 또 구매했어요. 다른 제품보다 냄새도 나쁘지 않고 부드럽게 잘 발리네요. 입술 각질 없애는데 효과 좋은 제품이에요.,향,냄새도 나쁘지 않고,1,[속성] 향 [문장] 냄새도 나쁘지 않고,,향,unchanged
train,653263,쇼핑몰,메이크업/뷰티소품,OO 파** 립스틱 3g 1개,핑크만 바르다가 오랜만에 다른 색깔 발랐더니 어색한 듯합니다. 매트하지만 착색은 밝고 예뻐요.,보습력/수분감,매트하지만,0,[속성] 보습력/수분감 [문장] 매트하지만,,보습력/수분감/쿨링감,merged_duplicate_label
train,653351,쇼핑몰,메이크업/뷰티소품,OO 파** 립스틱 3g 1개,색이 자연스럽고 들뜨지 않고 매트하지만 발림성은 너무 좋습니다. 다른 색과 함께 겹쳐 발라도 색이 예쁩니다.,보습력/수분감,매트하지만,0,[속성] 보습력/수분감 [문장] 매트하지만,,보습력/수분감/쿨링감,merged_duplicate_label
train,653382,쇼핑몰,메이크업/뷰티소품,OO 파** 립스틱 3g 1개,빠른 배송이 마음에 들어요. OOO 칠리 구입 이후로 세번째 구매합니다. 컬러는 말린장미에 핑크빛인듯 예쁜데 매트해서 촉촉함은 아쉽네요. 베이스로 이거 깔고 버건디를 덧바르면 발색이 예쁘네요. 냄새가 좀 별로라 코 막고 바르게 됩니다.,보습력/수분감,매트해서,-1,[속성] 보습력/수분감 [문장] 매트해서,,보습력/수분감/쿨링감,merged_duplicate_label
train,288129,쇼핑몰,메이크업/뷰티소품,OO 인** 커버 왕쿠션+비비크림 대박세트,받자마자 쿠션 크기에 놀람..ㅋㅋ 촉촉하게 커버잘되는거같아요 구매 잘한거같아요... 잘쓰겠습니다,보습력/수분감,촉촉하게,1,[속성] 보습력/수분감 [문장] 촉촉하게,,보습력/수분감/쿨링감,merged_duplicate_label
train,288188,쇼핑몰,메이크업/뷰티소품,OO 인** 커버 왕쿠션+비비크림 대박세트,21호 원래 사용하는데ᆢ 대체적으로 밝다고 해서 23호 사용 ㅡ첨엔 색상 넘 자연스럽지 못 한 것 같아ㅡ반품고민하다가 케이스 거울비닐벗겨서 걍 쓰려구요ㅡ사용감이 화장한 티 확 남 ㅡ지속력은 인정 ㅡ커버력은 그럭저럭ㅡ피부표현은 그럭저럭 ㅡ땡김은 없지만ᆢ거울로 보면 약간 떠 보이기도 함ㅡ쇼핑호스트처럼은 안됨ㅡ케이스는 정말 크고 케이스 너무 이쁨ㅡ반품안한 이유 케이스 이뻐서ㅡ,커버력,커버력은 그럭저럭,0,[속성] 커버력 [문장] 커버력은 그럭저럭,,커버력,unchanged
train,288252,쇼핑몰,메이크업/뷰티소품,OO 인** 커버 왕쿠션+비비크림 대박세트,써 보고 맘에 들어 선물용으로 추가 구입합니다.개인적으론 퍼프가 피부에 닿을 때 제형이 쫀득하고 시원한 느낌이 좋아요,제형,제형이 쫀득하고,1,[속성] 제형 [문장] 제형이 쫀득하고,,제형,unchanged
train,654500,쇼핑몰,메이크업/뷰티소품,OO 바** 립 테라피 스틱 4.8g 1개,단지 용기에 든 걸 늘 사용하다가 스틱 형태로 된 제품이 나와서 구매해 봤어요. 코코아 성분이라 그런지 보습력이 오래가고 윤기가 반들거리기도 하고 약간은 기름지기도 합니다. 추운 겨울 입술 보호에 제격이에요.,지속력/유지력,오래가고,1,[속성] 지속력/유지력 [문장] 오래가고,,지속력/유지력,unchanged
train,656224,쇼핑몰,메이크업/뷰티소품,OO 마** 크리미 틴트 2.5g 1개,"색은 이쁜데, 매트해서 발림성이 나쁩니다. 촉촉하지 않아요. 건조해서 입술이 도톰하고 촉촉한 분들에게 추천해요.",보습력/수분감,매트해서,-1,[속성] 보습력/수분감 [문장] 매트해서,,보습력/수분감/쿨링감,merged_duplicate_label
train,656264,쇼핑몰,메이크업/뷰티소품,OO 마** 크리미 틴트 2.5g 1개,딱 제가 찾던 주황색이라 너무 반가웠습니다. 그런데 매트해서 부드럽게 잘 발리지가 않습니다.,보습력/수분감,매트해서,-1,[속성] 보습력/수분감 [문장] 매트해서,,보습력/수분감/쿨링감,merged_duplicate_label
train,656293,쇼핑몰,메이크업/뷰티소품,OO 마** 크리미 틴트 2.5g 1개,코로나 장기화로 립스틱 바를 일이 줄어들었어요. 기분 업을 위해 구입했습니다. 매트하면서 발림이 부드럽고 색상도 맘에 들어요. 최애 상품입니다,보습력/수분감,매트하면서,1,[속성] 보습력/수분감 [문장] 매트하면서,,보습력/수분감/쿨링감,merged_duplicate_label
train,656514,쇼핑몰,메이크업/뷰티소품,OO 마** 크리미 틴트 2.5g 1개,벨벳레드 색상 주문했습니다. 말린 장미색으로 발색될거라 생각했는데 생각했던 발색이 아니네요. 입술 본연의 색 때문인지 핑크빛으로 발색되어 아쉽네요. 입술색이 자연스럽지 않네요. 생각했던 발색과 달라서 당황스러웠어요. 그리고 매트해서 바를 때 뻑뻑하게 발리네요. 그래서 사용한 뒤에 립밤을 발라줘야 합니다. 틴트가 건조해서 립밤을 바르지 않으면 입술이 터요. 재구매는 안 할 거 같아요.,보습력/수분감,매트해서,-1,[속성] 보습력/수분감 [문장] 매트해서,,보습력/수분감/쿨링감,merged_duplicate_label
train,656534,쇼핑몰,메이크업/뷰티소품,OO 마** 크리미 틴트 2.5g 1개,색상 괜찮은데 제형이 매트해서 발색이 뚜렷하진 않아서 안 좋습니다.,제형,제형이 매트해서,-1,[속성] 제형 [문장] 제형이 매트해서,,제형,unchanged
train,656661,쇼핑몰,메이크업/뷰티소품,OO 마** 크리미 틴트 2.5g 1개,매트하면서 발색은 좀 부족해요. 말끔하게 발리지않고 자잘한 찌꺼기 제형이 같이 발려서 선명하지 않아요.,보습력/수분감,매트하면서,-1,[속성] 보습력/수분감 [문장] 매트하면서,,보습력/수분감/쿨링감,merged_duplicate_label
train,656695,쇼핑몰,메이크업/뷰티소품,OO 마** 크리미 틴트 2.5g 1개,색깔도 예쁘고 저렴하게 구매해서 좋습니다. 매트하지만 부드럽게 잘 발리고 생각보다 건조하지 않아서 좋아요.,보습력/수분감,매트하지만,-1,[속성] 보습력/수분감 [문장] 매트하지만,,보습력/수분감/쿨링감,merged_duplicate_label
train,656712,쇼핑몰,메이크업/뷰티소품,OO 마** 크리미 틴트 2.5g 1개,색깔이 너무나 이쁩니다. 잘 샀네요. 반값으로 할인 행사 중이어서 얼른 저렴하게 샀지요. 매트해서 오래 가고 잘 발리고 색상 이쁘고 너무 좋습니다.,보습력/수분감,매트해서,-1,[속성] 보습력/수분감 [문장] 매트해서,,보습력/수분감/쿨링감,merged_duplicate_label
train,656714,쇼핑몰,메이크업/뷰티소품,OO 마** 크리미 틴트 2.5g 1개,매트한걸 좋아하는데요. ㅇㅇㅇ는 매트하면서 발림도 좋고 발색까지 좋아요. 저렴하기까지 합니다.,보습력/수분감,매트하면서,1,[속성] 보습력/수분감 [문장] 매트하면서,,보습력/수분감/쿨링감,merged_duplicate_label
train,656766,쇼핑몰,메이크업/뷰티소품,OO 마** 크리미 틴트 2.5g 1개,배송이 빨라서 좋습니다. 가을에 잘 어울리는 색이고 제형이 부드럽고 깔끔하게 발리는 느낌이라서 좋습니다. 잘 쓸게요,제형,제형이 부드럽고,1,[속성] 제형 [문장] 제형이 부드럽고,,제형,unchanged
train,657081,쇼핑몰,메이크업/뷰티소품,OO 보** 립밤 3g 1개,비싸지만 발림성도 좋고 촉촉한 마무리감도 좋고 지속력도 오래갑니다. 비싼 거 빼고는 다 좋아요. 향도 무난하고 색상이 무색이라 좋고 케이스도 너무 예쁩니다. 좋아요. 선물하기 딱 좋은 제품인 거 같아요. 가격이 비싼 거 빼고요. 선물하기는 딱 좋네요. 좀 더 용량이 컸으면 좋겠습니다.,향,향도 무난하고,1,[속성] 향 [문장] 향도 무난하고,,향,unchanged
train,657095,쇼핑몰,메이크업/뷰티소품,OO 보** 립밤 3g 1개,향은 잘 모르겠으나 용기는 진짜 이쁘네요. 발림성도 괜찮고 지속력도 나쁘지 않아서 사용감도 깔끔합니다. 발색력은 없고 향도 없는거 같은데 제형이 부드럽네요. 디자인은 이쁘고 가격이 비싸서 다음에는 못 살꺼 같습니다.,가격,가격이 비싸서,-1,[속성] 가격 [문장] 가격이 비싸서,,가격,unchanged
train,657147,쇼핑몰,메이크업/뷰티소품,OO 보** 립밤 3g 1개,매트해서 보습이 약할 거라 생각했는데 생각보다 괜찮습니다. 가격이 비싸서 아쉽습니다.,보습력/수분감,매트해서,0,[속성] 보습력/수분감 [문장] 매트해서,,보습력/수분감/쿨링감,merged_duplicate_label
train,657170,쇼핑몰,메이크업/뷰티소품,OO 아** 립 마그넷 3.9ml 1개,집에 가지고 있는 색과 유사해서 아쉽네요. 매트하고 입술에 착 붙기는 하는데 촉촉하지 않아서 아쉽습니다.,보습력/수분감,매트하고,0,[속성] 보습력/수분감 [문장] 매트하고,,보습력/수분감/쿨링감,merged_duplicate_label
train,657812,쇼핑몰,메이크업/뷰티소품,OO 아** 립 마그넷 3.9ml 1개,504호 입고되자마자 질렀어요 색상이 제 취향이 아니나 주변에선 이쁘다고 합니다. 지속력은 다른 제품보다 훨씬 좋네요. 마무리가 매트해서 그런것 같아요. 매트하지만 각질 부각은 별로 안되네요. 신기한 제품입니다. 지속력이 높은 것 치고는 리무버로 쓱 하면 싹 지워져서 좋습니다.,보습력/수분감,매트하지만,-1,[속성] 보습력/수분감 [문장] 매트하지만,,보습력/수분감/쿨링감,merged_duplicate_label
train,659330,쇼핑몰,메이크업/뷰티소품,OO 에** 립케어 4.8g 1개,평소에 사용하던 제품으로 재구매했어요. 향은 무향이고 부드럽게 발라져요. 촉촉하게 보습 잘되는 제품입니다. 재구매할 계획이고 추천합니다.,보습력/수분감,촉촉하게,1,[속성] 보습력/수분감 [문장] 촉촉하게,,보습력/수분감/쿨링감,merged_duplicate_label
train,659408,쇼핑몰,메이크업/뷰티소품,OO 에** 립플루이드 7g 1개,기존에 사용하던 제품이랑 색상이 비슷한데 조금 더 진해서 마음에 들어요. 제형이 부드럽고 잘 발리고 각질부각도 없어서 좋습니다.,제형,제형이 부드럽고,1,[속성] 제형 [문장] 제형이 부드럽고,,제형,unchanged
train,659698,쇼핑몰,메이크업/뷰티소품,OO 클** 틴트 4g 1개,매트하고 많이 묻어납니다. 기분 전환 해보려고 샀는데 마음에 안 들어요. 발색도 별로네요.,보습력/수분감,매트하고,-1,[속성] 보습력/수분감 [문장] 매트하고,,보습력/수분감/쿨링감,merged_duplicate_label
train,659917,쇼핑몰,메이크업/뷰티소품,OO 립 크림 1.5g 1개,선물 받아서 사용해 본 후 꾸준히 사용하고 있습니다. 촉촉함이 오래가고 끈적임 없고 건조한 입술에 좋습니다.,지속력/유지력,오래가고,1,[속성] 지속력/유지력 [문장] 오래가고,,지속력/유지력,unchanged
train,660001,쇼핑몰,메이크업/뷰티소품,OO 립 크림 1.5g 1개,입술이 워낙 잘 터서 이것저것 다 써봤는데 향이 없고 끈적이지 않아서 제일 좋네요. 그런데 전에 쓰던 것보다 촉촉함이 오래가지 않는 느낌입니다. 배송은 빨리 왔네요. 유통기한은 짧아요.,향,향이 없고,1,[속성] 향 [문장] 향이 없고,,향,unchanged
train,660023,쇼핑몰,메이크업/뷰티소품,OO 립 크림 1.5g 1개,"인생템입니다. 겨울이면 맨날 입술 트고 갈라지고 장난아닌데, 올 겨울은 촉촉하게 보내고 있어 좋습니다. 케이스는 이쁜데, 양이 적어서 막 쓰지는 못하겠습니다.",보습력/수분감,촉촉하게,1,[속성] 보습력/수분감 [문장] 촉촉하게,,보습력/수분감/쿨링감,merged_duplicate_label
train,660267,쇼핑몰,메이크업/뷰티소품,OO 홀** 립글로우 3.5g 1개,입술 각질이 잘 안보이고 촉촉하게 발리는게 너무 좋네요. 하지만 립밤이어서 색상 지속력은 떨어집니다. 가격을 싸게 잘 구매해서 좋습니다.,보습력/수분감,촉촉하게,1,[속성] 보습력/수분감 [문장] 촉촉하게,,보습력/수분감/쿨링감,merged_duplicate_label
train,660373,쇼핑몰,메이크업/뷰티소품,OO 홀** 립글로우 3.5g 1개,항상 OOO 립 제품만 사용하고 있습니다. 건조한 겨울철에 따로 관리 필요없이 OOO립만 있으면 입술이 촉촉합니다. 지속력도 좋아요. 색도 촌스럽지 않고 제형이 쫀쫀해서 겨울철에 바르면 딱 좋습니다. 가격대는 있지만 OOO립이 최고예요.,제형,제형이 쫀쫀해서,1,[속성] 제형 [문장] 제형이 쫀쫀해서,,제형,unchanged
train,660442,쇼핑몰,메이크업/뷰티소품,OO 홀** 립글로우 3.5g 1개,그냥 안 좋습니다. 명성에 비해 품질이 좋지 않고 가격이 비싸서 내가 사서 쓰고 싶지는 않습니다.,가격,가격이 비싸서,-1,[속성] 가격 [문장] 가격이 비싸서,,가격,unchanged
train,661335,쇼핑몰,메이크업/뷰티소품,OO 루** 슬림 쉬어 마뜨 2g 1개,케이스 완전 고급져요. 112번 컬러 구입했는데 가을에 바르기 너무 이쁜 색입니다. 매트해서 입술 각질 부각 되니까 전날 립밤 듬뿍 바르고 발라 주시면 됩니다.,보습력/수분감,매트해서,-1,[속성] 보습력/수분감 [문장] 매트해서,,보습력/수분감/쿨링감,merged_duplicate_label
train,661592,쇼핑몰,메이크업/뷰티소품,OO 루** 슬림 쉬어 마뜨 2g 1개,핑크인듯 아니 오렌지인듯 오묘한 색상 정말 제 취향이에요. 발림성 좋고 발색력 좋고 촉촉한 촉감 좋아요. 매트하지만 살짝 반짝임이 있어 지금 계절에 너무 잘 맞아요.,보습력/수분감,매트하지만,0,[속성] 보습력/수분감 [문장] 매트하지만,,보습력/수분감/쿨링감,merged_duplicate_label
train,684833,쇼핑몰,남성화장품,OO 한** 올인원 200ml 1개,"우리집 남자들이 다같이 사용해요. 나이 많고 적음에 상관 없이 누구나 함께 사용하기 좋은 듯합니다. 품질에 비해 가격도 저렴한 편이에요. 이거 하나만 사용해도 되니 간편해서 스킨, 로션 순서대로 바르기 귀찮아 하는 남자들에게 딱인 제품이에요. 향이 무난하고 거의 안 나는 정도라서 좋습니다. 겨울부터 초여름까지 계속 사용하기 좋은 듯해요.",향,향이 무난하고,1,[속성] 향 [문장] 향이 무난하고,,향,unchanged
train,684867,쇼핑몰,남성화장품,OO 한** 올인원 200ml 1개,아들이 바르는 화장품인데 항상 이것만 쓰네요. 무거운 느낌도 없고 향도 무난하고 발림성도 괜찮아요. 지성피부에 잘 맞는 것 같아요.,향,향도 무난하고,1,[속성] 향 [문장] 향도 무난하고,,향,unchanged
train,691636,쇼핑몰,남성화장품,OO 라** 옴므 올인원 에센스 150ml 1개,처음에는 촉촉하게 잘 스며들고 잠시후면 끈적임 없이 뽀송뽀송하네요. 한번에 바르니 간편하고 좋습니다.,보습력/수분감,촉촉하게,1,[속성] 보습력/수분감 [문장] 촉촉하게,,보습력/수분감/쿨링감,merged_duplicate_label
train,691650,쇼핑몰,남성화장품,OO 라** 옴므 올인원 에센스 150ml 1개,1+1로 구성된 상품을 저렴한 가격에 구입했습니다. 용량도 많아서 좋아요. 향도 무난하고 사용감도 무난해요. 배송 빨랐고 포장도 꼼꼼해서 좋습니다.,향,향도 무난하고,0,[속성] 향 [문장] 향도 무난하고,,향,unchanged
train,691718,쇼핑몰,남성화장품,OO 라** 옴므 올인원 에센스 150ml 1개,가볍게 사용하기 좋은 올인원 입니다. 두 개로 분리되어 있는 같은 이름의 제품을 사용하다 이 제품을 쓰면서 확실히 잘 만들어진 화장품인 걸 알 수 있어요. 제형이 약간 묽고 지속력도 그리 오래가지는 않습니다 하지만 산뜻하고 사용하기에 아주 편합니다.,제형,제형이 약간 묽고,-1,[속성] 제형 [문장] 제형이 약간 묽고,,제형,unchanged
train,692113,쇼핑몰,남성화장품,OO 라** 옴므 올인원 에센스 150ml 1개,이 제품이 광고에 나와서 궁금했습니다. 가격이 비싸서 고민하다가 구매했어요. 용량은 커서 좋은데 유통기한이 짧은 제품이 와서 아쉽네요.,가격,가격이 비싸서,-1,[속성] 가격 [문장] 가격이 비싸서,,가격,unchanged
train,692526,쇼핑몰,남성화장품,OO 아** 옴므 올인원 150ml 1개,향도 은은하고 약간의 끈적임은 있지만 아주 끈적이지도 않아서 좋습니다. 싸게 잘 샀어요.,흡수력,약간의 끈적임은 있지만,-1,[속성] 흡수력 [문장] 약간의 끈적임은 있지만,,흡수력,unchanged
train,692822,쇼핑몰,남성화장품,OO 아** 옴므 올인원 150ml 1개,"OOO만 5통째 쓰고 있어요. 매번 매장에서 구매 하다가 이번에 처음으로 인터넷 구매를 햇는데, 이상하게 향이 하나도 안납니다. 이 제품 특유의 향이 좋아서 사용하고 있는데, 원래 쓰던거랑 향을 비교해도 희안하게 향이 약해요. 유분기도 덜 있고 냄새도 안나고 저만 그런건지 속상하네요.",향,냄새도 안나고,-1,[속성] 향 [문장] 냄새도 안나고,,향,unchanged
train,693032,쇼핑몰,남성화장품,OO 아** 옴므 올인원 150ml 1개,가격이 비싸서 안 좋은 것 같아요. 한 달 정도 사용했는데 피부가 번들거립니다. 여름에는 사용하기 안 좋을 것 같아요.,가격,가격이 비싸서,-1,[속성] 가격 [문장] 가격이 비싸서,,가격,unchanged
train,693184,쇼핑몰,남성화장품,OO 아** 옴므 올인원 150ml 1개,"사용하고 있던 OOO은 무향이다보니, 첫 느낌은 향이 진하고 휘발성이 강한 느낌이라 아쉽네요. 피부가 건조한 편이라 로션을 듬뿍 발라서 한참 문지르는 편인데, 스킨과 로션의 중간 느낌인데 바르는 즉시 말라버려서 건조합니다. 사용하던 제품과 전혀 다른 느낌이라 기능은 아직 잘 모르겠고, 향이 자극적이라 별로네요.",향,향이 진하고,-1,[속성] 향 [문장] 향이 진하고,,향,unchanged
train,693433,쇼핑몰,남성화장품,OO 트** 플루이드 180ml 1개,이제품 을 사용한지 7년 가까이 됐어요. 제피부가 워낙 민감성이라 이제품을 사용하기 전에는 여성용 민감성 제품만 썼었습니다. 그런데 이걸로 바꾼 이후 피부에 어떠한 자극도 없으면서 피부 번들거림도 없고 면도 후 진정작용도 뛰어나서 제가 쓰고 있습니다. 향이 강하고 제형이 무르지만 그래도 너무 좋아요.,향,향이 강하고,-1,[속성] 향 [문장] 향이 강하고,,향,unchanged
train,693771,쇼핑몰,남성화장품,OO 트** 플루이드 180ml 1개,향은 그다지 좋지도 나쁘지도 않네요. 향이 강하지 않아서 금방 휘발되는 것 같아요. 발림성은 좋고 보통의 올인원 제품이에요.,향,향이 강하지 않아서,0,[속성] 향 [문장] 향이 강하지 않아서,,향,unchanged
train,693813,쇼핑몰,남성화장품,OO 트** 플루이드 180ml 1개,펌프식 젤타입이라 쓰기 편해요. 향도 진하지 않고 은은해서 좋고 오래 지속되네요. 배송이 조금 느린 거 빼고 화장품은 마음에 듭니다.,향,향도 진하지 않고,1,[속성] 향 [문장] 향도 진하지 않고,,향,unchanged
train,694242,쇼핑몰,남성화장품,OO 트** 플루이드 180ml 1개,펌프식이라 사용하기 편하고 끈적임 없어서 좋아요. 다만 가격이 비싸서 이벤트나 프로모션을 자주 해주시면 좋을 것 같아요. 사은품 선크림도 잘 쓸께요.,가격,가격이 비싸서,-1,[속성] 가격 [문장] 가격이 비싸서,,가격,unchanged
train,694379,쇼핑몰,남성화장품,OO 파** 옴므 올인원 플루이드 100ml 2개,배송도 빠른편이고 가성비 좋습니다. 향도 무난하고 피부 트러블도 없습니다. 올인원이라 사용하기 편합니다. OOO브랜드 생각보다 좋습니다.,향,향도 무난하고,1,[속성] 향 [문장] 향도 무난하고,,향,unchanged
train,694636,쇼핑몰,남성화장품,OO 파** 옴므 올인원 플루이드 100ml 2개,배송도 빠르고 전에 샀던 제품 다 써서 추가 주문했습니다. 향도 나쁘지 않고 바르기 편해서 좋은 것 같습니다. 재구매 할게요.,향,향도 나쁘지 않고,1,[속성] 향 [문장] 향도 나쁘지 않고,,향,unchanged
train,695349,쇼핑몰,남성화장품,OO 맨 센** 올인원 로션 125ml 1개,촉촉하게 보습되고 향기도 좋습니다. 가성비 좋네요. 아쉬운 점은 뚜껑의 노즐부분이 사용하기 불편한 것은 개선했으면 좋겠네요.,보습력/수분감,촉촉하게,1,[속성] 보습력/수분감 [문장] 촉촉하게,,보습력/수분감/쿨링감,merged_duplicate_label
train,695542,쇼핑몰,남성화장품,OO 맨 센** 올인원 로션 125ml 1개,"박스에 포장되어 이상없이 빠르게 받았어요. 포장 요란하지 않고 심플해서 좋습니다. 크기가 앙증맞아 휴대하기 편할듯 합니다. 펌프식이 아니고, 용기 입구가 커서 양 조절이 좀 불편합니다. 향은 사우나 같은 곳 가면 비치되어 있는 로션 향과 비슷한거 같고, 크게 향이 자극적이거나 강하지 않네요. 건조한 날씨라 피부가 땡겨서 써봤는데 촉촉하게 잘 스며드네요. 올인원이라 빠르고 편해서 좋아요.",보습력/수분감,촉촉하게,1,[속성] 보습력/수분감 [문장] 촉촉하게,,보습력/수분감/쿨링감,merged_duplicate_label
train,695605,쇼핑몰,남성화장품,OO 맨 센** 올인원 로션 125ml 1개,촉촉하게 잘 스며들고 향도 자극적이지 않고 적절하네요. 무엇보다 원샷 올케어라서 딱 좋습니다. 그러나 용량이 너무 적어서 아쉬워요. 그리고 용기 입구가 너무 커서 한번에 너무 많이 나와서 조절이 필요하네요.,보습력/수분감,촉촉하게,1,[속성] 보습력/수분감 [문장] 촉촉하게,,보습력/수분감/쿨링감,merged_duplicate_label
train,696789,쇼핑몰,남성화장품,OO 아** 올인원 120ml 1개,한번 사용해보고 너무 괜찮아서 다시 주문했어요. 향도 무난하고 보습력도 좋은 상품입니다.,향,향도 무난하고,1,[속성] 향 [문장] 향도 무난하고,,향,unchanged
train,697342,쇼핑몰,남성화장품,OO 아** 옴므 선 올인원 플루이드 100ml 1개,친구가 좋다고 추천해서 주문했습니다. 사용해보니 끈적임도 있고 향이 강하고 제 취향의 향이 아니네요.,향,향이 강하고,-1,[속성] 향 [문장] 향이 강하고,,향,unchanged
train,685083,쇼핑몰,남성화장품,OO 한** 올인원 200ml 1개,처음에 얼굴에 트러블이 생기길래 많이 발라서 그런가 했는데 양을 줄여서 발라도 트러블이 나네요. 보습도 잘 안되고요. 스킨 필요 없이 하나만 바르면 된다고 해서 구매했는데 제형이 묽어서 사용하기 불편하네요.,제형,제형이 묽어서,-1,[속성] 제형 [문장] 제형이 묽어서,,제형,unchanged
train,685114,쇼핑몰,남성화장품,OO 한** 올인원 200ml 1개,보습력이 좋고 발림성도 좋고 피부에 촉촉하게 잘 스며들어요. 세안 후에 이거 하나만 발라도 좋은데 용기에서 내용물이 새어나와서 사용하기 불편하네요. 쿨링감도 좋은데 향이 제 취향이 아닙니다. 가격대비 용량도 작아요. 그래도 만족합니다.,보습력/수분감,촉촉하게,1,[속성] 보습력/수분감 [문장] 촉촉하게,,보습력/수분감/쿨링감,merged_duplicate_label
train,685241,쇼핑몰,남성화장품,OO 한** 올인원 200ml 1개,"남편이 진짜 더울때 빼고는 항상 써요. 몇년째 사용중인데 이정도로 오래 사용할 줄 몰랐어요. 다른건 안쓰고 이거 딱하나 편하게 쓰고 다른거 샘플 써봐도 이게 제일 낫다고 해서 늘 사는데, 여기가 배송도 빠르고 가격도 비싸지 않아서 몇번째 이곳서 주문하고 있습니다.",가격,가격도 비싸지 않아서,1,[속성] 가격 [문장] 가격도 비싸지 않아서,,가격,unchanged
train,685266,쇼핑몰,남성화장품,OO 한** 올인원 200ml 1개,애용하는 제품입니다. 쓰던 걸 다 써 가서 다시 주문했습니다. 올인원 제품이라 편하고 끈적임 없어 좋습니다. 가격만 좀 더 저렴하면 좋겠습니다. 가격이 비싸서 매번 살 때마다 부담이 됩니다. 용량이 큰 편이 아니라서 금방 쓰고 또 사게 되는데 가격 부담 좀 낮춰 주면 정말 좋을 듯해요.,가격,가격이 비싸서,-1,[속성] 가격 [문장] 가격이 비싸서,,가격,unchanged
train,697939,쇼핑몰,남성화장품,OO 고** 포 맨 올인원 플루이드 150ml 1개,유분감 있나 했더니 금방 잘 흡수되고 부드럽네요. 제형이 쫀득하고 가볍게 흡수되어 좋습니다.,제형,제형이 쫀득하고,1,[속성] 제형 [문장] 제형이 쫀득하고,,제형,unchanged
train,698137,쇼핑몰,남성화장품,OO 고** 포 맨 올인원 플루이드 150ml 1개,발림도 좋고 향은 너무 진하지 않아 좋습니다. 가격이 비싸지 않고 양도 많아 마음이 부담없고 든든합니다. 너무 끈적임이 없어 남자라면 누구나 좋아할 것 같습니다.,가격,가격이 비싸지 않고,1,[속성] 가격 [문장] 가격이 비싸지 않고,,가격,unchanged
train,698227,쇼핑몰,남성화장품,OO 고** 포 맨 올인원 플루이드 150ml 1개,유명 블로거가 이 브랜드 제품이 대체로 좋다고 하는 걸 보고 좀 낯선 브랜드이지만 선택했는데 사용해 보니 순해서 좋습니다. 수분감도 좋아서 촉촉하게 잘 발립니다. 흡수도 잘 되어서 바르고 나서 끈적임도 없습니다.,보습력/수분감,촉촉하게,1,[속성] 보습력/수분감 [문장] 촉촉하게,,보습력/수분감/쿨링감,merged_duplicate_label
train,698292,쇼핑몰,남성화장품,OO 고** 포 맨 올인원 플루이드 150ml 1개,"아들 쓰라고 주문했어요. OOO 수분크림 제가 쓰다가 너무 좋아서 브랜드 믿고 또 구매했어요. 촉촉하게 잘 발라지고 피부가 촉촉해져서 좋아요. 스킨, 로션 따로 안 바르고 하나만 바르면 돼서 좋아하네요. 향은 무향이면 좋겠다고 합니다.",보습력/수분감,촉촉하게,1,[속성] 보습력/수분감 [문장] 촉촉하게,,보습력/수분감/쿨링감,merged_duplicate_label
train,698692,쇼핑몰,남성화장품,OO 고** 포 맨 올인원 플루이드 150ml 1개,테스터로 만나게 된 제품인데요. 제가 이미 ㅇㅇㅇ 폼클렌징을 쓰고 있어서 그 제품도 너무 순하고 좋기에 신청해 봤어요. 향은 좀 진한데 자극없이 순하고 제형이 부드럽고 자극이 없어 피부가 편안한거 같아요. 개인적으론 ㅇ ㅇㅇ 제품의 기초라인을 종류별로 함께 써보고 싶습니다.,제형,제형이 부드럽고,1,[속성] 제형 [문장] 제형이 부드럽고,,제형,unchanged
train,699370,쇼핑몰,남성화장품,OO 이** 포 맨 올인원 에센스 100ml 1개,화장품이 마음에 들어서 재구매해서 쓰게 되네요. 할인이 안될 때도 그냥 사서 썼는데 이번에 할인가로 저렴하게 구입해서 완전 좋았어요. 향이 없고 끈적이지 않아서 좋아요. 그리고 한 가지만 사용하니 편리하고 좋은데 자외선 차단 기능은 약한 듯해서 아쉽네요. 배송은 친절하고 빨라요.,향,향이 없고,1,[속성] 향 [문장] 향이 없고,,향,unchanged
train,699892,쇼핑몰,남성화장품,OO 맨즈 아** 올인원 로션 153ml 1개,처음 사용해 보는 제품인데 마음에 들어요. 펌핑형 용기라 사용하기 간편하고 올인원이라서 간편합니다. 향도 강하지 않고 은은해서 좋고 여성이 사용해도 좋은 제품인 거 같아요. 촉촉하게 잘 발리면서 순식간에 흡수되어 보송해집니다.,보습력/수분감,촉촉하게,1,[속성] 보습력/수분감 [문장] 촉촉하게,,보습력/수분감/쿨링감,merged_duplicate_label
train,699945,쇼핑몰,남성화장품,OO 맨즈 아** 올인원 로션 153ml 1개,처음 보는 브랜드네임에 믿음이 안 가서 정말 좋을까 반신반의 하며 구매했는데 써 보니 좋습니다. 발림이 부드럽고 촉촉하게 스며드는 느낌이며 향기 또한 산뜻한 향이며 향이 독하거나 아주 진하지 않고 은은한 향이 납니다. 다만 제품 가격에 비해 용량이 많진 않아서 아쉽습니다. 올인원 제품이라 사용하기 간편하고 기능성까지 골고루 갖춰 정말 좋습니다.,보습력/수분감,촉촉하게,1,[속성] 보습력/수분감 [문장] 촉촉하게,,보습력/수분감/쿨링감,merged_duplicate_label
train,700084,쇼핑몰,남성화장품,OO 포 맨 콜** 올인원 1000ml 1개,몇 주 사용해 본 결과 양도 굉장히 많고 쿨링감도 있어 몸에도 바르기 좋습니다. 향도 진하지 않고 적당한 끈적임도 좋아요. 저렴하니 가성비 좋다고 생각해요. 잘 사용하고 있습니다.,향,향도 진하지 않고,1,[속성] 향 [문장] 향도 진하지 않고,,향,unchanged
train,701062,쇼핑몰,남성화장품,OO 프** 센시티브 쉐이빙젤 170g 3개,면도 젤 중에 제일 좋습니다. 피부에 제형이 부드럽고 상처 없이 면도가 잘 되네요.,제형,제형이 부드럽고,1,[속성] 제형 [문장] 제형이 부드럽고,,제형,unchanged
train,701669,쇼핑몰,남성화장품,OO 맨 센** 쉐이빙폼 200ml 1개,남편이 좋아하는 OOO 쉐이빙 폼입니다. 매일 아침마다 면도하는 남편이 제일 좋아하는 쉐이빙 폼입니다. 제형이 부드럽고 예민한 편인데 자극 없이 보호해 줘서 좋다하네요.,제형,제형이 부드럽고,1,[속성] 제형 [문장] 제형이 부드럽고,,제형,unchanged
train,701886,쇼핑몰,남성화장품,OO 맨 센** 쉐이빙폼 200ml 1개,"남편이 항상 애용하는 제품인데, 다른곳보다 여기가 가장 저렴해서 구매했습니다. 제형이 부드럽고 순해서 좋아요.",제형,제형이 부드럽고,1,[속성] 제형 [문장] 제형이 부드럽고,,제형,unchanged
train,703036,쇼핑몰,남성화장품,OO 포** 센시티브 쉐이빙폼 311g 1개,"배송 빠르게 도착했고, 3개씩 사서 모두 사용할 때마다 구매해서 사용하고 있어요. 면도크림이 타브랜드 제품에 비해서 제형의 점도가 높아서 부드럽게 면도가 잘 되는 것 같습니다.",제형,제형의 점도가 높아서,1,[속성] 제형 [문장] 제형의 점도가 높아서,,제형,unchanged
train,703697,쇼핑몰,남성화장품,OO 코** 옴므 스킨 140ml 1개,스킨을 더 많이 사용해서 이번엔 스킨만 주문했어요. 향도 무난하고 피부 트러블도 없어서 좋습니다. 가격도 여기가 제일 저렴합니다.,향,향도 무난하고,1,[속성] 향 [문장] 향도 무난하고,,향,unchanged
train,704888,쇼핑몰,남성화장품,OO 멘** 애프터쉐이브 레귤러 180ml 1개,OOO 애프터쉐이브 주변에서 좋다고 해서 선택했는데 향이 강하고 효과도 없는 거 같아요.,향,향이 강하고,-1,[속성] 향 [문장] 향이 강하고,,향,unchanged
train,705031,쇼핑몰,남성화장품,OO 멘** 애프터쉐이브 레귤러 180ml 1개,항상 사용하는 제품이라 재구매 했는데 빠르게 배송되었어요. 청량감이 좋고 향이 진하고 오래가서 괜찮네요.,향,향이 진하고,1,[속성] 향 [문장] 향이 진하고,,향,unchanged
train,705840,쇼핑몰,남성화장품,OO 멘** 쉐이브 스킨 147ml 1개,국산의 스킨들 보다 향은 강하지만 예전부터 사용하던 제품이라 바꾸지 못하고 이번에도 구입했어요. 가격도 저렴한 것 같고 사용기한도 2024년 1월까지라 길어서 괜찮아요. 명절연휴로 배송은 좀 오래 걸렸어요.,향,향은 강하지만,-1,[속성] 향 [문장] 향은 강하지만,,향,unchanged
train,707942,쇼핑몰,남성화장품,OO 포** 레귤러 쉐이빙폼 311g 3개,"배송도 빠르고, 좋은 제품 선별해주셔서 감사해요. 제형이 부드럽고 향도 좋아서 앞으로도 계속 사용할 것 같아요.",제형,제형이 부드럽고,1,[속성] 제형 [문장] 제형이 부드럽고,,제형,unchanged
train,685541,쇼핑몰,남성화장품,OO 한** 올인원 200ml 1개,처음 구매하는 제품입니다. 자극적이지 않고 성분이 순해서 좋습니다. 향도 진하지 않고 번들거리지 않아서 데일리로 사용하기 좋은 것 같아요. 양도 많아서 오래 사용할 수 있습니다.,향,향도 진하지 않고,1,[속성] 향 [문장] 향도 진하지 않고,,향,unchanged
train,685602,쇼핑몰,남성화장품,OO 한** 올인원 200ml 1개,제형이 묽어 바를때 흐르는 것 같아 불편해요. 촉촉함이 오래가지 않아서 아쉽네요.,제형,제형이 묽어,-1,[속성] 제형 [문장] 제형이 묽어,,제형,unchanged
train,685672,쇼핑몰,남성화장품,OO 한** 올인원 200ml 1개,"매번 구매하는 상품인데요. 제형이 부드럽고, 세정력도 좋아 매번 만족해요. 다만 매번 아쉬운건 대용량이 나왔으면 하는 점이에요. 대용량이 나오면 다른 소비자들도 분명 만족할 것 이라고 확신해요.",제형,제형이 부드럽고,1,[속성] 제형 [문장] 제형이 부드럽고,,제형,unchanged
train,708611,쇼핑몰,남성화장품,OO 헤** 옴므 클렌저 125g 1개,샘플로 써보고 괜찮아서 주문합니다. 크게 당기지도 않고 촉촉하게 세안이 잘 되요. 향은 특유의 남성화장품 냄새가 나지만 익숙하니 쓸만합니다.,보습력/수분감,촉촉하게,1,[속성] 보습력/수분감 [문장] 촉촉하게,,보습력/수분감/쿨링감,merged_duplicate_label
train,685735,쇼핑몰,남성화장품,OO 한** 올인원 200ml 1개,이것저것 바르는 거 싫어하는 편인데 이 제품은 편하다고 하길래 구매해 봤어요. 그런데 제형이 묽어서 바르기 불편하고 가성비가 좋지 않아요. 재구매는 안 할 거 같아요.,제형,제형이 묽어서,-1,[속성] 제형 [문장] 제형이 묽어서,,제형,unchanged
train,687353,쇼핑몰,남성화장품,OO 아** 맨 올인원 120ml 1개,발림성 좋고 쿨링감은 없는 편이고 제형은 많이 묵직한 편이라서 여름이나 초가을에는 바르기 힘들것 같습니다. 크리미한 제형이고 바르면 피부톤이 회색빛이 돌아서 별로네요 데일리용이라고 하지만 데일리로 못쓸 것 같아요.,제형,크리미한 제형이고,0,[속성] 제형 [문장] 크리미한 제형이고,,제형,unchanged
train,687737,쇼핑몰,남성화장품,OO 헤** 옴므 플루이드 110ml 1개,한 가지만 바르면 된다고 좋아합니다. 향도 무난하고 발림성도 좋아요. 가격은 비싸고 용량은 작아졌네요.,향,향도 무난하고,1,[속성] 향 [문장] 향도 무난하고,,향,unchanged
train,688533,쇼핑몰,남성화장품,OO 한** 올인원 200ml 1개,스킨로션 알아보다가 광고를 보니 좋아 보여서 구매했습니다. 바쁜 아침에 스킨로션 바르기 귀찮아서 이 제품으로 선택했는데 제형이 묽어서 사용하기 불편하네요. 건조한 피부가 촉촉해지지도 않아요. 만족스럽지 않습니다.,제형,제형이 묽어서,-1,[속성] 제형 [문장] 제형이 묽어서,,제형,unchanged
train,688610,쇼핑몰,남성화장품,OO 한** 올인원 200ml 1개,바쁠 때 한 번에 해결하기 좋습니다. 보습은 약해서 수분크림을 발라 보습을 보충해야 할 거 같고 발림성은 보통입니다. 흡수되기까지 시간이 좀 걸리지만 끈적이지 않아 만족합니다. 가격이 비싸서 세일할 때 샀습니다.,가격,가격이 비싸서,-1,[속성] 가격 [문장] 가격이 비싸서,,가격,unchanged
train,688617,쇼핑몰,남성화장품,OO 한** 올인원 200ml 1개,OOO 올인원 사용해 보니 제형이 묽어서 사용하기 불편해요. 보습력도 안 좋고 흡수도 느려서 손이 잘 안 가네요. 추천하지 않습니다.,제형,제형이 묽어서,-1,[속성] 제형 [문장] 제형이 묽어서,,제형,unchanged
train,688636,쇼핑몰,남성화장품,OO 한** 올인원 200ml 1개,"며칠 사용해보니, 효과는 아직 잘 모르겠습니다. 가격대비 용량은 많습니다. 다만 제형이 묽어서 흘러내립니다.",기능/효과,효과는 아직 잘 모르겠습니다.,0,[속성] 기능/효과 [문장] 효과는 아직 잘 모르겠습니다.,,기능/효과,unchanged
train,688686,쇼핑몰,남성화장품,OO 한** 올인원 200ml 1개,간편하게 하나만 바르면 된다고 해서 구매했는데 제형이 묽어서 사용하기 불편하네요. 예전에 쓰던 제품보다 별로인 거 같습니다. 자극이 있고 순하지도 않네요. 촉촉하지도 않고 발림성도 안 좋아요.,제형,제형이 묽어서,-1,[속성] 제형 [문장] 제형이 묽어서,,제형,unchanged
train,688709,쇼핑몰,남성화장품,OO 한** 올인원 200ml 1개,가을겨울면 건성피부로 고생하고 있었는데 후기가 좋아서 구입하게 되었어요. 그런데 보습력이 안 좋고 향이 마음에 들지 않아요. 올인원이라서 편하다길래 구매했는데 제형이 묽어서 사용하기도 불편해요.,제형,제형이 묽어서,-1,[속성] 제형 [문장] 제형이 묽어서,,제형,unchanged
train,688745,쇼핑몰,남성화장품,OO 한** 올인원 200ml 1개,향이 더 상쾌했으면 좋겠고 보습이 너무 가볍고 흡수가 잘 안 되어 번들거립니다. 용기가 고급스럽지 않고 디자인이 투박합니다. 별로 추천하지 않습니다.,흡수력,번들거립니다.,-1,[속성] 흡수력 [문장] 번들거립니다.,,흡수력,unchanged
train,688886,쇼핑몰,남성화장품,OO 한** 올인원 200ml 1개,끈적이고 흡수력이 안 좋아요. 여러 가지 화장품 바르는 걸 싫어해서 한 번에 해결된다는 이 화장품으로 선택했는데 유분기가 많아서 별로예요. 잘 발리지 않고 제형이 묽어서 사용하기 불편해요.,제형,제형이 묽어서,-1,[속성] 제형 [문장] 제형이 묽어서,,제형,unchanged
train,688908,쇼핑몰,남성화장품,OO 한** 올인원 200ml 1개,튼튼하게 포장해서 빠르게 배송도 왔습니다. 아들하고 저하고 같이 씁니다. 가격이 비싸서 세일할 때 샀습니다. 순하고 발림이 부드러워서 좋습니다. 건성 피부에는 건조할 수 있습니다.,가격,가격이 비싸서,-1,[속성] 가격 [문장] 가격이 비싸서,,가격,unchanged
train,688980,쇼핑몰,남성화장품,OO 엑** 올인원 200ml 2개,ㅇㅇㅇ 쓰다가 갈아탔어요. 신랑 피부는 건성인데 잘 맞는 것 같습니다. 사용감은 나쁘지 않은데 향이 진해서 안 좋다고 합니다. 바른지 6시간 지나고 피부를 만져보니 뽀송한데 살짝 유분기가 눈으로 보여요. 쌀쌀해져서 나쁘진 않을 것 같아요.,사용감,사용감은 나쁘지 않은데,1,[속성] 사용감 [문장] 사용감은 나쁘지 않은데,,사용감,unchanged
train,689161,쇼핑몰,남성화장품,OO 엑** 올인원 200ml 2개,제형의 점도가 높아서 발림의 슬릭감이 떨어져서 안 좋습니다. 전체적으로 바르는게 불편합니다. 향은 그럭저럭 나쁘지는 않네요. 끈적임이 조금 있어요.,제형,제형의 점도가 높아서,-1,[속성] 제형 [문장] 제형의 점도가 높아서,,제형,unchanged
train,689294,쇼핑몰,남성화장품,OO 엑** 올인원 200ml 2개,올인원이라 쓰기 간편합니다. 건조할 때 바르면 촉촉하게 빨리 흡수됩니다. 향은 저한테는 좀 진한 듯합니다.,보습력/수분감,촉촉하게,1,[속성] 보습력/수분감 [문장] 촉촉하게,,보습력/수분감/쿨링감,merged_duplicate_label
train,689477,쇼핑몰,남성화장품,OO 엑** 올인원 200ml 2개,스킨과 로션을 하나로 바르니 편하고 좋아요. 향도 나쁘지 않고 끈적거리지 않아서 마음에 듭니다. 다만 샘플이 없어서 아쉽네요.,향,향도 나쁘지 않고,1,[속성] 향 [문장] 향도 나쁘지 않고,,향,unchanged
train,689561,쇼핑몰,남성화장품,OO 엑** 올인원 200ml 2개,남편 써보라고 주문했습니다. 향도 나쁘지 않고 끈적거리지 않습니다. 저렴하게 구매했습니다. 올인원이라서 사용하기 편합니다.,향,향도 나쁘지 않고,1,[속성] 향 [문장] 향도 나쁘지 않고,,향,unchanged
train,689715,쇼핑몰,남성화장품,OO 엑** 올인원 200ml 2개,잘받았어요. 상품이 마음에 들어서 좋아요. 제형이 부드럽고 피부에 끈적임이 없어 정말 좋아요.,제형,제형이 부드럽고,1,[속성] 제형 [문장] 제형이 부드럽고,,제형,unchanged
train,689744,쇼핑몰,남성화장품,OO 엑** 올인원 200ml 2개,제형이 부드럽고 양도 풍부하며 끈적이지 않고 촉촉해서 좋습니다. 향도 좋고 올인원이라 편리해서 정말 맘에 듭니다.,제형,제형이 부드럽고,1,[속성] 제형 [문장] 제형이 부드럽고,,제형,unchanged
train,689965,쇼핑몰,남성화장품,OO 옴므 아** 올인원 200ml 1개,배송은 빠른 편입니다. 제품은 항상 구매해서 사용하는 만큼 보습력이 뛰어나고 바르면 상쾌해서 최고인 제품입니다. 가격이 비싸서 자주 구매하지 못하는 것이 아쉽지만 이번에 구성이 좋아서 구매하게 되었습니다. 가격만 더 저렴해지면 좋겠어요.,가격,가격이 비싸서,-1,[속성] 가격 [문장] 가격이 비싸서,,가격,unchanged
train,690124,쇼핑몰,남성화장품,OO 더** 포 맨 플루이드 200ml 1개,오랫동안 계속해서 사용하고 있는 제품입니다. 향도 진하지 않고 은은한 향이라 좋습니다.,향,향도 진하지 않고,1,[속성] 향 [문장] 향도 진하지 않고,,향,unchanged
validation,593406,쇼핑몰,스킨케어,OO 그** 선 플러스 50ml 1개,유분기가 적고 발림성도 좋습니다. 유통기한도 넉넉하네요. 자외선 차단 효과도 좋았으면 좋겠어요,보습력/수분감,유분기가 적고,1,[속성] 보습력/수분감 [문장] 유분기가 적고,,보습력/수분감,unchanged
validation,587125,쇼핑몰,스킨케어,OO 멘** 포밍워시 200ml 2개,"여드름이 시작되는 피부에 사용하려고 구매했어요. 몇 통째 쓰고 있는데, 딱히 여드름 피부에 좋다는 느낌은 없어요. 제형이 거품형이라 사용하기는 편하네요. 가격 대비 양이 많이 적어요.",제형,제형이 거품형이라,0,[속성] 제형 [문장] 제형이 거품형이라,,제형,unchanged
validation,586212,쇼핑몰,스킨케어,OO 시** 퍼펙트 휩 150ml 4개,제형이 거품형이라 쓰고 나면 부드럽네요. 튜브형은 뽀드득 했는데 이건 보습이 된듯 부드러워요.,제형,제형이 거품형이라,1,[속성] 제형 [문장] 제형이 거품형이라,,제형,unchanged
validation,584967,쇼핑몰,스킨케어,OO 클** 클렌징젤 400ml 1개,"약산성이라 피부에 자극적이지도 않고 복합성, 여드름성 피부에 효과적입니다. 트러블피부용 세안제를 쓰다 보면 피부가 당기는 경우도 있는데 이 제품은 사용 후 피부 당김 전혀 없이 깨끗하게 오염만 제거하고 유분기는 그대로인 느낌이에요. 향이 너무 강해서 거부감 들 수도 있지만 향은 씻어내면 그만이니까요.",성분,약산성이라,0,[속성] 성분 [문장] 약산성이라,,성분,unchanged
validation,586976,쇼핑몰,스킨케어,OO 멘** 포밍워시 200ml 2개,여드름 나는 초등학생용으로 구매했습니다. 이 제품을 사용하니 얼굴이 깨끗해졌습니다. 제형이 거품형이라 쓰기 편해서 좋습니다. 가격만 저렴해지면 더 좋습니다.,제형,제형이 거품형이라,0,[속성] 제형 [문장] 제형이 거품형이라,,제형,unchanged
validation,599504,쇼핑몰,스킨케어,OO 멀티 선크림 70ml 1개,"가격대비 성능은 좋은 편이에요. 유통기한도 넉넉한 편이에요. 하지만 제품에 유분기가 적고 수분이 평균 이상으로 들어있어서, 건성인 피부에는 잘 맞지 않습니다. 향기도 오래 지속되지 않아요. 제품 품질 면에서 만족스럽지 않습니다. 저렴한 가격과 실용적인 측면에서 좋아요. .",보습력/수분감,유분기가 적고,-1,[속성] 보습력/수분감 [문장] 유분기가 적고,,보습력/수분감,unchanged
validation,587357,쇼핑몰,스킨케어,OO 멘** 포밍워시 200ml 2개,제형이 거품형이라 사용하기 편리합니다. 용량이 적어서 금방 사용합니다. 편리함과 피부가 뽀득해져서 좋습니다. 여드름 피부에 잘 맞는 제품이고 건성 피부는 당깁니다.,제형,제형이 거품형이라,0,[속성] 제형 [문장] 제형이 거품형이라,,제형,unchanged
validation,586996,쇼핑몰,스킨케어,OO 멘** 포밍워시 200ml 2개,"뾰루지 안나서 좋습니다. 마스크 땜에 조금씩 생겨서 속상했는데 이 제품 쓰고 뽀루지가 싹 없어지네요. 향은 소독약 냄새가 좀 나는 듯합니다. 제형이 거품형이라 사용하기 편하고, 두번 펌핑하면 딱 이네요. 메이크업도 잘 세정됩니다. 다 쓰면 재구매 하려구요.",제형,제형이 거품형이라,0,[속성] 제형 [문장] 제형이 거품형이라,,제형,unchanged
validation,589476,쇼핑몰,스킨케어,OO 딥 클린 클렌저 175g 1개,여름이라 피지분비도 많아지고 트러블도 가끔 올라옵니다. OOO클렌징으로 클렌징해주니 피지가 잘 씻기고 각질도 관리되고 살리실산성분이 함유되어 트러블도 완화시켜주는듯 합니다. 거품도 풍성하게 잘나와 세정력이 좋고 약산성이라 자극없이 피부를 촉촉하게 보호해 주어서 좋습니다. 세안 후 당김도 덜합니다.,성분,약산성이라,1,[속성] 성분 [문장] 약산성이라,,성분,unchanged
validation,808813,쇼핑몰,헤어/바디케어,OO 바** 카모마일 크림 250ml 1개,언니가 추천해서 처음으로 주문했습니다. 제형이 꾸덕해서 흡수가 잘 안되네요. 끈적임도 있어서 사용하기 불편합니다. 향도 무난한 향은 아니네요. 보습력도 보통입니다.,제형,제형이 꾸덕해서,-1,[속성] 제형 [문장] 제형이 꾸덕해서,,제형,unchanged
validation,808177,쇼핑몰,헤어/바디케어,OO 인** 리페어 핸드크림 56g 1개,다른 크림보다 촉촉함이 오래갑니다. 다만 산뜻하지 않고 잘 발리지도 않아요. 제형이 꾸덕해서 잘 안발려요. 그래도 보습력은 좋습니다.,제형,제형이 꾸덕해서,-1,[속성] 제형 [문장] 제형이 꾸덕해서,,제형,unchanged
validation,810166,쇼핑몰,헤어/바디케어,OO 바** 크림 75ml 4개,매장배송엔 없어서 안파네요. 4개 엄청 싸게 잘샀습니다. 제형이 꾸덕해서 악건성인 제 손에 자주 발라주니 촉촉해서 좋아요. 향도 너무 좋습니다. 항상 가지고 다니면서 바르는 필수품입니다.,제형,제형이 꾸덕해서,0,[속성] 제형 [문장] 제형이 꾸덕해서,,제형,unchanged
test,1025901,SNS,남성화장품,OO 코** 옴므 스킨 140ml,옛날에 잘 사용하고 있다가 어느 순간에 잘 판매하지 않아서 뭐지 했는데 인터넷으로 판매하고 있네요. 일단 가격도 괜찮고 제형이 묽어서 끈적거림도 적네요. 예전에는 향이 좀 강했던 것 같은데 지금은 약간 향이 약해져서 더 좋아요. 피부에 잘 스며들고 건조하지 않아서 여름에 사용하기 좋을 것 같네요. 근데 겨울에 사용하기에는 조금 건조할 것 같습니다. 딱히 화장품에 관심이 없었는데 이 제품 사용하고 나서는 피부 관리에 살짝 관심이 가네요. 화잘못의 간단한 후기입니다~감사해요!!,제형,제형이 묽어서,0,[속성] 제형 [문장] 제형이 묽어서,,제형,unchanged
test,712295,쇼핑몰,남성화장품,OO 질** 스킨 쉐이브 크림 177ml 1개,"폼 타입 제품과 달리 젤 타입이라서 거품이 곧바로 풍성하게 나진 않지만 향도 좋고 보습력도 있어서 좋습니다. 향이 은은하게 계속 남아 있어서 좋고, 보습력도 나쁘지 않습니다. 매일 출근하는 사무직이라 면도를 자주 하는데 피부에 덜 자극적이어서 좋아요. 하지만 젤 타입이 폼 타입보다 사용하기는 불편하네요. 다 떨어지면 다시 폼 타입 사려고 합니다.",보습력/수분감,보습력도 나쁘지 않습니다.,1,[속성] 보습력/수분감 [문장] 보습력도 나쁘지 않습니다.,,보습력/수분감/쿨링감,merged_duplicate_label
test,668464,쇼핑몰,메이크업/뷰티소품,OO 후** 립케어 4.8g 1개,유명한 립밤이라고 해서 구매했어요. 근데 발색이 너무 옅어서 아쉽네요. 데일리로 사용하기에는 안 좋은 것 같아요. 캠핑을 자주 다녀 입술이 금방 건조해져서 수시로 바르려고 샀는데 막상 발라보니 보습력이 좋지는 않네요.,보습력/수분감,보습력이 좋지는 않네요.,-1,[속성] 보습력/수분감 [문장] 보습력이 좋지는 않네요.,,보습력/수분감/쿨링감,merged_duplicate_label
test,661938,쇼핑몰,메이크업/뷰티소품,OO 루** 슬림 쉬어 마뜨 2g 1개,지속성과 발림성 모두 다 갖췄어요. 가성비 최고의 제품입니다. 매트하지만 자연스럽게 잘 발리고 촉촉하고 탱탱하게 표현됩니다. 발색력이 너무 좋습니다. 선물용으로도 좋은 거 같아요.,보습력/수분감,매트하지만,-1,[속성] 보습력/수분감 [문장] 매트하지만,,보습력/수분감/쿨링감,merged_duplicate_label
test,665037,쇼핑몰,메이크업/뷰티소품,OO 벨** 립틴트 4g 1개,여기 제품이 좋아서 다시 구매했습니다. OO 색상도 너무 예쁘네요. OOO틴트 매트하지만 부드럽게 발리고 건조하지 않아서 각질 부각도 적어요.,보습력/수분감,매트하지만,-1,[속성] 보습력/수분감 [문장] 매트하지만,,보습력/수분감/쿨링감,merged_duplicate_label
test,669347,쇼핑몰,메이크업/뷰티소품,OO 에** 슈퍼 롱래쉬 6ml 1개,슈퍼 롱래쉬라서 엄청 길어질 줄 알았는데 드라마틱한 효과는 없습니다. 별로 길어지지 않아요. 컬링 효과도 잘 모르겠습니다.,기능/효과,드라마틱한 효과는 없습니다.,-1,[속성] 기능/효과 [문장] 드라마틱한 효과는 없습니다.,,기능/효과,unchanged
test,668455,쇼핑몰,메이크업/뷰티소품,OO 후** 립케어 4.8g 1개,개인적으로 체리향을 좋아해서 골랐는데 만족스러워요. 바르면 붉게 발색돼서 발그레하니 립스틱을 바른 듯 합니다. 진하지는 않지만 입술색이 평소에 핏기가 없어서 생기없이 보였는데 자주 발라주니 생기있어 보여서 좋습니다. 보습력만 더 좋으면 좋겠습니다. 매트한 느낌입니다. 뚜껑은 립스틱처럼 생겨서 사용하기 편하네요. 아들도 써보더니 괜찮다고 사서 쓰고 있습니다.,보습력/수분감,매트한 느낌입니다.,-1,[속성] 보습력/수분감 [문장] 매트한 느낌입니다.,,보습력/수분감/쿨링감,merged_duplicate_label
test,664978,쇼핑몰,메이크업/뷰티소품,OO 벨** 립틴트 4g 1개,OO의 OOO립틴트를 지금까지도 잘 사용하고 있습니다. 매트하지만 발림이 깔끔한 느낌이며 발색력이 좋고 색상이 화사해 보여 좋습니다. 지속력은 개인마다 다르겠지만 그리 쉽게 지원지지는 않는 것 같습니다.,보습력/수분감,매트하지만,1,[속성] 보습력/수분감 [문장] 매트하지만,,보습력/수분감/쿨링감,merged_duplicate_label
test,664657,쇼핑몰,메이크업/뷰티소품,OO 파** 리퀴드 립컬러 5ml 1개,저는 22-23호 웜톤입니다. 색상이 너무 예뻐보여서 구매했습니다. 기존 립스틱보다 진하게 발색이 되고 매트한 느낌입니다. 기존 립스틱이 부드럽게 입술에 발린다면 이 제품은 뻑뻑하게 발려서 매트합니다. 발색은 너무 환합니다. 제 피부톤에 안 맞는 느낌이 있습니다. 베이스 립을 조금 더 웜한색을 발라주고 그라데이션 해주니까 색이 화사해서 봄 여름에 바르기 좋은 것 같아요. 볼 터치도 같은 색상으로 해주면 좋을 거 같아서 볼에도 발라 봤는데 생각보다 뻑뻑하게 발려서 뭉칩니다.,보습력/수분감,매트한 느낌입니다.,0,[속성] 보습력/수분감 [문장] 매트한 느낌입니다.,,보습력/수분감/쿨링감,merged_duplicate_label
test,600802,쇼핑몰,스킨케어,OO 선** 선크림 55ml 1개,주위에서 좋은 선크림이라 해서 사봤는데 바를 때 밀림 없고 제형이 묽어서 발림도 좋습니다. 바르고 나면 너무 매트해서 건성피부에는 제품이 잘 안 맞는 것 같습니다..,제형,제형이 묽어서,1,[속성] 제형 [문장] 제형이 묽어서,,제형,unchanged
test,591790,쇼핑몰,스킨케어,OO 클렌징 폼 150ml 1개,피부가 예민해서 진정시켜줄 순한 클렌징폼을 찾다가 시도해보게 됐습니다. 세정력이 좋아요. 지성피부엔 딱인 듯합니다. 약산성이라 자극도 덜해요.,성분,약산성이라,1,[속성] 성분 [문장] 약산성이라,,성분,unchanged
test,589646,쇼핑몰,스킨케어,OO 딥 클린 클렌저 175g 1개,좁쌀 많은 피부라 사용하고 있는데요. 아침 세안용으로 쓰고 있는데 약산성이라 세안 후에 많이 안당겨서 좋고 각질도 관리되는 것 같아서 좋습니다. 근데 양이 좀 작은 것 같아요.,성분,약산성이라,1,[속성] 성분 [문장] 약산성이라,,성분,unchanged
test,589611,쇼핑몰,스킨케어,OO 딥 클린 클렌저 175g 1개,약산성이라 좋을 줄 알고 샀는데 사용 후 여드름이 엄청 생겨서 많이 고생했어요. 약산성이 다 좋지만은 않다는 걸 뒤늦게 알았습니다. 약산성이라 그런지 세정력도 최악이었어요. 품질이 나빠 다 쓰지도 못했어요.,성분,약산성이라,0,[속성] 성분 [문장] 약산성이라,,성분,unchanged
test,586830,쇼핑몰,스킨케어,OO 멘** 포밍워시 200ml 2개,드라마틱한 효과는 없습니다. 이걸 쓰기 시작한 이후 여드름이 많이 줄었어요. 펌핑 용기라 누르면 바로 거품으로 나와서 쓰기 편리합니다.ㅇㅇㅇ브랜드에 대한 신뢰도가 높아 구매 하고 있네요. 세안제로 세정력이 뛰어난 이 제품을 추천 합니다. 여드름 피부인 학생들이 사용하기 딱 좋습니다.,기능/효과,드라마틱한 효과는 없습니다.,-1,[속성] 기능/효과 [문장] 드라마틱한 효과는 없습니다.,,기능/효과,unchanged
test,586691,쇼핑몰,스킨케어,OO 멘** 포밍워시 200ml 2개,사용하는 제품인데 ㅇㅇㅇ에서 행사해서 좋은 가격에 득템 했어요 하나 사면 오래 쓰는데 양이 많아 온가족이 부담없이 잘 쓸 수 있어요. 제형이 거품으로 나와서 편하고 얼굴 기름 제거에 탁월해서 세안 후 얼굴이 건조해집니다.,제형,제형이 거품으로 나와서,1,[속성] 제형 [문장] 제형이 거품으로 나와서,,제형,unchanged
test,589465,쇼핑몰,스킨케어,OO 딥 클린 클렌저 175g 1개,여드름으로 고민중이었는데 체험 해볼수 있어 좋았어요.저자극 약산성이라 민감한 피부도 자극없이 안심하고 쓸 수 있었습니다. 피부 유분은 잡아주면서 건조하지 않고 촉촉함은 남겨줘 피부 자극없이 깨끗히 클렌징 할수 있었습니다. 제형이 부드럽고 거품도 제법나서 클렌징하기 좋았습니다. 다쓰면 대용량으로 구매해 볼 생각입니다. 자극없이 순한 클렌징으로 추천하고 싶어요.,성분,약산성이라,0,[속성] 성분 [문장] 약산성이라,,성분,unchanged
test,586740,쇼핑몰,스킨케어,OO 멘** 포밍워시 200ml 2개,"OOO 제품은 제형이 거품으로 나와서 사용하기 편하고, 향도 좋은 듯하네요. 전에 써봤는데 좋아서 재구매 했습니다. 가격도 좋고, 사은품으로 주신 립밤과 스킨, 스킨패드 2장이도 좋네요. 가격 대비 용량이 많지 않네요.",제형,제형이 거품으로 나와서,0,[속성] 제형 [문장] 제형이 거품으로 나와서,,제형,unchanged
test,808426,쇼핑몰,헤어/바디케어,OO 인** 리페어 핸드크림 56g 1개,제형이 엄청 꾸덕꾸덕해서 낮엔 못 바르고 자기 전에만 바르고 있습니다. 엄청나게 꾸덕꾸덕한 제형에 비해 드라마틱한 효과는 없습니다. 효과가 좋지도 나쁘지도 않은 것 같아요. 꾸덕꾸덕한 제형을 좋아하지 않아서 별로네요.,기능/효과,드라마틱한 효과는 없습니다.,0,[속성] 기능/효과 [문장] 드라마틱한 효과는 없습니다.,,기능/효과,unchanged
test,812104,쇼핑몰,헤어/바디케어,OO 카** 클래식 핸드 앤 네일크림 100ml 1개,물을 자주 만져서 너무 건조해져서 주문했습니다. 발림성도 괜찮고 보습력도 나쁘지 않습니다. 향은 좀 강해서 무향으로 나왔으면 좋겠습니다. 가볍게 쓰기에 좋습니다.,보습력/수분감,보습력도 나쁘지 않습니다.,0,[속성] 보습력/수분감 [문장] 보습력도 나쁘지 않습니다.,,보습력/수분감,unchanged
test,804475,쇼핑몰,헤어/바디케어,OO 데일리 바디로션 450ml 2개,보습력의 대명사라 추천해서 처음으로 구입했습니다. 기대만큼 보습력이 좋지는 않네요. 향도 제 취향은 아니라 별로입니다. 용량대비 가격도 비쌉니다.,보습력/수분감,보습력이 좋지는 않네요.,0,[속성] 보습력/수분감 [문장] 보습력이 좋지는 않네요.,,보습력/수분감,unchanged
