split,duplicate_of_split,duplicate_key,review_id,source,category,product_name,raw_text,aspect,sentiment_text,sentiment_polarity,model_input,label,original_aspect,normalization_reason
validation,train,[속성] 가격 [문장] 가격도 저렴해요.,713598,쇼핑몰,남성화장품,OO 질** 쉐이빙폼 175g 1개,매번 사용하는 제품이라 또 구매했어요. 폼이 부드럽고 면도가 깔끔하게 되는 거 같습니다. 가격도 저렴해요.,가격,가격도 저렴해요.,1,[속성] 가격 [문장] 가격도 저렴해요.,0,가격,unchanged
validation,train,[속성] 지속력/유지력 [문장] 지속력도 좋고,1029777,SNS,남성화장품,OO 마** 향수 ,독한 향수와 강한 알코올 냄새를 싫어하는데 OO OOO향수가 자연스럽게 오래 향기가 지속된다고 해서 남자친구에게 주려고 하나 구입해 보았습니다. OO OOO향수는 정말 가성비가 좋은 거 같아요. 남자친구를 준 향수는 씨솔트&세이지 향인데 푸른 바다가 생각나는 중성적인 느낌의 시크한 향이 남자분들이 사용하기 좋은 향입니다. 지속력도 좋고 피부 헤어 등 멀티 향수로 가능해서 남자친구도 꽤나 만족합니다. 맡아보니 생각보다 지속력도 좋고 남성여성 모두 사용할 수 있는 중성적인 향이더라고요. 여자들이 뿌려도 부담스럽지 않을 거 같아 저도 하나 구매해 사용하려고요.,지속력/유지력,지속력도 좋고,1,[속성] 지속력/유지력 [문장] 지속력도 좋고,0,지속력/유지력,unchanged
validation,train,[속성] 향 [문장] 향도 좋고,1029902,SNS,남성화장품,OO 스킨로션 200ml ,"요즘 남자들도 너무 강한 향보다 은은한 향을 더 좋아한다고 해요~ 향도 좋고 남자들이 쓰기 편한 ㅇㅇㅇ들어갑니다~! 처음 이 제품 사용하시는 분은 제형의 질감이 좀 묽다고 생각하실 수도 있는데, 그래서 피부에 더 빨리 스며들긴 합니다. 끈적임 없이 잘 흡수되어서 건성피부에도 충분히 수분감이 느껴지구요. 향이 산뜻하면서도 은은해서 좋습니다. 이거 한번이라도 써보신 분들은 거의 이것만 쓴다고 하시네요~ 향도 무난하고 모든 피부타입에 꽤 괜찮은 제품 ㅇㅇㅇ를 추천합니다~!",향,향도 좋고,1,[속성] 향 [문장] 향도 좋고,0,향,unchanged
validation,train,[속성] 흡수력 [문장] 끈적임 없이,1029902,SNS,남성화장품,OO 스킨로션 200ml ,"요즘 남자들도 너무 강한 향보다 은은한 향을 더 좋아한다고 해요~ 향도 좋고 남자들이 쓰기 편한 ㅇㅇㅇ들어갑니다~! 처음 이 제품 사용하시는 분은 제형의 질감이 좀 묽다고 생각하실 수도 있는데, 그래서 피부에 더 빨리 스며들긴 합니다. 끈적임 없이 잘 흡수되어서 건성피부에도 충분히 수분감이 느껴지구요. 향이 산뜻하면서도 은은해서 좋습니다. 이거 한번이라도 써보신 분들은 거의 이것만 쓴다고 하시네요~ 향도 무난하고 모든 피부타입에 꽤 괜찮은 제품 ㅇㅇㅇ를 추천합니다~!",흡수력,끈적임 없이,1,[속성] 흡수력 [문장] 끈적임 없이,0,흡수력,unchanged
validation,train,[속성] 자극성 [문장] 피부자극은 없고,709610,쇼핑몰,남성화장품,OO 스** 쉐이브 젤 195g 1개,젤이라선지 거품이 쫀쫀해서 면도기가 잘라낸 수염을 잘 붙잡는 장점이 있으나 너무 쫀쫀해서 면도기 행구기가 힘듭니다. 뜨거운 물에 담궈 한참 흔들어야 해서 사용하기 불편합니다. 피부자극은 없고 향은 무난합니다.,자극성,피부자극은 없고,1,[속성] 자극성 [문장] 피부자극은 없고,0,자극성,unchanged
validation,train,[속성] 향 [문장] 향은 무난합니다.,709610,쇼핑몰,남성화장품,OO 스** 쉐이브 젤 195g 1개,젤이라선지 거품이 쫀쫀해서 면도기가 잘라낸 수염을 잘 붙잡는 장점이 있으나 너무 쫀쫀해서 면도기 행구기가 힘듭니다. 뜨거운 물에 담궈 한참 흔들어야 해서 사용하기 불편합니다. 피부자극은 없고 향은 무난합니다.,향,향은 무난합니다.,1,[속성] 향 [문장] 향은 무난합니다.,0,향,unchanged
validation,train,[속성] 흡수력 [문장] 끈적이지 않아서,1026541,SNS,남성화장품,OO 포 맨 올인원 플루이드 150ml,끈적이는 제품은 진짜 바르기도 싫은 1인입니다. 저뿐만 아니라 제 주위의 남자들한테 물어보니 끈적이는 제품이 제일 싫다고 하네요...!! 이 제품은 끈적이지 않아서 2년 넘게 사용하고 있는 제품입니다!! 여름철 남성 기초 제품으로 저는 추천을 드리고 싶어요! 여름에는 끈적이는 제품 쓰면 덥기까지 해서 사용감이 좋지 않은데 이 제품은 피부에 바로 흡수가 되어 끈적이지 않습니다~~ 그래서 여름에 사용하기 좋은 로션인 것 같아요~~또한 ㅇㅇㅇ라 성분도 착해서 피부에 트러블도 생기지 않고 2년 정도 꾸준히 사용하니 주름 개선도 된 것 같아서 만족하고 있습니다!!! 앞으로도 쭈욱 이 제품 사용할 것 같아요~ :) 무엇보다 가격도 너무 저렴하잖아요...!! 항상 사용하는 제 필수템입니다!! 간편한 남자 올인원 로션 찾으시면 이 제품 추천 드리고 싶습니다!,흡수력,끈적이지 않아서,1,[속성] 흡수력 [문장] 끈적이지 않아서,0,흡수력,unchanged
validation,train,[속성] 성분 [문장] 성분도 착해서,1026541,SNS,남성화장품,OO 포 맨 올인원 플루이드 150ml,끈적이는 제품은 진짜 바르기도 싫은 1인입니다. 저뿐만 아니라 제 주위의 남자들한테 물어보니 끈적이는 제품이 제일 싫다고 하네요...!! 이 제품은 끈적이지 않아서 2년 넘게 사용하고 있는 제품입니다!! 여름철 남성 기초 제품으로 저는 추천을 드리고 싶어요! 여름에는 끈적이는 제품 쓰면 덥기까지 해서 사용감이 좋지 않은데 이 제품은 피부에 바로 흡수가 되어 끈적이지 않습니다~~ 그래서 여름에 사용하기 좋은 로션인 것 같아요~~또한 ㅇㅇㅇ라 성분도 착해서 피부에 트러블도 생기지 않고 2년 정도 꾸준히 사용하니 주름 개선도 된 것 같아서 만족하고 있습니다!!! 앞으로도 쭈욱 이 제품 사용할 것 같아요~ :) 무엇보다 가격도 너무 저렴하잖아요...!! 항상 사용하는 제 필수템입니다!! 간편한 남자 올인원 로션 찾으시면 이 제품 추천 드리고 싶습니다!,성분,성분도 착해서,1,[속성] 성분 [문장] 성분도 착해서,0,성분,unchanged
validation,train,[속성] 보습력/수분감 [문장] 건조합니다.,712192,쇼핑몰,남성화장품,OO 릴** 옴므 애프터쉐이브 스킨 140ml 1개,사계절 사용하고 있습니다. 여름에 바르면 좀 더 좋은 것 같습니다. 겨울에 바르면 좀 건조합니다. 향도 좋고 가성비 좋습니다.,보습력/수분감,건조합니다.,-1,[속성] 보습력/수분감 [문장] 건조합니다.,1,보습력/수분감/쿨링감,merged_duplicate_label
validation,train,[속성] 가격 [문장] 가성비 좋습니다.,712192,쇼핑몰,남성화장품,OO 릴** 옴므 애프터쉐이브 스킨 140ml 1개,사계절 사용하고 있습니다. 여름에 바르면 좀 더 좋은 것 같습니다. 겨울에 바르면 좀 건조합니다. 향도 좋고 가성비 좋습니다.,가격,가성비 좋습니다.,1,[속성] 가격 [문장] 가성비 좋습니다.,0,가격,unchanged
validation,train,[속성] 가격 [문장] 가격도 저렴하고,1028071,SNS,남성화장품,OO 맨 센** 올인원 로션 125ml ,올인원 로션 찾고 계시면 저는 이 제품으로 추천 드리고 싶어요! 타사 제품들은 가격이 너무 비싸고 효과도 없는 게 많아서 잘 모르시면 이 제품 추천 드릴게요!! 가격도 저렴하고 사은품도 있어서 가성비가 좋은 제품이에요!! 요새 이 제품 유명해져서 인기도 많아졌다는 사실~ 용량은 그리 많지 않아서 아쉬운 것 같네요! 일단 향이 은은해서 좋은 것 같고 보습력이 너무 좋아서 겨울에 사용하면 참 좋을 것 같습니다~^^ 저는 겨울에도 한 방에 해결되는 이 제품만 하나 바르고 나가는데 좋아요! 그만큼 보습력이 참 좋습니다~ 남성 올인원 로션으로 이 제품 추천 드릴게요!! 저는 앞으로도 쭉 사용할 예정입니당^^,가격,가격도 저렴하고,1,[속성] 가격 [문장] 가격도 저렴하고,0,가격,unchanged
validation,train,[속성] 보습력/수분감 [문장] 보습력이 너무 좋아서,1028071,SNS,남성화장품,OO 맨 센** 올인원 로션 125ml ,올인원 로션 찾고 계시면 저는 이 제품으로 추천 드리고 싶어요! 타사 제품들은 가격이 너무 비싸고 효과도 없는 게 많아서 잘 모르시면 이 제품 추천 드릴게요!! 가격도 저렴하고 사은품도 있어서 가성비가 좋은 제품이에요!! 요새 이 제품 유명해져서 인기도 많아졌다는 사실~ 용량은 그리 많지 않아서 아쉬운 것 같네요! 일단 향이 은은해서 좋은 것 같고 보습력이 너무 좋아서 겨울에 사용하면 참 좋을 것 같습니다~^^ 저는 겨울에도 한 방에 해결되는 이 제품만 하나 바르고 나가는데 좋아요! 그만큼 보습력이 참 좋습니다~ 남성 올인원 로션으로 이 제품 추천 드릴게요!! 저는 앞으로도 쭉 사용할 예정입니당^^,보습력/수분감,보습력이 너무 좋아서,1,[속성] 보습력/수분감 [문장] 보습력이 너무 좋아서,0,보습력/수분감/쿨링감,merged_duplicate_label
validation,train,[속성] 흡수력 [문장] 번들거리지 않고,1026398,SNS,남성화장품,OO 옴므 아** 올인원 200ml 1개,선물받아서 한번 써봤는데 복합성 피부인 저에게 잘 맞아서 열심히 썼습니다. 번들거리는거 딱 싫어하는데 이 제품은 번들거리지 않고 촉촉하고 산뜻한 느낌이라 만족스러웠습니다. 저는 살짝 무겁거나 보습이 강한 제품들은 바르기 싫어지는데 이거는 아주 가볍게 바를 수 있어서 좋아요.게다가 쿨링감 까지 있어서 바르면 시원해집니다. 그래서 여름에는 이거만 바르고 다녔네요. 너무 잘 쓴 탓에 하나 구매하려고 인터넷 들어갔는데 가격보고 깜짝 놀랐습니다... 선물받아서 쓴 거였는데 이렇게 비싼 줄 몰랐습니다. 좋긴 좋은데 이 가격으로 그냥 다른 제품 올인원으로 사려고요!! 그게 더 많이 편할 거 같습니다.,흡수력,번들거리지 않고,1,[속성] 흡수력 [문장] 번들거리지 않고,0,흡수력,unchanged
validation,train,[속성] 보습력/수분감 [문장] 촉촉하고,1026398,SNS,남성화장품,OO 옴므 아** 올인원 200ml 1개,선물받아서 한번 써봤는데 복합성 피부인 저에게 잘 맞아서 열심히 썼습니다. 번들거리는거 딱 싫어하는데 이 제품은 번들거리지 않고 촉촉하고 산뜻한 느낌이라 만족스러웠습니다. 저는 살짝 무겁거나 보습이 강한 제품들은 바르기 싫어지는데 이거는 아주 가볍게 바를 수 있어서 좋아요.게다가 쿨링감 까지 있어서 바르면 시원해집니다. 그래서 여름에는 이거만 바르고 다녔네요. 너무 잘 쓴 탓에 하나 구매하려고 인터넷 들어갔는데 가격보고 깜짝 놀랐습니다... 선물받아서 쓴 거였는데 이렇게 비싼 줄 몰랐습니다. 좋긴 좋은데 이 가격으로 그냥 다른 제품 올인원으로 사려고요!! 그게 더 많이 편할 거 같습니다.,보습력/수분감,촉촉하고,1,[속성] 보습력/수분감 [문장] 촉촉하고,0,보습력/수분감/쿨링감,merged_duplicate_label
validation,train,[속성] 사용감 [문장] 사용감이 무난합니다.,709486,쇼핑몰,남성화장품,OO 스** 쉐이브 젤 195g 1개,항상 사용하는 제품이라서 떨어질 때마다 재구매하고 있습니다. 사용감이 무난합니다. 다른 제품은 안 써봐서 성능이 좋은 건지 어떤지는 잘 모르겠지만 그냥 문제 없이 쓰고 있어서 이번처럼 1+1 행사 할 때마다 삽니다.,사용감,사용감이 무난합니다.,0,[속성] 사용감 [문장] 사용감이 무난합니다.,2,사용감,unchanged
validation,train,[속성] 자극성 [문장] 자극적이지 않아 좋아요.,714590,쇼핑몰,남성화장품,OO 꽃** 포 맨 스킨 250ml 1개,항상 사용하는 제품인데 냄새도 은은하고 자극적이지 않아 좋아요. 가성비가 좋은 제품이에요.,자극성,자극적이지 않아 좋아요.,1,[속성] 자극성 [문장] 자극적이지 않아 좋아요.,0,자극성,unchanged
validation,train,[속성] 가격 [문장] 가성비가 좋은 제품이에요.,714590,쇼핑몰,남성화장품,OO 꽃** 포 맨 스킨 250ml 1개,항상 사용하는 제품인데 냄새도 은은하고 자극적이지 않아 좋아요. 가성비가 좋은 제품이에요.,가격,가성비가 좋은 제품이에요.,1,[속성] 가격 [문장] 가성비가 좋은 제품이에요.,0,가격,unchanged
validation,train,[속성] 향 [문장] 은은하게,715730,쇼핑몰,남성화장품,OO 아** EDT 125ml,매장에서 시향해 보고 샀습니다. 은은하게 기분 좋은 향이라 마음에 듭니다.,향,은은하게,1,[속성] 향 [문장] 은은하게,0,향,unchanged
validation,train,[속성] 제형 [문장] 제형이 부드럽습니다.,712075,쇼핑몰,남성화장품,OO 스** 쉐이브 폼 245g 1개,같은 라인의 면도기와 함께 사용하는데 확실히 면도가 잘 되어서 상처가 안생기고 제형이 부드럽습니다.,제형,제형이 부드럽습니다.,1,[속성] 제형 [문장] 제형이 부드럽습니다.,0,제형,unchanged
validation,train,[속성] 향 [문장] 향도 은은해서 좋아요.,1027985,SNS,남성화장품,OO 옴므 에센스 인 스킨 125ml,지인분이 요즘 같은 계절에 사용하면 좋다고 추천해서 우선 스킨만 먼저 구입했어요. 써 보고 괜찮으면 로션도 구매하려 합니다. 퇴근해서 오니까 집 앞에 택배가 와 있었어요. 샤워하고 바로 사용해 봤는데 적당한 유분기가 있어 좋고 얼굴도 번들거리지 않아 괜찮아 보이네요. 피부 당기지도 않고 건조한 피부에 괜찮은 제품인 듯합니다. 향도 은은해서 좋아요. 겨울에 사용하기 좋은지는 좀 더 발라봐야 알 것 같아요. 조금 더 사용해 보고 로션을 구입할지 결정하려 합니다~,향,향도 은은해서 좋아요.,1,[속성] 향 [문장] 향도 은은해서 좋아요.,0,향,unchanged
validation,train,[속성] 향 [문장] 향도 별로예요.,712954,쇼핑몰,남성화장품,OO 질** 쉐이빙폼 175g 1개,가격은 만족하는데 잘 발라지지 않고 사용 후 피부가 따끔거리네요. 향도 별로예요.,향,향도 별로예요.,-1,[속성] 향 [문장] 향도 별로예요.,1,향,unchanged
validation,train,[속성] 보습력/수분감 [문장] 보습력도 괜찮고,1026361,SNS,남성화장품,OO 올인원 스킨 에센스 500ml,"화장품 바르기 귀찮다고 자꾸 건너 뛰시는 아빠께 OO 올인원 스킨 에센스를 선물로 드려 봤어요. 지금까지 사용해 본 화장품 중 향이 제일 마음에 드신대요. 저도 맡아 보니까 그렇게 진하지 않고 은은한 향이어서 괜찮은 것 같아요. 한 번에 다 해결할 수 있는 간편함과 2중 기능성, 거기에 보습력도 괜찮고 면도 후에 발라도 자극이 없다고 하셔서 뿌듯하더라고요. 한 통에 500ml나 되는 대용량인 데다가 증정품으로 향수 샘플까지 같이 와서 마음까지 푸근한 선물이 되었어요. 유명한 제품은 아니지만 실속 있는 올인원으로 추천할 만한 제품이네요.",보습력/수분감,보습력도 괜찮고,1,[속성] 보습력/수분감 [문장] 보습력도 괜찮고,0,보습력/수분감/쿨링감,merged_duplicate_label
validation,train,[속성] 가격 [문장] 행사할 때 저렴하게,712264,쇼핑몰,남성화장품,OO 질** 스킨 쉐이브 크림 177ml 1개,"캔형으로 된 제품은 욕실에 놓아두면 밑부분이 녹슬어서 늘 문제였는데, 용기가 튜브형이라서 밑부분이 녹슬지 않아서 좋습니다. 행사할 때 저렴하게 구매했는데 여분으로 좀 더 사야겠습니다.",가격,행사할 때 저렴하게,1,[속성] 가격 [문장] 행사할 때 저렴하게,0,가격,unchanged
validation,train,[속성] 향 [문장] 향이 너무 강해서 안 좋고,1023604,SNS,남성화장품,OO 맨 우** EDP 60ml,도대체 이 향수가 뭐가 좋다고 그렇게 사람들은 후기에 좋은 글만 많이 적는 것인지 이해가 안 가는 제품입니다..! 아 너무 급발진 하지 말라고요? 근데 너무 화가 나는 것을 어떡하죠? 정말 제가 써본 향수 중에 최악의 제품 리뷰 알려드릴게요! 전에 쓰던 향수가 질리던 타이밍에 새로운 제품을 찾다가 이 브랜드가 남성 향수로 유명한 것 같아서 주문을 하게 되었습니다. 일단 처음 써보는 브랜드 제품이라서 향은 당연히 어떤지 몰라서 후기만 믿고 주문을 했습니다. 후기에는 아주 뭐 향이 좋다 뭐가 어떻다 장점만 가득 적혀 있어서 낚인 것 같습니다. 직접 받아서 뿌리니 향이 너무 강해서 안 좋고 잔향 또한 이상한 나무 타는 향이 나서 별로였습니다. 그래서 저는 한 번 뿌리고 지금 계속 묵혀두고 있습니다. 향수로 김장하실 분들은 사세요... 저는 이거 묵혀두다가 나중에 버릴 것 같습니다... 추천 하고 싶지 않습니다! 구매 주의 하세요!,향,향이 너무 강해서 안 좋고,-1,[속성] 향 [문장] 향이 너무 강해서 안 좋고,1,향,unchanged
validation,train,[속성] 가격 [문장] 저렴하게 잘 구매했습니다.,712249,쇼핑몰,남성화장품,OO 질** 스킨 쉐이브 크림 177ml 1개,남편이 항상 써서 원플러스원 행사할 때 저렴하게 잘 구매했습니다. 촉촉하고 사용감이 좋아서 늘 사용하는 제품입니다.,가격,저렴하게 잘 구매했습니다.,1,[속성] 가격 [문장] 저렴하게 잘 구매했습니다.,0,가격,unchanged
validation,train,[속성] 향 [문장] 향은 은은해서 좋은데,710515,쇼핑몰,남성화장품,OO 맨 프** 애프터 쉐이브 로션 100ml 1개,처음 사용해 했는데 향은 은은해서 좋은데 지속력이 약합니다. 피부가 건조해지네요.,향,향은 은은해서 좋은데,1,[속성] 향 [문장] 향은 은은해서 좋은데,0,향,unchanged
validation,train,[속성] 지속력/유지력 [문장] 지속력이 약합니다.,710515,쇼핑몰,남성화장품,OO 맨 프** 애프터 쉐이브 로션 100ml 1개,처음 사용해 했는데 향은 은은해서 좋은데 지속력이 약합니다. 피부가 건조해지네요.,지속력/유지력,지속력이 약합니다.,-1,[속성] 지속력/유지력 [문장] 지속력이 약합니다.,1,지속력/유지력,unchanged
validation,train,[속성] 보습력/수분감 [문장] 피부가 건조해지네요.,710515,쇼핑몰,남성화장품,OO 맨 프** 애프터 쉐이브 로션 100ml 1개,처음 사용해 했는데 향은 은은해서 좋은데 지속력이 약합니다. 피부가 건조해지네요.,보습력/수분감,피부가 건조해지네요.,-1,[속성] 보습력/수분감 [문장] 피부가 건조해지네요.,1,보습력/수분감/쿨링감,merged_duplicate_label
validation,train,[속성] 기능/효과 [문장] 면도도 잘 되고,1025776,SNS,남성화장품,OO 맨 딥 쉐이빙폼 200ml 1개,OO OOO 쉐이빙폼은 2주 동안 사용해 본 제품입니다. 이 제품 구매 하실 때 참고하시면 좋을 것 같아 후기 올려 봅니다. 쉐이빙젤 보다 쉐이빙폼이 사용하기 편해서 주로 쉐이빙폼 구매하는 편입니다. OOO와 OO 두 제품을 많이 쓰는데 이번에 사용해 본 제품은 OOO 쉐이빙폼이에요. 제형이 거품력도 좋고 면도도 잘 되고 향도 만족합니다. 피부 노폐물이 제거되어 깔끔한 피부로 보여서 아주 좋습니다. 다음에도 이 제품으로 재구매할 의사 완전 있고 구매하시길 강추합니다.,기능/효과,면도도 잘 되고,1,[속성] 기능/효과 [문장] 면도도 잘 되고,0,기능/효과,unchanged
validation,train,[속성] 향 [문장] 향도 만족합니다.,1025776,SNS,남성화장품,OO 맨 딥 쉐이빙폼 200ml 1개,OO OOO 쉐이빙폼은 2주 동안 사용해 본 제품입니다. 이 제품 구매 하실 때 참고하시면 좋을 것 같아 후기 올려 봅니다. 쉐이빙젤 보다 쉐이빙폼이 사용하기 편해서 주로 쉐이빙폼 구매하는 편입니다. OOO와 OO 두 제품을 많이 쓰는데 이번에 사용해 본 제품은 OOO 쉐이빙폼이에요. 제형이 거품력도 좋고 면도도 잘 되고 향도 만족합니다. 피부 노폐물이 제거되어 깔끔한 피부로 보여서 아주 좋습니다. 다음에도 이 제품으로 재구매할 의사 완전 있고 구매하시길 강추합니다.,향,향도 만족합니다.,1,[속성] 향 [문장] 향도 만족합니다.,0,향,unchanged
validation,train,[속성] 보습력/수분감 [문장] 건조하지도 않고,1025978,SNS,남성화장품,OO 옴므 블** 클렌저 125g,여름이 되고 땀이 많이 나니까.... 퇴근 하고 집에가면 얼굴에 개기름이 번들거렸습니다... 솔직히 오후만 되어도 얼굴이 찝찝하더라고요... 그렇다고 회사에서 세수를 할 수도 없고... 그래서 집에 와서라도 좀 개운하게 지내고 싶어서 이 제품을 구매했습니다!! 지성 피부라 여름만 되면 피지부터 개기름까지 엄청나게 올라와서 고생을 많이 했습니다!! 검색을 해 보니까 피부 피지 관리는 세안에서부터 시작한다는 영상을 보게 되었고 피부 관리를 해보고자 제품을 구매 했어요~ 일단 이 제품으로 한 달 정도 꾸준하게 세안을 했는데 세정력이 너무 좋아서 확실히 개기름을 싹 없애주는 것 같아요!! 또 건조하지도 않고 세안하고 나면 피부가 시원해서 좋은 것 같습니다!! 저는 앞으로도 이 제품으로 쭉 사용할 생각이네요!! 그동안 부인 클렌징 폼으로 닦았는데.. 저도 저 만의 클렌저가 있으니 좋은 것 같습니다^&^,보습력/수분감,건조하지도 않고,1,[속성] 보습력/수분감 [문장] 건조하지도 않고,0,보습력/수분감/쿨링감,merged_duplicate_label
validation,train,[속성] 흡수력 [문장] 끈적이지도 않고,1027328,SNS,남성화장품,OO 맨 룰** 스킨 클리어 올인원,안녕하세요~ 영한 남자들을 위한ㅇㅇㅇ 올인원 제품을 소개할게요~ 사춘기 아들을 위해 샀어요~ 트러블도 좀 있는 편이고 까다로워서 뭘 살까 고민 많이 했어요~ 우연히 매장에 들어갔다가 이 제품을 보는 순간 많이 어른스러운 디자인도 아니고 심플하니 딱 좋을 것 같았어요. 특히 아들만 한 나이에 자극적이지 않고 순한 제품을 찾고 있었는데 딱 좋아요. 향도 없는 편이고 끈적이지도 않고 사용감이 가벼워서 아들도 좋아합니다. 다행이에요 ㅎ 아들을 위해서 하나씩 장만해 보세요~,흡수력,끈적이지도 않고,1,[속성] 흡수력 [문장] 끈적이지도 않고,0,흡수력,unchanged
validation,train,[속성] 사용감 [문장] 사용감이 가벼워서,1027328,SNS,남성화장품,OO 맨 룰** 스킨 클리어 올인원,안녕하세요~ 영한 남자들을 위한ㅇㅇㅇ 올인원 제품을 소개할게요~ 사춘기 아들을 위해 샀어요~ 트러블도 좀 있는 편이고 까다로워서 뭘 살까 고민 많이 했어요~ 우연히 매장에 들어갔다가 이 제품을 보는 순간 많이 어른스러운 디자인도 아니고 심플하니 딱 좋을 것 같았어요. 특히 아들만 한 나이에 자극적이지 않고 순한 제품을 찾고 있었는데 딱 좋아요. 향도 없는 편이고 끈적이지도 않고 사용감이 가벼워서 아들도 좋아합니다. 다행이에요 ㅎ 아들을 위해서 하나씩 장만해 보세요~,사용감,사용감이 가벼워서,1,[속성] 사용감 [문장] 사용감이 가벼워서,0,사용감,unchanged
validation,train,[속성] 자극성 [문장] 트러블도 안나고,1025905,SNS,남성화장품,OO 옴므 블** 클렌저 125g,여름이라 그런지 얼굴이 너무 자주 기름져서 클렌징폼을 바꿔보았습니다. 일단 지성피부라 유분기가 폭팔하고 여드름도 자주 나는 피부여서 저한테 맞지 않으면 바로 트러블이 생깁니다. 근데 이 제품은 트러블도 안나고 유분기도 잘 잡아주네요. 그리고 따로 쉐이빙 폼 필요 없이 이것만 발라도 부드럽게 면도가 잘 됩니다. OO 제품이 좋다고는 들었는데 직접 사용해보니 더 효과가 좋네요. 이번 여름에는 OO 제품으로 살아보겠습니다. 이상 제 간단한 후기입니다!,자극성,트러블도 안나고,1,[속성] 자극성 [문장] 트러블도 안나고,0,자극성,unchanged
validation,train,[속성] 기능/효과 [문장] 부드럽게 면도가 잘 됩니다.,1025905,SNS,남성화장품,OO 옴므 블** 클렌저 125g,여름이라 그런지 얼굴이 너무 자주 기름져서 클렌징폼을 바꿔보았습니다. 일단 지성피부라 유분기가 폭팔하고 여드름도 자주 나는 피부여서 저한테 맞지 않으면 바로 트러블이 생깁니다. 근데 이 제품은 트러블도 안나고 유분기도 잘 잡아주네요. 그리고 따로 쉐이빙 폼 필요 없이 이것만 발라도 부드럽게 면도가 잘 됩니다. OO 제품이 좋다고는 들었는데 직접 사용해보니 더 효과가 좋네요. 이번 여름에는 OO 제품으로 살아보겠습니다. 이상 제 간단한 후기입니다!,기능/효과,부드럽게 면도가 잘 됩니다.,1,[속성] 기능/효과 [문장] 부드럽게 면도가 잘 됩니다.,0,기능/효과,unchanged
validation,train,[속성] 향 [문장] 향이 자극적이지 않고,1029676,SNS,남성화장품,[1+1] OO 올인원 훼이스 트리트먼트 50ml,"남편이 며칠 출장을 다녀왔는데 스킨, 로션 싸 들고 가긴 번잡한 것 같아서 올인원을 하나 챙겨 줬답니다. 용기 사이즈가 생각보다 자그마한데, 오래 쓸 용도로 산 건 아니라서 괜찮긴 하지만 이걸 주로 사용하려고 한다면 가성비가 나쁘다고 느낄 것 같긴 합니다. 며칠 사용한 바로는, 향이 자극적이지 않고 제형도 부담없는 제형이어서 괜찮았다고 하네요. 산뜻하고 흡수도 잘 됐다고 하고요. 튜브 타입이고 이거 하나면 다 되다 보니까 역시 출장에 가지고 가기 좋아서 소기의 목적에 잘 맞는 제품이었던 것 같습니다. 집에서 두고 쓰기 좋게 용기가 더 큰 사이즈로도 나온다면 좋을 듯하네요.",향,향이 자극적이지 않고,1,[속성] 향 [문장] 향이 자극적이지 않고,0,향,unchanged
validation,train,[속성] 제형 [문장] 제형은 쫀쫀하고,1025908,SNS,남성화장품,OO 옴므 블** 클렌저 125g,유튜버분이 이 제품으로 하루를 마무리 한다고 해서 저도 따라서 구매해봤어요! 저는 일단 별 4개입니다. 자세하게 화장품 분석해볼게요. 일단 제형은 쫀쫀하고 물이랑 살짝 묻쳐서 비비면 거품이 잘 나옵니다. 그리고 사용하고 나서는 깔끔하게 씻기면서 산뜻하고 개운해요. 향도 나쁘지 않아 얼굴에도 향이 남네요. 저렴한 가격에 잘 구매한 듯합니다. 저는 복합성 피부라 저한테는 잘 맞아요. 일단 더 사용해보고 재구매 할지말지 고민해볼게요 ㅎㅎ 별4개인 이유였습니다. 봐주셔서 감사해요~,제형,제형은 쫀쫀하고,0,[속성] 제형 [문장] 제형은 쫀쫀하고,2,제형,unchanged
validation,train,[속성] 흡수력 [문장] 산뜻하고,1025908,SNS,남성화장품,OO 옴므 블** 클렌저 125g,유튜버분이 이 제품으로 하루를 마무리 한다고 해서 저도 따라서 구매해봤어요! 저는 일단 별 4개입니다. 자세하게 화장품 분석해볼게요. 일단 제형은 쫀쫀하고 물이랑 살짝 묻쳐서 비비면 거품이 잘 나옵니다. 그리고 사용하고 나서는 깔끔하게 씻기면서 산뜻하고 개운해요. 향도 나쁘지 않아 얼굴에도 향이 남네요. 저렴한 가격에 잘 구매한 듯합니다. 저는 복합성 피부라 저한테는 잘 맞아요. 일단 더 사용해보고 재구매 할지말지 고민해볼게요 ㅎㅎ 별4개인 이유였습니다. 봐주셔서 감사해요~,흡수력,산뜻하고,1,[속성] 흡수력 [문장] 산뜻하고,0,흡수력,unchanged
validation,train,[속성] 향 [문장] 향도 나쁘지 않아,1025908,SNS,남성화장품,OO 옴므 블** 클렌저 125g,유튜버분이 이 제품으로 하루를 마무리 한다고 해서 저도 따라서 구매해봤어요! 저는 일단 별 4개입니다. 자세하게 화장품 분석해볼게요. 일단 제형은 쫀쫀하고 물이랑 살짝 묻쳐서 비비면 거품이 잘 나옵니다. 그리고 사용하고 나서는 깔끔하게 씻기면서 산뜻하고 개운해요. 향도 나쁘지 않아 얼굴에도 향이 남네요. 저렴한 가격에 잘 구매한 듯합니다. 저는 복합성 피부라 저한테는 잘 맞아요. 일단 더 사용해보고 재구매 할지말지 고민해볼게요 ㅎㅎ 별4개인 이유였습니다. 봐주셔서 감사해요~,향,향도 나쁘지 않아,0,[속성] 향 [문장] 향도 나쁘지 않아,2,향,unchanged
validation,train,[속성] 기능/효과 [문장] 면도가 잘 됩니다.,713548,쇼핑몰,남성화장품,OO 질** 쉐이빙폼 175g 1개,쉐이빙젤이 고정비로 많이 나가서 가성비 좋은 제품을 찾고 있다가 구입해 봤습니다. 면도날도 비싼데 가성비 좋은 OOO 쉐이빙폼으로 이용해 보세요. 면도가 잘 됩니다.,기능/효과,면도가 잘 됩니다.,1,[속성] 기능/효과 [문장] 면도가 잘 됩니다.,0,기능/효과,unchanged
validation,train,[속성] 향 [문장] 향이 은은하고,710501,쇼핑몰,남성화장품,OO 맨 프** 애프터 쉐이브 로션 100ml 1개,향이 은은하고 상쾌해서 좋아요. 품절일 때가 많았는데 이번에 스킨과 로션 같이 사서 좋았습니다. 제형 끈적임도 없고 시원해서 면도 후에 항상 사용하네요. 가성비가 좋습니다.,향,향이 은은하고,1,[속성] 향 [문장] 향이 은은하고,0,향,unchanged
validation,train,[속성] 제형 [문장] 제형 끈적임도 없고,710501,쇼핑몰,남성화장품,OO 맨 프** 애프터 쉐이브 로션 100ml 1개,향이 은은하고 상쾌해서 좋아요. 품절일 때가 많았는데 이번에 스킨과 로션 같이 사서 좋았습니다. 제형 끈적임도 없고 시원해서 면도 후에 항상 사용하네요. 가성비가 좋습니다.,제형,제형 끈적임도 없고,1,[속성] 제형 [문장] 제형 끈적임도 없고,0,제형,unchanged
validation,train,[속성] 보습력/수분감 [문장] 시원해서,710501,쇼핑몰,남성화장품,OO 맨 프** 애프터 쉐이브 로션 100ml 1개,향이 은은하고 상쾌해서 좋아요. 품절일 때가 많았는데 이번에 스킨과 로션 같이 사서 좋았습니다. 제형 끈적임도 없고 시원해서 면도 후에 항상 사용하네요. 가성비가 좋습니다.,보습력/수분감,시원해서,1,[속성] 보습력/수분감 [문장] 시원해서,0,보습력/수분감/쿨링감,merged_duplicate_label
validation,train,[속성] 가격 [문장] 가성비가 좋습니다.,710501,쇼핑몰,남성화장품,OO 맨 프** 애프터 쉐이브 로션 100ml 1개,향이 은은하고 상쾌해서 좋아요. 품절일 때가 많았는데 이번에 스킨과 로션 같이 사서 좋았습니다. 제형 끈적임도 없고 시원해서 면도 후에 항상 사용하네요. 가성비가 좋습니다.,가격,가성비가 좋습니다.,1,[속성] 가격 [문장] 가성비가 좋습니다.,0,가격,unchanged
validation,train,[속성] 보습력/수분감 [문장] 보습도 좋고,1027297,SNS,남성화장품,OO 포맨 플루이드&토너기획(크림10ml+토너15ml증정),안녕하세요~ ㅇㅇㅇ 남성 전용이 나왔대요~ 소개할게요~ ㅇㅇㅇ 하면 순하고 자극 없어서 민감성 피부에도 좋고 트러블도 없다는 제품인 거는 알고 있죠~ ㅇㅇㅇ에서 남성 전용이 출시됐다고 해서 당연히 좋아 보여 구입했습니다. 남편이 써보더니 사용감이 깔끔! 그 자체라고 하네요. 보습도 좋고 순해서 더 좋고 최고라고 하네요. 이번 제품은 기획제품이라 선물용으로 좋을 듯하구요. 증정품도 있어서 아주 좋아요! 어버이날 친정아버지나 시아버지 선물로도 좋을 듯해요~,보습력/수분감,보습도 좋고,1,[속성] 보습력/수분감 [문장] 보습도 좋고,0,보습력/수분감/쿨링감,merged_duplicate_label
validation,train,[속성] 자극성 [문장] 순해서 더 좋고,1027297,SNS,남성화장품,OO 포맨 플루이드&토너기획(크림10ml+토너15ml증정),안녕하세요~ ㅇㅇㅇ 남성 전용이 나왔대요~ 소개할게요~ ㅇㅇㅇ 하면 순하고 자극 없어서 민감성 피부에도 좋고 트러블도 없다는 제품인 거는 알고 있죠~ ㅇㅇㅇ에서 남성 전용이 출시됐다고 해서 당연히 좋아 보여 구입했습니다. 남편이 써보더니 사용감이 깔끔! 그 자체라고 하네요. 보습도 좋고 순해서 더 좋고 최고라고 하네요. 이번 제품은 기획제품이라 선물용으로 좋을 듯하구요. 증정품도 있어서 아주 좋아요! 어버이날 친정아버지나 시아버지 선물로도 좋을 듯해요~,자극성,순해서 더 좋고,1,[속성] 자극성 [문장] 순해서 더 좋고,0,자극성,unchanged
validation,train,[속성] 향 [문장] 향이 순하고,709645,쇼핑몰,남성화장품,OO 스** 쉐이브 젤 195g 1개,향이 순하고 자극도 별로 없네요. 보통 수염 정도인 분들이 사용하기 좋을 것 같아요.,향,향이 순하고,1,[속성] 향 [문장] 향이 순하고,0,향,unchanged
validation,train,[속성] 품질 [문장] 가격 대비 품질이 좋지 않습니다.,715653,쇼핑몰,남성화장품,OO 몽** 레전드 EDT 100ml,가격 대비 품질이 좋지 않습니다. 여기서 너무 비싸게 구입한 것 같습니다. 가격이 더 저렴해야 될 것 같습니다.,품질,가격 대비 품질이 좋지 않습니다.,-1,[속성] 품질 [문장] 가격 대비 품질이 좋지 않습니다.,1,품질,unchanged
validation,train,[속성] 가격 [문장] 저렴한 가격에,1027983,SNS,남성화장품,OO 블** EDT 125ml,저는 이 향수가 저렴한 가격에 향도 무난해서 잘 사용하고 있습니다. 10년 전부터 꾸준히 사용해 온 향수입니다. 다른 향수도 있지만 이 향수를 주로 사용하고 있습니다. 향도 사용하기 무난하고 지속력도 이만하면 괜찮은 듯합니다. 데일리로 사용하기 좋은 것 같고 시원한 향은 여름에도 잘 어울리는 듯합니다. 양도 많아서 오래 두고 쓸 수 있어 좋습니다. 이 향수 저는 완전히 만족하는 제품이라서 계속 재구매해서 사용할 거예요. OO OOO EDT 125ml 추천합니다.,가격,저렴한 가격에,1,[속성] 가격 [문장] 저렴한 가격에,0,가격,unchanged
validation,train,[속성] 가격 [문장] 가격이 저렴하지 않고,716612,쇼핑몰,남성화장품,OO 아** EDT 125ml,제품이 궁금해서 처음 주문했는데 가격이 저렴하지 않고 유통기한도 짧은 제품이 와서 아쉽습니다.,가격,가격이 저렴하지 않고,-1,[속성] 가격 [문장] 가격이 저렴하지 않고,1,가격,unchanged
validation,train,[속성] 유통기한 [문장] 유통기한도 짧은 제품이 와서 아쉽습니다.,716612,쇼핑몰,남성화장품,OO 아** EDT 125ml,제품이 궁금해서 처음 주문했는데 가격이 저렴하지 않고 유통기한도 짧은 제품이 와서 아쉽습니다.,유통기한,유통기한도 짧은 제품이 와서 아쉽습니다.,-1,[속성] 유통기한 [문장] 유통기한도 짧은 제품이 와서 아쉽습니다.,1,유통기한,unchanged
validation,train,[속성] 향 [문장] 향도 좋아서,1026543,SNS,남성화장품,OO 스** 클렌저 펌프타입 500ml,아빠가 비누로만 샤워를 하시는 것 같아 제가 이 제품을 구매하게 되었습니다!! 아빠 선물로 드렸는데 샤워하실 때 마다 이 제품을 사용하시는 것 같아서 너무 뿌듯합니다..!! 아빠가 이 제품 사용하시고 피부가 부드러워지셨다고 하시네요!! 세정력이 좋아서 아빠의 개기름도 싹 없어진다고 해요! 비누로 씻었을 때는 피부가 당겨서 안 좋다고 했는데 이 제품으로 씻으면 피부가 촉촉하다고 해요~! 아빠가 씻고 나왔을 때 향도 좋아서 엄마도 만족하시는 것 같아요 ㅎㅎㅎ 아빠 선물로 추천 드려요!! 우리 아빠들 비누로 씻으시는 분들 많잖아요~ 다들 선물 하나씩 하세요~,향,향도 좋아서,1,[속성] 향 [문장] 향도 좋아서,0,향,unchanged
validation,train,[속성] 향 [문장] 향도 은은해서,1029705,SNS,남성화장품,OO 스킨밀크 200ml,"한 달 동안 사용하고 작성하는 OO 실사용 후기입니다~ 저렴하게 세일하는 걸 보고 이제 계절도 바뀌고 해서 새로 장만한 OO예요. 지복합성 피부이고, 남자들이라면 다 그렇겠지만 끈적이는 화장품 제일 싫어합니다. 그래서 여러가지 겹쳐 바르기보다 OO 하나로 다 끝내는 게 간편하고 안 끈적여서 좋습니다. 향도 은은해서 나이 상관 없이 누구나 쓰기 좋을 것 같아요. 그냥 가볍기만 한 게 아니라 속건조를 잡아주는 기특한 제품이라서 다 쓰면 재구매할 것 같네요. 일본 제품이라는 점이 좀 걸리지만 제품 자체는 다 좋습니다.",향,향도 은은해서,1,[속성] 향 [문장] 향도 은은해서,0,향,unchanged
validation,train,[속성] 향 [문장] 향이 좋다고,1026497,SNS,남성화장품,OO 아** 옴므 EDT ,그동안 사용하던 향수가 질려서 새로운 향수가 필요해서 알아 보다가 이 제품이 향이 좋다고 해서 구매를 하게 되었어요!! 인터넷 후기도 좋은 것 같아서 바로 구매 했네요~ 저는 향이 강한 것은 좋아하지 않아서 평소에 은은한 향수를 사용하고 있어요~ 이 제품도 은은한 향수라고 해서 구매를 했죠!! 이 향은 너무 상쾌해서 좋았고 양도 많아서 좋은 것 같습니다!! 뭐랄까 너무 남성스럽지 않은 향이라 좋은 것 같아요 :) 제가 사용하고 너무 좋아서 직장 동료에게도 뿌려줬는데 향이 좋다고 자기도 이 제품 구매한다고 하네요~ 남자 향수로 저는 이 브랜드 향수 추천 드려요! 다음에는 다른 제품도 한 번 사봐야겠네요,향,향이 좋다고,1,[속성] 향 [문장] 향이 좋다고,0,향,unchanged
validation,train,[속성] 용량/개수 [문장] 양도 넉넉해서,711521,쇼핑몰,남성화장품,OO 스** 쉐이브 폼 245g 1개,비싼 편이긴 하지만 알로에 성분이 있다고 해서 건조한 겨울에 쓰기 좋습니다. 양도 넉넉해서 다른 제품에 비하면 가성비 좋은 것 같습니다.,용량/개수,양도 넉넉해서,1,[속성] 용량/개수 [문장] 양도 넉넉해서,0,용량,merged_duplicate_label
validation,train,[속성] 가격 [문장] 가성비 좋은 것 같습니다.,711521,쇼핑몰,남성화장품,OO 스** 쉐이브 폼 245g 1개,비싼 편이긴 하지만 알로에 성분이 있다고 해서 건조한 겨울에 쓰기 좋습니다. 양도 넉넉해서 다른 제품에 비하면 가성비 좋은 것 같습니다.,가격,가성비 좋은 것 같습니다.,1,[속성] 가격 [문장] 가성비 좋은 것 같습니다.,0,가격,unchanged
validation,train,[속성] 용량/개수 [문장] 용량도 생각보다 작고,715315,쇼핑몰,남성화장품,OO 몽** 레전드 EDT 100ml,배송이 너무 느렸습니다. 백화점 상품인데 너무 느리네요. 용량도 생각보다 작고 가격도 엄청 비쌉니다.,용량/개수,용량도 생각보다 작고,-1,[속성] 용량/개수 [문장] 용량도 생각보다 작고,1,용량,merged_duplicate_label
validation,train,[속성] 향 [문장] 향이 좋지 않네요.,716248,쇼핑몰,남성화장품,OO 아** EDT 125ml,남편이 원해서 이번에 바꿔봤는데 향이 좋지 않네요. 지속력도 안 좋습니다.,향,향이 좋지 않네요.,-1,[속성] 향 [문장] 향이 좋지 않네요.,1,향,unchanged
validation,train,[속성] 지속력/유지력 [문장] 지속력도 안 좋습니다.,716248,쇼핑몰,남성화장품,OO 아** EDT 125ml,남편이 원해서 이번에 바꿔봤는데 향이 좋지 않네요. 지속력도 안 좋습니다.,지속력/유지력,지속력도 안 좋습니다.,-1,[속성] 지속력/유지력 [문장] 지속력도 안 좋습니다.,1,지속력/유지력,unchanged
validation,train,[속성] 기능/효과 [문장] 여름에 사용하기 안 좋은 것 같습니다.,716794,쇼핑몰,남성화장품,OO 쿨 워터 맨 EDT 125ml,향이 자극적이라서 좋지 않고 여름에 사용하기 안 좋은 것 같습니다.,기능/효과,여름에 사용하기 안 좋은 것 같습니다.,-1,[속성] 기능/효과 [문장] 여름에 사용하기 안 좋은 것 같습니다.,1,기능/효과,unchanged
validation,train,[속성] 향 [문장] 향이 진하지 않고,713147,쇼핑몰,남성화장품,OO 질** 쉐이빙폼 175g 1개,향이 진하지 않고 상큼한 향이라 이 제품만 사용하고 있습니다. 대용량으로 나왔으면 좋겠습니다.,향,향이 진하지 않고,1,[속성] 향 [문장] 향이 진하지 않고,0,향,unchanged
validation,train,[속성] 자극성 [문장] 자극적이지도 않아서,1026356,SNS,남성화장품,OO 더** 남성 기초 2종 세트,"선물로 들어와서 사용해 보게 된 OO OOO 2종 세트 사용후기예요. 배송이 좀 걸리긴 했는데 박스도 튼튼, 뽁뽁이도 빵빵하게 잘 받았어요. 샘플이 여러가지 들어 있고 유통기한도 긴 편이라서 만족! 세트에 미니어처도 들어 있어서 여행 갈 때 가지고 가기 편할 것 같아요. 저희 남편 피부가 기름지면서 건조한 피부인데 이 제품을 쓰면 편하다고 해요. 향도 나쁘지 않고 자극적이지도 않아서 데일리로 잘 쓰고 있답니다. 매일 무난하게 사용하기 좋은 남성용화장품이라고 생각 됩니다.",자극성,자극적이지도 않아서,1,[속성] 자극성 [문장] 자극적이지도 않아서,0,자극성,unchanged
validation,train,[속성] 향 [문장] 향도 적당하고,1027962,SNS,남성화장품,OO 아** 맨 올인원 120ml 1개,아들이 귀찮다고 화장품 잘 안 발라서 이거 하나라도 바르고 다니라고 구입해 주었어요. 택배 받고 화장대에 올려 두면서 꼭 쓰라고 부탁했어요. 몇 번 써보더니 편해서 좋다고 매일 잘 바르고 다니네요. 향도 적당하고 피부도 좋아지는 것 같다고 마음에 든다고 합니다. 용기도 뚜껑 열어서 쓰는 거 아니어서 사용할 때마다 편하다고 하네요. 용량 대비 가격도 좋은 듯하고 거칠었던 피부도 부드러워진 듯 보이네요. 올인원으로 편하고 좋다고 다음에도 이걸로 구매해 달라고 했어요.,향,향도 적당하고,1,[속성] 향 [문장] 향도 적당하고,0,향,unchanged
validation,train,[속성] 가격 [문장] 가격도 착하고,1026319,SNS,남성화장품,OO 옴므 에센스 인 2종 세트,"지성에 민감성인 남편을 위해 OO OOO 2종 세트를 구입해 봤어요. 사용후기 들려드릴게요~ 저희 남편은 피부가 지성이고 예민하기까지 해서 예전부터 남성화장품을 안 쓰고 시어머님 화장품을 같이 썼더라고요ㅎ 혹시 이건 괜찮을까 싶어서 OO 제품을 사 줘 봤는데, 오, 이건 잘 쓰네요. 향도 약하고 순하다고 마음에 들어 해서 다행이에요. 게다가 가격도 착하고 증정품도 풍성하고 제품까지 피부에 잘 맞아서 대만족이었어요. 남편 화장품이 떨어져 간다면 다음 화장품으로 OO 어떠세요? 아마 여러분도 만족하실 거예요.",가격,가격도 착하고,1,[속성] 가격 [문장] 가격도 착하고,0,가격,unchanged
validation,train,[속성] 용기 [문장] 용기가 너무 귀여워요.,1025777,SNS,남성화장품,OO 맨 프** 애프터 쉐이브 로션 100ml 1개,OO 쉐이빙폼 잘 사용하고 계시죠~ 그 다음 단계에 사용하기 좋은 제품 소개할게요~~ OO에서 나온 애프터 쉐이브 로션이에요. 쉐이브 로션이라 휴대할 일 없지만 갖고 다니고 싶을 정도로 용기가 너무 귀여워요. 이 제품 사용해 보시면 사용감이 시원하고 향도 강하지 않아서 쓰기 적당할거에요. 가격대비 용량도 괜찮아요. 몇 회 구입했는데 이번 구입 때보니까 지난번 구입때보다 금액은 아주 살짝 올랐네요ㅜㅜ 사용해 보시면 만족할 만한 상품이라 생각해서 추천해 드려요~,용기,용기가 너무 귀여워요.,1,[속성] 용기 [문장] 용기가 너무 귀여워요.,0,용기,unchanged
validation,train,[속성] 보습력/수분감 [문장] 촉촉함이 느껴져요.,1026215,SNS,남성화장품,OO 맨 리** 올인원 ,"이번에 스킨이 똑 떨어져 이번에 다른 걸 구매해볼까 하다가 'OO'이라는 이름이 너무 눈에 띄어서 OO OOO 올인원을 구매해봤습니다. 남자들은 늘 스킨 에센스 이것저것 바르는 건 너무 귀찮죠. 올인원 제품이 역시 간편해서 최고긴 하네요. 블랙제품이 고급스런 느낌이었는데, 얼마나 모공을 잡아줄지 기대도 되더라고요. 일단 피부에 발랐을때 우유처럼 제형의 질감이 부드럽고 바르자 마자 촉촉한 느낌이 들었어요. 성분에 피부 건조함에 좋은 다시마가 들어가 있다고 하더라고요. 그래서 그런지 확실히 촉촉함이 느껴져요. 그리고 향이 너무 좋습니다. 남자화장품은 여자분들이 느끼기 좀 독한 향이 많은데, 이건 부드러운 꽃향기 느낌입니다. 거기다 펌프형이라 위생상으로도 좋을 것 같아요. 지속력도 꽤 길고요. 번들거림도 없어요. 왜 모공관리를 해준다는지, 발라보면 압니다. 하지만 전 산지 얼마 되지 않아 모공이 줄어들었는지 아직은 모르겠습니다. 오래 발라보고 효과가 또 나타나면 다시 알려드릴게요",보습력/수분감,촉촉함이 느껴져요.,1,[속성] 보습력/수분감 [문장] 촉촉함이 느껴져요.,0,보습력/수분감/쿨링감,merged_duplicate_label
validation,train,[속성] 향 [문장] 향이 너무 좋습니다.,1026215,SNS,남성화장품,OO 맨 리** 올인원 ,"이번에 스킨이 똑 떨어져 이번에 다른 걸 구매해볼까 하다가 'OO'이라는 이름이 너무 눈에 띄어서 OO OOO 올인원을 구매해봤습니다. 남자들은 늘 스킨 에센스 이것저것 바르는 건 너무 귀찮죠. 올인원 제품이 역시 간편해서 최고긴 하네요. 블랙제품이 고급스런 느낌이었는데, 얼마나 모공을 잡아줄지 기대도 되더라고요. 일단 피부에 발랐을때 우유처럼 제형의 질감이 부드럽고 바르자 마자 촉촉한 느낌이 들었어요. 성분에 피부 건조함에 좋은 다시마가 들어가 있다고 하더라고요. 그래서 그런지 확실히 촉촉함이 느껴져요. 그리고 향이 너무 좋습니다. 남자화장품은 여자분들이 느끼기 좀 독한 향이 많은데, 이건 부드러운 꽃향기 느낌입니다. 거기다 펌프형이라 위생상으로도 좋을 것 같아요. 지속력도 꽤 길고요. 번들거림도 없어요. 왜 모공관리를 해준다는지, 발라보면 압니다. 하지만 전 산지 얼마 되지 않아 모공이 줄어들었는지 아직은 모르겠습니다. 오래 발라보고 효과가 또 나타나면 다시 알려드릴게요",향,향이 너무 좋습니다.,1,[속성] 향 [문장] 향이 너무 좋습니다.,0,향,unchanged
validation,train,[속성] 편의성/활용성 [문장] 데일리로 잘 사용하고 있어요.,1027932,SNS,남성화장품,OO 맨 프** 애프터 쉐이브 로션 100ml 1개,지난번 주문과 이번 주문 사이에 용기가 좀 달라졌네요. 판매자님께서 잘못 보내신줄 알고 깜짝 놀랐네요... 자세히 보니 제품 포장 용지에 New라고 적혀 있었어요ㅎㅎ 이번에 바뀐 제품 용기가 더 깔끔해졌어요. 저는 이 제품 데일리로 잘 사용하고 있어요. 향도 무난하고 얼굴도 당김 없어서 좋아요. 유통기한도 넉넉해서 좋은데 매일 사용하다 보니 양은 좀 아쉬워요. 이 제품이 다른 제품 보다 가성비도 좋아서 쉽게 다른 제품으로 갈아 타지 않을 듯합니다.,편의성/활용성,데일리로 잘 사용하고 있어요.,1,[속성] 편의성/활용성 [문장] 데일리로 잘 사용하고 있어요.,0,편의성/활용성,unchanged
validation,train,[속성] 향 [문장] 향도 상큼하고,713004,쇼핑몰,남성화장품,OO 질** 쉐이빙폼 175g 1개,미세한 거품 제형이 풍성하고 향도 상큼하고 매일 사용하기 편해서 항상 쓰는 제품이에요. 만족해요.,향,향도 상큼하고,1,[속성] 향 [문장] 향도 상큼하고,0,향,unchanged
validation,train,[속성] 자극성 [문장] 순해서,1027269,SNS,남성화장품,OO 포 맨 올인원 플루이드,안녕하세요~ ㅇㅇㅇ 남성 올인원 제품이 있어 소개해요~ 남성 제품인데도 순해서 남성 로션 특유의 향이나 시원함 그런 게 없고 향도 거의 없습니다. 그냥 순함 그 자체입니다. 제형은 크림과 에센스를 섞어 놓은 듯하구요. 보습도 괜찮긴 한데 건조하고 추운 날씨에는 크림 하나 더 발라줘야 해요. 건조한 타입에는 수분이 좀 부족한 듯합니다. 전체적으로 무난하고 괜찮은 제품인 것 같습니다. 예민한 피부에는 자극 없어 정말 좋을 것 같아요. 순함을 느껴보아요~,자극성,순해서,1,[속성] 자극성 [문장] 순해서,0,자극성,unchanged
validation,train,[속성] 보습력/수분감 [문장] 보습도 괜찮긴 한데,1027269,SNS,남성화장품,OO 포 맨 올인원 플루이드,안녕하세요~ ㅇㅇㅇ 남성 올인원 제품이 있어 소개해요~ 남성 제품인데도 순해서 남성 로션 특유의 향이나 시원함 그런 게 없고 향도 거의 없습니다. 그냥 순함 그 자체입니다. 제형은 크림과 에센스를 섞어 놓은 듯하구요. 보습도 괜찮긴 한데 건조하고 추운 날씨에는 크림 하나 더 발라줘야 해요. 건조한 타입에는 수분이 좀 부족한 듯합니다. 전체적으로 무난하고 괜찮은 제품인 것 같습니다. 예민한 피부에는 자극 없어 정말 좋을 것 같아요. 순함을 느껴보아요~,보습력/수분감,보습도 괜찮긴 한데,1,[속성] 보습력/수분감 [문장] 보습도 괜찮긴 한데,0,보습력/수분감/쿨링감,merged_duplicate_label
validation,train,[속성] 발림성 [문장] 발림성도 부드럽고,1026495,SNS,남성화장품,OO 질** 쉐이빙젤 195g 1개,많은 남성분들이 쉐이빙 폼을 많이 쓰시고 있더라구요~ 사실 쉐이빙 폼도 좋지만 저는 쉐이빙 젤을 추천 드리고 싶어요!! 한 번 쓰고 나면 좋아서 아마 계속 쓰실 것 같습니다!! 이 제품의 장점 위주로 오늘은 설명 해드릴게요~^^ 쉐이빙 폼은 거품으로 면도를 하는 건데 거품이 낭비도 심하고 바르는 순간 부위가 잘 안보이기 때문에 면도를 하다가 베일 위험이 있어요! 하지만 이 제품은 젤 타입이라 투명해서 피부가 보이기에 베일 위험이 없습니다~ 또한 사용하면 아시겠지만 발림성도 부드럽고 면도가 잘 되어서 좋은 것 같습니다~ 제품의 특유의 향도 거의 없어서 사용하실 때 부담 없으실 것 같습니다!! 쉐이빙 젤 한 번 쓰시면 이제 쉐이빙 폼은 사용 안 하게 됩니다 ㅎㅎ 쉐이빙 젤로 면도 해 보시고 신세계를 경험 해보세요~ 저는 이 제품 추천 드리고 싶습니다!,발림성,발림성도 부드럽고,1,[속성] 발림성 [문장] 발림성도 부드럽고,0,발림성,unchanged
validation,train,[속성] 기능/효과 [문장] 거품이 잘 안 나고,709680,쇼핑몰,남성화장품,OO 스** 쉐이브 젤 195g 1개,1+1으로 구매했습니다. 제품이 생각보다 거품이 잘 안 나고 피부 트러블도 일어나네요. 민감한 피부라 잘 안 맞나 봅니다.,기능/효과,거품이 잘 안 나고,-1,[속성] 기능/효과 [문장] 거품이 잘 안 나고,1,기능/효과,unchanged
validation,train,[속성] 가격 [문장] 저렴하게,712911,쇼핑몰,남성화장품,OO 질** 쉐이빙폼 175g 1개,가성비로는 제일인거 같습니다. 폭풍 검색을 했는데 브랜드 있는 제품 중에 제일 저렴하게 잘 산 거 같습니다. 남편이 써보고 괜찮다고 합니다. 2개 한꺼번에 구매하니 무료배송이라 좋습니다. 잘 쓰겠습니다.,가격,저렴하게,1,[속성] 가격 [문장] 저렴하게,0,가격,unchanged
validation,train,[속성] 자극성 [문장] 트러블이 없어서 좋습니다.,711562,쇼핑몰,남성화장품,OO 스** 쉐이브 폼 245g 1개,자주 트러블 나는데 주변에서 이거 추천해 주셔서 한번 사용해 보려고 샀습니다. 이거 써보니까 트러블이 없어서 좋습니다. 브랜드가 ㅇㅇㅇ라서 조금 더 신뢰가 가요. 거품도 쫀쫀하고 면도도 더 잘 되는 것 같습니다. 요즘 마스크를 오래 쓰기 때문에 땀이나 통풍이 잘 안 되는데 트러블 고민하시는 분들께 추천 드리고 싶습니다. 한번 써보면 이거 없이는 면도 못 하겠다고 합니다. 역시 좋은 제품은 다들 사용하시는 이유가 있는 것 같습니다. 피부 민감한 저는 데일리 필수품입니다. 면도를 한층 업그레이드 해주는 효과가 좋은 제품입니다.,자극성,트러블이 없어서 좋습니다.,1,[속성] 자극성 [문장] 트러블이 없어서 좋습니다.,0,자극성,unchanged
validation,train,[속성] 제형 [문장] 거품도 쫀쫀하고,711562,쇼핑몰,남성화장품,OO 스** 쉐이브 폼 245g 1개,자주 트러블 나는데 주변에서 이거 추천해 주셔서 한번 사용해 보려고 샀습니다. 이거 써보니까 트러블이 없어서 좋습니다. 브랜드가 ㅇㅇㅇ라서 조금 더 신뢰가 가요. 거품도 쫀쫀하고 면도도 더 잘 되는 것 같습니다. 요즘 마스크를 오래 쓰기 때문에 땀이나 통풍이 잘 안 되는데 트러블 고민하시는 분들께 추천 드리고 싶습니다. 한번 써보면 이거 없이는 면도 못 하겠다고 합니다. 역시 좋은 제품은 다들 사용하시는 이유가 있는 것 같습니다. 피부 민감한 저는 데일리 필수품입니다. 면도를 한층 업그레이드 해주는 효과가 좋은 제품입니다.,제형,거품도 쫀쫀하고,1,[속성] 제형 [문장] 거품도 쫀쫀하고,0,제형,unchanged
validation,train,[속성] 보습력/수분감 [문장] 피부가 당기고,712269,쇼핑몰,남성화장품,OO 질** 스킨 쉐이브 크림 177ml 1개,늘 젤만 쓰다가 크림으로 구매했어요. 생각보다 피부가 당기고 시간이 지날수록 건조해지네요.,보습력/수분감,피부가 당기고,-1,[속성] 보습력/수분감 [문장] 피부가 당기고,1,보습력/수분감/쿨링감,merged_duplicate_label
validation,train,[속성] 보습력/수분감 [문장] 건조해지네요.,712269,쇼핑몰,남성화장품,OO 질** 스킨 쉐이브 크림 177ml 1개,늘 젤만 쓰다가 크림으로 구매했어요. 생각보다 피부가 당기고 시간이 지날수록 건조해지네요.,보습력/수분감,건조해지네요.,-1,[속성] 보습력/수분감 [문장] 건조해지네요.,1,보습력/수분감/쿨링감,merged_duplicate_label
validation,train,[속성] 가격 [문장] 가성비가 좋고,1026386,SNS,남성화장품,OO 남성 기초 풀구성 블** (스킨+에멀젼 3세트 + 올인원워시 2개),최근에 사용해본 남성 기초 화장품 만족 100% 요즘 날씨가 추워져서 그런지 피부도 푸석푸석해지고 피부가 영 아닙니다. 그래서 주변지인에게 화장품 뭐 쓰냐고 물어보니까 이거 OOO 제품 많이 사용하네요. 일단 가성비가 좋고 상품 품질도 좋아서 잘 쓰고 있다고 하네요. 그래서 저도 구매했는데 정말 좋네요. 일단 올인원 워시를 처음 써보는데 정말 편해요. 이걸도 머리부터 발까지 사용할 수 있어서 이거 하나만 있어도 충분하답니다. 그리고 저는 면도후에 꼭 스킨 바르는데 면도 후 이거 바르면 사람이 깔끔해 보이고 피부도 더 좋아보여서 잘 쓰고 있어요. 추천합니다.,가격,가성비가 좋고,1,[속성] 가격 [문장] 가성비가 좋고,0,가격,unchanged
validation,train,[속성] 향 [문장] 향이 좋아서,713641,쇼핑몰,남성화장품,OO 질** 쉐이빙폼 175g 1개,항상 이 제품만 사용해요. 용기가 튼튼한 플라스틱이라 좋고 제품도 향이 좋아서 만족합니다. 바르면 상쾌하고 피부 진정 효과도 잘 되는 것 같습니다. 다른 제품보다 발림성도 좋고 거품이 잘 나서 면도가 잘 되는 것 같습니다. 행사 가격에 저렴하게 구입해서 만족해요.,향,향이 좋아서,1,[속성] 향 [문장] 향이 좋아서,0,향,unchanged
validation,train,[속성] 발림성 [문장] 발림성도 좋고,713641,쇼핑몰,남성화장품,OO 질** 쉐이빙폼 175g 1개,항상 이 제품만 사용해요. 용기가 튼튼한 플라스틱이라 좋고 제품도 향이 좋아서 만족합니다. 바르면 상쾌하고 피부 진정 효과도 잘 되는 것 같습니다. 다른 제품보다 발림성도 좋고 거품이 잘 나서 면도가 잘 되는 것 같습니다. 행사 가격에 저렴하게 구입해서 만족해요.,발림성,발림성도 좋고,1,[속성] 발림성 [문장] 발림성도 좋고,0,발림성,unchanged
validation,train,[속성] 기능/효과 [문장] 거품이 잘 나서,713641,쇼핑몰,남성화장품,OO 질** 쉐이빙폼 175g 1개,항상 이 제품만 사용해요. 용기가 튼튼한 플라스틱이라 좋고 제품도 향이 좋아서 만족합니다. 바르면 상쾌하고 피부 진정 효과도 잘 되는 것 같습니다. 다른 제품보다 발림성도 좋고 거품이 잘 나서 면도가 잘 되는 것 같습니다. 행사 가격에 저렴하게 구입해서 만족해요.,기능/효과,거품이 잘 나서,1,[속성] 기능/효과 [문장] 거품이 잘 나서,0,기능/효과,unchanged
validation,train,[속성] 향 [문장] 은은해서 좋습니다.,715927,쇼핑몰,남성화장품,OO 아** EDT 125ml,다들 좋다고 해서 리뷰 좀 찾아보고 선택했습니다. 왜 인기가 많은지 알겠네요. 향이 진하지 않고 은은해서 좋습니다. 선물 포장까시 해 줘서 더 좋습니다.,향,은은해서 좋습니다.,1,[속성] 향 [문장] 은은해서 좋습니다.,0,향,unchanged
validation,train,[속성] 자극성 [문장] 순하고,711344,쇼핑몰,남성화장품,OO 스** 쉐이브 폼 245g 1개,순하고 향도 안 나고 해서 좋습니다. 재구매예요.,자극성,순하고,1,[속성] 자극성 [문장] 순하고,0,자극성,unchanged
validation,train,"[속성] 보습력/수분감 [문장] 적당히 촉촉하고,",1026317,SNS,남성화장품,OO 옴므 에센스 인 2종 세트,"남성들은 사실 화장품에 큰 관심을 두지 않는 경우가 많아서, 한 번 써 보고 괜찮다 싶으면 몇 년이고 쓰는 경우가 많죠? 저희집 남자들도 그렇게 OO OOO을 쓰고 있답니다. 처음에는 디자인이 제일 깨끗하고 마일드해 보여서 그냥 고른 건데요, 써 보니 다들 만족하며 정착하더라고요? 이것저것 골라 써 보기 귀찮대요ㅋㅋㅋ 향은 그냥 무난한 아저씨 향인데 강하게 나지 않아서, 강한 향을 콕 집어 선호하는 분이 아니라면 크게 취향 타진 않을 것 같아요. 적당히 촉촉하고, 끈적임 없고, 그래서 거슬림이 없다는 게 최고 장점이에요. 일단 바르고 나면 발랐는지 생각 안 나는 게 남성화장품의 가장 큰 미덕이 아닐까 싶네요. 그런 점에서 미덕이 충분한 제품입니다.",보습력/수분감,"적당히 촉촉하고,",1,"[속성] 보습력/수분감 [문장] 적당히 촉촉하고,",0,보습력/수분감/쿨링감,merged_duplicate_label
validation,train,[속성] 흡수력 [문장] 피부에 잘 흡수되고,1025904,SNS,남성화장품,OO 코** 옴므 스킨 140ml,여러분은 배송 안전하게 왔나요? ㅠㅠ 저는 오다가 깨져서 중간에 다시 돌아갔다고 하네요. 그래서 다시 받았습니다. 아무래도 용기가 유리병이라서 그런지 조심해서 사용해야할 것 같아요. 아기가 있는 집이라면 더더욱 조심해주세요. 혹시나 깨지면 큰 사고로 날 듯합니다. 무튼 다시 받아봤는데 제형이 묽어서 그런지 너무 흘러내립니다. 대신 피부에 잘 흡수되고 번들거림이 없어요. 근데 제가 건성이라 그런지 살짝 건조한 느낌도 들어요. 그래서 크림도 바릅니다 ㅋㅋ 아기있는 집은 살짝 조심해주세요~ 아기가 장난치다가 깨질 수 도 있어요 ㅜㅜ,흡수력,피부에 잘 흡수되고,1,[속성] 흡수력 [문장] 피부에 잘 흡수되고,0,흡수력,unchanged
validation,train,[속성] 기능/효과 [문장] 거품이 풍부하고,712864,쇼핑몰,남성화장품,OO 맨 쿨** 쉐이빙젤 200ml 1개,거품이 풍부하고 제형이 부드럽습니다. 장점이 많은 것 같은데 말을 안하고 그냥 사달라고 하네요.,기능/효과,거품이 풍부하고,1,[속성] 기능/효과 [문장] 거품이 풍부하고,0,기능/효과,unchanged
validation,train,[속성] 가격 [문장] 저렴하게 잘 샀어요.,710339,쇼핑몰,남성화장품,OO 이** 포 맨 쉐이빙&클렌징폼 150ml 2개,상품이 만족스러워요. 저렴하게 잘 샀어요. 아들이 한번 써보더니 이것만 쓰려고 합니다. 자극이 없어서 여드름 피부에 괜찮네요.,가격,저렴하게 잘 샀어요.,1,[속성] 가격 [문장] 저렴하게 잘 샀어요.,0,가격,unchanged
validation,train,[속성] 향 [문장] 향도 무난해요.,709633,쇼핑몰,남성화장품,OO 스** 쉐이브 젤 195g 1개,젤 형태의 OOO면도거품이에요. 피부자극은 거의 없습니다. 향도 무난해요. OOO가 면도기 면도날 면도 거품 등 거의 전 품목에서 최상의 퀄리티를 지니고 있는것 같습니다. 제품의 색상이 화이트라 부담없이 만족하며 사용하고 있어요.,향,향도 무난해요.,1,[속성] 향 [문장] 향도 무난해요.,0,향,unchanged
validation,train,[속성] 향 [문장] 향이 마음에 들어요.,710775,쇼핑몰,남성화장품,OO 멘** 애프터쉐이브 레귤러 165ml 2개,향이 마음에 들어요. 피부에도 좋은 것 같습니다. 앞으로도 계속 사용하고 싶습니다.,향,향이 마음에 들어요.,1,[속성] 향 [문장] 향이 마음에 들어요.,0,향,unchanged
validation,train,[속성] 가격 [문장] 가격도 괜찮은데,711796,쇼핑몰,남성화장품,OO 스** 쉐이브 폼 245g 1개,OOO 쉐이빙폼 특별구성이라 무조건 구입했네요. 가격도 괜찮은데 향이 너무 순한 듯해서 아쉬워요.,가격,가격도 괜찮은데,1,[속성] 가격 [문장] 가격도 괜찮은데,0,가격,unchanged
validation,train,[속성] 자극성 [문장] 자극없이,1028010,SNS,남성화장품,OO 맨 스킨&로션 세트,아빠 생신이어서 선물로 드렸는데 만족하십니다. 특히 스킨을 좋아하세요. 남자 스킨은 가볍고 발라도 그냥 물 같은 느낌인데 이거는 산뜻하면서 밀도가 조금 느껴지는 젤 제형같다고 하시네요. 건성피부라서 그러시는지 기초도 촉촉하지 않으면 잘 안쓰시는데 이거는 촉촉해서 매일 쓰십니다. 아빠가 면도를 자주하시는데 면도 후에 피부 진정을 위해 바르면 효과 좋다고 하시네요. 덕분에 자극없이 피부를 진정시켜주고 생기있는 피부를 만들어줍니다. 오래 써도 질리지 않을 거 같은 OOO! 아빠 선물로 드리기 좋습니다~,자극성,자극없이,1,[속성] 자극성 [문장] 자극없이,0,자극성,unchanged
validation,train,[속성] 보습력/수분감 [문장] 보습력도 좋아서,1029675,SNS,남성화장품,[1+1] OO 올인원 훼이스 트리트먼트 50ml,"선물로 받아서 사용해 보게 된 OO 올인원 후기입니다. 가격이 좀 높아서 직접 구매해 보진 못했는데, 고맙게도 누가 선물로 주셨네요. 지금까지 사용해 본 로션이나 올인원 제품들에 비해 엄청 부드럽게 잘 발립니다. 얼굴에 잘 펴 발라지고 쏙~ 흡수되니까 너무 산뜻하고 상쾌하네요. 미끌거림이 전혀 없어요. 향도 은은하니 고급스러워서 역시 비싼 건 다르구나 했네요. 보습력도 좋아서 바르고 나면 피부가 반들반들 윤이 나요. 너무 좋아서 다 쓰고 나서 또 쓰고 싶어질 것 같 미리 걱정되네요. 비싼데 ㅜㅜ",보습력/수분감,보습력도 좋아서,1,[속성] 보습력/수분감 [문장] 보습력도 좋아서,0,보습력/수분감/쿨링감,merged_duplicate_label
validation,train,[속성] 기능/효과 [문장] 세정력도 괜찮고,1027965,SNS,남성화장품,OO 이** 포 맨 쉐이빙&클렌징폼 150ml 2개,약속시간에 좀 일찍 도착해서 여기저기 둘러 보다가 OO 매장에서 보고 편하게 사용할 수 있을 것 같아서 구매했어요. 제품이 2개 들어 있어서 친구도 하나 써보라고 주니까 좋아하네요ㅎㅎ 집에 돌아와서 저녁에 세수하면서 사용했는데 세정력도 괜찮고 얼굴도 촉촉한 느낌이 들었어요. 아침에 써보니 클렌징폼과 쉐이빙 겸용이라 너무 편하고 좋았어요. 친구도 건성피부에 잘 맞는 거 같다고 너무 좋다고 연락 왔어요. 올인원 제품이라 역시 편하고 좋네요. 재구매 의사 99% 있어요ㅎ,기능/효과,세정력도 괜찮고,1,[속성] 기능/효과 [문장] 세정력도 괜찮고,0,기능/효과,unchanged
validation,train,[속성] 향 [문장] 향은 은은하지만,1025875,SNS,남성화장품,OO 맨 올** 올인원 120ml,한방에 모든 것을 해결하는 올인원~ 저도 써보고 싶어서 한번 구매했습니다~~ 솔직한 저의 얘기 들어보실래요? 일단 향은 은은하지만 여자친구는 향이 강하다고 싫어하네요 ㅋㅋ 이런..ㅠ 잘 발라지고 보습력도 좋고 촉촉한 느낌도 좋아요. 근데 톤업 기능이 있다고 들었는데 저는 잘 모르겠네요?ㅎㅎ 약간 낮에는 번들거림이 있는 것 같아서 기름종이로 케어해야해요 ㅎㅎ 가격도 나쁘지 않고 보습력도 나쁘지 않아 대만족입니다. OO 화장품 짱! 재구매 의사 있습니다~~,향,향은 은은하지만,0,[속성] 향 [문장] 향은 은은하지만,2,향,unchanged
validation,train,[속성] 발림성 [문장] 잘 발라지고,1025875,SNS,남성화장품,OO 맨 올** 올인원 120ml,한방에 모든 것을 해결하는 올인원~ 저도 써보고 싶어서 한번 구매했습니다~~ 솔직한 저의 얘기 들어보실래요? 일단 향은 은은하지만 여자친구는 향이 강하다고 싫어하네요 ㅋㅋ 이런..ㅠ 잘 발라지고 보습력도 좋고 촉촉한 느낌도 좋아요. 근데 톤업 기능이 있다고 들었는데 저는 잘 모르겠네요?ㅎㅎ 약간 낮에는 번들거림이 있는 것 같아서 기름종이로 케어해야해요 ㅎㅎ 가격도 나쁘지 않고 보습력도 나쁘지 않아 대만족입니다. OO 화장품 짱! 재구매 의사 있습니다~~,발림성,잘 발라지고,1,[속성] 발림성 [문장] 잘 발라지고,0,발림성,unchanged
validation,train,[속성] 보습력/수분감 [문장] 보습력도 좋고,1025875,SNS,남성화장품,OO 맨 올** 올인원 120ml,한방에 모든 것을 해결하는 올인원~ 저도 써보고 싶어서 한번 구매했습니다~~ 솔직한 저의 얘기 들어보실래요? 일단 향은 은은하지만 여자친구는 향이 강하다고 싫어하네요 ㅋㅋ 이런..ㅠ 잘 발라지고 보습력도 좋고 촉촉한 느낌도 좋아요. 근데 톤업 기능이 있다고 들었는데 저는 잘 모르겠네요?ㅎㅎ 약간 낮에는 번들거림이 있는 것 같아서 기름종이로 케어해야해요 ㅎㅎ 가격도 나쁘지 않고 보습력도 나쁘지 않아 대만족입니다. OO 화장품 짱! 재구매 의사 있습니다~~,보습력/수분감,보습력도 좋고,1,[속성] 보습력/수분감 [문장] 보습력도 좋고,0,보습력/수분감/쿨링감,merged_duplicate_label
validation,train,[속성] 지속력/유지력 [문장] 오래 유지되어서,1027304,SNS,남성화장품,OO 트** 플루이드,안녕하세요~ 오늘은 ㅇㅇㅇ ㅇㅇ 플루이드를 여러분께 소개합니다. 올인원 제품이라 다들 편하다는 건 알고 계시죠?ㅎ 제가 민감한 피부인데 다른 올인원 제품보다 자극이 없는 듯해서 저에게는 잘 맞는 것 같습니다. 향도 거의 없어 개인적으론 너무 좋습니다. 바르면 촉촉함이 오래 유지되어서 피부를 부드럽게 만들어 주네요. 저는 ㅇㅇ보다 이 제품이 훨씬 나은듯합니다. 배송도 총알 배송이더라구요 ㅎㅎ 피부가 민감하면서 올인원 제품 원하시는 분에게 추천드립니다. ㅇㅇㅇ 아주 좋은 제품이에요~한번 써보시길 바랍니다~,지속력/유지력,오래 유지되어서,1,[속성] 지속력/유지력 [문장] 오래 유지되어서,0,지속력/유지력,unchanged
validation,train,[속성] 향 [문장] 향이 정말 좋고,1023780,SNS,남성화장품,OO 뿌** 옴므 익스트림 EDT 100ml,인터넷으로 향수 구매는 다들 걱정이 많으실 것 같습니다! 하지만 이 제품은 걱정할 필요가 없는 제품이라 추천 하고 싶어요!! 다들 이 제품 쓰시고 행복하시길 바라며 후기 작성할게요~^^ 기존에 쓰던 제품이 슬슬 질려가는 타이밍에 새로운 향수를 찾다가 알게 되었어요~ 이 제품으로 말할 것 같으면 남성 향수로 정말 유명한 브랜드라 모르시는 분들이 없으실 것 같아요! 저도 사실 이 브랜드 다른 제품을 썼는데 좋았어서 믿고 구매했습니다! 일단 향이 정말 좋고 지속력도 오래가서 좋은 것 같아요!! 이 두 가지 점이 좋아서 만족하고 있습니다. 아직 향수 고르시지 못한 분들은 이 제품 추천을 드려요!! 다른 제품보다 향이 시원해서 좋은 것 같습니다^^ 꼭 써보시길 추천할게요!,향,향이 정말 좋고,1,[속성] 향 [문장] 향이 정말 좋고,0,향,unchanged
validation,train,[속성] 가격 [문장] 가성비 괜찮습니다.,711574,쇼핑몰,남성화장품,OO 스** 쉐이브 폼 245g 1개,자주 쓰는 상품입니다. 저렴한 편이어서 잘 사용합니다. 가성비 괜찮습니다. 재구매 의사 있습니다.,가격,가성비 괜찮습니다.,1,[속성] 가격 [문장] 가성비 괜찮습니다.,0,가격,unchanged
validation,train,[속성] 제형 [문장] 제형이 무겁지 않고,1026821,SNS,남성화장품,OO 고** 포 맨 올인원 플루이드 150ml,저는 나갈 때만 화장품 바르고 집에 있을 때는 씻고 화장품을 바르지 않아요. 왜냐면 뭐를 바르면 답답하더라고요. 근데 여자친구는 걱정하다가 저에게 이 제품을 선물로 줬어요. 그래서 써봤습니다.. 군대에 있을 때도 OO 제품을 많이 사용하는 걸 봤는데 제대한 지금 제가 쓸 줄 몰랐네요 ㅋㅋ 무튼 발랐더니 제형이 무겁지 않고 바로 흡수됩니다. 흡수력이 빠르니 끈적거리지 않고 바로 보송보송하네요! 바르고 나니 유분기도 덜 돌고 보습도 어느 정도 있어서 만족하네요. 용기 사이즈도 앙증맞고 용기에 양이 얼마정도 남았는지 바로 보여서 좋은 것 같습니다. 보습력도 좋고 해서 겨울에는 수분크림까지 사서 발라보려고 합니다! 왜 OO OO 하는지 알겠네요 ㅎㅎ바르고 여자친구가 후기 알려달라고 해서 이렇게 보내줬습니다. ㅋㅋㅋ 여자친구.. 고맙다! 덕분에 집에서도 피부가 좋아지겠네~~,제형,제형이 무겁지 않고,1,[속성] 제형 [문장] 제형이 무겁지 않고,0,제형,unchanged
validation,train,[속성] 흡수력 [문장] 끈적거리지 않고,1026821,SNS,남성화장품,OO 고** 포 맨 올인원 플루이드 150ml,저는 나갈 때만 화장품 바르고 집에 있을 때는 씻고 화장품을 바르지 않아요. 왜냐면 뭐를 바르면 답답하더라고요. 근데 여자친구는 걱정하다가 저에게 이 제품을 선물로 줬어요. 그래서 써봤습니다.. 군대에 있을 때도 OO 제품을 많이 사용하는 걸 봤는데 제대한 지금 제가 쓸 줄 몰랐네요 ㅋㅋ 무튼 발랐더니 제형이 무겁지 않고 바로 흡수됩니다. 흡수력이 빠르니 끈적거리지 않고 바로 보송보송하네요! 바르고 나니 유분기도 덜 돌고 보습도 어느 정도 있어서 만족하네요. 용기 사이즈도 앙증맞고 용기에 양이 얼마정도 남았는지 바로 보여서 좋은 것 같습니다. 보습력도 좋고 해서 겨울에는 수분크림까지 사서 발라보려고 합니다! 왜 OO OO 하는지 알겠네요 ㅎㅎ바르고 여자친구가 후기 알려달라고 해서 이렇게 보내줬습니다. ㅋㅋㅋ 여자친구.. 고맙다! 덕분에 집에서도 피부가 좋아지겠네~~,흡수력,끈적거리지 않고,1,[속성] 흡수력 [문장] 끈적거리지 않고,0,흡수력,unchanged
validation,train,[속성] 향 [문장] 향도 고급스럽고...,1028272,SNS,남성화장품,OO 라** 옴므 올인원 에센스 150ml 1개,"사용하기 편해서 이거 한번 쓰면 다른 거 못 써요. 핫딜 떴을 때 쟁여놓아야 될 제품입니다. 우연히 백화점에서 한번 발라봤는데 신랑 마음에 들었나 봐요. 향도 고급스럽고... 한 통 사줬는데 저희 신랑이 너무 좋아해서 이번에 또 구매했습니다. 사계절 모두 사용하기 좋다고 하네요. 특히 요즘같이 찬바람 불기 시작할 때 사용하면 좋은 거 같아요. 스킨, 로션, 에센스가 한 병에 들어있어서 이거 하나만 바르면 끝나니 바쁜 아침에 시간 절약이 되어서 좋습니다. 피부 관리 소홀히 하면 노화되기 쉬운데 이 제품은 촉촉하고 부드러워서 피부 걱정이 없어요. 엄지 척!입니다. 유수분이 조화롭고 사용하기 간편한 OOO 올인원 에센스 써보세요! 후회하지 않으실 겁니다.",향,향도 고급스럽고...,1,[속성] 향 [문장] 향도 고급스럽고...,0,향,unchanged
validation,train,[속성] 보습력/수분감 [문장] 피부를 촉촉하게 해주고,1028011,SNS,남성화장품,OO 맨 스킨&로션 세트,지성피부가 OOO 쓴 후기 저는 지성피부인데요. 그것도 수분이 부족한 지성피부로 얼굴에 수분이 부족하니까 기름이 올라옵니다. 그래서 수분도 관리하고 유분도 관리해주려고 구매했습니다. 정말 쓰니까 피부를 촉촉하게 해주고 수분이 충천돼서 유분을 많이 잡아주네요!! 그리고 향이 정말 좋습니다. 여태 기초화장품 많이 써봤는데 OOO 향이 제일 좋은 거 같아요. 은은하니 레몬향도 나면서 시원향도 나니까 거부감이 들지 않았어요. 취향에 잘맞는 제품 찾아서 좋네요 여러분도 한번 구매해보세요.,보습력/수분감,피부를 촉촉하게 해주고,1,[속성] 보습력/수분감 [문장] 피부를 촉촉하게 해주고,0,보습력/수분감/쿨링감,merged_duplicate_label
validation,train,[속성] 향 [문장] 향이 정말 좋습니다.,1028011,SNS,남성화장품,OO 맨 스킨&로션 세트,지성피부가 OOO 쓴 후기 저는 지성피부인데요. 그것도 수분이 부족한 지성피부로 얼굴에 수분이 부족하니까 기름이 올라옵니다. 그래서 수분도 관리하고 유분도 관리해주려고 구매했습니다. 정말 쓰니까 피부를 촉촉하게 해주고 수분이 충천돼서 유분을 많이 잡아주네요!! 그리고 향이 정말 좋습니다. 여태 기초화장품 많이 써봤는데 OOO 향이 제일 좋은 거 같아요. 은은하니 레몬향도 나면서 시원향도 나니까 거부감이 들지 않았어요. 취향에 잘맞는 제품 찾아서 좋네요 여러분도 한번 구매해보세요.,향,향이 정말 좋습니다.,1,[속성] 향 [문장] 향이 정말 좋습니다.,0,향,unchanged
validation,train,[속성] 흡수력 [문장] 바르면 끈적이지 않고,1025879,SNS,남성화장품,OO 우** 올인원 모이스처라이저 스킨 로션 200ml,여름에 이것저것 바르니깐 얼굴이 찍찍해진 것 같고 답답하더라구요. 그래서 한번에 가볍게 바르기 위해서 찾았습니다!! 일단 바르면 끈적이지 않고 가벼운 느낌이여서 좋네요. 산뜻하면서도 쿨링감이 있어서 그런지 여름에 사용하기 딱 좋습니다. 겨울에 사용하면 조금 건조할 것 같아요. 겨울에는 다른 크림도 발라 주는 게 좋을 것 같아요. 전 여름에만 사용할 거라 대만족입니다~~ 올인원 제품 많은데 그 중 OO가 최고예요!! 굿! 여름에 가볍게 사용하기 좋아요!!,흡수력,바르면 끈적이지 않고,1,[속성] 흡수력 [문장] 바르면 끈적이지 않고,0,흡수력,unchanged
validation,train,[속성] 흡수력 [문장] 산뜻하면서도,1025879,SNS,남성화장품,OO 우** 올인원 모이스처라이저 스킨 로션 200ml,여름에 이것저것 바르니깐 얼굴이 찍찍해진 것 같고 답답하더라구요. 그래서 한번에 가볍게 바르기 위해서 찾았습니다!! 일단 바르면 끈적이지 않고 가벼운 느낌이여서 좋네요. 산뜻하면서도 쿨링감이 있어서 그런지 여름에 사용하기 딱 좋습니다. 겨울에 사용하면 조금 건조할 것 같아요. 겨울에는 다른 크림도 발라 주는 게 좋을 것 같아요. 전 여름에만 사용할 거라 대만족입니다~~ 올인원 제품 많은데 그 중 OO가 최고예요!! 굿! 여름에 가볍게 사용하기 좋아요!!,흡수력,산뜻하면서도,1,[속성] 흡수력 [문장] 산뜻하면서도,0,흡수력,unchanged
validation,train,[속성] 보습력/수분감 [문장] 쿨링감이 있어서,1025879,SNS,남성화장품,OO 우** 올인원 모이스처라이저 스킨 로션 200ml,여름에 이것저것 바르니깐 얼굴이 찍찍해진 것 같고 답답하더라구요. 그래서 한번에 가볍게 바르기 위해서 찾았습니다!! 일단 바르면 끈적이지 않고 가벼운 느낌이여서 좋네요. 산뜻하면서도 쿨링감이 있어서 그런지 여름에 사용하기 딱 좋습니다. 겨울에 사용하면 조금 건조할 것 같아요. 겨울에는 다른 크림도 발라 주는 게 좋을 것 같아요. 전 여름에만 사용할 거라 대만족입니다~~ 올인원 제품 많은데 그 중 OO가 최고예요!! 굿! 여름에 가볍게 사용하기 좋아요!!,보습력/수분감,쿨링감이 있어서,1,[속성] 보습력/수분감 [문장] 쿨링감이 있어서,0,보습력/수분감/쿨링감,merged_duplicate_label
validation,train,[속성] 기능/효과 [문장] 여름에 사용하기 딱 좋습니다.,1025879,SNS,남성화장품,OO 우** 올인원 모이스처라이저 스킨 로션 200ml,여름에 이것저것 바르니깐 얼굴이 찍찍해진 것 같고 답답하더라구요. 그래서 한번에 가볍게 바르기 위해서 찾았습니다!! 일단 바르면 끈적이지 않고 가벼운 느낌이여서 좋네요. 산뜻하면서도 쿨링감이 있어서 그런지 여름에 사용하기 딱 좋습니다. 겨울에 사용하면 조금 건조할 것 같아요. 겨울에는 다른 크림도 발라 주는 게 좋을 것 같아요. 전 여름에만 사용할 거라 대만족입니다~~ 올인원 제품 많은데 그 중 OO가 최고예요!! 굿! 여름에 가볍게 사용하기 좋아요!!,기능/효과,여름에 사용하기 딱 좋습니다.,1,[속성] 기능/효과 [문장] 여름에 사용하기 딱 좋습니다.,0,기능/효과,unchanged
validation,train,[속성] 가격 [문장] 저렴하게 구매했습니다.,712250,쇼핑몰,남성화장품,OO 질** 스킨 쉐이브 크림 177ml 1개,1+1 행사해서 저렴하게 구매했습니다. 사업 때문에 해외에 자주 다니는 편인데 용기가 튜브형이라 좋습니다. 쉐이빙이 부드럽게 잘 됩니다. 사용감이 무난한 제품입니다.,가격,저렴하게 구매했습니다.,1,[속성] 가격 [문장] 저렴하게 구매했습니다.,0,가격,unchanged
validation,train,[속성] 용기 [문장] 용기에서 거품도 잘 안 나오네요.,712742,쇼핑몰,남성화장품,OO 맨 쿨** 쉐이빙젤 200ml 1개,리뷰에 좋다는 글 많아서 좋을 줄 알고 샀는데 비누 보다 거품이 많은 것도 아니고 용기에서 거품도 잘 안 나오네요.,용기,용기에서 거품도 잘 안 나오네요.,-1,[속성] 용기 [문장] 용기에서 거품도 잘 안 나오네요.,1,용기,unchanged
validation,train,[속성] 자극성 [문장] 자극적이고,709866,쇼핑몰,남성화장품,OO 스** 쉐이브 젤 195g 1개,평소에 비누를 사용하셔서 비누보다는 거품이 있는 제품이 피부에 순하게 작용할 듯해서 구매해 드렸어요. 오히려 더 자극적이고 피부가 건조한 느낌이 든다고 합니다. 건성피부에는 맞지 않는 것 같아요.,자극성,자극적이고,-1,[속성] 자극성 [문장] 자극적이고,1,자극성,unchanged
validation,train,[속성] 피부타입 [문장] 건성피부에는 맞지 않는 것 같아요.,709866,쇼핑몰,남성화장품,OO 스** 쉐이브 젤 195g 1개,평소에 비누를 사용하셔서 비누보다는 거품이 있는 제품이 피부에 순하게 작용할 듯해서 구매해 드렸어요. 오히려 더 자극적이고 피부가 건조한 느낌이 든다고 합니다. 건성피부에는 맞지 않는 것 같아요.,피부타입,건성피부에는 맞지 않는 것 같아요.,-1,[속성] 피부타입 [문장] 건성피부에는 맞지 않는 것 같아요.,1,피부타입,unchanged
validation,train,[속성] 자극성 [문장] 피부에 자극도 하나도 없고,1026842,SNS,남성화장품,OO 맨 딥 쉐이빙폼 200ml 1개,쉐이빙폼은 이번이 첫 구매입니다. 저는 평소 장소 상관없이 편하게 쓸 수 있는 전기면도기로 차에서 이동하면서 면도 많이 했는데 얼굴이 깔끔해 보이지 않아서 쉐이빙폼으로 사용해서 면도해 보려고 주문했어요. 택배 기다렸다가 오자마자 사용해 봤는데 거품 제형이 무지 풍부하고 피부에 자극도 하나도 없고 면도도 잘 되어 좋았어요. 향도 나쁘지 않네요. 다른 제품 쉐이빙폼은 안 써봐서 비교 해드릴 순 없는데 전기 면도기는 앞으로 못 쓸 것 같네요. 처음 구입한 제품인데 만족스러웠습니다.,자극성,피부에 자극도 하나도 없고,1,[속성] 자극성 [문장] 피부에 자극도 하나도 없고,0,자극성,unchanged
validation,train,[속성] 가격 [문장] 저렴한 가격으로 구매했어요.,711568,쇼핑몰,남성화장품,OO 스** 쉐이브 폼 245g 1개,저렴한 가격으로 구매했어요. 거품도 풍부하고 사용감이 부드럽고 피부에 자극도 덜해서 괜찮다고 합니다. 다음에도 이 제품으로 구매해 달라고 하네요. 특별히 다른 상품에 비해 떨어지지 않는 품질이예요. 다음에도 구매할 의사 있어요. 가격도 착하고 품질도 괜찮아요.,가격,저렴한 가격으로 구매했어요.,1,[속성] 가격 [문장] 저렴한 가격으로 구매했어요.,0,가격,unchanged
validation,train,[속성] 기능/효과 [문장] 거품도 풍부하고,711568,쇼핑몰,남성화장품,OO 스** 쉐이브 폼 245g 1개,저렴한 가격으로 구매했어요. 거품도 풍부하고 사용감이 부드럽고 피부에 자극도 덜해서 괜찮다고 합니다. 다음에도 이 제품으로 구매해 달라고 하네요. 특별히 다른 상품에 비해 떨어지지 않는 품질이예요. 다음에도 구매할 의사 있어요. 가격도 착하고 품질도 괜찮아요.,기능/효과,거품도 풍부하고,1,[속성] 기능/효과 [문장] 거품도 풍부하고,0,기능/효과,unchanged
validation,train,[속성] 사용감 [문장] 사용감이 부드럽고,711568,쇼핑몰,남성화장품,OO 스** 쉐이브 폼 245g 1개,저렴한 가격으로 구매했어요. 거품도 풍부하고 사용감이 부드럽고 피부에 자극도 덜해서 괜찮다고 합니다. 다음에도 이 제품으로 구매해 달라고 하네요. 특별히 다른 상품에 비해 떨어지지 않는 품질이예요. 다음에도 구매할 의사 있어요. 가격도 착하고 품질도 괜찮아요.,사용감,사용감이 부드럽고,1,[속성] 사용감 [문장] 사용감이 부드럽고,0,사용감,unchanged
validation,train,[속성] 제형 [문장] 제형도 부드럽고,711291,쇼핑몰,남성화장품,OO 스** 쉐이브 폼 245g 1개,매번 매장에서 할인 할 때 기다려서 구매해 쓰다가 이번에 OO쇼핑에서 1+1 하기에 구매했습니다. 향도 좋고 제형도 부드럽고 유통기한도 깁니다.,제형,제형도 부드럽고,1,[속성] 제형 [문장] 제형도 부드럽고,0,제형,unchanged
validation,train,[속성] 유통기한 [문장] 유통기한도 깁니다.,711291,쇼핑몰,남성화장품,OO 스** 쉐이브 폼 245g 1개,매번 매장에서 할인 할 때 기다려서 구매해 쓰다가 이번에 OO쇼핑에서 1+1 하기에 구매했습니다. 향도 좋고 제형도 부드럽고 유통기한도 깁니다.,유통기한,유통기한도 깁니다.,1,[속성] 유통기한 [문장] 유통기한도 깁니다.,0,유통기한,unchanged
validation,train,[속성] 가격 [문장] 가격도 괜찮아요.,713854,쇼핑몰,남성화장품,OO 질** 쉐이빙폼 175g 1개,배송 빠르고 가격도 괜찮아요. 묶음배송하니 배송비도 절감되고 조금 더 싼 곳도 있겠지만 그래도 정품이라 안심되는 것 같아요.품질이 좋네요.,가격,가격도 괜찮아요.,1,[속성] 가격 [문장] 가격도 괜찮아요.,0,가격,unchanged
validation,train,[속성] 품질 [문장] 품질이 좋네요.,713854,쇼핑몰,남성화장품,OO 질** 쉐이빙폼 175g 1개,배송 빠르고 가격도 괜찮아요. 묶음배송하니 배송비도 절감되고 조금 더 싼 곳도 있겠지만 그래도 정품이라 안심되는 것 같아요.품질이 좋네요.,품질,품질이 좋네요.,1,[속성] 품질 [문장] 품질이 좋네요.,0,품질,unchanged
validation,train,[속성] 가격 [문장] 가격도 저렴하게,716395,쇼핑몰,남성화장품,OO 아** EDT 125ml,진짜 좋아요. 향도 좋고 배송도 빠르고 가격도 저렴하게 잘 산거 같아요. 향도 오래 지속되고 좋습니다. 강력 추천해요.,가격,가격도 저렴하게,1,[속성] 가격 [문장] 가격도 저렴하게,0,가격,unchanged
validation,train,[속성] 보습력/수분감 [문장] 촉촉하지는 않습니다.,1027237,SNS,남성화장품,OO 스** 클렌저 펌프타입 500ml,남동생이 이거 쓰길래 저도 같이 썼는데 저는 안 맞아서 별로네요... 저는 복합성 피부로 엄청 건조하지도 않고 그렇다고 엄청 지성 피부까지 아닌 딱 중간인데요. 이거 쓰니까 세정력은 뛰어나서 좋지만 많이 건조했습니다. 이걸로 클렌징 하고 난 뒤 물기 제거하고 바디 크림 까지 발라줬는데도 굉장히 건조해서 각질도 올라오고 그러는 겁니다. 촉촉하지는 않습니다. 향은 상쾌한 느낌?!이 들어요. 특히 건성 피부는 피하시는 게 좋겠습니다. 참고하세요!!,보습력/수분감,촉촉하지는 않습니다.,-1,[속성] 보습력/수분감 [문장] 촉촉하지는 않습니다.,1,보습력/수분감/쿨링감,merged_duplicate_label
validation,train,[속성] 자극성 [문장] 피부에 자극도 없고,1026538,SNS,남성화장품,OO 포 맨 올인원 플루이드 150ml,남편이 워낙 귀찮은 것은 안 하려는 성격이라 올인원 제품만 써 왔어요 ㅎㅎ 이전에는 다른 제품 쓰다가 다 떨어질 때쯤 다른 브랜드 제품 살라고 하다가 찾게 된 제품입니다!! 지금 남편이 너무 잘 바르고 다녀서 여러분에게 도움이 될 것 같아서 알려 드리고 싶어서 왔습니다!! 일단 이 제품은 성분이 참 착한 것 같습니다 ㅎㅎㅎ 그래서 피부에 자극도 없고 잘못 바르면 트러블 생기는 남편인데 이 제품 바르고 트러블이 하나도 안 생겼습니다!! 그래서 안심이 가는 제품이네요~ 향도 거의 없어서 좋은 것 같고 보습력이 정말 뛰어난 것 같아요~ 남편이 이거 바르고 추운 겨울에 나갔는데 피부가 안 당긴다고 합니다 ㅎㅎㅎ 사주길 정말 잘한 것 같습니다~~!! 남편이 너무 잘 바르고 다녀서 저희 아버지께도 사 드리려고 쟁여놨습니다 ㅋㅋㅋㅋ 다음에도 아마 또 구매할 것 같습니다!! 간편한 올인원 로션으로 추천 드리고 싶어요^^,자극성,피부에 자극도 없고,1,[속성] 자극성 [문장] 피부에 자극도 없고,0,자극성,unchanged
validation,train,[속성] 용량/개수 [문장] 가격대비 용량이 적습니다.,713902,쇼핑몰,남성화장품,OO 질** 쉐이빙젤 195g 1개,친구가 좋다고 추천해서 구매했어요. 가격대비 용량이 적습니다. 향이 생각보다 진해서 아쉽네요.,용량/개수,가격대비 용량이 적습니다.,-1,[속성] 용량/개수 [문장] 가격대비 용량이 적습니다.,1,용량,merged_duplicate_label
validation,train,[속성] 가격 [문장] 가격이 저렴해서,713910,쇼핑몰,남성화장품,OO 질** 쉐이빙젤 195g 1개,"가격이 저렴해서 많이 샀는데, 제조일자가 오래된 제품이라 사용기한이 반년 남아 걱정이네요. 유통기한이 임박해 나눠줘야 할 것 같습니다.",가격,가격이 저렴해서,1,[속성] 가격 [문장] 가격이 저렴해서,0,가격,unchanged
validation,train,[속성] 편의성/활용성 [문장] 사용하기 간편합니다.,1029703,SNS,남성화장품,OO 스킨밀크 200ml,"올인원 하면 딱 떠오르는 대표 제품, OO를 사용해 봤습니다. 9가지 허브 추출물 성분이 들어 있어서, 아직은 잘 모르겠지만 이런저런 좋은 효과가 있으리라고 기대합니다. 제형은 우윳빛의 묽은 로션 같은 제형인데 바르자마자 곧바로 흡수되고 끈적임이 남지 않습니다. 끈적임이 전혀 없다는 점 하나만으로도 재구매할 이유가 충분히 되는 것 같네요. 아쉬운 점은 알코올 냄새가 살짝 납니다. 냄새가 심하진 않지만 순한 성분을 내세웠는데 알코올 냄새가 나니까 좀 이상하긴 해요. 사용하기 간편합니다. 남자들도 깨끗하게 씻고 화장품 바르는 건데 왜 꼭 알코올 소독하는 느낌을 주려고 하는지 의문입니다.",편의성/활용성,사용하기 간편합니다.,1,[속성] 편의성/활용성 [문장] 사용하기 간편합니다.,0,편의성/활용성,unchanged
validation,train,[속성] 자극성 [문장] 순합니다.,711578,쇼핑몰,남성화장품,OO 스** 쉐이브 폼 245g 1개,거품이 풍성해서 좋습니다. 제형이 부드럽고 순합니다. 쉐이빙폼 중에 최고입니다. 한 번 써 보면 이것만 쓰게 됩니다.,자극성,순합니다.,1,[속성] 자극성 [문장] 순합니다.,0,자극성,unchanged
validation,train,[속성] 사용감 [문장] 사용감이 좋고,1028064,SNS,남성화장품,OO 코** 옴므 스킨 140ml,예전에 목욕탕에서 씻고 나오면 이 스킨을 사용했던 기억이 있었어요..!! 최근에 쇼핑을 하다가 이 스킨을 발견해서 추억에 젖어 구매를 하게 되었습니다 ㅎㅎ 예전에도 이 스킨만 사용하면 개운해서 좋았는데 제품명을 몰라서 구매를 못했는데 쇼핑 하다 발견해서 정말 기분 좋았어요! 세수 하고 사용해보니 역시 사용감이 좋고 피부 진정 효과도 좋은 것 같아요! 향도 여전히 남성스러워 좋은 것 같습니다. 용량도 많은 편이라 한동안 사용할 수 있을 것 같아 좋네요! 저는 앞으로 이 스킨만 사용할 것 같습니다 ㅎㅎ 남성분들은 사진만 보셔도 아실 것 같아요ㅎㅎ 추억의 바로 그 스킨!! 리뷰였습니다~,사용감,사용감이 좋고,1,[속성] 사용감 [문장] 사용감이 좋고,0,사용감,unchanged
validation,train,[속성] 기능/효과 [문장] 거품도 풍성하고,709950,쇼핑몰,남성화장품,OO 스** 쉐이브 젤 195g 1개,택배지연으로 늦게 받았네요. 부드러운 제형이 거품도 풍성하고 면도가 깨끗하게 상처 없이 잘 되네요. 향기로운 향까지 있어 좋습니다.,기능/효과,거품도 풍성하고,1,[속성] 기능/효과 [문장] 거품도 풍성하고,0,기능/효과,unchanged
validation,train,[속성] 향 [문장] 향도 은은하니 좋아요.,1028270,SNS,남성화장품,OO 라** 옴므 올인원 에센스 150ml 1개,바쁜 아침 시간에 하나로 해결되는 올인원 제품으로 최고입니다. 민감성 피부에 여드름이 잘 나는 예민한 피부예요. 피부가 예민하다 보니 온갖 상품을 다 사용해 봤지만 아무런 효과도 없고 부작용만 더 심해지더라구요. 그래서 지푸라기라도 잡는 심정으로 OOO 올인원 에센스를 구매했는데 가성비 오브 가성비인 제품인 거 같습니다. 스킨 로션 따로 바르기 귀찮은데 이건 에센스까지 들어 있어서 하나만 바르면 되는 올인원이라 편합니다. 그리고 펌프형이라 사용하기도 좋아요. 단점이라면 용기 밑바닥까지 쓰기는 좀 힘든 정도? 제 코가 예민한데 향도 은은하니 좋아요. 여러모로 가성비 좋은 상품입니다. 꼭 써보세요. 추천합니다.,향,향도 은은하니 좋아요.,1,[속성] 향 [문장] 향도 은은하니 좋아요.,0,향,unchanged
validation,train,[속성] 자극성 [문장] 자극도 적고,713767,쇼핑몰,남성화장품,OO 질** 쉐이빙폼 175g 1개,항상 ooo 면도 제품을 사용하고 있는데 자극도 적고 발림도 부드럽고 뚜껑이 필요 없이 옆으로 돌려 사용하기 때문에 편리하네요.,자극성,자극도 적고,1,[속성] 자극성 [문장] 자극도 적고,0,자극성,unchanged
validation,train,[속성] 발림성 [문장] 발림도 부드럽고,713767,쇼핑몰,남성화장품,OO 질** 쉐이빙폼 175g 1개,항상 ooo 면도 제품을 사용하고 있는데 자극도 적고 발림도 부드럽고 뚜껑이 필요 없이 옆으로 돌려 사용하기 때문에 편리하네요.,발림성,발림도 부드럽고,1,[속성] 발림성 [문장] 발림도 부드럽고,0,발림성,unchanged
validation,train,[속성] 기능/효과 [문장] 거품도 부드럽게 잘 나서,1028086,SNS,남성화장품,OO 스** 클렌저 펌푸타입 500ml,샤워할 때 어떤 제품과 함께 하시나요? 설마.. 아직도 비누로만..?? 남자들을 위한 바디워시가 새로 나와서 추천 드리고 싶어 왔습니다 ㅎㅎ 바디워시로 사용해도 좋고 올인원이라 얼굴까지 사용 가능해서 편리한 것 같습니다! 향도 너무 개운하고 거품도 부드럽게 잘 나서 피부에 자극이 없는 것 같아요! 세정력이 뛰어난 제품이라 지성 피부가 사용하면 좋을 것 같습니다~ 개인적으로 저는 용량이 너무 많아서 좋은 것 같아요! 오래 사용할 수 있겠어요! OOO 스킨워시 추천 드립니다! 이 제품 사용하시면 샤워의 질이 달라지실 것 같습니다!,기능/효과,거품도 부드럽게 잘 나서,1,[속성] 기능/효과 [문장] 거품도 부드럽게 잘 나서,0,기능/효과,unchanged
validation,train,[속성] 제품구성 [문장] 구성도 좋지 않았고,711392,쇼핑몰,남성화장품,OO 스** 쉐이브 폼 245g 1개,이 제품을 쓰면 피부에 자극이 가서 아쉽네요. 구성도 좋지 않았고 가격도 비싸게 샀습니다.,제품구성,구성도 좋지 않았고,-1,[속성] 제품구성 [문장] 구성도 좋지 않았고,1,제품구성,unchanged
validation,train,[속성] 가격 [문장] 가격도 비싸게 샀습니다.,711392,쇼핑몰,남성화장품,OO 스** 쉐이브 폼 245g 1개,이 제품을 쓰면 피부에 자극이 가서 아쉽네요. 구성도 좋지 않았고 가격도 비싸게 샀습니다.,가격,가격도 비싸게 샀습니다.,-1,[속성] 가격 [문장] 가격도 비싸게 샀습니다.,1,가격,unchanged
validation,train,[속성] 발림성 [문장] 발림성이 좋고,1029688,SNS,남성화장품,OO 포 맨 올인원 크림 150ml 기획세트(+30ml 증정),남편이 자출족이라서 겨울철 칼바람에 대비해 보습제를 구해 봤어요. 남편 피부에 잘 맞을 듯한 가벼운 제형인 데다가 세일 품목이라 저렴하기도 해서 골랐습니다. 덤으로 휴대하기 좋은 소용량 사은품도 주니까 집에서건 어디 갈 때건 편하게 사용할 수 있을 것 같아서 좋더라고요. 제형은 에센스와 로션의 중간 정도 되는 제형으로 발림성이 좋고 흡수도 잘 됩니다. 향이 없는 점도 마음에 듭니다. 펌프형이라 사용하기도 편하고요. 아직 구매한 지 얼마 안 되어서 효과를 말하기는 이르지만 사용이 편해서 남자들이 좋아할 만한 제품인 것 같습니다. 오늘 남편 퇴근하면 주려고 하는데 좋아할지 어떨지 너무 궁금하네요~,발림성,발림성이 좋고,1,[속성] 발림성 [문장] 발림성이 좋고,0,발림성,unchanged
validation,train,[속성] 흡수력 [문장] 흡수도 잘 됩니다.,1029688,SNS,남성화장품,OO 포 맨 올인원 크림 150ml 기획세트(+30ml 증정),남편이 자출족이라서 겨울철 칼바람에 대비해 보습제를 구해 봤어요. 남편 피부에 잘 맞을 듯한 가벼운 제형인 데다가 세일 품목이라 저렴하기도 해서 골랐습니다. 덤으로 휴대하기 좋은 소용량 사은품도 주니까 집에서건 어디 갈 때건 편하게 사용할 수 있을 것 같아서 좋더라고요. 제형은 에센스와 로션의 중간 정도 되는 제형으로 발림성이 좋고 흡수도 잘 됩니다. 향이 없는 점도 마음에 듭니다. 펌프형이라 사용하기도 편하고요. 아직 구매한 지 얼마 안 되어서 효과를 말하기는 이르지만 사용이 편해서 남자들이 좋아할 만한 제품인 것 같습니다. 오늘 남편 퇴근하면 주려고 하는데 좋아할지 어떨지 너무 궁금하네요~,흡수력,흡수도 잘 됩니다.,1,[속성] 흡수력 [문장] 흡수도 잘 됩니다.,0,흡수력,unchanged
validation,train,[속성] 디자인 [문장] 디자인도 고급스럽고,1027955,SNS,남성화장품,OO 몽** 레전드 EDT 100ml,제가 20대부터 꾸준하게 사용하고 있는 향수입니다. 매년 스스로에게 주는 선물로 이 제품을 선택해요. 이 향수는 디자인도 고급스럽고 향도 짙은 남성적인 향이 너무 좋습니다. 10년 넘게 꾸준히 쓰고 있는데 여름 빼고 나머지 계절에 사용하기 좋은 향이에요. 한 번 뿌리고 나가면 집에 돌아 올 때까지 향이 남아 있어요. 물론 마지막에 남은 잔향도 저는 아주아주 마음에 듭니다. ※ 곧 다가오는 올 연말에도 저에게 주는 선물로 곧 주문하려고 합니다~ ※,디자인,디자인도 고급스럽고,1,[속성] 디자인 [문장] 디자인도 고급스럽고,0,디자인,unchanged
validation,train,[속성] 향 [문장] 향이 좋아요.,712297,쇼핑몰,남성화장품,OO 질** 스킨 쉐이브 크림 177ml 1개,이 제품을 사용하면 면도할 때 면도날이 부드럽게 미끄러져 면도가 잘 되고 향이 좋아요. 향이 과하지 않고 은은해서 좋아요.,향,향이 좋아요.,1,[속성] 향 [문장] 향이 좋아요.,0,향,unchanged
validation,train,[속성] 향 [문장] 향이 과하지 않고,712297,쇼핑몰,남성화장품,OO 질** 스킨 쉐이브 크림 177ml 1개,이 제품을 사용하면 면도할 때 면도날이 부드럽게 미끄러져 면도가 잘 되고 향이 좋아요. 향이 과하지 않고 은은해서 좋아요.,향,향이 과하지 않고,1,[속성] 향 [문장] 향이 과하지 않고,0,향,unchanged
validation,train,[속성] 향 [문장] 은은해서 좋아요.,712297,쇼핑몰,남성화장품,OO 질** 스킨 쉐이브 크림 177ml 1개,이 제품을 사용하면 면도할 때 면도날이 부드럽게 미끄러져 면도가 잘 되고 향이 좋아요. 향이 과하지 않고 은은해서 좋아요.,향,은은해서 좋아요.,1,[속성] 향 [문장] 은은해서 좋아요.,0,향,unchanged
validation,train,[속성] 지속력/유지력 [문장] 지속력도 좋아서,717128,쇼핑몰,남성화장품,OO 쿨 워터 맨 EDT 125ml,이 제품은 가성비 최고의 제품입니다. 향에 대해 중요하게 생각하는 편이라 집에 있을 때도 집에 은은한 향이 날 수 있도록 관리하는 편입니다. 그동안 다양한 향수 제품을 사용했어요. 어떤 제품은 향이 너무 강해서 밀폐된 사무실이나 대중교통에서는 사용하지 못합니다. 그런데 이 제품은 향기가 과하게 진하지 않고 지속력도 좋아서 괜찮은 것 같습니다. 신체 부위 뿐 아니라 옷의 안쪽에도 뿌리고 있습니다. 집과 사무실에 하나씩 두고 사용했더니 사람들이 향이 좋다고 물어보네요. 만족합니다.,지속력/유지력,지속력도 좋아서,1,[속성] 지속력/유지력 [문장] 지속력도 좋아서,0,지속력/유지력,unchanged
validation,train,[속성] 향 [문장] 향이 은은해서 좋습니다.,716156,쇼핑몰,남성화장품,OO 아** EDT 125ml,남자 향수인데 향이 은은해서 좋습니다. 시중 가격보다 엄청 저렴하게 구입했습니다.,향,향이 은은해서 좋습니다.,1,[속성] 향 [문장] 향이 은은해서 좋습니다.,0,향,unchanged
validation,train,[속성] 지속력/유지력 [문장] 지속력이 너무 짧네요.,715667,쇼핑몰,남성화장품,OO 몽** 레전드 EDT 100ml,향이 좀 더 오래 갔으면 좋겠습니다. 지속력이 너무 짧네요. 그리고 향도 너무 은은해서 남자가 사용하기는 별로인 것 같아요.,지속력/유지력,지속력이 너무 짧네요.,-1,[속성] 지속력/유지력 [문장] 지속력이 너무 짧네요.,1,지속력/유지력,unchanged
validation,train,[속성] 기능/효과 [문장] 거품도 풍성해서,1027179,SNS,남성화장품,OO 맨 딥 쉐이빙폼 200ml 1개,여러번 써 보고 후기남깁니다. 저는 한번 맘에 들면 웬만해서 다른 걸로 바꾸지 않고 꾸준히 쓰는데 이 제품 역시 제가 3년동안 쓰고 있습니다. 아무래도 면도 하면 칼날에 피부에 닿으니까 자극이 갈 수 밖에 없잖아요. 근데 이 제품은 거품도 풍성해서 면도해야할 부위에 펴바른 다음 면도를 살살하면 자극적이지 않아 좋았습니다.게다가 캐모마일 꽃 추출물로 부드러운 향이 나는게 특징인데 정말 그렇습니다.이런 쉐이빙폼은 강한 향들이 나는 것도 종종있는데 이 제품은 은은하고 부드러운 향이어서 부담스럽지 않았습니다. 여러모로 만족하고 찐으로 제가 3년동안 애정하고 사용하는 제품이라 리뷰를 안 남길 수 가 없네요. 한번 써보시면 확실히 아실거예요,기능/효과,거품도 풍성해서,1,[속성] 기능/효과 [문장] 거품도 풍성해서,0,기능/효과,unchanged
validation,train,[속성] 제형 [문장] 제형이 부드러워서,712232,쇼핑몰,남성화장품,OO 질** 스킨 쉐이브 크림 177ml 1개,군대 간 남동생 사 줬습니다. 용기가 튜브형이라서 좋습니다. 순하고 제형이 부드러워서 잘 사용하고 있다고 합니다.,제형,제형이 부드러워서,1,[속성] 제형 [문장] 제형이 부드러워서,0,제형,unchanged
validation,train,[속성] 제품구성 [문장] 1+1으로,711160,쇼핑몰,남성화장품,OO 스** 쉐이브 폼 245g 1개,면도날과 함께 쉐이빙 폼도 ㅇㅇㅇ가 피부자극도 덜합니다. 향도 거슬리지 않아서 좋아요. 1+1으로 횡재한 느낌이에요. 흠 없이 배송도 잘 왔습니다. 용기 펌핑이 원하는 거품 양에서 딱 잘 멈춰서 좋습니다. 제형이 질질 흐르지 않아서 좋습니다.,제품구성,1+1으로,1,[속성] 제품구성 [문장] 1+1으로,0,제품구성,unchanged
validation,train,[속성] 자극성 [문장] 자극 없고,1028271,SNS,남성화장품,OO 라** 옴므 올인원 에센스 150ml 1개,자극 없고 사용하기 편한 올인원 제품을 소개해 드릴게요. 남편이 귀차니즘이 심해서 화장품을 잘 안 발라요. 그런데 요즘 피부가 많이 거칠어지고 트러블이 생겨서 구입했습니다. 화장품은 잘 안 바르지만 까다로워서 단점은 기가 막히게 잘 찾아내요. 그래서 아무거나 사주기 조심스러운데 이 제품은 아무 말 없이 잘 쓰네요. 남자 스킨 냄새를 별로 안 좋아하는데 이 제품은 향이 은은하고 고급스러워서 괜찮다고 합니다. 지성 피부인데 이 제품 바르고 나니 피부가 부드러워졌어요. 장인어른도 하나 사드리라고 하네요. 그동안 뚜껑 열어 쓰는 제품만 썼는데 펌핑형을 써보더니 바르기 편하다고 합니다. 이거 하나만 발라도 다 해결되는 게 가장 큰 장점인 거 같아요. 한 방에 해결할 수 있는 남성 스킨로션을 찾고 계신다면 이 제품을 강력히 추천합니다.,자극성,자극 없고,1,[속성] 자극성 [문장] 자극 없고,0,자극성,unchanged
validation,train,[속성] 윤기/피부(톤) [문장] 피부가 부드러워졌어요.,1028271,SNS,남성화장품,OO 라** 옴므 올인원 에센스 150ml 1개,자극 없고 사용하기 편한 올인원 제품을 소개해 드릴게요. 남편이 귀차니즘이 심해서 화장품을 잘 안 발라요. 그런데 요즘 피부가 많이 거칠어지고 트러블이 생겨서 구입했습니다. 화장품은 잘 안 바르지만 까다로워서 단점은 기가 막히게 잘 찾아내요. 그래서 아무거나 사주기 조심스러운데 이 제품은 아무 말 없이 잘 쓰네요. 남자 스킨 냄새를 별로 안 좋아하는데 이 제품은 향이 은은하고 고급스러워서 괜찮다고 합니다. 지성 피부인데 이 제품 바르고 나니 피부가 부드러워졌어요. 장인어른도 하나 사드리라고 하네요. 그동안 뚜껑 열어 쓰는 제품만 썼는데 펌핑형을 써보더니 바르기 편하다고 합니다. 이거 하나만 발라도 다 해결되는 게 가장 큰 장점인 거 같아요. 한 방에 해결할 수 있는 남성 스킨로션을 찾고 계신다면 이 제품을 강력히 추천합니다.,윤기/피부(톤),피부가 부드러워졌어요.,1,[속성] 윤기/피부(톤) [문장] 피부가 부드러워졌어요.,0,윤기/피부(톤),unchanged
validation,train,[속성] 흡수력 [문장] 피부가 끈적이지 않고,1027987,SNS,남성화장품,OO 옴므 에센스 인 스킨 125ml,"아빠가 늘 사용하는 제품이에요. 작년에 다른 거 쓰다가 피부 트러블 일어나서 다시 OO로 구매해서 사용하더라고요. OOO 스킨, 로션 사용하는데 피부가 끈적이지 않고 향도 은은하게 나서 좋다고 합니다. 사계절 내내 사용하기 좋고 가격도 나쁘지 않다고 하네요. 건성 피부에도 만족한다고 해요. 이번에 스킨만 구매하셔서 스킨, 로션 구매하시라도 말씀드렸어요. 여름에는 스킨만 발라도 건조하지 않다고 로션은 잘 안 바른다고 하시네요. 저희 아빠가 만족하는 제품이에요~",흡수력,피부가 끈적이지 않고,1,[속성] 흡수력 [문장] 피부가 끈적이지 않고,0,흡수력,unchanged
validation,train,[속성] 지속력/유지력 [문장] 지속력이 강해요.,1027184,SNS,남성화장품,OO 맨 오 드 뚜왈렛,"저는 백화점에서 시향해보고 나서 저한테 잘 어울릴 거 같아서 구매했습니다. 호불호가 갈릴 수 도 있는 향인 거 같은데 저는 일단 향이 너무 매력적이어서 좋았습니다.약간의 스타일리시한 향도 느껴지면서 뜨거운 향이 느껴지는데 잔향은 은은하게 비누향이 나서 신기하더라고요. 게다가 오드 뚜왈렛인데도 불구하고 지속력이 강해요. 향이 워낙 무게감이 있어서 그런지 향이 오래 지속돼요. 분명 아침에 뿌리고 나갔는데 저녁 늦게 들어와도 옷에 향이 남아 있더라고요, 그래서 저는 너무 좋았답니다. 평범한 향이 싫다거나 남들 다 아는 향 뿌리기 싫으시다면, 이 제품 써보는 걸 추천드려요.",지속력/유지력,지속력이 강해요.,1,[속성] 지속력/유지력 [문장] 지속력이 강해요.,0,지속력/유지력,unchanged
validation,train,[속성] 제형 [문장] 폼이 쫀쫀해서,713103,쇼핑몰,남성화장품,OO 질** 쉐이빙폼 175g 1개,마트보다 저렴하게 구매해서 좋습니다. 저렴해서 여러 개 구매했어요. 폼이 쫀쫀해서 어른은 면도가 잘 되고 아이들은 만들기 재료로 쓰네요. 향기도 좋네요.,제형,폼이 쫀쫀해서,1,[속성] 제형 [문장] 폼이 쫀쫀해서,0,제형,unchanged
validation,train,[속성] 향 [문장] 향기도 좋네요.,713103,쇼핑몰,남성화장품,OO 질** 쉐이빙폼 175g 1개,마트보다 저렴하게 구매해서 좋습니다. 저렴해서 여러 개 구매했어요. 폼이 쫀쫀해서 어른은 면도가 잘 되고 아이들은 만들기 재료로 쓰네요. 향기도 좋네요.,향,향기도 좋네요.,1,[속성] 향 [문장] 향기도 좋네요.,0,향,unchanged
validation,train,"[속성] 보습력/수분감 [문장] 시원하고,",713982,쇼핑몰,남성화장품,OO 질** 쉐이빙젤 195g 1개,"상품이 참 시원하고, 면도가 잘 되어서 좋아요. 가격 비교는 안해서 저렴한지는 모르겠습니다.",보습력/수분감,"시원하고,",1,"[속성] 보습력/수분감 [문장] 시원하고,",0,보습력/수분감/쿨링감,merged_duplicate_label
validation,train,[속성] 향 [문장] 향이 좋다며,1023724,SNS,남성화장품,OO 알** 옴므 스포츠 EDT 100ml,후다닥 뛰어 왔습니다ㅋㅋㅋㅋ 정말 좋은 제품을 가져왔습니다!!! 이 제품 쓰고 저도 여자친구가 생겼어요!!! 여자 친구가 맨날 향이 좋다며 제 옆에 붙어있어요 :) 여러분도 궁금 하시죠? 제품 후기 바로 시작할게요! 연애를 안 한지 거의 2년이 넘어가고 있었습니다. 그러다가 최근에 소개팅이 잡혀서 급하게 향수를 사야 했습니다. 백화점에서 친구랑 쇼핑을 하다가 명품 브랜드 향수를 팔아서 가격은 꽤 비쌌지만 시향을 해보니 향이 너무 섹시한 것 같아서 구매를 하게 되었습니다ㅎㅎㅎ 소개팅 전에도 시험 삼아 뿌리고 나갔는데... 주위에서 향이 좋다고 다들 그렇게 칭찬을 했습니다ㅋㅋㅋㅋ 자신감 있는 모습으로 소개팅 나가서 결국 여자친구를 사귀게 되었습니다~~!! 진짜 남성분들 이 제품 꼭 쓰세요!!!! 여자친구 없으신 분들도 있으신 분들도 꼭 쓰셔서 사랑 하셨으면 좋겠습니다~ 후기 읽어 주셔서 감사해요,향,향이 좋다며,1,[속성] 향 [문장] 향이 좋다며,0,향,unchanged
validation,train,[속성] 유통기한 [문장] 사용기한도 넉넉하고,1026486,SNS,남성화장품,OO 옴므 아** 올인원 200ml 1개,남편이 선물로 화장품을 갖고 싶다고 해서 알아 보다가 이 제품을 선물로 주었어요~ 너무 좋아하고 지금까지 잘 바르고 있어 여러분에게도 도움이 될 것 같아 리뷰 가져왔습니다!!! 남편이 생일 선물로 화장품을 갖고 싶어 해서 편하게 쓰라고 올인원 제품으로 구매 해줬는데 너무 간편해요~ 남편도 올인원이라 사용하기 편하다고 매일 쓸 때 마다 저한테 이야기를 합니다!! 사실 일반적인 올인원 제품 보다 가격은 비싼 편에 속해요~ 사용기한도 넉넉하고 용량도 많아서 이 제품 쓰기 좋습니다~~ 향도 좋아서 계속 사용한다고 합니다~~ 앞으로는 이 제품만 사용한다고 하니.. 그 전에 사줬던 제품은 찜하기에서 다 지웠습니다 ㅋㅋㅋㅋ 저희 남편이 너무 좋아하네요~^^ 남편 선물로 이 제품 선물하세용~ 완전 추천 하는 제품입니다!!,유통기한,사용기한도 넉넉하고,1,[속성] 유통기한 [문장] 사용기한도 넉넉하고,0,유통기한,unchanged
validation,train,[속성] 흡수력 [문장] 끈적이지 않아서 좋습니다.,1026475,SNS,남성화장품,OO 아** 맨 올인원 120ml 1개,좋아요. 마음에 드는 제품입니다. 벌써 2번 구입을 했네요. 저는 이 제품 사용하고 다른 제품은 거들떠 보지도 않습니다. 추천 하고 싶어서 사용 후기 적어보네요. 피부 관리를 시작해야 할 나이가 왔습니다. 그래서 이 제품을 사게 되었습니다. 원래는 다른 제품을 썼는데 지금은 이 제품이 좋아서 계속 사용하고 있어요. 가격도 저렴하고 배송도 빠르고 무엇보다 OOO 제품이라서 믿고 쓸 수 있습니다. 제형도 흘러 내리지 않고 바르면 끈적이지 않아서 좋습니다. 촉촉함은 생각보다 약하지만 다른 제품과 비교하면 보습력이 엄청 나쁜 편은 아니라 괜찮습니다. 한 번 사용하시길 바랄게요. 제 사용 후기가 도움이 되시길 바라며 글 마무리 하도록 하겠습니다. 안녕히 계세요.,흡수력,끈적이지 않아서 좋습니다.,1,[속성] 흡수력 [문장] 끈적이지 않아서 좋습니다.,0,흡수력,unchanged
validation,train,[속성] 흡수력 [문장] 오일리하지 않고,1029673,SNS,남성화장품,[1+1] OO 올인원 훼이스 트리트먼트 50ml,"지성피부인 남동생을 위한 올인원으로 골라 본 제품입니다. 지성피부라서 피지 조절이 관건인데, 이 제품은 좀 피부가 산뜻하게 관리가 된다고 합니다. 끈적이지도 않고 가벼운 느낌이라서 좋다고 해요. 남동생 피부에 잘 맞아서 편안하게 사용하고 있습니다. 가격이 높은 편이라서 이번처럼 1+1 행사할 때 놓치지 말고 사 놔야 할 것 같아요. 오일리하지 않고 수분감 위주의 제품이라서 지성피부 남성분들께 추천합니다. 요즘은 남성들도 여성들만큼 피부에 관심이 많아서 좋은 제품도 많이 나오는 것 같아요.",흡수력,오일리하지 않고,1,[속성] 흡수력 [문장] 오일리하지 않고,0,흡수력,unchanged
validation,train,[속성] 품질 [문장] 가격 대비 품질이 좋지 않은 것 같습니다.,716456,쇼핑몰,남성화장품,OO 아** EDT 125ml,처음 썼던 같은 제품하고 향이 미세하게 차이가 있어서 아쉽네요. 향이 더 안 좋아진 것 같아요. 신경을 안 쓴다면 모르겠지만 저는 예민해서 바로 티가 나네요. 가격 대비 품질이 좋지 않은 것 같습니다. 유통기한도 짧은 제품이 왔네요.,품질,가격 대비 품질이 좋지 않은 것 같습니다.,-1,[속성] 품질 [문장] 가격 대비 품질이 좋지 않은 것 같습니다.,1,품질,unchanged
validation,train,[속성] 유통기한 [문장] 유통기한도 짧은 제품이 왔네요.,716456,쇼핑몰,남성화장품,OO 아** EDT 125ml,처음 썼던 같은 제품하고 향이 미세하게 차이가 있어서 아쉽네요. 향이 더 안 좋아진 것 같아요. 신경을 안 쓴다면 모르겠지만 저는 예민해서 바로 티가 나네요. 가격 대비 품질이 좋지 않은 것 같습니다. 유통기한도 짧은 제품이 왔네요.,유통기한,유통기한도 짧은 제품이 왔네요.,-1,[속성] 유통기한 [문장] 유통기한도 짧은 제품이 왔네요.,1,유통기한,unchanged
validation,train,[속성] 향 [문장] 향이 독하지 않아서 좋고,1023723,SNS,남성화장품,OO 알** 옴므 스포츠 EDT 100ml,안녕하세요!! 잘 지내셨죠? 오랜만에 인사드립니다! 오늘 가져온 후기는 명품 브랜드에서 나온 향수를 알려 드리고 싶어서 왔어요!! 제 후기 들어보시고 도움이 되셨으면 좋겠습니다 ㅎㅎㅎ 최근에 선물 받아서 알게 된 제품인데 브랜드 이름만 들어도 다들 아실 것 같아요! 워낙 유명한 명품 브랜드라서 선물 받은 저도 깜짝 놀랐습니다!! 이 제품을 선물 받고 벌써 2주 가까이 사용을 하고 있어서 장 단점을 확실하게 말씀해 드릴 수 있을 것 같아요! 일단 장점은 향이 독하지 않아서 좋고 디자인이 고급스러워요! 특히 첫 향이 시원해서 좋은 것 같아요! 단점은 향이 오래 가지는 않는 것 같아요..!! 지속력이 조금 아쉬운 것 같습니다 ㅠ 이렇게 오늘은 명품 향수 장단점을 알려 드렸습니다..! 나중에 구매 하실 때 도움이 되셨으면 좋을 것 같아요~^^,향,향이 독하지 않아서 좋고,1,[속성] 향 [문장] 향이 독하지 않아서 좋고,0,향,unchanged
validation,train,[속성] 향 [문장] 향이 너무 강하고,710498,쇼핑몰,남성화장품,OO 맨 프** 애프터 쉐이브 로션 100ml 1개,그럭저럭 괜찮습니다. 향이 너무 강하고 보습력이 뛰어나진 않습니다. 하지만 가격대비로는 쓸 만해요. 보습력 좋은 걸 원하시면 다른 제품 알아보셔야 해요. 그냥 가성비가 좋은 정도일 뿐입니다.,향,향이 너무 강하고,-1,[속성] 향 [문장] 향이 너무 강하고,1,향,unchanged
validation,train,[속성] 보습력/수분감 [문장] 촉촉해서 만족해요.,710503,쇼핑몰,남성화장품,OO 맨 프** 애프터 쉐이브 로션 100ml 1개,추천 받아서 구매해서 사용했는데 보습력도 좋고 촉촉해서 만족해요. 제형 끈적임도 없고 바르면 건조하지 않아서 마음에 듭니다. 추천해요. 건성 피부에 사용하시길 추천합니다.,보습력/수분감,촉촉해서 만족해요.,1,[속성] 보습력/수분감 [문장] 촉촉해서 만족해요.,0,보습력/수분감/쿨링감,merged_duplicate_label
validation,train,[속성] 사용감 [문장] 사용감도 좋습니다.,716865,쇼핑몰,남성화장품,OO 쿨 워터 맨 EDT 125ml,향이 부담스럽지 않아서 좋은 것 같습니다. 가격이 저렴하다고 생각이 듭니다. 모든 연령이 사용하기 좋은 향인 것 같습니다. 사용감도 좋습니다. 옷에 뿌릴 때 향이 더 좋은 것 같습니다. 데일리로 사용하기 좋은 향수입니다. 유통기한도 넉넉해서 마음에 들어요.,사용감,사용감도 좋습니다.,1,[속성] 사용감 [문장] 사용감도 좋습니다.,0,사용감,unchanged
validation,train,[속성] 유통기한 [문장] 유통기한도 넉넉해서 마음에 들어요.,716865,쇼핑몰,남성화장품,OO 쿨 워터 맨 EDT 125ml,향이 부담스럽지 않아서 좋은 것 같습니다. 가격이 저렴하다고 생각이 듭니다. 모든 연령이 사용하기 좋은 향인 것 같습니다. 사용감도 좋습니다. 옷에 뿌릴 때 향이 더 좋은 것 같습니다. 데일리로 사용하기 좋은 향수입니다. 유통기한도 넉넉해서 마음에 들어요.,유통기한,유통기한도 넉넉해서 마음에 들어요.,1,[속성] 유통기한 [문장] 유통기한도 넉넉해서 마음에 들어요.,0,유통기한,unchanged
validation,train,[속성] 가격 [문장] 가격은 저렴한데,1028013,SNS,남성화장품,OO 맨 스킨&로션 세트,저는 아무거나 두루두루 잘 쓰는데요 이번에 선물받아서 사용하게 됐습니다. 뭐 화장품이 거기서 거기지 하며 아무 생각없이 살았습니다. 그래도 씻고나서는 기초케어는 어렸을 때부터 쭉 발라왔는데요. 이번에 이거 쓰고 아 화장품이 잘 맞는다는 게 이런 거구나 하고 깨달았어요. 가격은 저렴한데 성분도 순해서 이거 쓰면서 피부가 안좋아진 경험이 없습니다. 오히려 흡수력이 좋아 얼굴에 바르고 손으로 톡톡하면 바로 흡수되니 피부가 더 건강해보이고 좋아보입니다. 게다가 제형은 부드러워서 바르면 산뜻하네요. 선물로 처음 받아 써봤는데 너무 만족하고 있어서 리뷰 남깁니다.,가격,가격은 저렴한데,1,[속성] 가격 [문장] 가격은 저렴한데,0,가격,unchanged
validation,train,[속성] 흡수력 [문장] 산뜻하네요.,1028013,SNS,남성화장품,OO 맨 스킨&로션 세트,저는 아무거나 두루두루 잘 쓰는데요 이번에 선물받아서 사용하게 됐습니다. 뭐 화장품이 거기서 거기지 하며 아무 생각없이 살았습니다. 그래도 씻고나서는 기초케어는 어렸을 때부터 쭉 발라왔는데요. 이번에 이거 쓰고 아 화장품이 잘 맞는다는 게 이런 거구나 하고 깨달았어요. 가격은 저렴한데 성분도 순해서 이거 쓰면서 피부가 안좋아진 경험이 없습니다. 오히려 흡수력이 좋아 얼굴에 바르고 손으로 톡톡하면 바로 흡수되니 피부가 더 건강해보이고 좋아보입니다. 게다가 제형은 부드러워서 바르면 산뜻하네요. 선물로 처음 받아 써봤는데 너무 만족하고 있어서 리뷰 남깁니다.,흡수력,산뜻하네요.,1,[속성] 흡수력 [문장] 산뜻하네요.,0,흡수력,unchanged
validation,train,[속성] 가격 [문장] 가격도 괜찮은 것 같고,1027978,SNS,남성화장품,OO 살** 옴므 EDT 50ml,대학생 아들 필요할 거 같아서... 대학 다닐 때 향수 좋아해서 뿌렸던 기억이 있는데 아들은 아직 관심이 없는지 향수가 없는 듯 보였어요. 제가 찾아서 선택했는데 아들이 좋아할지 모르겠더라고요. 사이즈는 다양하게 나오는데 어떨지 몰라서 50ml로 우선 주문했어요. 택배 받고 종이 가방에 담긴 상품을 그대로 책상에 올려 두었더니 완전 좋아하네요. 진작 사줄 걸 그랬어요ㅎ 뿌리고 나가면서 향 좋다고 잘 쓰겠다고 하네요. 가격도 괜찮은 것 같고 용량도 적당한 거 같아요. 향도 마음에 든다고 하니 다행이네요. 담달에는 다른 향으로 구매해 주고 싶어요ㅎㅎ,가격,가격도 괜찮은 것 같고,1,[속성] 가격 [문장] 가격도 괜찮은 것 같고,0,가격,unchanged
validation,train,[속성] 용량/개수 [문장] 용량도 많습니다.,712829,쇼핑몰,남성화장품,OO 맨 쿨** 쉐이빙젤 200ml 1개,면도 할 때는 이 제품만 사용합니다. 이 브랜드 제품이 제일 좋은 것 같아요. 인터넷으로 저렴하게 구입했고 용량도 많습니다.,용량/개수,용량도 많습니다.,1,[속성] 용량/개수 [문장] 용량도 많습니다.,0,용량,merged_duplicate_label
validation,train,[속성] 사용감 [문장] 사용감이 좋아,1029903,SNS,남성화장품,OO 포 맨 올인원 플루이드 (본품150ml+30ml 추가 증정) ,"ㅇㅇㅇ! 하면 다들 순하다~~ 아시죠? ㅇㅇㅇ포 맨 올인원 플루이드를 써본 후기 올립니다~ ㅇㅇㅇ에서도 이렇게 남성 올인원 제품이 나오다니 올인원 정말 남자들한테 인기가 많긴 한가 봅니다. 보다 피부에 자극이 없는 제품을 원하신다면 당연히 이 ㅇㅇㅇ 올인원입니당~ 순하기만 한 제품이 아니라 사용감이 좋아 미끌거리지도 않고 촉촉하게 잘 흡수가 돼서 수분감 유분감이 적절한 게 좋은 제품이에요. 면도하고 나서도 피부 진정 효과도 있구요, 지친 피부를 편안하게 해주는 제품이라 더욱 좋습니다. ㅇㅇㅇ 포 맨 올인원 플루이드 정말 강추합니다~!!",사용감,사용감이 좋아,1,[속성] 사용감 [문장] 사용감이 좋아,0,사용감,unchanged
validation,train,[속성] 흡수력 [문장] 미끌거리지도 않고,1029903,SNS,남성화장품,OO 포 맨 올인원 플루이드 (본품150ml+30ml 추가 증정) ,"ㅇㅇㅇ! 하면 다들 순하다~~ 아시죠? ㅇㅇㅇ포 맨 올인원 플루이드를 써본 후기 올립니다~ ㅇㅇㅇ에서도 이렇게 남성 올인원 제품이 나오다니 올인원 정말 남자들한테 인기가 많긴 한가 봅니다. 보다 피부에 자극이 없는 제품을 원하신다면 당연히 이 ㅇㅇㅇ 올인원입니당~ 순하기만 한 제품이 아니라 사용감이 좋아 미끌거리지도 않고 촉촉하게 잘 흡수가 돼서 수분감 유분감이 적절한 게 좋은 제품이에요. 면도하고 나서도 피부 진정 효과도 있구요, 지친 피부를 편안하게 해주는 제품이라 더욱 좋습니다. ㅇㅇㅇ 포 맨 올인원 플루이드 정말 강추합니다~!!",흡수력,미끌거리지도 않고,1,[속성] 흡수력 [문장] 미끌거리지도 않고,0,흡수력,unchanged
validation,train,[속성] 흡수력 [문장] 잘 스며드네요,1027327,SNS,남성화장품,OO 엔** 포맨 올인원 에센스 더블 기획 ,안녕하세요~ ㅇㅇㅇ제품에서도 남성 올인원 제품이 있어서 써 봤어요~ ㅇㅇㅇ 제품하면 순하다는 이미지가 있어서 이번에 1+1 행사도 해서 일단 구매해 봤어요~ 에센스라 제형이 많이 묽을 줄 알았는데 여자들이 쓰는 세럼보다는 약간 묵직한? 그런 느낌이라 로션같이 쓰기도 편한 것 같아요. 발랐을 때 제형이 미끌거리지도 않고 기름지지도 않아 가벼워서 잘 스며드네요. 남성분들은 이 흡수를 제일 많이 보는 것 같은데 그런 면에서는 아주 좋습니다. 깔끔한 ㅇㅇㅇ 제품 참 좋네요~ 추천합니다.,흡수력,잘 스며드네요,1,[속성] 흡수력 [문장] 잘 스며드네요,0,흡수력,unchanged
validation,train,[속성] 품질 [문장] 품질이 좋아,711356,쇼핑몰,남성화장품,OO 스** 쉐이브 폼 245g 1개,면도할 때 크림제형이 부드럽게 나와서 좋네요. 그래서 자주 사용하고 있어요. 품질이 좋아 언제나 만족스럽게 사용하고 있고 예전부터 사용하던거라 추후에 사용할때도 이용할꺼예요.,품질,품질이 좋아,1,[속성] 품질 [문장] 품질이 좋아,0,품질,unchanged
validation,train,[속성] 기능/효과 [문장] 거품도 많이 나고,710333,쇼핑몰,남성화장품,OO 이** 포 맨 쉐이빙&클렌징폼 150ml 2개,방수형 전기면도기를 사용할 때 클렌징과 거품용으로 사용하고 있어요. 거품도 많이 나고 면도도 잘 되네요.,기능/효과,거품도 많이 나고,1,[속성] 기능/효과 [문장] 거품도 많이 나고,0,기능/효과,unchanged
validation,train,[속성] 기능/효과 [문장] 면도도 잘 되네요.,710333,쇼핑몰,남성화장품,OO 이** 포 맨 쉐이빙&클렌징폼 150ml 2개,방수형 전기면도기를 사용할 때 클렌징과 거품용으로 사용하고 있어요. 거품도 많이 나고 면도도 잘 되네요.,기능/효과,면도도 잘 되네요.,1,[속성] 기능/효과 [문장] 면도도 잘 되네요.,0,기능/효과,unchanged
validation,train,[속성] 향 [문장] 향기도 좋고,715690,쇼핑몰,남성화장품,OO 아** EDT 125ml,완전 좋습니다. 정말 좋습니다. 향기도 좋고 아들이 엄청 좋아해요. 정말 좋습니다. 향이 좋아서 하루가 즐겁다고 엄청뿌려대고 있어요. 가격이 저렴해 세일 할 때 많이 사놓으려고 두개 구입했어요.,향,향기도 좋고,1,[속성] 향 [문장] 향기도 좋고,0,향,unchanged
validation,train,[속성] 가격 [문장] 가격이 저렴해,715690,쇼핑몰,남성화장품,OO 아** EDT 125ml,완전 좋습니다. 정말 좋습니다. 향기도 좋고 아들이 엄청 좋아해요. 정말 좋습니다. 향이 좋아서 하루가 즐겁다고 엄청뿌려대고 있어요. 가격이 저렴해 세일 할 때 많이 사놓으려고 두개 구입했어요.,가격,가격이 저렴해,1,[속성] 가격 [문장] 가격이 저렴해,0,가격,unchanged
validation,train,[속성] 기능/효과 [문장] 거품이 잘 나고,712087,쇼핑몰,남성화장품,OO 스** 쉐이브 폼 245g 1개,면도가 처음인 아들에게 도움이 되고자 주문했습니다. 거품이 잘 나고 부드럽게 면도가 잘 된다고 해서 구매 만족합니다.,기능/효과,거품이 잘 나고,1,[속성] 기능/효과 [문장] 거품이 잘 나고,0,기능/효과,unchanged
validation,train,[속성] 향 [문장] 향이 너무 좋아요.,1029964,SNS,남성화장품,OO 시** 퍼퓸 50ml (코튼허그),제가 좋으려고 남편한테 선물한 OO 향수입니다^^ 남편이 아니고 제가 좋아하는 향인데 남편한테 뿌리라고 선물해 줬어요. 결국은 저한테 선물한 거나 다름없죠..ㅋㅋ 향이 은은하면서도 자꾸 맡고 싶어지는 향이에요. 향이 너무 좋아요. 지속력도 좋아서 아침에 뿌리면 저녁까지 잔향이 안 사라지고 남아 있어요. 계절에 상관없이 뿌리기 좋은 향이고 누구나 좋아할 만한 향이라서 데일리로 써도 좋을 것 같아요. 가격도 부담이 없으니 굿입니다. 남편은 향수 뿌리기 귀찮아 하는데 제가 아침마다 강요합니다ㅋ 향이 좋은 걸 어떡해요ㅋㅋ,향,향이 너무 좋아요.,1,[속성] 향 [문장] 향이 너무 좋아요.,0,향,unchanged
validation,train,[속성] 향 [문장] 향이 좋습니다.,717023,쇼핑몰,남성화장품,OO 쿨 워터 맨 EDT 125ml,남자 향수지만 향이 좋습니다. 다만 지속력이 짧아서 아쉬운 것 같습니다.,향,향이 좋습니다.,1,[속성] 향 [문장] 향이 좋습니다.,0,향,unchanged
validation,train,[속성] 흡수력 [문장] 끈적임도 없고,1026358,SNS,남성화장품,OO 올인원 스킨 에센스 500ml,"제 선입견을 깨고 꽤 괜찮은 제품으로 밝혀진- OO 올인원 스킨 에센스 사용후기입니다. 저는 사실 잘 모르는 브랜드에다가, 가격도 너무 싸고, 디자인이 너무 취향 밖이라서 구매하고 싶지 않았거든요ㅎㅎ 그런데 남편이 자긴 그냥 싸고 무난한 거면 된다고 해서 마지못해 구매했어요. 막상 사용해 보니 끈적임도 없고 촉촉함이 오래 유지되어서 기대 이상이네요. 탄력이나 미백 같은 효과는 더 써 봐야 알겠지만, 일단 사용감이 좋아서 잘 쓰고 있어요. 겉만 보고 판단하려고 했던 저 자신을 반성해야겠어요ㅎ",흡수력,끈적임도 없고,1,[속성] 흡수력 [문장] 끈적임도 없고,0,흡수력,unchanged
validation,train,[속성] 향 [문장] 향도 시원해서 좋고,1026020,SNS,남성화장품,OO 옴므 아** 로션 애프터 쉐이브,안녕하세요~ 제가 쓰는 ㅇㅇㅇ 로션 애프터 쉐이브를 소개할게요~ 최애 애프터 쉐이브에요. 항상 이것만 계속 애용 중입니다. 향도 시원해서 좋고 배송도 좋아요. 가성비도 아주 만족하고요. 산뜻하고 피부 트러블도 없고 순해서 만족하면서 사용하고 있는 제품이에요. 끈적이지도 않고 촉촉하고요. 바른 후 시원한 느낌도 좋습니다. 후기에 유통기한 임박 상품으로 보내준다는 말들이 많아서 걱정했는데 이번에도 유효기간이 2024년까지라 넉넉해서 만족합니다. 데일리로 굿입니다~~!,향,향도 시원해서 좋고,1,[속성] 향 [문장] 향도 시원해서 좋고,0,향,unchanged
validation,train,[속성] 보습력/수분감 [문장] 촉촉하고요.,1026020,SNS,남성화장품,OO 옴므 아** 로션 애프터 쉐이브,안녕하세요~ 제가 쓰는 ㅇㅇㅇ 로션 애프터 쉐이브를 소개할게요~ 최애 애프터 쉐이브에요. 항상 이것만 계속 애용 중입니다. 향도 시원해서 좋고 배송도 좋아요. 가성비도 아주 만족하고요. 산뜻하고 피부 트러블도 없고 순해서 만족하면서 사용하고 있는 제품이에요. 끈적이지도 않고 촉촉하고요. 바른 후 시원한 느낌도 좋습니다. 후기에 유통기한 임박 상품으로 보내준다는 말들이 많아서 걱정했는데 이번에도 유효기간이 2024년까지라 넉넉해서 만족합니다. 데일리로 굿입니다~~!,보습력/수분감,촉촉하고요.,1,[속성] 보습력/수분감 [문장] 촉촉하고요.,0,보습력/수분감/쿨링감,merged_duplicate_label
validation,train,[속성] 기능/효과 [문장] 피부가 진정되고,710537,쇼핑몰,남성화장품,OO 멘** 애프터쉐이브 레귤러 165ml 2개,첨에 너무 향이 진한거 아닌가 싶었는데 바르고 마르면 피부가 진정되고 저한테 딱 맞는 제품이라 좋았어요,기능/효과,피부가 진정되고,1,[속성] 기능/효과 [문장] 피부가 진정되고,0,기능/효과,unchanged
validation,train,[속성] 자극성 [문장] 순하지 않고,712998,쇼핑몰,남성화장품,OO 질** 쉐이빙폼 175g 1개,이번에 OOO면도기 사면서 쉐이빙 폼도 같이 구매했어요. 기존에 쓰던 OO 보다 순하지 않고 거품도 덜 나는 듯하네요.,자극성,순하지 않고,-1,[속성] 자극성 [문장] 순하지 않고,1,자극성,unchanged
validation,train,[속성] 향 [문장] 향이 맘에 들어서,714786,쇼핑몰,남성화장품,OO 몽** 레전드 EDT 100ml,향이 맘에 들어서 OOO 오랫동안 사용하고 있네요. 애프터 쉐이브밤만 구하기 힘들어 향수도 조금 남아서 세트로 구매했어요. 지속력이 길지는 않아요.,향,향이 맘에 들어서,1,[속성] 향 [문장] 향이 맘에 들어서,0,향,unchanged
validation,train,[속성] 지속력/유지력 [문장] 지속력이 약해요.,716999,쇼핑몰,남성화장품,OO 쿨 워터 맨 EDT 125ml,향이 좀 가볍네요. 여름철 쿨한 기분을 마구들게 하는 향인데 지속력이 약해요.,지속력/유지력,지속력이 약해요.,-1,[속성] 지속력/유지력 [문장] 지속력이 약해요.,1,지속력/유지력,unchanged
validation,train,[속성] 향 [문장] 향이 은은하니,715417,쇼핑몰,남성화장품,OO 몽** 레전드 EDT 100ml,처음으로 주문했어요. 향이 은은하니 튀지 않는 향이라 좋습니다. 다쓰면 재구매 예정이에요. 만족합니다.,향,향이 은은하니,1,[속성] 향 [문장] 향이 은은하니,0,향,unchanged
validation,train,[속성] 지속력/유지력 [문장] 오래간다고 합니다.,717131,쇼핑몰,남성화장품,OO 쿨 워터 맨 EDT 125ml,시아버지께서 좋아하시는 향수라 생신 선물로 보내드렸습니다. 역시 좋아하시네요. 향이 은은하게 오래간다고 합니다.,지속력/유지력,오래간다고 합니다.,1,[속성] 지속력/유지력 [문장] 오래간다고 합니다.,0,지속력/유지력,unchanged
validation,train,[속성] 향 [문장] 향도 은은해서 좋고,1028072,SNS,남성화장품,OO 맨 센** 올인원 로션 125ml ,OOO 제품들은 하나 같이 보습력이 다 좋은 것 같아요ㅎㅎ 여기서 파는 립밤도 보습력이 너무 좋아서 만족했는데 이 로션도 보습력이 상당히 좋아서 추천 드리고 싶었습니다~ 겨울이 되어 피부가 건조하고 따가워서 로션을 발라야 할 것 같아서 구매를 했어요! 가격도 저렴해서 좋았네요! 겨울에 나가기 전에 이 로션 바르고 나가면 정말 하루 종일 촉촉함이 지속이 돼요!! 향도 은은해서 좋고 무엇보다 피부에 트러블이 없어서 좋은 것 같네요~^^ 저는 사용하고 너무 좋아서 저희 아빠한테도 선물로 드렸어요! 가성비 좋은 올인원 로션인 것 같습니다!! 여러모로 품질이 다 좋은 제품이네요!,향,향도 은은해서 좋고,1,[속성] 향 [문장] 향도 은은해서 좋고,0,향,unchanged
validation,train,[속성] 자극성 [문장] 자극적이지 않고,712041,쇼핑몰,남성화장품,OO 스** 쉐이브 폼 245g 1개,자극적이지 않고 시원해서 좋습니다. 반신반의 하면서 산건데 생각보다 너무 잘 사용하고 있습니다.,자극성,자극적이지 않고,1,[속성] 자극성 [문장] 자극적이지 않고,0,자극성,unchanged
validation,train,[속성] 보습력/수분감 [문장] 시원해서 좋습니다.,712041,쇼핑몰,남성화장품,OO 스** 쉐이브 폼 245g 1개,자극적이지 않고 시원해서 좋습니다. 반신반의 하면서 산건데 생각보다 너무 잘 사용하고 있습니다.,보습력/수분감,시원해서 좋습니다.,1,[속성] 보습력/수분감 [문장] 시원해서 좋습니다.,0,보습력/수분감/쿨링감,merged_duplicate_label
validation,train,[속성] 편의성/활용성 [문장] 올인원이라 사용하기 간편하고,1026456,SNS,남성화장품,OO 옴므 올인원 100ml,직장인 분들은 아침마다 출근하려고 정신이 없기에 피부에 투자를 할 시간이 부족합니다. 퇴근을 하고 나서는 또 피곤해서 뭐 바르기도 귀찮구요. 그래도 이제 피부를 관리 해야겠다 생각이 들어서 이 제품을 구매하게 되었습니다. 피부가 민감한 타입이라 잘못 바르게 되면 피부에 많이 트러블이 생겨서 아예 안 바르는 것이 습관이 되었습니다. 그러다 보니 피부가 너무 건조하고 각질이 생겨 관리를 해야겠다고 생각이 들었어요. 이 제품 역시 반신반의 하며 구입을 했는데 지금은 제 최애 로션이 되었습니다. 일단 올인원이라 사용하기 간편하고 보습력도 뛰어난 것 같습니다. 민감성 피부에 잘 맞는 것 같아서 좋아요. 아마 이유는 성분이 순해서 그렇지 않을까 생각해요!! 바쁜 현대 사회에 시간이 부족할 때 다들 어떤 제품으로 피부 관리를 하시나요? 저는 사용하기 간편한 이 제품을 추천 드리고 싶어요 :),편의성/활용성,올인원이라 사용하기 간편하고,1,[속성] 편의성/활용성 [문장] 올인원이라 사용하기 간편하고,0,편의성/활용성,unchanged
validation,train,[속성] 향 [문장] 향이 시원하지 않네요.,712902,쇼핑몰,남성화장품,OO 질** 쉐이빙폼 175g 1개,주말에 신청했는데 월요일에 받았어요. 예전에 몇 번 사용해본 제품인데 오랜만에 구입했어요. 향이 시원하지 않네요. 향이 바뀐 것 같아 실망입니다. 저렴하게 판매하셔서 3개나 구입했는데 주위에 나눠 써야겠어요.,향,향이 시원하지 않네요.,-1,[속성] 향 [문장] 향이 시원하지 않네요.,1,향,unchanged
validation,train,[속성] 향 [문장] 향도 은은해서 좋습니다.,1027968,SNS,남성화장품,OO 스** 쉐이브 폼 245g 1개,저는 이 제품이 생각보다 용량도 많고 피부에 진정 효과도 있어 계속계속 구매해서 잘 사용하고 있습니다. 거품이 풍성하고 탄력도 있어 사용하기 좋고 향도 은은해서 좋습니다. 면도할 때 밀착력도 적당하고 피부에 자극적이지 않고 피부 진정 효과도 있어 좋아요. 이것저것 써봐도 이 제품보다 좋은 건 없는 듯합니다. 사용할 때 충분히 흔들어 쓰시면 전혀 불편함 없이 잘 쓰실 수 있는 제품이라 생각됩니다. 면도 하실 때 이 제품으로 써 보시면 만족하실 듯합니다.,향,향도 은은해서 좋습니다.,1,[속성] 향 [문장] 향도 은은해서 좋습니다.,0,향,unchanged
validation,train,[속성] 자극성 [문장] 피부에 자극적이지 않고,1027968,SNS,남성화장품,OO 스** 쉐이브 폼 245g 1개,저는 이 제품이 생각보다 용량도 많고 피부에 진정 효과도 있어 계속계속 구매해서 잘 사용하고 있습니다. 거품이 풍성하고 탄력도 있어 사용하기 좋고 향도 은은해서 좋습니다. 면도할 때 밀착력도 적당하고 피부에 자극적이지 않고 피부 진정 효과도 있어 좋아요. 이것저것 써봐도 이 제품보다 좋은 건 없는 듯합니다. 사용할 때 충분히 흔들어 쓰시면 전혀 불편함 없이 잘 쓰실 수 있는 제품이라 생각됩니다. 면도 하실 때 이 제품으로 써 보시면 만족하실 듯합니다.,자극성,피부에 자극적이지 않고,1,[속성] 자극성 [문장] 피부에 자극적이지 않고,0,자극성,unchanged
validation,train,[속성] 자극성 [문장] 자극도 덜하고,1027181,SNS,남성화장품,OO 맨 딥 쉐이빙폼 200ml 1개,아들이 쓰고 있는 제품이라 집에 있길래 저도 써봤는데요. 무난하게 쓸만한 제품입니다. 거품이 예상보다 적어서 여러번 짜야하네요. 저는 턱이랑 코에 쉐이빙 하려구 두번 정도 짰는데 금방 사라졌습니다. 그래서 한 두번 정도는 더 짜서 써야하기 때문에 생각보다 한통을 빨리 쓰게 됩니다.확실히 쓰니까 젤 타입보다 촉촉해서 괜찮았다. 자극도 덜하고 근데 몇번 썼을 때 트러블이 올라 오긴 했음. 이건 내가 쉐이빙을 잘 못 한걸 수 도 있지만 10번에 2번 꼴로 나는 거 같습니다. 여러번 사용하고 실험해 보면서 계속 쓸지 말지 결정할려고 합니다. 참고하세요.,자극성,자극도 덜하고,1,[속성] 자극성 [문장] 자극도 덜하고,0,자극성,unchanged
validation,train,[속성] 흡수력 [문장] 피부에 흡수가 잘 되어,1026206,SNS,남성화장품,OO 마** 남자 올인원 ,"저는 지성, 트러블 피부라 화장품에 좀 예민한 편인데요. 아직도 제 피부에 마땅한 제품을 잘 못 찾겠더라고요. 그 중 OO OOO 올인원이 상품평이 좋아 구매했습니다. 면도 후 꾸준히 스킨 로션을 발라야하는데 저는 사실 귀찮기도 하고 따끔거리기도 해서 잘 못 바르겠덜고요. 그런데 이 화장품은 스킨,로션, 에센스도 한번에 해결해주고 따끔거림이 싹 사라졌어요. 말기름 마유 성분으로 만들어서 그런지 흡수가 더 잘 되는 거 같아요. 마유 성분이 식물성 불포화 지방산이 풍부하고 단백질과 수분이 적당히 있어 피부에 흡수가 잘 되어 미용 제품으로 많이 쓰인다고 하더라고요. 그래서 그런지 끈적거리지도 않고 번들거리지도 않아요. 주름을 개선하는 효과도 가지고 있다고 해서 제 주름을 쫙쫙 잘 펴주리라 기대를 가지고 있습니다. 건조한 날씨에 피부 트러블도 생기고 면도로 더 악화되는 피부에 딱 좋은 화장품인 것 같아요. 마유크림 여자들만 쓰는 줄 알았는데, OOO 올인원도 있었네요. 넘 좋습니다.",흡수력,피부에 흡수가 잘 되어,1,[속성] 흡수력 [문장] 피부에 흡수가 잘 되어,0,흡수력,unchanged
validation,train,[속성] 가격 [문장] 저렴하게 잘 샀습니다.,1029712,SNS,남성화장품,OO 아** EDT 75ml,"아빠 생신 선물로 구매한 남성향수 후기입니다~ OO 향수가 남자 향수로 무난하기도 하고 향이 아빠랑 잘 어울린다고 생각해서 이번 생신 선물로 준비했습니다. 화이트와 블랙 중에 고민했는데, 블랙이 선물용으로는 가격도 너무 저렴하지 않아서 괜찮고 향이 더 묵직해서 지금 계절에도 어울리는 것 같았어요. 지속력도 조금 더 좋은 것 같고요. 엄마랑 같이 시향해 보고 골랐으니까 아빠도 좋아하실 것 같아요. 인터넷으로 주문해서 선물 포장은 못 받았지만 대신 더 저렴하게 잘 샀습니다. 주말에 같이 식사도 하고 짠~ 하고 선물 드릴 건데 좋아하시겠죠? ^^",가격,저렴하게 잘 샀습니다.,1,[속성] 가격 [문장] 저렴하게 잘 샀습니다.,0,가격,unchanged
validation,train,[속성] 향 [문장] 향도 독하지 않고,1026354,SNS,남성화장품,OO 더** 남성 기초 2종 세트,"예전에 몇 번 써 본 경험이 있어서 믿고 주문한 OO OOO 2종 세트 사용후기입니다. 전에 쓰던 게 다 떨어져서 빨리 배송이 왔으면 했는데, 주문 다음날 밤에 배송이 와서 너무 다행이었어요ㅎㅎ 유통기한은 무려 3년이 남아서 엄청 넉넉하네요. 향도 독하지 않고 흡수도 잘 돼서 좋은 기억으로 남아 있던 제품이었어요. 다시 사용해 봐도 역시 그런 것 같아요. 사계절 무난하게 아침저녁으로 쓰기 좋은 제품입니다. 한 가지만 계속 쓰면 질려 하는 성격이지만 이 제품은 다시 써도 좋은 걸 보니 좋은 제품 맞는 것 같아요ㅎ",향,향도 독하지 않고,0,[속성] 향 [문장] 향도 독하지 않고,2,향,unchanged
validation,train,[속성] 흡수력 [문장] 흡수도 잘 돼서,1026354,SNS,남성화장품,OO 더** 남성 기초 2종 세트,"예전에 몇 번 써 본 경험이 있어서 믿고 주문한 OO OOO 2종 세트 사용후기입니다. 전에 쓰던 게 다 떨어져서 빨리 배송이 왔으면 했는데, 주문 다음날 밤에 배송이 와서 너무 다행이었어요ㅎㅎ 유통기한은 무려 3년이 남아서 엄청 넉넉하네요. 향도 독하지 않고 흡수도 잘 돼서 좋은 기억으로 남아 있던 제품이었어요. 다시 사용해 봐도 역시 그런 것 같아요. 사계절 무난하게 아침저녁으로 쓰기 좋은 제품입니다. 한 가지만 계속 쓰면 질려 하는 성격이지만 이 제품은 다시 써도 좋은 걸 보니 좋은 제품 맞는 것 같아요ㅎ",흡수력,흡수도 잘 돼서,1,[속성] 흡수력 [문장] 흡수도 잘 돼서,0,흡수력,unchanged
validation,train,[속성] 지속력/유지력 [문장] 지속력도 없는 것 같아요.,716132,쇼핑몰,남성화장품,OO 아** EDT 125ml,배송도 엄청 느렸고 제품 포장도 잘 안되어서 왔습니다. 향은 너무 강해서 아쉽습니다. 지속력도 없는 것 같아요.,지속력/유지력,지속력도 없는 것 같아요.,-1,[속성] 지속력/유지력 [문장] 지속력도 없는 것 같아요.,1,지속력/유지력,unchanged
validation,train,[속성] 가격 [문장] 가격도 저렴한 편에 속하고,1023719,SNS,남성화장품,OO 맨 우** EDP 60ml,안녕하세요~^^ 오늘 소개 해드리고 싶은 제품은 남성 향수 브랜드로 유명한 OOO 제품입니다!! 그 중에서도 탑5 안에 드는 향수 리뷰 시작하도록 할게요 :) 결혼식을 갈 일이 생겨 어떤 향수를 살 지 고민이 많았는데 인터넷 검색을 하다가 이 제품이 후기가 많아서 구매를 하게 되었어요~!! 가격도 저렴한 편에 속하고 배송도 엄청 빠르게 와서 결혼식 때 뿌리고 갈 수 있었습니다~ 일단 이 향수는 섹시한 향이 강점인 것 같아요~ 이 향수 뿌리고 결혼식 가서 친구들을 만났는데 향이 너무 좋다며 킁킁 거렸습니다 ㅋㅋㅋㅋㅋ 살면서 이런 경험은 또 처음이네요~!! 모두 이 제품 써보세요~!! 저는 너무 좋아서 계속 뿌리고 나갈 것 같아요!! 벌써 장바구니에 3개나 주문을 넣어 놨습니다 ^^,가격,가격도 저렴한 편에 속하고,1,[속성] 가격 [문장] 가격도 저렴한 편에 속하고,0,가격,unchanged
validation,train,[속성] 가격 [문장] 저렴한 가격에 구입했어요.,712816,쇼핑몰,남성화장품,OO 맨 쿨** 쉐이빙젤 200ml 1개,저렴한 가격에 구입했어요. 기존에 사용제품보다 거품이 좀 덜한 듯하고 양도 많지 않아 금방 사용할 것 같네요.,가격,저렴한 가격에 구입했어요.,1,[속성] 가격 [문장] 저렴한 가격에 구입했어요.,0,가격,unchanged
validation,train,[속성] 향 [문장] 향은 은은해서 좋아요.,710523,쇼핑몰,남성화장품,OO 맨 프** 애프터 쉐이브 로션 100ml 1개,쓰던 로션 대신 이번에는 이걸로 구매해 봤어요. 향은 은은해서 좋아요. 후레쉬하고 살짝 쿨한 향이라 누구든 좋아할 거 같아요. 특히 강한 향 싫어하시는 분들은 더 좋아하실 것 같아요.,향,향은 은은해서 좋아요.,1,[속성] 향 [문장] 향은 은은해서 좋아요.,0,향,unchanged
validation,train,[속성] 가격 [문장] 가격도 비싸고,712555,쇼핑몰,남성화장품,OO 하** 모이스처라이징 쉐이브폼 250g 1개,가격도 비싸고 다른 면도 크림에 비교해 거품도 많이 나오지 않는 것 같습니다. 품질이 안 좋네요.,가격,가격도 비싸고,-1,[속성] 가격 [문장] 가격도 비싸고,1,가격,unchanged
validation,train,[속성] 품질 [문장] 품질이 안 좋네요.,712555,쇼핑몰,남성화장품,OO 하** 모이스처라이징 쉐이브폼 250g 1개,가격도 비싸고 다른 면도 크림에 비교해 거품도 많이 나오지 않는 것 같습니다. 품질이 안 좋네요.,품질,품질이 안 좋네요.,-1,[속성] 품질 [문장] 품질이 안 좋네요.,1,품질,unchanged
validation,train,[속성] 가격 [문장] 저렴하게 샀어요.,715957,쇼핑몰,남성화장품,OO 아** EDT 125ml,쓰던 거 보다 저렴하게 샀어요. 사계절 쓰기 무난한 향이네요. 향 지속성은 약해요.,가격,저렴하게 샀어요.,1,[속성] 가격 [문장] 저렴하게 샀어요.,0,가격,unchanged
validation,train,[속성] 용량/개수 [문장] 양 많고,717075,쇼핑몰,남성화장품,OO 쿨 워터 맨 EDT 125ml,가격 정말 착하고 양 많고 향 좋고 지속력도 괜찮습니다. 추천 드리는 제품입니다.,용량/개수,양 많고,1,[속성] 용량/개수 [문장] 양 많고,0,용량,merged_duplicate_label
validation,train,[속성] 향 [문장] 향 좋고,717075,쇼핑몰,남성화장품,OO 쿨 워터 맨 EDT 125ml,가격 정말 착하고 양 많고 향 좋고 지속력도 괜찮습니다. 추천 드리는 제품입니다.,향,향 좋고,1,[속성] 향 [문장] 향 좋고,0,향,unchanged
validation,train,[속성] 지속력/유지력 [문장] 지속력도 괜찮습니다.,717075,쇼핑몰,남성화장품,OO 쿨 워터 맨 EDT 125ml,가격 정말 착하고 양 많고 향 좋고 지속력도 괜찮습니다. 추천 드리는 제품입니다.,지속력/유지력,지속력도 괜찮습니다.,1,[속성] 지속력/유지력 [문장] 지속력도 괜찮습니다.,0,지속력/유지력,unchanged
validation,train,[속성] 보습력/수분감 [문장] 촉촉해서 좋습니다.,712302,쇼핑몰,남성화장품,OO 질** 스킨 쉐이브 크림 177ml 1개,촉촉해서 좋습니다. 아들도 쓰고 있어요. 가격이 좋아서 더 만족스럽습니다. 계속 좋은 가격 부탁 드려요. 향이 진하지 않아서 좋습니다. 계속해서 쓰고 싶고 재구매 의사 있어요. 큰 용량도 있으면 좋겠습니다.,보습력/수분감,촉촉해서 좋습니다.,1,[속성] 보습력/수분감 [문장] 촉촉해서 좋습니다.,0,보습력/수분감/쿨링감,merged_duplicate_label
validation,train,[속성] 향 [문장] 향이 진하지 않아서 좋습니다.,712302,쇼핑몰,남성화장품,OO 질** 스킨 쉐이브 크림 177ml 1개,촉촉해서 좋습니다. 아들도 쓰고 있어요. 가격이 좋아서 더 만족스럽습니다. 계속 좋은 가격 부탁 드려요. 향이 진하지 않아서 좋습니다. 계속해서 쓰고 싶고 재구매 의사 있어요. 큰 용량도 있으면 좋겠습니다.,향,향이 진하지 않아서 좋습니다.,1,[속성] 향 [문장] 향이 진하지 않아서 좋습니다.,0,향,unchanged
validation,train,[속성] 향 [문장] 부담스럽지 않은 향입니다.,1026399,SNS,남성화장품,OO 블** 옴므 EDT 100ml,남자친구 생일선물로 사줬는데 좋아합니다. 남자 향수는 잘 몰라서 직접 가서 사려구 백화점 갔는데 OOO에서 향수 테스트지 주더라구요. 혹시 하고 맡아봤는데 남자친구가 딱 좋아 할 것 같은 향이 나서 바로 구매했습니다. 일단 향은 처음에는 생강 같은 그런 향이 나면서 시원한 느낌을 줍니다. 잔향은 은은한 우드향이나며 부담스럽지 않은 향입니다. 향에 민감하신 분들도 좋아하실거예요. 남자친구한테 선물해주니까 남자친구도 아는 제품이더라고요. 유명한 향수인가봐요. 역시 OOO 이네요! 선물 고민이시다면 무난한 OOO 향수 어떠세요~?,향,부담스럽지 않은 향입니다.,1,[속성] 향 [문장] 부담스럽지 않은 향입니다.,0,향,unchanged
validation,train,[속성] 향 [문장] 향이 강하지 않아서 좋고,714872,쇼핑몰,남성화장품,OO 몽** 레전드 EDT 100ml,오빠에게 선물하려고 구매했는데 맘에 들어합니다. 향이 강하지 않아서 좋고 세련된 향기라고 좋아하고 만족해 합니다.,향,향이 강하지 않아서 좋고,1,[속성] 향 [문장] 향이 강하지 않아서 좋고,0,향,unchanged
validation,train,[속성] 가격 [문장] 저렴한 가격에 잘 구입했습니다.,713404,쇼핑몰,남성화장품,OO 질** 쉐이빙폼 175g 1개,쓰던 면도젤이 다 떨어져서 면도젤 사려고 검색하다가 마침 저렴한 가격에 잘 구입했습니다. 그전 제품들의 문제점인 쓰고 나서 용기에서 내용물이 조금씩 나오는 것을 개선한 제품이라 좋은 거 같아요. 면도도 잘 되고 폼이 부드럽고 좋아요.,가격,저렴한 가격에 잘 구입했습니다.,1,[속성] 가격 [문장] 저렴한 가격에 잘 구입했습니다.,0,가격,unchanged
validation,train,[속성] 가격 [문장] 가격도 저렴하면서,710916,쇼핑몰,남성화장품,OO 멘** 애프터쉐이브 레귤러 165ml 2개,가격도 저렴하면서 피부에는 끈적이지 않는 게 정말 좋습니다. 유효기간도 넉넉합니다.,가격,가격도 저렴하면서,1,[속성] 가격 [문장] 가격도 저렴하면서,0,가격,unchanged
validation,train,[속성] 보습력/수분감 [문장] 보습도 잘 되는 것 같고,1027960,SNS,남성화장품,OO 아** 맨 올인원 120ml 1개,화장품 구입하려고 찾고 있는데 와이프가 OO 제품 좋아서 다른 거 안 쓴다고 OO 올인원으로 구입해 보라고 해서 주문했네요. 며칠 발라보니까 기존에 사용한 제품보다 사용감도 좋고 보습도 잘 되는 것 같고 피부도 부드러워지는 것 같았어요. 가격은 저렴하지 않은 듯하지만 요즘 계절에 쓰기 좋은 제품인 것 같아 열심히 잘 바르고 있어요. 그러고 보니 화장대에 OO 제품이 좀 많이 보이네요. 저도 OO 올인원 제품으로 또 구매할 것 같아요.,보습력/수분감,보습도 잘 되는 것 같고,1,[속성] 보습력/수분감 [문장] 보습도 잘 되는 것 같고,0,보습력/수분감/쿨링감,merged_duplicate_label
validation,train,[속성] 보습력/수분감 [문장] 보습력도 뛰어나서,1025950,SNS,남성화장품,OO 옴므 올인원 100ml,이제는 남성분들도 가꾸는 시대가 왔기에 많은 분들이 선물로 화장품을 주고는 합니다. 저 역시 화장품 선물 받는 것이 더 좋은 것 같아요!! 제 돈 주고 화장품 안 사도 되니까요~ 일단 이 제품 어떤지 한 번 같이 알아볼까요? 최근에 피부에 관심이 많은 친구 선물을 무엇을 줄까 하다가 환절기도 왔고 피부가 건조한 것 같아서 이거 바르고 관리 하라고 선물을 해줬습니다~ 선물을 해 준 김에 저도 사용을 직접 해 봤어요~ 배송도 빨랐고 포장도 잘 되어 왔습니다. 사용은 이주 정도 했는데 피부에 자극이 적은 것 같네요^^ 그리고 보습력도 뛰어나서 피부가 촉촉한 것 같습니다~!! 저는 이 점이 가장 좋은 것 같습니다 ㅎㅎ 선물 받은 친구도 너무 고맙고 잘 쓰고 있다고 연락이 와서 뿌듯합니다. 남자에게 선물할 때 이제는 화장품도 괜찮습니다~ 이 제품 선물하기도 딱 좋고 직접 사서 쓰셔도 좋은 제품이니 추천하고 싶습니다~,보습력/수분감,보습력도 뛰어나서,1,[속성] 보습력/수분감 [문장] 보습력도 뛰어나서,0,보습력/수분감/쿨링감,merged_duplicate_label
validation,train,[속성] 보습력/수분감 [문장] 촉촉해서,1028012,SNS,남성화장품,OO 맨 스킨&로션 세트,주변 친구들이 이 제품 쓰는 걸 보고 저도 따라 샀습니다. 지금 한달정도 쓰고 있는데 스킨 양이 조금 적어요. 로션을 많이 쓰는 것도 아니고 로션이랑 스킨 비율 비슷하게 쓰는데 로션이 많이 남았습니다. 그래서 그런지 유통기한도 좀 짧은 거 같아요. 괜히 유통기한 짧으면 찝찝하잖아요. 이 제품만 그런거면 어쩔 수 없지만...ㅎ 그래도 바르면 촉촉해서 겨울철 피부 관리에도 딱인 거 같아요. 한번 더 구매해보고 유통기한이 원래 짧은건지 아닌건지 확인을 좀 해봐야겠습니다.,보습력/수분감,촉촉해서,1,[속성] 보습력/수분감 [문장] 촉촉해서,0,보습력/수분감/쿨링감,merged_duplicate_label
validation,train,[속성] 향 [문장] 향이 좋아서 마음에 듭니다.,716588,쇼핑몰,남성화장품,OO 아** EDT 125ml,남편이 선물 받아서 썼는데 다 썼다고 다시 사 달라고 해서 주문했습니다. 향이 좋아서 마음에 듭니다. 용량만 더 커지면 좋겠어요.,향,향이 좋아서 마음에 듭니다.,1,[속성] 향 [문장] 향이 좋아서 마음에 듭니다.,0,향,unchanged
validation,train,[속성] 용량/개수 [문장] 용량만 더 커지면 좋겠어요.,716588,쇼핑몰,남성화장품,OO 아** EDT 125ml,남편이 선물 받아서 썼는데 다 썼다고 다시 사 달라고 해서 주문했습니다. 향이 좋아서 마음에 듭니다. 용량만 더 커지면 좋겠어요.,용량/개수,용량만 더 커지면 좋겠어요.,-1,[속성] 용량/개수 [문장] 용량만 더 커지면 좋겠어요.,1,용량,merged_duplicate_label
validation,train,[속성] 보습력/수분감 [문장] 보습이 좋아,1026071,SNS,남성화장품,OO 포 맨 콜** 올인원 ,안녕하세요~ 콜라겐이 함유된 올인원 제품 소개할게요~ 올인원이라 출근 준비하느라 바쁜 아침에 이거 하나로 해결해서 좋아요. 향이 거의 없어서 좋고요. 보습이 좋아 건조한 피부에도 잘 맞네요. 양이 많아서 얼굴하고 목에 듬뿍 바르고 있는데 너무 커서 얼핏 보면 샴푸인 줄 알 수도 있겠어요. 쓴 지 1년도 넘은 것 같네요. 펌핑 시 배출량이 많아서 이점은 조심하세요. 지속력이 오후까지 오래가서 너무 좋은 제품입니다. 이 제품으로 쭉 애용할 것 같아요~,보습력/수분감,보습이 좋아,1,[속성] 보습력/수분감 [문장] 보습이 좋아,0,보습력/수분감/쿨링감,merged_duplicate_label
validation,train,[속성] 가격 [문장] 저렴하게 구매했어요.,711228,쇼핑몰,남성화장품,OO 스** 쉐이브 폼 245g 1개,폼 형태가 좋아서 자주 구매하는데 이벤트 기간이라 저렴하게 구매했어요.,가격,저렴하게 구매했어요.,1,[속성] 가격 [문장] 저렴하게 구매했어요.,0,가격,unchanged
validation,train,[속성] 발림성 [문장] 발림성도 좋고요.,1023544,SNS,남성화장품,OO 바** 솔리드퍼퓸 맨 ,"바르는 남자 향수가 있다고 해서 한번 구매해봤습니다. 느낌이 어떤지 궁금하시죠? 일단 블랙패키징이 너무 마음에 들었습니다. 제가 블랙을 너무 좋아해서요. 뿌리는 향수는 양조절도 안되고 독하다는 느낌이 강한데, 바르는 향수는 조금씩 나오고 양조절도 가능해서 간편한 부분이 마음에 들었어요. 저는 몰랐지만 OO 제품은 향기 맛집이라고도 불릴만큼 유명하더라고요. 메이커의 인기의 힘이 향을 바르자마자 느껴졌습니다. 향은 사뿐한 느낌으로 분위기 있고 멋있는 남자의 느낌이 듭니다. 풋풋하고 싱그러운 느낌의 향이 조화롭다고 해야 할까요. 손목에 바르면 움직일 때마다 나는 향이 좋고 귀 뒤쪽에 바르면 머리를 넘길때마다 스치는 향이 납니다. 발림성도 좋고요. 생각보다 오래 지속되는 것도 마음에 들었습니다. 게다가 작은 크기가 휴대하기 편해서, 여행갈 때나 장시간 밖에 머무를 때 좋았습니다. 남성향수지만 중성적인 은은한 향을 좋아하시면 여성분들에게도 추천드립니다. 바르는 향수 나름 매력있네요. 한번 사용해보세요",발림성,발림성도 좋고요.,1,[속성] 발림성 [문장] 발림성도 좋고요.,0,발림성,unchanged
validation,train,[속성] 향 [문장] 향이 괜찮아요.,712284,쇼핑몰,남성화장품,OO 질** 스킨 쉐이브 크림 177ml 1개,쉐이빙 폼 캔으로 하면 잘 안 나오고 가스만 새는 현상이 발생해서 이번에는 용기를 짜서 쓰는 상품으로 바꿨는데 흔들어 쓰는 수고로움이 덜 해서 좋습니다. 향이 괜찮아요. 거품도 괜찮게 납니다,향,향이 괜찮아요.,1,[속성] 향 [문장] 향이 괜찮아요.,0,향,unchanged
validation,train,[속성] 가격 [문장] 저렴하게 잘 구매 했어요.,716685,쇼핑몰,남성화장품,OO 쿨 워터 맨 EDT 125ml,OO쇼핑 행사 기간에 저렴하게 잘 구매 했어요. 향도 은은해서 좋습니다. 재구매 의사 있어요.,가격,저렴하게 잘 구매 했어요.,1,[속성] 가격 [문장] 저렴하게 잘 구매 했어요.,0,가격,unchanged
validation,train,[속성] 발림성 [문장] 발림성도 좋지 않고,713901,쇼핑몰,남성화장품,OO 질** 쉐이빙젤 195g 1개,전기 면도기에 사용하려고 구매해서 써 봤는데 발림성도 좋지 않고 가격만 비쌉니다.,발림성,발림성도 좋지 않고,-1,[속성] 발림성 [문장] 발림성도 좋지 않고,1,발림성,unchanged
validation,train,[속성] 가격 [문장] 가격만 비쌉니다.,713901,쇼핑몰,남성화장품,OO 질** 쉐이빙젤 195g 1개,전기 면도기에 사용하려고 구매해서 써 봤는데 발림성도 좋지 않고 가격만 비쌉니다.,가격,가격만 비쌉니다.,-1,[속성] 가격 [문장] 가격만 비쌉니다.,1,가격,unchanged
validation,train,[속성] 향 [문장] 향도 은은하고 좋아요.,710483,쇼핑몰,남성화장품,OO 맨 프** 애프터 쉐이브 로션 100ml 1개,ooo 스킨을 주문 한다는 게 실수로 로션을 주문했습니다. 로션은 처음 써보게 되었는데 겨울에는 스킨보다 로션이 사용하기 좋은 것 같네요. 향도 은은하고 좋아요.,향,향도 은은하고 좋아요.,1,[속성] 향 [문장] 향도 은은하고 좋아요.,0,향,unchanged
validation,train,[속성] 가격 [문장] 가격이 싸고,1026824,SNS,남성화장품,OO 코** 옴므 스킨 140ml,저희 집에 하도 친구들이 많이 와서 양 많은 제품을 찾다가 구입했습니다! 친구들이 오면 항상 제 화장품을 쓰거든요 ㅎㅎ 일단 용기 입구도 작아서 제형이 와르르 쏟아질 걱정이 없어요. 양도 생각보다 많아서 오래 쓰더라고요. 사실 제 입장에서는 가격이 싸고 용량이 많으면 좋아서 ㅋㅋ 친구들도 한번씩 써보더니 좋다면서 구매했다고 하네요! 유통기한도 길어서 오래 쓸 수 있지만 전 그 전에 다 씁니다 ㅎㅎ 스킨도 좋아서 로션도 구매해보려고요! 향에 예민한 여자친구도 싫어하지도 않고 저도 나쁘지 않아서 계속 구매하고 있습니다. 대용량 제품 찾으신다면 이 제품 어떠신가요? 나쁘지 않아요!! OO 스킨 추천해요~~ 저는 또 구매하러 가볼게요~,가격,가격이 싸고,1,[속성] 가격 [문장] 가격이 싸고,0,가격,unchanged
validation,train,[속성] 향 [문장] 향이 가볍지 않고,714761,쇼핑몰,남성화장품,OO 몽** 레전드 EDT 100ml,향이 가볍지 않고 중후한 느낌이라 저에겐 어울리지 않는 향이네요. 향 지속력도 짧은 편이네요.,향,향이 가볍지 않고,-1,[속성] 향 [문장] 향이 가볍지 않고,1,향,unchanged
validation,train,[속성] 보습력/수분감 [문장] 시원하고,713490,쇼핑몰,남성화장품,OO 질** 쉐이빙폼 175g 1개,면도 크림 계속 안 쓰다가 오랜만에 쓰니 역시 시원하고 면도도 더 잘 됩니다.,보습력/수분감,시원하고,1,[속성] 보습력/수분감 [문장] 시원하고,0,보습력/수분감/쿨링감,merged_duplicate_label
validation,train,[속성] 향 [문장] 향도 정말 좋고,1026388,SNS,남성화장품,OO 남성 기초 블** (스킨+에멀젼 3세트 + 올인원워시 2개),"남성 기초 제품 혹시 찾으신가요??! 직접 사용해본 후기 작성입니다! 주목해주세요. 남편이 예전부터 꾸준히 쓰고 있었는데 요번에도 구매해 달라고 해서 온갖 할인 쿠폰 사용해서 저렴하게 샀습니다. 어쩌다 저희 아들이 한번 쓰고 그 뒤로 계속 OOO 제품을 찾네요. 그래서 하나 더 주문했습니다. 저렴한 가격으로 이 정도의 기초 제품이면 정말 훌륭하다고 생각합니다. 일단 향도 정말 좋고 여러가지 식물 성분이 들어가 있어서 안심하고 쓸 수 있습니다. 게다가 보습, 주름 활력 등 한번에 케어해주니 이만한게 없네요. 앞으로도 꾸준히 쓸 거 같아서 할인 행사하면 많이 쟁겨둘거예요. 남편 화장품으로 선물하기도 좋으니 참고하세요.",향,향도 정말 좋고,1,[속성] 향 [문장] 향도 정말 좋고,0,향,unchanged
validation,train,[속성] 제형 [문장] 제형도 끈적이지 않고,1025874,SNS,남성화장품,OO 맨 올** 올인원 120ml,상품 리뷰 보고 올인원 후기 좋다고 하길래 저도 구매해봤어요. 솔직한 리뷰하겠습니다. 배송도 빠르고 포장도 꼼꼼하게 와서 기분이 좋았어요. 뜯고 보니 올인원으로 구매했는데 같은 브랜드 앰플 사은품으로 들어있어서 만족했어요. 제형도 끈적이지 않고 가볍게 흡수됩니다. 사용후에 끈적이지도 않고 뜨는 느낌도 없습니다. 사용감은 괜찮아서 만족해요. 근데 날씨가 쌀쌀해지니깐 건조한 느낌도 들더라구요. 한번 더 겹쳐 발라야겠네요 ㅋㅋ 이상 저의 솔직한 리뷰였습니다,제형,제형도 끈적이지 않고,1,[속성] 제형 [문장] 제형도 끈적이지 않고,0,제형,unchanged
validation,train,[속성] 가격 [문장] 가격도 적당하고,1027952,SNS,남성화장품,OO 몽** 레전드 EDT 100ml,친한 친구 아들 대학 입학 선물로 준비했어요. 내일 모임에서 전달하려고 주문했는데 포장도 맘에 들고 종이가방까지 깔끔해서 좋네요. (만족ㅎ) 선물하기에 가격도 적당하고 향도 고급스러워서 저도 좋아하는 향수예요. 아침에 바르고 나가면 저녁까지 향 지속도 되고 가격 대비 용량도 많은 제품인 것 같고 사계절 사용하기에도 향이 괜찮은 듯해요. 내일 친구가 깜짝 놀랄 것 같아 즐겁네요. 주는 사람도 받는 사람도 만족하는 향수라 선물하기 좋을 듯해서 추천합니다.,가격,가격도 적당하고,1,[속성] 가격 [문장] 가격도 적당하고,0,가격,unchanged
validation,train,[속성] 가격 [문장] 가성비 좋고,711959,쇼핑몰,남성화장품,OO 스** 쉐이브 폼 245g 1개,매번 재구매하여 사용하는 제품입니다. 가성비 좋고 성능 괜찮습니다.,가격,가성비 좋고,1,[속성] 가격 [문장] 가성비 좋고,0,가격,unchanged
validation,train,[속성] 기능/효과 [문장] 여름에 사용하기 좋고,716723,쇼핑몰,남성화장품,OO 쿨 워터 맨 EDT 125ml,빠른 배송에 항상 감사드려요. 여름에 사용하기 좋고 가성비 좋은 향수네요.,기능/효과,여름에 사용하기 좋고,1,[속성] 기능/효과 [문장] 여름에 사용하기 좋고,0,기능/효과,unchanged
validation,train,[속성] 가격 [문장] 가성비 좋은 향수네요.,716723,쇼핑몰,남성화장품,OO 쿨 워터 맨 EDT 125ml,빠른 배송에 항상 감사드려요. 여름에 사용하기 좋고 가성비 좋은 향수네요.,가격,가성비 좋은 향수네요.,1,[속성] 가격 [문장] 가성비 좋은 향수네요.,0,가격,unchanged
validation,train,[속성] 보습력/수분감 [문장] 피부가 시원하고,1026531,SNS,남성화장품,OO 애프터쉐이브 스킨 200ml,오우 오우 대박인 상품 가져왔습니다 ㅎㅎㅎ 이거 나온지 꽤 오래 됐다고 하는데 저는 이제야 알게 된 대박 상품입니다 ㅎㅎㅎ 저 이제 이거만 쓰고 있잖아요 ㅋㅋㅋㅋㅋ 후기 알려 드릴게요~ 최근에 친구한테 선물 받아서 사용을 시작하게 된 남자 스킨이에요! 아 이거 처음 발랐을 때는 향이 너무 강하고 알코올 느낌이 강해서 아잇.. 뭔 이런 아저씨 스킨을 줬어.. 했는데 바르면 바를수록 상남자가 되는 듯한 기분이 들어서 좋네요!! 피부가 시원하고 이거 바르고 나면 피부가 끈적이지 않아서 좋아요!! 무엇보다 향이 강렬해서 운동 끝나고 샤워 하고 이거 바르면 이게 남자구나!!! 내가 살아있음을 느끼게 되네요 ㅋㅋㅋㅋㅋㅋ 진짜 상남자 스킨이에요!! 처음 쓰시는 분들은 적응 기간이 필요할 것 같은데 적응 하시면 와우... 진정한 상남자로 변신 하실 수 있습니다,보습력/수분감,피부가 시원하고,1,[속성] 보습력/수분감 [문장] 피부가 시원하고,0,보습력/수분감/쿨링감,merged_duplicate_label
validation,train,[속성] 자극성 [문장] 피부에 자극적이고,710866,쇼핑몰,남성화장품,OO 멘** 애프터쉐이브 레귤러 165ml 2개,면도하고 바르면 피부에 자극적이고 향도 많이 강해서 부담스러워요.,자극성,피부에 자극적이고,-1,[속성] 자극성 [문장] 피부에 자극적이고,1,자극성,unchanged
validation,train,[속성] 발림성 [문장] 부드럽게 잘 발라지고,1027986,SNS,남성화장품,OO 옴므 에센스 인 스킨 125ml,OO 제품은 처음 구입했어요. OO OOO 스킨 125m로 구입했는데 향이 강하지 않고 은은하니 좋았어요. 택배 포장도 잘해서 보내 주셨어요. 처음 발랐는데 부드럽게 잘 발라지고 피부에 흡수도 잘 되고 촉촉한 느낌이 나네요. 피부에 순해서 자극도 전혀 없었어요. 가격도 적당한 거 같네요. 로션은 기존에 쓰던 제품 남아서 쓰고 있는데 같은 브랜드 제품으로 쓰는 게 좋을 거 같아요. 사은품으로 주신 제품도 여행 갈 때 잘 쓸 수 있을 것 같아 마음에 드네요.,발림성,부드럽게 잘 발라지고,1,[속성] 발림성 [문장] 부드럽게 잘 발라지고,0,발림성,unchanged
validation,train,[속성] 흡수력 [문장] 피부에 흡수도 잘 되고,1027986,SNS,남성화장품,OO 옴므 에센스 인 스킨 125ml,OO 제품은 처음 구입했어요. OO OOO 스킨 125m로 구입했는데 향이 강하지 않고 은은하니 좋았어요. 택배 포장도 잘해서 보내 주셨어요. 처음 발랐는데 부드럽게 잘 발라지고 피부에 흡수도 잘 되고 촉촉한 느낌이 나네요. 피부에 순해서 자극도 전혀 없었어요. 가격도 적당한 거 같네요. 로션은 기존에 쓰던 제품 남아서 쓰고 있는데 같은 브랜드 제품으로 쓰는 게 좋을 거 같아요. 사은품으로 주신 제품도 여행 갈 때 잘 쓸 수 있을 것 같아 마음에 드네요.,흡수력,피부에 흡수도 잘 되고,1,[속성] 흡수력 [문장] 피부에 흡수도 잘 되고,0,흡수력,unchanged
validation,train,[속성] 향 [문장] 향도 나쁘지 않습니다.,1025883,SNS,남성화장품,OO 포** 쉐이빙폼 175g,안녕하세요~ 남성화장품 직접 돈주고 사용해보고 후기를 적는 남자입니다! 오늘은 OO OOO 쉐이빙폼을 사용해봤어요! 간단한 후기 보여드릴게요~ 일단 제형은 부드러우면서 향도 나쁘지 않습니다. 하지만 향이 조금 진한 느낌이 나니 이 점 참고해주세요. 저는 진한 향을 좋아해서요.사용하고 나서 시원하긴 해요. 근데 한번씩 피부가 따끔거려서 사용하고 나서는 꼭 알로에 제품을 발라줍니다. 예민한 제 피부에는 자극이 가는 것 같네요. 사용감은 깔끔해서 괜찮은데 예민하거나 민감한 피부에게는 맞지 않은 것 같으니 이 점 참고해주세요~ 제 후기가 모든 사람에게 도움이 되었으면 좋겠습니다! 이상입니다~,향,향도 나쁘지 않습니다.,0,[속성] 향 [문장] 향도 나쁘지 않습니다.,2,향,unchanged
validation,train,[속성] 기능/효과 [문장] 여름에 사용하기 좋은 향수입니다.,715675,쇼핑몰,남성화장품,OO 아** EDT 125ml,원래 사용하던 향수 입니다. 남동생 생일에 선물해줬습니다. 향이 좋아서 아주 좋아합니다. 여름에 사용하기 좋은 향수입니다.,기능/효과,여름에 사용하기 좋은 향수입니다.,1,[속성] 기능/효과 [문장] 여름에 사용하기 좋은 향수입니다.,0,기능/효과,unchanged
validation,train,[속성] 향 [문장] 향도 좋고요.,710113,쇼핑몰,남성화장품,OO 스** 쉐이브 젤 195g 1개,1+1으로 저렴하게 잘 샀습니다. 많이 써 보지 않았는데 괜찮은 듯합니다. 향도 좋고요.,향,향도 좋고요.,1,[속성] 향 [문장] 향도 좋고요.,0,향,unchanged
validation,train,[속성] 보습력/수분감 [문장] 피부가 촉촉하고,1027988,SNS,남성화장품,OO 옴므 에센스 인 스킨 125ml,남편 쓰라고 구입한 OO OOO 스킨이에요. 남편이 화장품 바르는 귀찮다고 밤에 바디로션으로 얼굴부터 발까지 한꺼번에 바르더라구요. 아침에는 화장품 안 바르고 얼굴이 당긴다고 해서 구입한 제품이에요. 구입해서 조용히 올려 뒀더니 아침에 바르면서 피부가 촉촉하고 향도 자극적이지 않아서 좋다고 합니다. 스킨만 바르고도 얼굴 당김이 없고 저녁에 집에 올 때까지도 건조하지 않다고 하네요. 진작에 OO 제품 구입해 줄 걸 그랬네요. 다음에는 로션도 같이 구매해 주려고요. 기획으로 저렴하게 나오면 좋을 거 같아요.,보습력/수분감,피부가 촉촉하고,1,[속성] 보습력/수분감 [문장] 피부가 촉촉하고,0,보습력/수분감/쿨링감,merged_duplicate_label
validation,train,[속성] 보습력/수분감 [문장] 얼굴 당김이 없고,1027988,SNS,남성화장품,OO 옴므 에센스 인 스킨 125ml,남편 쓰라고 구입한 OO OOO 스킨이에요. 남편이 화장품 바르는 귀찮다고 밤에 바디로션으로 얼굴부터 발까지 한꺼번에 바르더라구요. 아침에는 화장품 안 바르고 얼굴이 당긴다고 해서 구입한 제품이에요. 구입해서 조용히 올려 뒀더니 아침에 바르면서 피부가 촉촉하고 향도 자극적이지 않아서 좋다고 합니다. 스킨만 바르고도 얼굴 당김이 없고 저녁에 집에 올 때까지도 건조하지 않다고 하네요. 진작에 OO 제품 구입해 줄 걸 그랬네요. 다음에는 로션도 같이 구매해 주려고요. 기획으로 저렴하게 나오면 좋을 거 같아요.,보습력/수분감,얼굴 당김이 없고,1,[속성] 보습력/수분감 [문장] 얼굴 당김이 없고,0,보습력/수분감/쿨링감,merged_duplicate_label
validation,train,[속성] 보습력/수분감 [문장] 촉촉해서 너무 좋습니다.,1025911,SNS,남성화장품,OO 맨 센** 올인원 로션 125ml ,인터넷 쇼핑몰 할인을 하길래 바로 샀네요~ 요즘 할인기간이라 이것저것 여러 개 담아봤습니다~~ 일단 물량폭주였을 것 같은데 생각보다 빠르게 잘 받았습니다. 용기 사이즈는 조금 작네요. 그래서 그런지 매일 사용하시는 분은 양이 좀 작을 것 같기도하네요. 저렴하니 여러 개 구매하세요~ 일단 향도 좋고 촉촉해서 너무 좋습니다. 보습력도 적당히 좋고 산뜻합니다! 가격이 싸서 약간 걱정했는데 역시 OO 브랜드 좋네요~~ 믿고 쓰는 OO! 여러분도 한번 느껴보세요~~,보습력/수분감,촉촉해서 너무 좋습니다.,1,[속성] 보습력/수분감 [문장] 촉촉해서 너무 좋습니다.,0,보습력/수분감/쿨링감,merged_duplicate_label
validation,train,[속성] 가격 [문장] 가격이 싸서,1025911,SNS,남성화장품,OO 맨 센** 올인원 로션 125ml ,인터넷 쇼핑몰 할인을 하길래 바로 샀네요~ 요즘 할인기간이라 이것저것 여러 개 담아봤습니다~~ 일단 물량폭주였을 것 같은데 생각보다 빠르게 잘 받았습니다. 용기 사이즈는 조금 작네요. 그래서 그런지 매일 사용하시는 분은 양이 좀 작을 것 같기도하네요. 저렴하니 여러 개 구매하세요~ 일단 향도 좋고 촉촉해서 너무 좋습니다. 보습력도 적당히 좋고 산뜻합니다! 가격이 싸서 약간 걱정했는데 역시 OO 브랜드 좋네요~~ 믿고 쓰는 OO! 여러분도 한번 느껴보세요~~,가격,가격이 싸서,1,[속성] 가격 [문장] 가격이 싸서,0,가격,unchanged
validation,train,[속성] 용량/개수 [문장] 용량도 크고,716005,쇼핑몰,남성화장품,OO 아** EDT 125ml,자주 쓰는 향수 입니다. 용량도 크고 가격도 저렴하게 잘 구입했습니다. 배송도 빨라서 만족해요.,용량/개수,용량도 크고,1,[속성] 용량/개수 [문장] 용량도 크고,0,용량,merged_duplicate_label
validation,train,[속성] 가격 [문장] 가격도 저렴하게 잘 구입했습니다.,716005,쇼핑몰,남성화장품,OO 아** EDT 125ml,자주 쓰는 향수 입니다. 용량도 크고 가격도 저렴하게 잘 구입했습니다. 배송도 빨라서 만족해요.,가격,가격도 저렴하게 잘 구입했습니다.,1,[속성] 가격 [문장] 가격도 저렴하게 잘 구입했습니다.,0,가격,unchanged
validation,train,[속성] 향 [문장] 향이 너무 강해서 사용하기 꺼려집니다.,716038,쇼핑몰,남성화장품,OO 아** EDT 125ml,후기 보고 남편한테 선물하려고 주문했는데 향이 생각보다 좋지 않습니다. 향이 너무 강해서 사용하기 꺼려집니다.,향,향이 너무 강해서 사용하기 꺼려집니다.,-1,[속성] 향 [문장] 향이 너무 강해서 사용하기 꺼려집니다.,1,향,unchanged
validation,train,[속성] 자극성 [문장] 자극이 적습니다.,709737,쇼핑몰,남성화장품,OO 스** 쉐이브 젤 195g 1개,자극이 적습니다. 그래서 마음 편히 사용할 수 있고 거품도 잘 나고 대체로 만족합니다. 꾸준히 사용할 만한 제품을 찾은 것 같네요. 그동안 면도하면 아파서 싫었는데 자극이 좀 덜해서 좋습니다.,자극성,자극이 적습니다.,1,[속성] 자극성 [문장] 자극이 적습니다.,0,자극성,unchanged
validation,train,[속성] 기능/효과 [문장] 거품도 잘 나고,709737,쇼핑몰,남성화장품,OO 스** 쉐이브 젤 195g 1개,자극이 적습니다. 그래서 마음 편히 사용할 수 있고 거품도 잘 나고 대체로 만족합니다. 꾸준히 사용할 만한 제품을 찾은 것 같네요. 그동안 면도하면 아파서 싫었는데 자극이 좀 덜해서 좋습니다.,기능/효과,거품도 잘 나고,1,[속성] 기능/효과 [문장] 거품도 잘 나고,0,기능/효과,unchanged
validation,train,[속성] 품질 [문장] 품질도 안 좋고,714759,쇼핑몰,남성화장품,OO 몽** 레전드 EDT 100ml,품질도 안 좋고 가격도 비싸고 배송도 느려서 모든 면에서 마음에 안 드네요. 향도 강해서 안 좋습니다. 사용하지 않을 것 같습니다.,품질,품질도 안 좋고,-1,[속성] 품질 [문장] 품질도 안 좋고,1,품질,unchanged
validation,train,[속성] 디자인 [문장] 디자인도 예쁘고,711647,쇼핑몰,남성화장품,OO 스** 쉐이브 폼 245g 1개,남편이 쓰는데 1+1원 구성에 세일할때 저렴하게 구매했습니다. 자주 세일 해주세요. 디자인도 예쁘고 거품도 부드럽고 남편이 만족합니다.,디자인,디자인도 예쁘고,1,[속성] 디자인 [문장] 디자인도 예쁘고,0,디자인,unchanged
validation,train,[속성] 자극성 [문장] 순해서 좋습니다.,710499,쇼핑몰,남성화장품,OO 맨 프** 애프터 쉐이브 로션 100ml 1개,"평소 꾸준히 사용하는 제품이어서 구매했어요. 피부가 예민한데 이 제품은 순해서 좋습니다. 가격 부담도 없어서 너무 마음에 들어요. 여름, 가을에 사용하기 좋습니다.",자극성,순해서 좋습니다.,1,[속성] 자극성 [문장] 순해서 좋습니다.,0,자극성,unchanged
validation,train,[속성] 사용감 [문장] 사용감도 좋고,1029690,SNS,남성화장품,OO 포맨 퍼** 올인원밀크 한정기획(100mL 추가증정),"요즘 남편이 계속 사용하고 있어서 몇 번째 재구매한 올인원이 있어 리뷰 올립니다. 올인원이라 이것저것 안 바르고 하나만 발라도 되서 편한 것 외에도, 이제품은 용기가 펌핑 형식이라서 더 사용하기 편해 남편이 좋아하는 제품입니다. 사용감도 좋고 피부에 자극 없이 순한 편이라 누구에게나 좋을 것 같아요. 얼굴이 따갑거나 간지럽거나 하는 일이 일절 없습니다. 향도 독한 남자 화장품 향이 아니라 은은해요. 하나만 발라도 촉촉하고요. 주위에 좋다고 추천도 많이 하고 있고, 당연히 다음에도 재구매할 생각이라서 자신있게 추천 드립니다.",사용감,사용감도 좋고,1,[속성] 사용감 [문장] 사용감도 좋고,0,사용감,unchanged
validation,train,[속성] 향 [문장] 향도 안 좋고,713965,쇼핑몰,남성화장품,OO 질** 쉐이빙젤 195g 1개,피부 자극도 생각보다 있고 향도 안 좋고 발림도 뻑뻑하고 면도가 잘 되지 않아서 다른 분들에게 추천하지 않는 제품입니다.,향,향도 안 좋고,-1,[속성] 향 [문장] 향도 안 좋고,1,향,unchanged
validation,train,[속성] 발림성 [문장] 발림도 뻑뻑하고,713965,쇼핑몰,남성화장품,OO 질** 쉐이빙젤 195g 1개,피부 자극도 생각보다 있고 향도 안 좋고 발림도 뻑뻑하고 면도가 잘 되지 않아서 다른 분들에게 추천하지 않는 제품입니다.,발림성,발림도 뻑뻑하고,-1,[속성] 발림성 [문장] 발림도 뻑뻑하고,1,발림성,unchanged
validation,train,[속성] 향 [문장] 향이 고급스럽고,1028083,SNS,남성화장품,OO 아** 옴므 EDT ,이번에 새로운 직장으로 가게 되면서 원래 쓰던 향수를 버리고 새로운 향수를 쓰고 싶어서 구매를 하게 되었습니다! 제품 후기 바로 알려 드리도록 하겠습니다! 일단 가격은 저렴하지 않습니다! 용량 대비 가격은 비싼 편이라 이 점은 살짝 아쉬운 것 같아요! 하지만 가격이 비싼 것에는 품질이 좋다는 이유가 있는 것 같아요! 일단 향이 고급스럽고 지속력이 오래 갑니다! 특히 잔향은 은은하게 퍼져서 기분이 좋은 것 같아요! 개인적으로 용기 재질도 튼튼해서 떨어 뜨려도 깨지지 않는 게 마음에 드네요~ 여러모로 괜찮은 것 같은 향수입니다! 여유만 되신다면 구매하셔도 좋을 것 같아요!,향,향이 고급스럽고,1,[속성] 향 [문장] 향이 고급스럽고,0,향,unchanged
validation,train,[속성] 보습력/수분감 [문장] 건조하고,663607,쇼핑몰,메이크업/뷰티소품,OO 맨** 케어 4.8g 1개,남편 사줬는데 건조하고 색도 없어서 아쉽다고 하네요. 골라서 주문한건데 잘못 선택한 것 같습니다. 가격도 비싸서 이 브랜드 안 쓰려 합니다.,보습력/수분감,건조하고,-1,[속성] 보습력/수분감 [문장] 건조하고,1,보습력/수분감/쿨링감,merged_duplicate_label
validation,train,[속성] 가격 [문장] 가격도 비싸서,663607,쇼핑몰,메이크업/뷰티소품,OO 맨** 케어 4.8g 1개,남편 사줬는데 건조하고 색도 없어서 아쉽다고 하네요. 골라서 주문한건데 잘못 선택한 것 같습니다. 가격도 비싸서 이 브랜드 안 쓰려 합니다.,가격,가격도 비싸서,-1,[속성] 가격 [문장] 가격도 비싸서,1,가격,unchanged
validation,train,[속성] 보습력/수분감 [문장] 보습력은 좀 부족하네요.,668500,쇼핑몰,메이크업/뷰티소품,OO 후** 립케어 4.8g 1개,"바를 때는 촉촉하지만, 바르고 난 뒤 보습력은 좀 부족하네요. 바로 흡수되어 마르고 보습력이 사라져요. 바르면 그 때 뿐이라서 효과는 없어요. 발색력은 은은해서 재구매 할 것 같아요.",보습력/수분감,보습력은 좀 부족하네요.,-1,[속성] 보습력/수분감 [문장] 보습력은 좀 부족하네요.,1,보습력/수분감/쿨링감,merged_duplicate_label
validation,train,[속성] 발색력 [문장] 발색도 좋고,672583,쇼핑몰,메이크업/뷰티소품,OO 무** 멀티 아이 컬러 팔레트 8.1g 1개,"쿠폰 적용해서 정가보다 저렴하게 샀습니다. 유명한 브랜드라 발색도 좋고 품질도 좋은데, 똥손이라 그렇게까지 이쁘게 되지는 않네요.",발색력,발색도 좋고,1,[속성] 발색력 [문장] 발색도 좋고,0,발색력,unchanged
validation,train,[속성] 지속력/유지력 [문장] 지속력도 좋습니다.,664094,쇼핑몰,메이크업/뷰티소품,OO 파** 리퀴드 립컬러 5ml 1개,처음에는 발색이 진한 것 같은데 갈수록 발색이 자연스럽게 되고 지속력도 좋습니다. 배송도 빨라서 좋았어요.,지속력/유지력,지속력도 좋습니다.,1,[속성] 지속력/유지력 [문장] 지속력도 좋습니다.,0,지속력/유지력,unchanged
validation,train,[속성] 흡수력 [문장] 피부가 뽀송하고,665165,쇼핑몰,메이크업/뷰티소품,OO 벨** 립틴트 4g 1개,피부가 뽀송하고 건조하지 않아서 신기하네요. 컬러도 이쁘고 부드럽게 잘 발리져요. 약간 착색되는 것처럼 오래 유지되네요. 말린장미 같은 색감이 마음에 들고 지속력은 너무 좋아요. 마스크에 묻어남은 어쩔 수 없나봐요.,흡수력,피부가 뽀송하고,1,[속성] 흡수력 [문장] 피부가 뽀송하고,0,흡수력,unchanged
validation,train,[속성] 색상 [문장] 컬러도 이쁘고,665165,쇼핑몰,메이크업/뷰티소품,OO 벨** 립틴트 4g 1개,피부가 뽀송하고 건조하지 않아서 신기하네요. 컬러도 이쁘고 부드럽게 잘 발리져요. 약간 착색되는 것처럼 오래 유지되네요. 말린장미 같은 색감이 마음에 들고 지속력은 너무 좋아요. 마스크에 묻어남은 어쩔 수 없나봐요.,색상,컬러도 이쁘고,1,[속성] 색상 [문장] 컬러도 이쁘고,0,색상,unchanged
validation,train,[속성] 윤기/피부(톤) [문장] 부드럽고,661917,쇼핑몰,메이크업/뷰티소품,OO 루** 슬림 쉬어 마뜨 2g 1개,생크림처럼 부드럽고 촉촉합니다. 제형이 단단하지 않아서 부러질 수 있어 조심해서 사용해야 합니다. 색상은 또렷하게 표현되고 발색은 빨강인데 오렌지색도 나오네요.,윤기/피부(톤),부드럽고,1,[속성] 윤기/피부(톤) [문장] 부드럽고,0,윤기/피부(톤),unchanged
validation,train,[속성] 보습력/수분감 [문장] 촉촉합니다.,661917,쇼핑몰,메이크업/뷰티소품,OO 루** 슬림 쉬어 마뜨 2g 1개,생크림처럼 부드럽고 촉촉합니다. 제형이 단단하지 않아서 부러질 수 있어 조심해서 사용해야 합니다. 색상은 또렷하게 표현되고 발색은 빨강인데 오렌지색도 나오네요.,보습력/수분감,촉촉합니다.,1,[속성] 보습력/수분감 [문장] 촉촉합니다.,0,보습력/수분감/쿨링감,merged_duplicate_label
validation,train,[속성] 향 [문장] 향이 너무 안 좋아요.,667779,쇼핑몰,메이크업/뷰티소품,OO 후** 립케어 4.8g 1개,향이 너무 안 좋아요. 색상도 마음에 안 듭니다. 발색이 너무 과하게 반짝입니다. 체리향이 생각보다 거북하네요. 하나만 주문하길 잘했습니다.,향,향이 너무 안 좋아요.,-1,[속성] 향 [문장] 향이 너무 안 좋아요.,1,향,unchanged
validation,train,[속성] 기능/효과 [문장] 데일리로 사용하기 좋아요.,662010,쇼핑몰,메이크업/뷰티소품,OO 루** 슬림 쉬어 마뜨 2g 1개,브랜드 자체로 기분 좋아지는 립스틱입니다. 색감이 예뻐서 데일리로 사용하기 좋아요. 매트한 립스틱이지만 건조하지 않고 지속력이 좋습니다.,기능/효과,데일리로 사용하기 좋아요.,1,[속성] 기능/효과 [문장] 데일리로 사용하기 좋아요.,0,기능/효과,unchanged
validation,train,[속성] 지속력/유지력 [문장] 지속력이 좋습니다.,662010,쇼핑몰,메이크업/뷰티소품,OO 루** 슬림 쉬어 마뜨 2g 1개,브랜드 자체로 기분 좋아지는 립스틱입니다. 색감이 예뻐서 데일리로 사용하기 좋아요. 매트한 립스틱이지만 건조하지 않고 지속력이 좋습니다.,지속력/유지력,지속력이 좋습니다.,1,[속성] 지속력/유지력 [문장] 지속력이 좋습니다.,0,지속력/유지력,unchanged
validation,train,[속성] 보습력/수분감 [문장] 촉촉하지 않네요.,667814,쇼핑몰,메이크업/뷰티소품,OO 후** 립케어 4.8g 1개,입술이 건조해서 OOO 립밤 구매했어요. 발라보니 수분이 부족한지 촉촉하지 않네요. 향도 제 취향은 아니고요. 발색도 예쁘지 않네요.,보습력/수분감,촉촉하지 않네요.,-1,[속성] 보습력/수분감 [문장] 촉촉하지 않네요.,1,보습력/수분감/쿨링감,merged_duplicate_label
validation,train,[속성] 발색력 [문장] 발색도 예쁘지 않네요.,667814,쇼핑몰,메이크업/뷰티소품,OO 후** 립케어 4.8g 1개,입술이 건조해서 OOO 립밤 구매했어요. 발라보니 수분이 부족한지 촉촉하지 않네요. 향도 제 취향은 아니고요. 발색도 예쁘지 않네요.,발색력,발색도 예쁘지 않네요.,-1,[속성] 발색력 [문장] 발색도 예쁘지 않네요.,1,발색력,unchanged
validation,train,[속성] 보습력/수분감 [문장] 입술이 촉촉하네요.,668421,쇼핑몰,메이크업/뷰티소품,OO 후** 립케어 4.8g 1개,OOO 립케어 체리는 데일리로 사용하기 좋은 립밤입니다. 향은 사탕같은 상큼한 체리향이라 바르면 기분이 좋아지네요. 발색은 은은한 레드로 생기 있어 보이고 민낯에 발라도 부담스럽지 않은 색상이에요. 잠들기 전에 바르고 자면 아침에도 입술이 촉촉하네요. 착한 가격에 휴대하기도 편해서 만족합니다.,보습력/수분감,입술이 촉촉하네요.,1,[속성] 보습력/수분감 [문장] 입술이 촉촉하네요.,0,보습력/수분감/쿨링감,merged_duplicate_label
validation,train,[속성] 가격 [문장] 착한 가격에,668421,쇼핑몰,메이크업/뷰티소품,OO 후** 립케어 4.8g 1개,OOO 립케어 체리는 데일리로 사용하기 좋은 립밤입니다. 향은 사탕같은 상큼한 체리향이라 바르면 기분이 좋아지네요. 발색은 은은한 레드로 생기 있어 보이고 민낯에 발라도 부담스럽지 않은 색상이에요. 잠들기 전에 바르고 자면 아침에도 입술이 촉촉하네요. 착한 가격에 휴대하기도 편해서 만족합니다.,가격,착한 가격에,1,[속성] 가격 [문장] 착한 가격에,0,가격,unchanged
validation,train,[속성] 품질 [문장] 상품 품질이 좋아요.,672327,쇼핑몰,메이크업/뷰티소품,OO 무** 멀티 아이 컬러 팔레트 8.1g 1개,상품 품질이 좋아요. 마음에 드네요. 여러가지 색이 들어 있어서 좋은데 발색은 잘 모르겠네요. 제가 화장을 잘 못해서 발색이 잘 안 되는지도 모르겠지만요.,품질,상품 품질이 좋아요.,1,[속성] 품질 [문장] 상품 품질이 좋아요.,0,품질,unchanged
validation,train,[속성] 용량/개수 [문장] 양이 적어서,670815,쇼핑몰,메이크업/뷰티소품,OO 프** 아이팔레트 6g 1개,양이 적어서 화장을 자주 하는 사람들은 금방 다 쓸 것 같습니다. 제 퍼스널컬러에 맞는 추천 제품이라고 해서 샀는데 막상 발라 보니 피부에 안 어울리는 색이네요. 눈가가 화사해 보이지 않아 아쉽습니다.,용량/개수,양이 적어서,-1,[속성] 용량/개수 [문장] 양이 적어서,1,용량/개수,unchanged
validation,train,[속성] 보습력/수분감 [문장] 촉촉함이 오래가지 않네요.,668265,쇼핑몰,메이크업/뷰티소품,OO 후** 립케어 4.8g 1개,환절기되면 너무 건조해서 필요한 제품이라 이번엔 OOO으로 구매했습니다. 각질이 자주 생기고 입술이 갈라지고 피가 자주 나서 주문했어요. 발라보니 촉촉함이 오래가지 않네요. 색깔이 있는 줄 알고 샀는데 발색이 연해서 거의 없네요.,보습력/수분감,촉촉함이 오래가지 않네요.,-1,[속성] 보습력/수분감 [문장] 촉촉함이 오래가지 않네요.,1,보습력/수분감/쿨링감,merged_duplicate_label
validation,train,[속성] 지속력/유지력 [문장] 오래가지 않네요.,668265,쇼핑몰,메이크업/뷰티소품,OO 후** 립케어 4.8g 1개,환절기되면 너무 건조해서 필요한 제품이라 이번엔 OOO으로 구매했습니다. 각질이 자주 생기고 입술이 갈라지고 피가 자주 나서 주문했어요. 발라보니 촉촉함이 오래가지 않네요. 색깔이 있는 줄 알고 샀는데 발색이 연해서 거의 없네요.,지속력/유지력,오래가지 않네요.,-1,[속성] 지속력/유지력 [문장] 오래가지 않네요.,1,지속력/유지력,unchanged
validation,train,[속성] 발색력 [문장] 발색이 자연스럽지 않고,666062,쇼핑몰,메이크업/뷰티소품,OO 한** 립밤 4g 1개,처음 사용했습니다. 발색이 자연스럽지 않고 건조합니다. 개인 차이가 있겠지만 다른 제품과 비교했을 때 품질이 많이 떨어지네요. 비싸게 주고 괜히 구매한 것 같습니다.,발색력,발색이 자연스럽지 않고,-1,[속성] 발색력 [문장] 발색이 자연스럽지 않고,1,발색력,unchanged
validation,train,[속성] 향 [문장] 향도 안 좋네요.,666191,쇼핑몰,메이크업/뷰티소품,OO 한** 립밤 4g 1개,매장 가격보다 비쌌고 향도 안 좋네요. 생기도 없어 보이고 건조합니다. 향이 너무 진해서 선물하기에는 좋지 않은 것 같아요. 세 개 구매했는데 그냥 아이들 쓰라고 줬습니다. 세 번이나 구매 취소 될 때 알아보고 구매하지 말 걸 그랬습니다.,향,향도 안 좋네요.,-1,[속성] 향 [문장] 향도 안 좋네요.,1,향,unchanged
validation,train,[속성] 윤기/피부(톤) [문장] 생기도 없어 보이고,666191,쇼핑몰,메이크업/뷰티소품,OO 한** 립밤 4g 1개,매장 가격보다 비쌌고 향도 안 좋네요. 생기도 없어 보이고 건조합니다. 향이 너무 진해서 선물하기에는 좋지 않은 것 같아요. 세 개 구매했는데 그냥 아이들 쓰라고 줬습니다. 세 번이나 구매 취소 될 때 알아보고 구매하지 말 걸 그랬습니다.,윤기/피부(톤),생기도 없어 보이고,-1,[속성] 윤기/피부(톤) [문장] 생기도 없어 보이고,1,윤기/피부(톤),unchanged
validation,train,[속성] 사용감 [문장] 사용감이 별로예요.,663788,쇼핑몰,메이크업/뷰티소품,OO 파** 리퀴드 립컬러 5ml 1개,사용감이 별로예요. 색상도 화면과 다르고 발색력도 마음에 안 듭니다. 사은품 구성도 만족스럽지 않네요. 재구매는 안 할 거 같아요.,사용감,사용감이 별로예요.,-1,[속성] 사용감 [문장] 사용감이 별로예요.,1,사용감,unchanged
validation,train,[속성] 색상 [문장] 색상도 화면과 다르고,663788,쇼핑몰,메이크업/뷰티소품,OO 파** 리퀴드 립컬러 5ml 1개,사용감이 별로예요. 색상도 화면과 다르고 발색력도 마음에 안 듭니다. 사은품 구성도 만족스럽지 않네요. 재구매는 안 할 거 같아요.,색상,색상도 화면과 다르고,-1,[속성] 색상 [문장] 색상도 화면과 다르고,1,색상,unchanged
validation,train,[속성] 발림성 [문장] 발림성이 좋지 않아요.,672002,쇼핑몰,메이크업/뷰티소품,OO 샤** 섀도우 스틱 1.4g 1개,발림성이 좋지 않아요. 색상도 더 짙었으면 좋았을 거 같아요. 여러 번 덧발라도 발색이 연하네요. 그리고 밀착이 잘 안 되는 거 같아요. 스틱섀도우 써보고 싶어서 구매했는데 아쉬움이 있네요.,발림성,발림성이 좋지 않아요.,-1,[속성] 발림성 [문장] 발림성이 좋지 않아요.,1,발림성,unchanged
validation,train,[속성] 발림성 [문장] 발림성 좋으나,661840,쇼핑몰,메이크업/뷰티소품,OO 루** 슬림 쉬어 마뜨 2g 1개,"발림성 좋으나 발색은 잘 모르겠습니다. 입술이 자주 트는 편인데 촉촉해서 좋아요. 이런 계열의 색상이 잘 안 어울리는데, 이 제품은 은은하게 발색 돼서 그런지 괜찮은 편이네요. 촉촉한 제품이라서 끈적인다는 느낌도 살짝 있습니다. 거슬릴 정도의 끈적임은 아니에요. 착색이 좋은 편은 아닌 것 같습니다.",발림성,발림성 좋으나,1,[속성] 발림성 [문장] 발림성 좋으나,0,발림성,unchanged
validation,train,[속성] 보습력/수분감 [문장] 촉촉해서 좋아요.,661840,쇼핑몰,메이크업/뷰티소품,OO 루** 슬림 쉬어 마뜨 2g 1개,"발림성 좋으나 발색은 잘 모르겠습니다. 입술이 자주 트는 편인데 촉촉해서 좋아요. 이런 계열의 색상이 잘 안 어울리는데, 이 제품은 은은하게 발색 돼서 그런지 괜찮은 편이네요. 촉촉한 제품이라서 끈적인다는 느낌도 살짝 있습니다. 거슬릴 정도의 끈적임은 아니에요. 착색이 좋은 편은 아닌 것 같습니다.",보습력/수분감,촉촉해서 좋아요.,1,[속성] 보습력/수분감 [문장] 촉촉해서 좋아요.,0,보습력/수분감/쿨링감,merged_duplicate_label
validation,train,[속성] 가격 [문장] 가성비 좋아서,663617,쇼핑몰,메이크업/뷰티소품,OO 맨** 케어 4.8g 1개,신랑이 사계절 립밤 없으면 못사는 사람이라 떨어지지 않게 할인할 때마다 쟁여두는데 ㅇㅇㅇ 립밤이 가성비 좋아서 종류별로 제일 많이 사둬요. 촉촉하고 자극성 없이 순한 느낌에 발림성이 좋아서 마음에 쏙 들어요.,가격,가성비 좋아서,1,[속성] 가격 [문장] 가성비 좋아서,0,가격,unchanged
validation,train,[속성] 발림성 [문장] 발림성이 좋아서,663617,쇼핑몰,메이크업/뷰티소품,OO 맨** 케어 4.8g 1개,신랑이 사계절 립밤 없으면 못사는 사람이라 떨어지지 않게 할인할 때마다 쟁여두는데 ㅇㅇㅇ 립밤이 가성비 좋아서 종류별로 제일 많이 사둬요. 촉촉하고 자극성 없이 순한 느낌에 발림성이 좋아서 마음에 쏙 들어요.,발림성,발림성이 좋아서,1,[속성] 발림성 [문장] 발림성이 좋아서,0,발림성,unchanged
validation,train,[속성] 향 [문장] 향이 별로네요.,668568,쇼핑몰,메이크업/뷰티소품,OO 후** 립케어 4.8g 1개,"향이 별로네요. 어릴 때 써보고 생각나서 구매했는데, 촉촉함이 오래가지 않네요. 아이가 사용하고 있는데 모양이 둥글어 잘 굴러다녀서 사용하기 불편하다 하네요. 모양이 약간 각져도 괜찮을 것 같아요.",향,향이 별로네요.,-1,[속성] 향 [문장] 향이 별로네요.,1,향,unchanged
validation,train,[속성] 발색력 [문장] 발색이 너무 예쁩니다.,667148,쇼핑몰,메이크업/뷰티소품,OO 울** 립글로우 3.4g 1개,발색이 너무 예쁩니다. 웜톤이라 핑크색을 조금 걱정하며 샀는데 웜톤에도 잘 어울리는 핑크색으로 발색되어서 만족합니다. 배송도 좋고 완충제로 포장도 잘 되어 왔어요. 흠집 난거 하나도 없습니다.,발색력,발색이 너무 예쁩니다.,1,[속성] 발색력 [문장] 발색이 너무 예쁩니다.,0,발색력,unchanged
validation,train,[속성] 발림성 [문장] 잘 발립니다.,664743,쇼핑몰,메이크업/뷰티소품,OO 벨** 립틴트 4g 1개,예쁘게 발색되고 잘 발립니다. 그런데 겉도는 느낌이 있고 밀착이 잘 안되는 거 같아요. 그리고 생각보다 지속력이 짧네요. 이런 부분만 보완하면 더 좋을 거 같아요. 그리고 향이 이상해요.,발림성,잘 발립니다.,1,[속성] 발림성 [문장] 잘 발립니다.,0,발림성,unchanged
validation,train,[속성] 보습력/수분감 [문장] 촉촉하지 않고,668085,쇼핑몰,메이크업/뷰티소품,OO 후** 립케어 4.8g 1개,예전하고 달라진 것 같아서 아쉽습니다. 예전에는 촉촉했는데 지금은 발라도 촉촉하지 않고 지속력도 많이 아쉽네요. 예전처럼 촉촉했으면 좋겠어요. 발색도 아쉽습니다.,보습력/수분감,촉촉하지 않고,-1,[속성] 보습력/수분감 [문장] 촉촉하지 않고,1,보습력/수분감/쿨링감,merged_duplicate_label
validation,train,[속성] 보습력/수분감 [문장] 촉촉함이 없네요.,664784,쇼핑몰,메이크업/뷰티소품,OO 벨** 립틴트 4g 1개,벨벳 립틴트가 수분감은 많은데 생각보다 오일감이 없어서 별로네요. 바르면 촉촉함이 없네요. 매트합니다. 틴트한 후 립글로스를 덧발라야 촉촉해 보여요. 잘 지워져서 아쉽고 칼라는 예쁩니다. 재구매 의사는 없네요.,보습력/수분감,촉촉함이 없네요.,-1,[속성] 보습력/수분감 [문장] 촉촉함이 없네요.,1,보습력/수분감/쿨링감,merged_duplicate_label
validation,train,[속성] 보습력/수분감 [문장] 매트합니다.,664784,쇼핑몰,메이크업/뷰티소품,OO 벨** 립틴트 4g 1개,벨벳 립틴트가 수분감은 많은데 생각보다 오일감이 없어서 별로네요. 바르면 촉촉함이 없네요. 매트합니다. 틴트한 후 립글로스를 덧발라야 촉촉해 보여요. 잘 지워져서 아쉽고 칼라는 예쁩니다. 재구매 의사는 없네요.,보습력/수분감,매트합니다.,-1,[속성] 보습력/수분감 [문장] 매트합니다.,1,보습력/수분감/쿨링감,merged_duplicate_label
validation,train,[속성] 발림성 [문장] 발림성이 좋지는 않습니다.,668380,쇼핑몰,메이크업/뷰티소품,OO 후** 립케어 4.8g 1개,"색이 있는 립밤을 원해서 구입했습니다. 색은 있는데, 발림성이 좋지는 않습니다. 제형이 쉽게 물러져서 오래 갈 것 같지는 않습니다.",발림성,발림성이 좋지는 않습니다.,-1,[속성] 발림성 [문장] 발림성이 좋지는 않습니다.,1,발림성,unchanged
validation,train,[속성] 용량/개수 [문장] 용량이 너무 작습니다.,666218,쇼핑몰,메이크업/뷰티소품,OO 한** 립밤 4g 1개,용량이 너무 작습니다. 건조합니다. 색도 오래 안 갑니다. 립스틱 바르고 덧바르기 불편하네요. 아이들 사주려고 했는데 사주면 안 되겠습니다. 겨울에 사용하기 안 좋을 것 같습니다. 사용할수록 계속 건조해지네요.,용량/개수,용량이 너무 작습니다.,-1,[속성] 용량/개수 [문장] 용량이 너무 작습니다.,1,용량/개수,unchanged
validation,train,[속성] 발림성 [문장] 발림성도 좋습니다.,664912,쇼핑몰,메이크업/뷰티소품,OO 벨** 립틴트 4g 1개,별 기대 안하고 구입했습니다. 물품 받자마자 개봉해 테스트했더니 색깔도 마음에 들어요. 발림성도 좋습니다.,발림성,발림성도 좋습니다.,1,[속성] 발림성 [문장] 발림성도 좋습니다.,0,발림성,unchanged
validation,train,[속성] 밀착력/접착력 [문장] 밀착력은 좋은데,669591,쇼핑몰,메이크업/뷰티소품,OO 에** 슈퍼 롱래쉬 6ml 1개,밀착력은 좋은데 뭉치는 경향이 있습니다. 제형이 솔에 안 묻는 느낌이 듭니다. 저의 스킬이 부족한지 롱래쉬의 기능을 잘 못하는 것 같습니다.,밀착력/접착력,밀착력은 좋은데,1,[속성] 밀착력/접착력 [문장] 밀착력은 좋은데,0,밀착력/접착력,unchanged
validation,train,[속성] 가격 [문장] 싸긴한데,670116,쇼핑몰,메이크업/뷰티소품,OO 에** 드로잉 아이브라우 0.25g 1개,ㅇㅇㅇ펜슬만큼 발색 잘 되고 잘 그려지는 것도 없는것 같습니다. 싸긴한데 양이 좀 빨리 닳는게 단점이네요.,가격,싸긴한데,1,[속성] 가격 [문장] 싸긴한데,0,가격,unchanged
validation,train,[속성] 가격 [문장] 부담 없는 가격에,667991,쇼핑몰,메이크업/뷰티소품,OO 후** 립케어 4.8g 1개,입술이 건조해서 365일 립 제품을 사용합니다. OOO는 대표적인 립 케어 제품 중 하나로 부담 없는 가격에 데일리용으로 쓰기 좋습니다. 특히 체리향이 좋고 약간의 발색력도 있어서 여러모로 좋은 제품이네요.,가격,부담 없는 가격에,1,[속성] 가격 [문장] 부담 없는 가격에,0,가격,unchanged
validation,train,[속성] 발림성 [문장] 잘 발려서 좋고,661833,쇼핑몰,메이크업/뷰티소품,OO 루** 슬림 쉬어 마뜨 2g 1개,매트하지 않게 발려서 너무 잘 사용하고 있습니다. 이 제품 라인들은 잘 발려서 좋고 골드 라인들은 너무 매트해서 저는 별로였어요. 이건 잘 발리고 지속력도 나쁘지 않고 너무 매트하지도 않아서 이것만 바르고 다니고 있습니다.,발림성,잘 발려서 좋고,1,[속성] 발림성 [문장] 잘 발려서 좋고,0,발림성,unchanged
validation,train,[속성] 발림성 [문장] 잘 발리고,661833,쇼핑몰,메이크업/뷰티소품,OO 루** 슬림 쉬어 마뜨 2g 1개,매트하지 않게 발려서 너무 잘 사용하고 있습니다. 이 제품 라인들은 잘 발려서 좋고 골드 라인들은 너무 매트해서 저는 별로였어요. 이건 잘 발리고 지속력도 나쁘지 않고 너무 매트하지도 않아서 이것만 바르고 다니고 있습니다.,발림성,잘 발리고,1,[속성] 발림성 [문장] 잘 발리고,0,발림성,unchanged
validation,train,[속성] 보습력/수분감 [문장] 살짝 매트합니다.,667133,쇼핑몰,메이크업/뷰티소품,OO 울** 립글로우 3.4g 1개,다른 컬러 쓰다가 이번엔 이걸로구매했습니다.지속력은 확실히 좋습니다. 그런데 전에 사용하던 제품보다는 살짝 매트합니다.,보습력/수분감,살짝 매트합니다.,-1,[속성] 보습력/수분감 [문장] 살짝 매트합니다.,1,보습력/수분감/쿨링감,merged_duplicate_label
validation,train,[속성] 가격 [문장] 가성비 괜찮아요.,672487,쇼핑몰,메이크업/뷰티소품,OO 무** 멀티 아이 컬러 팔레트 8.1g 1개,"겨울용으로 사용하기는 좋은데, 봄이나 여름에는 무거워 보여 사용하기 부적합할듯해요. 발색도 좋고 가성비 괜찮아요. 다른 컬러도 구매하려 합니다.",가격,가성비 괜찮아요.,1,[속성] 가격 [문장] 가성비 괜찮아요.,0,가격,unchanged
validation,train,[속성] 가격 [문장] 비싸지만,663848,쇼핑몰,메이크업/뷰티소품,OO 파** 리퀴드 립컬러 5ml 1개,역시 OOO 비싸지만 좋긴 하네요. 확실히 OO 바르고 위에 발랐더니 컬러 발색이 정말 예쁘게 되네요. 발림도 좋고 부드럽게 잘 흡수되는 것도 좋습니다.,가격,비싸지만,-1,[속성] 가격 [문장] 비싸지만,1,가격,unchanged
validation,train,[속성] 발림성 [문장] 발림도 좋고,663848,쇼핑몰,메이크업/뷰티소품,OO 파** 리퀴드 립컬러 5ml 1개,역시 OOO 비싸지만 좋긴 하네요. 확실히 OO 바르고 위에 발랐더니 컬러 발색이 정말 예쁘게 되네요. 발림도 좋고 부드럽게 잘 흡수되는 것도 좋습니다.,발림성,발림도 좋고,1,[속성] 발림성 [문장] 발림도 좋고,0,발림성,unchanged
validation,train,[속성] 가격 [문장] 가격대비 별로인 거 같습니다.,667637,쇼핑몰,메이크업/뷰티소품,OO 울** 립글로우 3.4g 1개,새로운 컬러가 나왔다길래 써보고 싶어서 주문했습니다. 발라보니 발림성이 생각보다 안 좋아서 아쉽고 발색력이 마음에 안 드네요. 가격대비 별로인 거 같습니다.,가격,가격대비 별로인 거 같습니다.,-1,[속성] 가격 [문장] 가격대비 별로인 거 같습니다.,1,가격,unchanged
validation,train,[속성] 발색력 [문장] 발색도 예쁘고,664731,쇼핑몰,메이크업/뷰티소품,OO 벨** 립틴트 4g 1개,좋습니다. 자주 이용합니다. 또 구매하고 싶네요. 제형이 부드러운 감촉이고 발색도 예쁘고 사용도 다양하게 이용이 가능합니다.,발색력,발색도 예쁘고,1,[속성] 발색력 [문장] 발색도 예쁘고,0,발색력,unchanged
validation,train,[속성] 색상 [문장] 색도 이쁘고,664735,쇼핑몰,메이크업/뷰티소품,OO 벨** 립틴트 4g 1개,색도 이쁘고 벨벳느낌에 바를 때 마다 기분 좋습니다. 부드럽게 발리고 입술에 착 붙네요. 재구매하고 싶습니다. 지속력도 좋고 덧바르면 색이 더 진해지면서 다른 분위기가 나서 좋습니다.,색상,색도 이쁘고,1,[속성] 색상 [문장] 색도 이쁘고,0,색상,unchanged
validation,train,[속성] 발림성 [문장] 부드럽게 발리고,664735,쇼핑몰,메이크업/뷰티소품,OO 벨** 립틴트 4g 1개,색도 이쁘고 벨벳느낌에 바를 때 마다 기분 좋습니다. 부드럽게 발리고 입술에 착 붙네요. 재구매하고 싶습니다. 지속력도 좋고 덧바르면 색이 더 진해지면서 다른 분위기가 나서 좋습니다.,발림성,부드럽게 발리고,1,[속성] 발림성 [문장] 부드럽게 발리고,0,발림성,unchanged
validation,train,[속성] 발색력 [문장] 발색력도 좋고,664885,쇼핑몰,메이크업/뷰티소품,OO 벨** 립틴트 4g 1개,OO의 OOO립틴트는 입술에 바르기도 편하고 발색력도 좋고 지속력도 좋습니다. 너무 매트하지 않은 것도 마음에 들고 제가 좋아하는 색상이라 다음에도 재구매 생각 있습니다.,발색력,발색력도 좋고,1,[속성] 발색력 [문장] 발색력도 좋고,0,발색력,unchanged
validation,train,[속성] 보습력/수분감 [문장] 보습력이 좋고,663596,쇼핑몰,메이크업/뷰티소품,OO 맨** 케어 4.8g 1개,보습력이 좋고 촉촉하네요. 입술이 말랐을 때 한번 바르면 촉촉함이 반나절은 유지되는 듯해요. 가격도 적당하고 용기 작아서 가지고 다니기 좋아요.,보습력/수분감,보습력이 좋고,1,[속성] 보습력/수분감 [문장] 보습력이 좋고,0,보습력/수분감/쿨링감,merged_duplicate_label
validation,train,[속성] 보습력/수분감 [문장] 촉촉하네요.,663596,쇼핑몰,메이크업/뷰티소품,OO 맨** 케어 4.8g 1개,보습력이 좋고 촉촉하네요. 입술이 말랐을 때 한번 바르면 촉촉함이 반나절은 유지되는 듯해요. 가격도 적당하고 용기 작아서 가지고 다니기 좋아요.,보습력/수분감,촉촉하네요.,1,[속성] 보습력/수분감 [문장] 촉촉하네요.,0,보습력/수분감/쿨링감,merged_duplicate_label
validation,train,[속성] 발림성 [문장] 부드럽게 잘 발리고,670789,쇼핑몰,메이크업/뷰티소품,OO 프** 아이팔레트 6g 1개,튀지 않는 색상에 색상 조합이 많아서 너무 좋습니다. 자주 안 쓰게 되는 색도 있긴 하지만 부드럽게 잘 발리고 색감이 이뻐서 잘 쓰고있습니다. 색상들이 바르면 무난해서 데일리로 쓰기 매우 좋아요. 손으로 대강 발라도 잘 발려서 잘 쓰고 있어요.,발림성,부드럽게 잘 발리고,1,[속성] 발림성 [문장] 부드럽게 잘 발리고,0,발림성,unchanged
validation,train,[속성] 기능/효과 [문장] 제 피부에는 안 맞아요.,672456,쇼핑몰,메이크업/뷰티소품,OO 무** 멀티 아이 컬러 팔레트 8.1g 1개,친구가 쓰던거라 좋아 보여서 저도 샀는데 제 피부에는 안 맞아요. 여러가지 색이 있어서 눈밑 하이라이트도 쓰려고 했는데 발색이 별로입니다. 쉐도우로 사용합니다. 다양하게 쓸 수 있을 줄 알았는데 활용성은 떨어집니다. 재 구매는 안 할 것 같아요.,기능/효과,제 피부에는 안 맞아요.,-1,[속성] 기능/효과 [문장] 제 피부에는 안 맞아요.,1,기능/효과,unchanged
validation,train,[속성] 기능/효과 [문장] 저에게는 맞지 않는 제품입니다.,671497,쇼핑몰,메이크업/뷰티소품,OO 프** 아이팔레트 6g 1개,OOO 아이팔레트 처음 써봤는데 10가지 색깔 모두 발색력이 약하네요. 기분에 따라 다양한 연출을 하고 싶어서 구매했는데 저에게는 맞지 않는 제품입니다. 발색력이 약해서 색상끼리 섞어서 활용하기도 안 좋아요. 가성비 별로인 제품입니다.,기능/효과,저에게는 맞지 않는 제품입니다.,-1,[속성] 기능/효과 [문장] 저에게는 맞지 않는 제품입니다.,1,기능/효과,unchanged
validation,train,[속성] 가격 [문장] 가성비 별로인 제품입니다.,671497,쇼핑몰,메이크업/뷰티소품,OO 프** 아이팔레트 6g 1개,OOO 아이팔레트 처음 써봤는데 10가지 색깔 모두 발색력이 약하네요. 기분에 따라 다양한 연출을 하고 싶어서 구매했는데 저에게는 맞지 않는 제품입니다. 발색력이 약해서 색상끼리 섞어서 활용하기도 안 좋아요. 가성비 별로인 제품입니다.,가격,가성비 별로인 제품입니다.,-1,[속성] 가격 [문장] 가성비 별로인 제품입니다.,1,가격,unchanged
validation,train,[속성] 보습력/수분감 [문장] 촉촉함도 좋습니다.,661883,쇼핑몰,메이크업/뷰티소품,OO 루** 슬림 쉬어 마뜨 2g 1개,발색력이 좀 더 좋았으면 해요. 빨간 립스틱은 역시 발색이 중요하니까요. 하지만 발림성도 촉촉함도 좋습니다. OO보다 훨씬 촉촉해요. 그래서 발색이나 지속은 조금 떨어지지 않나 생각이 들어요. 색상은 은은하며 색상의 선명도는 떨어지는 듯해요. 케이스는 작고 귀엽습니다. 양에 비해 가격은 비쌉니다.,보습력/수분감,촉촉함도 좋습니다.,1,[속성] 보습력/수분감 [문장] 촉촉함도 좋습니다.,0,보습력/수분감/쿨링감,merged_duplicate_label
validation,train,[속성] 기능/효과 [문장] 데일리로 사용하기 좋습니다.,664486,쇼핑몰,메이크업/뷰티소품,OO 파** 리퀴드 립컬러 5ml 1개,얼굴 톤 밝게 해줘서 좋습니다. 아주 예쁜 색입니다. 지속력도 정말 좋고 요즘 데일리로 사용하기 좋습니다.,기능/효과,데일리로 사용하기 좋습니다.,1,[속성] 기능/효과 [문장] 데일리로 사용하기 좋습니다.,0,기능/효과,unchanged
validation,train,[속성] 흡수력 [문장] 보송하고,664107,쇼핑몰,메이크업/뷰티소품,OO 파** 리퀴드 립컬러 5ml 1개,"단독으로 발라도 발색력이 괜찮고, 레드랑 섞어 발라도 예쁘게 발색됩니다. 보송하고 지속력 좋습니다. 잘 묻어나지도 않아요. 봄에 쓰기 좋은 제품입니다.",흡수력,보송하고,1,[속성] 흡수력 [문장] 보송하고,0,흡수력,unchanged
validation,train,[속성] 지속력/유지력 [문장] 지속력 좋습니다.,664107,쇼핑몰,메이크업/뷰티소품,OO 파** 리퀴드 립컬러 5ml 1개,"단독으로 발라도 발색력이 괜찮고, 레드랑 섞어 발라도 예쁘게 발색됩니다. 보송하고 지속력 좋습니다. 잘 묻어나지도 않아요. 봄에 쓰기 좋은 제품입니다.",지속력/유지력,지속력 좋습니다.,1,[속성] 지속력/유지력 [문장] 지속력 좋습니다.,0,지속력/유지력,unchanged
validation,train,[속성] 발림성 [문장] 발림성도 괜찮습니다.,672367,쇼핑몰,메이크업/뷰티소품,OO 무** 멀티 아이 컬러 팔레트 8.1g 1개,데일리로 사용하려고 구매했습니다. 색상 구성도 다양하고 발림성도 괜찮습니다. 가루가 좀 떨어지긴 해요. 하지만 상품 품질이 좋아요. 마음에 듭니다!,발림성,발림성도 괜찮습니다.,1,[속성] 발림성 [문장] 발림성도 괜찮습니다.,0,발림성,unchanged
validation,train,[속성] 지속력/유지력 [문장] 지속력도 오래가네요.,663888,쇼핑몰,메이크업/뷰티소품,OO 파** 리퀴드 립컬러 5ml 1개,너무 마음에 들어 추천해요. 촉촉하고 색도 선명하고 지속력도 오래가네요. 친구들도 따라 샀습니다. 다른 립밤보다 촉촉해서 좋네요.,지속력/유지력,지속력도 오래가네요.,1,[속성] 지속력/유지력 [문장] 지속력도 오래가네요.,0,지속력/유지력,unchanged
validation,train,[속성] 발림성 [문장] 매트하게 발리고,665019,쇼핑몰,메이크업/뷰티소품,OO 벨** 립틴트 4g 1개,매트하게 발리고 마스크에 묻어나네요. 약간 오렌지 빛으로 발색되는데 연해서 별로에요.,발림성,매트하게 발리고,-1,[속성] 발림성 [문장] 매트하게 발리고,1,발림성,unchanged
validation,train,[속성] 밀착력/접착력 [문장] 마스크에 묻어나네요.,665019,쇼핑몰,메이크업/뷰티소품,OO 벨** 립틴트 4g 1개,매트하게 발리고 마스크에 묻어나네요. 약간 오렌지 빛으로 발색되는데 연해서 별로에요.,밀착력/접착력,마스크에 묻어나네요.,-1,[속성] 밀착력/접착력 [문장] 마스크에 묻어나네요.,1,밀착력/접착력,unchanged
validation,train,[속성] 색상 [문장] 색상도 좋습니다.,672040,쇼핑몰,메이크업/뷰티소품,OO 샤** 섀도우 스틱 1.4g 1개,발라 보니 부드럽게 발리고 색상도 좋습니다. 유명 메이커 제품보다 낫네요.,색상,색상도 좋습니다.,1,[속성] 색상 [문장] 색상도 좋습니다.,0,색상,unchanged
validation,train,[속성] 윤기/피부(톤) [문장] 피부가 화사해지고,665007,쇼핑몰,메이크업/뷰티소품,OO 벨** 립틴트 4g 1개,처음 벨벳 틴트 구매했는데 발림성이 부드럽게 잘 발라져서 두 번째는 다른 색깔로 구매했어요. 화장 안하고 약간 포인트를 주면 피부가 화사해지고 색상이 튀지 않아서 데일리로 사용하기 좋습니다.,윤기/피부(톤),피부가 화사해지고,1,[속성] 윤기/피부(톤) [문장] 피부가 화사해지고,0,윤기/피부(톤),unchanged
validation,train,[속성] 향 [문장] 제가 좋아하는 향은 아니네요.,662299,쇼핑몰,메이크업/뷰티소품,OO 제** 립밤 4g 1개,해외배송치곤 빨리 왔네요. 무향만 써보다가 향도 궁금해서 같이 구매해봤는데 제가 좋아하는 향은 아니네요. 여러개 한꺼번에 샀는데 유통기한이 짧네요. 입술이 워낙 건조해서 약국에서 추천해준 제품이라 사용중입니다.,향,제가 좋아하는 향은 아니네요.,-1,[속성] 향 [문장] 제가 좋아하는 향은 아니네요.,1,향,unchanged
validation,train,[속성] 유통기한 [문장] 유통기한이 짧네요.,662299,쇼핑몰,메이크업/뷰티소품,OO 제** 립밤 4g 1개,해외배송치곤 빨리 왔네요. 무향만 써보다가 향도 궁금해서 같이 구매해봤는데 제가 좋아하는 향은 아니네요. 여러개 한꺼번에 샀는데 유통기한이 짧네요. 입술이 워낙 건조해서 약국에서 추천해준 제품이라 사용중입니다.,유통기한,유통기한이 짧네요.,-1,[속성] 유통기한 [문장] 유통기한이 짧네요.,1,유통기한,unchanged
validation,train,[속성] 자극성 [문장] 저자극이라,663086,쇼핑몰,메이크업/뷰티소품,OO 일** 무향 립밤 3.2g 1개,자주 구매하는 립밤입니다. 무향에 저자극이라 하루에 자주 사용해도 괜찮습니다. 용량이 작아서 그런지 금방 사용해서 큰 사이즈도 판매하면 좋겠네요. 슬림해서 휴대하기는 편해요. 케이스도 심플해서 좋습니다.,자극성,저자극이라,1,[속성] 자극성 [문장] 저자극이라,0,자극성,unchanged
validation,train,[속성] 용량/개수 [문장] 용량이 작아서,663086,쇼핑몰,메이크업/뷰티소품,OO 일** 무향 립밤 3.2g 1개,자주 구매하는 립밤입니다. 무향에 저자극이라 하루에 자주 사용해도 괜찮습니다. 용량이 작아서 그런지 금방 사용해서 큰 사이즈도 판매하면 좋겠네요. 슬림해서 휴대하기는 편해요. 케이스도 심플해서 좋습니다.,용량/개수,용량이 작아서,-1,[속성] 용량/개수 [문장] 용량이 작아서,1,용량/개수,unchanged
validation,train,[속성] 가격 [문장] 비싼 가격에 구입한 것 같습니다.,666139,쇼핑몰,메이크업/뷰티소품,OO 한** 립밤 4g 1개,처음 사용한 제품입니다. 비싼 가격에 구입한 것 같습니다. 배송 받자마자 사용했는데 색상이 너무 튀어 자연스럽지 않고 바르면 건조하네요.,가격,비싼 가격에 구입한 것 같습니다.,-1,[속성] 가격 [문장] 비싼 가격에 구입한 것 같습니다.,1,가격,unchanged
validation,train,[속성] 보습력/수분감 [문장] 바르면 건조하네요.,666139,쇼핑몰,메이크업/뷰티소품,OO 한** 립밤 4g 1개,처음 사용한 제품입니다. 비싼 가격에 구입한 것 같습니다. 배송 받자마자 사용했는데 색상이 너무 튀어 자연스럽지 않고 바르면 건조하네요.,보습력/수분감,바르면 건조하네요.,-1,[속성] 보습력/수분감 [문장] 바르면 건조하네요.,1,보습력/수분감/쿨링감,merged_duplicate_label
validation,train,[속성] 보습력/수분감 [문장] 보습이 좋아서,668511,쇼핑몰,메이크업/뷰티소품,OO 후** 립케어 4.8g 1개,이 제품은 항상 사용합니다. 그래서 여러 개 주문하는 편입니다. 입술이 건조해서 항상 사용합니다. 발색이 잘 되어서 좋네요. 보습이 좋아서 계속 사용하고 있습니다.,보습력/수분감,보습이 좋아서,1,[속성] 보습력/수분감 [문장] 보습이 좋아서,0,보습력/수분감/쿨링감,merged_duplicate_label
validation,train,[속성] 흡수력 [문장] 끈적이지 않고,662234,쇼핑몰,메이크업/뷰티소품,OO 제** 립밤 4g 1개,오프라인에서 구매하는 가격이랑 ㅇㅇ에서 구매하는 가격이랑 차이는 없습니다. 유명항 제품이라고 해서 ㅇㅇㅇ 샀습니다. 끈적이지 않고 촉촉한 립밤은 ㅇㅇㅇ가 최고입니다. 하지만 가격이 비싸서 많이 아쉽습니다.,흡수력,끈적이지 않고,1,[속성] 흡수력 [문장] 끈적이지 않고,0,흡수력,unchanged
validation,train,[속성] 가격 [문장] 쿠폰 사용해서 저렴하게 샀습니다.,664112,쇼핑몰,메이크업/뷰티소품,OO 파** 리퀴드 립컬러 5ml 1개,써보고 싶었는데 쿠폰 사용해서 저렴하게 샀습니다. 후기를 보니 웜톤에 어울린다는 사람이 있고 쿨톤에 어울린다는 사람도 있어서 구매하기 전에 고민을 했어요. 그런데 막상 발라보니 예쁘게 잘 발색되어서 웜톤인 저에게 딱 어울리는 제품이네요. 톤 다운된 색으로 잘 발색되어서 마음에 듭니다. 얼굴이 엄청 화사해지지는 않아요. 그렇지만 한 듯 안 한 듯 자연스러운 메이크업을 하고 싶을 때 좋아요.,가격,쿠폰 사용해서 저렴하게 샀습니다.,1,[속성] 가격 [문장] 쿠폰 사용해서 저렴하게 샀습니다.,0,가격,unchanged
validation,train,[속성] 발색력 [문장] 발색도 잘 되고,672288,쇼핑몰,메이크업/뷰티소품,OO 샤** 섀도우 스틱 1.4g 1개,가격도 저렴하고 발색도 잘 되고 발림성도 좋습니다. 그리고 가루 날림이 없어서 좋은데 바를때 약간 뭉침은 있어요. 그래도 쓸만해요.,발색력,발색도 잘 되고,1,[속성] 발색력 [문장] 발색도 잘 되고,0,발색력,unchanged
validation,train,[속성] 지속력/유지력 [문장] 지속력도 오래갑니다.,671602,쇼핑몰,메이크업/뷰티소품,OO 프** 아이팔레트 6g 1개,싸게 살 수 있어서 좋습니다. 데일리 눈 화장으로 자주 사용하기 좋을 것 같습니다. 색들이 무난하고 지속력도 오래갑니다.,지속력/유지력,지속력도 오래갑니다.,1,[속성] 지속력/유지력 [문장] 지속력도 오래갑니다.,0,지속력/유지력,unchanged
validation,train,[속성] 밀착력/접착력 [문장] 가루날림도 없고,671745,쇼핑몰,메이크업/뷰티소품,OO 샤** 섀도우 스틱 1.4g 1개,가격도 저렴하고 배송도 빨라요. 발림성이 좋고 색상도 맘에 듭니다. 주로 사용하는 색상만 골라서 4가지 구입했습니다. 가루날림도 없고 스틱이라 사용하기 편합니다.,밀착력/접착력,가루날림도 없고,1,[속성] 밀착력/접착력 [문장] 가루날림도 없고,0,밀착력/접착력,unchanged
validation,train,[속성] 보습력/수분감 [문장] 보습력이 좋아,661816,쇼핑몰,메이크업/뷰티소품,OO 루** 슬림 쉬어 마뜨 2g 1개,제형이 매트하지만 보습력이 좋아 촉촉하고 착색력이 좋습니다. 바르고 잠시만 기다리면 색이 확 올라와요. 자연스러운 색 좋아하시는 분이라면 이 색이 딱입니다. 향도 좋아 바를 때 기분 전환되네요. 다만 지속력이 조금 떨어져서 차 마시고 나면 지워져 다시 발라야 됩니다. 그래도 좋아요. 마음에 들어요.,보습력/수분감,보습력이 좋아,1,[속성] 보습력/수분감 [문장] 보습력이 좋아,0,보습력/수분감/쿨링감,merged_duplicate_label
validation,train,[속성] 향 [문장] 향도 좋아,661816,쇼핑몰,메이크업/뷰티소품,OO 루** 슬림 쉬어 마뜨 2g 1개,제형이 매트하지만 보습력이 좋아 촉촉하고 착색력이 좋습니다. 바르고 잠시만 기다리면 색이 확 올라와요. 자연스러운 색 좋아하시는 분이라면 이 색이 딱입니다. 향도 좋아 바를 때 기분 전환되네요. 다만 지속력이 조금 떨어져서 차 마시고 나면 지워져 다시 발라야 됩니다. 그래도 좋아요. 마음에 들어요.,향,향도 좋아,1,[속성] 향 [문장] 향도 좋아,0,향,unchanged
validation,train,[속성] 제형 [문장] 제형이 매트하지만,661816,쇼핑몰,메이크업/뷰티소품,OO 루** 슬림 쉬어 마뜨 2g 1개,제형이 매트하지만 보습력이 좋아 촉촉하고 착색력이 좋습니다. 바르고 잠시만 기다리면 색이 확 올라와요. 자연스러운 색 좋아하시는 분이라면 이 색이 딱입니다. 향도 좋아 바를 때 기분 전환되네요. 다만 지속력이 조금 떨어져서 차 마시고 나면 지워져 다시 발라야 됩니다. 그래도 좋아요. 마음에 들어요.,제형,제형이 매트하지만,-1,[속성] 제형 [문장] 제형이 매트하지만,1,제형,unchanged
validation,train,[속성] 보습력/수분감 [문장] 촉촉해서 좋은데,667000,쇼핑몰,메이크업/뷰티소품,OO 울** 립글로우 3.4g 1개,OOO 립밤 몇 년째 쓰다가 다른 색상으로 바꿔서 구입했네요. 언제나 마무리는 립글로우로 촉촉해서 좋은데 무색이면 좋을 듯합니다. 가격도 좀 내리면 좋을 것 같아요.,보습력/수분감,촉촉해서 좋은데,1,[속성] 보습력/수분감 [문장] 촉촉해서 좋은데,0,보습력/수분감/쿨링감,merged_duplicate_label
validation,train,[속성] 색상 [문장] 색상도 안 예쁘고,666435,쇼핑몰,메이크업/뷰티소품,OO 한** 립밤 4g 1개,입술이 건조해서 구매했습니다. 발랐는데 촉촉하지 않네요. 겨울에는 립스틱 보다 립밤을 많이 사용하는데 색상도 안 예쁘고 건조해서 아쉽습니다.,색상,색상도 안 예쁘고,-1,[속성] 색상 [문장] 색상도 안 예쁘고,1,색상,unchanged
validation,train,[속성] 보습력/수분감 [문장] 건조해서 아쉽습니다.,666435,쇼핑몰,메이크업/뷰티소품,OO 한** 립밤 4g 1개,입술이 건조해서 구매했습니다. 발랐는데 촉촉하지 않네요. 겨울에는 립스틱 보다 립밤을 많이 사용하는데 색상도 안 예쁘고 건조해서 아쉽습니다.,보습력/수분감,건조해서 아쉽습니다.,-1,[속성] 보습력/수분감 [문장] 건조해서 아쉽습니다.,1,보습력/수분감/쿨링감,merged_duplicate_label
validation,train,[속성] 발림성 [문장] 발림성 좋고,664246,쇼핑몰,메이크업/뷰티소품,OO 파** 리퀴드 립컬러 5ml 1개,친구 선물로 주문했습니다. 발림성 좋고 발색도 좋아요. 친구가 너무 좋아하는 거 보니 저도 좋습니다.,발림성,발림성 좋고,1,[속성] 발림성 [문장] 발림성 좋고,0,발림성,unchanged
validation,train,[속성] 발색력 [문장] 발색도 좋아요.,664246,쇼핑몰,메이크업/뷰티소품,OO 파** 리퀴드 립컬러 5ml 1개,친구 선물로 주문했습니다. 발림성 좋고 발색도 좋아요. 친구가 너무 좋아하는 거 보니 저도 좋습니다.,발색력,발색도 좋아요.,1,[속성] 발색력 [문장] 발색도 좋아요.,0,발색력,unchanged
validation,train,[속성] 품질 [문장] 품질에 만족합니다.,666132,쇼핑몰,메이크업/뷰티소품,OO 한** 립밤 4g 1개,"립밤1호, 립밤2호 두 개 샀습니다. 립밤1호를 먼저 쓰고 있는데 품질에 만족합니다. 립밤2호도 발색만 다르고 보습 효과는 비슷할듯해요.",품질,품질에 만족합니다.,1,[속성] 품질 [문장] 품질에 만족합니다.,0,품질,unchanged
validation,train,[속성] 흡수력 [문장] 끈적하지 않고,666994,쇼핑몰,메이크업/뷰티소품,OO 울** 립글로우 3.4g 1개,코랄 색상이랑 울트라 코랄 색상 중에 고민하다가 기본 색상이 좋을 것 같아서 코랄 색상으로 주문했습니다. 아무래도 기본 색상이 다른 립스틱 위에 쓰기에도 좋으니까요. 그리고 후기에 울트라 코랄 색상보다 코랄 색상이 더 촉촉하다고 해서 골랐는데 너무 촉촉합니다. 샘플로 OOO 향수 주신 것도 좋았어요. 발림성도 좋고 끈적하지 않고 촉촉해요. 생기 있어 보이게 발색되어서 더 만족합니다. 자연스러운 발색으로 화장 안 한 얼굴에 바르기 부담 없어요. 포장도 정성스러워서 좋았고 배송도 빨라서 좋았어요.,흡수력,끈적하지 않고,1,[속성] 흡수력 [문장] 끈적하지 않고,0,흡수력,unchanged
validation,train,[속성] 보습력/수분감 [문장] 촉촉해요.,666994,쇼핑몰,메이크업/뷰티소품,OO 울** 립글로우 3.4g 1개,코랄 색상이랑 울트라 코랄 색상 중에 고민하다가 기본 색상이 좋을 것 같아서 코랄 색상으로 주문했습니다. 아무래도 기본 색상이 다른 립스틱 위에 쓰기에도 좋으니까요. 그리고 후기에 울트라 코랄 색상보다 코랄 색상이 더 촉촉하다고 해서 골랐는데 너무 촉촉합니다. 샘플로 OOO 향수 주신 것도 좋았어요. 발림성도 좋고 끈적하지 않고 촉촉해요. 생기 있어 보이게 발색되어서 더 만족합니다. 자연스러운 발색으로 화장 안 한 얼굴에 바르기 부담 없어요. 포장도 정성스러워서 좋았고 배송도 빨라서 좋았어요.,보습력/수분감,촉촉해요.,1,[속성] 보습력/수분감 [문장] 촉촉해요.,0,보습력/수분감/쿨링감,merged_duplicate_label
validation,train,[속성] 기능/효과 [문장] 저에게 딱 맞는 제품입니다.,672426,쇼핑몰,메이크업/뷰티소품,OO 무** 멀티 아이 컬러 팔레트 8.1g 1개,기존에 쓰던 팔레트 제품이 별로라서 고민하다가 구매했습니다. 일단 발색이 너무 잘되네요. 저에게 딱 맞는 제품입니다. 특히 이 팔레트는 제가 좋아하는 색만 있어서 더 좋아요. 펄이 없는 색감이라 더 좋고 펄이 없는 색감으로 음영 원하시는 분들께 추천합니다.,기능/효과,저에게 딱 맞는 제품입니다.,1,[속성] 기능/효과 [문장] 저에게 딱 맞는 제품입니다.,0,기능/효과,unchanged
validation,train,[속성] 발림성 [문장] 발림성도 부드러워서 좋고,664920,쇼핑몰,메이크업/뷰티소품,OO 벨** 립틴트 4g 1개,컬러가 예쁩니다. 제가 원하던 컬러라서 좋아요. 발림성도 부드러워서 좋고 발색도 이 정도면 좋은 편입니다. 향은 없어서 좋아요. 앞으로 자주 구매할 것 같아요.,발림성,발림성도 부드러워서 좋고,1,[속성] 발림성 [문장] 발림성도 부드러워서 좋고,0,발림성,unchanged
validation,train,[속성] 가격 [문장] 여기가 제일 저렴해서 구매했습니다.,662136,쇼핑몰,메이크업/뷰티소품,OO 제** 립밤 4g 1개,20대 후반의 남자이고 피부 타입은 복합성 피부입니다. 몇 년 전부터 이것만 사용하네요. 다른 제품 여러 종류 사용해봤는데 이 제품이 지속력이 제일 좋은 거 같습니다. 처음에 발랐을 때 입술이 반짝여서 좋습니다. 여기가 제일 저렴해서 구매했습니다. 흰 통만 사용했는데 파란 통도 사용해보려고 구매했습니다.,가격,여기가 제일 저렴해서 구매했습니다.,1,[속성] 가격 [문장] 여기가 제일 저렴해서 구매했습니다.,0,가격,unchanged
validation,train,[속성] 지속력/유지력 [문장] 오래갑니다.,668964,쇼핑몰,메이크업/뷰티소품,OO 에** 슈퍼 롱래쉬 6ml 1개,유명하다고 해서 샀어요. 뷰러로 속눈썹 업하고 바르면 오래갑니다. 오래 유지되는 건 좋은데 처음 쓰는 거라 그런지 속눈썹에 하얗게 묻어나요. 그래도 만족합니다.,지속력/유지력,오래갑니다.,1,[속성] 지속력/유지력 [문장] 오래갑니다.,0,지속력/유지력,unchanged
validation,train,[속성] 사용감 [문장] 사용감도 무겁고,662595,쇼핑몰,메이크업/뷰티소품,OO 바** 워터 틴트 4.3g 1개,색이 진해서 아쉽네요. 사용감도 무겁고 건조해서 겨울에 사용하기 안 좋네요.,사용감,사용감도 무겁고,-1,[속성] 사용감 [문장] 사용감도 무겁고,1,사용감,unchanged
validation,train,[속성] 보습력/수분감 [문장] 건조해서,662595,쇼핑몰,메이크업/뷰티소품,OO 바** 워터 틴트 4.3g 1개,색이 진해서 아쉽네요. 사용감도 무겁고 건조해서 겨울에 사용하기 안 좋네요.,보습력/수분감,건조해서,-1,[속성] 보습력/수분감 [문장] 건조해서,1,보습력/수분감/쿨링감,merged_duplicate_label
validation,train,[속성] 기능/효과 [문장] 겨울에 사용하기 안 좋네요.,662595,쇼핑몰,메이크업/뷰티소품,OO 바** 워터 틴트 4.3g 1개,색이 진해서 아쉽네요. 사용감도 무겁고 건조해서 겨울에 사용하기 안 좋네요.,기능/효과,겨울에 사용하기 안 좋네요.,-1,[속성] 기능/효과 [문장] 겨울에 사용하기 안 좋네요.,1,기능/효과,unchanged
validation,train,[속성] 발색력 [문장] 발색도 은은하고,666839,쇼핑몰,메이크업/뷰티소품,OO 울** 립글로우 3.4g 1개,ㅇㅇ 립밤은 다 사용하고 있습니다. 립밤 중에 ㅇㅇ올 립밤 이상으로 좋은 품질의 제품이 없는 것 같아요. 디자인도 예쁘고 발색도 은은하고 지속력 오래가고 칼러감 너무 예쁩니다. 계속 꾸준히 쓰게 되는 립밤입니다. 없으면 불안할 정도네요. 겨울뿐만 아니라 요즘같이 건조한 봄에도 꼭 필요한 필수템입니다.,발색력,발색도 은은하고,1,[속성] 발색력 [문장] 발색도 은은하고,0,발색력,unchanged
validation,train,[속성] 지속력/유지력 [문장] 지속력 오래가고,666839,쇼핑몰,메이크업/뷰티소품,OO 울** 립글로우 3.4g 1개,ㅇㅇ 립밤은 다 사용하고 있습니다. 립밤 중에 ㅇㅇ올 립밤 이상으로 좋은 품질의 제품이 없는 것 같아요. 디자인도 예쁘고 발색도 은은하고 지속력 오래가고 칼러감 너무 예쁩니다. 계속 꾸준히 쓰게 되는 립밤입니다. 없으면 불안할 정도네요. 겨울뿐만 아니라 요즘같이 건조한 봄에도 꼭 필요한 필수템입니다.,지속력/유지력,지속력 오래가고,1,[속성] 지속력/유지력 [문장] 지속력 오래가고,0,지속력/유지력,unchanged
validation,train,[속성] 발림성 [문장] 발림성이 부드럽고,666133,쇼핑몰,메이크업/뷰티소품,OO 한** 립밤 4g 1개,이 브랜드는 안 좋은 제품이 없는 것 같습니다. 촉촉하고 끈적이지 않아 머리카락이 붙지도 않고 발림성이 부드럽고 자극도 없습니다. 구성품인 클렌징폼도 좋습니다.,발림성,발림성이 부드럽고,1,[속성] 발림성 [문장] 발림성이 부드럽고,0,발림성,unchanged
validation,train,[속성] 자극성 [문장] 자극도 없습니다.,666133,쇼핑몰,메이크업/뷰티소품,OO 한** 립밤 4g 1개,이 브랜드는 안 좋은 제품이 없는 것 같습니다. 촉촉하고 끈적이지 않아 머리카락이 붙지도 않고 발림성이 부드럽고 자극도 없습니다. 구성품인 클렌징폼도 좋습니다.,자극성,자극도 없습니다.,1,[속성] 자극성 [문장] 자극도 없습니다.,0,자극성,unchanged
validation,train,[속성] 보습력/수분감 [문장] 보습력이 좋아서,668050,쇼핑몰,메이크업/뷰티소품,OO 후** 립케어 4.8g 1개,보습력이 좋아서 떨어지면 입술 말라서 못견딥니다. 망고가 제일 기대되서 젤 먼저 사용하고 있는데 좋아요. 향긋하고 강한향이 아니라 향이 거부감도 없습니다. 색은 투명해서 마스크에 안묻어서 좋네요.,보습력/수분감,보습력이 좋아서,1,[속성] 보습력/수분감 [문장] 보습력이 좋아서,0,보습력/수분감/쿨링감,merged_duplicate_label
validation,train,[속성] 가격 [문장] 비싸게 주고 샀는데,666973,쇼핑몰,메이크업/뷰티소품,OO 울** 립글로우 3.4g 1개,후기보고 선물용으로 구입했습니다. 비싸게 주고 샀는데 생각보다 포장도 별로고 샘플이 하나도 안 와서 아쉽네요.,가격,비싸게 주고 샀는데,-1,[속성] 가격 [문장] 비싸게 주고 샀는데,1,가격,unchanged
validation,train,[속성] 제품구성 [문장] 샘플이 하나도 안 와서 아쉽네요.,666973,쇼핑몰,메이크업/뷰티소품,OO 울** 립글로우 3.4g 1개,후기보고 선물용으로 구입했습니다. 비싸게 주고 샀는데 생각보다 포장도 별로고 샘플이 하나도 안 와서 아쉽네요.,제품구성,샘플이 하나도 안 와서 아쉽네요.,-1,[속성] 제품구성 [문장] 샘플이 하나도 안 와서 아쉽네요.,1,제품구성,unchanged
validation,train,[속성] 색상 [문장] 색상도 예쁘고,661922,쇼핑몰,메이크업/뷰티소품,OO 루** 슬림 쉬어 마뜨 2g 1개,원래 사용하던 색상인데 잃어버려서 재구매했네요. 역시 색상도 예쁘고 촉촉해서 발림성도 좋네요. 대신 지속력은 떨어집니다.,색상,색상도 예쁘고,1,[속성] 색상 [문장] 색상도 예쁘고,0,색상,unchanged
validation,train,[속성] 발림성 [문장] 발림성도 좋네요,661922,쇼핑몰,메이크업/뷰티소품,OO 루** 슬림 쉬어 마뜨 2g 1개,원래 사용하던 색상인데 잃어버려서 재구매했네요. 역시 색상도 예쁘고 촉촉해서 발림성도 좋네요. 대신 지속력은 떨어집니다.,발림성,발림성도 좋네요,1,[속성] 발림성 [문장] 발림성도 좋네요,0,발림성,unchanged
validation,train,[속성] 보습력/수분감 [문장] 매트하면서도,664080,쇼핑몰,메이크업/뷰티소품,OO 파** 리퀴드 립컬러 5ml 1개,평소 ㅇㅇㅇ을 자주 사용하는데 이건 매트하면서도 부드럽게 잘 발리고 색도 밝은 오렌지색으로 여름에 바르기 정말 좋습니다.,보습력/수분감,매트하면서도,0,[속성] 보습력/수분감 [문장] 매트하면서도,2,보습력/수분감/쿨링감,merged_duplicate_label
validation,train,[속성] 보습력/수분감 [문장] 보습력은 좋아요.,663647,쇼핑몰,메이크업/뷰티소품,OO 맨** 케어 4.8g 1개,좀 짙은 냄새 나고 미끌거리는 감이 있습니다. 보습력은 좋아요. 전에 OO의 OOO 립밤을 주로 많이 써서 그 제품 생각하고 구매했는데 사용감이 생각한 거랑 좀 다르네요. 보습은 좋습니다.,보습력/수분감,보습력은 좋아요.,1,[속성] 보습력/수분감 [문장] 보습력은 좋아요.,0,보습력/수분감/쿨링감,merged_duplicate_label
validation,train,[속성] 보습력/수분감 [문장] 보습은 좋습니다.,663647,쇼핑몰,메이크업/뷰티소품,OO 맨** 케어 4.8g 1개,좀 짙은 냄새 나고 미끌거리는 감이 있습니다. 보습력은 좋아요. 전에 OO의 OOO 립밤을 주로 많이 써서 그 제품 생각하고 구매했는데 사용감이 생각한 거랑 좀 다르네요. 보습은 좋습니다.,보습력/수분감,보습은 좋습니다.,1,[속성] 보습력/수분감 [문장] 보습은 좋습니다.,0,보습력/수분감/쿨링감,merged_duplicate_label
validation,train,[속성] 발색력 [문장] 발색이 너무 예쁘고,667096,쇼핑몰,메이크업/뷰티소품,OO 울** 립글로우 3.4g 1개,항상 OOO 립글로우 기본 핑크 사용하다 평이 좋아 울트라 핑크로 구매했어요. 발색이 너무 예쁘고 사용감이 산뜻하네요. 얼굴이 더 화사하게 보여서 완전 만족합니다.,발색력,발색이 너무 예쁘고,1,[속성] 발색력 [문장] 발색이 너무 예쁘고,0,발색력,unchanged
validation,train,[속성] 발색력 [문장] 발색도 이쁘고,664964,쇼핑몰,메이크업/뷰티소품,OO 벨** 립틴트 4g 1개,발색도 이쁘고 지속력도 좋습니다. 몇 년동안 이것만 쓰고 있어요. 이 색상은 처음 써보는데 앞으로 계속 쓸 거 같아요. 그리고 용기에서 내용물이 새지 않아서 좋아요. 추천합니다.,발색력,발색도 이쁘고,1,[속성] 발색력 [문장] 발색도 이쁘고,0,발색력,unchanged
validation,train,[속성] 지속력/유지력 [문장] 오래 갑니다.,668498,쇼핑몰,메이크업/뷰티소품,OO 후** 립케어 4.8g 1개,입술이 자주 건조해지고 터서 사용한지 오래 됐습니다. 발림성 좋고 촉촉합니다. 바르면 핑크 색상이 나서 피부가 생기있어 보여 좋습니다. 촉촉함도 오래 갑니다.,지속력/유지력,오래 갑니다.,1,[속성] 지속력/유지력 [문장] 오래 갑니다.,0,지속력/유지력,unchanged
validation,train,[속성] 가격 [문장] 저렴해서,664825,쇼핑몰,메이크업/뷰티소품,OO 벨** 립틴트 4g 1개,배송도 느렸고 제품도 별로였어요. 상품평이 좋고 저렴해서 한번 써봤는데 저와는 맞지 않는 제품입니다. 일단 지속력이 없어요. 지속력이 OO보다 못하네요. OOOO 립탑 안 바르면 물만 마셔도 지워질 거 같은 느낌입니다. 재구매 의사는 없습니다.,가격,저렴해서,1,[속성] 가격 [문장] 저렴해서,0,가격,unchanged
validation,train,[속성] 제형 [문장] 제형의 입자도 곱고,672475,쇼핑몰,메이크업/뷰티소품,OO 무** 멀티 아이 컬러 팔레트 8.1g 1개,제형의 입자도 곱고 색상도 화려하고 색상 구성도 골고루 있어서 하나로 여러 느낌을 표현할 수 있어서 좋습니다. 가루 날림도 별로 없고 피부에 밀착도 잘 되고 색상끼리 블랜딩도 잘 됩니다. 유행 타지 않는 컬러들이라 사계절 두루두루 사용하기 좋습니다.,제형,제형의 입자도 곱고,1,[속성] 제형 [문장] 제형의 입자도 곱고,0,제형,unchanged
validation,train,[속성] 지속력/유지력 [문장] 자주 발라줘야 할 것 같습니다.,668341,쇼핑몰,메이크업/뷰티소품,OO 후** 립케어 4.8g 1개,겨울이 다가오니 자주 사용할 것 같아서 OOO 립케어 구매했어요. 입술이 건조한 편이라 발라도 촉촉하지 않네요. 자주 발라줘야 할 것 같습니다. 향도 제 취향은 아니네요.,지속력/유지력,자주 발라줘야 할 것 같습니다.,-1,[속성] 지속력/유지력 [문장] 자주 발라줘야 할 것 같습니다.,1,지속력/유지력,unchanged
validation,train,[속성] 향 [문장] 향도 제 취향은 아니네요.,668341,쇼핑몰,메이크업/뷰티소품,OO 후** 립케어 4.8g 1개,겨울이 다가오니 자주 사용할 것 같아서 OOO 립케어 구매했어요. 입술이 건조한 편이라 발라도 촉촉하지 않네요. 자주 발라줘야 할 것 같습니다. 향도 제 취향은 아니네요.,향,향도 제 취향은 아니네요.,-1,[속성] 향 [문장] 향도 제 취향은 아니네요.,1,향,unchanged
validation,train,[속성] 지속력/유지력 [문장] 지속력은 아쉬워요.,664949,쇼핑몰,메이크업/뷰티소품,OO 벨** 립틴트 4g 1개,항상 사용하는 제품이에요. 지속력은 아쉬워요. 그런데 사은품으로 주신 립틴트가 예상외로 너무 좋아요.,지속력/유지력,지속력은 아쉬워요.,-1,[속성] 지속력/유지력 [문장] 지속력은 아쉬워요.,1,지속력/유지력,unchanged
validation,train,"[속성] 향 [문장] 향도 좋고,",666991,쇼핑몰,메이크업/뷰티소품,OO 울** 립글로우 3.4g 1개,"처음 구매했는데, 만족해요. 예전엔 매트한 OOO만 쓰다가 나이가 들수록 매트하고 진한게 싫어지네요. 입술이 건조한 편이라 주문해서 오자마자 발라봤는데 촉촉함이 좋네요. 다른 색상도 사고 싶네요. 거기다 사은품 향수까지 같이 와서 좋아요. 향도 좋고, 향도 오래 가네요. 거기다 포장까지 예쁘네요.",향,"향도 좋고,",1,"[속성] 향 [문장] 향도 좋고,",0,향,unchanged
validation,train,[속성] 가격 [문장] 가격도 저렴해서,663613,쇼핑몰,메이크업/뷰티소품,OO 맨** 케어 4.8g 1개,원래 쓰던 제품입니다. 가격도 저렴해서 늘 구매하고 있어요. OOO 좋습니다. 남녀 모두 편하게 쓰기 좋은 제품입니다. 순하고 좋습니다.,가격,가격도 저렴해서,1,[속성] 가격 [문장] 가격도 저렴해서,0,가격,unchanged
validation,train,[속성] 자극성 [문장] 순하고 좋습니다.,663613,쇼핑몰,메이크업/뷰티소품,OO 맨** 케어 4.8g 1개,원래 쓰던 제품입니다. 가격도 저렴해서 늘 구매하고 있어요. OOO 좋습니다. 남녀 모두 편하게 쓰기 좋은 제품입니다. 순하고 좋습니다.,자극성,순하고 좋습니다.,1,[속성] 자극성 [문장] 순하고 좋습니다.,0,자극성,unchanged
validation,train,[속성] 색상 [문장] 색상이 예쁩니다.,664648,쇼핑몰,메이크업/뷰티소품,OO 파** 리퀴드 립컬러 5ml 1개,괜찮아서 다음에 재구매하려 합니다. 색상이 예쁩니다. 비비드 푸시아 색상이고 맑습니다. 입술에 착 붙어서 잘 발리네요. 여러번 덧바르면 각질이 일어나거나 뭉칠 수 있으니 적당히 펴바르고 정리하는게 좋습니다. 생각보다 편안하게 발립니다. OOO의 촉촉한 느낌이 그대로 리퀴드에 담긴 것 같습니다. 향도 비슷합니다. 리퀴드가 발색력이 더 좋습니다.,색상,색상이 예쁩니다.,1,[속성] 색상 [문장] 색상이 예쁩니다.,0,색상,unchanged
validation,train,[속성] 발림성 [문장] 잘 발리네요.,664648,쇼핑몰,메이크업/뷰티소품,OO 파** 리퀴드 립컬러 5ml 1개,괜찮아서 다음에 재구매하려 합니다. 색상이 예쁩니다. 비비드 푸시아 색상이고 맑습니다. 입술에 착 붙어서 잘 발리네요. 여러번 덧바르면 각질이 일어나거나 뭉칠 수 있으니 적당히 펴바르고 정리하는게 좋습니다. 생각보다 편안하게 발립니다. OOO의 촉촉한 느낌이 그대로 리퀴드에 담긴 것 같습니다. 향도 비슷합니다. 리퀴드가 발색력이 더 좋습니다.,발림성,잘 발리네요.,1,[속성] 발림성 [문장] 잘 발리네요.,0,발림성,unchanged
validation,train,[속성] 발색력 [문장] 발색이 좋고,668453,쇼핑몰,메이크업/뷰티소품,OO 후** 립케어 4.8g 1개,발색 있는 립글로즈 안 좋아하는 줄 알았는데 동생한테 선물하니 매일 바르고 다닙니다. 발색이 좋고 지속력이 좋다고 합니다. 거의 다 쓰는 것 같아서 다시 선물해주려고 합니다. 이 브랜드가 좋은 이유가 있습니다.,발색력,발색이 좋고,1,[속성] 발색력 [문장] 발색이 좋고,0,발색력,unchanged
validation,train,[속성] 발림성 [문장] 발림성 부드럽고,665130,쇼핑몰,메이크업/뷰티소품,OO 벨** 립틴트 4g 1개,발림성 부드럽고 촉촉하고 좋습니다. 색은 진하게 잘 발색 되네요. 그런데 마스크를 쓰니까 잘 묻어 나서 틴트 같지 않습니다. 다른 색도 사 보고 싶네요. 색이 화면 그대로인 것 같아서 좋습니다.,발림성,발림성 부드럽고,1,[속성] 발림성 [문장] 발림성 부드럽고,0,발림성,unchanged
validation,train,[속성] 보습력/수분감 [문장] 촉촉하고 좋습니다.,665130,쇼핑몰,메이크업/뷰티소품,OO 벨** 립틴트 4g 1개,발림성 부드럽고 촉촉하고 좋습니다. 색은 진하게 잘 발색 되네요. 그런데 마스크를 쓰니까 잘 묻어 나서 틴트 같지 않습니다. 다른 색도 사 보고 싶네요. 색이 화면 그대로인 것 같아서 좋습니다.,보습력/수분감,촉촉하고 좋습니다.,1,[속성] 보습력/수분감 [문장] 촉촉하고 좋습니다.,0,보습력/수분감/쿨링감,merged_duplicate_label
validation,train,[속성] 기능/효과 [문장] 데일리로 사용하기 딱 좋습니다.,672405,쇼핑몰,메이크업/뷰티소품,OO 무** 멀티 아이 컬러 팔레트 8.1g 1개,"타사 제품과 비교하면 제형 가루 날림이 적고, 발색이 잘 되는 편인 거 같아요. 평소에 자주 사용할 수 있는 컬러를 모아놔서 좋고 데일리로 사용하기 딱 좋습니다. 이 팔레트 하나로 몇 십 가지 화장이 가능해서 활용하기 좋아요.",기능/효과,데일리로 사용하기 딱 좋습니다.,1,[속성] 기능/효과 [문장] 데일리로 사용하기 딱 좋습니다.,0,기능/효과,unchanged
validation,train,[속성] 향 [문장] 무향이라서 좋고,663447,쇼핑몰,메이크업/뷰티소품,OO 맨** 케어 4.8g 1개,남편이 계속 찾고 있던 립밤이에요. 무향이라서 좋고 번들거림이 없어서 좋습니다. 남자들이 산뜻하게 부담없이 바르기 좋다고 합니다. 평소 로션 안 바르는 남자도 겨울에 촉촉하게 쓰기 좋습니다. 잘 사용합니다. 말끔한 인상을 위한 관리의 기본이죠,향,무향이라서 좋고,1,[속성] 향 [문장] 무향이라서 좋고,0,향,unchanged
validation,train,[속성] 흡수력 [문장] 번들거림이 없어서 좋습니다.,663447,쇼핑몰,메이크업/뷰티소품,OO 맨** 케어 4.8g 1개,남편이 계속 찾고 있던 립밤이에요. 무향이라서 좋고 번들거림이 없어서 좋습니다. 남자들이 산뜻하게 부담없이 바르기 좋다고 합니다. 평소 로션 안 바르는 남자도 겨울에 촉촉하게 쓰기 좋습니다. 잘 사용합니다. 말끔한 인상을 위한 관리의 기본이죠,흡수력,번들거림이 없어서 좋습니다.,1,[속성] 흡수력 [문장] 번들거림이 없어서 좋습니다.,0,흡수력,unchanged
validation,train,[속성] 보습력/수분감 [문장] 촉촉한 느낌이 좋아요.,662271,쇼핑몰,메이크업/뷰티소품,OO 제** 립밤 4g 1개,부드럽게 잘 발라지고 촉촉한 느낌이 좋아요. 번들거림도 없고 수분도 풍부해서 좋아요. 향은 무향이라 좀 아쉬운 감이 있어요.,보습력/수분감,촉촉한 느낌이 좋아요.,1,[속성] 보습력/수분감 [문장] 촉촉한 느낌이 좋아요.,0,보습력/수분감/쿨링감,merged_duplicate_label
validation,train,[속성] 흡수력 [문장] 번들거림도 없고,662271,쇼핑몰,메이크업/뷰티소품,OO 제** 립밤 4g 1개,부드럽게 잘 발라지고 촉촉한 느낌이 좋아요. 번들거림도 없고 수분도 풍부해서 좋아요. 향은 무향이라 좀 아쉬운 감이 있어요.,흡수력,번들거림도 없고,1,[속성] 흡수력 [문장] 번들거림도 없고,0,흡수력,unchanged
validation,train,[속성] 지속력/유지력 [문장] 촉촉함이 오래가지 않습니다.,663642,쇼핑몰,메이크업/뷰티소품,OO 맨** 케어 4.8g 1개,"건조하고 마른 입술에 사용하고 싶어서 샀는데요. 날마다 사용하게 되지는 않네요. 촉촉함이 오래가지 않습니다. 가을, 겨울에 사용하기는 어려울거 같아요",지속력/유지력,촉촉함이 오래가지 않습니다.,-1,[속성] 지속력/유지력 [문장] 촉촉함이 오래가지 않습니다.,1,지속력/유지력,unchanged
validation,train,[속성] 색상 [문장] 색상도 마음에 듭니다.,670841,쇼핑몰,메이크업/뷰티소품,OO 프** 아이팔레트 6g 1개,가격도 저렴하고 배송도 빨라서 좋았어요. 지속력도 좋고 색상도 마음에 듭니다. 지금 계절에 사용하기 딱 좋습니다.,색상,색상도 마음에 듭니다.,1,[속성] 색상 [문장] 색상도 마음에 듭니다.,0,색상,unchanged
validation,train,[속성] 발색력 [문장] 발색도 좋습니다.,669735,쇼핑몰,메이크업/뷰티소품,OO 에** 드로잉 아이브라우 0.25g 1개,예전에 오프라인으로 구매해서 괜찮은 기억이 있었습니다. 이번에 할인해서 저렴하게 구매했습니다. 가격이 저렴해서 좋았고 발색도 좋습니다. 다른 제품과 마찬가지로 지속력이 길지는 않았습니다. 다른 브랜드랑 비슷한 지속력이네요. 가격이 제일 마음에 듭니다.,발색력,발색도 좋습니다.,1,[속성] 발색력 [문장] 발색도 좋습니다.,0,발색력,unchanged
validation,train,[속성] 보습력/수분감 [문장] 생각보다 매트하고,672478,쇼핑몰,메이크업/뷰티소품,OO 무** 멀티 아이 컬러 팔레트 8.1g 1개,OOO 섀도우가 유명해서 구매해 봤습니다. 그런데 생각했던 것보다 가루 날림이 심해서 당황스러웠어요. 발색되는 색상도 마음에 안 들었고요. 생각보다 매트하고 밀착도 잘 안 되고 구성된 색상들도 조화롭지 않은 거 같아요.,보습력/수분감,생각보다 매트하고,-1,[속성] 보습력/수분감 [문장] 생각보다 매트하고,1,보습력/수분감/쿨링감,merged_duplicate_label
validation,train,[속성] 보습력/수분감 [문장] 생각보다 건조하고,662046,쇼핑몰,메이크업/뷰티소품,OO 제** 립밤 4g 1개,처음 구매한 제품입니다. 입술에서 음식 냄새나 향이 나는 것도 싫어서 무향만 씁니다. 써보니 생각보다 건조하고 향도 있어서 아쉽네요. 비싸게 샀는데 구매 후회합니다.,보습력/수분감,생각보다 건조하고,-1,[속성] 보습력/수분감 [문장] 생각보다 건조하고,1,보습력/수분감/쿨링감,merged_duplicate_label
validation,train,[속성] 가격 [문장] 비싸게 샀는데,662046,쇼핑몰,메이크업/뷰티소품,OO 제** 립밤 4g 1개,처음 구매한 제품입니다. 입술에서 음식 냄새나 향이 나는 것도 싫어서 무향만 씁니다. 써보니 생각보다 건조하고 향도 있어서 아쉽네요. 비싸게 샀는데 구매 후회합니다.,가격,비싸게 샀는데,-1,[속성] 가격 [문장] 비싸게 샀는데,1,가격,unchanged
validation,train,[속성] 지속력/유지력 [문장] 지속력도 짧고,669183,쇼핑몰,메이크업/뷰티소품,OO 에** 슈퍼 롱래쉬 6ml 1개,밀착력이 약하고 속눈썹을 힘있게 세워주는 픽서 기능이 약하네요. 속눈썹 컬이 잘 올라가지 않고 지속력도 짧고 번짐도 있어요.,지속력/유지력,지속력도 짧고,-1,[속성] 지속력/유지력 [문장] 지속력도 짧고,1,지속력/유지력,unchanged
validation,train,[속성] 발림성 [문장] 발림이 좋고,662920,쇼핑몰,메이크업/뷰티소품,OO 속** 틴트 1.6g 1개,전부터 보기만 하다가 포인트를 사용해 저렴하게 네 가지 색상을 구입했습니다. 제형의 질감은 수분 틴트네요. 발색과 발림이 좋고 지속도 오래가는 편입니다. 다만 용량이 적은 점은 아쉽네요.,발림성,발림이 좋고,1,[속성] 발림성 [문장] 발림이 좋고,0,발림성,unchanged
validation,train,[속성] 흡수력 [문장] 잘 스며듭니다.,663835,쇼핑몰,메이크업/뷰티소품,OO 파** 리퀴드 립컬러 5ml 1개,부드럽게 발리고 보송하게 마무리가 되면서 잘 스며듭니다. 색상도 이쁘고 마음에 쏙 들어 추천해요.,흡수력,잘 스며듭니다.,1,[속성] 흡수력 [문장] 잘 스며듭니다.,0,흡수력,unchanged
validation,train,[속성] 색상 [문장] 색상도 이쁘고,663835,쇼핑몰,메이크업/뷰티소품,OO 파** 리퀴드 립컬러 5ml 1개,부드럽게 발리고 보송하게 마무리가 되면서 잘 스며듭니다. 색상도 이쁘고 마음에 쏙 들어 추천해요.,색상,색상도 이쁘고,1,[속성] 색상 [문장] 색상도 이쁘고,0,색상,unchanged
validation,train,[속성] 발색력 [문장] 발색력이 약하고,667147,쇼핑몰,메이크업/뷰티소품,OO 울** 립글로우 3.4g 1개,비싸지만 유명해서 구매해 봤는데 발색력이 약하고 끈적여서 머리카락이 붙어요. 사은품으로 주신 향수는 향이 안 좋네요.,발색력,발색력이 약하고,-1,[속성] 발색력 [문장] 발색력이 약하고,1,발색력,unchanged
validation,train,[속성] 발림성 [문장] 뻑뻑하게 발리고,661942,쇼핑몰,메이크업/뷰티소품,OO 루** 슬림 쉬어 마뜨 2g 1개,뻑뻑하게 발리고 살짝 매트하구요. 향도 장미향이 나는데 너무 진해서 별로네요.,발림성,뻑뻑하게 발리고,-1,[속성] 발림성 [문장] 뻑뻑하게 발리고,1,발림성,unchanged
validation,train,[속성] 향 [문장] 향 좋아요.,668212,쇼핑몰,메이크업/뷰티소품,OO 후** 립케어 4.8g 1개,향 좋아요. 잘 쓰고 있습니다. 향이 마음에 듭니다. 요즘같이 춥고 건조한 날씨엔 입술이 자주 트고 갈라져서 신경 쓰이더라고요. 그럴 때 이걸로 수시로 발라주면 입술을 촉촉하게 보호할 수 있어서 좋은 것 같아요. 원래 무향으로 구매하려고 하다가 이걸로 선택했는데 만족스럽게 잘 사용하고 있어요. 겨울내내 수시로 바르기 딱 좋습니다.,향,향 좋아요.,1,[속성] 향 [문장] 향 좋아요.,0,향,unchanged
validation,train,[속성] 향 [문장] 향이 마음에 듭니다.,668212,쇼핑몰,메이크업/뷰티소품,OO 후** 립케어 4.8g 1개,향 좋아요. 잘 쓰고 있습니다. 향이 마음에 듭니다. 요즘같이 춥고 건조한 날씨엔 입술이 자주 트고 갈라져서 신경 쓰이더라고요. 그럴 때 이걸로 수시로 발라주면 입술을 촉촉하게 보호할 수 있어서 좋은 것 같아요. 원래 무향으로 구매하려고 하다가 이걸로 선택했는데 만족스럽게 잘 사용하고 있어요. 겨울내내 수시로 바르기 딱 좋습니다.,향,향이 마음에 듭니다.,1,[속성] 향 [문장] 향이 마음에 듭니다.,0,향,unchanged
validation,train,[속성] 색상 [문장] 색감도 좋고,665974,쇼핑몰,메이크업/뷰티소품,OO 한** 립밤 4g 1개,지금 잘 사용하고 있어 또 구매했어요. 색감도 좋고 발림성도 좋아요. 좋은 가격에 판매하고 있어서 바로 구입했습니다. 너무 좋습니다.,색상,색감도 좋고,1,[속성] 색상 [문장] 색감도 좋고,0,색상,unchanged
validation,train,[속성] 발림성 [문장] 발림성도 좋아요,665974,쇼핑몰,메이크업/뷰티소품,OO 한** 립밤 4g 1개,지금 잘 사용하고 있어 또 구매했어요. 색감도 좋고 발림성도 좋아요. 좋은 가격에 판매하고 있어서 바로 구입했습니다. 너무 좋습니다.,발림성,발림성도 좋아요,1,[속성] 발림성 [문장] 발림성도 좋아요,0,발림성,unchanged
validation,train,[속성] 가격 [문장] 좋은 가격에,665974,쇼핑몰,메이크업/뷰티소품,OO 한** 립밤 4g 1개,지금 잘 사용하고 있어 또 구매했어요. 색감도 좋고 발림성도 좋아요. 좋은 가격에 판매하고 있어서 바로 구입했습니다. 너무 좋습니다.,가격,좋은 가격에,1,[속성] 가격 [문장] 좋은 가격에,0,가격,unchanged
validation,train,[속성] 보습력/수분감 [문장] 촉촉해서 좋다고 합니다.,663636,쇼핑몰,메이크업/뷰티소품,OO 맨** 케어 4.8g 1개,남편 사줬는데 남성용이라 많이 번들거리지 않으면서 촉촉해서 좋다고 합니다. 패키지도 깔끔하고 향이 없어 부담 없이 사용하기 좋은 것 같습니다.,보습력/수분감,촉촉해서 좋다고 합니다.,1,[속성] 보습력/수분감 [문장] 촉촉해서 좋다고 합니다.,0,보습력/수분감/쿨링감,merged_duplicate_label
validation,train,[속성] 가격 [문장] 저렴한 가격에 잘 구매했어요.,667423,쇼핑몰,메이크업/뷰티소품,OO 울** 립글로우 3.4g 1개,"몇년째 꾸준히 사용하고 있는 제품인데, 이번에 저렴한 가격에 잘 구매했어요. 립스틱 만큼은 아니지만 나름 발색도 잘되고 촉촉해서 외출 할 때 간단히 바르기에 좋을 듯합니다.",가격,저렴한 가격에 잘 구매했어요.,1,[속성] 가격 [문장] 저렴한 가격에 잘 구매했어요.,0,가격,unchanged
validation,train,[속성] 발색력 [문장] 발색도 잘되고,667423,쇼핑몰,메이크업/뷰티소품,OO 울** 립글로우 3.4g 1개,"몇년째 꾸준히 사용하고 있는 제품인데, 이번에 저렴한 가격에 잘 구매했어요. 립스틱 만큼은 아니지만 나름 발색도 잘되고 촉촉해서 외출 할 때 간단히 바르기에 좋을 듯합니다.",발색력,발색도 잘되고,1,[속성] 발색력 [문장] 발색도 잘되고,0,발색력,unchanged
validation,train,[속성] 밀착력/접착력 [문장] 잘 묻어납니다.,665533,쇼핑몰,메이크업/뷰티소품,OO 벨** 립틴트 4g 1개,마스크에 안 묻어난다고 해서 구매한 건데 잘 묻어납니다. 바른 후 바른 듯 안 바른 듯한 발색 느낌은 좋은데 많이 묻어나네요. 밥 먹을때 지워지면서 립 제품 맛이 나는데 좀 거부감이 듭니다. 사진은 바른 후 티슈로 한 번 찍어내고 반 시간 후 다시 찍어낸 겁니다. 많이 묻어나요. 전혀 안 묻어나는 건 없겠지만요. 그래도 발색은 마음에 듭니다. 참고해서 구매하세요.,밀착력/접착력,잘 묻어납니다.,-1,[속성] 밀착력/접착력 [문장] 잘 묻어납니다.,1,밀착력/접착력,unchanged
validation,train,[속성] 보습력/수분감 [문장] 너무 촉촉해서,664898,쇼핑몰,메이크업/뷰티소품,OO 벨** 립틴트 4g 1개,틴트는 발색이나 색상 등 모든 게 마음에 드나 사실 지속력은 그에 반해 떨어져요. 바르고 말린 후에 컵으로 음료를 마셔도 컵에 다 묻어요. 사은품으로 주신 OO 립틴트가 예상 외로 너무 좋네요. 너무 촉촉해서 지속력 별로일 것 같았는데 잘 마르고 지속력도 괜찮고 다른 데 잘 묻지도 않아요. 좋은 제품 사용해볼 수 있는 기회였습니다.,보습력/수분감,너무 촉촉해서,1,[속성] 보습력/수분감 [문장] 너무 촉촉해서,0,보습력/수분감/쿨링감,merged_duplicate_label
validation,train,[속성] 지속력/유지력 [문장] 지속력도 괜찮고,664898,쇼핑몰,메이크업/뷰티소품,OO 벨** 립틴트 4g 1개,틴트는 발색이나 색상 등 모든 게 마음에 드나 사실 지속력은 그에 반해 떨어져요. 바르고 말린 후에 컵으로 음료를 마셔도 컵에 다 묻어요. 사은품으로 주신 OO 립틴트가 예상 외로 너무 좋네요. 너무 촉촉해서 지속력 별로일 것 같았는데 잘 마르고 지속력도 괜찮고 다른 데 잘 묻지도 않아요. 좋은 제품 사용해볼 수 있는 기회였습니다.,지속력/유지력,지속력도 괜찮고,1,[속성] 지속력/유지력 [문장] 지속력도 괜찮고,0,지속력/유지력,unchanged
validation,train,[속성] 가격 [문장] 매장보다 저렴하게 사서 좋아요.,663741,쇼핑몰,메이크업/뷰티소품,OO 파** 리퀴드 립컬러 5ml 1개,사고 싶었던 건데 매장보다 저렴하게 사서 좋아요. 바르는 양에 따라 색상 조절되는데 연하게 발라도 예쁘게 발색됩니다.,가격,매장보다 저렴하게 사서 좋아요.,1,[속성] 가격 [문장] 매장보다 저렴하게 사서 좋아요.,0,가격,unchanged
validation,train,[속성] 지속력/유지력 [문장] 지속력도 짧아요.,671315,쇼핑몰,메이크업/뷰티소품,OO 프** 아이팔레트 6g 1개,구매하고 배송 받았는데 타사이트보다 저렴하지 않았어요. 진한 색상은 발색이 잘 안되고 지속력도 짧아요.,지속력/유지력,지속력도 짧아요.,-1,[속성] 지속력/유지력 [문장] 지속력도 짧아요.,1,지속력/유지력,unchanged
validation,train,[속성] 색상 [문장] 색상도 정말 예쁩니다.,664649,쇼핑몰,메이크업/뷰티소품,OO 파** 리퀴드 립컬러 5ml 1개,아주 마음에 듭니다. 색상도 정말 예쁩니다. 쨍한 코랄 색상이고 통통 튀어서 좋아요. 곧 단종될 제품이라니 아쉽습니다. 인기가 참 많을 것 같은데 계속 생산했으면 좋겠습니다. 입술에 착 붙어서 잘 발려요. 여러번 심하게 덧바르면 각질이 일어나거나 뭉칠 수 있으니 적당히 펴 바르고 정리하는 게 제일 좋아요. 생각보다 되게 편안하게 발립니다. OO 립스틱 색상의 보송한 느낌이 그대로 리퀴드 제형에 담긴 느낌이에요. 향도 비슷하네요. 리퀴드가 발색력이나 밀착력이 더 좋고 OO 립스틱이 그라데이션으로 자연스럽게 슥슥 바르기 좋은 것 같아요.,색상,색상도 정말 예쁩니다.,1,[속성] 색상 [문장] 색상도 정말 예쁩니다.,0,색상,unchanged
validation,train,[속성] 발림성 [문장] 잘 발려요.,664649,쇼핑몰,메이크업/뷰티소품,OO 파** 리퀴드 립컬러 5ml 1개,아주 마음에 듭니다. 색상도 정말 예쁩니다. 쨍한 코랄 색상이고 통통 튀어서 좋아요. 곧 단종될 제품이라니 아쉽습니다. 인기가 참 많을 것 같은데 계속 생산했으면 좋겠습니다. 입술에 착 붙어서 잘 발려요. 여러번 심하게 덧바르면 각질이 일어나거나 뭉칠 수 있으니 적당히 펴 바르고 정리하는 게 제일 좋아요. 생각보다 되게 편안하게 발립니다. OO 립스틱 색상의 보송한 느낌이 그대로 리퀴드 제형에 담긴 느낌이에요. 향도 비슷하네요. 리퀴드가 발색력이나 밀착력이 더 좋고 OO 립스틱이 그라데이션으로 자연스럽게 슥슥 바르기 좋은 것 같아요.,발림성,잘 발려요.,1,[속성] 발림성 [문장] 잘 발려요.,0,발림성,unchanged
validation,train,[속성] 지속력/유지력 [문장] 지속력도 좋네요.,666704,쇼핑몰,메이크업/뷰티소품,OO 한** 립밤 4g 1개,가격도 만족스럽고 향도 좋고 발림성과 지속력도 좋네요. 무색 무광택으로 주문해서 입술이 건조할 때 바르려고 신랑 것도 주문했어요. 나쁜 성분 없는 립밤 제품을 찾다가 이 브랜드가 좋다고 해서 구매했습니다. 써보니 성분이 정말 좋네요.,지속력/유지력,지속력도 좋네요.,1,[속성] 지속력/유지력 [문장] 지속력도 좋네요.,0,지속력/유지력,unchanged
validation,train,[속성] 보습력/수분감 [문장] 건조하네요.,665948,쇼핑몰,메이크업/뷰티소품,OO 한** 립밤 4g 1개,사은품도 안 줘서 아쉽네요. 발림도 뻑뻑하고 건조하네요. 색상도 생각보다 진해서 아쉽습니다.,보습력/수분감,건조하네요.,-1,[속성] 보습력/수분감 [문장] 건조하네요.,1,보습력/수분감/쿨링감,merged_duplicate_label
validation,train,[속성] 발림성 [문장] 잘 발라지지도 않고,668579,쇼핑몰,메이크업/뷰티소품,OO 후** 립케어 4.8g 1개,바뀌기 전이 훨씬 나은 것 같아요. 새로 산 건 체리향도 안 나고 잘 발라지지도 않고 촉촉함도 아쉬워요.,발림성,잘 발라지지도 않고,-1,[속성] 발림성 [문장] 잘 발라지지도 않고,1,발림성,unchanged
validation,train,[속성] 가격 [문장] 가격대비 별로인 거 같아요.,671076,쇼핑몰,메이크업/뷰티소품,OO 프** 아이팔레트 6g 1개,써보고 좋으면 선물도 하려고 구매했습니다. 그런데 디자인이 생각보다 예쁘지 않네요. 원하는 색상으로 발색되지도 않고요. 가격대비 별로인 거 같아요.,가격,가격대비 별로인 거 같아요.,-1,[속성] 가격 [문장] 가격대비 별로인 거 같아요.,1,가격,unchanged
validation,train,[속성] 가격 [문장] 가격은 있지만,662201,쇼핑몰,메이크업/뷰티소품,OO 제** 립밤 4g 1개,지인이 좋다고 추천해서 다른 립밤에 비해 가격은 있지만 구매했습니다. 입술이 건조한 편이라 매트하게 발리고 촉촉함도 부족한 느낌이에요.,가격,가격은 있지만,-1,[속성] 가격 [문장] 가격은 있지만,1,가격,unchanged
validation,train,[속성] 발림성 [문장] 발림성도 좋은데,664656,쇼핑몰,메이크업/뷰티소품,OO 파** 리퀴드 립컬러 5ml 1개,"상품평만 보고 구매하게 되어 걱정했는데 색감이 예쁘고, 발림성도 좋은데 오래 지속되지는 않네요.",발림성,발림성도 좋은데,1,[속성] 발림성 [문장] 발림성도 좋은데,0,발림성,unchanged
validation,train,[속성] 지속력/유지력 [문장] 오래 지속되지는 않네요.,664656,쇼핑몰,메이크업/뷰티소품,OO 파** 리퀴드 립컬러 5ml 1개,"상품평만 보고 구매하게 되어 걱정했는데 색감이 예쁘고, 발림성도 좋은데 오래 지속되지는 않네요.",지속력/유지력,오래 지속되지는 않네요.,-1,[속성] 지속력/유지력 [문장] 오래 지속되지는 않네요.,1,지속력/유지력,unchanged
validation,train,[속성] 보습력/수분감 [문장] 적당하게 촉촉하고,668454,쇼핑몰,메이크업/뷰티소품,OO 후** 립케어 4.8g 1개,마스크를 쓰고 다녀야하기 때문에 메이크업은 포기하고 간간히 OOO 립케어를 발라줍니다. 입술이 적당하게 촉촉하고 자연색을 유지해서 좋아요.,보습력/수분감,적당하게 촉촉하고,1,[속성] 보습력/수분감 [문장] 적당하게 촉촉하고,0,보습력/수분감/쿨링감,merged_duplicate_label
validation,train,[속성] 보습력/수분감 [문장] 촉촉하지도 않아서 아쉽네요.,666720,쇼핑몰,메이크업/뷰티소품,OO 한** 립밤 4g 1개,배송도 느리고 비싼 금액에 사서 아쉽습니다. 촉촉하지도 않아서 아쉽네요. 재구매는 없을 듯합니다.,보습력/수분감,촉촉하지도 않아서 아쉽네요.,-1,[속성] 보습력/수분감 [문장] 촉촉하지도 않아서 아쉽네요.,1,보습력/수분감/쿨링감,merged_duplicate_label
validation,train,[속성] 지속력/유지력 [문장] 지속력이 아쉽지만,663857,쇼핑몰,메이크업/뷰티소품,OO 파** 리퀴드 립컬러 5ml 1개,지속력이 아쉽지만 발색이 좋고 유통기한이 길어서 좋습니다. 배송도 빨리 왔습니다.,지속력/유지력,지속력이 아쉽지만,-1,[속성] 지속력/유지력 [문장] 지속력이 아쉽지만,1,지속력/유지력,unchanged
validation,train,[속성] 유통기한 [문장] 유통기한이 길어서 좋습니다.,663857,쇼핑몰,메이크업/뷰티소품,OO 파** 리퀴드 립컬러 5ml 1개,지속력이 아쉽지만 발색이 좋고 유통기한이 길어서 좋습니다. 배송도 빨리 왔습니다.,유통기한,유통기한이 길어서 좋습니다.,1,[속성] 유통기한 [문장] 유통기한이 길어서 좋습니다.,0,유통기한,unchanged
validation,train,[속성] 가격 [문장] 가격은 비싸게 주고 샀는데,662097,쇼핑몰,메이크업/뷰티소품,OO 제** 립밤 4g 1개,오자마자 몇 번 사용해봤는데 건성 피부한테 좋지 않네요. 유통기한도 짧은 제품이 와서 아쉽습니다. 가격은 비싸게 주고 샀는데 향도 안 좋아서 구매 후회합니다.,가격,가격은 비싸게 주고 샀는데,-1,[속성] 가격 [문장] 가격은 비싸게 주고 샀는데,1,가격,unchanged
validation,train,[속성] 향 [문장] 향도 안 좋아서,662097,쇼핑몰,메이크업/뷰티소품,OO 제** 립밤 4g 1개,오자마자 몇 번 사용해봤는데 건성 피부한테 좋지 않네요. 유통기한도 짧은 제품이 와서 아쉽습니다. 가격은 비싸게 주고 샀는데 향도 안 좋아서 구매 후회합니다.,향,향도 안 좋아서,-1,[속성] 향 [문장] 향도 안 좋아서,1,향,unchanged
validation,train,[속성] 가격 [문장] 가격이 저렴하지는 않지만,672370,쇼핑몰,메이크업/뷰티소품,OO 무** 멀티 아이 컬러 팔레트 8.1g 1개,주변에서 추천해서 구입해서 가격이 저렴하지는 않지만 구매했어요. 배송도 빠르게 잘 왔습니다. 색이 전체적으로 저와 안 맞네요.,가격,가격이 저렴하지는 않지만,-1,[속성] 가격 [문장] 가격이 저렴하지는 않지만,1,가격,unchanged
validation,train,[속성] 색상 [문장] 색상이 예뻐요.,661835,쇼핑몰,메이크업/뷰티소품,OO 루** 슬림 쉬어 마뜨 2g 1개,기존에 사용하던 제품입니다. 색상이 예뻐요. 지속력이 좀 떨어지긴 해요. 매트하지만 부드럽게 잘 발려요. 각질 부각이 심한 입술에도 부드럽게 잘 발립니다.,색상,색상이 예뻐요.,1,[속성] 색상 [문장] 색상이 예뻐요.,0,색상,unchanged
validation,train,[속성] 발림성 [문장] 부드럽게 잘 발려요.,661835,쇼핑몰,메이크업/뷰티소품,OO 루** 슬림 쉬어 마뜨 2g 1개,기존에 사용하던 제품입니다. 색상이 예뻐요. 지속력이 좀 떨어지긴 해요. 매트하지만 부드럽게 잘 발려요. 각질 부각이 심한 입술에도 부드럽게 잘 발립니다.,발림성,부드럽게 잘 발려요.,1,[속성] 발림성 [문장] 부드럽게 잘 발려요.,0,발림성,unchanged
validation,train,[속성] 발림성 [문장] 각질 부각이 심한 입술에도 부드럽게 잘 발립니다.,661835,쇼핑몰,메이크업/뷰티소품,OO 루** 슬림 쉬어 마뜨 2g 1개,기존에 사용하던 제품입니다. 색상이 예뻐요. 지속력이 좀 떨어지긴 해요. 매트하지만 부드럽게 잘 발려요. 각질 부각이 심한 입술에도 부드럽게 잘 발립니다.,발림성,각질 부각이 심한 입술에도 부드럽게 잘 발립니다.,1,[속성] 발림성 [문장] 각질 부각이 심한 입술에도 부드럽게 잘 발립니다.,0,발림성,unchanged
validation,train,[속성] 기능/효과 [문장] 여름에 사용하기 좋은 것 같습니다.,665256,쇼핑몰,메이크업/뷰티소품,OO 벨** 립틴트 4g 1개,테스트 해보고 구매한 거라서 기대가 되네요. 배송은 느렸습니다. 지속력이 있는 거 같아서 만족합니다. 여름에 사용하기 좋은 것 같습니다.,기능/효과,여름에 사용하기 좋은 것 같습니다.,1,[속성] 기능/효과 [문장] 여름에 사용하기 좋은 것 같습니다.,0,기능/효과,unchanged
validation,train,[속성] 용량/개수 [문장] 가격대비 용량이 적어요.,664827,쇼핑몰,메이크업/뷰티소품,OO 벨** 립틴트 4g 1개,가격대비 용량이 적어요. 매트하게 발리고 쉽게 잘 지워지는 것 같습니다. 유지력도 약하고 이쁘게 발색되지 않네요.,용량/개수,가격대비 용량이 적어요.,-1,[속성] 용량/개수 [문장] 가격대비 용량이 적어요.,1,용량/개수,unchanged
validation,train,[속성] 발색력 [문장] 발색이 잘 됩니다.,662869,쇼핑몰,메이크업/뷰티소품,OO 속** 틴트 1.6g 1개,발색이 잘 됩니다. 발림이 부드럽고 상큼한 향이 납니다. 발색이 좋은 편이지만 유지력은 아쉽습니다. 케이스가 귀엽고 휴대하기 편합니다.,발색력,발색이 잘 됩니다.,1,[속성] 발색력 [문장] 발색이 잘 됩니다.,0,발색력,unchanged
validation,train,[속성] 발림성 [문장] 발림이 부드럽고,662869,쇼핑몰,메이크업/뷰티소품,OO 속** 틴트 1.6g 1개,발색이 잘 됩니다. 발림이 부드럽고 상큼한 향이 납니다. 발색이 좋은 편이지만 유지력은 아쉽습니다. 케이스가 귀엽고 휴대하기 편합니다.,발림성,발림이 부드럽고,1,[속성] 발림성 [문장] 발림이 부드럽고,0,발림성,unchanged
validation,train,[속성] 편의성/활용성 [문장] 휴대하기 편합니다.,662869,쇼핑몰,메이크업/뷰티소품,OO 속** 틴트 1.6g 1개,발색이 잘 됩니다. 발림이 부드럽고 상큼한 향이 납니다. 발색이 좋은 편이지만 유지력은 아쉽습니다. 케이스가 귀엽고 휴대하기 편합니다.,편의성/활용성,휴대하기 편합니다.,1,[속성] 편의성/활용성 [문장] 휴대하기 편합니다.,0,편의성/활용성,unchanged
validation,train,[속성] 보습력/수분감 [문장] 촉촉하면서,661967,쇼핑몰,메이크업/뷰티소품,OO 루** 슬림 쉬어 마뜨 2g 1개,발림성도 좋고 처음에 조금 촉촉하게 발리는 것 같다 가도 매트한것 같기도 합니다. 매장에 가서 테스트 해보시는게 좋을 듯 합니다. 또한 자연스럽게 피부 표현이 되는 것 같아서 너무 좋았습니다. 제형이 매트해 보이는 질감이지만 촉촉하면서 매트하다라고 생각하면 될듯해요.,보습력/수분감,촉촉하면서,1,[속성] 보습력/수분감 [문장] 촉촉하면서,0,보습력/수분감/쿨링감,merged_duplicate_label
validation,train,[속성] 지속력/유지력 [문장] 지속력도 정말 좋습니다.,665438,쇼핑몰,메이크업/뷰티소품,OO 벨** 립틴트 4g 1개,맑은 레드가 예뻐서 마음에 들어요. 조금만 바르면 핑크빛이 발색 되어 좋네요. 지속력도 정말 좋습니다. 사용한 지 몇 년 됐습니다. 발림성이 가볍네요.,지속력/유지력,지속력도 정말 좋습니다.,1,[속성] 지속력/유지력 [문장] 지속력도 정말 좋습니다.,0,지속력/유지력,unchanged
validation,train,[속성] 용기 [문장] 케이스도 예쁩니다.,661912,쇼핑몰,메이크업/뷰티소품,OO 루** 슬림 쉬어 마뜨 2g 1개,데일리로 사용하기 좋은 듯합니다. 각질 부각도 없고 케이스도 예쁩니다. 촉촉한 질감보다 매트한 질감을 선호하는데 매트해서 마음에 들었습니다. 다음에는 다른 색상으로 구매해서 사용해보겠습니다.,용기,케이스도 예쁩니다.,1,[속성] 용기 [문장] 케이스도 예쁩니다.,0,용기,unchanged
validation,train,[속성] 보습력/수분감 [문장] 보습력도 별로고,668284,쇼핑몰,메이크업/뷰티소품,OO 후** 립케어 4.8g 1개,바를 때 향이 너무 좋지 않아서 재구매할 생각은 전혀 없어요. 상한 립밤 바르는 듯한 냄새가 나요. 튼 입술에 보습력도 별로고 OOO랑 비교하게 되네요. 오히려 OOO가 얼마나 좋은지 이제야 깨달았어요.,보습력/수분감,보습력도 별로고,-1,[속성] 보습력/수분감 [문장] 보습력도 별로고,1,보습력/수분감/쿨링감,merged_duplicate_label
validation,train,[속성] 품질 [문장] 상품 품질이 좋아 마음에 드네요.,664483,쇼핑몰,메이크업/뷰티소품,OO 파** 리퀴드 립컬러 5ml 1개,상품 품질이 좋아 마음에 드네요. OOO은 색감이 예쁘고 은은하게 발색되어 좋아요. 적립금으로 싸게 구매했습니다. 매트하게 잘 발리고 케이스도 예뻐요. 추천합니다. 다른 색도 궁금하네요.,품질,상품 품질이 좋아 마음에 드네요.,1,[속성] 품질 [문장] 상품 품질이 좋아 마음에 드네요.,0,품질,unchanged
validation,train,[속성] 색상 [문장] 색감이 예쁘고,664483,쇼핑몰,메이크업/뷰티소품,OO 파** 리퀴드 립컬러 5ml 1개,상품 품질이 좋아 마음에 드네요. OOO은 색감이 예쁘고 은은하게 발색되어 좋아요. 적립금으로 싸게 구매했습니다. 매트하게 잘 발리고 케이스도 예뻐요. 추천합니다. 다른 색도 궁금하네요.,색상,색감이 예쁘고,1,[속성] 색상 [문장] 색감이 예쁘고,0,색상,unchanged
validation,train,[속성] 용기 [문장] 케이스도 예뻐요.,664483,쇼핑몰,메이크업/뷰티소품,OO 파** 리퀴드 립컬러 5ml 1개,상품 품질이 좋아 마음에 드네요. OOO은 색감이 예쁘고 은은하게 발색되어 좋아요. 적립금으로 싸게 구매했습니다. 매트하게 잘 발리고 케이스도 예뻐요. 추천합니다. 다른 색도 궁금하네요.,용기,케이스도 예뻐요.,1,[속성] 용기 [문장] 케이스도 예뻐요.,0,용기,unchanged
validation,train,[속성] 색상 [문장] 색상이 마음에 들어요.,664216,쇼핑몰,메이크업/뷰티소품,OO 파** 리퀴드 립컬러 5ml 1개,받자마자 발랐어요. 발림성이 굉장히 부드럽고 입술 안쪽과 바깥쪽이 매끈하게 잘 발라지네요. 화장이라고는 입술만 바르고 다녀서 립컬러 자주 사게 되는데 화면만 보고 선택한 컬러인데도 색상이 마음에 들어요.,색상,색상이 마음에 들어요.,1,[속성] 색상 [문장] 색상이 마음에 들어요.,0,색상,unchanged
validation,train,[속성] 가격 [문장] 가격 저렴하고,668486,쇼핑몰,메이크업/뷰티소품,OO 후** 립케어 4.8g 1개,가격 저렴하고 발색이 있다고 해서 구입했는데 보습감이 좋지는 않네요. 바른 직후는 촉촉하니 괜찮은 듯 하지만 바로 말라서 건조해요. 입술 색은 약간 붉어지면서 예쁘게 발색되네요.,가격,가격 저렴하고,1,[속성] 가격 [문장] 가격 저렴하고,0,가격,unchanged
validation,train,[속성] 발림성 [문장] 발림성도 좋습니다,665645,쇼핑몰,메이크업/뷰티소품,OO 벨** 립틴트 4g 1개,발색 너무 이쁘고 발림성도 좋습니다. 다 써서 재구매했네요. 데일리로 사용하기 좋은거 같습니다.,발림성,발림성도 좋습니다,1,[속성] 발림성 [문장] 발림성도 좋습니다,0,발림성,unchanged
validation,train,[속성] 제품구성 [문장] 사은품도 하나 없네요.,664033,쇼핑몰,메이크업/뷰티소품,OO 파** 리퀴드 립컬러 5ml 1개,립스틱이랑 리퀴드 같이 구매하면서 할인 없이 비싸게 샀는데 세트로 더 저렴하게 판매하고 있는 곳이 있네요. 립스틱이랑 리퀴드 같이 사실 분은 세트로 사세요. 사은품도 하나 없네요.,제품구성,사은품도 하나 없네요.,-1,[속성] 제품구성 [문장] 사은품도 하나 없네요.,1,제품구성,unchanged
validation,train,[속성] 제형 [문장] 제형 입자도 곱고,672437,쇼핑몰,메이크업/뷰티소품,OO 무** 멀티 아이 컬러 팔레트 8.1g 1개,맘에 들어요. 제형 입자도 곱고 발색도 좋아서 조심히 아껴서 발라야겠습니다.,제형,제형 입자도 곱고,1,[속성] 제형 [문장] 제형 입자도 곱고,0,제형,unchanged
validation,train,[속성] 발색력 [문장] 발색도 좋아서,672437,쇼핑몰,메이크업/뷰티소품,OO 무** 멀티 아이 컬러 팔레트 8.1g 1개,맘에 들어요. 제형 입자도 곱고 발색도 좋아서 조심히 아껴서 발라야겠습니다.,발색력,발색도 좋아서,1,[속성] 발색력 [문장] 발색도 좋아서,0,발색력,unchanged
validation,train,[속성] 유통기한 [문장] 유통기한이 짧아서,662354,쇼핑몰,메이크업/뷰티소품,OO 제** 립밤 4g 1개,유통기한이 짧아서 저렴한 가격에 구입했습니다. 평소에 쓰던 립밤보다 무르지 않아서 발림성이 별로였어요. 몇 번 사용하다 보니 끈적이지 않아 오히려 좋은 듯하네요.,유통기한,유통기한이 짧아서,-1,[속성] 유통기한 [문장] 유통기한이 짧아서,1,유통기한,unchanged
validation,train,[속성] 가격 [문장] 저렴한 가격에 구입했습니다.,662354,쇼핑몰,메이크업/뷰티소품,OO 제** 립밤 4g 1개,유통기한이 짧아서 저렴한 가격에 구입했습니다. 평소에 쓰던 립밤보다 무르지 않아서 발림성이 별로였어요. 몇 번 사용하다 보니 끈적이지 않아 오히려 좋은 듯하네요.,가격,저렴한 가격에 구입했습니다.,1,[속성] 가격 [문장] 저렴한 가격에 구입했습니다.,0,가격,unchanged
validation,train,[속성] 편의성/활용성 [문장] 가볍게 바르기 좋습니다.,668545,쇼핑몰,메이크업/뷰티소품,OO 후** 립케어 4.8g 1개,환절기에는 이만한 립케어 제품이 없는 거 같습니다. 발림성도 좋고 색감 또한 연해서 좋아요. 화장하기 싫을 때도 가볍게 바르기 좋습니다. 향도 자극적이지 않고 끈적임도 없습니다.,편의성/활용성,가볍게 바르기 좋습니다.,1,[속성] 편의성/활용성 [문장] 가볍게 바르기 좋습니다.,0,편의성/활용성,unchanged
validation,train,[속성] 향 [문장] 향도 자극적이지 않고,668545,쇼핑몰,메이크업/뷰티소품,OO 후** 립케어 4.8g 1개,환절기에는 이만한 립케어 제품이 없는 거 같습니다. 발림성도 좋고 색감 또한 연해서 좋아요. 화장하기 싫을 때도 가볍게 바르기 좋습니다. 향도 자극적이지 않고 끈적임도 없습니다.,향,향도 자극적이지 않고,1,[속성] 향 [문장] 향도 자극적이지 않고,0,향,unchanged
validation,train,[속성] 흡수력 [문장] 끈적임도 없습니다.,668545,쇼핑몰,메이크업/뷰티소품,OO 후** 립케어 4.8g 1개,환절기에는 이만한 립케어 제품이 없는 거 같습니다. 발림성도 좋고 색감 또한 연해서 좋아요. 화장하기 싫을 때도 가볍게 바르기 좋습니다. 향도 자극적이지 않고 끈적임도 없습니다.,흡수력,끈적임도 없습니다.,1,[속성] 흡수력 [문장] 끈적임도 없습니다.,0,흡수력,unchanged
validation,train,[속성] 지속력/유지력 [문장] 촉촉함이 오래가지 않네요.,668373,쇼핑몰,메이크업/뷰티소품,OO 후** 립케어 4.8g 1개,입술이 매우 건조해서 사계절 내내 립밤 달고 사는데 후기가 좋아서 구매해 봤습니다. 고가의 제품들도 사용해 보았지만 효과가 별로 없어서 이 제품에 기대했어요. 그런데 이 제품도 촉촉함이 오래가지 않네요. 향도 별로 없어서 아쉽고 가격대비 별로네요.,지속력/유지력,촉촉함이 오래가지 않네요.,-1,[속성] 지속력/유지력 [문장] 촉촉함이 오래가지 않네요.,1,지속력/유지력,unchanged
validation,train,[속성] 가격 [문장] 가격대비 별로네요.,668373,쇼핑몰,메이크업/뷰티소품,OO 후** 립케어 4.8g 1개,입술이 매우 건조해서 사계절 내내 립밤 달고 사는데 후기가 좋아서 구매해 봤습니다. 고가의 제품들도 사용해 보았지만 효과가 별로 없어서 이 제품에 기대했어요. 그런데 이 제품도 촉촉함이 오래가지 않네요. 향도 별로 없어서 아쉽고 가격대비 별로네요.,가격,가격대비 별로네요.,-1,[속성] 가격 [문장] 가격대비 별로네요.,1,가격,unchanged
validation,train,[속성] 향 [문장] 무향이라 좋고,663590,쇼핑몰,메이크업/뷰티소품,OO 맨** 케어 4.8g 1개,무향이라 좋고 발랐을 때 끈적이지 않아 좋아요. 끈적이는 걸 싫어해서 이 제품을 구매했는데 향이 없어서 좋아요. 그리고 여성이 사용하기도 좋을 것 같습니다.,향,무향이라 좋고,1,[속성] 향 [문장] 무향이라 좋고,0,향,unchanged
validation,train,[속성] 흡수력 [문장] 끈적이지 않아 좋아요.,663590,쇼핑몰,메이크업/뷰티소품,OO 맨** 케어 4.8g 1개,무향이라 좋고 발랐을 때 끈적이지 않아 좋아요. 끈적이는 걸 싫어해서 이 제품을 구매했는데 향이 없어서 좋아요. 그리고 여성이 사용하기도 좋을 것 같습니다.,흡수력,끈적이지 않아 좋아요.,1,[속성] 흡수력 [문장] 끈적이지 않아 좋아요.,0,흡수력,unchanged
validation,train,[속성] 향 [문장] 향이 없어서 좋아요.,663590,쇼핑몰,메이크업/뷰티소품,OO 맨** 케어 4.8g 1개,무향이라 좋고 발랐을 때 끈적이지 않아 좋아요. 끈적이는 걸 싫어해서 이 제품을 구매했는데 향이 없어서 좋아요. 그리고 여성이 사용하기도 좋을 것 같습니다.,향,향이 없어서 좋아요.,1,[속성] 향 [문장] 향이 없어서 좋아요.,0,향,unchanged
validation,train,[속성] 발림성 [문장] 발림성이 안 좋고,672157,쇼핑몰,메이크업/뷰티소품,OO 샤** 섀도우 스틱 1.4g 1개,발림성이 안 좋고 제 색을 발색하지 못하는 아쉬움이 있습니다. 좀 더 연구개발이 필요할 것 같아요.,발림성,발림성이 안 좋고,-1,[속성] 발림성 [문장] 발림성이 안 좋고,1,발림성,unchanged
validation,train,[속성] 색상 [문장] 색이 마음에 들지 않습니다.,664046,쇼핑몰,메이크업/뷰티소품,OO 파** 리퀴드 립컬러 5ml 1개,색깔 예쁘기로 유명해서 인기 색상으로 2개 샀는데 받아보니 색이 마음에 들지 않습니다. 촉촉하지도 않아서 계속 사용은 못할 것 같습니다.,색상,색이 마음에 들지 않습니다.,-1,[속성] 색상 [문장] 색이 마음에 들지 않습니다.,1,색상,unchanged
validation,train,[속성] 보습력/수분감 [문장] 촉촉하지도 않아서,664046,쇼핑몰,메이크업/뷰티소품,OO 파** 리퀴드 립컬러 5ml 1개,색깔 예쁘기로 유명해서 인기 색상으로 2개 샀는데 받아보니 색이 마음에 들지 않습니다. 촉촉하지도 않아서 계속 사용은 못할 것 같습니다.,보습력/수분감,촉촉하지도 않아서,-1,[속성] 보습력/수분감 [문장] 촉촉하지도 않아서,1,보습력/수분감/쿨링감,merged_duplicate_label
validation,train,[속성] 발림성 [문장] 바를 때 뭉쳐요.,669603,쇼핑몰,메이크업/뷰티소품,OO 에** 슈퍼 롱래쉬 6ml 1개,눈밑에 마스카라를 바르면 잘 번져서 구매했는데 가격대비 제품 효과가 안 좋은 거 같아요. 컬이 오래 유지되지 않고 바를 때 뭉쳐요.,발림성,바를 때 뭉쳐요.,-1,[속성] 발림성 [문장] 바를 때 뭉쳐요.,1,발림성,unchanged
validation,train,[속성] 품질 [문장] 제품 품질도 마음에 들지 않습니다.,662206,쇼핑몰,메이크업/뷰티소품,OO 제** 립밤 4g 1개,배송도 너무 늦게 오고 제품 품질도 마음에 들지 않습니다. 무향 샀는데 촉촉하지도 않습니다.,품질,제품 품질도 마음에 들지 않습니다.,-1,[속성] 품질 [문장] 제품 품질도 마음에 들지 않습니다.,1,품질,unchanged
validation,train,[속성] 보습력/수분감 [문장] 촉촉하지도 않습니다.,662206,쇼핑몰,메이크업/뷰티소품,OO 제** 립밤 4g 1개,배송도 너무 늦게 오고 제품 품질도 마음에 들지 않습니다. 무향 샀는데 촉촉하지도 않습니다.,보습력/수분감,촉촉하지도 않습니다.,-1,[속성] 보습력/수분감 [문장] 촉촉하지도 않습니다.,1,보습력/수분감/쿨링감,merged_duplicate_label
validation,train,[속성] 보습력/수분감 [문장] 발라도 건조해서,668277,쇼핑몰,메이크업/뷰티소품,OO 후** 립케어 4.8g 1개,예전보다 발색이 많이 약한 것 같습니다. 발라도 건조해서 수시로 덧발라줘야 할 것 같아요.,보습력/수분감,발라도 건조해서,-1,[속성] 보습력/수분감 [문장] 발라도 건조해서,1,보습력/수분감/쿨링감,merged_duplicate_label
validation,train,[속성] 색상 [문장] 색상이 이쁘네요.,664695,쇼핑몰,메이크업/뷰티소품,OO 벨** 립틴트 4g 1개,급하게 필요했는데 일찍 와서 좋습니다. 색상이 이쁘네요. 다른 색상 쓰다가 밝은 색상으로 하니까 쨍하니 좋고 쿨톤인 저한테 잘 맞는거 같습니다. 발림성 좋고 지속력도 오래가네요.,색상,색상이 이쁘네요.,1,[속성] 색상 [문장] 색상이 이쁘네요.,0,색상,unchanged
validation,train,[속성] 보습력/수분감 [문장] 건조하지 않고,661903,쇼핑몰,메이크업/뷰티소품,OO 루** 슬림 쉬어 마뜨 2g 1개,한달 사용 후기 인데요. 정말 부드럽게 발립니다. 끈적임도 없고 부드럽게 잘 발려요. 마무리감은 살짝 매트하면서 입술에 착 붙습니다. 그리고 건조하지 않고 육안으로도 매끈해 보입니다.,보습력/수분감,건조하지 않고,1,[속성] 보습력/수분감 [문장] 건조하지 않고,0,보습력/수분감/쿨링감,merged_duplicate_label
validation,train,[속성] 발색력 [문장] 발색도 괜찮습니다.,668389,쇼핑몰,메이크업/뷰티소품,OO 후** 립케어 4.8g 1개,중학교 때 부터 쓰던 것이라 집에서 너무 혈색 없어 보일 때 바르려고 샀어요. 체리향도 좋고 발색도 괜찮습니다. 집에서 바르기 좋습니다. 향이 좋아서 기분 전환도 됩니다.,발색력,발색도 괜찮습니다.,1,[속성] 발색력 [문장] 발색도 괜찮습니다.,0,발색력,unchanged
validation,train,[속성] 지속력/유지력 [문장] 오래 유지되네요,672511,쇼핑몰,메이크업/뷰티소품,OO 무** 멀티 아이 컬러 팔레트 8.1g 1개,원하는 색을 한번에 구매할수 있어 좋았습니다. 주변에 많이 쓰길래 한번 써 보고 구매해 봤습니다. 발림성도 좋고 오래 유지되네요,지속력/유지력,오래 유지되네요,1,[속성] 지속력/유지력 [문장] 오래 유지되네요,0,지속력/유지력,unchanged
validation,train,[속성] 향 [문장] 향도 좋네요.,668382,쇼핑몰,메이크업/뷰티소품,OO 후** 립케어 4.8g 1개,OO립케어 잘 쓰고 있어요. 달콤한 향일 것 같아서 체리를 구입했어요. 색상도 핑크 입술을 유지시켜 주고 향도 좋네요. 컵이랑 여기저기 잘 묻어나는게 좀 아쉽지만 그래도 만족합니다.,향,향도 좋네요.,1,[속성] 향 [문장] 향도 좋네요.,0,향,unchanged
validation,train,[속성] 발림성 [문장] 부드럽게 잘 발라지네요.,664839,쇼핑몰,메이크업/뷰티소품,OO 벨** 립틴트 4g 1개,색감이 오렌지색이라 예쁩니다. 그라데이션 표현이 잘 되게 발색되고 부드럽게 잘 발라지네요. 발라보니 입술이 건조해서 각질 부각이 되고 매트해서 주름에 금방 낍니다. 다만 립스틱 유지 잘해주는 OOO립밤 바르고 얹으면 훨씬 덜 합니다. 단점이 좀 있어도 색이 예뻐서 자주 수정해 주면서 잘 쓰고 있어요.,발림성,부드럽게 잘 발라지네요.,1,[속성] 발림성 [문장] 부드럽게 잘 발라지네요.,0,발림성,unchanged
validation,train,[속성] 제품구성 [문장] 가격대비 구성이 별로네요.,672588,쇼핑몰,메이크업/뷰티소품,OO 무** 멀티 아이 컬러 팔레트 8.1g 1개,원하던 색상이 아니네요. 거울이나 브러쉬 팁이 없어 사용하기 불편합니다. 가격대비 구성이 별로네요.,제품구성,가격대비 구성이 별로네요.,-1,[속성] 제품구성 [문장] 가격대비 구성이 별로네요.,1,제품구성,unchanged
validation,train,[속성] 가격 [문장] 가격도 비싸요,666898,쇼핑몰,메이크업/뷰티소품,OO 울** 립글로우 3.4g 1개,겨울에 사용하려고 구입했습니다. 그런데 색상이 겨울에 어울리는 색이 아니네요. 가격도 비싸요. 배송은 빠릅니다.,가격,가격도 비싸요,-1,[속성] 가격 [문장] 가격도 비싸요,1,가격,unchanged
validation,train,[속성] 발림성 [문장] 발림성 좋은데,663806,쇼핑몰,메이크업/뷰티소품,OO 파** 리퀴드 립컬러 5ml 1개,사은품이 안 왔네요. 화면으로만 보고 골라서 걱정했는데 다행히 색은 괜찮습니다. 쨍한 분홍색이라 풀발색은 촌스러울 수 있어요. 발림성 좋은데 지속력은 좀 아쉽습니다. 그래도 저렴히 사서 만족해요.,발림성,발림성 좋은데,1,[속성] 발림성 [문장] 발림성 좋은데,0,발림성,unchanged
validation,train,[속성] 발림성 [문장] 발림성좋고,668242,쇼핑몰,메이크업/뷰티소품,OO 후** 립케어 4.8g 1개,발림성좋고 흡수도 잘 되는거 같네요. 데일리로 쓰기 좋고 정말 건조했는데 쓰고 많이 촉촉해졌습니다. 무향도 좋은데 가끔은 체리나 딸기향이 나는게 더 좋게 느껴져서 구매했어요. 대체적으로 ㅇㅇㅇ립밤은 데일리로 쓰기 좋습니다.,발림성,발림성좋고,1,[속성] 발림성 [문장] 발림성좋고,0,발림성,unchanged
validation,train,[속성] 기능/효과 [문장] 데일리로 쓰기 좋고,668242,쇼핑몰,메이크업/뷰티소품,OO 후** 립케어 4.8g 1개,발림성좋고 흡수도 잘 되는거 같네요. 데일리로 쓰기 좋고 정말 건조했는데 쓰고 많이 촉촉해졌습니다. 무향도 좋은데 가끔은 체리나 딸기향이 나는게 더 좋게 느껴져서 구매했어요. 대체적으로 ㅇㅇㅇ립밤은 데일리로 쓰기 좋습니다.,기능/효과,데일리로 쓰기 좋고,1,[속성] 기능/효과 [문장] 데일리로 쓰기 좋고,0,기능/효과,unchanged
validation,train,[속성] 기능/효과 [문장] 데일리로 쓰기 좋습니다.,668242,쇼핑몰,메이크업/뷰티소품,OO 후** 립케어 4.8g 1개,발림성좋고 흡수도 잘 되는거 같네요. 데일리로 쓰기 좋고 정말 건조했는데 쓰고 많이 촉촉해졌습니다. 무향도 좋은데 가끔은 체리나 딸기향이 나는게 더 좋게 느껴져서 구매했어요. 대체적으로 ㅇㅇㅇ립밤은 데일리로 쓰기 좋습니다.,기능/효과,데일리로 쓰기 좋습니다.,1,[속성] 기능/효과 [문장] 데일리로 쓰기 좋습니다.,0,기능/효과,unchanged
validation,train,[속성] 유통기한 [문장] 유통기한도 짧아서 아쉽네요.,671090,쇼핑몰,메이크업/뷰티소품,OO 프** 아이팔레트 6g 1개,웜톤이고 봄이라 코랄 색상이 써보고 싶어서 구매했습니다. 입자 제형이 고와서 조금만 충격을 줘도 부서지네요. 발색도 연해서 좀 아쉽네요. 유통기한도 짧아서 아쉽네요. 얼굴이 생기 있어 보이지 않네요.,유통기한,유통기한도 짧아서 아쉽네요.,-1,[속성] 유통기한 [문장] 유통기한도 짧아서 아쉽네요.,1,유통기한,unchanged
validation,train,[속성] 발림성 [문장] 부드럽게 잘 발리고 좋습니다.,665881,쇼핑몰,메이크업/뷰티소품,OO 한** 립밤 4g 1개,"부드럽게 잘 발리고 좋습니다. 어떤 제품은 너무 소프트해서 뭉그러지기도 하는데, 이 립밤은 발림성이 좋고 유지력도 좋아서 맘에 들어요. 아침에 일어나자마자 건조해진 입술에 바르면 촉촉해서 좋습니다. 겨울에 입술 안트게 바르면 좋을 것 같습니다.",발림성,부드럽게 잘 발리고 좋습니다.,1,[속성] 발림성 [문장] 부드럽게 잘 발리고 좋습니다.,0,발림성,unchanged
validation,train,[속성] 지속력/유지력 [문장] 유지력도 좋아서,665881,쇼핑몰,메이크업/뷰티소품,OO 한** 립밤 4g 1개,"부드럽게 잘 발리고 좋습니다. 어떤 제품은 너무 소프트해서 뭉그러지기도 하는데, 이 립밤은 발림성이 좋고 유지력도 좋아서 맘에 들어요. 아침에 일어나자마자 건조해진 입술에 바르면 촉촉해서 좋습니다. 겨울에 입술 안트게 바르면 좋을 것 같습니다.",지속력/유지력,유지력도 좋아서,1,[속성] 지속력/유지력 [문장] 유지력도 좋아서,0,지속력/유지력,unchanged
validation,train,[속성] 사이즈/두께 [문장] 사이즈가 작습니다.,662820,쇼핑몰,메이크업/뷰티소품,OO 속** 틴트 1.6g 1개,사이즈가 작습니다. 발색력은 좋은데 문제는 블랜딩이 어려워서 팁으로 바른 자리만 발색이 진하고 음파음파가 불가능합니다. 손으로 문질러 사용하기도 불편해서 안 쓰고 있네요. 워터틴트 느낌인데 뻑뻑하게 발립니다. 색은 이쁘고 지속력도 좋은데 잘 안 발려서 안 쓰게 되네요.,사이즈/두께,사이즈가 작습니다.,-1,[속성] 사이즈/두께 [문장] 사이즈가 작습니다.,1,사이즈/두께,unchanged
validation,train,[속성] 지속력/유지력 [문장] 지속력도 좋은데,662820,쇼핑몰,메이크업/뷰티소품,OO 속** 틴트 1.6g 1개,사이즈가 작습니다. 발색력은 좋은데 문제는 블랜딩이 어려워서 팁으로 바른 자리만 발색이 진하고 음파음파가 불가능합니다. 손으로 문질러 사용하기도 불편해서 안 쓰고 있네요. 워터틴트 느낌인데 뻑뻑하게 발립니다. 색은 이쁘고 지속력도 좋은데 잘 안 발려서 안 쓰게 되네요.,지속력/유지력,지속력도 좋은데,1,[속성] 지속력/유지력 [문장] 지속력도 좋은데,0,지속력/유지력,unchanged
validation,train,[속성] 보습력/수분감 [문장] 촉촉하지 않아서 아쉽네요.,666841,쇼핑몰,메이크업/뷰티소품,OO 울** 립글로우 3.4g 1개,핑크와 코랄 컬러를 사용하는데 이번에 로지우드 컬러를 주문했습니다. 색이 제 피부랑 잘 어울리지 않고 촉촉하지 않아서 아쉽네요.,보습력/수분감,촉촉하지 않아서 아쉽네요.,-1,[속성] 보습력/수분감 [문장] 촉촉하지 않아서 아쉽네요.,1,보습력/수분감/쿨링감,merged_duplicate_label
validation,train,[속성] 가격 [문장] 가격도 착해서 좋습니다.,668467,쇼핑몰,메이크업/뷰티소품,OO 후** 립케어 4.8g 1개,색상도 있으면서 보습력이 좋아 제일 좋아하는 제품이네요. 상품평 쓰는게 늦었지만 배송도 빠르고 가격도 착해서 좋습니다.,가격,가격도 착해서 좋습니다.,1,[속성] 가격 [문장] 가격도 착해서 좋습니다.,0,가격,unchanged
validation,train,[속성] 가격 [문장] 가격은 비싸지만,667401,쇼핑몰,메이크업/뷰티소품,OO 울** 립글로우 3.4g 1개,계속 쓰던 제품입니다. 매장에서 보니 발색이 잘 되길래 샀는데 좋습니다. 가격은 비싸지만 적당한 핑크빛이 과하지 않게 발색이 되어서 맘에 듭니다.,가격,가격은 비싸지만,-1,[속성] 가격 [문장] 가격은 비싸지만,1,가격,unchanged
validation,train,[속성] 보습력/수분감 [문장] 보습력이 약해서,666259,쇼핑몰,메이크업/뷰티소품,OO 한** 립밤 4g 1개,좋은향이 날 꺼라 기대했는데 향은 그닥 안 좋습니다. 제품 지속력이 떨어져요. 색깔도 별로에요. 보습력이 약해서 겨울에 바르기에는 적합하지 않아요. 발림성도 안 좋습니다.,보습력/수분감,보습력이 약해서,-1,[속성] 보습력/수분감 [문장] 보습력이 약해서,1,보습력/수분감/쿨링감,merged_duplicate_label
validation,train,[속성] 용량/개수 [문장] 용량도 적어요.,672378,쇼핑몰,메이크업/뷰티소품,OO 무** 멀티 아이 컬러 팔레트 8.1g 1개,가장 손이 많이 가는 팔레트라는 뷰티 유튜브를 보고 구매했어요. 기대만큼 발림성이 좋지 않고 제형도 잘 부서지고 가루 날림도 있습니다. 발색도 자연스럽지 않네요. 용량도 적어요.,용량/개수,용량도 적어요.,-1,[속성] 용량/개수 [문장] 용량도 적어요.,1,용량/개수,unchanged
validation,train,[속성] 발색력 [문장] 발색력 좋고,672337,쇼핑몰,메이크업/뷰티소품,OO 무** 멀티 아이 컬러 팔레트 8.1g 1개,발색력 좋고 색상이 많아서 좋습니다. 원래 3색으로 된 거 쓰다가 이 제품을 쓰니 활용도 좋고 펄도 발색 좋네요. 제 피부에 구매한 색상이 잘 받습니다.,발색력,발색력 좋고,1,[속성] 발색력 [문장] 발색력 좋고,0,발색력,unchanged
validation,train,[속성] 디자인 [문장] 디자인이 고급스럽지 않고,672264,쇼핑몰,메이크업/뷰티소품,OO 샤** 섀도우 스틱 1.4g 1개,우연히 아이브로우 펜슬 구매하려고 검색하다 주문해 봤습니다. 그런데 생각했던 것보다 디자인이 고급스럽지 않고 사용하기 불편하네요. 발색력도 안 좋고요. 여러 벗 덧발라도 발색이 안 나오네요. 재구매는 안 할 거 같아요.,디자인,디자인이 고급스럽지 않고,-1,[속성] 디자인 [문장] 디자인이 고급스럽지 않고,1,디자인,unchanged
validation,train,[속성] 편의성/활용성 [문장] 사용하기 불편하네요.,672264,쇼핑몰,메이크업/뷰티소품,OO 샤** 섀도우 스틱 1.4g 1개,우연히 아이브로우 펜슬 구매하려고 검색하다 주문해 봤습니다. 그런데 생각했던 것보다 디자인이 고급스럽지 않고 사용하기 불편하네요. 발색력도 안 좋고요. 여러 벗 덧발라도 발색이 안 나오네요. 재구매는 안 할 거 같아요.,편의성/활용성,사용하기 불편하네요.,-1,[속성] 편의성/활용성 [문장] 사용하기 불편하네요.,1,편의성/활용성,unchanged
validation,train,[속성] 발색력 [문장] 발색력이 좋고,661854,쇼핑몰,메이크업/뷰티소품,OO 루** 슬림 쉬어 마뜨 2g 1개,친구 생일 선물로 줬습니다. 친구 마음에 안 들까봐 조마조마했는데 마음에 든다고 해서 저도 기분이 좋습니다. 발색력이 좋고 색깔도 예쁘다고 해요. 그래서 저도 하나 사려고 합니다. 배송은 느렸어요. 선물용인데 쇼핑백 요청을 안 드렸더니 쇼핑백이 안 와서 좀 아쉽네요. 선물용이시면 쇼핑백 요청 꼭 하세요.,발색력,발색력이 좋고,1,[속성] 발색력 [문장] 발색력이 좋고,0,발색력,unchanged
validation,train,[속성] 발림성 [문장] 잘 발리지도 않고,666691,쇼핑몰,메이크업/뷰티소품,OO 한** 립밤 4g 1개,향이 좋다는 후기가 많던데 생각보다 향이 역하네요. 잘 발리지도 않고 입술이 생기있어 보이지 않아요.,발림성,잘 발리지도 않고,-1,[속성] 발림성 [문장] 잘 발리지도 않고,1,발림성,unchanged
validation,train,[속성] 지속력/유지력 [문장] 지속력도 오래가고,663847,쇼핑몰,메이크업/뷰티소품,OO 파** 리퀴드 립컬러 5ml 1개,너무 마음에 드네요. 추천해요. 선물로 보냈는데 정말 좋아하셔서 저도 덩달아 좋아요. 지속력도 오래가고 발색도 선명하다고 합니다.,지속력/유지력,지속력도 오래가고,1,[속성] 지속력/유지력 [문장] 지속력도 오래가고,0,지속력/유지력,unchanged
validation,train,[속성] 편의성/활용성 [문장] 사용하기 편해요.,665625,쇼핑몰,메이크업/뷰티소품,OO 벨** 립틴트 4g 1개,거짓말 아니고 이거 다섯번째 구매했어요. 색깔 너무 저랑 잘 맞고 지속력도 좋고 팁도 얇아서 쉽게 바를 수 있어 사용하기 편해요.,편의성/활용성,사용하기 편해요.,1,[속성] 편의성/활용성 [문장] 사용하기 편해요.,0,편의성/활용성,unchanged
validation,train,[속성] 보습력/수분감 [문장] 촉촉하지 않습니다.,666494,쇼핑몰,메이크업/뷰티소품,OO 한** 립밤 4g 1개,림밤인데 촉촉하지 않습니다. 생각보다 색이 너무 연해서 아쉽네요. 색이 더 진하게 나왔으면 좋겠습니다.,보습력/수분감,촉촉하지 않습니다.,-1,[속성] 보습력/수분감 [문장] 촉촉하지 않습니다.,1,보습력/수분감/쿨링감,merged_duplicate_label
validation,train,[속성] 보습력/수분감 [문장] 보습력 좋습니다.,668186,쇼핑몰,메이크업/뷰티소품,OO 후** 립케어 4.8g 1개,촉촉하고 보습력 좋습니다. 체리향 좋습니다. 발색이 과하지 않아 아이가 데일리로 사용합니다. 집에서 화장 안 할때 써도 좋을 것 같습니다. 가격이 저렴한데 제품은 우수합니다. 재구매 할께요.,보습력/수분감,보습력 좋습니다.,1,[속성] 보습력/수분감 [문장] 보습력 좋습니다.,0,보습력/수분감/쿨링감,merged_duplicate_label
validation,train,[속성] 가격 [문장] 가격이 저렴한데,668186,쇼핑몰,메이크업/뷰티소품,OO 후** 립케어 4.8g 1개,촉촉하고 보습력 좋습니다. 체리향 좋습니다. 발색이 과하지 않아 아이가 데일리로 사용합니다. 집에서 화장 안 할때 써도 좋을 것 같습니다. 가격이 저렴한데 제품은 우수합니다. 재구매 할께요.,가격,가격이 저렴한데,1,[속성] 가격 [문장] 가격이 저렴한데,0,가격,unchanged
validation,train,[속성] 가격 [문장] 가격도 비쌉니다.,662361,쇼핑몰,메이크업/뷰티소품,OO 제** 립밤 4g 1개,무향이라고 해서 샀는데 약간 달달한 향이 있어 아쉽습니다. 용기 뚜껑이 생각보다 약하네요. 배송도 엄청 느리고 가격도 비쌉니다.,가격,가격도 비쌉니다.,-1,[속성] 가격 [문장] 가격도 비쌉니다.,1,가격,unchanged
validation,train,[속성] 가격 [문장] 가성비 좋은 제품입니다.,664634,쇼핑몰,메이크업/뷰티소품,OO 파** 리퀴드 립컬러 5ml 1개,배송 빠르고 발림성도 좋습니다. 건조한 편인데 립이 부드럽게 착색되니 좋아요. 봄에 바르기 딱 좋고 가성비 좋은 제품입니다.,가격,가성비 좋은 제품입니다.,1,[속성] 가격 [문장] 가성비 좋은 제품입니다.,0,가격,unchanged
validation,train,[속성] 밀착력/접착력 [문장] 마스크에 묻어나고,664150,쇼핑몰,메이크업/뷰티소품,OO 파** 리퀴드 립컬러 5ml 1개,생각보다 어둡게 발색이 되고 좀 매트한 느낌이 드네요. 마스크에 묻어나고 지속력도 오래가지 않아 아쉬움이 남는 제품입니다.,밀착력/접착력,마스크에 묻어나고,-1,[속성] 밀착력/접착력 [문장] 마스크에 묻어나고,1,밀착력/접착력,unchanged
validation,train,[속성] 발림성 [문장] 발림성도 좋아요.,664605,쇼핑몰,메이크업/뷰티소품,OO 파** 리퀴드 립컬러 5ml 1개,진한 색상도 좋고 발림성도 좋아요. 사진과 똑같은 색상이에요. 배송도 빨라 마음에 듭니다. 마스크에 묻어나고 유통기간이 짧아 불만족입니다.,발림성,발림성도 좋아요.,1,[속성] 발림성 [문장] 발림성도 좋아요.,0,발림성,unchanged
validation,train,[속성] 보습력/수분감 [문장] 촉촉하며,668516,쇼핑몰,메이크업/뷰티소품,OO 후** 립케어 4.8g 1개,항상 사용하고 있는 OOO입니다. 향도 좋고 촉촉하며 부드럽게 발려서 좋습니다. 자기 전에 촉촉하게 바르고 아침에 일어나면 입술이 거칠어진 부분이 없어 좋습니다. 기본인 무향도 좋지만 체리향도 기분이 좋네요.,보습력/수분감,촉촉하며,1,[속성] 보습력/수분감 [문장] 촉촉하며,0,보습력/수분감/쿨링감,merged_duplicate_label
validation,train,[속성] 발림성 [문장] 부드럽게 발려서 좋습니다.,668516,쇼핑몰,메이크업/뷰티소품,OO 후** 립케어 4.8g 1개,항상 사용하고 있는 OOO입니다. 향도 좋고 촉촉하며 부드럽게 발려서 좋습니다. 자기 전에 촉촉하게 바르고 아침에 일어나면 입술이 거칠어진 부분이 없어 좋습니다. 기본인 무향도 좋지만 체리향도 기분이 좋네요.,발림성,부드럽게 발려서 좋습니다.,1,[속성] 발림성 [문장] 부드럽게 발려서 좋습니다.,0,발림성,unchanged
validation,train,[속성] 보습력/수분감 [문장] 보습력이 약합니다.,663484,쇼핑몰,메이크업/뷰티소품,OO 맨** 케어 4.8g 1개,"남편이 날씨가 추워지는 간절기부터 겨울, 초봄까지 윗입술 중간이 잘 벌어져서 립케어는 필수입니다. 이 제품 좋다고 구매했는데 보습력이 약합니다.지속력도 약해요. 꾸준히 열심히 바르는 수밖에 그게 젤 좋은 방법이네요.",보습력/수분감,보습력이 약합니다.,-1,[속성] 보습력/수분감 [문장] 보습력이 약합니다.,1,보습력/수분감/쿨링감,merged_duplicate_label
validation,train,[속성] 향 [문장] 향도 너무 좋아요.,666960,쇼핑몰,메이크업/뷰티소품,OO 울** 립글로우 3.4g 1개,저는 예민한 피부라서 조금이라도 성분이 맞지않으면 피부로 바로 반응이 오는데 ㅇㅇ 립밤은 자극이 없어서 너무 좋아요. 앞으로도 ㅇㅇ립밤 꾸준히 이용하게 될것 같습니다. 향도 너무 좋아요.,향,향도 너무 좋아요.,1,[속성] 향 [문장] 향도 너무 좋아요.,0,향,unchanged
validation,train,[속성] 발색력 [문장] 발색도 안 좋고,663024,쇼핑몰,메이크업/뷰티소품,OO 속** 틴트 1.6g 1개,다른 틴트보다 발색도 안 좋고 지속력도 오래가지 않습니다. 배송은 다른 틴트는 빨랐지만 택배 업체 사정에 의해서 10일 만에 받아서 화가 나네요.,발색력,발색도 안 좋고,-1,[속성] 발색력 [문장] 발색도 안 좋고,1,발색력,unchanged
validation,train,[속성] 가격 [문장] 저렴하게 구매해서 좋습니다.,667199,쇼핑몰,메이크업/뷰티소품,OO 울** 립글로우 3.4g 1개,면세찬스도 없어져서 구매했는데 저렴하게 구매해서 좋습니다. 색도 아주 예쁘고 향도 좋고요. 발림성도 좋아서 기분 좋습니다.,가격,저렴하게 구매해서 좋습니다.,1,[속성] 가격 [문장] 저렴하게 구매해서 좋습니다.,0,가격,unchanged
validation,train,[속성] 향 [문장] 향도 좋고요,667199,쇼핑몰,메이크업/뷰티소품,OO 울** 립글로우 3.4g 1개,면세찬스도 없어져서 구매했는데 저렴하게 구매해서 좋습니다. 색도 아주 예쁘고 향도 좋고요. 발림성도 좋아서 기분 좋습니다.,향,향도 좋고요,1,[속성] 향 [문장] 향도 좋고요,0,향,unchanged
validation,train,[속성] 발림성 [문장] 발림성도 좋아서,667199,쇼핑몰,메이크업/뷰티소품,OO 울** 립글로우 3.4g 1개,면세찬스도 없어져서 구매했는데 저렴하게 구매해서 좋습니다. 색도 아주 예쁘고 향도 좋고요. 발림성도 좋아서 기분 좋습니다.,발림성,발림성도 좋아서,1,[속성] 발림성 [문장] 발림성도 좋아서,0,발림성,unchanged
validation,train,[속성] 가격 [문장] 가격도 비싸게 주고 샀는데,662911,쇼핑몰,메이크업/뷰티소품,OO 속** 틴트 1.6g 1개,방금 배송 받아 열었는데 작은 사이즈에 놀랐습니다. 가격도 비싸게 주고 샀는데 생각보다 너무 붉은색이라 아쉽네요.,가격,가격도 비싸게 주고 샀는데,-1,[속성] 가격 [문장] 가격도 비싸게 주고 샀는데,1,가격,unchanged
validation,train,[속성] 품질 [문장] 상품 품질이 좋지 않네요.,666031,쇼핑몰,메이크업/뷰티소품,OO 한** 립밤 4g 1개,상품 품질이 좋지 않네요. 마음에 들지 않습니다. 선물하려고 여러 개 샀는데 괜히 샀네요. 촉촉하지도 않아서 재구매는 없습니다.,품질,상품 품질이 좋지 않네요.,-1,[속성] 품질 [문장] 상품 품질이 좋지 않네요.,1,품질,unchanged
validation,train,[속성] 가격 [문장] 가격만 더 저렴해지면 좋겠네요.,662899,쇼핑몰,메이크업/뷰티소품,OO 속** 틴트 1.6g 1개,갖고 다니기 좋은 사이즈입니다. 아직 써보진 않았지만 지속력이 기대가 됩니다. 가격만 더 저렴해지면 좋겠네요.,가격,가격만 더 저렴해지면 좋겠네요.,-1,[속성] 가격 [문장] 가격만 더 저렴해지면 좋겠네요.,1,가격,unchanged
validation,train,[속성] 보습력/수분감 [문장] 건조한 느낌이 들어요.,662766,쇼핑몰,메이크업/뷰티소품,OO 속** 틴트 1.6g 1개,"색감이 생각했던 것보다 엄청 진하고, 짙은 레드 계열 발색이 불편하네요. 데일리로 사용하기 부담스러워요. 처음에 바르면 착색은 나쁘지 않은데 액상형 제형을 바르고 나면 건조한 느낌이 들어요. 식사 후에는 얼룩덜룩하게 지워져 있어 아쉬움이 남아요.",보습력/수분감,건조한 느낌이 들어요.,-1,[속성] 보습력/수분감 [문장] 건조한 느낌이 들어요.,1,보습력/수분감/쿨링감,merged_duplicate_label
validation,train,[속성] 가격 [문장] 가격 할인도 없고,663161,쇼핑몰,메이크업/뷰티소품,OO 맨** 케어 4.8g 1개,여러 개 주문했는데 가격 할인도 없고 전부 유통기한이 임박한 상품을 보내주셔서 실망입니다. 상품 설명에 유통기한이 임박한 상품이라고 기재하셔야겠어요.,가격,가격 할인도 없고,-1,[속성] 가격 [문장] 가격 할인도 없고,1,가격,unchanged
validation,train,[속성] 지속력/유지력 [문장] 지속력은 좋지 않지만,664924,쇼핑몰,메이크업/뷰티소품,OO 벨** 립틴트 4g 1개,지속력은 좋지 않지만 발림성이 좋아서 항상 사용하고 있는 제품이에요. 잘 발려서 각질 부각도 되지 않고 발색도 예쁩니다. 저렴하게 잘 구입해서 좋아요.,지속력/유지력,지속력은 좋지 않지만,-1,[속성] 지속력/유지력 [문장] 지속력은 좋지 않지만,1,지속력/유지력,unchanged
validation,train,[속성] 가격 [문장] 저렴하게 잘 구입해서 좋아요.,664924,쇼핑몰,메이크업/뷰티소품,OO 벨** 립틴트 4g 1개,지속력은 좋지 않지만 발림성이 좋아서 항상 사용하고 있는 제품이에요. 잘 발려서 각질 부각도 되지 않고 발색도 예쁩니다. 저렴하게 잘 구입해서 좋아요.,가격,저렴하게 잘 구입해서 좋아요.,1,[속성] 가격 [문장] 저렴하게 잘 구입해서 좋아요.,0,가격,unchanged
validation,train,[속성] 발림성 [문장] 발림은 좋고,662906,쇼핑몰,메이크업/뷰티소품,OO 속** 틴트 1.6g 1개,사이즈가 작아서 손가락만해서 실망했어요. 발림은 좋고 발색도 이쁩니다. 살짝 지워지기는 하는데 다른 틴트보다 지속력은 좋은것 같습니다.,발림성,발림은 좋고,1,[속성] 발림성 [문장] 발림은 좋고,0,발림성,unchanged
validation,train,[속성] 가격 [문장] 가격도 비싸게 주고 샀습니다.,668051,쇼핑몰,메이크업/뷰티소품,OO 후** 립케어 4.8g 1개,가족 모두 사용하려고 구매했는데 후회 되네요. 여름에 사용하기에는 안 좋을 것 같네요. 망고향인데 너무 진해서 안 좋네요. 향이 너무 강해서 추천하지 않습니다. 가격도 비싸게 주고 샀습니다.,가격,가격도 비싸게 주고 샀습니다.,-1,[속성] 가격 [문장] 가격도 비싸게 주고 샀습니다.,1,가격,unchanged
validation,train,[속성] 지속력/유지력 [문장] 지속력이 너무 없습니다.,661856,쇼핑몰,메이크업/뷰티소품,OO 루** 슬림 쉬어 마뜨 2g 1개,지속력이 너무 없습니다. 지속력이 짧아 하루에 8번 정도 사용합니다. 이거에 꽂혀서 이것만 사용하다 보니 구입한 지 한 달도 안된 것 같은데 다 써서 다른 거 구입해서 사용해요.,지속력/유지력,지속력이 너무 없습니다.,-1,[속성] 지속력/유지력 [문장] 지속력이 너무 없습니다.,1,지속력/유지력,unchanged
validation,train,[속성] 가격 [문장] 가격도 비싸서 아쉽네요.,662220,쇼핑몰,메이크업/뷰티소품,OO 제** 립밤 4g 1개,배송도 느리고 가격도 비싸서 아쉽네요. 처음 써봤는데 별로네요. 바르고 나니 입술이 건조합니다.,가격,가격도 비싸서 아쉽네요.,-1,[속성] 가격 [문장] 가격도 비싸서 아쉽네요.,1,가격,unchanged
validation,train,[속성] 편의성/활용성 [문장] 사용하기 불편해요.,668892,쇼핑몰,메이크업/뷰티소품,OO 에** 슈퍼 롱래쉬 6ml 1개,컬 유지력이 안 좋아요. 번짐이 심해서 놀랐어요. 생각했던 것보다 밀착력이 안 좋아서 사용 후 수정이 필요하네요. 컬이 잘 올라가지도 않고 사용하기 불편해요. 저와는 안 맞는 제품입니다.,편의성/활용성,사용하기 불편해요.,-1,[속성] 편의성/활용성 [문장] 사용하기 불편해요.,1,편의성/활용성,unchanged
validation,train,[속성] 발림성 [문장] 발림성도 좋지 않습니다.,663056,쇼핑몰,메이크업/뷰티소품,OO 일** 무향 립밤 3.2g 1개,배송도 느리고 가격대도 비싼데 건조하고 발림성도 좋지 않습니다. 무향이라 아쉬워서 불만족스러운 제품입니다.,발림성,발림성도 좋지 않습니다.,-1,[속성] 발림성 [문장] 발림성도 좋지 않습니다.,1,발림성,unchanged
validation,train,[속성] 색상 [문장] 색상이 예쁘네요.,662599,쇼핑몰,메이크업/뷰티소품,OO 바** 워터 틴트 4.3g 1개,신상품을 쿠폰 사용해 저렴하게 샀습니다. 디자인 너무 귀여워서 마음에 듭니다. 말 그대로 워터 틴트고 색상이 예쁘네요. 부드럽게 잘 발립니다. 근데 생각보다 지속력은 별로네요. 손등에 발랐을 때보단 아무래도 입술에 발랐을 때가 더 잘 지워집니다. 입술색이 거의 없어서 오래가는 틴트를 찾고 있었는데 생각보다 잘 지워져서 아쉽습니다.,색상,색상이 예쁘네요.,1,[속성] 색상 [문장] 색상이 예쁘네요.,0,색상,unchanged
validation,train,[속성] 발림성 [문장] 부드럽게 잘 발립니다.,662599,쇼핑몰,메이크업/뷰티소품,OO 바** 워터 틴트 4.3g 1개,신상품을 쿠폰 사용해 저렴하게 샀습니다. 디자인 너무 귀여워서 마음에 듭니다. 말 그대로 워터 틴트고 색상이 예쁘네요. 부드럽게 잘 발립니다. 근데 생각보다 지속력은 별로네요. 손등에 발랐을 때보단 아무래도 입술에 발랐을 때가 더 잘 지워집니다. 입술색이 거의 없어서 오래가는 틴트를 찾고 있었는데 생각보다 잘 지워져서 아쉽습니다.,발림성,부드럽게 잘 발립니다.,1,[속성] 발림성 [문장] 부드럽게 잘 발립니다.,0,발림성,unchanged
validation,train,[속성] 색상 [문장] 색상도 마음에 들고,663713,쇼핑몰,메이크업/뷰티소품,OO 파** 리퀴드 립컬러 5ml 1개,색상도 마음에 들고 지속력이 좋아서 만족합니다. 하지만 유통기한이 조금 아쉽네요. 그래도 너무 만족하고 잘 사용하고 있어요. 쿨톤에게 색상이 잘 어울려서 추천합니다.,색상,색상도 마음에 들고,1,[속성] 색상 [문장] 색상도 마음에 들고,0,색상,unchanged
validation,train,[속성] 발색력 [문장] 발색이 은은하고,666078,쇼핑몰,메이크업/뷰티소품,OO 한** 립밤 4g 1개,발색이 은은하고 발림성도 촉촉해서 맘에 듭니다. 뚜껑도 딸깍하고 닫힙니다. 이 립밤으로 정착할 듯 싶습니다.,발색력,발색이 은은하고,1,[속성] 발색력 [문장] 발색이 은은하고,0,발색력,unchanged
validation,train,[속성] 편의성/활용성 [문장] 휴대하기도 좋고,664977,쇼핑몰,메이크업/뷰티소품,OO 벨** 립틴트 4g 1개,OO의 OOO립틴트는 발색력 좋고 마무리 사용감도 깔끔합니다. 지속력은 개인마다 다르겠지만 그리 쉽게 지워지지 않는 것 같아요. 휴대하기도 좋고 얼굴이 화사해 보이는 색상이라 좋습니다.,편의성/활용성,휴대하기도 좋고,1,[속성] 편의성/활용성 [문장] 휴대하기도 좋고,0,편의성/활용성,unchanged
validation,train,[속성] 보습력/수분감 [문장] 촉촉함이 유지되네요.,666647,쇼핑몰,메이크업/뷰티소품,OO 한** 립밤 4g 1개,윤기가 과하지 않게 적당하고 색상은 예쁜 오렌지레드인 것 같습니다. 발랐을 때 촉촉하면서 색상이 좋고 바르고 시간 지나도 예쁘게 착색되네요. 흔히 파데가 예쁘게 무너진다고 하는데 이 제품도 그런 것 같습니다. 소멸 순간까지 발색이 아름답네요. 많은 립밤들이 처음엔 촉촉하다가 시간 지나면 입술 벗겨지고 오히려 더 마르기도 하는데 이 제품은 시간이 지나도 촉촉함이 유지되네요. 립밤치고 가격은 있지만 가치 있는 상품입니다.,보습력/수분감,촉촉함이 유지되네요.,1,[속성] 보습력/수분감 [문장] 촉촉함이 유지되네요.,0,보습력/수분감/쿨링감,merged_duplicate_label
validation,train,[속성] 발림성 [문장] 발림이 부드럽지 않고,669856,쇼핑몰,메이크업/뷰티소품,OO 에** 드로잉 아이브라우 0.25g 1개,"발림이 부드럽지 않고 발색도 자연스럽지 않네요. 흑갈색 주문했는데, 발색이 어두워서 염색 머리와 안 어울립니다.",발림성,발림이 부드럽지 않고,-1,[속성] 발림성 [문장] 발림이 부드럽지 않고,1,발림성,unchanged
validation,train,[속성] 보습력/수분감 [문장] 촉촉함이 부족하네요.,668144,쇼핑몰,메이크업/뷰티소품,OO 후** 립케어 4.8g 1개,마스크를 거의 쓰고 생활하고 있어 입술이 건조해서 믿고쓰는 OOO제품이라 구매했습니다. 건조한 입술이라 촉촉함이 부족하네요. 무엇보다 향이 별로입니다. 지속력도 길지 않아서 겨울에 사용하기에는 건조해서 좀 아쉽네요.,보습력/수분감,촉촉함이 부족하네요.,-1,[속성] 보습력/수분감 [문장] 촉촉함이 부족하네요.,1,보습력/수분감/쿨링감,merged_duplicate_label
validation,train,[속성] 향 [문장] 향이 별로입니다.,668144,쇼핑몰,메이크업/뷰티소품,OO 후** 립케어 4.8g 1개,마스크를 거의 쓰고 생활하고 있어 입술이 건조해서 믿고쓰는 OOO제품이라 구매했습니다. 건조한 입술이라 촉촉함이 부족하네요. 무엇보다 향이 별로입니다. 지속력도 길지 않아서 겨울에 사용하기에는 건조해서 좀 아쉽네요.,향,향이 별로입니다.,-1,[속성] 향 [문장] 향이 별로입니다.,1,향,unchanged
validation,train,[속성] 발림성 [문장] 뭉치지 않고,665341,쇼핑몰,메이크업/뷰티소품,OO 벨** 립틴트 4g 1개,계속 사용하는 제품입니다. 뭉치지 않고 발림성 좋습니다. 매트하게 표현되는게 좋습니다.,발림성,뭉치지 않고,1,[속성] 발림성 [문장] 뭉치지 않고,0,발림성,unchanged
validation,train,[속성] 발림성 [문장] 발림성 좋습니다,665341,쇼핑몰,메이크업/뷰티소품,OO 벨** 립틴트 4g 1개,계속 사용하는 제품입니다. 뭉치지 않고 발림성 좋습니다. 매트하게 표현되는게 좋습니다.,발림성,발림성 좋습니다,1,[속성] 발림성 [문장] 발림성 좋습니다,0,발림성,unchanged
validation,train,[속성] 지속력/유지력 [문장] 하루 종일 촉촉합니다.,668225,쇼핑몰,메이크업/뷰티소품,OO 후** 립케어 4.8g 1개,하루 종일 촉촉합니다. 지속력 좋습니다. 항상 다른 브랜드 사용했는데 ooo도 괜찮습니다. 겨울이면 항상 입술이 건조하고 갈라지는데 이거 발라서 많이 개선되었습니다. 체리향이라 기분 좋습니다. 살짝 붉은색으로 발색 되어 립스틱 바른 거 같습니다. 신랑도 입술 튼다고 하는데 무향으로 사줘야겠습니다..,지속력/유지력,하루 종일 촉촉합니다.,1,[속성] 지속력/유지력 [문장] 하루 종일 촉촉합니다.,0,지속력/유지력,unchanged
validation,train,[속성] 보습력/수분감 [문장] 촉촉하지 않아,666217,쇼핑몰,메이크업/뷰티소품,OO 한** 립밤 4g 1개,발림은 부드러워 괜찮은데 보습력은 좋지 않네요. 오랫동안 촉촉하지 않아 건조하신 분은 잘 안 맞을 듯하네요.,보습력/수분감,촉촉하지 않아,-1,[속성] 보습력/수분감 [문장] 촉촉하지 않아,1,보습력/수분감/쿨링감,merged_duplicate_label
validation,train,[속성] 발림성 [문장] 발림성 좋습니다.,662961,쇼핑몰,메이크업/뷰티소품,OO 속** 틴트 1.6g 1개,연휴가 시작되기 전 주문했는데 빠른 배송으로 받았어요. 향도 좋고 발림성 좋습니다. 지워봤는데 색이 예쁘게 착색 되네요. 가격도 착하고 색상도 만족합니다.,발림성,발림성 좋습니다.,1,[속성] 발림성 [문장] 발림성 좋습니다.,0,발림성,unchanged
validation,train,[속성] 색상 [문장] 색상도 만족합니다.,662961,쇼핑몰,메이크업/뷰티소품,OO 속** 틴트 1.6g 1개,연휴가 시작되기 전 주문했는데 빠른 배송으로 받았어요. 향도 좋고 발림성 좋습니다. 지워봤는데 색이 예쁘게 착색 되네요. 가격도 착하고 색상도 만족합니다.,색상,색상도 만족합니다.,1,[속성] 색상 [문장] 색상도 만족합니다.,0,색상,unchanged
validation,train,[속성] 가격 [문장] 가성비도 좋습니다.,668422,쇼핑몰,메이크업/뷰티소품,OO 후** 립케어 4.8g 1개,발색력이 좋다는 평을 듣고 구매하여 사용해 보았어요. 소문대로 발색력이 좋네요. 가성비도 좋습니다. 요즘은 남자들도 화장하고 다녀서 자연스럽게 사용하기 좋은 것 같아 남편에게도 사줬는데 사용하기 편해서 만족해하네요.,가격,가성비도 좋습니다.,1,[속성] 가격 [문장] 가성비도 좋습니다.,0,가격,unchanged
validation,train,[속성] 사이즈/두께 [문장] 사이즈도 좋고,663009,쇼핑몰,메이크업/뷰티소품,OO 속** 틴트 1.6g 1개,촉촉하고 사이즈도 좋고 발림성도 너무 좋습니다. 바르고 휴지로 음파 해주면 오래 유지되네요. 구입하시길 추천 드려요. 가격도 착하고 여름에 쓰기 좋습니다. 가격도 착해서 여러 개 구입해도 부담이 없네요.,사이즈/두께,사이즈도 좋고,1,[속성] 사이즈/두께 [문장] 사이즈도 좋고,0,사이즈/두께,unchanged
validation,train,[속성] 발림성 [문장] 발림성도 너무 좋습니다.,663009,쇼핑몰,메이크업/뷰티소품,OO 속** 틴트 1.6g 1개,촉촉하고 사이즈도 좋고 발림성도 너무 좋습니다. 바르고 휴지로 음파 해주면 오래 유지되네요. 구입하시길 추천 드려요. 가격도 착하고 여름에 쓰기 좋습니다. 가격도 착해서 여러 개 구입해도 부담이 없네요.,발림성,발림성도 너무 좋습니다.,1,[속성] 발림성 [문장] 발림성도 너무 좋습니다.,0,발림성,unchanged
validation,train,[속성] 기능/효과 [문장] 여름에 쓰기 좋습니다.,663009,쇼핑몰,메이크업/뷰티소품,OO 속** 틴트 1.6g 1개,촉촉하고 사이즈도 좋고 발림성도 너무 좋습니다. 바르고 휴지로 음파 해주면 오래 유지되네요. 구입하시길 추천 드려요. 가격도 착하고 여름에 쓰기 좋습니다. 가격도 착해서 여러 개 구입해도 부담이 없네요.,기능/효과,여름에 쓰기 좋습니다.,1,[속성] 기능/효과 [문장] 여름에 쓰기 좋습니다.,0,기능/효과,unchanged
validation,train,[속성] 향 [문장] 향도 진하지 않고 은은해서 좋아요.,663455,쇼핑몰,메이크업/뷰티소품,OO 맨** 케어 4.8g 1개,번들거리거나 끈적이지 않고 촉촉함이 좋습니다. 향도 진하지 않고 은은해서 좋아요. 내년에도 또 구매할게요. 구입할 때보다 지금이 더 저렴하네요.,향,향도 진하지 않고 은은해서 좋아요.,1,[속성] 향 [문장] 향도 진하지 않고 은은해서 좋아요.,0,향,unchanged
validation,train,[속성] 제품구성 [문장] 사은품도 좋아요,665968,쇼핑몰,메이크업/뷰티소품,OO 한** 립밤 4g 1개,포장도 꼼꼼하게 잘해주셨습니다. 립밤 발림성이 너무 좋습니다. 사은품도 좋아요. 감사합니다.,제품구성,사은품도 좋아요,1,[속성] 제품구성 [문장] 사은품도 좋아요,0,제품구성,unchanged
validation,train,[속성] 발림성 [문장] 부드럽게 발려서 좋아요.,665652,쇼핑몰,메이크업/뷰티소품,OO 벨** 립틴트 4g 1개,부드럽게 발려서 좋아요. 발색도 자연스럽네요. 지속력이 살짝 아쉽긴 하지만 다른 색도 모두 사고 싶어요. 마스크에서 좀 묻어나긴 해요.,발림성,부드럽게 발려서 좋아요.,1,[속성] 발림성 [문장] 부드럽게 발려서 좋아요.,0,발림성,unchanged
validation,train,[속성] 용량/개수 [문장] 용량도 넉넉하고,668127,쇼핑몰,메이크업/뷰티소품,OO 후** 립케어 4.8g 1개,늘 사용하던 립밤인데 색도 이쁘고 보습력 발림성 전부 좋아요. 재구매 의사 100%입니다. 역시 OO는 케어 효과가 정말 좋습니다. 한 번 사면 몇 달간 사용할 만큼 용량도 넉넉하고 가성비 정말 좋습니다.,용량/개수,용량도 넉넉하고,1,[속성] 용량/개수 [문장] 용량도 넉넉하고,0,용량/개수,unchanged
validation,train,[속성] 가격 [문장] 가성비 정말 좋습니다.,668127,쇼핑몰,메이크업/뷰티소품,OO 후** 립케어 4.8g 1개,늘 사용하던 립밤인데 색도 이쁘고 보습력 발림성 전부 좋아요. 재구매 의사 100%입니다. 역시 OO는 케어 효과가 정말 좋습니다. 한 번 사면 몇 달간 사용할 만큼 용량도 넉넉하고 가성비 정말 좋습니다.,가격,가성비 정말 좋습니다.,1,[속성] 가격 [문장] 가성비 정말 좋습니다.,0,가격,unchanged
validation,train,[속성] 색상 [문장] 색상도 예뻐요.,667389,쇼핑몰,메이크업/뷰티소품,OO 울** 립글로우 3.4g 1개,평소 쓰던 립글로우인데 색상만 바꿔서 구매했습니다. 코랄 색상 쓰다가 이번에 울트라 핑크 색상으로 구매했는데 발색도 좋고 색상도 예뻐요. 얼굴이 생기 있어 보입니다.,색상,색상도 예뻐요.,1,[속성] 색상 [문장] 색상도 예뻐요.,0,색상,unchanged
validation,train,[속성] 윤기/피부(톤) [문장] 얼굴이 생기 있어 보입니다.,667389,쇼핑몰,메이크업/뷰티소품,OO 울** 립글로우 3.4g 1개,평소 쓰던 립글로우인데 색상만 바꿔서 구매했습니다. 코랄 색상 쓰다가 이번에 울트라 핑크 색상으로 구매했는데 발색도 좋고 색상도 예뻐요. 얼굴이 생기 있어 보입니다.,윤기/피부(톤),얼굴이 생기 있어 보입니다.,1,[속성] 윤기/피부(톤) [문장] 얼굴이 생기 있어 보입니다.,0,윤기/피부(톤),unchanged
validation,train,[속성] 발색력 [문장] 발색 좋고,664002,쇼핑몰,메이크업/뷰티소품,OO 파** 리퀴드 립컬러 5ml 1개,이 제품 너무 좋습니다. 발색 좋고 특히 이 제품 라인은 지속력이 오래가는 것 같아 재구매했습니다.,발색력,발색 좋고,1,[속성] 발색력 [문장] 발색 좋고,0,발색력,unchanged
validation,train,[속성] 밀착력/접착력 [문장] 가루 날림이 심합니다.,672665,쇼핑몰,메이크업/뷰티소품,OO 무** 멀티 아이 컬러 팔레트 8.1g 1개,색상이 사진으로 봤을 때보다 예쁘지 않아요. 그리고 발색되는 색상이 마음에 들지 않습니다. 밝고 붉게 발색되어 음영 메이크업하기 별로이고 가루 날림이 심합니다. 발색되는 붉은 기가 저한테는 어울리지 않아요. 여름 쿨톤인 분들에게는 잘 어울리지 않게 발색됩니다.,밀착력/접착력,가루 날림이 심합니다.,-1,[속성] 밀착력/접착력 [문장] 가루 날림이 심합니다.,1,밀착력/접착력,unchanged
validation,train,[속성] 편의성/활용성 [문장] 사용하기 편리해요.,668019,쇼핑몰,메이크업/뷰티소품,OO 후** 립케어 4.8g 1개,용기 뚜껑 형태가 열고 닫기 좋게 되어 있어서 사용하기 편리해요. 끈적이지 않고 부드럽게 잘 발려요. 보습력이 우수하거나 촉촉하지는 않네요. 은은한 향과 은은한 색상으로 맨얼굴에 바르기 어색하지 않고 좋아요.,편의성/활용성,사용하기 편리해요.,1,[속성] 편의성/활용성 [문장] 사용하기 편리해요.,0,편의성/활용성,unchanged
validation,train,[속성] 보습력/수분감 [문장] 촉촉하지는 않네요.,668019,쇼핑몰,메이크업/뷰티소품,OO 후** 립케어 4.8g 1개,용기 뚜껑 형태가 열고 닫기 좋게 되어 있어서 사용하기 편리해요. 끈적이지 않고 부드럽게 잘 발려요. 보습력이 우수하거나 촉촉하지는 않네요. 은은한 향과 은은한 색상으로 맨얼굴에 바르기 어색하지 않고 좋아요.,보습력/수분감,촉촉하지는 않네요.,-1,[속성] 보습력/수분감 [문장] 촉촉하지는 않네요.,1,보습력/수분감/쿨링감,merged_duplicate_label
validation,train,[속성] 지속력/유지력 [문장] 지속력이 아쉽네요.,664791,쇼핑몰,메이크업/뷰티소품,OO 벨** 립틴트 4g 1개,화장은 잘 안 하지만 립제품에는 더 관심이 많아졌습니다. 잘 지워지지 않는 제품을 찾고 있었어요. OOO는 색상이 매력적이더라고요. 발색도 만족스럽고 제형의 질감도 독특해서 좋았어요. 그런데 지속력이 아쉽네요. 재구매는 안 할 거 같아요.,지속력/유지력,지속력이 아쉽네요.,-1,[속성] 지속력/유지력 [문장] 지속력이 아쉽네요.,1,지속력/유지력,unchanged
validation,train,[속성] 향 [문장] 향도 좋습니다.,666061,쇼핑몰,메이크업/뷰티소품,OO 한** 립밤 4g 1개,OOO립밤 OO 배송도 빠르고 좋습니다. OOO선스틱 중에서 OO을 써보고 은은한 국화향과 보송보송한 느낌의 선스틱을 써보니 좋아서 OOO립밤 여러 종류중에 OO을 주문했습니다. 촉촉하고 발림성도 좋고 OO의 향도 좋습니다.,향,향도 좋습니다.,1,[속성] 향 [문장] 향도 좋습니다.,0,향,unchanged
validation,train,[속성] 발림성 [문장] 부드럽게 안발리고,661843,쇼핑몰,메이크업/뷰티소품,OO 루** 슬림 쉬어 마뜨 2g 1개,부드럽게 안발리고 건조해서 각질 일어난게 그대로예요. 재구매 안 할 듯 합니다.,발림성,부드럽게 안발리고,-1,[속성] 발림성 [문장] 부드럽게 안발리고,1,발림성,unchanged
validation,train,[속성] 향 [문장] 향이 좀 강하네요.,661859,쇼핑몰,메이크업/뷰티소품,OO 루** 슬림 쉬어 마뜨 2g 1개,디자인이 마음에 들어요. 용기가 슬림하네요. 색상도 마음에 드는데 발색이 약간 연합니다. 입술색이 좀 진한분은 발색이 잘 안 될수가 있습니다. 다른건 너무 맘에 들어요. 그리고 향이 좀 강하네요. 이 브랜드가 다 그렇긴 하지만 이것도 향이 강해서 입술에서 강한 화장품 향이 나는 것을 싫어하시는 분은 다시 고려해 보셔야 합니다.,향,향이 좀 강하네요.,-1,[속성] 향 [문장] 향이 좀 강하네요.,1,향,unchanged
validation,train,[속성] 제형 [문장] 제형 입자가 곱고,672401,쇼핑몰,메이크업/뷰티소품,OO 무** 멀티 아이 컬러 팔레트 8.1g 1개,제형 입자가 곱고 발색도 잘되어 좋습니다. 은은한 기본 색상이 많아서 데일리 메이크업에 사용하기 적당하네요.,제형,제형 입자가 곱고,1,[속성] 제형 [문장] 제형 입자가 곱고,0,제형,unchanged
validation,train,[속성] 색상 [문장] 색도 예쁘고,668287,쇼핑몰,메이크업/뷰티소품,OO 후** 립케어 4.8g 1개,색도 예쁘고 발림성도 좋아서 만족해요. 갈라지는 입술을 보호위해 가을겨울에 꼭 필요한 립밤입니다. 립케어는 필수죠.,색상,색도 예쁘고,1,[속성] 색상 [문장] 색도 예쁘고,0,색상,unchanged
validation,train,[속성] 보습력/수분감 [문장] 촉촉해지네요.,664574,쇼핑몰,메이크업/뷰티소품,OO 파** 리퀴드 립컬러 5ml 1개,색이 너무 이쁘고 발림성도 좋습니다. 입술이 건조한 편인데 촉촉해지네요. 마스크만 아니면 더 구매하고 싶지만 다음에 재구매 해야겠어요. OOO 제품 역시 좋습니다.,보습력/수분감,촉촉해지네요.,1,[속성] 보습력/수분감 [문장] 촉촉해지네요.,0,보습력/수분감/쿨링감,merged_duplicate_label
validation,train,[속성] 지속력/유지력 [문장] 잘 지워지네요.,662608,쇼핑몰,메이크업/뷰티소품,OO 바** 워터 틴트 4.3g 1개,바르면 묻어남이 있고 잘 지워지네요. 발색도 별로라 재구매는 안할거 같아요.,지속력/유지력,잘 지워지네요.,-1,[속성] 지속력/유지력 [문장] 잘 지워지네요.,1,지속력/유지력,unchanged
validation,train,[속성] 발림성 [문장] 부드럽게 발리지 않고,668091,쇼핑몰,메이크업/뷰티소품,OO 후** 립케어 4.8g 1개,부드럽게 발리지 않고 끈적임이 있어요. 체리향은 은은해서 좋은데 발색은 진한 듯해서 별로네요.,발림성,부드럽게 발리지 않고,-1,[속성] 발림성 [문장] 부드럽게 발리지 않고,1,발림성,unchanged
validation,train,[속성] 흡수력 [문장] 끈적임이 있어요.,668091,쇼핑몰,메이크업/뷰티소품,OO 후** 립케어 4.8g 1개,부드럽게 발리지 않고 끈적임이 있어요. 체리향은 은은해서 좋은데 발색은 진한 듯해서 별로네요.,흡수력,끈적임이 있어요.,-1,[속성] 흡수력 [문장] 끈적임이 있어요.,1,흡수력,unchanged
validation,train,[속성] 가격 [문장] 저렴한 가격도 아닌데,665073,쇼핑몰,메이크업/뷰티소품,OO 벨** 립틴트 4g 1개,발랐을 때 발색이 안 이쁩니다. 저렴한 가격도 아닌데 구매가 후회됩니다.,가격,저렴한 가격도 아닌데,-1,[속성] 가격 [문장] 저렴한 가격도 아닌데,1,가격,unchanged
validation,train,[속성] 보습력/수분감 [문장] 생각보다 건조합니다.,661944,쇼핑몰,메이크업/뷰티소품,OO 루** 슬림 쉬어 마뜨 2g 1개,민 낯에 바르려고 샀습니다. 화장할 때 베이스로 사용하기 불편합니다. 생각보다 건조합니다. 색도 마음에 들지 않아요. 데일리로 사용하기 안 좋습니다. 발색이 자연스럽지 않아 추천하지 않아요.,보습력/수분감,생각보다 건조합니다.,-1,[속성] 보습력/수분감 [문장] 생각보다 건조합니다.,1,보습력/수분감/쿨링감,merged_duplicate_label
validation,train,[속성] 편의성/활용성 [문장] 데일리로 사용하기 안 좋습니다.,661944,쇼핑몰,메이크업/뷰티소품,OO 루** 슬림 쉬어 마뜨 2g 1개,민 낯에 바르려고 샀습니다. 화장할 때 베이스로 사용하기 불편합니다. 생각보다 건조합니다. 색도 마음에 들지 않아요. 데일리로 사용하기 안 좋습니다. 발색이 자연스럽지 않아 추천하지 않아요.,편의성/활용성,데일리로 사용하기 안 좋습니다.,-1,[속성] 편의성/활용성 [문장] 데일리로 사용하기 안 좋습니다.,1,편의성/활용성,unchanged
validation,train,[속성] 지속력/유지력 [문장] 지속력이 좋지는 않습니다.,668512,쇼핑몰,메이크업/뷰티소품,OO 후** 립케어 4.8g 1개,솔직히 바르고 지속력이 좋지는 않습니다. 입술이 마르는 것이 싫어서 자주 바르는데 입술 트는 게 좋아지지는 않습니다. 입술 색은 오래갑니다. 보습은 바르는 당시에만 좋은 것 같습니다.,지속력/유지력,지속력이 좋지는 않습니다.,-1,[속성] 지속력/유지력 [문장] 지속력이 좋지는 않습니다.,1,지속력/유지력,unchanged
validation,train,[속성] 향 [문장] 향은 별로지만,665779,쇼핑몰,메이크업/뷰티소품,OO 한** 립밤 4g 1개,지인의 추천으로 샀는데 좋습니다. 입술이 엄청 건조한 편이라 립스틱을 발라도 색이 잘 안 사더라고요. 그런데 이거 바르고 위에 립스틱 덧바르면 촉촉해서 좋아요. 향은 별로지만 잘 쓸 거 같아요.,향,향은 별로지만,-1,[속성] 향 [문장] 향은 별로지만,1,향,unchanged
validation,train,[속성] 발림성 [문장] 잘 안발리네요.,661920,쇼핑몰,메이크업/뷰티소품,OO 루** 슬림 쉬어 마뜨 2g 1개,색감이 별로고 제형이 무거워서 잘 안발리네요. 다음에 다시 구입하지 않을거 같아요.,발림성,잘 안발리네요.,-1,[속성] 발림성 [문장] 잘 안발리네요.,1,발림성,unchanged
validation,train,[속성] 향 [문장] 향이 좋지 않고,663498,쇼핑몰,메이크업/뷰티소품,OO 맨** 케어 4.8g 1개,립밤을 자주 사용하는데 이벤트를 하고 있어서 3개 구매했는데 알고 보니 시중가 보다 비싸게 주고 샀네요. 하나는 제가 사용하고 두 개는 가족들 하나씩 줬습니다. 사용했는데 향이 좋지 않고 건조하고 마무리가 보송하지 않습니다. 끈적거려서 바르면 머리카락이 붙네요.,향,향이 좋지 않고,-1,[속성] 향 [문장] 향이 좋지 않고,1,향,unchanged
validation,train,[속성] 용기 [문장] 뚜껑이 자꾸 열려서,666122,쇼핑몰,메이크업/뷰티소품,OO 한** 립밤 4g 1개,주변에서 좋다고 추천하길래 구매해 봤습니다. 선물도 하려고 여러 개 구매했어요. 그런데 뚜껑이 자꾸 열려서 가지고 다니기 불편하네요. 꽃향을 좋아하는데 향도 제 취향이 아니네요. 가격대비 별로인 거 같아요. 추천하지 않습니다.,용기,뚜껑이 자꾸 열려서,-1,[속성] 용기 [문장] 뚜껑이 자꾸 열려서,1,용기,unchanged
validation,train,[속성] 향 [문장] 향도 제 취향이 아니네요.,666122,쇼핑몰,메이크업/뷰티소품,OO 한** 립밤 4g 1개,주변에서 좋다고 추천하길래 구매해 봤습니다. 선물도 하려고 여러 개 구매했어요. 그런데 뚜껑이 자꾸 열려서 가지고 다니기 불편하네요. 꽃향을 좋아하는데 향도 제 취향이 아니네요. 가격대비 별로인 거 같아요. 추천하지 않습니다.,향,향도 제 취향이 아니네요.,-1,[속성] 향 [문장] 향도 제 취향이 아니네요.,1,향,unchanged
validation,train,[속성] 가격 [문장] 가격이 비싼 것 같습니다.,671212,쇼핑몰,메이크업/뷰티소품,OO 프** 아이팔레트 6g 1개,제 기대가 너무 컸나 봅니다. 발색이 더 좋으면 좋을 것 같습니다. 특히 펄 있는 아이섀도우들은 발색 차이가 별로 안 나요. 제품에 비해 가격이 비싼 것 같습니다.,가격,가격이 비싼 것 같습니다.,-1,[속성] 가격 [문장] 가격이 비싼 것 같습니다.,1,가격,unchanged
validation,train,[속성] 발림성 [문장] 발림 부드럽고,666940,쇼핑몰,메이크업/뷰티소품,OO 울** 립글로우 3.4g 1개,이 제품 처음이라 기본인 핑크로 구매했는데 남성 분이 써도 될 정도로 거의 무색으로 발색 되네요. 발림 부드럽고 향도 은은하고 지속력도 좋은 편이에요. 자기 전에 바르면 아침까지 촉촉함이 유지되네요.,발림성,발림 부드럽고,1,[속성] 발림성 [문장] 발림 부드럽고,0,발림성,unchanged
validation,train,[속성] 향 [문장] 향도 은은하고,666940,쇼핑몰,메이크업/뷰티소품,OO 울** 립글로우 3.4g 1개,이 제품 처음이라 기본인 핑크로 구매했는데 남성 분이 써도 될 정도로 거의 무색으로 발색 되네요. 발림 부드럽고 향도 은은하고 지속력도 좋은 편이에요. 자기 전에 바르면 아침까지 촉촉함이 유지되네요.,향,향도 은은하고,1,[속성] 향 [문장] 향도 은은하고,0,향,unchanged
validation,train,[속성] 발림성 [문장] 발림성이 안 좋아요.,672124,쇼핑몰,메이크업/뷰티소품,OO 샤** 섀도우 스틱 1.4g 1개,발림성이 안 좋아요. 가루 날림이 심하고 밀착력도 떨어지네요. 가격대비 품질이 별로인 거 같아요.,발림성,발림성이 안 좋아요.,-1,[속성] 발림성 [문장] 발림성이 안 좋아요.,1,발림성,unchanged
validation,train,[속성] 밀착력/접착력 [문장] 밀착력도 떨어지네요.,672124,쇼핑몰,메이크업/뷰티소품,OO 샤** 섀도우 스틱 1.4g 1개,발림성이 안 좋아요. 가루 날림이 심하고 밀착력도 떨어지네요. 가격대비 품질이 별로인 거 같아요.,밀착력/접착력,밀착력도 떨어지네요.,-1,[속성] 밀착력/접착력 [문장] 밀착력도 떨어지네요.,1,밀착력/접착력,unchanged
validation,train,[속성] 품질 [문장] 상품 품질이 안 좋아요.,663911,쇼핑몰,메이크업/뷰티소품,OO 파** 리퀴드 립컬러 5ml 1개,상품 품질이 안 좋아요. 실망스럽습니다. 가격도 비싼 편이고 친구 선물로 샀는데 색상도 산뜻하지가 않네요.,품질,상품 품질이 안 좋아요.,-1,[속성] 품질 [문장] 상품 품질이 안 좋아요.,1,품질,unchanged
validation,train,[속성] 가격 [문장] 가격도 비싼 편이고,663911,쇼핑몰,메이크업/뷰티소품,OO 파** 리퀴드 립컬러 5ml 1개,상품 품질이 안 좋아요. 실망스럽습니다. 가격도 비싼 편이고 친구 선물로 샀는데 색상도 산뜻하지가 않네요.,가격,가격도 비싼 편이고,-1,[속성] 가격 [문장] 가격도 비싼 편이고,1,가격,unchanged
validation,train,[속성] 보습력/수분감 [문장] 촉촉해져서 좋아요.,668643,쇼핑몰,메이크업/뷰티소품,OO 후** 립케어 4.8g 1개,OOO는 워낙 유명해서 어릴 때부터 꾸준히 사용했고 항상 가지고 다니면서 쓰게 되네요. 체리는 향도 좋고 연한 발색도 좋아요. OOO는 입술 트는데 촉촉해져서 좋아요.,보습력/수분감,촉촉해져서 좋아요.,1,[속성] 보습력/수분감 [문장] 촉촉해져서 좋아요.,0,보습력/수분감/쿨링감,merged_duplicate_label
validation,train,[속성] 발색력 [문장] 발색도 잘 됩니다.,672584,쇼핑몰,메이크업/뷰티소품,OO 무** 멀티 아이 컬러 팔레트 8.1g 1개,갖고 싶었던거라 비싸지만 그냥 샀습니다. 팔레트 색상 중에 자주 쓰는 색상은 몇 가지 없습니다. 그러나 색상 구성이 좋고 발색도 잘 됩니다. 잘 사용 중입니다.,발색력,발색도 잘 됩니다.,1,[속성] 발색력 [문장] 발색도 잘 됩니다.,0,발색력,unchanged
validation,train,[속성] 향 [문장] 향이 강해서 별로네요.,666293,쇼핑몰,메이크업/뷰티소품,OO 한** 립밤 4g 1개,"전에 OOO 써봤는데 좋아서 이번엔 OO으로 구매했는데, 이번 제품은 향이 강해서 별로네요. 약간 매트하게 발리고 건조하네요.",향,향이 강해서 별로네요.,-1,[속성] 향 [문장] 향이 강해서 별로네요.,1,향,unchanged
validation,train,[속성] 흡수력 [문장] 끈적이지 않으며,666688,쇼핑몰,메이크업/뷰티소품,OO 한** 립밤 4g 1개,촉촉하고 끈적이지 않으며 발색도 자연스러워 몇년 째 꾸준히 사용하고 있습니다. 부담스럽지 않은 광택이고 보습력 좋습니다.,흡수력,끈적이지 않으며,1,[속성] 흡수력 [문장] 끈적이지 않으며,0,흡수력,unchanged
validation,train,[속성] 발색력 [문장] 발색도 자연스러워,666688,쇼핑몰,메이크업/뷰티소품,OO 한** 립밤 4g 1개,촉촉하고 끈적이지 않으며 발색도 자연스러워 몇년 째 꾸준히 사용하고 있습니다. 부담스럽지 않은 광택이고 보습력 좋습니다.,발색력,발색도 자연스러워,1,[속성] 발색력 [문장] 발색도 자연스러워,0,발색력,unchanged
validation,train,[속성] 발림성 [문장] 발림성은 좋은데,664373,쇼핑몰,메이크업/뷰티소품,OO 파** 리퀴드 립컬러 5ml 1개,파우더 립스틱이라서 기대하고 주문했어요. 발림성은 좋은데 지속력은 좀 떨어지는 것 같아요. 색도 예뻐서 마음에 들어요. 사은품 하나 없네요.,발림성,발림성은 좋은데,1,[속성] 발림성 [문장] 발림성은 좋은데,0,발림성,unchanged
validation,train,[속성] 지속력/유지력 [문장] 지속력은 좀 떨어지는 것 같아요.,664373,쇼핑몰,메이크업/뷰티소품,OO 파** 리퀴드 립컬러 5ml 1개,파우더 립스틱이라서 기대하고 주문했어요. 발림성은 좋은데 지속력은 좀 떨어지는 것 같아요. 색도 예뻐서 마음에 들어요. 사은품 하나 없네요.,지속력/유지력,지속력은 좀 떨어지는 것 같아요.,-1,[속성] 지속력/유지력 [문장] 지속력은 좀 떨어지는 것 같아요.,1,지속력/유지력,unchanged
validation,train,[속성] 색상 [문장] 색도 예뻐서 마음에 들어요.,664373,쇼핑몰,메이크업/뷰티소품,OO 파** 리퀴드 립컬러 5ml 1개,파우더 립스틱이라서 기대하고 주문했어요. 발림성은 좋은데 지속력은 좀 떨어지는 것 같아요. 색도 예뻐서 마음에 들어요. 사은품 하나 없네요.,색상,색도 예뻐서 마음에 들어요.,1,[속성] 색상 [문장] 색도 예뻐서 마음에 들어요.,0,색상,unchanged
validation,train,[속성] 제품구성 [문장] 사은품 하나 없네요.,664373,쇼핑몰,메이크업/뷰티소품,OO 파** 리퀴드 립컬러 5ml 1개,파우더 립스틱이라서 기대하고 주문했어요. 발림성은 좋은데 지속력은 좀 떨어지는 것 같아요. 색도 예뻐서 마음에 들어요. 사은품 하나 없네요.,제품구성,사은품 하나 없네요.,-1,[속성] 제품구성 [문장] 사은품 하나 없네요.,1,제품구성,unchanged
validation,train,[속성] 가격 [문장] 가격도 비싸지만,663874,쇼핑몰,메이크업/뷰티소품,OO 파** 리퀴드 립컬러 5ml 1개,색상은 마음에 드는데 발색이 은은하지 않고 짙어요. 지속력도 짧고 가격도 비싸지만 명품 하나 챙겼다 생각하려구요.,가격,가격도 비싸지만,-1,[속성] 가격 [문장] 가격도 비싸지만,1,가격,unchanged
validation,train,[속성] 가격 [문장] 가성비가 별로네요.,669144,쇼핑몰,메이크업/뷰티소품,OO 에** 슈퍼 롱래쉬 6ml 1개,원래 화장을 잘 안 해서 솜씨가 없는 편인데 마스카라를 좀 더 잘 해 보려고 픽서 제품을 구매해 봤습니다. 그런데 픽서를 발라도 고정력이 안 생기고 제가 잘 못 바르는 건지 속눈썹이 더 길어 보이는 것도 잘 모르겠습니다. 가성비가 별로네요.,가격,가성비가 별로네요.,-1,[속성] 가격 [문장] 가성비가 별로네요.,1,가격,unchanged
validation,train,[속성] 보습력/수분감 [문장] 촉촉함이 오래가고,662203,쇼핑몰,메이크업/뷰티소품,OO 제** 립밤 4g 1개,일년 내내 입술이 트고 갈라져서 여러 제품 사용해 봤습니다. 그런데 이 제품은 저에게 딱 맞아요. 한 번 바르고 나면 촉촉함이 오래가고 보습력이 좋아서 입술이 갈라지거나 벗겨지지 않습니다. 그래서 잘 때도 바르고 자요. 끈적이지도 않고 무거운 느낌도 없어서 꾸준히 이 제품만 바르고 있습니다. 립스틱 바르기 전에도 기초로 먼저 발라주면 촉촉함이 오래 유지됩니다.,보습력/수분감,촉촉함이 오래가고,1,[속성] 보습력/수분감 [문장] 촉촉함이 오래가고,0,보습력/수분감/쿨링감,merged_duplicate_label
validation,train,[속성] 지속력/유지력 [문장] 오래 유지됩니다.,662203,쇼핑몰,메이크업/뷰티소품,OO 제** 립밤 4g 1개,일년 내내 입술이 트고 갈라져서 여러 제품 사용해 봤습니다. 그런데 이 제품은 저에게 딱 맞아요. 한 번 바르고 나면 촉촉함이 오래가고 보습력이 좋아서 입술이 갈라지거나 벗겨지지 않습니다. 그래서 잘 때도 바르고 자요. 끈적이지도 않고 무거운 느낌도 없어서 꾸준히 이 제품만 바르고 있습니다. 립스틱 바르기 전에도 기초로 먼저 발라주면 촉촉함이 오래 유지됩니다.,지속력/유지력,오래 유지됩니다.,1,[속성] 지속력/유지력 [문장] 오래 유지됩니다.,0,지속력/유지력,unchanged
validation,train,[속성] 보습력/수분감 [문장] 보습력도 좋지 않아서,662186,쇼핑몰,메이크업/뷰티소품,OO 제** 립밤 4g 1개,비싼 가격에 산 것 같네요. 건조하고 보습력도 좋지 않아서 아쉽습니다. 이 브랜드에서 재구매는 없을 듯해요.,보습력/수분감,보습력도 좋지 않아서,-1,[속성] 보습력/수분감 [문장] 보습력도 좋지 않아서,1,보습력/수분감/쿨링감,merged_duplicate_label
validation,train,[속성] 가격 [문장] 저렴하게 샀는데,668989,쇼핑몰,메이크업/뷰티소품,OO 에** 슈퍼 롱래쉬 6ml 1개,여러번 덮바르니 흰색의 액체가 마스카라를 발라도 보이긴 합니다. 조금 지저분해 보입니다. 좀더 써보면 요령이 생기긴할거 같아요. 저렴하게 샀는데 효과는 아직 모르겠습니다.,가격,저렴하게 샀는데,1,[속성] 가격 [문장] 저렴하게 샀는데,0,가격,unchanged
validation,train,[속성] 보습력/수분감 [문장] 촉촉하면서도,662979,쇼핑몰,메이크업/뷰티소품,OO 속** 틴트 1.6g 1개,두 제품을 구매했는데 촉촉하면서도 발색이 정말 잘 되어 만족합니다. 너무 밝은 색상이라 집에서 사용하기는 어색하지만 외출 할 때는 색이 예쁠 것 같습니다.,보습력/수분감,촉촉하면서도,1,[속성] 보습력/수분감 [문장] 촉촉하면서도,0,보습력/수분감/쿨링감,merged_duplicate_label
validation,train,[속성] 향 [문장] 향이 마음에 안 듭니다.,668079,쇼핑몰,메이크업/뷰티소품,OO 후** 립케어 4.8g 1개,OO 립케어는 처음 구매해 봅니다. 다른 제품을 오래 사용하다가 지루해서 바꿔 봤습니다. 체리 향으로 구매했는데 향이 마음에 안 듭니다. 바르고 나면 붉은기가 도는데 발색이 애매합니다. 아예 붉은색이 강하면 화장할 때 립스틱 대용으로 사용할 수 있을 것 같은데 발색이 옅어서 화장을 해도 안 해도 애매합니다. 더욱이 수시로 건조해지는 입술에는 보습력이 약하네요.,향,향이 마음에 안 듭니다.,-1,[속성] 향 [문장] 향이 마음에 안 듭니다.,1,향,unchanged
validation,train,[속성] 색상 [문장] 색감 좋고,662444,쇼핑몰,메이크업/뷰티소품,OO 바** 워터 틴트 4.3g 1개,저번에 아이브로우를 한번 잘못 샀다가 쓸 때마다 똑똑 부러져 버린 기억이 있습니다. 이 브랜드 제품은 늘 쓸 때마다 기대에 충족했던 터라 이번에 한번 구매해 보았는데 생각보다 좋은 것 같습니다. 지속적으로 써봐야 알겠지만 대충 테스트 해봤을 때 색감 좋고 부드럽게 잘 발리는 것 같아 좋습니다. 더 사용해보고 정착도 생각해 봐야겠습니다.,색상,색감 좋고,1,[속성] 색상 [문장] 색감 좋고,0,색상,unchanged
validation,train,[속성] 밀착력/접착력 [문장] 가루가 날려요.,670774,쇼핑몰,메이크업/뷰티소품,OO 프** 아이팔레트 6g 1개,후기가 좋아서 구매했는데 색상이 마음에 안 들어요. 발색력도 약하고 번짐이 있고 가루가 날려요.,밀착력/접착력,가루가 날려요.,-1,[속성] 밀착력/접착력 [문장] 가루가 날려요.,1,밀착력/접착력,unchanged
validation,train,[속성] 편의성/활용성 [문장] 바르기 불편해요.,670890,쇼핑몰,메이크업/뷰티소품,OO 프** 아이팔레트 6g 1개,생각보다 용기가 작아서 바르기 불편해요. 발색도 마음에 안 드네요. 솔도 억세고 거울도 작아서 사용하기 불편해요. 가성비 안 좋아요.,편의성/활용성,바르기 불편해요.,-1,[속성] 편의성/활용성 [문장] 바르기 불편해요.,1,편의성/활용성,unchanged
validation,train,[속성] 가격 [문장] 가성비 안 좋아요.,670890,쇼핑몰,메이크업/뷰티소품,OO 프** 아이팔레트 6g 1개,생각보다 용기가 작아서 바르기 불편해요. 발색도 마음에 안 드네요. 솔도 억세고 거울도 작아서 사용하기 불편해요. 가성비 안 좋아요.,가격,가성비 안 좋아요.,-1,[속성] 가격 [문장] 가성비 안 좋아요.,1,가격,unchanged
validation,train,[속성] 기능/효과 [문장] 건조한 입술이 촉촉해지지 않네요.,668549,쇼핑몰,메이크업/뷰티소품,OO 후** 립케어 4.8g 1개,찬바람 부는 겨울에는 입술이 트는 체질이예요. OOO 립케어가 좋다고 해서 구매해 봤습니다. 그런데 건조한 입술이 촉촉해지지 않네요. 데일리로 사용하기에 적합한 제품이 아닌 거 같아요.,기능/효과,건조한 입술이 촉촉해지지 않네요.,-1,[속성] 기능/효과 [문장] 건조한 입술이 촉촉해지지 않네요.,1,기능/효과,unchanged
validation,train,[속성] 보습력/수분감 [문장] 촉촉해지지 않네요.,668549,쇼핑몰,메이크업/뷰티소품,OO 후** 립케어 4.8g 1개,찬바람 부는 겨울에는 입술이 트는 체질이예요. OOO 립케어가 좋다고 해서 구매해 봤습니다. 그런데 건조한 입술이 촉촉해지지 않네요. 데일리로 사용하기에 적합한 제품이 아닌 거 같아요.,보습력/수분감,촉촉해지지 않네요.,-1,[속성] 보습력/수분감 [문장] 촉촉해지지 않네요.,1,보습력/수분감/쿨링감,merged_duplicate_label
validation,train,[속성] 가격 [문장] 쿠폰 사용해서 저렴하게 구매했습니다.,662483,쇼핑몰,메이크업/뷰티소품,OO 바** 워터 틴트 4.3g 1개,애용하는 상품입니다. 쿠폰 사용해서 저렴하게 구매했습니다. 발색이 잘 되고 뭉치지 않아 좋고 피부가 매끈해 보이는 색상입니다.,가격,쿠폰 사용해서 저렴하게 구매했습니다.,1,[속성] 가격 [문장] 쿠폰 사용해서 저렴하게 구매했습니다.,0,가격,unchanged
validation,train,[속성] 지속력/유지력 [문장] 오래가지 않고,668606,쇼핑몰,메이크업/뷰티소품,OO 후** 립케어 4.8g 1개,립케어 제품으로 OOO 제품을 주로 사용해요. 화장을 하지 않을 때 입술색이 칙칙하니 얼굴에 생기도 없어보입니다. 그래서 어느 정도 발색력도 있고 보습도 되는 이 제품으로 구매했는데 보습력도 오래가지 않고 색상도 안 좋습니다. 기본 입술색이 칙칙해서 그런지 발랐을 때 색상이 어둡습니다. 개인마다 차이가 있을 듯 하네요.,지속력/유지력,오래가지 않고,-1,[속성] 지속력/유지력 [문장] 오래가지 않고,1,지속력/유지력,unchanged
validation,train,[속성] 가격 [문장] 저렴하고,663397,쇼핑몰,메이크업/뷰티소품,OO 맨** 케어 4.8g 1개,촉촉해서 겨울에 사용하기 딱 좋아요. 체리는 립스틱 전에 발라서 색감 주기 좋고 이 제품은 남편이 잘 쓰고 있습니다. 저렴하고 보습력도 좋아서 계속 사게 됩니다.,가격,저렴하고,1,[속성] 가격 [문장] 저렴하고,0,가격,unchanged
validation,train,[속성] 발림성 [문장] 부드러운 발림성과,668651,쇼핑몰,메이크업/뷰티소품,OO 후** 립케어 4.8g 1개,리뉴얼로 케이스가 깔끔하게 예쁩니다. 부드러운 발림성과 자연스러운 발색이라 매일 사용 합니다. 발색이 있어 얼굴에 발라주면 생기 있고 좋습니다. 촉촉하고 오랫동안 보습이 됩니다.,발림성,부드러운 발림성과,1,[속성] 발림성 [문장] 부드러운 발림성과,0,발림성,unchanged
validation,train,[속성] 발색력 [문장] 자연스러운 발색이라,668651,쇼핑몰,메이크업/뷰티소품,OO 후** 립케어 4.8g 1개,리뉴얼로 케이스가 깔끔하게 예쁩니다. 부드러운 발림성과 자연스러운 발색이라 매일 사용 합니다. 발색이 있어 얼굴에 발라주면 생기 있고 좋습니다. 촉촉하고 오랫동안 보습이 됩니다.,발색력,자연스러운 발색이라,1,[속성] 발색력 [문장] 자연스러운 발색이라,0,발색력,unchanged
validation,train,[속성] 보습력/수분감 [문장] 보습이 됩니다.,668651,쇼핑몰,메이크업/뷰티소품,OO 후** 립케어 4.8g 1개,리뉴얼로 케이스가 깔끔하게 예쁩니다. 부드러운 발림성과 자연스러운 발색이라 매일 사용 합니다. 발색이 있어 얼굴에 발라주면 생기 있고 좋습니다. 촉촉하고 오랫동안 보습이 됩니다.,보습력/수분감,보습이 됩니다.,1,[속성] 보습력/수분감 [문장] 보습이 됩니다.,0,보습력/수분감/쿨링감,merged_duplicate_label
validation,train,[속성] 발림성 [문장] 부드럽게 잘발리고,668164,쇼핑몰,메이크업/뷰티소품,OO 후** 립케어 4.8g 1개,OO 립밤은 믿고 씁니다. 용기 자체 색감도 이쁘고 바르면 무색이지만 약간 반짝임 있고 부드럽게 잘발리고 촉촉하고 가격대비 만족스러웠습니다.,발림성,부드럽게 잘발리고,1,[속성] 발림성 [문장] 부드럽게 잘발리고,0,발림성,unchanged
validation,train,[속성] 가격 [문장] 가격이 저렴하고,671068,쇼핑몰,메이크업/뷰티소품,OO 프** 아이팔레트 6g 1개,가격이 저렴하고 색감도 나쁘지 않아요. 다양한 색상이 짜임새 있게 들어 있어 데일리로 활용하기 좋습니다. 발색력이 괜찮은 편이고 지속 시간도 오래가는 편이라고 생각해요.,가격,가격이 저렴하고,1,[속성] 가격 [문장] 가격이 저렴하고,0,가격,unchanged
validation,train,[속성] 색상 [문장] 색상이 너무 예쁩니다.,664350,쇼핑몰,메이크업/뷰티소품,OO 파** 리퀴드 립컬러 5ml 1개,OOO 립스틱은 사용 안 해봤는데 리퀴드로 나와서 한 가지 색상만 구입해 봤습니다. 보송하니 잘 발려서 스머지도 잘 되고 색상이 너무 예쁩니다. 예쁜 레드 색상이에요. 시간이 지나면 건조해져서 입술이 마르긴 해요. 그때 위에 립밤 발라주면 좋습니다. 착색은 강한 편이 아니라서 아쉬워요.,색상,색상이 너무 예쁩니다.,1,[속성] 색상 [문장] 색상이 너무 예쁩니다.,0,색상,unchanged
validation,train,[속성] 밀착력/접착력 [문장] 밀착력 좋고,670791,쇼핑몰,메이크업/뷰티소품,OO 프** 아이팔레트 6g 1개,아이쉐도우 오래되서 다버리고 출산후 뭘 살까 무난한거 고민하다가 추천받아서 샀네요. 쿨톤에 맞다고 해서 샀는데 무난하게 쓰기 좋습니다. 밀착력 좋고 발색력 짱이에요,밀착력/접착력,밀착력 좋고,1,[속성] 밀착력/접착력 [문장] 밀착력 좋고,0,밀착력/접착력,unchanged
validation,train,[속성] 디자인 [문장] 디자인이 귀엽고,663020,쇼핑몰,메이크업/뷰티소품,OO 속** 틴트 1.6g 1개,소지하고 다니기 편합니다. 디자인이 귀엽고 일단 지속력은 아직 잘 모르겠습니다. 형광 레드색이라고 해서 구매 했는데 연한 레드색이라 아쉽네요.,디자인,디자인이 귀엽고,1,[속성] 디자인 [문장] 디자인이 귀엽고,0,디자인,unchanged
validation,train,[속성] 지속력/유지력 [문장] 지속력은 아직 잘 모르겠습니다.,663020,쇼핑몰,메이크업/뷰티소품,OO 속** 틴트 1.6g 1개,소지하고 다니기 편합니다. 디자인이 귀엽고 일단 지속력은 아직 잘 모르겠습니다. 형광 레드색이라고 해서 구매 했는데 연한 레드색이라 아쉽네요.,지속력/유지력,지속력은 아직 잘 모르겠습니다.,0,[속성] 지속력/유지력 [문장] 지속력은 아직 잘 모르겠습니다.,2,지속력/유지력,unchanged
validation,train,[속성] 보습력/수분감 [문장] 촉촉해서 좋네요.,661981,쇼핑몰,메이크업/뷰티소품,OO 루** 슬림 쉬어 마뜨 2g 1개,발림성이 좋고 촉촉해서 재구매해서 사용하고 있어요. 버건디 색상이라 여름보다는 쌀쌀한 날씨에 사용하기 좋은 것 같아요. 입술이 건조해서 각질도 많이 생기는데 이 립스틱 바르면 촉촉해서 좋네요. 가격 대비 용량은 아쉽지만 다음에는 다른 색으로 구입해 봐야겠어요.,보습력/수분감,촉촉해서 좋네요.,1,[속성] 보습력/수분감 [문장] 촉촉해서 좋네요.,0,보습력/수분감/쿨링감,merged_duplicate_label
validation,train,[속성] 밀착력/접착력 [문장] 가루 날림도 없고,671336,쇼핑몰,메이크업/뷰티소품,OO 프** 아이팔레트 6g 1개,비싸지만 제형의 입자도 곱고 색감도 고급스럽고 피부에 밀착 잘 되어서 좋습니다. 피부색과도 잘 어울리고 바르고 나서 가루 날림도 없고 펄이 있는 색감도 고급스럽습니다.,밀착력/접착력,가루 날림도 없고,1,[속성] 밀착력/접착력 [문장] 가루 날림도 없고,0,밀착력/접착력,unchanged
validation,train,[속성] 발림성 [문장] 잘 발려서 좋습니다.,670988,쇼핑몰,메이크업/뷰티소품,OO 프** 아이팔레트 6g 1개,웜쿨 조화롭게 쓸수 있고 무엇보다도 굉장히 제형이 고와서 잘 발려서 좋습니다. 브러쉬로 바르는 거 보단 손으로 발라야 가루날림도 적고 밀착도 잘되는거 같습니다. 보통 팔레트 사면 꼭 안쓰는 컬러들 있는데 이 팔레트는 버릴 컬러가 하나도 없습니다. 퍼스널 컬러 진단 받을때 이 팔레트 들고 갔는데 잘 샀다고 칭찬도 받았습니다. 너무 만족해요.,발림성,잘 발려서 좋습니다.,1,[속성] 발림성 [문장] 잘 발려서 좋습니다.,0,발림성,unchanged
validation,train,[속성] 색상 [문장] 색상이 은은하고,663889,쇼핑몰,메이크업/뷰티소품,OO 파** 리퀴드 립컬러 5ml 1개,색상이 은은하고 발색도 뚜렷하게 잘되어 예쁩니다. 베이스로 사용하기도 딱이네요. 처음 바르고 나와서 지속력은 아직 모르겠는데 마스크에 묻어납니다.,색상,색상이 은은하고,1,[속성] 색상 [문장] 색상이 은은하고,0,색상,unchanged
validation,train,[속성] 성분 [문장] 성분이 순하고,662497,쇼핑몰,메이크업/뷰티소품,OO 바** 워터 틴트 4.3g 1개,성분이 순하고 촉촉해서 좋았습니다. 스패출러가 있어서 깨끗하게 사용할 수 있어 좋습니다. 향이 호박향인데 나름 괜찮아요. 저렴한 가격에 좋은 구성으로 구매해서 좋았어요. 단점은 적량이 어느 정도인지 몰라서 그날 화장에 따라 조절해서 사용합니다. 부족하면 손에 밤이 묻은 상태에서 더 덜어 써야 해서 초반에 많이 사용하게 됩니다. 전반적으로 만족하며 사용합니다.,성분,성분이 순하고,1,[속성] 성분 [문장] 성분이 순하고,0,성분,unchanged
validation,train,[속성] 보습력/수분감 [문장] 촉촉해서 좋았습니다.,662497,쇼핑몰,메이크업/뷰티소품,OO 바** 워터 틴트 4.3g 1개,성분이 순하고 촉촉해서 좋았습니다. 스패출러가 있어서 깨끗하게 사용할 수 있어 좋습니다. 향이 호박향인데 나름 괜찮아요. 저렴한 가격에 좋은 구성으로 구매해서 좋았어요. 단점은 적량이 어느 정도인지 몰라서 그날 화장에 따라 조절해서 사용합니다. 부족하면 손에 밤이 묻은 상태에서 더 덜어 써야 해서 초반에 많이 사용하게 됩니다. 전반적으로 만족하며 사용합니다.,보습력/수분감,촉촉해서 좋았습니다.,1,[속성] 보습력/수분감 [문장] 촉촉해서 좋았습니다.,0,보습력/수분감/쿨링감,merged_duplicate_label
validation,train,[속성] 향 [문장] 무향입니다.,666718,쇼핑몰,메이크업/뷰티소품,OO 한** 립밤 4g 1개,잘 쓰고 있습니다. 다른 브랜드 제품도 다 써봤는데 이 제품이 제일 좋은 것 같습니다. 립밤1호는 제형이 쫀쫀하고 무색이고 무향입니다. 립밤2호는 색깔이 있는 대신 보습력이 떨어집니다.,향,무향입니다.,0,[속성] 향 [문장] 무향입니다.,2,향,unchanged
validation,train,[속성] 보습력/수분감 [문장] 보습력이 떨어집니다.,666718,쇼핑몰,메이크업/뷰티소품,OO 한** 립밤 4g 1개,잘 쓰고 있습니다. 다른 브랜드 제품도 다 써봤는데 이 제품이 제일 좋은 것 같습니다. 립밤1호는 제형이 쫀쫀하고 무색이고 무향입니다. 립밤2호는 색깔이 있는 대신 보습력이 떨어집니다.,보습력/수분감,보습력이 떨어집니다.,-1,[속성] 보습력/수분감 [문장] 보습력이 떨어집니다.,1,보습력/수분감/쿨링감,merged_duplicate_label
validation,train,[속성] 지속력/유지력 [문장] 지속력은 잘 모르겠습니다.,671270,쇼핑몰,메이크업/뷰티소품,OO 프** 아이팔레트 6g 1개,가격에 맞는 품질의 팔레트 같습니다. 색 조합은 마음에 듭니다. 지속력은 잘 모르겠습니다. 가벼워서 들고 다니기는 좋지만 딱 가격 만큼의 품질입니다.,지속력/유지력,지속력은 잘 모르겠습니다.,0,[속성] 지속력/유지력 [문장] 지속력은 잘 모르겠습니다.,2,지속력/유지력,unchanged
validation,train,[속성] 향 [문장] 향도 좋지 않고,668538,쇼핑몰,메이크업/뷰티소품,OO 후** 립케어 4.8g 1개,은은하게 발색된다고 해서 구매했는데 발라보니 얼굴이 생기 있어 보이지 않아요. 향도 좋지 않고 데일리로 사용하기 별로네요.,향,향도 좋지 않고,-1,[속성] 향 [문장] 향도 좋지 않고,1,향,unchanged
validation,train,[속성] 편의성/활용성 [문장] 데일리로 사용하기 별로네요.,668538,쇼핑몰,메이크업/뷰티소품,OO 후** 립케어 4.8g 1개,은은하게 발색된다고 해서 구매했는데 발라보니 얼굴이 생기 있어 보이지 않아요. 향도 좋지 않고 데일리로 사용하기 별로네요.,편의성/활용성,데일리로 사용하기 별로네요.,-1,[속성] 편의성/활용성 [문장] 데일리로 사용하기 별로네요.,1,편의성/활용성,unchanged
validation,train,[속성] 색상 [문장] 색상은 예뻐요.,661888,쇼핑몰,메이크업/뷰티소품,OO 루** 슬림 쉬어 마뜨 2g 1개,색상은 예뻐요. 촉촉하면서 번들거리지 않아요. 부담스럽지 않은 오렌지색으로 발색되어서 좋습니다. 발색에 핑크기가 없어서 좋지만 발색력이 약하고 지속력이 없어서 아쉽네요. 작아서 들고 다니면서 평소에 막 바르기 좋은 제품이에요. 전체적으로 만족합니다.,색상,색상은 예뻐요.,1,[속성] 색상 [문장] 색상은 예뻐요.,0,색상,unchanged
validation,train,[속성] 흡수력 [문장] 번들거리지 않아요.,661888,쇼핑몰,메이크업/뷰티소품,OO 루** 슬림 쉬어 마뜨 2g 1개,색상은 예뻐요. 촉촉하면서 번들거리지 않아요. 부담스럽지 않은 오렌지색으로 발색되어서 좋습니다. 발색에 핑크기가 없어서 좋지만 발색력이 약하고 지속력이 없어서 아쉽네요. 작아서 들고 다니면서 평소에 막 바르기 좋은 제품이에요. 전체적으로 만족합니다.,흡수력,번들거리지 않아요.,1,[속성] 흡수력 [문장] 번들거리지 않아요.,0,흡수력,unchanged
validation,train,[속성] 가격 [문장] 저렴합니다.,662526,쇼핑몰,메이크업/뷰티소품,OO 바** 워터 틴트 4.3g 1개,저렴합니다. 기존에 쓰는 거랑 색이 좀 달라서 어색합니다. 저한테는 잘 안 어울리는 색인 것 같네요. 원래 자주 쓰던 타 브랜드 제품으로 돌아가야겠습니다.,가격,저렴합니다.,1,[속성] 가격 [문장] 저렴합니다.,0,가격,unchanged
validation,train,[속성] 가격 [문장] 비싸게 샀어요.,662579,쇼핑몰,메이크업/뷰티소품,OO 바** 워터 틴트 4.3g 1개,배송도 빨랐는데 구성이 너무 아쉽네요. 원래는 매년 해외여행시에 면세점에서 쟁여두고 샀는데 이번엔 코로나 때문에 못나가서 비싸게 샀어요.,가격,비싸게 샀어요.,-1,[속성] 가격 [문장] 비싸게 샀어요.,1,가격,unchanged
validation,train,[속성] 기능/효과 [문장] 깨끗하게 잘 지워지고,582780,쇼핑몰,스킨케어,OO 마** 퓨어 클렌징오일 200ml 1개,ㅇㅇㅇ 오일 잘 사용하고 있습니다. 깨끗하게 잘 지워지고 유성 오염 특히 잘 지워져요. 오일 클린징이라 세안 후 당김이 적고 모공까지 시원하게 클린징 되는 느낌이 좋아요.,기능/효과,깨끗하게 잘 지워지고,1,[속성] 기능/효과 [문장] 깨끗하게 잘 지워지고,0,기능/효과,unchanged
validation,train,[속성] 발림성 [문장] 발림성 좋아,595170,쇼핑몰,스킨케어,OO 선 메이트 70ml 1개,상품 품질이 좋아요. 마음에 듭니다. 백탁현상 적고 발림성 좋아 바르기 편하네요. 땀에 잘 지워지지 않아서 더 좋아요.,발림성,발림성 좋아,1,[속성] 발림성 [문장] 발림성 좋아,0,발림성,unchanged
validation,train,[속성] 편의성/활용성 [문장] 바르기 편하네요.,595170,쇼핑몰,스킨케어,OO 선 메이트 70ml 1개,상품 품질이 좋아요. 마음에 듭니다. 백탁현상 적고 발림성 좋아 바르기 편하네요. 땀에 잘 지워지지 않아서 더 좋아요.,편의성/활용성,바르기 편하네요.,1,[속성] 편의성/활용성 [문장] 바르기 편하네요.,0,편의성/활용성,unchanged
validation,train,[속성] 기능/효과 [문장] 세정력도 좋고,585451,쇼핑몰,스킨케어,OO 클** 클렌징젤 400ml 1개,써보고 좋아서 다시 주문했습니다. 세정력도 좋고 순하고 부드럽게 잘 씻기고 자극 없어서 대용량으로 주문했어요.,기능/효과,세정력도 좋고,1,[속성] 기능/효과 [문장] 세정력도 좋고,0,기능/효과,unchanged
validation,train,[속성] 자극성 [문장] 자극 없어서,585451,쇼핑몰,스킨케어,OO 클** 클렌징젤 400ml 1개,써보고 좋아서 다시 주문했습니다. 세정력도 좋고 순하고 부드럽게 잘 씻기고 자극 없어서 대용량으로 주문했어요.,자극성,자극 없어서,1,[속성] 자극성 [문장] 자극 없어서,0,자극성,unchanged
validation,train,[속성] 자극성 [문장] 너무 순해서,587003,쇼핑몰,스킨케어,OO 멘** 포밍워시 200ml 2개,은은하게 자극없이 쓰기 좋습니다. 근데 너무 순해서 그런지 깨끗하게 클렌징되는 효과는 없네요. 여드름이 있는 아이를 위해 쓰고 있는데 여드름 제거 효과는 없는 듯 싶어요.,자극성,너무 순해서,1,[속성] 자극성 [문장] 너무 순해서,0,자극성,unchanged
validation,train,[속성] 품질 [문장] 품질이 좋습니다.,599187,쇼핑몰,스킨케어,OO 멀티 선크림 70ml 1개,가격이 저렴해서 별로일까봐 걱정했는데 저렴한데도 품질이 좋습니다. 가벼운 발림성에 백탁도 없고 성분도 순해서 좋습니다. 민감한 편인데 자극도 없어 좋네요. 부담스럽지 않고 제품 좋네요.,품질,품질이 좋습니다.,1,[속성] 품질 [문장] 품질이 좋습니다.,0,품질,unchanged
validation,train,[속성] 흡수력 [문장] 백탁도 없고,599187,쇼핑몰,스킨케어,OO 멀티 선크림 70ml 1개,가격이 저렴해서 별로일까봐 걱정했는데 저렴한데도 품질이 좋습니다. 가벼운 발림성에 백탁도 없고 성분도 순해서 좋습니다. 민감한 편인데 자극도 없어 좋네요. 부담스럽지 않고 제품 좋네요.,흡수력,백탁도 없고,1,[속성] 흡수력 [문장] 백탁도 없고,0,흡수력,unchanged
validation,train,[속성] 성분 [문장] 성분도 순해서 좋습니다.,599187,쇼핑몰,스킨케어,OO 멀티 선크림 70ml 1개,가격이 저렴해서 별로일까봐 걱정했는데 저렴한데도 품질이 좋습니다. 가벼운 발림성에 백탁도 없고 성분도 순해서 좋습니다. 민감한 편인데 자극도 없어 좋네요. 부담스럽지 않고 제품 좋네요.,성분,성분도 순해서 좋습니다.,1,[속성] 성분 [문장] 성분도 순해서 좋습니다.,0,성분,unchanged
validation,train,[속성] 편의성/활용성 [문장] 사용하기 편해서,587039,쇼핑몰,스킨케어,OO 멘** 포밍워시 200ml 2개,"여드름 피부에 사용 중인데 자주 구매하는 제품입니다. 여드름이 나아지는 건 없지만, 사용하기 편해서 또 구매했습니다. 비누는 거품내는 거 귀찮다고 해서 OOO은 거품이라 사용이 편해서 좋아합니다. 가격에 비해 양이 적어서 아쉬워요.",편의성/활용성,사용하기 편해서,1,[속성] 편의성/활용성 [문장] 사용하기 편해서,0,편의성/활용성,unchanged
validation,train,[속성] 보습력/수분감 [문장] 당김이 있어,589513,쇼핑몰,스킨케어,OO 딥 클린 클렌저 175g 1개,"꼭 필요한 일순위 클렌저입니다. 골치 아픈 여드름 유발균 완화시켜준다하니 계속 사용해보려 합니다. 꾸준히 사용하면 피부 관리가 잘 될 것 같습니다. 피지 제거에 탁월한데 저자극이라 안심됩니다. 색조나 자차, 유분기 있는 화장품 지울 때 2차 세안 용도로도 좋아요. 세안후 당김이 있어 보습을 꼭 해줘야 합니다. 뽀득해서 효과가 좋아트러블 피부가 고민인 분들께 추천합니다.",보습력/수분감,당김이 있어,-1,[속성] 보습력/수분감 [문장] 당김이 있어,1,보습력/수분감,unchanged
validation,train,[속성] 자극성 [문장] 자극 없이,582321,쇼핑몰,스킨케어,OO 순** 클렌징오일 200ml 1개,항상 사용하는 폼 클렌징이라 구매했습니다. 겨울에 세안 후 조금 당기는 감이 있지만 심하진 않고 자극 없이 사용합니다. 거품도 풍부하고 향도 자극적이지 않아 좋습니다. 저렴한 가격이면 더 좋겠습니다.,자극성,자극 없이,1,[속성] 자극성 [문장] 자극 없이,0,자극성,unchanged
validation,train,[속성] 향 [문장] 향도 자극적이지 않아 좋습니다.,582321,쇼핑몰,스킨케어,OO 순** 클렌징오일 200ml 1개,항상 사용하는 폼 클렌징이라 구매했습니다. 겨울에 세안 후 조금 당기는 감이 있지만 심하진 않고 자극 없이 사용합니다. 거품도 풍부하고 향도 자극적이지 않아 좋습니다. 저렴한 가격이면 더 좋겠습니다.,향,향도 자극적이지 않아 좋습니다.,1,[속성] 향 [문장] 향도 자극적이지 않아 좋습니다.,0,향,unchanged
validation,train,[속성] 흡수력 [문장] 보송보송하고,596601,쇼핑몰,스킨케어,OO 브라이트닝 업 선 플러스 50ml 1개,항상 사용하는 브랜드네요. 이번에는 톤 보정이 되는 것으로 선택했는데 보송보송하고 오랫동안 깔끔하게 유지되어서 좋습니다. 앞으로 이 선크림만 사용할 것 같습니다.,흡수력,보송보송하고,1,[속성] 흡수력 [문장] 보송보송하고,0,흡수력,unchanged
validation,train,[속성] 기능/효과 [문장] 세정력도 좋지만,587343,쇼핑몰,스킨케어,OO 멘** 포밍워시 200ml 2개,일 년 동안 계속 사용하고 있는 제품이에요. 피부 트러블 때문에 사용하게 되었는데 많이 진정이 되어서 계속 사용하고 있어요. 향도 은은하고 세정력도 좋지만 제형이 묽어서 많이 쓰게 됩니다. 가성비는 보통이에요.,기능/효과,세정력도 좋지만,1,[속성] 기능/효과 [문장] 세정력도 좋지만,0,기능/효과,unchanged
validation,train,[속성] 가격 [문장] 저렴하게 잘 구입했습니다.,596062,쇼핑몰,스킨케어,OO 브라이트닝 업 선 플러스 50ml 1개,발림성 좋고 SPF차단 잘되고 좋아요. 늘 이제품 사용하고 있어요. 저렴하게 잘 구입했습니다. 배송도 하루만에 왔어요.,가격,저렴하게 잘 구입했습니다.,1,[속성] 가격 [문장] 저렴하게 잘 구입했습니다.,0,가격,unchanged
validation,train,[속성] 향 [문장] 향이 없어 좋습니다.,586078,쇼핑몰,스킨케어,OO 시** 퍼펙트 휩 150ml 4개,가격은 조금 나가지만 용기가 펌핑 방식과 버블폼이라 사용하기 편리합니다. 겨울인데 당기는 증상이 없습니다. 여름에는 아직 모르겠습니다. 향이 없어 좋습니다.,향,향이 없어 좋습니다.,1,[속성] 향 [문장] 향이 없어 좋습니다.,0,향,unchanged
validation,train,[속성] 편의성/활용성 [문장] 사용하기 편리합니다.,586078,쇼핑몰,스킨케어,OO 시** 퍼펙트 휩 150ml 4개,가격은 조금 나가지만 용기가 펌핑 방식과 버블폼이라 사용하기 편리합니다. 겨울인데 당기는 증상이 없습니다. 여름에는 아직 모르겠습니다. 향이 없어 좋습니다.,편의성/활용성,사용하기 편리합니다.,1,[속성] 편의성/활용성 [문장] 사용하기 편리합니다.,0,편의성/활용성,unchanged
validation,train,[속성] 성분 [문장] 성분이 좋아서,600097,쇼핑몰,스킨케어,OO 자** 선크림 50ml 1개,성분이 좋아서 구입했습니다. OOO 첫 입문이 선크림이라 기초부터 구입예정이네요. 유통기한도 넉넉하고 배송도 빠르고 좋네요.용량은 적어 금방 쓸것 같아요.,성분,성분이 좋아서,1,[속성] 성분 [문장] 성분이 좋아서,0,성분,unchanged
validation,train,[속성] 유통기한 [문장] 유통기한도 넉넉하고,600097,쇼핑몰,스킨케어,OO 자** 선크림 50ml 1개,성분이 좋아서 구입했습니다. OOO 첫 입문이 선크림이라 기초부터 구입예정이네요. 유통기한도 넉넉하고 배송도 빠르고 좋네요.용량은 적어 금방 쓸것 같아요.,유통기한,유통기한도 넉넉하고,1,[속성] 유통기한 [문장] 유통기한도 넉넉하고,0,유통기한,unchanged
validation,train,[속성] 가격 [문장] 가격이 조금만 더 저렴했으면 좋겠네요.,596330,쇼핑몰,스킨케어,OO 브라이트닝 업 선 플러스 50ml 1개,항상 쓰는제품입니다. 발림성 좋고 톤업도 자연스럽고 번들 거리지 않아 최고의 썬크림입니다. 가격이 조금만 더 저렴했으면 좋겠네요.,가격,가격이 조금만 더 저렴했으면 좋겠네요.,-1,[속성] 가격 [문장] 가격이 조금만 더 저렴했으면 좋겠네요.,1,가격,unchanged
validation,train,[속성] 자극성 [문장] 자극없고,589593,쇼핑몰,스킨케어,OO 딥 클린 클렌저 175g 1개,3개월째 사용 중인데 무난하고 자극없고 세안도 잘되는 편입니다. 가격은 저렴한 편은 아니지만 상품페이지 보고 좋아 보여서 구매했는데 사용해보니 나쁘지 않네요. 아마도 특별히 부작용이 생기지만 않는다면 계속 사용할 것 같습니다.,자극성,자극없고,1,[속성] 자극성 [문장] 자극없고,0,자극성,unchanged
validation,train,[속성] 기능/효과 [문장] 효과가 있어요.,585199,쇼핑몰,스킨케어,OO 클** 클렌징젤 400ml 1개,여드름이 생겨서 사용했는데 효과가 있어요. 많이 좋아졌어요. 다른 요인도 작용했는지 모르겠지만 만족해요. 사용 후 뽀드득한 느낌은 아니고 냄새는 상쾌한 향이랍니다.,기능/효과,효과가 있어요.,1,[속성] 기능/효과 [문장] 효과가 있어요.,0,기능/효과,unchanged
validation,train,[속성] 용량/개수 [문장] 용량이 적어,590767,쇼핑몰,스킨케어,OO 뉴** 에그팩 50g 6개,용량이 적어 아껴쓰고 있습니다. 향도 은은하고 좋아요. 얼굴이 매트하지않아 세안할때 촉촉하고 좋습니다.,용량/개수,용량이 적어,-1,[속성] 용량/개수 [문장] 용량이 적어,1,용량,merged_duplicate_label
validation,train,[속성] 자극성 [문장] 저자극이고,585311,쇼핑몰,스킨케어,OO 클** 클렌징젤 400ml 1개,마스크를 쓰게 되면서 트러블과 화이트헤드가 고민이었습니다. 그래서 정착한 이 제품은 저자극이고 피지 조절 되는 순한 클렌징 제품이네요. 제 피부에는 잘 맞아 좋습니다.,자극성,저자극이고,1,[속성] 자극성 [문장] 저자극이고,0,자극성,unchanged
validation,train,[속성] 자극성 [문장] 순한,585311,쇼핑몰,스킨케어,OO 클** 클렌징젤 400ml 1개,마스크를 쓰게 되면서 트러블과 화이트헤드가 고민이었습니다. 그래서 정착한 이 제품은 저자극이고 피지 조절 되는 순한 클렌징 제품이네요. 제 피부에는 잘 맞아 좋습니다.,자극성,순한,1,[속성] 자극성 [문장] 순한,0,자극성,unchanged
validation,train,[속성] 향 [문장] 향은 살짝 강하지만,593912,쇼핑몰,스킨케어,OO 그** 선 플러스 50ml 1개,"몇년째 사용하고 있는 제품이네요. 시간이 지나도 번들거림이 적고, 향은 살짝 강하지만 발랐을때 백탁현상도 없는 제품이라 항상 만족하며 사용중이네요.",향,향은 살짝 강하지만,-1,[속성] 향 [문장] 향은 살짝 강하지만,1,향,unchanged
validation,train,[속성] 가격 [문장] 가격도 부담 없고,593921,쇼핑몰,스킨케어,OO 그** 선 플러스 50ml 1개,항상 쟁여두는 제품이에요. 선크림 중에 눈 시림이나 눈이 침침한 제품들이 있는데 OOO는 눈 시림이 없어서 좋습니다. 가격도 부담 없고 양이 많아서 넉넉하게 사용할 수 있어서 더 좋습니다. 간혹 너무 건조하다고 하던데 저는 딱 좋아요.,가격,가격도 부담 없고,1,[속성] 가격 [문장] 가격도 부담 없고,0,가격,unchanged
validation,train,[속성] 발림성 [문장] 발림성이 좋네요,599959,쇼핑몰,스킨케어,OO 자** 선크림 50ml 1개,딸이 써보고 싶어해서 구입했네요.아주 만족스러워 해요 발림성이 좋네요 백탁현상도 없어요,발림성,발림성이 좋네요,1,[속성] 발림성 [문장] 발림성이 좋네요,0,발림성,unchanged
validation,train,[속성] 편의성/활용성 [문장] 간편하고,594377,쇼핑몰,스킨케어,OO 카** 더블쉴드 선스틱 22g 1개,사용할때마다 간편하고 부드럽게 발리고 예민한피부인데 눈따가움도 없어서 좋네요 향은 제취향이 아니네요,편의성/활용성,간편하고,1,[속성] 편의성/활용성 [문장] 간편하고,0,편의성/활용성,unchanged
validation,train,[속성] 발림성 [문장] 발림성 좋아요.,597381,쇼핑몰,스킨케어,OO 메** UV 울트라 선 50ml 1개,늘 사용하던 제품이에요. 백탁 적당히 있고 발림성 좋아요.,발림성,발림성 좋아요.,1,[속성] 발림성 [문장] 발림성 좋아요.,0,발림성,unchanged
validation,train,[속성] 용량/개수 [문장] 용량도 좋습니다.,586512,쇼핑몰,스킨케어,OO 해** 클렌징폼 200g 1개,잘 받았습니다. 단품으로 저렴히 나와서 구매해 봤어요. 아직 써보지는 않았는데 유통기한도 넉넉하고 용량도 좋습니다. OOO 폼클렌징은 괜찮아서 믿고 사용해요. 샘플이 있었으면 더 좋았을 것 같지만요.,용량/개수,용량도 좋습니다.,1,[속성] 용량/개수 [문장] 용량도 좋습니다.,0,용량,merged_duplicate_label
validation,train,[속성] 보습력/수분감 [문장] 얼굴이 당겨요.,587389,쇼핑몰,스킨케어,OO 멘** 포밍워시 200ml 2개,제품을 사용하면 처음에는 따끔한 느낌이 들어요. 수분감이 약한지 좀 건조해서 보습제를 많이 바르지 않으면 얼굴이 당겨요. 트러블은 나아지는 것 같습니다.,보습력/수분감,얼굴이 당겨요.,-1,[속성] 보습력/수분감 [문장] 얼굴이 당겨요.,1,보습력/수분감,unchanged
validation,train,[속성] 자극성 [문장] 저자극으로,599785,쇼핑몰,스킨케어,OO 더** 스킨 선로션 200ml 1개,저자극으로 온 가족 다함께 잘 사용하고 있네요. 용량이 많아서 2년 내내 쓸 것 같은 느낌이네요. 조금 많이 바르면 두껍게 흡수되는 느낌이 있어서 얇게 발라야 더 잘 흡수되네요. 밀림도 없고 추천합니다.,자극성,저자극으로,1,[속성] 자극성 [문장] 저자극으로,0,자극성,unchanged
validation,train,[속성] 발림성 [문장] 밀림도 없고,599785,쇼핑몰,스킨케어,OO 더** 스킨 선로션 200ml 1개,저자극으로 온 가족 다함께 잘 사용하고 있네요. 용량이 많아서 2년 내내 쓸 것 같은 느낌이네요. 조금 많이 바르면 두껍게 흡수되는 느낌이 있어서 얇게 발라야 더 잘 흡수되네요. 밀림도 없고 추천합니다.,발림성,밀림도 없고,1,[속성] 발림성 [문장] 밀림도 없고,0,발림성,unchanged
validation,train,[속성] 가격 [문장] 가격이 좀 비싸서,596755,쇼핑몰,스킨케어,OO 브라이트닝 업 선 플러스 50ml 1개,유분기 있는거 싫어하시면 이 제품 사용해 보세요. 가격이 좀 비싸서 적립금 사용해서 저렴하게 재구매했습니다. 막 환해지진 않지만 톤 보정은 약간 되어요.,가격,가격이 좀 비싸서,-1,[속성] 가격 [문장] 가격이 좀 비싸서,1,가격,unchanged
validation,train,[속성] 용량/개수 [문장] 용량이 작고,587047,쇼핑몰,스킨케어,OO 멘** 포밍워시 200ml 2개,여드름 피부에 잘 맞는 듯합니다. 피부과도 다니고 이것도 사용해서 좁쌀 여드름이 많이 좋아졌어요. 여드름 피부에 추천합니다. 매일 사용하다보니 용량이 작고 사용기간이 얼마 안남아 아쉽네요.,용량/개수,용량이 작고,-1,[속성] 용량/개수 [문장] 용량이 작고,1,용량,merged_duplicate_label
validation,train,[속성] 흡수력 [문장] 끈적거림 없이,588042,쇼핑몰,스킨케어,OO 시** 오일 280ml 1개,향이 난다고는 할 수 없는 제품입니다. 끈적거림 없이 세안 후에도 촉촉해서 건성 피부에 좋은 것 같습니다.,흡수력,끈적거림 없이,1,[속성] 흡수력 [문장] 끈적거림 없이,0,흡수력,unchanged
validation,train,[속성] 피부타입 [문장] 건성 피부에 좋은 것 같습니다.,588042,쇼핑몰,스킨케어,OO 시** 오일 280ml 1개,향이 난다고는 할 수 없는 제품입니다. 끈적거림 없이 세안 후에도 촉촉해서 건성 피부에 좋은 것 같습니다.,피부타입,건성 피부에 좋은 것 같습니다.,1,[속성] 피부타입 [문장] 건성 피부에 좋은 것 같습니다.,0,피부타입,unchanged
validation,train,[속성] 편의성/활용성 [문장] 사용하기 편리하지만,587227,쇼핑몰,스킨케어,OO 멘** 포밍워시 200ml 2개,여드름때문에 계속 쓰고있는 아이템이에요. 사용하기 편리하지만 피부가 살짝 건조한 느낌은 있다고 아들이 그러는데 로션을 잘안발라서 그런것같기도 정확한 사용감은 사실 모르겠네요. 기타 다른 화장품 안쓰고도 잘사용하는것 보면 사용이 편리하고 사용감 나쁘지 않은거라 생각하고 계속 사용하고 있습니다.,편의성/활용성,사용하기 편리하지만,1,[속성] 편의성/활용성 [문장] 사용하기 편리하지만,0,편의성/활용성,unchanged
validation,train,[속성] 유통기한 [문장] 유통기한도 넉넉하네요.,593406,쇼핑몰,스킨케어,OO 그** 선 플러스 50ml 1개,유분기가 적고 발림성도 좋습니다. 유통기한도 넉넉하네요. 자외선 차단 효과도 좋았으면 좋겠어요,유통기한,유통기한도 넉넉하네요.,1,[속성] 유통기한 [문장] 유통기한도 넉넉하네요.,0,유통기한,unchanged
validation,train,[속성] 제형 [문장] 거품 제형이 쫀쫀합니다.,589416,쇼핑몰,스킨케어,OO 딥 클린 클렌저 175g 1개,거품이 풍성하고 거품 제형이 쫀쫀합니다. 사용감은 시원하고 개운한 느낌인데 건조하지는 않아서 좋습니다. 효과를 기대하며 이 클렌징 폼으로 정착합니다.,제형,거품 제형이 쫀쫀합니다.,1,[속성] 제형 [문장] 거품 제형이 쫀쫀합니다.,0,제형,unchanged
validation,train,[속성] 기능/효과 [문장] 효과를 기대하며,589416,쇼핑몰,스킨케어,OO 딥 클린 클렌저 175g 1개,거품이 풍성하고 거품 제형이 쫀쫀합니다. 사용감은 시원하고 개운한 느낌인데 건조하지는 않아서 좋습니다. 효과를 기대하며 이 클렌징 폼으로 정착합니다.,기능/효과,효과를 기대하며,0,[속성] 기능/효과 [문장] 효과를 기대하며,2,기능/효과,unchanged
validation,train,[속성] 보습력/수분감 [문장] 피부가 땡기고,596638,쇼핑몰,스킨케어,OO 브라이트닝 업 선 플러스 50ml 1개,계속 쓰고 있습니다. 그만큼 맘에 들어서 재 구매를 하고는 있지만 겨울에는 피부가 땡기고 건조합니다. 여름철엔 건조함이 덜해서 눈시림도 없고 해서 만족하게 사용하고 있어요.,보습력/수분감,피부가 땡기고,-1,[속성] 보습력/수분감 [문장] 피부가 땡기고,1,보습력/수분감,unchanged
validation,train,[속성] 보습력/수분감 [문장] 건조합니다,596638,쇼핑몰,스킨케어,OO 브라이트닝 업 선 플러스 50ml 1개,계속 쓰고 있습니다. 그만큼 맘에 들어서 재 구매를 하고는 있지만 겨울에는 피부가 땡기고 건조합니다. 여름철엔 건조함이 덜해서 눈시림도 없고 해서 만족하게 사용하고 있어요.,보습력/수분감,건조합니다,-1,[속성] 보습력/수분감 [문장] 건조합니다,1,보습력/수분감,unchanged
validation,train,[속성] 자극성 [문장] 눈시림도 없고,596638,쇼핑몰,스킨케어,OO 브라이트닝 업 선 플러스 50ml 1개,계속 쓰고 있습니다. 그만큼 맘에 들어서 재 구매를 하고는 있지만 겨울에는 피부가 땡기고 건조합니다. 여름철엔 건조함이 덜해서 눈시림도 없고 해서 만족하게 사용하고 있어요.,자극성,눈시림도 없고,1,[속성] 자극성 [문장] 눈시림도 없고,0,자극성,unchanged
validation,train,[속성] 제품구성 [문장] 샘플이 없어서 아쉬워요.,596590,쇼핑몰,스킨케어,OO 브라이트닝 업 선 플러스 50ml 1개,평이 좋아 구매했는데 향은 별로지만 쫀쫀한 제형이 맘에 들어요. 끈적이지 않고 뽀송해서 좋아요. 다만 샘플이 없어서 아쉬워요.,제품구성,샘플이 없어서 아쉬워요.,-1,[속성] 제품구성 [문장] 샘플이 없어서 아쉬워요.,1,제품구성,unchanged
validation,train,[속성] 기능/효과 [문장] 효과가 있었으면 좋겠네요.,582630,쇼핑몰,스킨케어,OO 마** 퓨어 클렌징오일 200ml 1개,블랙헤드를 잘 제거해준다고 해서 사용했는데 블랙헤드가 시원하게 없어지지는 않네요. 그래도 아주 조금이나마 좋아지는 느낌이라 효과를 지켜보려고 계속 사용해보고 있습니다. 효과가 있었으면 좋겠네요.,기능/효과,효과가 있었으면 좋겠네요.,0,[속성] 기능/효과 [문장] 효과가 있었으면 좋겠네요.,2,기능/효과,unchanged
validation,train,[속성] 향 [문장] 향이 아주 좋습니다.,598192,쇼핑몰,스킨케어,OO 카** 선스틱 22g 1개,ㅇㅇㅇ 스틱 선크림 좋다는 얘기는 들었는데 다른 스틱 선크림은 발림이 나빴던 기억이 있어서 고민하다가 구매 했어요. 향이 아주 좋습니다. 발림은 생각 했던 것 보다 부드러워서 좋았어요. 바르고 얼굴이 뽀송해지는 느낌이 있습니다. 산뜻합니다.,향,향이 아주 좋습니다.,1,[속성] 향 [문장] 향이 아주 좋습니다.,0,향,unchanged
validation,train,[속성] 흡수력 [문장] 산뜻합니다.,598192,쇼핑몰,스킨케어,OO 카** 선스틱 22g 1개,ㅇㅇㅇ 스틱 선크림 좋다는 얘기는 들었는데 다른 스틱 선크림은 발림이 나빴던 기억이 있어서 고민하다가 구매 했어요. 향이 아주 좋습니다. 발림은 생각 했던 것 보다 부드러워서 좋았어요. 바르고 얼굴이 뽀송해지는 느낌이 있습니다. 산뜻합니다.,흡수력,산뜻합니다.,1,[속성] 흡수력 [문장] 산뜻합니다.,0,흡수력,unchanged
validation,train,[속성] 기능/효과 [문장] 효과도 기대해볼게요.,589434,쇼핑몰,스킨케어,OO 딥 클린 클렌저 175g 1개,순하고 자극 없이 세정이 되어서 좋습니다. 아침 세안 시에도 사용하고 저녁에 메이크업 지우려 사용합니다. 손으로 거품 내면 잘 안 나지만 브러쉬로 거품 만들면 풍성하게 잘 만들어져서 좋습니다. 재구매 의사 있어요. 피지 관리도 되는 것 같아서 좋습니다. 효과도 기대해볼게요.,기능/효과,효과도 기대해볼게요.,0,[속성] 기능/효과 [문장] 효과도 기대해볼게요.,2,기능/효과,unchanged
validation,train,[속성] 용량/개수 [문장] 양은 작지만,594091,쇼핑몰,스킨케어,OO 카** 더블쉴드 선스틱 22g 1개,양은 작지만 가격대비 제품이 좋아요. 선물용으로 여러 개 주문했습니다. 스틱형이라 운동할 때 사용하기 편하고 좋습니다. 유통기한이 2025년 3월까지라 충분해요. 추천합니다.,용량/개수,양은 작지만,-1,[속성] 용량/개수 [문장] 양은 작지만,1,용량,merged_duplicate_label
validation,train,[속성] 향 [문장] 향도 상큼해서,587352,쇼핑몰,스킨케어,OO 멘** 포밍워시 200ml 2개,"여름이라서 땀도 많고 여드름이 더욱 문제가 되는데, ㅇㅇㅇ는 세정력도 좋고 향도 상큼해서 아주 좋아요. 가볍게 눌러서 쓸수 있어 편리해서 손쉽게 사용할수 있어 좋아요. 사춘기 아이들이 찾는 제품이라 추천드려요.",향,향도 상큼해서,1,[속성] 향 [문장] 향도 상큼해서,0,향,unchanged
validation,train,[속성] 보습력/수분감 [문장] 많이 건조하지 않고,584670,쇼핑몰,스킨케어,OO 이** 모공 폼 300ml 1개,복합성 피부라 피지와 블랙헤드 때문에 늘 고민이었네요. 워낙 유명한 제품이라 대용량 제품을 싸게 팔길래 구매했어요. 생각보다 피지를 과도하게 제거하지 않아 많이 건조하지 않고 부드러워요. 자극없이 데일리로 쓰기 좋네요.,보습력/수분감,많이 건조하지 않고,1,[속성] 보습력/수분감 [문장] 많이 건조하지 않고,0,보습력/수분감,unchanged
validation,train,[속성] 윤기/피부(톤) [문장] 부드러워요,584670,쇼핑몰,스킨케어,OO 이** 모공 폼 300ml 1개,복합성 피부라 피지와 블랙헤드 때문에 늘 고민이었네요. 워낙 유명한 제품이라 대용량 제품을 싸게 팔길래 구매했어요. 생각보다 피지를 과도하게 제거하지 않아 많이 건조하지 않고 부드러워요. 자극없이 데일리로 쓰기 좋네요.,윤기/피부(톤),부드러워요,1,[속성] 윤기/피부(톤) [문장] 부드러워요,0,윤기/피부(톤),unchanged
validation,train,[속성] 기능/효과 [문장] 데일리로 쓰기 좋네요.,584670,쇼핑몰,스킨케어,OO 이** 모공 폼 300ml 1개,복합성 피부라 피지와 블랙헤드 때문에 늘 고민이었네요. 워낙 유명한 제품이라 대용량 제품을 싸게 팔길래 구매했어요. 생각보다 피지를 과도하게 제거하지 않아 많이 건조하지 않고 부드러워요. 자극없이 데일리로 쓰기 좋네요.,기능/효과,데일리로 쓰기 좋네요.,1,[속성] 기능/효과 [문장] 데일리로 쓰기 좋네요.,0,기능/효과,unchanged
validation,train,[속성] 자극성 [문장] 자극은 없지만,587285,쇼핑몰,스킨케어,OO 멘** 포밍워시 200ml 2개,여드름이 심한 아이 사용하라고 구매했네요. 용기를 펌핑하면 거품이 나오고 풍부한 거품 제형이 부드러워요. 자극은 없지만 유분기가 사라져 뽀드득느낌이 나서 개운하다고 합니다. 효과가 좋아 여드름 심한 아이들 사용하기 좋네요. 2개에 이 가격이라 가격도 좋습니다.,자극성,자극은 없지만,1,[속성] 자극성 [문장] 자극은 없지만,0,자극성,unchanged
validation,train,[속성] 가격 [문장] 좋은 가격에 잘 구매했어요,597765,쇼핑몰,스킨케어,OO 카** 선스틱 22g 1개,좋은 가격에 잘 구매했어요. ㅇㅇㅇ 선스틱 좋다는 말은 주변에서 들었는데 마침 행사하고 있어서 구매하게 되었습니다 소문대로 부드럽게 잘 발리고 끈적거리지 않아서 부담 없이 사용하기 괜찮은 것 같습니다. 여러가지 사은품도 보내주셔서 감사해요.,가격,좋은 가격에 잘 구매했어요,1,[속성] 가격 [문장] 좋은 가격에 잘 구매했어요,0,가격,unchanged
validation,train,[속성] 흡수력 [문장] 끈적거리지 않아서,597765,쇼핑몰,스킨케어,OO 카** 선스틱 22g 1개,좋은 가격에 잘 구매했어요. ㅇㅇㅇ 선스틱 좋다는 말은 주변에서 들었는데 마침 행사하고 있어서 구매하게 되었습니다 소문대로 부드럽게 잘 발리고 끈적거리지 않아서 부담 없이 사용하기 괜찮은 것 같습니다. 여러가지 사은품도 보내주셔서 감사해요.,흡수력,끈적거리지 않아서,1,[속성] 흡수력 [문장] 끈적거리지 않아서,0,흡수력,unchanged
validation,train,[속성] 자극성 [문장] 눈도 시리고,595705,쇼핑몰,스킨케어,OO 선 메이트 70ml 1개,일단 백탁현상이 일어나지 않아서 남녀노소에게 인기가 좋아요. 백탁이 없어 땀이 흘러도 하얀국물 떨어질 일 없어요. 피부에 광이 장난아니게 물광 꿀광식으로 나서 피부가 좋아보이는 효과까지 있어요. 지성분들은 시간지나면 그만큼 유분기가 생긴다고 생각하시면 될 것 같아요. 저 같은 경우도 지성인지라 피지분비가 심해져서 트러블도 좀 나고 눈도 시리고 피지도 올라오고 그래요.,자극성,눈도 시리고,-1,[속성] 자극성 [문장] 눈도 시리고,1,자극성,unchanged
validation,train,[속성] 발림성 [문장] 발림성은 좋습니다,593240,쇼핑몰,스킨케어,OO 그** 선 플러스 50ml 1개,앞전에 쓰던거보다 제형이 뻑뻑해진 느낌이 드네요 발림성은 좋습니다,발림성,발림성은 좋습니다,1,[속성] 발림성 [문장] 발림성은 좋습니다,0,발림성,unchanged
validation,train,[속성] 유통기한 [문장] 사용기한 넉넉하고,586037,쇼핑몰,스킨케어,OO 시** 퍼펙트 휩 150ml 4개,사용기한 넉넉하고 빠른 배송 마음에 듭니다. 폼 타입이라 사용하기 매우 편리하고 좋습니다.,유통기한,사용기한 넉넉하고,1,[속성] 유통기한 [문장] 사용기한 넉넉하고,0,유통기한,unchanged
validation,train,[속성] 자극성 [문장] 부작용이 없어요.,587519,쇼핑몰,스킨케어,OO 시** 오일 280ml 1개,할인해서 저렴하게 구매했는데 괜찮네요. 민감하고 건조한 피부 타입인데 부작용이 없어요. 제형이 묽어서 아쉽고 세정력은 보통입니다.,자극성,부작용이 없어요.,1,[속성] 자극성 [문장] 부작용이 없어요.,0,자극성,unchanged
validation,train,[속성] 지속력/유지력 [문장] 지속력도 좋아요.,595249,쇼핑몰,스킨케어,OO 선 메이트 70ml 1개,"하나로 결정을 하면 나쁜점이 없으면 잘쓰고 있는데요. ㅇㅇㅇ ㅇㅇ 좋습니다. 부담없이 여기저기 편하게 쓰기도, 지속력도 좋아요.",지속력/유지력,지속력도 좋아요.,1,[속성] 지속력/유지력 [문장] 지속력도 좋아요.,0,지속력,merged_duplicate_label
validation,train,[속성] 기능/효과 [문장] 효과가 좋기를 바랍니다.,589582,쇼핑몰,스킨케어,OO 딥 클린 클렌저 175g 1개,잘 쓰고 있어요. 추천하네요.역시 OO 배송은 빨리와서 정말 좋아요. 촉촉하고 부드럽고 예민한 피분데 트러블도 올라오지 않고 세정력 또한 다른 폼클렌징에 뒤지지 않네요. 저는 OOO 폼크렌징을 좋아해서 여러 개 사서 다른 사람들에게도 선물로 줄거에요. 효과가 좋기를 바랍니다. 심지어 핸드크림도 전 이것만 쓰는데 촉촉하고 부드러워져요.,기능/효과,효과가 좋기를 바랍니다.,0,[속성] 기능/효과 [문장] 효과가 좋기를 바랍니다.,2,기능/효과,unchanged
validation,train,[속성] 지속력/유지력 [문장] 지속력이 오래가고,593789,쇼핑몰,스킨케어,OO 그** 선 플러스 50ml 1개,발림이 부드러워 좋습니다. 지속력이 오래가고 순해서 얼굴에 트러블이 안 납니다. 향도 무난하고 백탁도 거의 없습니다. 친구에게도 추천했습니다. 데일리로 사용합니다. 용량이 적어 벌써 다 사용해 하나 더 구입했습니다. 성분이 무난해서 평점 높습니다.,지속력/유지력,지속력이 오래가고,1,[속성] 지속력/유지력 [문장] 지속력이 오래가고,0,지속력,merged_duplicate_label
validation,train,[속성] 편의성/활용성 [문장] 휴대가 간편하고,596899,쇼핑몰,스킨케어,OO 센** 선스틱 22g 1개,기미가 올라와서 햇볕보기 전 눈밑에 발라줍니다. 앞으로 기미효과도 좋았으면 합니다. 휴대가 간편하고 발림성도 좋고 끈적이지 않아 좋네요.,편의성/활용성,휴대가 간편하고,1,[속성] 편의성/활용성 [문장] 휴대가 간편하고,0,편의성/활용성,unchanged
validation,train,[속성] 흡수력 [문장] 끈적이지 않아 좋네요.,596899,쇼핑몰,스킨케어,OO 센** 선스틱 22g 1개,기미가 올라와서 햇볕보기 전 눈밑에 발라줍니다. 앞으로 기미효과도 좋았으면 합니다. 휴대가 간편하고 발림성도 좋고 끈적이지 않아 좋네요.,흡수력,끈적이지 않아 좋네요.,1,[속성] 흡수력 [문장] 끈적이지 않아 좋네요.,0,흡수력,unchanged
validation,train,[속성] 흡수력 [문장] 들뜨지 않고,600661,쇼핑몰,스킨케어,OO 선** 선크림 55ml 1개,"계속 사용하는 제품입니다. 온 가족이 사용 하기도 좋고 들뜨지 않고 끈적이지 않고 지속력이 딱 좋아요.. 지금은 신랑도 꾸준히 잘 사용하고 있습니다. 땀이 워낙 많은사람이라 선크림 흘러내릴까 적정했는데, 여러 선크림을 사봤지만 ㅇㅇㅇ 제품만 한게 없습니다. 보송보송 백탁현상 없어요. 자연스러운 피부톤 피부를 지켜주는 ㅇㅇㅇ만족합니다.",흡수력,들뜨지 않고,1,[속성] 흡수력 [문장] 들뜨지 않고,0,흡수력,unchanged
validation,train,[속성] 흡수력 [문장] 보송보송,600661,쇼핑몰,스킨케어,OO 선** 선크림 55ml 1개,"계속 사용하는 제품입니다. 온 가족이 사용 하기도 좋고 들뜨지 않고 끈적이지 않고 지속력이 딱 좋아요.. 지금은 신랑도 꾸준히 잘 사용하고 있습니다. 땀이 워낙 많은사람이라 선크림 흘러내릴까 적정했는데, 여러 선크림을 사봤지만 ㅇㅇㅇ 제품만 한게 없습니다. 보송보송 백탁현상 없어요. 자연스러운 피부톤 피부를 지켜주는 ㅇㅇㅇ만족합니다.",흡수력,보송보송,1,[속성] 흡수력 [문장] 보송보송,0,흡수력,unchanged
validation,train,[속성] 흡수력 [문장] 백탁현상 없어요,600661,쇼핑몰,스킨케어,OO 선** 선크림 55ml 1개,"계속 사용하는 제품입니다. 온 가족이 사용 하기도 좋고 들뜨지 않고 끈적이지 않고 지속력이 딱 좋아요.. 지금은 신랑도 꾸준히 잘 사용하고 있습니다. 땀이 워낙 많은사람이라 선크림 흘러내릴까 적정했는데, 여러 선크림을 사봤지만 ㅇㅇㅇ 제품만 한게 없습니다. 보송보송 백탁현상 없어요. 자연스러운 피부톤 피부를 지켜주는 ㅇㅇㅇ만족합니다.",흡수력,백탁현상 없어요,1,[속성] 흡수력 [문장] 백탁현상 없어요,0,흡수력,unchanged
validation,train,[속성] 보습력/수분감 [문장] 당김이 없습니다.,587107,쇼핑몰,스킨케어,OO 멘** 포밍워시 200ml 2개,"세정력도 좋고 당기지 않아서 매일 사용하고 있습니다. 여드름에 좋다고 하는 제품들은 세안후에 바로 당기는 게 많은데, 이 제품은 당김이 없습니다. 매일 사용하니 생각보다 빨리 써서 쟁여놓고 사용중이라 가격이 좀 부담되네요.",보습력/수분감,당김이 없습니다.,1,[속성] 보습력/수분감 [문장] 당김이 없습니다.,0,보습력/수분감,unchanged
validation,train,[속성] 발림성 [문장] 바를 때 밀리네요.,594609,쇼핑몰,스킨케어,OO 카** 더블쉴드 선스틱 22g 1개,건조해서 바를 때 밀리네요. 건조한 피부는 아니거든요. 피부가 안 좋아서 그런가 하고 다른 사람한테 발라봐도 발림성이 뻑뻑하네요. 몸에 발라도 뻑뻑하고요. 몸까지 바르니 적은 용량이라 금방 줄어들어요. 너무 발림성이 떨어져서 다음에는 다른 제품으로 사야겠어요. 번들거리는 거 싫어서 샀더니 너무 건조해요.,발림성,바를 때 밀리네요.,-1,[속성] 발림성 [문장] 바를 때 밀리네요.,1,발림성,unchanged
validation,train,[속성] 보습력/수분감 [문장] 너무 건조해요.,594609,쇼핑몰,스킨케어,OO 카** 더블쉴드 선스틱 22g 1개,건조해서 바를 때 밀리네요. 건조한 피부는 아니거든요. 피부가 안 좋아서 그런가 하고 다른 사람한테 발라봐도 발림성이 뻑뻑하네요. 몸에 발라도 뻑뻑하고요. 몸까지 바르니 적은 용량이라 금방 줄어들어요. 너무 발림성이 떨어져서 다음에는 다른 제품으로 사야겠어요. 번들거리는 거 싫어서 샀더니 너무 건조해요.,보습력/수분감,너무 건조해요.,-1,[속성] 보습력/수분감 [문장] 너무 건조해요.,1,보습력/수분감,unchanged
validation,train,[속성] 기능/효과 [문장] 거품도 잘나고,591784,쇼핑몰,스킨케어,OO 클렌징 폼 150ml 1개,"순한 클렌저를 찾고 있는 중 써봤는데 거품도 잘나고 클렌징도 깔끔하게 되고 당기고 건조하지도 않고 좋아요. 녹차성분이 들어있어서 그런지 진정효과도 있는 것 같고 규조토, 옥수수전분, 소다가 모공까지 청소해준다니 기대감을 갖고 계속 써보려고 합니다. 첫 사용감은 대만족이에요",기능/효과,거품도 잘나고,1,[속성] 기능/효과 [문장] 거품도 잘나고,0,기능/효과,unchanged
validation,train,[속성] 기능/효과 [문장] 효과 기대해봅니다.,589531,쇼핑몰,스킨케어,OO 딥 클린 클렌저 175g 1개,여드름성 피부 자녀가 이 제품만 사용합니다. 자극적이지 않아서 좋다 합니다. 민감성 피부인 저도 괜찮은 것 같습니다. 효과 기대해봅니다.,기능/효과,효과 기대해봅니다.,0,[속성] 기능/효과 [문장] 효과 기대해봅니다.,2,기능/효과,unchanged
validation,train,[속성] 편의성/활용성 [문장] 사용하기 편하고,598063,쇼핑몰,스킨케어,OO 카** 선스틱 22g 1개,사용하기 편하고 깔끔하게 발려서 좋아요 끈적이지 않고 백탁현상도 없어서 맘에 듭니다. 잘 사용하겠습니다.,편의성/활용성,사용하기 편하고,1,[속성] 편의성/활용성 [문장] 사용하기 편하고,0,편의성/활용성,unchanged
validation,train,[속성] 흡수력 [문장] 백탁현상도 없어서,598063,쇼핑몰,스킨케어,OO 카** 선스틱 22g 1개,사용하기 편하고 깔끔하게 발려서 좋아요 끈적이지 않고 백탁현상도 없어서 맘에 듭니다. 잘 사용하겠습니다.,흡수력,백탁현상도 없어서,1,[속성] 흡수력 [문장] 백탁현상도 없어서,0,흡수력,unchanged
validation,train,[속성] 기능/효과 [문장] 효과도 좋았으면 좋겠어요.,597402,쇼핑몰,스킨케어,OO 메** UV 울트라 선 50ml 1개,전에 선물 받아 사용했었는데 들뜸과 번들거림 없어 너무 좋습니다. 유통기한도 넉넉하고 배송도 빠르고 너무 좋습니다. 효과도 좋았으면 좋겠어요.,기능/효과,효과도 좋았으면 좋겠어요.,0,[속성] 기능/효과 [문장] 효과도 좋았으면 좋겠어요.,2,기능/효과,unchanged
validation,train,"[속성] 가격 [문장] 가격도 좋고,",598848,쇼핑몰,스킨케어,OO 멀티 선크림 70ml 1개,"기존에 사용중인 제품 다 사용해서 다시 구매했어요. 가격도 좋고, 성능도 좋고, 부작용도 없어서 편하게 바르고 있어요. 향은 선호하지 않는 향이라 좀 아쉽네요.",가격,"가격도 좋고,",1,"[속성] 가격 [문장] 가격도 좋고,",0,가격,unchanged
validation,train,[속성] 자극성 [문장] 자극이 없어요.,595372,쇼핑몰,스킨케어,OO 선 메이트 70ml 1개,민감한 건성 피부인데 OOO는 피부에 잘 맞습니다. 어떤 자외선 차단제는 바르고 나면 눈에 자극이 있어서 팔에 바르는데 OOO는 자극이 없어요. 다만 용량이 작아서 아쉬워요.,자극성,자극이 없어요.,1,[속성] 자극성 [문장] 자극이 없어요.,0,자극성,unchanged
validation,train,[속성] 용량/개수 [문장] 용량이 작아서 아쉬워요.,595372,쇼핑몰,스킨케어,OO 선 메이트 70ml 1개,민감한 건성 피부인데 OOO는 피부에 잘 맞습니다. 어떤 자외선 차단제는 바르고 나면 눈에 자극이 있어서 팔에 바르는데 OOO는 자극이 없어요. 다만 용량이 작아서 아쉬워요.,용량/개수,용량이 작아서 아쉬워요.,-1,[속성] 용량/개수 [문장] 용량이 작아서 아쉬워요.,1,용량,merged_duplicate_label
validation,train,[속성] 향 [문장] 향이 정말 좋아요.,591795,쇼핑몰,스킨케어,OO 클렌징 폼 150ml 1개,코로나 때문에 마스크를 계속 쓰니 피부가 자극 받아 예민해져서 가라앉혀 줄 순한 클렌징폼을 찾았습니다. 부드럽게 거품이 잘 생기면서 냄새도 아주 좋네요. 뭐니뭐니 해도 향이 좋아야 사용할 때 기분도 좋고 기대감이 생기는데 향이 정말 좋아요. 요즘 꼼꼼하게 씻느라고 세안을 오래 하는 편이라 순한 클렌징폼이 꼭 필요했어요. 세안 직후에 얼굴 당김이 없고 물기를 제거한 뒤에도 당김은 없고 개운한 느낌만 드네요. 보들보들하다는 느낌이 이런 건가 봐요. 정말 좋아요.,향,향이 정말 좋아요.,1,[속성] 향 [문장] 향이 정말 좋아요.,0,향,unchanged
validation,train,[속성] 보습력/수분감 [문장] 당김은 없고,591795,쇼핑몰,스킨케어,OO 클렌징 폼 150ml 1개,코로나 때문에 마스크를 계속 쓰니 피부가 자극 받아 예민해져서 가라앉혀 줄 순한 클렌징폼을 찾았습니다. 부드럽게 거품이 잘 생기면서 냄새도 아주 좋네요. 뭐니뭐니 해도 향이 좋아야 사용할 때 기분도 좋고 기대감이 생기는데 향이 정말 좋아요. 요즘 꼼꼼하게 씻느라고 세안을 오래 하는 편이라 순한 클렌징폼이 꼭 필요했어요. 세안 직후에 얼굴 당김이 없고 물기를 제거한 뒤에도 당김은 없고 개운한 느낌만 드네요. 보들보들하다는 느낌이 이런 건가 봐요. 정말 좋아요.,보습력/수분감,당김은 없고,1,[속성] 보습력/수분감 [문장] 당김은 없고,0,보습력/수분감,unchanged
validation,train,[속성] 흡수력 [문장] 피부에 잘 스며들고,598987,쇼핑몰,스킨케어,OO 멀티 선크림 70ml 1개,최저가로 구입했어요 항상 애용해요 피부에 잘 스며들고 백탁현상 없어요 향은 좀 별로네요,흡수력,피부에 잘 스며들고,1,[속성] 흡수력 [문장] 피부에 잘 스며들고,0,흡수력,unchanged
validation,train,[속성] 자극성 [문장] 피부 자극도 없어서 좋아요.,582515,쇼핑몰,스킨케어,OO 마** 퓨어 클렌징오일 200ml 1개,오랜 기간 사용하고 있습니다. 이번 제품은 오일 성분 느낌이 더 강해서 좋습니다. 계속 사용하던 제품이고 피부 자극도 없어서 좋아요. 오일 느낌이 강하면 세안할 때 잘 안 닦이는데 이 제품은 잘 닦입니다.,자극성,피부 자극도 없어서 좋아요.,1,[속성] 자극성 [문장] 피부 자극도 없어서 좋아요.,0,자극성,unchanged
validation,train,[속성] 자극성 [문장] 자극이 없고,585176,쇼핑몰,스킨케어,OO 클** 클렌징젤 400ml 1개,여름에 생기는 여드름 때문에 피부 재생력이 떨어져서 흉터가 생기고 다른 여드름이 생겨서 클렌징 제품에 대한 고민이 많았습니다. 언니가 사용 후 자극이 없고 순해서 좋다고 해서 구매했습니다. 이 제품 사용 후 트러블 생기지 않았고 순하고 향도 좋아서 만족합니다. 다만 가격이 조금 더 저렴했으면 좋겠습니다.,자극성,자극이 없고,1,[속성] 자극성 [문장] 자극이 없고,0,자극성,unchanged
validation,train,[속성] 가격 [문장] 가격이 조금 더 저렴했으면 좋겠습니다.,585176,쇼핑몰,스킨케어,OO 클** 클렌징젤 400ml 1개,여름에 생기는 여드름 때문에 피부 재생력이 떨어져서 흉터가 생기고 다른 여드름이 생겨서 클렌징 제품에 대한 고민이 많았습니다. 언니가 사용 후 자극이 없고 순해서 좋다고 해서 구매했습니다. 이 제품 사용 후 트러블 생기지 않았고 순하고 향도 좋아서 만족합니다. 다만 가격이 조금 더 저렴했으면 좋겠습니다.,가격,가격이 조금 더 저렴했으면 좋겠습니다.,-1,[속성] 가격 [문장] 가격이 조금 더 저렴했으면 좋겠습니다.,1,가격,unchanged
validation,train,[속성] 보습력/수분감 [문장] 수분감 있으면서,600084,쇼핑몰,스킨케어,OO 자** 선크림 50ml 1개,수분감 있으면서 유분기가 흐르지 않고 좋아요. 건조하지도 않고 기름지지도 않는 딱 중간이에요. 배송이 좀 오래 걸렸어요. 용량이 좀 더 많았으면 좋았을텐데 아쉬워요.,보습력/수분감,수분감 있으면서,1,[속성] 보습력/수분감 [문장] 수분감 있으면서,0,보습력/수분감,unchanged
validation,train,[속성] 보습력/수분감 [문장] 촉촉하니,600724,쇼핑몰,스킨케어,OO 선** 선크림 55ml 1개,TV에 광고 나오는 것 보고 샀는데 촉촉하니 흡수도 빠르고 좋아요. 앞으로 썬크림은 이 제품을 써야겠어요.,보습력/수분감,촉촉하니,1,[속성] 보습력/수분감 [문장] 촉촉하니,0,보습력/수분감,unchanged
validation,train,[속성] 흡수력 [문장] 흡수도 빠르고 좋아요.,600724,쇼핑몰,스킨케어,OO 선** 선크림 55ml 1개,TV에 광고 나오는 것 보고 샀는데 촉촉하니 흡수도 빠르고 좋아요. 앞으로 썬크림은 이 제품을 써야겠어요.,흡수력,흡수도 빠르고 좋아요.,1,[속성] 흡수력 [문장] 흡수도 빠르고 좋아요.,0,흡수력,unchanged
validation,train,[속성] 제형 [문장] 제형이 부드러워,599692,쇼핑몰,스킨케어,OO 더** 스킨 선로션 200ml 1개,제형이 부드러워 잘 발라지네요. 사용 후 기름진 느낌이 있어요. 자외선 차단 효과는 좀 아쉽네요.,제형,제형이 부드러워,1,[속성] 제형 [문장] 제형이 부드러워,0,제형,unchanged
validation,train,[속성] 발림성 [문장] 잘 발라지네요.,599692,쇼핑몰,스킨케어,OO 더** 스킨 선로션 200ml 1개,제형이 부드러워 잘 발라지네요. 사용 후 기름진 느낌이 있어요. 자외선 차단 효과는 좀 아쉽네요.,발림성,잘 발라지네요.,1,[속성] 발림성 [문장] 잘 발라지네요.,0,발림성,unchanged
validation,train,[속성] 기능/효과 [문장] 세정력 좋습니다.,582508,쇼핑몰,스킨케어,OO 마** 퓨어 클렌징오일 200ml 1개,블랙헤드와 피지 관리에 좋다고 해서 주기적으로 사용해요. 원료성분이 좋아서 피부에도 자극없이 세정력 좋습니다.,기능/효과,세정력 좋습니다.,1,[속성] 기능/효과 [문장] 세정력 좋습니다.,0,기능/효과,unchanged
validation,train,[속성] 흡수력 [문장] 끈적이지 않아서 좋아요.,598083,쇼핑몰,스킨케어,OO 카** 선스틱 22g 1개,"끈적임은 없지만, 바르면 미끌거리는 느낌이 아쉬워요. 흡수 시간이 살짝 필요할 듯하네요. 바르기 쉽고 끈적이지 않아서 좋아요.",흡수력,끈적이지 않아서 좋아요.,1,[속성] 흡수력 [문장] 끈적이지 않아서 좋아요.,0,흡수력,unchanged
validation,train,[속성] 기능/효과 [문장] 효과도 좋아요.,598165,쇼핑몰,스킨케어,OO 카** 선스틱 22g 1개,배송 빠르고 야외에서 운동 할 때 사용하려고 샀습니다. 사용 시 좋은 건 손에 묻지 않고 바를 수 있어서 좋고 효과도 좋아요. 땀에도 잘 지워지지 않아서 좋습니다. 가격도 부담스럽지 않고 만족합니다.,기능/효과,효과도 좋아요.,1,[속성] 기능/효과 [문장] 효과도 좋아요.,0,기능/효과,unchanged
validation,train,[속성] 자극성 [문장] 피부에 자극적이지 않네요.,586877,쇼핑몰,스킨케어,OO 멘** 포밍워시 200ml 2개,"세안시 부드러운 거품으로 피부에 자극적이지 않네요. 다른 제품과 달리 진하지 않은 향으로 세안시의 특유한 비린한 느낌이 없어서 좋고, 세수하고 나면 건조함이 없고 뽀송한 느낌이네요.",자극성,피부에 자극적이지 않네요.,1,[속성] 자극성 [문장] 피부에 자극적이지 않네요.,0,자극성,unchanged
validation,train,[속성] 사용감 [문장] 사용감이 좋아서,582701,쇼핑몰,스킨케어,OO 마** 퓨어 클렌징오일 200ml 1개,배송도 빠르고 만족입니다. 주변에 좋다고 소문내고 있어요. 순하고 촉촉해서 좋아요. 사은품로 온 제품도 사용감이 좋아서 잘 쓰고 있어요. 다 쓰면 또 살 거예요.,사용감,사용감이 좋아서,1,[속성] 사용감 [문장] 사용감이 좋아서,0,사용감,unchanged
validation,train,[속성] 기능/효과 [문장] 미백효과도 있고,596684,쇼핑몰,스킨케어,OO 브라이트닝 업 선 플러스 50ml 1개,미백효과도 있고 백탁현상이 없어서 메이크업 베이스 같이 사용하기도 적합하고 좋습니다. 무엇보다 자극없이 순해서 최애가 되었습니다. 다만 용량이 살짝 아쉽습니다.,기능/효과,미백효과도 있고,1,[속성] 기능/효과 [문장] 미백효과도 있고,0,기능/효과,unchanged
validation,train,[속성] 흡수력 [문장] 백탁현상이 없어서,596684,쇼핑몰,스킨케어,OO 브라이트닝 업 선 플러스 50ml 1개,미백효과도 있고 백탁현상이 없어서 메이크업 베이스 같이 사용하기도 적합하고 좋습니다. 무엇보다 자극없이 순해서 최애가 되었습니다. 다만 용량이 살짝 아쉽습니다.,흡수력,백탁현상이 없어서,1,[속성] 흡수력 [문장] 백탁현상이 없어서,0,흡수력,unchanged
validation,train,[속성] 자극성 [문장] 자극없이 순해서,596684,쇼핑몰,스킨케어,OO 브라이트닝 업 선 플러스 50ml 1개,미백효과도 있고 백탁현상이 없어서 메이크업 베이스 같이 사용하기도 적합하고 좋습니다. 무엇보다 자극없이 순해서 최애가 되었습니다. 다만 용량이 살짝 아쉽습니다.,자극성,자극없이 순해서,1,[속성] 자극성 [문장] 자극없이 순해서,0,자극성,unchanged
validation,train,[속성] 용량/개수 [문장] 용량이 살짝 아쉽습니다.,596684,쇼핑몰,스킨케어,OO 브라이트닝 업 선 플러스 50ml 1개,미백효과도 있고 백탁현상이 없어서 메이크업 베이스 같이 사용하기도 적합하고 좋습니다. 무엇보다 자극없이 순해서 최애가 되었습니다. 다만 용량이 살짝 아쉽습니다.,용량/개수,용량이 살짝 아쉽습니다.,-1,[속성] 용량/개수 [문장] 용량이 살짝 아쉽습니다.,1,용량,merged_duplicate_label
validation,train,[속성] 가격 [문장] 착한 가격은 아니에요.,582270,쇼핑몰,스킨케어,OO 순** 클렌징오일 200ml 1개,OOO 오일은 처음인데 제형이 꾸덕하지 않고 순해서 좋은 것 같습니다. 향은 좀 강하네요. 겨울이나 건조한 날씨에 사용하기 좋은 것 같습니다. 건성이신 분들에게 추천해요. 착한 가격은 아니에요.,가격,착한 가격은 아니에요.,-1,[속성] 가격 [문장] 착한 가격은 아니에요.,1,가격,unchanged
validation,train,[속성] 사용감 [문장] 사용감이 산뜻하고,582727,쇼핑몰,스킨케어,OO 마** 퓨어 클렌징오일 200ml 1개,"OOO 클렌징 오일이 좋다해서 구매했어요. 이전엔 워터 타입과 폼 타입을 결합해 클렌징을 했는데, 오일 점성 형태지만 사용감이 산뜻하고 촉촉하네요. 블랙헤드에 좋다해서 사용하는데 아직은 효과 잘 모르겠습니다. 꾸준히 사용하다보면 효과도 있을거라 기대해 봅니다. 다 쓰면 재구매 할께요.",사용감,사용감이 산뜻하고,1,[속성] 사용감 [문장] 사용감이 산뜻하고,0,사용감,unchanged
validation,train,[속성] 자극성 [문장] 순하고 좋네요.,586417,쇼핑몰,스킨케어,OO 해** 클렌징폼 200g 1개,가격도 저렴하고 피부에 자극적인 향도 아니고 순하고 좋네요. 세수 후에도 피부가 당기는 감도 없습니다. 원플러스원 행사때 싸게 사서 더 만족합니다 ㅇㅇㅇ도 원플러스원 가격이 싸지 않는 경우도 있는데 두개 가격보다 더 비싸게 살수도 있으니 꼭 확인하세요. 가격변동이 반가격으로 내릴수도 있는건지 가격을 믿을 수가 없네요.,자극성,순하고 좋네요.,1,[속성] 자극성 [문장] 순하고 좋네요.,0,자극성,unchanged
validation,train,[속성] 가격 [문장] 가격대는 있지만,586739,쇼핑몰,스킨케어,OO 멘** 포밍워시 200ml 2개,가격대는 있지만 이 제품만큼 저한테 잘 맞는 폼클렌징은 없는 것 같습니다. 사은품도 너무 마음에 들고 배송까지 빨라서 좋았어요. 그리고 유통기한이 24년 12월까지여서 더 안심이 됩니다. 사은품들은 유통기한이 3개월 정도 밖에 안 남아서 빨리 써야겠어요. 향은 별로지만 나머지는 대만족입니다.,가격,가격대는 있지만,-1,[속성] 가격 [문장] 가격대는 있지만,1,가격,unchanged
validation,train,[속성] 기능/효과 [문장] 효과가 좋아요,593493,쇼핑몰,스킨케어,OO 그** 선 플러스 50ml 1개,썬크림 쓰던 제품들이 유분 많고 탁한 느낌 때문에 바꿔 봤는데 발림성 좋고 효과가 좋아요,기능/효과,효과가 좋아요,1,[속성] 기능/효과 [문장] 효과가 좋아요,0,기능/효과,unchanged
validation,train,[속성] 보습력/수분감 [문장] 건조함이 느껴집니다.,596800,쇼핑몰,스킨케어,OO 브라이트닝 업 선 플러스 50ml 1개,"OO 톤업 단종되서 이래저래 찾아보다 보송하다고 해서 구매했습니다. OO보단 톤업이 덜 하지만, 환해지긴 해요. 메이크업 베이스 같지만 발랐나 싶을 정도로 바로 스며들어서 계속 덧바를 정도였습니다. 번들거림없고 보송하고 좋았어요. 다만 건조함이 느껴집니다. OO도 건조할땐건조하긴 했지만요. 기름지지 않아서 좋아요.",보습력/수분감,건조함이 느껴집니다.,-1,[속성] 보습력/수분감 [문장] 건조함이 느껴집니다.,1,보습력/수분감,unchanged
validation,train,[속성] 흡수력 [문장] 번들거림 없고,594718,쇼핑몰,스킨케어,OO 카** 더블쉴드 선스틱 22g 1개,양이 작아서 아쉽지만 발림성 괜찮아서 좋아요. 번들거림 없고 끈적함도 없고 흡수가 빨라 바른 거 같지 않고 가벼워서 좋아요.,흡수력,번들거림 없고,1,[속성] 흡수력 [문장] 번들거림 없고,0,흡수력,unchanged
validation,train,[속성] 흡수력 [문장] 끈적함도 없고,594718,쇼핑몰,스킨케어,OO 카** 더블쉴드 선스틱 22g 1개,양이 작아서 아쉽지만 발림성 괜찮아서 좋아요. 번들거림 없고 끈적함도 없고 흡수가 빨라 바른 거 같지 않고 가벼워서 좋아요.,흡수력,끈적함도 없고,1,[속성] 흡수력 [문장] 끈적함도 없고,0,흡수력,unchanged
validation,train,[속성] 흡수력 [문장] 가벼워서 좋아요.,594718,쇼핑몰,스킨케어,OO 카** 더블쉴드 선스틱 22g 1개,양이 작아서 아쉽지만 발림성 괜찮아서 좋아요. 번들거림 없고 끈적함도 없고 흡수가 빨라 바른 거 같지 않고 가벼워서 좋아요.,흡수력,가벼워서 좋아요.,1,[속성] 흡수력 [문장] 가벼워서 좋아요.,0,흡수력,unchanged
validation,train,[속성] 편의성/활용성 [문장] 사용하기 편하네요.,598461,쇼핑몰,스킨케어,OO 카** 선스틱 22g 1개,"저렴하게 구매했어요. 배송도 빠르고, 무엇보다 사용하기 편하네요. 백탁현상과 유분기가 있지만, 효과가 좋은 것 같습니다.",편의성/활용성,사용하기 편하네요.,1,[속성] 편의성/활용성 [문장] 사용하기 편하네요.,0,편의성/활용성,unchanged
validation,train,[속성] 기능/효과 [문장] 효과가 좋은 것 같습니다.,598461,쇼핑몰,스킨케어,OO 카** 선스틱 22g 1개,"저렴하게 구매했어요. 배송도 빠르고, 무엇보다 사용하기 편하네요. 백탁현상과 유분기가 있지만, 효과가 좋은 것 같습니다.",기능/효과,효과가 좋은 것 같습니다.,1,[속성] 기능/효과 [문장] 효과가 좋은 것 같습니다.,0,기능/효과,unchanged
validation,train,[속성] 기능/효과 [문장] 세정도 잘 되고,589463,쇼핑몰,스킨케어,OO 딥 클린 클렌저 175g 1개,"여드름 전용 클렌저를 사용하고 효과를 보고 있어요. 세정도 잘 되고 세정 후에 피부가 당기지를 않는 등 만족했어요. 모공 속까지 99% 딥클린하여 피부 속 각종 피지, 각질, 메이크업 잔여물을 깨끗하게 제거하여 최상의 피부상태를 유지토록 도와주는 제품이에요 여름이면 더욱 심해지는 트러블도 잠재울 수 있는 제품으로 순해서 자극이 느껴지지 않고 피부 속 모공까지 딥클린할 수 있어서 한결 달라진 진정된 피부를 체험할 수 있어 만족했어요.",기능/효과,세정도 잘 되고,1,[속성] 기능/효과 [문장] 세정도 잘 되고,0,기능/효과,unchanged
validation,train,[속성] 윤기/피부(톤) [문장] 부드럽네요.,589429,쇼핑몰,스킨케어,OO 딥 클린 클렌저 175g 1개,"자극없이 모공이 시원하게 세정되는 느낌이라 좋아요 기름과 피지, 트러블 폭발에 신경쓰였는데, 이 제품 사용하니 피부트러블이 완화되고 있습니다. 순하고 부드럽네요. 은백색의 클렌저가 소량으로도 풍부한 거품을 만들어 깨끗하게 세정되는 느낌이에요. 트러블 때문에 얼굴이 가려우신 분들에게 효과가 좋아 추천해요 다만 저는 복합성인데 속당김이 느껴집니다.",윤기/피부(톤),부드럽네요.,1,[속성] 윤기/피부(톤) [문장] 부드럽네요.,0,윤기/피부(톤),unchanged
validation,train,[속성] 발림성 [문장] 발림성은 좋네요.,593109,쇼핑몰,스킨케어,OO 그** 선 플러스 50ml 1개,계속 사용하고 있는 선크림이네요. 톤업 효과는 지속되지는 않고 발림성은 좋네요. 후에 화장을 해도 들뜸은 없네요,발림성,발림성은 좋네요.,1,[속성] 발림성 [문장] 발림성은 좋네요.,0,발림성,unchanged
validation,train,[속성] 흡수력 [문장] 백탁현상 없고,595101,쇼핑몰,스킨케어,OO 선 메이트 70ml 1개,항상 쓰던 제품으로 재구매했네요. 눈시림이 전혀 없고 바르면 윤기가 있어서 고운 피부결로 표현이 되네요. 백탁현상 없고 실내에서도 등산 골프시에도 늘 편리하게 애용하는 제품이네요.,흡수력,백탁현상 없고,1,[속성] 흡수력 [문장] 백탁현상 없고,0,흡수력,unchanged
validation,train,[속성] 자극성 [문장] 트러블도 없어서,596369,쇼핑몰,스킨케어,OO 브라이트닝 업 선 플러스 50ml 1개,제 피부에 제일 잘맞고 트러블도 없어서 이것만 사용해요 여러번 구입해서 써도 가격도 좋아 구입했네요 샘플도 주고 감사합니다 또 구입할거예요,자극성,트러블도 없어서,1,[속성] 자극성 [문장] 트러블도 없어서,0,자극성,unchanged
validation,train,[속성] 가격 [문장] 가격도 좋아,596369,쇼핑몰,스킨케어,OO 브라이트닝 업 선 플러스 50ml 1개,제 피부에 제일 잘맞고 트러블도 없어서 이것만 사용해요 여러번 구입해서 써도 가격도 좋아 구입했네요 샘플도 주고 감사합니다 또 구입할거예요,가격,가격도 좋아,1,[속성] 가격 [문장] 가격도 좋아,0,가격,unchanged
validation,train,[속성] 윤기/피부(톤) [문장] 부드러워요.,586212,쇼핑몰,스킨케어,OO 시** 퍼펙트 휩 150ml 4개,제형이 거품형이라 쓰고 나면 부드럽네요. 튜브형은 뽀드득 했는데 이건 보습이 된듯 부드러워요.,윤기/피부(톤),부드러워요.,1,[속성] 윤기/피부(톤) [문장] 부드러워요.,0,윤기/피부(톤),unchanged
validation,train,[속성] 편의성/활용성 [문장] 휴대하기 편하고,594138,쇼핑몰,스킨케어,OO 카** 더블쉴드 선스틱 22g 1개,발림이 좋고 세안시 비누로만 세안해도 잘 씻기네요 피부 민감한 사람에게도 트러블없이 사용할 수 있어 좋네요. 휴대하기 편하고 손에 묻히지 않고 자주 바를수 있어 좋아요. 양이 작아서 아쉬워요.,편의성/활용성,휴대하기 편하고,1,[속성] 편의성/활용성 [문장] 휴대하기 편하고,0,편의성/활용성,unchanged
validation,train,[속성] 기능/효과 [문장] 여드름이 많이 들어가고,585312,쇼핑몰,스킨케어,OO 클** 클렌징젤 400ml 1개,OOO 폼클렌징은 진한 메이크업도 잘 지워집니다. 트러블도 들어가고 제 피부를 진정시켜 준 제품입니다. 동생도 같이 사용하는데 여드름이 많이 들어가고 깨끗해졌답니다.,기능/효과,여드름이 많이 들어가고,1,[속성] 기능/효과 [문장] 여드름이 많이 들어가고,0,기능/효과,unchanged
validation,train,[속성] 유통기한 [문장] 유통기한 넉넉하고,593959,쇼핑몰,스킨케어,OO 카** 더블쉴드 선스틱 22g 1개,유통기한 넉넉하고 제품도 맘에 들어요. 민감성 피부라 안맞으면 홍조도 생기고 트러블도 생기고 하는데 트러블 없이 저한테 잘 맞네요.,유통기한,유통기한 넉넉하고,1,[속성] 유통기한 [문장] 유통기한 넉넉하고,0,유통기한,unchanged
validation,train,[속성] 자극성 [문장] 트러블 없이,593959,쇼핑몰,스킨케어,OO 카** 더블쉴드 선스틱 22g 1개,유통기한 넉넉하고 제품도 맘에 들어요. 민감성 피부라 안맞으면 홍조도 생기고 트러블도 생기고 하는데 트러블 없이 저한테 잘 맞네요.,자극성,트러블 없이,1,[속성] 자극성 [문장] 트러블 없이,0,자극성,unchanged
validation,train,[속성] 기능/효과 [문장] 세정력이 좋고,586012,쇼핑몰,스킨케어,OO 시** 퍼펙트 휩 150ml 4개,이 제품만 사용한 지 4년입니다. 세정력이 좋고 순하고 느낌이 보송보송해서 좋습니다. 세안에는 관심이 없던 동생이 이 제품을 구매해 달라고 부탁합니다. 계속 사용할 생각입니다. 그리고 가격만 조금 더 저렴해지면 좋겠습니다.,기능/효과,세정력이 좋고,1,[속성] 기능/효과 [문장] 세정력이 좋고,0,기능/효과,unchanged
validation,train,[속성] 기능/효과 [문장] 잘 지워지고,582588,쇼핑몰,스킨케어,OO 마** 퓨어 클렌징오일 200ml 1개,세일을 해서 저렴하게 구매했는데요 기존 쓰던거에 비해서 제형이 쫀든쫀득한 느낌입니다. 얼굴에 문지르면 뻑뻑한 사용감이 있지만 왠지 건조한피부를 촉촉하게 하는 느낌이구요. 암튼 잘 지워지고 촉촉하고 좋습니다.,기능/효과,잘 지워지고,1,[속성] 기능/효과 [문장] 잘 지워지고,0,기능/효과,unchanged
validation,train,[속성] 편의성/활용성 [문장] 스틱이라 바르기 편하고,597012,쇼핑몰,스킨케어,OO 센** 선스틱 22g 1개,스틱이라 바르기 편하고 로션 바른것 같네요. 처음 바를때 좀 화끈거림이 느껴지고 시간이 지나면 낫긴합니다. 잘 발리고 괜찮은것 같습니다.,편의성/활용성,스틱이라 바르기 편하고,1,[속성] 편의성/활용성 [문장] 스틱이라 바르기 편하고,0,편의성/활용성,unchanged
validation,train,[속성] 흡수력 [문장] 백탁현상 없이,596218,쇼핑몰,스킨케어,OO 브라이트닝 업 선 플러스 50ml 1개,부드럽게 잘 발리고 백탁현상 없이 톤업도 되어서 하나만 바르고 다녀도 좋아서 자주 애용하는 제품입니다.,흡수력,백탁현상 없이,1,[속성] 흡수력 [문장] 백탁현상 없이,0,흡수력,unchanged
validation,train,[속성] 용량/개수 [문장] 용량이 작지만,594308,쇼핑몰,스킨케어,OO 카** 더블쉴드 선스틱 22g 1개,"로션 타입은 귀찮아서 이제 못 쓰겠어요. 썬스틱의 출시와 함께 저는 OOO스틱 제형으로 갈아타서 사용하고 있습니다. 사용감 산뜻합니다. 끈적임 제로, 번들거림 제로, 화장 밀림 제로, 쓱쓱 편하게 바르고 나갑니다. 용량이 작지만 가성비는 최고네요. OOO은 성분에 자신이 있는지 전 성분을 공개합니다. 포장 상자 안에 깨알같이 다 적혀 있는 게 OOO스럽네요.",용량/개수,용량이 작지만,-1,[속성] 용량/개수 [문장] 용량이 작지만,1,용량,merged_duplicate_label
validation,train,[속성] 흡수력 [문장] 화장도 뜨지않고,595021,쇼핑몰,스킨케어,OO 선 메이트 70ml 1개,오래전부터 사용하는 OOO제품 이네요. 자극없이 부드럽고 촉촉하네요. 화장도 뜨지않고 자외선 차단제로 좋네요.,흡수력,화장도 뜨지않고,1,[속성] 흡수력 [문장] 화장도 뜨지않고,0,흡수력,unchanged
validation,train,[속성] 자극성 [문장] 자극적이지 않아서,587381,쇼핑몰,스킨케어,OO 멘** 포밍워시 200ml 2개,여드름 있는 딸을 위해 마련했습니다. 자극적이지 않아서 사춘기 아이들 쓰기에 좋은 클린징이에요. 저도 사용해 봤는데 클린징 향이 거의 없어서 부담없고 거품이 밀도가 높진 않지만 개운하게 씻기는 느낌이 들었습니다.,자극성,자극적이지 않아서,1,[속성] 자극성 [문장] 자극적이지 않아서,0,자극성,unchanged
validation,train,[속성] 자극성 [문장] 트러블은 없었어요.,596157,쇼핑몰,스킨케어,OO 브라이트닝 업 선 플러스 50ml 1개,피부랑 잘 맞아서 트러블은 없었어요. 마무리감이 뽀송하고 좋지만 시간이 지날수록 건조한 느낌이 듭니다. 마스크를 쓰면 조금 묻어나네요. 이 점이 조금 아쉽습니다. 피부가 하얀편이라면 톤업효과는 없는 거 같아요.,자극성,트러블은 없었어요.,1,[속성] 자극성 [문장] 트러블은 없었어요.,0,자극성,unchanged
validation,train,[속성] 보습력/수분감 [문장] 건조한 느낌이 듭니다.,596157,쇼핑몰,스킨케어,OO 브라이트닝 업 선 플러스 50ml 1개,피부랑 잘 맞아서 트러블은 없었어요. 마무리감이 뽀송하고 좋지만 시간이 지날수록 건조한 느낌이 듭니다. 마스크를 쓰면 조금 묻어나네요. 이 점이 조금 아쉽습니다. 피부가 하얀편이라면 톤업효과는 없는 거 같아요.,보습력/수분감,건조한 느낌이 듭니다.,-1,[속성] 보습력/수분감 [문장] 건조한 느낌이 듭니다.,1,보습력/수분감,unchanged
validation,train,[속성] 기능/효과 [문장] 효과도 기대해봅니다.,596375,쇼핑몰,스킨케어,OO 브라이트닝 업 선 플러스 50ml 1개,썬크림 중에 최고입니다. 백탁 현상도 번들거림과 제형의 끈적임도 없습니다. 유통기한도 2023년으로 넉넉합니다. 효과도 기대해봅니다.,기능/효과,효과도 기대해봅니다.,0,[속성] 기능/효과 [문장] 효과도 기대해봅니다.,2,기능/효과,unchanged
validation,train,[속성] 편의성/활용성 [문장] 사용하기 편합니다,598025,쇼핑몰,스킨케어,OO 카** 선스틱 22g 1개,짜서 쓰는 선크림 용기 보다 스틱 용기라서 편하다. 사용하기 편합니다. 단점은 사춘기 아이가 쓰기에는 너무 유분기가 많다는 거에요. 번들거려서 부담스럽다고 합니다.,편의성/활용성,사용하기 편합니다,1,[속성] 편의성/활용성 [문장] 사용하기 편합니다,0,편의성/활용성,unchanged
validation,train,[속성] 흡수력 [문장] 번들거려서,598025,쇼핑몰,스킨케어,OO 카** 선스틱 22g 1개,짜서 쓰는 선크림 용기 보다 스틱 용기라서 편하다. 사용하기 편합니다. 단점은 사춘기 아이가 쓰기에는 너무 유분기가 많다는 거에요. 번들거려서 부담스럽다고 합니다.,흡수력,번들거려서,-1,[속성] 흡수력 [문장] 번들거려서,1,흡수력,unchanged
validation,train,[속성] 기능/효과 [문장] 앞으로 효과가 좋기를 바랍니다.,587309,쇼핑몰,스킨케어,OO 멘** 포밍워시 200ml 2개,여드름이나 뾰루지로 항상 스트레스를 받아 여러제품을 구입하여 사용해봤지만 크게 피부가 좋아졌다 라는 느낌을 받은 제품은 없었어요. 혹시나 하는 마음으로 구매하여 사용해보라고 권유 했을때도 반신반의 하더니 지금은 얼굴 전체적으로 여드름과 뾰루지가 많이 줄어들었어요. 앞으로 효과가 좋기를 바랍니다.,기능/효과,앞으로 효과가 좋기를 바랍니다.,0,[속성] 기능/효과 [문장] 앞으로 효과가 좋기를 바랍니다.,2,기능/효과,unchanged
validation,train,[속성] 가격 [문장] 오프라인보다 저렴하고,585374,쇼핑몰,스킨케어,OO 클** 클렌징젤 400ml 1개,오프라인보다 저렴하고 유통기한도 길어서 좋아요. 배송도 빠르네요. 계속 사용중인데 세정력도 만족해요. 자극이 없고 잘 씻기네요.,가격,오프라인보다 저렴하고,1,[속성] 가격 [문장] 오프라인보다 저렴하고,0,가격,unchanged
validation,train,[속성] 유통기한 [문장] 유통기한도 길어서 좋아요.,585374,쇼핑몰,스킨케어,OO 클** 클렌징젤 400ml 1개,오프라인보다 저렴하고 유통기한도 길어서 좋아요. 배송도 빠르네요. 계속 사용중인데 세정력도 만족해요. 자극이 없고 잘 씻기네요.,유통기한,유통기한도 길어서 좋아요.,1,[속성] 유통기한 [문장] 유통기한도 길어서 좋아요.,0,유통기한,unchanged
validation,train,[속성] 흡수력 [문장] 끈적임없이,596664,쇼핑몰,스킨케어,OO 브라이트닝 업 선 플러스 50ml 1개,데일리 용으로 좋습니다. 항상 구매하는 제품이에요. 발림성도 좋고 끈적임없이 보송보송해요.,흡수력,끈적임없이,1,[속성] 흡수력 [문장] 끈적임없이,0,흡수력,unchanged
validation,train,"[속성] 기능/효과 [문장] 세정력도 좋고,",589558,쇼핑몰,스킨케어,OO 딥 클린 클렌저 175g 1개,"잘 사용하고 있는 제품입니다. 세안 후 건조할까봐 걱정했는데, 건조함이 없어요. 세정력도 좋고, 세안하고 당김도 없어요. 단점이라면 뚜껑 사용이 불편해서 개선되면 좋을 듯합니다. 딱 소리가 나야 제대로 닫히고, 안 그러면 약간 흘러나오네요. 잘 닫아뒀는데 사용하려고 보면 조금 샌듯해서 좀 불편합니다. 세워두지 말고 눕혀둬야 할까봐요. 그래도 제품은 만족합니다.",기능/효과,"세정력도 좋고,",1,"[속성] 기능/효과 [문장] 세정력도 좋고,",0,기능/효과,unchanged
validation,train,[속성] 용량/개수 [문장] 양도 많아서,586860,쇼핑몰,스킨케어,OO 멘** 포밍워시 200ml 2개,중학교 때 부터 좁쌀 여드름이 나서 이 제품만 사용합니다. 세정력이 좋고 씻고 난 후 얼굴에 유분기가 많지 않아서 좋습니다. 4년 째 사용하는데 계속 사용할 것 같고 구성이 두 개여서 좋고 양도 많아서 오래 사용합니다. 가격만 조금 더 저렴했으면 좋겠습니다.,용량/개수,양도 많아서,1,[속성] 용량/개수 [문장] 양도 많아서,0,용량,merged_duplicate_label
validation,train,[속성] 자극성 [문장] 순해요,600327,쇼핑몰,스킨케어,OO 밀** 상백 크림 50ml 1개,다른 썬크림은 바르면 눈이 따끔거리고 눈물도 나는데 이제품은 순해요. 백탁도 없고 오히려 피부톤이 깨끗하게 정돈되어 더 좋습니다. 계속 사용하려구요. 향도 좋고 세안시 제형이 미끈거림도 덜 해요. 가격이 비싸서 좀 아쉬워요.,자극성,순해요,1,[속성] 자극성 [문장] 순해요,0,자극성,unchanged
validation,train,"[속성] 발림성 [문장] 발림성도 좋고,",599828,쇼핑몰,스킨케어,OO 더** 스킨 선로션 200ml 1개,"가족이 함께 사계절 쓰는 제품이에요. 발림성도 좋고, 촉촉해서 좋습니다. 향이 좀 불편한 듯하고, 번들거림은 조금 있어요.",발림성,"발림성도 좋고,",1,"[속성] 발림성 [문장] 발림성도 좋고,",0,발림성,unchanged
validation,train,[속성] 자극성 [문장] 트러블도 안 생기네요.,582774,쇼핑몰,스킨케어,OO 마** 퓨어 클렌징오일 200ml 1개,클렌징 깨끗하게 잘 되고 향도 좋습니다. 지복합성인데 아직까진 트러블도 안 생기네요. 코 피지 제거 효과도 기대합니다. 꾸준히 사용해봐야겠지만 효과는 아직은 모르겠어요.,자극성,트러블도 안 생기네요.,1,[속성] 자극성 [문장] 트러블도 안 생기네요.,0,자극성,unchanged
validation,train,[속성] 보습력/수분감 [문장] 당김이 없네요.,587244,쇼핑몰,스킨케어,OO 멘** 포밍워시 200ml 2개,별 기대 없이 쓰기 시작했는데 계속 쓰게 됐습니다. 가격이 비싸지 않아 온 가족이 데일리로 부담없이 쓰기에 좋아요. 진한 메이크업은 못 지우지만 베이스메이크업 정도는 잘 지워집니다. 여드름 피부에 좋다고 하더니 과잉피지도 말끔히 씻어주고 세안 마친 뒤 건조함이나 당김이 없네요. 펌프로 눌러서 쓰는 거품형 용기라 사용도 편리해요.,보습력/수분감,당김이 없네요.,1,[속성] 보습력/수분감 [문장] 당김이 없네요.,0,보습력/수분감,unchanged
validation,train,[속성] 가격 [문장] 저렴하게 구입해서 좋아요.,599302,쇼핑몰,스킨케어,OO 멀티 선크림 70ml 1개,저렴하게 구입해서 좋아요. 발림성도 나쁘지 않고 발랐을 때 자극이 없는 거 같네요.,가격,저렴하게 구입해서 좋아요.,1,[속성] 가격 [문장] 저렴하게 구입해서 좋아요.,0,가격,unchanged
validation,train,[속성] 편의성/활용성 [문장] 사용하기 편합니다.,586181,쇼핑몰,스킨케어,OO 시** 퍼펙트 휩 150ml 4개,사용하기 편합니다. 가족 모두 사용하며 좋다고 합니다. 당김 없고 촉촉하고 순해서 자녀도 사용합니다. 아쉬운 점은 용량이 적습니다. 양이 작아 금방 사용해서 아쉽습니다.,편의성/활용성,사용하기 편합니다.,1,[속성] 편의성/활용성 [문장] 사용하기 편합니다.,0,편의성/활용성,unchanged
validation,train,[속성] 보습력/수분감 [문장] 당김 없고,586181,쇼핑몰,스킨케어,OO 시** 퍼펙트 휩 150ml 4개,사용하기 편합니다. 가족 모두 사용하며 좋다고 합니다. 당김 없고 촉촉하고 순해서 자녀도 사용합니다. 아쉬운 점은 용량이 적습니다. 양이 작아 금방 사용해서 아쉽습니다.,보습력/수분감,당김 없고,1,[속성] 보습력/수분감 [문장] 당김 없고,0,보습력/수분감,unchanged
validation,train,[속성] 용량/개수 [문장] 용량이 적습니다.,586181,쇼핑몰,스킨케어,OO 시** 퍼펙트 휩 150ml 4개,사용하기 편합니다. 가족 모두 사용하며 좋다고 합니다. 당김 없고 촉촉하고 순해서 자녀도 사용합니다. 아쉬운 점은 용량이 적습니다. 양이 작아 금방 사용해서 아쉽습니다.,용량/개수,용량이 적습니다.,-1,[속성] 용량/개수 [문장] 용량이 적습니다.,1,용량,merged_duplicate_label
validation,train,[속성] 흡수력 [문장] 잘 스며들어서,600010,쇼핑몰,스킨케어,OO 자** 선크림 50ml 1개,말 그대로 수분 선크림입니다. 제형이 꾸덕하지 않고 잘 스며들어서 바르기 좋네요. 백탁현상도 없고 유분도 없어 좋아요. OO선크림도 써봤는데 유분도 있고 무거운느낌이라 수분중심의 제품이 좋아서 OOO선크림만 씁니다. 양이 살짝 아쉽지만 제조일자는 최근이라 좋네요.,흡수력,잘 스며들어서,1,[속성] 흡수력 [문장] 잘 스며들어서,0,흡수력,unchanged
validation,train,[속성] 흡수력 [문장] 백탁현상도 없고,600010,쇼핑몰,스킨케어,OO 자** 선크림 50ml 1개,말 그대로 수분 선크림입니다. 제형이 꾸덕하지 않고 잘 스며들어서 바르기 좋네요. 백탁현상도 없고 유분도 없어 좋아요. OO선크림도 써봤는데 유분도 있고 무거운느낌이라 수분중심의 제품이 좋아서 OOO선크림만 씁니다. 양이 살짝 아쉽지만 제조일자는 최근이라 좋네요.,흡수력,백탁현상도 없고,1,[속성] 흡수력 [문장] 백탁현상도 없고,0,흡수력,unchanged
validation,train,[속성] 사용감 [문장] 사용감이 좋습니다.,589525,쇼핑몰,스킨케어,OO 딥 클린 클렌저 175g 1개,여드름피부라서 얼굴이 기름지고 번들거려서 항상 폼으로 세안했는데 그러다보면 너무 뽀드득 세안하는 바람에 얼굴이 예민해지고 홍조가 생겨서 얼굴이 빨갰습니다. 이 제품으로 세안하니까 사용감이 좋습니다. 뽀드득 하나 순한 느낌이고 얼굴이 당기지가 않아요. 깨끗하게 씻기는게 눈에 보이고 특히 화이트헤드로 고생했었는데 잔여물이 전혀 남지않아 피부모공이 깨끗해져가요. 계속 쓰고 싶어요. 지성분들께 추천해요.,사용감,사용감이 좋습니다.,1,[속성] 사용감 [문장] 사용감이 좋습니다.,0,사용감,unchanged
validation,train,[속성] 기능/효과 [문장] 효과 기대하며 꾸준히 사용해 보려구요.,587159,쇼핑몰,스킨케어,OO 멘** 포밍워시 200ml 2개,자극에 약한 민감한 피부에 좋습니다. 몸이 피곤하거나 호르몬이 미칠 때면 피부 밖으로 나오던 애들이 사라져서 좋네요. 인생템을 찾은 듯합니다. 효과 기대하며 꾸준히 사용해 보려구요. 양이 많이 아쉽네요. 가격도 조금 내리면 좋을 것 같아요.,기능/효과,효과 기대하며 꾸준히 사용해 보려구요.,0,[속성] 기능/효과 [문장] 효과 기대하며 꾸준히 사용해 보려구요.,2,기능/효과,unchanged
validation,train,[속성] 제형 [문장] 제형이 묽고,600730,쇼핑몰,스킨케어,OO 선** 선크림 55ml 1개,너무 수분감이 많고 제형이 묽고 발랐을 때 바로 증발돼 버려서 당기는느낌이에요. 크림처럼 유분감 있는 재품이랑 섞어서 발라야 할 듯 합니다.,제형,제형이 묽고,-1,[속성] 제형 [문장] 제형이 묽고,1,제형,unchanged
validation,train,[속성] 사용감 [문장] 사용감도 좋아요.,597516,쇼핑몰,스킨케어,OO 카** 선스틱 22g 1개,매일같이 사용하는 제품이에요. 보통 많이 쓰는 선크림은 얼굴에 바르면 눈이 따갑고 하얗게 둥둥 떠보이잖아요. 그런 게 싫어서 스틱 제품을 구매했어요. 오래 바르고 있어도 눈에 자극이 없어 좋고 끈적임 없이 사용감도 좋아요. 자극적이지 않고 은은한 향도 좋습니다. 아까워서 몸에는 다른 거 바르고 이건 얼굴에만 발라요. 가격도 타사제품에 비해 저렴해서 재구매할 생각입니다.,사용감,사용감도 좋아요.,1,[속성] 사용감 [문장] 사용감도 좋아요.,0,사용감,unchanged
validation,train,[속성] 향 [문장] 은은한 향도 좋습니다.,597516,쇼핑몰,스킨케어,OO 카** 선스틱 22g 1개,매일같이 사용하는 제품이에요. 보통 많이 쓰는 선크림은 얼굴에 바르면 눈이 따갑고 하얗게 둥둥 떠보이잖아요. 그런 게 싫어서 스틱 제품을 구매했어요. 오래 바르고 있어도 눈에 자극이 없어 좋고 끈적임 없이 사용감도 좋아요. 자극적이지 않고 은은한 향도 좋습니다. 아까워서 몸에는 다른 거 바르고 이건 얼굴에만 발라요. 가격도 타사제품에 비해 저렴해서 재구매할 생각입니다.,향,은은한 향도 좋습니다.,1,[속성] 향 [문장] 은은한 향도 좋습니다.,0,향,unchanged
validation,train,[속성] 용량/개수 [문장] 양이 많고,599524,쇼핑몰,스킨케어,OO 더** 스킨 선로션 200ml 1개,선크림보다 양이 많고 사용하기 편할 거 같아 주문했어요. 바른 후 끈적임이 좀 있네요.,용량/개수,양이 많고,1,[속성] 용량/개수 [문장] 양이 많고,0,용량,merged_duplicate_label
validation,train,[속성] 흡수력 [문장] 끈적임이 좀 있네요.,599524,쇼핑몰,스킨케어,OO 더** 스킨 선로션 200ml 1개,선크림보다 양이 많고 사용하기 편할 거 같아 주문했어요. 바른 후 끈적임이 좀 있네요.,흡수력,끈적임이 좀 있네요.,-1,[속성] 흡수력 [문장] 끈적임이 좀 있네요.,1,흡수력,unchanged
validation,train,[속성] 흡수력 [문장] 끈적임이 없어,594728,쇼핑몰,스킨케어,OO 카** 더블쉴드 선스틱 22g 1개,신제품 출시 전의 제품을 엄마가 써 보시고 좋다고 하셔서 밖에서 일하는 동생에게 구매해서 주었더니 좋다고 합니다. 처음에는 수염 있는 곳은 하얗게 뭉친다고 했는데 손으로 문지르니 없어진다 하네요. 용량은 22g이라 적은데 끈적임이 없어 만족해 합니다.,흡수력,끈적임이 없어,1,[속성] 흡수력 [문장] 끈적임이 없어,0,흡수력,unchanged
validation,train,[속성] 제품구성 [문장] 샘플이 없어서 아쉽네요.,597030,쇼핑몰,스킨케어,OO 메** UV 울트라 선 50ml 1개,전에 선물받아 사용했던 다른 제품은 눈이 따가웠는데 이 제품은 자극 없이 잘 맞아서 좋아요. 그리고 미백 효과가 마음에 듭니다. 다만 샘플이 없어서 아쉽네요.,제품구성,샘플이 없어서 아쉽네요.,-1,[속성] 제품구성 [문장] 샘플이 없어서 아쉽네요.,1,제품구성,unchanged
validation,train,"[속성] 향 [문장] 향도 괜찮고,",599522,쇼핑몰,스킨케어,OO 더** 스킨 선로션 200ml 1개,"향도 괜찮고, 사용감도 괜찮네요. 무엇보다 대용량이 좋네요 샘플이 적어 아쉽네요",향,"향도 괜찮고,",1,"[속성] 향 [문장] 향도 괜찮고,",0,향,unchanged
validation,train,[속성] 사용감 [문장] 사용감이 가벼워,596672,쇼핑몰,스킨케어,OO 브라이트닝 업 선 플러스 50ml 1개,선크림은 365일 매일 바르고 다녀야 합니다. 화장을 해도 마스크에 다 묻어나서 화장을 잘 안하고 다니는데 이 제품은 자연스럽게 피부를 톤업 시켜주네요. 사용감이 가벼워 바르기 좋은 것 같습니다. 구성으로 샘플이 없어서 아쉽네요. 잘 사용하겠습니다.,사용감,사용감이 가벼워,1,[속성] 사용감 [문장] 사용감이 가벼워,0,사용감,unchanged
validation,train,[속성] 흡수력 [문장] 끈적임이 없고,599089,쇼핑몰,스킨케어,OO 멀티 선크림 70ml 1개,끈적임이 없고 자외선 차단지수가 높아서 좋아요 얼굴이 백탁현상이 없어 좋아요 가격도 저렴해서 좋네요. 피부가 건성이라서 로션 처럼 가지고 다니면서 자주 바르네요.,흡수력,끈적임이 없고,1,[속성] 흡수력 [문장] 끈적임이 없고,0,흡수력,unchanged
validation,train,[속성] 가격 [문장] 가격도 저렴해서 좋네요.,599089,쇼핑몰,스킨케어,OO 멀티 선크림 70ml 1개,끈적임이 없고 자외선 차단지수가 높아서 좋아요 얼굴이 백탁현상이 없어 좋아요 가격도 저렴해서 좋네요. 피부가 건성이라서 로션 처럼 가지고 다니면서 자주 바르네요.,가격,가격도 저렴해서 좋네요.,1,[속성] 가격 [문장] 가격도 저렴해서 좋네요.,0,가격,unchanged
validation,train,[속성] 보습력/수분감 [문장] 당기는 느낌이 없네요.,589526,쇼핑몰,스킨케어,OO 딥 클린 클렌저 175g 1개,"○○○ 제품이 딥클렌징으로 유명한 건 알았는데 너무 좋아요. 저는 지복합성 피부에 민감성이고, 피부에 홍조가 있어서 자극적인 제품을 사용하면 바로 피부가 뒤집어져요. 그래서 클렌저와 기초 제품은 쉽게 못 바꾸는 편이예요. 피지 때문에 요새 피부가 너무 상해서 고민하다가 체험단을 신청했네요. 제품이 너무 좋네요. 순해서 그런지 씻고 나서 당기는 느낌이 없네요. 거품이 잘나고 세정력이 좋아 삼중 세안할 필요가 없어요. 머리아픈 향이 아니라서 냄새에 민감한 분들도 충분히 사용할 수 있을 것 같네요",보습력/수분감,당기는 느낌이 없네요.,1,[속성] 보습력/수분감 [문장] 당기는 느낌이 없네요.,0,보습력/수분감,unchanged
validation,train,[속성] 기능/효과 [문장] 거품이 잘나고,589526,쇼핑몰,스킨케어,OO 딥 클린 클렌저 175g 1개,"○○○ 제품이 딥클렌징으로 유명한 건 알았는데 너무 좋아요. 저는 지복합성 피부에 민감성이고, 피부에 홍조가 있어서 자극적인 제품을 사용하면 바로 피부가 뒤집어져요. 그래서 클렌저와 기초 제품은 쉽게 못 바꾸는 편이예요. 피지 때문에 요새 피부가 너무 상해서 고민하다가 체험단을 신청했네요. 제품이 너무 좋네요. 순해서 그런지 씻고 나서 당기는 느낌이 없네요. 거품이 잘나고 세정력이 좋아 삼중 세안할 필요가 없어요. 머리아픈 향이 아니라서 냄새에 민감한 분들도 충분히 사용할 수 있을 것 같네요",기능/효과,거품이 잘나고,1,[속성] 기능/효과 [문장] 거품이 잘나고,0,기능/효과,unchanged
validation,train,[속성] 발림성 [문장] 발림성이 좋습니다.,593721,쇼핑몰,스킨케어,OO 그** 선 플러스 50ml 1개,내가 찾던 제품입니다. 발림성이 좋습니다. 포장은 조금 아쉽네요. 박스 없이 봉투만 왔거든요. 내용물은 무사했지만 제품 상자는 찌그러졌습니다. 어쨌든 자외선 차단 효과 기대해봅니다.,발림성,발림성이 좋습니다.,1,[속성] 발림성 [문장] 발림성이 좋습니다.,0,발림성,unchanged
validation,train,[속성] 발림성 [문장] 쉽게 잘 발리고,596752,쇼핑몰,스킨케어,OO 브라이트닝 업 선 플러스 50ml 1개,커버력은 전혀 없지만 즉시 피부톤 보정이 되어 좋습니다. 쉽게 잘 발리고 끈적임 없어서 좋아요. 저렴하게 구매했어요.,발림성,쉽게 잘 발리고,1,[속성] 발림성 [문장] 쉽게 잘 발리고,0,발림성,unchanged
validation,train,[속성] 흡수력 [문장] 끈적임 없어서 좋아요.,596752,쇼핑몰,스킨케어,OO 브라이트닝 업 선 플러스 50ml 1개,커버력은 전혀 없지만 즉시 피부톤 보정이 되어 좋습니다. 쉽게 잘 발리고 끈적임 없어서 좋아요. 저렴하게 구매했어요.,흡수력,끈적임 없어서 좋아요.,1,[속성] 흡수력 [문장] 끈적임 없어서 좋아요.,0,흡수력,unchanged
validation,train,[속성] 기능/효과 [문장] 세정력도 좋습니다.,589474,쇼핑몰,스킨케어,OO 딥 클린 클렌저 175g 1개,유명한 제품이지만 업그레이드된 폼클렌저라 더욱 기대했습니다. 피부가 민감성 트러블성 다 해당되고 피지분비도 많아서 피부에 사용하는 제품은 신중히 선택합니다. OOO는 안심하고 사용할 수 있어서 좋습니다. 거품도 쫀쫀하게 잘 나고 세정력도 좋습니다. 세안 후 당김도 없이 촉촉해서 사용감까지 좋습니다.,기능/효과,세정력도 좋습니다.,1,[속성] 기능/효과 [문장] 세정력도 좋습니다.,0,기능/효과,unchanged
validation,train,[속성] 가격 [문장] 가격도 좋은 것 같고,587376,쇼핑몰,스킨케어,OO 멘** 포밍워시 200ml 2개,여드름 나는 자녀 전용입니다. 선물 받고 사용 후 좋아서 폼 타입으로 구매했습니다. 가격도 좋은 것 같고 양도 많고 제형이 폼타입이라 편합니다. 사용 후 여드름이 줄어들었습니다.,가격,가격도 좋은 것 같고,1,[속성] 가격 [문장] 가격도 좋은 것 같고,0,가격,unchanged
validation,train,[속성] 용량/개수 [문장] 양도 많고,587376,쇼핑몰,스킨케어,OO 멘** 포밍워시 200ml 2개,여드름 나는 자녀 전용입니다. 선물 받고 사용 후 좋아서 폼 타입으로 구매했습니다. 가격도 좋은 것 같고 양도 많고 제형이 폼타입이라 편합니다. 사용 후 여드름이 줄어들었습니다.,용량/개수,양도 많고,1,[속성] 용량/개수 [문장] 양도 많고,0,용량,merged_duplicate_label
validation,train,[속성] 가격 [문장] 가격 좋고,589467,쇼핑몰,스킨케어,OO 딥 클린 클렌저 175g 1개,여드름 때문에 클렌징에 신경을 많이 썼는데요. ㅇㅇㅇ 포밍 클렌저를 사용해 보고선 앞으로는 이 제품으로 정착하기로 했어요. 거품 잘 일어나고 사용감이 좋으며 깨끗하고 뽀송한 느낌으로 마무리가 됩니다. 가격 좋고 품질 좋아서 만족도도 좋습니다. 여드름 진정 효과와 모공케어에 아주 좋아요. 그래서 아이가 이 클렌저만 사용하겠다고 합니다. 앞으로 지속적인 사용으로 여드름이 완전히 사라지고 피부도 좋아지길 기대해 봅니다. 여드름으로 고민하는 분들께 적극 추천해요.,가격,가격 좋고,1,[속성] 가격 [문장] 가격 좋고,0,가격,unchanged
validation,train,[속성] 용량/개수 [문장] 용량도 많아서,585751,쇼핑몰,스킨케어,OO 클** 클렌징젤 400ml 1개,세안후 당기는 느낌이 없는건 아니지만 다른 폼보다 덜 당겨요. 용량도 많아서 온가족이 쓸 수 있어 좋아요.,용량/개수,용량도 많아서,1,[속성] 용량/개수 [문장] 용량도 많아서,0,용량,merged_duplicate_label
validation,train,[속성] 용량/개수 [문장] 가격 대비 양은 적네요.,587173,쇼핑몰,스킨케어,OO 멘** 포밍워시 200ml 2개,"뾰루지가 나는 피부에 이것 저것 사용하다가 구매했어요. 이것 하나로는 뾰루지가 없어지는 느낌은 전혀 없는 듯합니다. 순한 제품이라, 저녁 세안하기에 괜찮은 것 같아요. 가격 대비 양은 적네요.",용량/개수,가격 대비 양은 적네요.,-1,[속성] 용량/개수 [문장] 가격 대비 양은 적네요.,1,용량,merged_duplicate_label
validation,train,[속성] 가격 [문장] 가격은 비싸네요.,585073,쇼핑몰,스킨케어,OO 클** 클렌징젤 400ml 1개,향이 조금 강하고 특이한편이네요. 세면시에는 젤 제형 타입이라 촉촉한듯 한데 타올로 닦고나면 바로 건조해지네요. 세정력은 좋아요. 민감성 피부라 처음 사용후 살짝 피부가 따갑게 느껴졌는데 괜찮네요. 가격은 비싸네요.,가격,가격은 비싸네요.,-1,[속성] 가격 [문장] 가격은 비싸네요.,1,가격,unchanged
validation,train,[속성] 발림성 [문장] 발림성이 좋아요.,597944,쇼핑몰,스킨케어,OO 카** 선스틱 22g 1개,다른 브랜드의 프레쉬 선스틱 광이 없는 것을 사용해본적이 있었는데 제 피부엔 다소 건조한것 같아서 망설이다 샀네요. 프레쉬라 얼굴에 발라도 광이 없지만 광이 있는 것과 비교해 보면 장단점이 있는 것 같아요. 프레쉬도 유광처럼 발림성이 좋아요.배송 박스가 망가져와서 그건 좀 불쾌했지만 잘 쓰겠습니다. 고맙습니다.,발림성,발림성이 좋아요.,1,[속성] 발림성 [문장] 발림성이 좋아요.,0,발림성,unchanged
validation,train,[속성] 자극성 [문장] 제품이 순하고,582778,쇼핑몰,스킨케어,OO 마** 퓨어 클렌징오일 200ml 1개,늘사용하는 OOO클렌징오일 역쉬 최고이네요. 살짝 다른 호호바로 사용했는데 용기가 비슷한 디자인이지만 사용하고 나면 잔여액이 흘러 신경쓰이는데 OOO제품은 깔끔합니다. 제품이 순하고 클린징이 잘 되고 좋네요. 역쉬 클린징오일 제품중 최고입니다.,자극성,제품이 순하고,1,[속성] 자극성 [문장] 제품이 순하고,0,자극성,unchanged
validation,train,[속성] 자극성 [문장] 자극도 없어서,582260,쇼핑몰,스킨케어,OO 순** 클렌징오일 200ml 1개,오래전부터 사용한 제품인데 피부 당김 없이 부드럽게 잘 세정되고 자극도 없어서 좋습니다. 작은 사이즈의 증정품도 있어서 여행갈 때 쓰기 좋을 것 같습니다. 가격만 저렴해지면 더 좋겠습니다.,자극성,자극도 없어서,1,[속성] 자극성 [문장] 자극도 없어서,0,자극성,unchanged
validation,train,[속성] 가격 [문장] 가격만 저렴해지면 더 좋겠습니다.,582260,쇼핑몰,스킨케어,OO 순** 클렌징오일 200ml 1개,오래전부터 사용한 제품인데 피부 당김 없이 부드럽게 잘 세정되고 자극도 없어서 좋습니다. 작은 사이즈의 증정품도 있어서 여행갈 때 쓰기 좋을 것 같습니다. 가격만 저렴해지면 더 좋겠습니다.,가격,가격만 저렴해지면 더 좋겠습니다.,-1,[속성] 가격 [문장] 가격만 저렴해지면 더 좋겠습니다.,1,가격,unchanged
validation,train,[속성] 가격 [문장] 가격도 착합니다.,587105,쇼핑몰,스킨케어,OO 멘** 포밍워시 200ml 2개,여드름 때문에 샀는데 좋아요. 잘 쓰고 있어요. 세정력도 좋은 편이고 향도 좋네요. 가격도 착합니다. 여드름은 아직 사라지진 않았지만 점점 좋아질 것 같은 기대감이 들어요.,가격,가격도 착합니다.,1,[속성] 가격 [문장] 가격도 착합니다.,0,가격,unchanged
validation,train,[속성] 흡수력 [문장] 흡수력도 좋고,597503,쇼핑몰,스킨케어,OO 메** UV 울트라 선 50ml 1개,ㅇㅇㅇ선크림은 가장 좋아하는 아이템 이예요. 아이랑 사용 중 인데 흡수력도 좋고 촉촉하고 성분이 순하면서 피부톤도 밝게 해줘요. 비비나 쿠션 바르면 모공이 두드러지거나 너무 두꺼운 듯한 피부표현이 마음에 안 들었는데 ㅇㅇㅇ선크림 바르니 자외선 차단도 되고 피부톤도 밝아지니 화장을 따로 안 해도 돼서 좋습니다.,흡수력,흡수력도 좋고,1,[속성] 흡수력 [문장] 흡수력도 좋고,0,흡수력,unchanged
validation,train,[속성] 성분 [문장] 성분이 순하면서,597503,쇼핑몰,스킨케어,OO 메** UV 울트라 선 50ml 1개,ㅇㅇㅇ선크림은 가장 좋아하는 아이템 이예요. 아이랑 사용 중 인데 흡수력도 좋고 촉촉하고 성분이 순하면서 피부톤도 밝게 해줘요. 비비나 쿠션 바르면 모공이 두드러지거나 너무 두꺼운 듯한 피부표현이 마음에 안 들었는데 ㅇㅇㅇ선크림 바르니 자외선 차단도 되고 피부톤도 밝아지니 화장을 따로 안 해도 돼서 좋습니다.,성분,성분이 순하면서,1,[속성] 성분 [문장] 성분이 순하면서,0,성분,unchanged
validation,train,[속성] 기능/효과 [문장] 세정력도 좋아요.,589501,쇼핑몰,스킨케어,OO 딥 클린 클렌저 175g 1개,"클렌징으로도 유명한 ○○○를 며칠 사용해보았네요. 적은양으로 거품도 잘 생기고, 순하다는게 느껴졌네요. 세안 후엔 피부결이 정돈되듯이 부드럽네요. 피부 당김이 없어서 좋아요. 유분기를 잡아 수분감이 좋고 피부당김없고 자극이 없다는게 가장 큰 장점인거 같습니다. 세정력도 좋아요. 앞으로 구매해서 사용할 예정이예요.",기능/효과,세정력도 좋아요.,1,[속성] 기능/효과 [문장] 세정력도 좋아요.,0,기능/효과,unchanged
validation,train,[속성] 가격 [문장] 좋은 가격에 잘 구매했어요.,593790,쇼핑몰,스킨케어,OO 그** 선 플러스 50ml 1개,좋은 가격에 잘 구매했어요. 자극도 없고 쓰기에 편하네요. 추천할 만한 썬크림이에요. 재구매 의사 있어요.,가격,좋은 가격에 잘 구매했어요.,1,[속성] 가격 [문장] 좋은 가격에 잘 구매했어요.,0,가격,unchanged
validation,train,[속성] 자극성 [문장] 자극도 없고,593790,쇼핑몰,스킨케어,OO 그** 선 플러스 50ml 1개,좋은 가격에 잘 구매했어요. 자극도 없고 쓰기에 편하네요. 추천할 만한 썬크림이에요. 재구매 의사 있어요.,자극성,자극도 없고,1,[속성] 자극성 [문장] 자극도 없고,0,자극성,unchanged
validation,train,[속성] 향 [문장] 향은 별로네요.,587360,쇼핑몰,스킨케어,OO 멘** 포밍워시 200ml 2개,비싼 듯하지만 여드름이 심해져서 구매를 했습니다. 기존에는 비누로 세안을 했었는데 OOO 포밍워시를 사용하고 나서는 얼굴에 기름기도 줄고 여드름도 안 나는 것 같습니다. 향은 별로네요.,향,향은 별로네요.,-1,[속성] 향 [문장] 향은 별로네요.,1,향,unchanged
validation,train,[속성] 용량/개수 [문장] 용량도 적어서,593363,쇼핑몰,스킨케어,OO 그** 선 플러스 50ml 1개,사용하던 제품이 오일리하고 눈 근처에 바르면 따가워서 새로운 제품을 찾던 중에 추천이 많아서 구매했습니다. 사용감이 산뜻하고 유분이 덜 합니다. 피부 커버력은 약하네요. 용량도 적어서 가격이 저렴했으면 좋겠습니다.,용량/개수,용량도 적어서,-1,[속성] 용량/개수 [문장] 용량도 적어서,1,용량,merged_duplicate_label
validation,train,[속성] 가격 [문장] 가격이 저렴했으면 좋겠습니다.,593363,쇼핑몰,스킨케어,OO 그** 선 플러스 50ml 1개,사용하던 제품이 오일리하고 눈 근처에 바르면 따가워서 새로운 제품을 찾던 중에 추천이 많아서 구매했습니다. 사용감이 산뜻하고 유분이 덜 합니다. 피부 커버력은 약하네요. 용량도 적어서 가격이 저렴했으면 좋겠습니다.,가격,가격이 저렴했으면 좋겠습니다.,-1,[속성] 가격 [문장] 가격이 저렴했으면 좋겠습니다.,1,가격,unchanged
validation,train,[속성] 보습력/수분감 [문장] 얼굴이 건조해지고,593877,쇼핑몰,스킨케어,OO 그** 선 플러스 50ml 1개,선 크림을 바르면 얼굴이 건조해지고 당겨서 안 좋습니다. 하지만 부드럽게 발리고 약간 톤업효과가 있는것 같네요. 가격도 비싸고 품질이 생각했던 것 보다 별로라서 다시 구입 안할 것 같아요.,보습력/수분감,얼굴이 건조해지고,-1,[속성] 보습력/수분감 [문장] 얼굴이 건조해지고,1,보습력/수분감,unchanged
validation,train,[속성] 편의성/활용성 [문장] 휴대가 간편해서 좋아요.,594619,쇼핑몰,스킨케어,OO 카** 더블쉴드 선스틱 22g 1개,끈적이지 않고 피부톤에 변화도 없어서 좋습니다. 양이 작아서 아쉽지만 휴대가 간편해서 좋아요.,편의성/활용성,휴대가 간편해서 좋아요.,1,[속성] 편의성/활용성 [문장] 휴대가 간편해서 좋아요.,0,편의성/활용성,unchanged
validation,train,[속성] 편의성/활용성 [문장] 사용하기도 편합니다.,582531,쇼핑몰,스킨케어,OO 마** 퓨어 클렌징오일 200ml 1개,선크림은 잘 지워지지 않으니까 클렌징이 중요하잖아요. 그래서 선크림 잘 지우는 오일 검색해보고 OO OO클렌징오일을 구매했습니다. 제형이 부드럽고 세안 후 피부트러블이 없어서 좋습니다. 그리고 용기에서 적당한 양이 분사되어 사용하기도 편합니다. 할인가로 구매해서 저렴한 가격에 샀어요. OO 브랜드에 호감이 가네요.,편의성/활용성,사용하기도 편합니다.,1,[속성] 편의성/활용성 [문장] 사용하기도 편합니다.,0,편의성/활용성,unchanged
validation,train,[속성] 가격 [문장] 저렴한 가격에 샀어요.,582531,쇼핑몰,스킨케어,OO 마** 퓨어 클렌징오일 200ml 1개,선크림은 잘 지워지지 않으니까 클렌징이 중요하잖아요. 그래서 선크림 잘 지우는 오일 검색해보고 OO OO클렌징오일을 구매했습니다. 제형이 부드럽고 세안 후 피부트러블이 없어서 좋습니다. 그리고 용기에서 적당한 양이 분사되어 사용하기도 편합니다. 할인가로 구매해서 저렴한 가격에 샀어요. OO 브랜드에 호감이 가네요.,가격,저렴한 가격에 샀어요.,1,[속성] 가격 [문장] 저렴한 가격에 샀어요.,0,가격,unchanged
validation,train,"[속성] 가격 [문장] 가성비 좋고,",599854,쇼핑몰,스킨케어,OO 더** 스킨 선로션 200ml 1개,"브렌드 인지도가 좋은 제품이네요. 가성비 좋고, 흡수성 좋고, 백탁현상 없어서 좋아요. 대용량인 점도 좋은데, 향은 특이한 데 좋진 않네요.",가격,"가성비 좋고,",1,"[속성] 가격 [문장] 가성비 좋고,",0,가격,unchanged
validation,train,[속성] 보습력/수분감 [문장] 유분기가 많아,593443,쇼핑몰,스킨케어,OO 그** 선 플러스 50ml 1개,"유명해서 사봤는데 트러블 안나고 백탁현상도 없고, 향도 거의 없어서 무난합니다. 아직은 건조한 시즌이라 괜찮은데, 여름엔 유분기가 많아 어떨지 모르겠네요. 가벼운 제형이라 아쉬워요.",보습력/수분감,유분기가 많아,-1,[속성] 보습력/수분감 [문장] 유분기가 많아,1,보습력/수분감,unchanged
validation,train,[속성] 자극성 [문장] 자극적이지 않아서 좋습니다.,587336,쇼핑몰,스킨케어,OO 멘** 포밍워시 200ml 2개,매번 사용하는 제품이에요. 피부에 여드름이 나서 쓰고있는데 여드름에 효과가 있는지는 잘 모르겠어요. 자극적이지 않아서 좋습니다.,자극성,자극적이지 않아서 좋습니다.,1,[속성] 자극성 [문장] 자극적이지 않아서 좋습니다.,0,자극성,unchanged
validation,train,[속성] 품질 [문장] 상품 품질이 좋아서,584412,쇼핑몰,스킨케어,OO 이** 모공 폼 300ml 1개,상품 품질이 좋아서 추천합니다. 좋은 가격에 잘 구매했어요. 즐겨 쓰는 상품이라 자주 구매하는데 피부자극도 없고 좋아요. 배송은 조금느렸지만 저렴한 가격에 상품 품질이 좋아서 만족해요.,품질,상품 품질이 좋아서,1,[속성] 품질 [문장] 상품 품질이 좋아서,0,품질,unchanged
validation,train,[속성] 가격 [문장] 가격도 좋아요.,585755,쇼핑몰,스킨케어,OO 클** 클렌징젤 400ml 1개,하얀 피지때문에 샀는데 눈에 띄는 효과는 없지만 화이트헤드가 좀 없어지는거 같네요. 향도 약하고 은은해서 괜찮아요. 가격도 좋아요.,가격,가격도 좋아요.,1,[속성] 가격 [문장] 가격도 좋아요.,0,가격,unchanged
validation,train,[속성] 용량/개수 [문장] 용량이 작아서 아쉽지만,596466,쇼핑몰,스킨케어,OO 브라이트닝 업 선 플러스 50ml 1개,선크림은 OOO 제품만 계속 사용하고 있습니다. 톤보정도 됩니다. 파운데이션 안 바르고 선크림만 발라도 톤 보정이 가능해서 좋아요. 묽은 제형은 아니지만 제형이 로션과 크림 중간 느낌이라 좋고 펴바르기도 편합니다. 사용감은 보통 느낌이에요. 끈적이지도 않고 그렇다고 바르고 나서 너무 건조한 느낌도 아니에요. 용량이 작아서 아쉽지만 추천할만한 제품입니다.,용량/개수,용량이 작아서 아쉽지만,-1,[속성] 용량/개수 [문장] 용량이 작아서 아쉽지만,1,용량,merged_duplicate_label
validation,train,[속성] 편의성/활용성 [문장] 사용이 간편하고,586835,쇼핑몰,스킨케어,OO 멘** 포밍워시 200ml 2개,ㅇㅇㅇ포밍 워시는 거품 제형으로 사용이 간편하고 여드름 피부라 트러블이 좀 있지만 세정력이 좋습니다. 행사 쿠폰 발급으로 저렴하게 구매 할 수 있어 좋았습니다. 용량도 200ml 2개라 오랫동안 걱정 없이 사용 할 수 있겠어요.,편의성/활용성,사용이 간편하고,1,[속성] 편의성/활용성 [문장] 사용이 간편하고,0,편의성/활용성,unchanged
validation,train,[속성] 흡수력 [문장] 끈적이고,593097,쇼핑몰,스킨케어,OO 그** 선 플러스 50ml 1개,제품은 좋아요. 단지 썬크림을 바른 후 끈적임과 답답함이 싫어서 잘 안 바르는데 이 제품도 끈적이고 흡수가 안되는 답답한 느낌이 있어요.,흡수력,끈적이고,-1,[속성] 흡수력 [문장] 끈적이고,1,흡수력,unchanged
validation,train,[속성] 향 [문장] 향도 좋아요.,587363,쇼핑몰,스킨케어,OO 멘** 포밍워시 200ml 2개,"여드름 때문에 피부 트러블도 심하고, 얼굴에 뾰루지가 많이 나는 타입이에요. 피부 관리 때문에 비용도 많이 들었어요. 근데 주변에서 여드름 전용 제품을 써보라는 권유를 받았고 추천받아 샀습니다. 향도 좋아요. 씻은 후 뽀독뽀독하진 않지만, 잘 씻겨서 미끈거리는 느낌은 없네요. 하루에 아침저녁 사용하고 있는데 자극이 없어서 그런지 피부 트러블이 많이 좋아졌네요. 재구매 의사 있습니다.",향,향도 좋아요.,1,[속성] 향 [문장] 향도 좋아요.,0,향,unchanged
validation,train,[속성] 자극성 [문장] 눈시림 없고,595871,쇼핑몰,스킨케어,OO 브라이트닝 업 선 플러스 50ml 1개,눈시림 없고 발림성 좋은데 정작 톤업이 안 됩니다. 제 피부가 흰 편이라 그런가 오히려 톤다운 되는 느낌입니다,자극성,눈시림 없고,1,[속성] 자극성 [문장] 눈시림 없고,0,자극성,unchanged
validation,train,[속성] 보습력/수분감 [문장] 촉촉하게 잘 발리고,596515,쇼핑몰,스킨케어,OO 브라이트닝 업 선 플러스 50ml 1개,OOO 썬크림 괜찮습니다.촉촉하게 잘 발리고 데일리로 사용하기 좋습니다. 백탁현상도 없고 메이크업 베이스 대용으로 사용하기에도 무난합니다. 가격도 좋고 배송도 만족하네요.사용기한이 여유가 있음 좋을듯 합니다.,보습력/수분감,촉촉하게 잘 발리고,1,[속성] 보습력/수분감 [문장] 촉촉하게 잘 발리고,0,보습력/수분감,unchanged
validation,train,[속성] 가격 [문장] 가격도 좋고,596515,쇼핑몰,스킨케어,OO 브라이트닝 업 선 플러스 50ml 1개,OOO 썬크림 괜찮습니다.촉촉하게 잘 발리고 데일리로 사용하기 좋습니다. 백탁현상도 없고 메이크업 베이스 대용으로 사용하기에도 무난합니다. 가격도 좋고 배송도 만족하네요.사용기한이 여유가 있음 좋을듯 합니다.,가격,가격도 좋고,1,[속성] 가격 [문장] 가격도 좋고,0,가격,unchanged
validation,train,[속성] 발림성 [문장] 잘 발리고요.,597020,쇼핑몰,스킨케어,OO 센** 선스틱 22g 1개,상품 하자 없이 잘 도착했습니다. 향은 은은하네요. 잘 발리고요. 온 가족이 함께 사용하기 좋아 여러 개 주문했네요. . 용기가 스틱이라 손에 안 묻고 편리합니다. 용기 크기 커서 외출시 간편하게 주머니에 넣고 다닐 순 없어요. 가방에 넣고 다녀야겠습니다.,발림성,잘 발리고요.,1,[속성] 발림성 [문장] 잘 발리고요.,0,발림성,unchanged
validation,train,[속성] 보습력/수분감 [문장] 촉촉하니 좋습니다.,596911,쇼핑몰,스킨케어,OO 센** 선스틱 22g 1개,"여드름으로 썬크림 방랑자였는데, 촉촉하니 좋습니다. 아직까지 트러블 없어서 좋네요. 또 구매하려 합니다. 약간의 쿨감이 있고, 향은 약해서 좀 아쉬워요. 허연 썬크림 아니라 만족합니다. 제형의 끈적임은 살짝 불편하네요.",보습력/수분감,촉촉하니 좋습니다.,1,[속성] 보습력/수분감 [문장] 촉촉하니 좋습니다.,0,보습력/수분감,unchanged
validation,train,[속성] 발림성 [문장] 부드럽게 잘 발리네요.,599929,쇼핑몰,스킨케어,OO 자** 선크림 50ml 1개,"촉촉하고 부드럽게 잘 발리네요. 선크림 바른 후에 하얗게 되지 않아서 좋고, 얼굴에 광택이 나네요. 사용기한이 여유가 있음 좋을듯 합니다.",발림성,부드럽게 잘 발리네요.,1,[속성] 발림성 [문장] 부드럽게 잘 발리네요.,0,발림성,unchanged
validation,train,"[속성] 흡수력 [문장] 번들거리지도 않고,",600221,쇼핑몰,스킨케어,OO 밀** 상백 크림 50ml 1개,"화장을 잘 안해서 기본 선크림은 바르려고 구매해 드렸어요. 기초 화장품을 OOO 사용하셔서 이 제품도 피부에 잘 맞으시네요. 번들거리지도 않고, 화장한듯안한듯해서 좋으시다고 하네요. 다 사용하고 또 구매해드릴 계획입니다. 용량은 적은데, 가격은 많이 비싸긴 해요.",흡수력,"번들거리지도 않고,",1,"[속성] 흡수력 [문장] 번들거리지도 않고,",0,흡수력,unchanged
validation,train,"[속성] 용량/개수 [문장] 용량은 적은데,",600221,쇼핑몰,스킨케어,OO 밀** 상백 크림 50ml 1개,"화장을 잘 안해서 기본 선크림은 바르려고 구매해 드렸어요. 기초 화장품을 OOO 사용하셔서 이 제품도 피부에 잘 맞으시네요. 번들거리지도 않고, 화장한듯안한듯해서 좋으시다고 하네요. 다 사용하고 또 구매해드릴 계획입니다. 용량은 적은데, 가격은 많이 비싸긴 해요.",용량/개수,"용량은 적은데,",-1,"[속성] 용량/개수 [문장] 용량은 적은데,",1,용량,merged_duplicate_label
validation,train,[속성] 기능/효과 [문장] 거품이 풍성하게 나고,591777,쇼핑몰,스킨케어,OO 클렌징 폼 150ml 1개,믿을만한 브랜드입니다. 소다폼 색은 녹차색이고 거품이 풍성하게 나고 제형에 작은 알갱이가 있어서 부드럽게 잘 발립니다. 시원한 향이어서 좋았고 날씨가 더워지니 시원한 향이 좋습니다. 거품도 풍성하게 잘 나오고 세정력도 만족합니다. 건성 피부인데 속당김이 없어 좋습니다.,기능/효과,거품이 풍성하게 나고,1,[속성] 기능/효과 [문장] 거품이 풍성하게 나고,0,기능/효과,unchanged
validation,train,[속성] 가격 [문장] 비싸더라도,600788,쇼핑몰,스킨케어,OO 선** 선크림 55ml 1개,지인이 좋다고 해서 주문했습니다. 가격대비 그냥 무난해요. 백탁현상이 조금 있습니다. 비싸더라도 품질이 더 좋은 거 다시 사야 될 것 같아요. 몸에도 바르기는 좋습니다.,가격,비싸더라도,-1,[속성] 가격 [문장] 비싸더라도,1,가격,unchanged
validation,train,[속성] 자극성 [문장] 자극이 없어,584950,쇼핑몰,스킨케어,OO 클** 클렌징젤 400ml 1개,촉촉하고 자극이 없어 피부가 더 좋아지고 있어요. 아침에는 물세안 저녁에는 꼭 OOO를 사용하고 있어요. 용량도 크고 세정력도 최고입니다. 주변에 많이 홍보하고 있답니다. 좋습니다. 약산성 안 써 보신 분은 꼭 사용해보시길 바랍니다.,자극성,자극이 없어,1,[속성] 자극성 [문장] 자극이 없어,0,자극성,unchanged
validation,train,[속성] 용량/개수 [문장] 용량이 많아서 좋습니다.,586434,쇼핑몰,스킨케어,OO 해** 클렌징폼 200g 1개,거품이 풍성하고 제형이 부드럽습니다. 다른 제품 사용했는데 이 제품과 차이점은 잘 모르겠습니다. 1+1으로 구매했는데 재구매 예정입니다. 용량이 많아서 좋습니다. 가격만 더 저렴해지면 좋겠네요.,용량/개수,용량이 많아서 좋습니다.,1,[속성] 용량/개수 [문장] 용량이 많아서 좋습니다.,0,용량,merged_duplicate_label
validation,train,[속성] 윤기/피부(톤) [문장] 자연스럽게 톤업되고,597037,쇼핑몰,스킨케어,OO 메** UV 울트라 선 50ml 1개,자연스럽게 톤업되고 발림성도 좋고 무엇보다 트러블이 1도 없습니다. 자외선 차단 효과도 기대해 봅니다.,윤기/피부(톤),자연스럽게 톤업되고,1,[속성] 윤기/피부(톤) [문장] 자연스럽게 톤업되고,0,윤기/피부(톤),unchanged
validation,train,[속성] 흡수력 [문장] 번들거림이 있어요.,597899,쇼핑몰,스킨케어,OO 카** 선스틱 22g 1개,스틱 제품을 선호하다보니 계속 구매하고 있습니다. 발라지는것은 잘 발라지는데 번들거림이 있어요. 그냥 만족해요.,흡수력,번들거림이 있어요.,-1,[속성] 흡수력 [문장] 번들거림이 있어요.,1,흡수력,unchanged
validation,train,[속성] 발림성 [문장] 발림성이 우수하고,593785,쇼핑몰,스킨케어,OO 그** 선 플러스 50ml 1개,장점은 배송 빠르다. 백탁 있는 게 좋아서 만족한다. 발림성이 우수하고 지속력이 좋다. 바르고 난 후 번들거리지 않고 적당한 수준의 촉촉함과 적당한 유분감이 있다. 민감한 피부인데 부작용이 없다. 저렴한 가격에 구입했다. 단점은 백탁현상이 있지만 엄청 심하진 않고 적당히 하얗게 된다.,발림성,발림성이 우수하고,1,[속성] 발림성 [문장] 발림성이 우수하고,0,발림성,unchanged
validation,train,[속성] 기능/효과 [문장] 세정력이 좋습니다.,582211,쇼핑몰,스킨케어,OO 순** 클렌징오일 200ml 1개,자극 없이 부드럽게 잘 지워지고 물로 세안 후 개운하게 마무리 되네요. 사은품으로 받은 클렌징 폼도 자극 없고 향과 세정력이 좋습니다. 가격만 조금 더 저렴해졌으면 좋겠습니다.,기능/효과,세정력이 좋습니다.,1,[속성] 기능/효과 [문장] 세정력이 좋습니다.,0,기능/효과,unchanged
validation,train,[속성] 흡수력 [문장] 흡수도 잘 되고,599445,쇼핑몰,스킨케어,OO 멀티 선크림 70ml 1개,가격이 착해서 좋아요. 잘 쓰겠습니다. 써보니 흡수도 잘 되고 발림성이 좋아서 사용하는데 좋습니다. 하나 먼저 사서 써보고 또 여러 개 구입했습니다. 저렴해서 쟁여놓고 쓰려고 합니다.,흡수력,흡수도 잘 되고,1,[속성] 흡수력 [문장] 흡수도 잘 되고,0,흡수력,unchanged
validation,train,[속성] 가격 [문장] 가격 착하고,597905,쇼핑몰,스킨케어,OO 카** 선스틱 22g 1개,가격 착하고 빠른 배송 좋습니다. 다만 용량을 조금 더 늘려줬으면 좋겠습니다. 효과 성능은 가성비 최고 입니다. 유통기한이 짧아도 금세 사용하니 걱정 안 하셔도 됩니다,가격,가격 착하고,1,[속성] 가격 [문장] 가격 착하고,0,가격,unchanged
validation,train,[속성] 기능/효과 [문장] 효과가 있었으면 좋겠어요.,589653,쇼핑몰,스킨케어,OO 딥 클린 클렌저 175g 1개,세안제가 순하기는 어렵지만 이 제품은 덜 자극적인것 같네요. 여드름 피부에 좋다고해서 사용중인데 트러블은 아직 없어 꾸준히 사용해보려고 합니다. 효과가 있었으면 좋겠어요.,기능/효과,효과가 있었으면 좋겠어요.,0,[속성] 기능/효과 [문장] 효과가 있었으면 좋겠어요.,2,기능/효과,unchanged
validation,train,[속성] 발림성 [문장] 발림도 좋습니다,598495,쇼핑몰,스킨케어,OO 카** 선스틱 22g 1개,사용하던 제품이 향이 진해서 쓰기 힘들었는데 이 제품은 향도 진하지 않고 발림도 좋습니다. 용량이 작지만 몸에도 바를수 있어서 좋아요,발림성,발림도 좋습니다,1,[속성] 발림성 [문장] 발림도 좋습니다,0,발림성,unchanged
validation,train,[속성] 편의성/활용성 [문장] 편하게 바를 수 있어서 좋아요.,598114,쇼핑몰,스킨케어,OO 카** 선스틱 22g 1개,"끈적이지도 않고, 편하게 바를 수 있어서 좋아요. 너무 빨리 닳아 양은 좀 아쉽네요. 선스틱이 그런 건 알았지만, 휴가 가서 온 가족이 바르니까, 하루에 다 쓰게 되니 양이 좀 많았으면 좋을 것 같아요.",편의성/활용성,편하게 바를 수 있어서 좋아요.,1,[속성] 편의성/활용성 [문장] 편하게 바를 수 있어서 좋아요.,0,편의성/활용성,unchanged
validation,train,[속성] 향 [문장] 향은 좀 별로네요.,598598,쇼핑몰,스킨케어,OO 멀티 선크림 70ml 1개,계속 사용하던 제품이예요.땡볕에 있는데 선크림을 바른 날과 바르지 않은 날 피부가 완전히 다르네요. 머플러나 햇빛가리개 사용하셔도 이 제품 사용해봅시다 비싼 제품 사용하지 마시고 두시간마다 한번씩 이걸 덧바르기 하시는게 효과가 좋아요. 향은 좀 별로네요.,향,향은 좀 별로네요.,-1,[속성] 향 [문장] 향은 좀 별로네요.,1,향,unchanged
validation,train,[속성] 커버력 [문장] 커버력 좋아요.,597383,쇼핑몰,스킨케어,OO 메** UV 울트라 선 50ml 1개,2년째 쓰고 있습니다. 다른 제품은 안 써봐서 비교가 안 되지만 순하고 커버력 좋아요. 다만 예전보다 용량이 줄어들어서 아쉽습니다.,커버력,커버력 좋아요.,1,[속성] 커버력 [문장] 커버력 좋아요.,0,커버력,unchanged
validation,train,[속성] 윤기/피부(톤) [문장] 톤업도 되고,596252,쇼핑몰,스킨케어,OO 브라이트닝 업 선 플러스 50ml 1개,베이스가 섞여 있어서 톤업도 되고 많이 발라도 뭉치거나 밀림이 없습니다. 제가 원하는 향은 아니지만 가성비 좋습니다.,윤기/피부(톤),톤업도 되고,1,[속성] 윤기/피부(톤) [문장] 톤업도 되고,0,윤기/피부(톤),unchanged
validation,train,[속성] 보습력/수분감 [문장] 수분감이 좋고,596188,쇼핑몰,스킨케어,OO 브라이트닝 업 선 플러스 50ml 1개,상품 품질이 좋아요. 배송도 빠르고 사은품도 주셨네요. 수분감이 좋고 자연스럽게 발립니다. 자극적이지 않아서 좋아요.,보습력/수분감,수분감이 좋고,1,[속성] 보습력/수분감 [문장] 수분감이 좋고,0,보습력/수분감,unchanged
validation,train,[속성] 흡수력 [문장] 기름지지 않으면서,600011,쇼핑몰,스킨케어,OO 자** 선크림 50ml 1개,이것만한 썬크림이 없습니다. 잘 발리고 순하고 기름지지 않으면서 촉촉하니 좋아요. 용량만 더 크면 완벽합니다.,흡수력,기름지지 않으면서,1,[속성] 흡수력 [문장] 기름지지 않으면서,0,흡수력,unchanged
validation,train,[속성] 보습력/수분감 [문장] 촉촉하니 좋아요.,600011,쇼핑몰,스킨케어,OO 자** 선크림 50ml 1개,이것만한 썬크림이 없습니다. 잘 발리고 순하고 기름지지 않으면서 촉촉하니 좋아요. 용량만 더 크면 완벽합니다.,보습력/수분감,촉촉하니 좋아요.,1,[속성] 보습력/수분감 [문장] 촉촉하니 좋아요.,0,보습력/수분감,unchanged
validation,train,[속성] 발림성 [문장] 발림성 괜찮고,593722,쇼핑몰,스킨케어,OO 그** 선 플러스 50ml 1개,발림성 괜찮고 눈시림이 없어 좋습니다. 순한 썬크림이라서 잘 쓰고 있습니다.,발림성,발림성 괜찮고,1,[속성] 발림성 [문장] 발림성 괜찮고,0,발림성,unchanged
validation,train,[속성] 가격 [문장] 싸게 사서 만족합니다.,582789,쇼핑몰,스킨케어,OO 마** 퓨어 클렌징오일 200ml 1개,매번 애용하고 있습니다. 순하고 클렌징 잘 됩니다. 블랙헤드 빠지는 효과 좋다고 해서 사용했는데 만족해요. 꾸준히 이 제품 사용 할 것 같네요. 행사해서 여러 개 샀습니다. 싸게 사서 만족합니다.,가격,싸게 사서 만족합니다.,1,[속성] 가격 [문장] 싸게 사서 만족합니다.,0,가격,unchanged
validation,train,[속성] 흡수력 [문장] 끈적임이 없습니다.,596940,쇼핑몰,스킨케어,OO 센** 선스틱 22g 1개,쿨링이라 바를 때 시원하고 좋습니다. 많이 발라도 끈적임이 없습니다. 양은 22g으로 적은데 향은 산뜻하고 괜찮아요,흡수력,끈적임이 없습니다.,1,[속성] 흡수력 [문장] 끈적임이 없습니다.,0,흡수력,unchanged
validation,train,[속성] 발림성 [문장] 발림성이 좋아요,600686,쇼핑몰,스킨케어,OO 선** 선크림 55ml 1개,향이 나쁘지 않고 발림성이 좋아요 효과는 좀 더 사용을 해봐야지 알겠지만 후기가 좋으면 이걸로 바꾸려고 해요,발림성,발림성이 좋아요,1,[속성] 발림성 [문장] 발림성이 좋아요,0,발림성,unchanged
validation,train,[속성] 용량/개수 [문장] 용량도 많아 좋습니다.,597613,쇼핑몰,스킨케어,OO 카** 선스틱 22g 1개,손에 안덜어 써도 되는 선스틱이라 바르기 편하고 외출시 휴대용으로 사용하기 편리할듯 합니다. 용기 디자인도 마음에 들고 용량도 많아 좋습니다.,용량/개수,용량도 많아 좋습니다.,1,[속성] 용량/개수 [문장] 용량도 많아 좋습니다.,0,용량,merged_duplicate_label
validation,train,[속성] 보습력/수분감 [문장] 수분감이 있어서,599152,쇼핑몰,스킨케어,OO 멀티 선크림 70ml 1개,가격이 저렴한 선크림입니다. 수분감이 있어서 여름엔 세안하고 이것만 바로 바르기도하네요. 끈적함 없이 코팅한 느낌으로 잘 스며드네요. 유분기가 많아 극강 지성인데도 실컷 덧바를 수 있네요. 백탁은 없는데 미묘하게 피부톤이 맞춰지는 효과가 있네요.,보습력/수분감,수분감이 있어서,1,[속성] 보습력/수분감 [문장] 수분감이 있어서,0,보습력/수분감,unchanged
validation,train,[속성] 흡수력 [문장] 끈적함 없이,599152,쇼핑몰,스킨케어,OO 멀티 선크림 70ml 1개,가격이 저렴한 선크림입니다. 수분감이 있어서 여름엔 세안하고 이것만 바로 바르기도하네요. 끈적함 없이 코팅한 느낌으로 잘 스며드네요. 유분기가 많아 극강 지성인데도 실컷 덧바를 수 있네요. 백탁은 없는데 미묘하게 피부톤이 맞춰지는 효과가 있네요.,흡수력,끈적함 없이,1,[속성] 흡수력 [문장] 끈적함 없이,0,흡수력,unchanged
validation,train,[속성] 용량/개수 [문장] 용량은 작지만,597754,쇼핑몰,스킨케어,OO 카** 선스틱 22g 1개,빠른 배송이 마음에 드네요. 주문후 다음날 받았어요. 용량은 작지만 아무래도 여름이라 팔뚝이랑 다리쪽에 바르려면 스틱이 편할것 같아서 구매했네요. 끈적이지않고 바로 흡수되는게 좋네요.,용량/개수,용량은 작지만,-1,[속성] 용량/개수 [문장] 용량은 작지만,1,용량,merged_duplicate_label
validation,train,[속성] 흡수력 [문장] 끈적이지않고,597754,쇼핑몰,스킨케어,OO 카** 선스틱 22g 1개,빠른 배송이 마음에 드네요. 주문후 다음날 받았어요. 용량은 작지만 아무래도 여름이라 팔뚝이랑 다리쪽에 바르려면 스틱이 편할것 같아서 구매했네요. 끈적이지않고 바로 흡수되는게 좋네요.,흡수력,끈적이지않고,1,[속성] 흡수력 [문장] 끈적이지않고,0,흡수력,unchanged
validation,train,[속성] 보습력/수분감 [문장] 당김 없이,589449,쇼핑몰,스킨케어,OO 딥 클린 클렌저 175g 1개,좁쌀여드름이 나고 유분이 많은 티존과 넓은 모공과 블렉헤드가 고민인 지복합성 피부에요. 이 제품은 제형이 쫀쫀하고 밀도가 높은 거품 제형으로 세정을 해서 헹굼으로 피부가 뽀득해지고 미끌거림이 없는 말끔한 세정력이 돋보입니다. OO 제형이 세안 후 당김과 자극을 주는데 이 제품은 자극 없고 당김 없이 세정되어 좋습니다. 말끔히 유분과 피지를 씻어낼 수 있어서 만족스럽습니다.,보습력/수분감,당김 없이,1,[속성] 보습력/수분감 [문장] 당김 없이,0,보습력/수분감,unchanged
validation,train,[속성] 편의성/활용성 [문장] 사용하기 정말 편합니다.,598360,쇼핑몰,스킨케어,OO 카** 선스틱 22g 1개,찐득이지 않고 사용하기 정말 편합니다. 순해서 아이 얼굴에도 잘 바르고 있네요 물에도 쉽게 지워지지 않아요 강추합니다 샘플은 적어 아쉬워요,편의성/활용성,사용하기 정말 편합니다.,1,[속성] 편의성/활용성 [문장] 사용하기 정말 편합니다.,0,편의성/활용성,unchanged
validation,train,[속성] 흡수력 [문장] 백탁 없고,600266,쇼핑몰,스킨케어,OO 밀** 상백 크림 50ml 1개,"좋은 제품이라 주위에 선물도 하고 있어요. 만족해요. 백탁 없고 성분 좋고 발림성 좋고 눈시림도 없이 편안해요. 봄부터 여름, 초가을까지 잘 사용합니다. 사용해본 제품 중에 제일 좋아요.",흡수력,백탁 없고,1,[속성] 흡수력 [문장] 백탁 없고,0,흡수력,unchanged
validation,train,[속성] 성분 [문장] 성분 좋고,600266,쇼핑몰,스킨케어,OO 밀** 상백 크림 50ml 1개,"좋은 제품이라 주위에 선물도 하고 있어요. 만족해요. 백탁 없고 성분 좋고 발림성 좋고 눈시림도 없이 편안해요. 봄부터 여름, 초가을까지 잘 사용합니다. 사용해본 제품 중에 제일 좋아요.",성분,성분 좋고,1,[속성] 성분 [문장] 성분 좋고,0,성분,unchanged
validation,train,[속성] 기능/효과 [문장] 세정력도 좋네요.,582620,쇼핑몰,스킨케어,OO 마** 퓨어 클렌징오일 200ml 1개,클렌징오일로 유명하길래 사봤어요. 건성인 저한텐 클렌징워터보다 클렌징오일이 더 좋다고해서 사용해보니 세안 후 당김도 적고 세정력도 좋네요. 세일해서 사서 좋아요. 오일 잘못쓰면 트러블 올라오고 할텐데 그런거 없이 무난하게 사용하기 좋은거 같습니다.,기능/효과,세정력도 좋네요.,1,[속성] 기능/효과 [문장] 세정력도 좋네요.,0,기능/효과,unchanged
validation,train,[속성] 발림성 [문장] 밀리지 않고,599986,쇼핑몰,스킨케어,OO 자** 선크림 50ml 1개,인생 선크림 될정도로 촉촉하고 밀리지 않고 백탁이 없습니다. 괜히 일등하는게 아닌거 같네요. 용량만 더 크면 완벽합니다.,발림성,밀리지 않고,1,[속성] 발림성 [문장] 밀리지 않고,0,발림성,unchanged
validation,train,[속성] 가격 [문장] 가격대비 괜찮아요.,592510,쇼핑몰,스킨케어,OO 시** 클렌징폼 120g 1개,몇번 문지르지 않아도 거품이 금방 생겨서 빨리 세안할 수 있어 좋습니다. 많이 건조하지 않고 가격대비 괜찮아요. 근데 샘플이 없네요.,가격,가격대비 괜찮아요.,1,[속성] 가격 [문장] 가격대비 괜찮아요.,0,가격,unchanged
validation,train,[속성] 가격 [문장] 저렴한 가격과,599504,쇼핑몰,스킨케어,OO 멀티 선크림 70ml 1개,"가격대비 성능은 좋은 편이에요. 유통기한도 넉넉한 편이에요. 하지만 제품에 유분기가 적고 수분이 평균 이상으로 들어있어서, 건성인 피부에는 잘 맞지 않습니다. 향기도 오래 지속되지 않아요. 제품 품질 면에서 만족스럽지 않습니다. 저렴한 가격과 실용적인 측면에서 좋아요. .",가격,저렴한 가격과,1,[속성] 가격 [문장] 저렴한 가격과,0,가격,unchanged
validation,train,"[속성] 흡수력 [문장] 미끌거리지 않고,",595852,쇼핑몰,스킨케어,OO 브라이트닝 업 선 플러스 50ml 1개,"3년째 이 제품만 사용하고 있습니다. 가격에 비해 용량이 적은 것 같아요. 지성인데 미끌거리지 않고, 화장을 안해도 톤업기능이 있어 선호합니다.",흡수력,"미끌거리지 않고,",1,"[속성] 흡수력 [문장] 미끌거리지 않고,",0,흡수력,unchanged
validation,train,[속성] 흡수력 [문장] 기름지지 않고,598738,쇼핑몰,스킨케어,OO 멀티 선크림 70ml 1개,눈도 시리지않고 백탁도 없어요 기름지지 않고 촉촉하네요 가격도 저렴하고 좋아요 향은 별로네요,흡수력,기름지지 않고,1,[속성] 흡수력 [문장] 기름지지 않고,0,흡수력,unchanged
validation,train,[속성] 보습력/수분감 [문장] 촉촉하네요,598738,쇼핑몰,스킨케어,OO 멀티 선크림 70ml 1개,눈도 시리지않고 백탁도 없어요 기름지지 않고 촉촉하네요 가격도 저렴하고 좋아요 향은 별로네요,보습력/수분감,촉촉하네요,1,[속성] 보습력/수분감 [문장] 촉촉하네요,0,보습력/수분감,unchanged
validation,train,[속성] 흡수력 [문장] 백탁 현상 없고,593085,쇼핑몰,스킨케어,OO 그** 선 플러스 50ml 1개,이 제품만 사용하는데 백탁 현상 없고 눈이 맵지가 않아서 좋습니다. 단점은 외출 1시간 전부터 발라야 효과가 있다고 해서 효과가 있는지 모르겠습니다.,흡수력,백탁 현상 없고,1,[속성] 흡수력 [문장] 백탁 현상 없고,0,흡수력,unchanged
validation,train,[속성] 용량/개수 [문장] 용량도 좋고,587172,쇼핑몰,스킨케어,OO 멘** 포밍워시 200ml 2개,여드름 때문에 구매했습니다. 용량도 좋고 거품 풍성하고 제형이 얼굴에 닿는 느낌이 너무 좋습니다. 여름이라 피지분비가 많은데 이거 쓰고나서 얼굴이 맑아 보여요. 1+1 구성으로 사서 양이 많아 오래 쓸 수 있어 좋습니다. 향도 너무 상쾌하고 괜찮습니다.,용량/개수,용량도 좋고,1,[속성] 용량/개수 [문장] 용량도 좋고,0,용량,merged_duplicate_label
validation,train,[속성] 기능/효과 [문장] 거품 풍성하고,587172,쇼핑몰,스킨케어,OO 멘** 포밍워시 200ml 2개,여드름 때문에 구매했습니다. 용량도 좋고 거품 풍성하고 제형이 얼굴에 닿는 느낌이 너무 좋습니다. 여름이라 피지분비가 많은데 이거 쓰고나서 얼굴이 맑아 보여요. 1+1 구성으로 사서 양이 많아 오래 쓸 수 있어 좋습니다. 향도 너무 상쾌하고 괜찮습니다.,기능/효과,거품 풍성하고,1,[속성] 기능/효과 [문장] 거품 풍성하고,0,기능/효과,unchanged
validation,train,[속성] 가격 [문장] 저렴하게 구입했습니다.,593152,쇼핑몰,스킨케어,OO 그** 선 플러스 50ml 1개,오래 전부터 꾸준히 써오던 제품을 저렴하게 구입했습니다. 제품 상세 페이지에 명시되어 있는 것처럼 유통기한은 길지도 짧지도 않은 1년 남았습니다. 매일 바르면 어느 정도 쓸 듯합니다. 잘 사용할게요.,가격,저렴하게 구입했습니다.,1,[속성] 가격 [문장] 저렴하게 구입했습니다.,0,가격,unchanged
validation,train,[속성] 기능/효과 [문장] 자외선 차단 효과는 아직 잘 모르겠어요.,594464,쇼핑몰,스킨케어,OO 카** 더블쉴드 선스틱 22g 1개,"예전에는 파란색으로 되어있는 선 스틱을 썼었는데, 문의해 보니 초록색은 홈쇼핑에서 판매하던 제품인가 봅니다. 성능이나 발림이나 그다지 차이가 없을 것 같아서 이번엔 초록색 제품으로 구입해 봤습니다. 선스틱은 밖에서도 편하게 바를 수 있어 좋습니다. 뜨거운 햇빛에 피부 보호해야 되는데 자외선 차단 효과는 아직 잘 모르겠어요.",기능/효과,자외선 차단 효과는 아직 잘 모르겠어요.,0,[속성] 기능/효과 [문장] 자외선 차단 효과는 아직 잘 모르겠어요.,2,기능/효과,unchanged
validation,train,[속성] 지속력/유지력 [문장] 오래가서 좋습니다.,597638,쇼핑몰,스킨케어,OO 카** 선스틱 22g 1개,투명했는데 흰색으로 바뀌었는데도 괜찮네요. 양이 작아 아쉽지만 땀에 묻어나지 않고 보습력이 오래가서 좋습니다. 유통기한이 2025년까지라 넉넉하고 빠른 배송 감사해요.,지속력/유지력,오래가서 좋습니다.,1,[속성] 지속력/유지력 [문장] 오래가서 좋습니다.,0,지속력,merged_duplicate_label
validation,train,[속성] 자극성 [문장] 자극 없습니다.,587275,쇼핑몰,스킨케어,OO 멘** 포밍워시 200ml 2개,여드름 나는 아이 위해 구입했습니다. 제가 사용해보니 순하고 자극 없습니다. 향도 은은하네요. 효과는 더 사용해 봐야 알 수 있을 것 같습니다.,자극성,자극 없습니다.,1,[속성] 자극성 [문장] 자극 없습니다.,0,자극성,unchanged
validation,train,[속성] 사용감 [문장] 사용감도 부드럽고,589460,쇼핑몰,스킨케어,OO 딥 클린 클렌저 175g 1개,폼클렌징의 뻑뻑함은 감수하는 편인데 이 제품은 제형이 가볍고 뻑뻑하지 않습니다. 눈 화장도 아이리무버 사용 안하고 써 봤는데 세정력이 좋고 순합니다. 부드럽게 거품이 잘 나서 화장이 잘 지워지고 사용감도 부드럽고 건조해지지 않아서 좋습니다. 폼클렌징이라 세안 후 개운함이 있어 사용감이 좋습니다. 씻고 기초제품을 바르지 않아도 피부가 당기지 않아 좋습니다.,사용감,사용감도 부드럽고,1,[속성] 사용감 [문장] 사용감도 부드럽고,0,사용감,unchanged
validation,train,[속성] 보습력/수분감 [문장] 피부가 당기지 않아 좋습니다.,589460,쇼핑몰,스킨케어,OO 딥 클린 클렌저 175g 1개,폼클렌징의 뻑뻑함은 감수하는 편인데 이 제품은 제형이 가볍고 뻑뻑하지 않습니다. 눈 화장도 아이리무버 사용 안하고 써 봤는데 세정력이 좋고 순합니다. 부드럽게 거품이 잘 나서 화장이 잘 지워지고 사용감도 부드럽고 건조해지지 않아서 좋습니다. 폼클렌징이라 세안 후 개운함이 있어 사용감이 좋습니다. 씻고 기초제품을 바르지 않아도 피부가 당기지 않아 좋습니다.,보습력/수분감,피부가 당기지 않아 좋습니다.,1,[속성] 보습력/수분감 [문장] 피부가 당기지 않아 좋습니다.,0,보습력/수분감,unchanged
validation,train,[속성] 흡수력 [문장] 번들거리지만,598416,쇼핑몰,스킨케어,OO 카** 선스틱 22g 1개,사용기한은 2022년 5월 27일까지입니다. OOO 번들거리지만 끈적임은 없네요. 팔에 바르니까 살짝 허옇게 되서 잘못 보면 조금 각질 뜬것 같아요. 피부 톤 보정되지만 메이크업 베이스 대용할 정도는 아닙니다.,흡수력,번들거리지만,-1,[속성] 흡수력 [문장] 번들거리지만,1,흡수력,unchanged
validation,train,[속성] 흡수력 [문장] 끈적임은 없네요.,598416,쇼핑몰,스킨케어,OO 카** 선스틱 22g 1개,사용기한은 2022년 5월 27일까지입니다. OOO 번들거리지만 끈적임은 없네요. 팔에 바르니까 살짝 허옇게 되서 잘못 보면 조금 각질 뜬것 같아요. 피부 톤 보정되지만 메이크업 베이스 대용할 정도는 아닙니다.,흡수력,끈적임은 없네요.,1,[속성] 흡수력 [문장] 끈적임은 없네요.,0,흡수력,unchanged
validation,train,[속성] 발림성 [문장] 발림성은 좋아요,593382,쇼핑몰,스킨케어,OO 그** 선 플러스 50ml 1개,발림성은 좋아요 기미에 무기 자외선 차단제가 좋다고 해서 구입했네요 발라보니 효과가 좋습니다 적극추천해요.,발림성,발림성은 좋아요,1,[속성] 발림성 [문장] 발림성은 좋아요,0,발림성,unchanged
validation,train,[속성] 기능/효과 [문장] 효과가 좋습니다,593382,쇼핑몰,스킨케어,OO 그** 선 플러스 50ml 1개,발림성은 좋아요 기미에 무기 자외선 차단제가 좋다고 해서 구입했네요 발라보니 효과가 좋습니다 적극추천해요.,기능/효과,효과가 좋습니다,1,[속성] 기능/효과 [문장] 효과가 좋습니다,0,기능/효과,unchanged
validation,train,[속성] 흡수력 [문장] 끈적임 없어서 좋습니다.,593296,쇼핑몰,스킨케어,OO 그** 선 플러스 50ml 1개,백탁현상 없습니다. 약간의 톤업 되는 느낌도 없어서 아쉽지만 몸에 발랐을 때 끈적임 없어서 좋습니다. 가격대비 용량이 적네요.,흡수력,끈적임 없어서 좋습니다.,1,[속성] 흡수력 [문장] 끈적임 없어서 좋습니다.,0,흡수력,unchanged
validation,train,"[속성] 제형 [문장] 제형이 부드럽고,",582802,쇼핑몰,스킨케어,OO 마** 퓨어 클렌징오일 200ml 1개,"친구가 추천해줘서 샀는데 완전 만족스럽습니다. 타 클렌징 오일들보단 조금 가격을 더 줘야 하지만 잘 샀어요. 원래 쓰던 제품 잘 안 바꾸는 성격인데 오일은 이걸로 바꾸기로 했어요. 제형이 부드럽고, 순하고, 약간 건조한 제 피부에도 잘 맞습니다.",제형,"제형이 부드럽고,",1,"[속성] 제형 [문장] 제형이 부드럽고,",0,제형,unchanged
validation,train,"[속성] 자극성 [문장] 순하고,",582802,쇼핑몰,스킨케어,OO 마** 퓨어 클렌징오일 200ml 1개,"친구가 추천해줘서 샀는데 완전 만족스럽습니다. 타 클렌징 오일들보단 조금 가격을 더 줘야 하지만 잘 샀어요. 원래 쓰던 제품 잘 안 바꾸는 성격인데 오일은 이걸로 바꾸기로 했어요. 제형이 부드럽고, 순하고, 약간 건조한 제 피부에도 잘 맞습니다.",자극성,"순하고,",1,"[속성] 자극성 [문장] 순하고,",0,자극성,unchanged
validation,train,[속성] 자극성 [문장] 자극적이지 않아,591786,쇼핑몰,스킨케어,OO 클렌징 폼 150ml 1개,제형은 쫀쫀하며 작은 알갱이가 있는데 세안하면 자극적이지 않아 신기했습니다. 민감해서 자극적인 스크럽 제품은 못쓰는데 이 제품은 자극적이지 않아서 좋았습니다 . 따로 각질 관리 안해도 각질이 사라졌습니다. 청량한 향이 시원하면서 개운합니다. OOO 제품은 좋은 재료로 만들어서 믿고 쓰는 제품이라 좋아요. 하지만 이 제품은 개봉하면 유통기한은 6개월이라 짧게 느껴지네요. 여름에 사용하기 좋은 제품이라 추천합니다.,자극성,자극적이지 않아,1,[속성] 자극성 [문장] 자극적이지 않아,0,자극성,unchanged
validation,train,[속성] 흡수력 [문장] 끈적임이 있어서,598297,쇼핑몰,스킨케어,OO 카** 선스틱 22g 1개,전부터 써보고 싶었던 제품이라 구입했어요. 끈적임이 적다는 평을 보고 구입했는데 끈적임이 있어서 제 피부에는 안 맞네요. 끈적거려서 얼굴에 머리카락이 잘 달라 붙어요.,흡수력,끈적임이 있어서,-1,[속성] 흡수력 [문장] 끈적임이 있어서,1,흡수력,unchanged
validation,train,[속성] 보습력/수분감 [문장] 보습력도 괜찮은 편이고,599634,쇼핑몰,스킨케어,OO 더** 스킨 선로션 200ml 1개,OOO 선로션은 보습력도 괜찮은 편이고 피부에 잘 흡수되어서 괜찮은 제품입니다. 그런데 할인행사할때 사서 그런지 유통기한이 좀 짧기도 하고 보관을 잘 못해서 그런지 제품의 품질이 빨리 변하는 것 같습니다.,보습력/수분감,보습력도 괜찮은 편이고,1,[속성] 보습력/수분감 [문장] 보습력도 괜찮은 편이고,0,보습력/수분감,unchanged
validation,train,[속성] 자극성 [문장] 자극적이지 않아 좋습니다.,587329,쇼핑몰,스킨케어,OO 멘** 포밍워시 200ml 2개,여드름이 생기기 시작한 아들을 위해 샀어요. 사춘기 피지선이 왕성한 아이들의 여드름개선에 좋은것 같습니다. 메이크업하지 않은 날에는 이걸로 세안하는데요. 피부가 촉촉하고 자극적이지 않아 좋습니다.,자극성,자극적이지 않아 좋습니다.,1,[속성] 자극성 [문장] 자극적이지 않아 좋습니다.,0,자극성,unchanged
validation,train,[속성] 자극성 [문장] 자극이 없어서,586681,쇼핑몰,스킨케어,OO 멘** 포밍워시 200ml 2개,다른 폼클렌징 쓰면 여드름이 생기고 피부가 예민해지는데 이 폼클렌징은 향은 별로지만 자극이 없어서 계속 쓰고 있습니다.,자극성,자극이 없어서,1,[속성] 자극성 [문장] 자극이 없어서,0,자극성,unchanged
validation,train,[속성] 흡수력 [문장] 끈적임 있네요.,596880,쇼핑몰,스킨케어,OO 센** 선스틱 22g 1개,먼저 소량만 구매해서 써보고자 구매했어요. 홈쇼핑에서는 끈적임이 없다고 했는데 아닌 것 같아요. 번들거리진 않지만 끈적임 있네요. 그리고 문지르다보면 조금씩 스틱제형이 무너져 얼굴에 덩어리가 붙어서 별로네요. 기대를 너무 많이 했나봅니다.,흡수력,끈적임 있네요.,-1,[속성] 흡수력 [문장] 끈적임 있네요.,1,흡수력,unchanged
validation,train,[속성] 흡수력 [문장] 들뜸이 없습니다.,600062,쇼핑몰,스킨케어,OO 자** 선크림 50ml 1개,발림성 부드럽습니다. 백탁현상은 적어요. 민감한 편인데 최근에 써 본 것 중 자극이 없어서 제일 낫네요. OOO 썬크림보다 유분기 적어요. 그리고 OO 썬크림보다 백탁현상 및 들뜸이 없습니다. 개인적으로 만족합니다.,흡수력,들뜸이 없습니다.,1,[속성] 흡수력 [문장] 들뜸이 없습니다.,0,흡수력,unchanged
validation,train,"[속성] 흡수력 [문장] 끈적이지 않아서 좋고,",599166,쇼핑몰,스킨케어,OO 멀티 선크림 70ml 1개,"작년에 이어 재구매 합니다. 끈적이지 않아서 좋고, 가성비도 좋아요. 좋아하는 향은 아니지만, 성능은 괜찮은 편입니다. 국산이라 믿고 사용합니다.",흡수력,"끈적이지 않아서 좋고,",1,"[속성] 흡수력 [문장] 끈적이지 않아서 좋고,",0,흡수력,unchanged
validation,train,[속성] 가격 [문장] 가성비도 좋아요.,599166,쇼핑몰,스킨케어,OO 멀티 선크림 70ml 1개,"작년에 이어 재구매 합니다. 끈적이지 않아서 좋고, 가성비도 좋아요. 좋아하는 향은 아니지만, 성능은 괜찮은 편입니다. 국산이라 믿고 사용합니다.",가격,가성비도 좋아요.,1,[속성] 가격 [문장] 가성비도 좋아요.,0,가격,unchanged
validation,train,[속성] 가격 [문장] 가격이 저렴해서 좋아요,599790,쇼핑몰,스킨케어,OO 더** 스킨 선로션 200ml 1개,ㅇㅇㅇ가 무난하면서 쓰기도 편하고 우선 가격이 저렴해서 좋아요 역시 ㅇㅇㅇ가 품질이 최고입니다. 추천 합니다.,가격,가격이 저렴해서 좋아요,1,[속성] 가격 [문장] 가격이 저렴해서 좋아요,0,가격,unchanged
validation,train,[속성] 향 [문장] 무향이고,593833,쇼핑몰,스킨케어,OO 그** 선 플러스 50ml 1개,무향이고 무기자차 성분이라서 항상 쓰는 제품입니다. 발림도 좋고 성분도 순해서 가족들과 항상 같이 쓰고 있어요. 양은 적지만 가격이 착해서 좋습니다.,향,무향이고,1,[속성] 향 [문장] 무향이고,0,향,unchanged
validation,train,[속성] 성분 [문장] 성분도 순해서,593833,쇼핑몰,스킨케어,OO 그** 선 플러스 50ml 1개,무향이고 무기자차 성분이라서 항상 쓰는 제품입니다. 발림도 좋고 성분도 순해서 가족들과 항상 같이 쓰고 있어요. 양은 적지만 가격이 착해서 좋습니다.,성분,성분도 순해서,1,[속성] 성분 [문장] 성분도 순해서,0,성분,unchanged
validation,train,[속성] 용량/개수 [문장] 양은 적지만,593833,쇼핑몰,스킨케어,OO 그** 선 플러스 50ml 1개,무향이고 무기자차 성분이라서 항상 쓰는 제품입니다. 발림도 좋고 성분도 순해서 가족들과 항상 같이 쓰고 있어요. 양은 적지만 가격이 착해서 좋습니다.,용량/개수,양은 적지만,-1,[속성] 용량/개수 [문장] 양은 적지만,1,용량,merged_duplicate_label
validation,train,[속성] 가격 [문장] 가격이 착해서 좋습니다.,593833,쇼핑몰,스킨케어,OO 그** 선 플러스 50ml 1개,무향이고 무기자차 성분이라서 항상 쓰는 제품입니다. 발림도 좋고 성분도 순해서 가족들과 항상 같이 쓰고 있어요. 양은 적지만 가격이 착해서 좋습니다.,가격,가격이 착해서 좋습니다.,1,[속성] 가격 [문장] 가격이 착해서 좋습니다.,0,가격,unchanged
validation,train,[속성] 보습력/수분감 [문장] 촉촉하고 좋아요.,593731,쇼핑몰,스킨케어,OO 그** 선 플러스 50ml 1개,좋아요 좋은상품이라 재구매하고 싶습니다. 촉촉하고 좋아요. 보습효과 좋고 가격도 착하게 구매잘했습니다. 좋은상품 행사 또 했으면 좋겠네요.,보습력/수분감,촉촉하고 좋아요.,1,[속성] 보습력/수분감 [문장] 촉촉하고 좋아요.,0,보습력/수분감,unchanged
validation,train,[속성] 윤기/피부(톤) [문장] 톤업이 되어서 좋습니다.,595911,쇼핑몰,스킨케어,OO 브라이트닝 업 선 플러스 50ml 1개,이 제품만 발라도 톤업이 되어서 좋습니다. 발림성 좋으면서도 유분기가 심하지 않아 좋습니다. 자외선 차단 효과도 기대해 봅니다.,윤기/피부(톤),톤업이 되어서 좋습니다.,1,[속성] 윤기/피부(톤) [문장] 톤업이 되어서 좋습니다.,0,윤기/피부(톤),unchanged
validation,train,[속성] 자극성 [문장] 순하면서,587837,쇼핑몰,스킨케어,OO 시** 오일 280ml 1개,산지 며칠 안됐는데 양이 작아 용량 줄은게 눈에 띄게 보여요.복합성 피부인데 각질도 잡아주고 기름도 다 잡아줘서 아침 저녁으로 사용중입니다. 세정력은 사용후 일차 세안 했을때 코주변이 약간 하얀게 보여서 깨끗하게 되진 않을 듯 해요. 인조 속눈썹 붙여서 눈가는 안해봤어요. 용량을 늘려서 사용해야하는건지 모르겠지만 두번 펌핑해서 썼습니다. 눈.립스틱 리무버보다 순하면서 기름기가 덜 느껴져요. 저한테는 맞는 것 같아요. 단지 가격대가 좀 있어요.,자극성,순하면서,1,[속성] 자극성 [문장] 순하면서,0,자극성,unchanged
validation,train,[속성] 가격 [문장] 가격이 아쉽지만,587164,쇼핑몰,스킨케어,OO 멘** 포밍워시 200ml 2개,다 좋은데 거품제형이라 한통에 양이 적은게 오래 못 쓴다는 의미는 비싸다는 말이네요. 가격이 아쉽지만 품질은 좋습니다. 여러번 재구매했는데 이젠 세일할때 기다렸다가 구매하려고요.,가격,가격이 아쉽지만,-1,[속성] 가격 [문장] 가격이 아쉽지만,1,가격,unchanged
validation,train,[속성] 품질 [문장] 품질은 좋습니다.,587164,쇼핑몰,스킨케어,OO 멘** 포밍워시 200ml 2개,다 좋은데 거품제형이라 한통에 양이 적은게 오래 못 쓴다는 의미는 비싸다는 말이네요. 가격이 아쉽지만 품질은 좋습니다. 여러번 재구매했는데 이젠 세일할때 기다렸다가 구매하려고요.,품질,품질은 좋습니다.,1,[속성] 품질 [문장] 품질은 좋습니다.,0,품질,unchanged
validation,train,[속성] 유통기한 [문장] 유통기한이 짧습니다.,593684,쇼핑몰,스킨케어,OO 그** 선 플러스 50ml 1개,유통기한이 짧습니다. 작년 21년도에 산 것도 24년 5월까지예요. 그런데 이번에 온건 유통기한이 23년 6월까지라서 별로입니다. 보통 유통기한 최소 2년 이상 남는데 짧아서 별로네요. 일부러 2개 샀는데 1통으로 1년 가까이 쓰는데 유통기한이 짧아서 다 못 쓸 거 같아요. 재고 처분 받은 거 같아 기분 나쁩니다. 비추천입니다.,유통기한,유통기한이 짧습니다.,-1,[속성] 유통기한 [문장] 유통기한이 짧습니다.,1,유통기한,unchanged
validation,train,[속성] 흡수력 [문장] 끈적이지 않아요.,599644,쇼핑몰,스킨케어,OO 더** 스킨 선로션 200ml 1개,"피부에 바르기 좋고, 끈적이지 않아요. 화장 전 전체적으로 발라주어 자외선 방지 효과를 기대해 봅니다. 백탁현상은 조금 남아요.",흡수력,끈적이지 않아요.,1,[속성] 흡수력 [문장] 끈적이지 않아요.,0,흡수력,unchanged
validation,train,[속성] 발림성 [문장] 발림성이 좋아,594564,쇼핑몰,스킨케어,OO 카** 더블쉴드 선스틱 22g 1개,여름에 없어선 안 될 제품이에요. 발림성이 좋아 매우 편리하고 바른곳과 안바른곳이 자외선 손상 차이가 확실히 나요. 가격대비 효과가 좋습니다.,발림성,발림성이 좋아,1,[속성] 발림성 [문장] 발림성이 좋아,0,발림성,unchanged
validation,train,[속성] 향 [문장] 무향이라 좋습니다.,589515,쇼핑몰,스킨케어,OO 딥 클린 클렌저 175g 1개,항상 트러블 피부로 고민했습니다. 이번 기회를 통해 폼클렌징을 고민할 상황은 없는 것 같습니다. 약산성 계열의 폼클렌징이라 유분기 조절에 도움이 됩니다. 세정력도 좋고 무향이라 좋습니다. 폼클렌징에서 이상한 향이 나면 향 때문에 못 쓰는 경우도 있기 때문입니다. 폼클렌징 자체의 발림성도 부드럽고 제형도 쫀쫀해서 앞으로 한동안 이 제품을 사용할 생각입니다.,향,무향이라 좋습니다.,1,[속성] 향 [문장] 무향이라 좋습니다.,0,향,unchanged
validation,train,[속성] 제형 [문장] 제형도 쫀쫀해서,589515,쇼핑몰,스킨케어,OO 딥 클린 클렌저 175g 1개,항상 트러블 피부로 고민했습니다. 이번 기회를 통해 폼클렌징을 고민할 상황은 없는 것 같습니다. 약산성 계열의 폼클렌징이라 유분기 조절에 도움이 됩니다. 세정력도 좋고 무향이라 좋습니다. 폼클렌징에서 이상한 향이 나면 향 때문에 못 쓰는 경우도 있기 때문입니다. 폼클렌징 자체의 발림성도 부드럽고 제형도 쫀쫀해서 앞으로 한동안 이 제품을 사용할 생각입니다.,제형,제형도 쫀쫀해서,1,[속성] 제형 [문장] 제형도 쫀쫀해서,0,제형,unchanged
validation,train,[속성] 가격 [문장] 가격도 착해서,586350,쇼핑몰,스킨케어,OO 해** 클렌징폼 200g 1개,피부가 뽀득해지고 세정력도 좋고 향도 순하고 좋아요. 가격도 착해서 온 가족 클렌징폼으로 사용하기 좋습니다. 용량만 더 커졌으면 좋겠네요.,가격,가격도 착해서,1,[속성] 가격 [문장] 가격도 착해서,0,가격,unchanged
validation,train,[속성] 기능/효과 [문장] 클렌징 효과가 좋으면 좋겠습니다.,585530,쇼핑몰,스킨케어,OO 클** 클렌징젤 400ml 1개,다른 곳 보다 저렴하고 사용 기한도 넉넉해서 좋습니다. 작은 샘플 토너까지 신경 써주셔서 감사해요. 클렌징 효과가 좋으면 좋겠습니다.,기능/효과,클렌징 효과가 좋으면 좋겠습니다.,0,[속성] 기능/효과 [문장] 클렌징 효과가 좋으면 좋겠습니다.,2,기능/효과,unchanged
validation,train,[속성] 편의성/활용성 [문장] 휴대하기 간편해서 좋고,597689,쇼핑몰,스킨케어,OO 카** 선스틱 22g 1개,재고물량이 없어서 배송이 늦어졌어요. 유통기한 넉넉해요. 생각보다 용량이 작아서 금방 쓰겠어요. 하지만 휴대하기 간편해서 좋고 아이들이 가지고 다니며 쓰기에 편합니다.,편의성/활용성,휴대하기 간편해서 좋고,1,[속성] 편의성/활용성 [문장] 휴대하기 간편해서 좋고,0,편의성/활용성,unchanged
validation,train,[속성] 편의성/활용성 [문장] 편하네요.,591794,쇼핑몰,스킨케어,OO 클렌징 폼 150ml 1개,"녹두 색깔의 제품입니다. 클렌져는 세정력이 역대급인 듯합니다. 소량만 사용해도 깨끗하게 세안이 되네요. 오일로 세정한 것도 아니고 이 제품만으로 1차 세안했는데, 2차 세안이 필요없는 제품입니다. 그렇다고 세안 후 건조하지도 않고 정말 좋습니다. 밤에 피곤해서 힘들었는데, 체험 구성품도 와있어서 기뻤어요. 세안 한번에 클렌징이 끝나서 편하네요. 추천드려요.",편의성/활용성,편하네요.,1,[속성] 편의성/활용성 [문장] 편하네요.,0,편의성/활용성,unchanged
validation,train,"[속성] 향 [문장] 향은 아쉽지만,",587033,쇼핑몰,스킨케어,OO 멘** 포밍워시 200ml 2개,"여드름 피부에 사용하는 제품이라 구매했어요. 여드름이 많아서 걱정했는데, 제형이 부드럽고, 세안 후 건조하지도 않아서 좋다고 합니다. 가격은 좀 비싸고, 향은 아쉽지만, 여드름 피부에 추천합니다.",향,"향은 아쉽지만,",-1,"[속성] 향 [문장] 향은 아쉽지만,",1,향,unchanged
validation,train,[속성] 흡수력 [문장] 끈적임이 전혀 없고,598109,쇼핑몰,스킨케어,OO 카** 선스틱 22g 1개,뚜껑 열어 보니 향이 너무 좋았습니다. 발라보니 쓱쓱 잘 발려서 아주 좋았습니다. 끈적임이 전혀 없고 보송보송 해져서 아주 좋아요. 주변에서도 극찬하는 제품이에요. 여름철에 사용하는 제품으로 최고입니다.,흡수력,끈적임이 전혀 없고,1,[속성] 흡수력 [문장] 끈적임이 전혀 없고,0,흡수력,unchanged
validation,train,[속성] 발림성 [문장] 발림성도 괜찮아요.,596726,쇼핑몰,스킨케어,OO 브라이트닝 업 선 플러스 50ml 1개,피부톤이 밝아져서 좋아요. 발림성도 괜찮아요. 양도 적은 양이 아니라서 꽤 오래 쓸 수 있어요. 메이크업베이스 겸용으로도 쓸 수 있어요. 화장 전에 바르면 밀리지도 않고 잘 어우러져요.,발림성,발림성도 괜찮아요.,1,[속성] 발림성 [문장] 발림성도 괜찮아요.,0,발림성,unchanged
validation,train,[속성] 가격 [문장] 가격이 비싼 편이지만,582740,쇼핑몰,스킨케어,OO 마** 퓨어 클렌징오일 200ml 1개,클렌징폼 전 단계에 1차세안용으로 사용 중입니다. 가격이 비싼 편이지만 워낙 유명한 제품이라 구매해봤어요. 향은 제 취향이 아니지만 사용감은 일단 무난한 것 같아요. 유명한 이유가 있으려니 싶어서 효과가 어떤지 계속 사용해보려고 해요.,가격,가격이 비싼 편이지만,-1,[속성] 가격 [문장] 가격이 비싼 편이지만,1,가격,unchanged
validation,train,[속성] 향 [문장] 향은 제 취향이 아니지만,582740,쇼핑몰,스킨케어,OO 마** 퓨어 클렌징오일 200ml 1개,클렌징폼 전 단계에 1차세안용으로 사용 중입니다. 가격이 비싼 편이지만 워낙 유명한 제품이라 구매해봤어요. 향은 제 취향이 아니지만 사용감은 일단 무난한 것 같아요. 유명한 이유가 있으려니 싶어서 효과가 어떤지 계속 사용해보려고 해요.,향,향은 제 취향이 아니지만,-1,[속성] 향 [문장] 향은 제 취향이 아니지만,1,향,unchanged
validation,train,[속성] 기능/효과 [문장] 세정력도 좋아서,582813,쇼핑몰,스킨케어,OO 마** 퓨어 클렌징오일 200ml 1개,"만족하며 사용 중인 제품입니다. 유분기 제거에 효과적이에요. 순하고, 세정력도 좋아서 잘 쓰고 있습니다. 아이라이너까지는 안 지워지지만 그건 립앤아이리무버 쓰면 되니까요.",기능/효과,세정력도 좋아서,1,[속성] 기능/효과 [문장] 세정력도 좋아서,0,기능/효과,unchanged
validation,train,[속성] 기능/효과 [문장] 효과를 기대하며 사용합니다.,586949,쇼핑몰,스킨케어,OO 멘** 포밍워시 200ml 2개,여드름 피부에 좋다고 해서 효과를 기대하며 사용합니다. 세안 후 수분 보충에 신경을 쓰고 있습니다. 눈에 띄게 효과가 있는지는 모르겠으나 악화는 되지 않으니 효과가 있을 것이라 기대하며 사용합니다.,기능/효과,효과를 기대하며 사용합니다.,0,[속성] 기능/효과 [문장] 효과를 기대하며 사용합니다.,2,기능/효과,unchanged
validation,train,[속성] 발림성 [문장] 발림성이 좋네요.,596717,쇼핑몰,스킨케어,OO 브라이트닝 업 선 플러스 50ml 1개,전에 써보고 좋다고 생각했던 제품입니다. 누드톤을 선택해서 바르고 있는데 백탁현상도 없고 발림성이 좋네요. 제형이 약간 묽은편이라 그런거 같습니다. 향도 진하지않고 부담없는 가격에 잘 사용하게 될 것 같습니다.,발림성,발림성이 좋네요.,1,[속성] 발림성 [문장] 발림성이 좋네요.,0,발림성,unchanged
validation,train,[속성] 향 [문장] 향도 진하지않고,596717,쇼핑몰,스킨케어,OO 브라이트닝 업 선 플러스 50ml 1개,전에 써보고 좋다고 생각했던 제품입니다. 누드톤을 선택해서 바르고 있는데 백탁현상도 없고 발림성이 좋네요. 제형이 약간 묽은편이라 그런거 같습니다. 향도 진하지않고 부담없는 가격에 잘 사용하게 될 것 같습니다.,향,향도 진하지않고,1,[속성] 향 [문장] 향도 진하지않고,0,향,unchanged
validation,train,[속성] 자극성 [문장] 정말 순하고,586418,쇼핑몰,스킨케어,OO 해** 클렌징폼 200g 1개,모공 트러블 때문에 스트레스 받고 있어서 구매했어요 엄청난 개선 효과는 모르겠지만 일단 정말 순하고 맘에 들어요 꾸준히 사용하면 좋은 효과 볼 수 있기를 바래봅니다,자극성,정말 순하고,1,[속성] 자극성 [문장] 정말 순하고,0,자극성,unchanged
validation,train,[속성] 용량/개수 [문장] 양이 작아 아쉽네요.,594055,쇼핑몰,스킨케어,OO 카** 더블쉴드 선스틱 22g 1개,한 번 사용 후 좋아서 재구입했지만 양이 작아 아쉽네요. 땀이 나도 끈적이지 않고 바를 때 뭉침도 적어서 자주 바르기 좋아요.,용량/개수,양이 작아 아쉽네요.,-1,[속성] 용량/개수 [문장] 양이 작아 아쉽네요.,1,용량,merged_duplicate_label
validation,train,[속성] 사용감 [문장] 사용감이 산뜻해서,589523,쇼핑몰,스킨케어,OO 딥 클린 클렌저 175g 1개,아이들과도 같이 쓸 수 있는 세안제 입니다. 여드름 전용 세안제로 쓰게 해보니 선크림도 잘 지워지고 얼굴에 올라오는 기름도 덜 해진 것 같습니다. 사용감이 산뜻해서 개운하고 건조하지 않아 촉촉함만 남습니다. 전에는 얼굴이 심하게 당겼는데 사용해보니 수분감이 좋습니다. 깨끗하게 모공까지 관리 되는 것 같아서 좋습니다.,사용감,사용감이 산뜻해서,1,[속성] 사용감 [문장] 사용감이 산뜻해서,0,사용감,unchanged
validation,train,[속성] 보습력/수분감 [문장] 건조하지 않아,589523,쇼핑몰,스킨케어,OO 딥 클린 클렌저 175g 1개,아이들과도 같이 쓸 수 있는 세안제 입니다. 여드름 전용 세안제로 쓰게 해보니 선크림도 잘 지워지고 얼굴에 올라오는 기름도 덜 해진 것 같습니다. 사용감이 산뜻해서 개운하고 건조하지 않아 촉촉함만 남습니다. 전에는 얼굴이 심하게 당겼는데 사용해보니 수분감이 좋습니다. 깨끗하게 모공까지 관리 되는 것 같아서 좋습니다.,보습력/수분감,건조하지 않아,1,[속성] 보습력/수분감 [문장] 건조하지 않아,0,보습력/수분감,unchanged
validation,train,[속성] 보습력/수분감 [문장] 수분감이 좋습니다.,589523,쇼핑몰,스킨케어,OO 딥 클린 클렌저 175g 1개,아이들과도 같이 쓸 수 있는 세안제 입니다. 여드름 전용 세안제로 쓰게 해보니 선크림도 잘 지워지고 얼굴에 올라오는 기름도 덜 해진 것 같습니다. 사용감이 산뜻해서 개운하고 건조하지 않아 촉촉함만 남습니다. 전에는 얼굴이 심하게 당겼는데 사용해보니 수분감이 좋습니다. 깨끗하게 모공까지 관리 되는 것 같아서 좋습니다.,보습력/수분감,수분감이 좋습니다.,1,[속성] 보습력/수분감 [문장] 수분감이 좋습니다.,0,보습력/수분감,unchanged
validation,train,[속성] 발림성 [문장] 부드럽게 발려,586467,쇼핑몰,스킨케어,OO 해** 클렌징폼 200g 1개,아침저녁 세안으로 사용해 보니 거품이 풍성하고 부드럽게 발려 메이크업이 지워지고 피부에 자극도 없어 좋습니다. 촉촉하니까 따로 수분 보충 스킨 케어 안해도 되어서 좋습니다. 자주 써서 피부 좋아지는 효과 기대해보겠습니다.,발림성,부드럽게 발려,1,[속성] 발림성 [문장] 부드럽게 발려,0,발림성,unchanged
validation,train,[속성] 가격 [문장] 싸게 샀습니다.,595914,쇼핑몰,스킨케어,OO 브라이트닝 업 선 플러스 50ml 1개,민감한 피부 때문에 선크림을 바르면 붉어져 여러 제품을 써봤는데 대부분 트러블이 많이 생겼어요. 그런데 이 제품은 피부에 트러블이 안 나타나서 좋아요. OO쇼핑에서 싸게 샀습니다. 샘플이 없어서 아쉽지만요.,가격,싸게 샀습니다.,1,[속성] 가격 [문장] 싸게 샀습니다.,0,가격,unchanged
validation,train,[속성] 제품구성 [문장] 샘플이 없어서 아쉽지만요.,595914,쇼핑몰,스킨케어,OO 브라이트닝 업 선 플러스 50ml 1개,민감한 피부 때문에 선크림을 바르면 붉어져 여러 제품을 써봤는데 대부분 트러블이 많이 생겼어요. 그런데 이 제품은 피부에 트러블이 안 나타나서 좋아요. OO쇼핑에서 싸게 샀습니다. 샘플이 없어서 아쉽지만요.,제품구성,샘플이 없어서 아쉽지만요.,-1,[속성] 제품구성 [문장] 샘플이 없어서 아쉽지만요.,1,제품구성,unchanged
validation,train,[속성] 기능/효과 [문장] 효과가 좋아서 계속 사용하고 있습니다.,586662,쇼핑몰,스킨케어,OO 멘** 포밍워시 200ml 2개,사춘기 아이나 지성피부에 사용하면 좋을듯합니다. 여드름 피부라 처음 구입했을때는 그저 페이셜 클렌저이겠거니 했는데 효과가 좋아서 계속 사용하고 있습니다. 향은 별로지만 제형이 포밍 타입이라 세정 후 세척도 잘 되어 편하고 좋습니다.,기능/효과,효과가 좋아서 계속 사용하고 있습니다.,1,[속성] 기능/효과 [문장] 효과가 좋아서 계속 사용하고 있습니다.,0,기능/효과,unchanged
validation,train,[속성] 가격 [문장] 가격은 좀 비싸지만,594838,쇼핑몰,스킨케어,OO 카** 더블쉴드 선스틱 22g 1개,올 여름 대비해서 구매했어요 정말 좋아졌어요 디자인도 맘에 들구요 쿨링감도 있는게 용량도 많고 좋네요 가격은 좀 비싸지만 잘 쓸게요,가격,가격은 좀 비싸지만,-1,[속성] 가격 [문장] 가격은 좀 비싸지만,1,가격,unchanged
validation,train,[속성] 품질 [문장] 상품 품질이 좋네요.,596179,쇼핑몰,스킨케어,OO 브라이트닝 업 선 플러스 50ml 1개,상품 품질이 좋네요. 자외선 차단제로 구매했는데 발림성이 좋습니다. 오래 쓸 수 있으면 좋을텐데 유통기한이 짧네요. 효과 기대해보겠습니다.,품질,상품 품질이 좋네요.,1,[속성] 품질 [문장] 상품 품질이 좋네요.,0,품질,unchanged
validation,train,[속성] 기능/효과 [문장] 효과 기대해보겠습니다.,596179,쇼핑몰,스킨케어,OO 브라이트닝 업 선 플러스 50ml 1개,상품 품질이 좋네요. 자외선 차단제로 구매했는데 발림성이 좋습니다. 오래 쓸 수 있으면 좋을텐데 유통기한이 짧네요. 효과 기대해보겠습니다.,기능/효과,효과 기대해보겠습니다.,0,[속성] 기능/효과 [문장] 효과 기대해보겠습니다.,2,기능/효과,unchanged
validation,train,[속성] 흡수력 [문장] 백탁 현상도 없고,593826,쇼핑몰,스킨케어,OO 그** 선 플러스 50ml 1개,원래 쓰던 선크림이었는데 1+1 행사로 저렴하게 구입했습니다. 백탁 현상도 없고 눈시림이 없어서 화장할 때 순하고 좋습니다. 사계절 내내 바르기 좋습니다. 용량만 컸으면 더 좋았을텐데 아쉽네요.,흡수력,백탁 현상도 없고,1,[속성] 흡수력 [문장] 백탁 현상도 없고,0,흡수력,unchanged
validation,train,[속성] 자극성 [문장] 눈시림이 없어서,593826,쇼핑몰,스킨케어,OO 그** 선 플러스 50ml 1개,원래 쓰던 선크림이었는데 1+1 행사로 저렴하게 구입했습니다. 백탁 현상도 없고 눈시림이 없어서 화장할 때 순하고 좋습니다. 사계절 내내 바르기 좋습니다. 용량만 컸으면 더 좋았을텐데 아쉽네요.,자극성,눈시림이 없어서,1,[속성] 자극성 [문장] 눈시림이 없어서,0,자극성,unchanged
validation,train,[속성] 제형 [문장] 제형이 뻑뻑하지 않고,599550,쇼핑몰,스킨케어,OO 더** 스킨 선로션 200ml 1개,"세수한 후에 스킨 로션 먼저 바르고, 이어서 발라요. 좀 넉넉히 로션 바르는 것처럼 바릅니다 살짝 펴주듯 발라주면 되요. 제형이 뻑뻑하지 않고 부드럽게 펴지며 발라져요. 양이 많아서 오래 쓸거같아요. 대용량임에도 가격이 싸고 품질도 좋다고 생각해요. 피부가 민감하지 않으신 분은 부담없이 바르기에 너무 좋다고 생각해요.",제형,제형이 뻑뻑하지 않고,1,[속성] 제형 [문장] 제형이 뻑뻑하지 않고,0,제형,unchanged
validation,train,[속성] 흡수력 [문장] 기름지네요.,594499,쇼핑몰,스킨케어,OO 카** 더블쉴드 선스틱 22g 1개,스틱이라서 바르기가 간편합니다. 다 쓰면 또 구매하려구요. 근데 지성이라 그런지 번들거리고 기름지네요.,흡수력,기름지네요.,-1,[속성] 흡수력 [문장] 기름지네요.,1,흡수력,unchanged
validation,train,[속성] 자극성 [문장] 순해서 좋네요.,585067,쇼핑몰,스킨케어,OO 클** 클렌징젤 400ml 1개,"가벼운 거품이 만들어지는 젤 제형 타입이며, 향은 좀 강하지만 피부엔 촉촉하고 순해서 좋네요. 샤워도 이 제품으로 했더니 몸 여드름이 없어졌네요. 샤워하느라 더 많이 쓰게되어 아쉽지만 아낌없이 사용중이네요.",자극성,순해서 좋네요.,1,[속성] 자극성 [문장] 순해서 좋네요.,0,자극성,unchanged
validation,train,[속성] 가격 [문장] 가격대가 약간 있네요.,598456,쇼핑몰,스킨케어,OO 카** 선스틱 22g 1개,사용이 편리하고 효과 좋은 선블럭 이예요. 운동할 때 편리하게 사용하고 있습니다. 가격대가 약간 있네요.,가격,가격대가 약간 있네요.,-1,[속성] 가격 [문장] 가격대가 약간 있네요.,1,가격,unchanged
validation,train,[속성] 흡수력 [문장] 끈적임이 없어서 좋습니다.,594353,쇼핑몰,스킨케어,OO 카** 더블쉴드 선스틱 22g 1개,애용하는 제품입니다. 발림성도 좋고 바르기도 편리하고 끈적임이 없어서 좋습니다. 효과도 기대합니다.,흡수력,끈적임이 없어서 좋습니다.,1,[속성] 흡수력 [문장] 끈적임이 없어서 좋습니다.,0,흡수력,unchanged
validation,train,[속성] 기능/효과 [문장] 거품이 풍성해서,587252,쇼핑몰,스킨케어,OO 멘** 포밍워시 200ml 2개,거품이 풍성해서 사용감이 좋습니다. 여드름 때문에 잘 사용하고 있어요. 온가족이 함께 사용하기 좋아요. 건조하지 않아요. 세안시 부드럽게 잘 세정됩니다. 세안 후도 당김이 적습니다.,기능/효과,거품이 풍성해서,1,[속성] 기능/효과 [문장] 거품이 풍성해서,0,기능/효과,unchanged
validation,train,[속성] 편의성/활용성 [문장] 온가족이 함께 사용하기 좋아요.,587252,쇼핑몰,스킨케어,OO 멘** 포밍워시 200ml 2개,거품이 풍성해서 사용감이 좋습니다. 여드름 때문에 잘 사용하고 있어요. 온가족이 함께 사용하기 좋아요. 건조하지 않아요. 세안시 부드럽게 잘 세정됩니다. 세안 후도 당김이 적습니다.,편의성/활용성,온가족이 함께 사용하기 좋아요.,1,[속성] 편의성/활용성 [문장] 온가족이 함께 사용하기 좋아요.,0,편의성/활용성,unchanged
validation,train,[속성] 보습력/수분감 [문장] 건조하지 않아요.,587252,쇼핑몰,스킨케어,OO 멘** 포밍워시 200ml 2개,거품이 풍성해서 사용감이 좋습니다. 여드름 때문에 잘 사용하고 있어요. 온가족이 함께 사용하기 좋아요. 건조하지 않아요. 세안시 부드럽게 잘 세정됩니다. 세안 후도 당김이 적습니다.,보습력/수분감,건조하지 않아요.,1,[속성] 보습력/수분감 [문장] 건조하지 않아요.,0,보습력/수분감,unchanged
validation,train,[속성] 흡수력 [문장] 번들거리고,596758,쇼핑몰,스킨케어,OO 브라이트닝 업 선 플러스 50ml 1개,"가을,겨울,봄에 쓰기는 좋습니다. 여름에 쓰기에는 번들거리고 화장이 밀립니다. 적당히 톤업 되어서 좋네요.",흡수력,번들거리고,-1,[속성] 흡수력 [문장] 번들거리고,1,흡수력,unchanged
validation,train,[속성] 발림성 [문장] 화장이 밀립니다.,596758,쇼핑몰,스킨케어,OO 브라이트닝 업 선 플러스 50ml 1개,"가을,겨울,봄에 쓰기는 좋습니다. 여름에 쓰기에는 번들거리고 화장이 밀립니다. 적당히 톤업 되어서 좋네요.",발림성,화장이 밀립니다.,-1,[속성] 발림성 [문장] 화장이 밀립니다.,1,발림성,unchanged
validation,train,[속성] 기능/효과 [문장] 효과도 있었으면 좋겠습니다.,599862,쇼핑몰,스킨케어,OO 더** 스킨 선로션 200ml 1개,야외활동이 많아 팔 다리에 바르려고 구입했습니다 로션 타입이라 발림성 좋고 지속력도 괜찮습니다 특히 피부가 민감성이라 이 썬로션을 택했는데 만족스럽습니다 양도 넉넉해서 부담없이 바르고 다니는데 효과도 있었으면 좋겠습니다.,기능/효과,효과도 있었으면 좋겠습니다.,0,[속성] 기능/효과 [문장] 효과도 있었으면 좋겠습니다.,2,기능/효과,unchanged
validation,train,[속성] 흡수력 [문장] 산뜻해서 좋아요.,593914,쇼핑몰,스킨케어,OO 그** 선 플러스 50ml 1개,산뜻해서 좋아요. 세수 하면 약간 건조한 정도의 지성 피부인데 바르면 흡수도 잘 되고 얼굴에 겉돌지 않아서 좋아요 백탁현상이 살짝 있어요. 두드려서 흡수 시키면 됩니다. 지성 피부에는 아주 적합해요.,흡수력,산뜻해서 좋아요.,1,[속성] 흡수력 [문장] 산뜻해서 좋아요.,0,흡수력,unchanged
validation,train,[속성] 가격 [문장] 가격도 괜찮고,600243,쇼핑몰,스킨케어,OO 밀** 상백 크림 50ml 1개,가격도 괜찮고 선크림도 효능이 좋아서 이것만 써요. OOO만 쓰고 있어요. 샘플이 없어서 아쉽지만 배송이 빨라서 좋았습니다.,가격,가격도 괜찮고,1,[속성] 가격 [문장] 가격도 괜찮고,0,가격,unchanged
validation,train,[속성] 제품구성 [문장] 샘플이 없어서 아쉽지만,600243,쇼핑몰,스킨케어,OO 밀** 상백 크림 50ml 1개,가격도 괜찮고 선크림도 효능이 좋아서 이것만 써요. OOO만 쓰고 있어요. 샘플이 없어서 아쉽지만 배송이 빨라서 좋았습니다.,제품구성,샘플이 없어서 아쉽지만,-1,[속성] 제품구성 [문장] 샘플이 없어서 아쉽지만,1,제품구성,unchanged
validation,train,[속성] 기능/효과 [문장] 효과는 아직 모르겠어요.,586797,쇼핑몰,스킨케어,OO 멘** 포밍워시 200ml 2개,여드름에 효과가 좋다고 들어서 바로 구매했는데 효과는 아직 모르겠어요. 향은 별로지만 쓰기 편하게 되어있네요. 펌핑하면 바로 거품이 나오니 세정하기 편합니다. 저렴하고 좋아요. 다음에 또 구매할 거예요.,기능/효과,효과는 아직 모르겠어요.,0,[속성] 기능/효과 [문장] 효과는 아직 모르겠어요.,2,기능/효과,unchanged
validation,train,[속성] 가격 [문장] 저렴하고 좋아요.,586797,쇼핑몰,스킨케어,OO 멘** 포밍워시 200ml 2개,여드름에 효과가 좋다고 들어서 바로 구매했는데 효과는 아직 모르겠어요. 향은 별로지만 쓰기 편하게 되어있네요. 펌핑하면 바로 거품이 나오니 세정하기 편합니다. 저렴하고 좋아요. 다음에 또 구매할 거예요.,가격,저렴하고 좋아요.,1,[속성] 가격 [문장] 저렴하고 좋아요.,0,가격,unchanged
validation,train,[속성] 기능/효과 [문장] 풍성한 거품으로,589459,쇼핑몰,스킨케어,OO 딥 클린 클렌저 175g 1개,"클렌징 오일만 몇 번 사용했었고 사용할 때마다 만족도가 높았는데, 이번 폼클렌징 역시 쫀쫀한 제형과 풍성한 거품으로 여름철 오돌토돌 올라온 피지들을 한방에 잡아줍니다. 특히 아크네(트러블)전용 폼클렌징이라 효과 기대해 봅나다. 사용감이 개운하고 산뜻하고 피부가 깨끗한 느낌입니다. 건조하지 않아서 여름철 편하게 사용하면 좋을 것 같습니다.",기능/효과,풍성한 거품으로,1,[속성] 기능/효과 [문장] 풍성한 거품으로,0,기능/효과,unchanged
validation,train,[속성] 사용감 [문장] 사용감이 개운하고,589459,쇼핑몰,스킨케어,OO 딥 클린 클렌저 175g 1개,"클렌징 오일만 몇 번 사용했었고 사용할 때마다 만족도가 높았는데, 이번 폼클렌징 역시 쫀쫀한 제형과 풍성한 거품으로 여름철 오돌토돌 올라온 피지들을 한방에 잡아줍니다. 특히 아크네(트러블)전용 폼클렌징이라 효과 기대해 봅나다. 사용감이 개운하고 산뜻하고 피부가 깨끗한 느낌입니다. 건조하지 않아서 여름철 편하게 사용하면 좋을 것 같습니다.",사용감,사용감이 개운하고,1,[속성] 사용감 [문장] 사용감이 개운하고,0,사용감,unchanged
validation,train,[속성] 보습력/수분감 [문장] 건조하지 않아서,589459,쇼핑몰,스킨케어,OO 딥 클린 클렌저 175g 1개,"클렌징 오일만 몇 번 사용했었고 사용할 때마다 만족도가 높았는데, 이번 폼클렌징 역시 쫀쫀한 제형과 풍성한 거품으로 여름철 오돌토돌 올라온 피지들을 한방에 잡아줍니다. 특히 아크네(트러블)전용 폼클렌징이라 효과 기대해 봅나다. 사용감이 개운하고 산뜻하고 피부가 깨끗한 느낌입니다. 건조하지 않아서 여름철 편하게 사용하면 좋을 것 같습니다.",보습력/수분감,건조하지 않아서,1,[속성] 보습력/수분감 [문장] 건조하지 않아서,0,보습력/수분감,unchanged
validation,train,[속성] 흡수력 [문장] 번들거림이 없고,594657,쇼핑몰,스킨케어,OO 카** 더블쉴드 선스틱 22g 1개,예전의 선스틱은 번들거림이 있어 바르고 나면 끈적함이 있었는데 이 제품은 번들거림이 없고 끈적임이 없네요. 온 가족이 한개씩 사용하는 생활 필수품이 될 것 같아요. 작은 것이지만 가족들에게 꼭 필요한 것을 줄 수 있어 뿌듯합니다. OOO으로 자외선 효과 개선에 도움이 되길 바랍니다.,흡수력,번들거림이 없고,1,[속성] 흡수력 [문장] 번들거림이 없고,0,흡수력,unchanged
validation,train,[속성] 기능/효과 [문장] 세정력이 좋아서,586906,쇼핑몰,스킨케어,OO 멘** 포밍워시 200ml 2개,상큼한 시트러스 향이 좋고 씻고 나서 얼굴이 당기지 않아서 신기하네요. 세정력이 좋아서 세안 후 뽀득거립니다. 가격만 더 저렴해진다면 정말 괜찮은 제품이라 생각이 듭니다.,기능/효과,세정력이 좋아서,1,[속성] 기능/효과 [문장] 세정력이 좋아서,0,기능/효과,unchanged
validation,train,[속성] 흡수력 [문장] 뽀송뽀송하고,600685,쇼핑몰,스킨케어,OO 선** 선크림 55ml 1개,배송도 빠릅니다. 눈 시림이 고민이신 분들에게 추천합니다. 끈적이지 않고 뽀송뽀송하고 바르자 마자 얼마 안 지나서 바른 느낌도 나지 않습니다. 자외선 차단효과도 좋습니다.,흡수력,뽀송뽀송하고,1,[속성] 흡수력 [문장] 뽀송뽀송하고,0,흡수력,unchanged
validation,train,"[속성] 향 [문장] 향은 별로지만,",586677,쇼핑몰,스킨케어,OO 멘** 포밍워시 200ml 2개,"복합성 피부인데 잘 맞아요. 피지 제거에 효과 있고, 세정력도 우수한 듯합니다. OOO에서 판매하는 제품이라 믿고 썼는데, 역시 품질이 좋네요. 향은 별로지만, 아토피 피부, 민감한 피부에 전혀 자극이 없고 순해서 추천합니다.",향,"향은 별로지만,",-1,"[속성] 향 [문장] 향은 별로지만,",1,향,unchanged
validation,train,[속성] 흡수력 [문장] 잘 스며들고,595103,쇼핑몰,스킨케어,OO 선 메이트 70ml 1개,상품 품질이 좋아요. 마음에 듭니다. 배송도 빠르고 잘 받어요. 썬크림 종류는 무조건 OOO만 쓰게 됩니다. 향은 별로지만 잘 스며들고 뭉침도 적고 백탁현상도 거의 없답니다. 흡수가 빨라 화장이 잘 먹어요. 추천해요.,흡수력,잘 스며들고,1,[속성] 흡수력 [문장] 잘 스며들고,0,흡수력,unchanged
validation,train,[속성] 발림성 [문장] 뭉침도 적고,595103,쇼핑몰,스킨케어,OO 선 메이트 70ml 1개,상품 품질이 좋아요. 마음에 듭니다. 배송도 빠르고 잘 받어요. 썬크림 종류는 무조건 OOO만 쓰게 됩니다. 향은 별로지만 잘 스며들고 뭉침도 적고 백탁현상도 거의 없답니다. 흡수가 빨라 화장이 잘 먹어요. 추천해요.,발림성,뭉침도 적고,1,[속성] 발림성 [문장] 뭉침도 적고,0,발림성,unchanged
validation,train,[속성] 흡수력 [문장] 보송해집니다.,596276,쇼핑몰,스킨케어,OO 브라이트닝 업 선 플러스 50ml 1개,"살짝 톤업이고 생얼보단 훨 나은 듯 합니다. 발림성도 좋고 끈적이지 않고 바른뒤 조금 지나면 보송해집니다. 기초, OOO톤업선, 파데 하면 메베역할을 아주 잘할 것 같습니다.",흡수력,보송해집니다.,1,[속성] 흡수력 [문장] 보송해집니다.,0,흡수력,unchanged
validation,train,[속성] 가격 [문장] 가격은 비싸도,587059,쇼핑몰,스킨케어,OO 멘** 포밍워시 200ml 2개,여드름 때문에 세정제 찾다가 ㅇㅇㅇ 에서 쿠폰 할인 하길래 싸게 구매해서 사용 하고 있습니다. 거품 제형이 부드럽고 세정도 잘 되니 만족하며 사용합니다. 가격은 비싸도 용량은 많은 편이라 좋습니다.,가격,가격은 비싸도,-1,[속성] 가격 [문장] 가격은 비싸도,1,가격,unchanged
validation,train,[속성] 성분 [문장] 무기자차 성분이라,593955,쇼핑몰,스킨케어,OO 그** 선 플러스 50ml 1개,OOO 잘 쓰고 있어요. 또 3통 쟁여놨네요. 무기자차 성분이라 백탁현상이 있지만 나머지 단점 없습니다. 예민한 피부에 좋은 썬크림이네요.,성분,무기자차 성분이라,0,[속성] 성분 [문장] 무기자차 성분이라,2,성분,unchanged
validation,train,[속성] 발림성 [문장] 부드럽게 잘 발려서 좋네요.,600434,쇼핑몰,스킨케어,OO 밀** 상백 크림 50ml 1개,원래 다른 선크림 이용했는데 OO가 좋다길래 구매해봤어요. 톤업 효과도 있으면서 눈시림도 없고 부드럽게 잘 발려서 좋네요. 전에 쓰던 제품보다 발림성과 바르고 나서 느낌이 훨씬 덜 답답하고 좋아요. 추천해요.,발림성,부드럽게 잘 발려서 좋네요.,1,[속성] 발림성 [문장] 부드럽게 잘 발려서 좋네요.,0,발림성,unchanged
validation,train,[속성] 보습력/수분감 [문장] 건조하지 않아서 좋았습니다.,589444,쇼핑몰,스킨케어,OO 딥 클린 클렌저 175g 1개,건성피부라 여름에 트러블이 나기에 피지를 잘 씻는 게 피부 관리에 도움이 됩니다. 사용 후 좋은 점은 제형이 아크네폼이라 좋고 건조하지 않아서 좋았습니다. 과하게 뽀득하지도 않고 거품도 잘 나서 소량으로 사용하기 좋았습니다. 사용감이 개운하고 수분감도 촉촉히 남아 있어 피부에 자극적이지 않습니다. 효과가 정말 기대가 됩니다.,보습력/수분감,건조하지 않아서 좋았습니다.,1,[속성] 보습력/수분감 [문장] 건조하지 않아서 좋았습니다.,0,보습력/수분감,unchanged
validation,train,[속성] 기능/효과 [문장] 거품도 잘 나서,589444,쇼핑몰,스킨케어,OO 딥 클린 클렌저 175g 1개,건성피부라 여름에 트러블이 나기에 피지를 잘 씻는 게 피부 관리에 도움이 됩니다. 사용 후 좋은 점은 제형이 아크네폼이라 좋고 건조하지 않아서 좋았습니다. 과하게 뽀득하지도 않고 거품도 잘 나서 소량으로 사용하기 좋았습니다. 사용감이 개운하고 수분감도 촉촉히 남아 있어 피부에 자극적이지 않습니다. 효과가 정말 기대가 됩니다.,기능/효과,거품도 잘 나서,1,[속성] 기능/효과 [문장] 거품도 잘 나서,0,기능/효과,unchanged
validation,train,[속성] 자극성 [문장] 피부에 자극적이지 않습니다.,589444,쇼핑몰,스킨케어,OO 딥 클린 클렌저 175g 1개,건성피부라 여름에 트러블이 나기에 피지를 잘 씻는 게 피부 관리에 도움이 됩니다. 사용 후 좋은 점은 제형이 아크네폼이라 좋고 건조하지 않아서 좋았습니다. 과하게 뽀득하지도 않고 거품도 잘 나서 소량으로 사용하기 좋았습니다. 사용감이 개운하고 수분감도 촉촉히 남아 있어 피부에 자극적이지 않습니다. 효과가 정말 기대가 됩니다.,자극성,피부에 자극적이지 않습니다.,1,[속성] 자극성 [문장] 피부에 자극적이지 않습니다.,0,자극성,unchanged
validation,train,[속성] 흡수력 [문장] 번들거리지 않아 좋습니다.,597557,쇼핑몰,스킨케어,OO 카** 선스틱 22g 1개,OOO 선스틱은 양이 작아서 아쉽지만 워낙 유명해서 구매했습니다. 자외선 차단 잘 되네요. 끈적거리지 않고 번들거리지 않아 좋습니다.,흡수력,번들거리지 않아 좋습니다.,1,[속성] 흡수력 [문장] 번들거리지 않아 좋습니다.,0,흡수력,unchanged
validation,train,[속성] 흡수력 [문장] 가볍고,596580,쇼핑몰,스킨케어,OO 브라이트닝 업 선 플러스 50ml 1개,가볍고 촉촉하고 좋아요. 건성 지성 복합성 모든 피부타입에 좋은거 같습니다. 데일리용으로 아주 적합합니다. 강추 하는 제품 이에요,흡수력,가볍고,1,[속성] 흡수력 [문장] 가볍고,0,흡수력,unchanged
validation,train,[속성] 보습력/수분감 [문장] 촉촉하고 좋아요,596580,쇼핑몰,스킨케어,OO 브라이트닝 업 선 플러스 50ml 1개,가볍고 촉촉하고 좋아요. 건성 지성 복합성 모든 피부타입에 좋은거 같습니다. 데일리용으로 아주 적합합니다. 강추 하는 제품 이에요,보습력/수분감,촉촉하고 좋아요,1,[속성] 보습력/수분감 [문장] 촉촉하고 좋아요,0,보습력/수분감,unchanged
validation,train,[속성] 가격 [문장] 가격만 더 저렴하면 좋겠어요.,600244,쇼핑몰,스킨케어,OO 밀** 상백 크림 50ml 1개,"외출시 간단하게 바르기 좋아요. 자외선 차단, 피부톤 정리 효과가 있는데 가벼우니 더 좋아요. 파운데이션 대신 매일 사용하기 좋아요. 가격만 더 저렴하면 좋겠어요.",가격,가격만 더 저렴하면 좋겠어요.,-1,[속성] 가격 [문장] 가격만 더 저렴하면 좋겠어요.,1,가격,unchanged
validation,train,[속성] 흡수력 [문장] 끈적거리지도 않고,597556,쇼핑몰,스킨케어,OO 카** 선스틱 22g 1개,발림성도 좋고 끈적거리지도 않고 눈시림도 없네요. 옷에 닿아도 누렇게 변색되지도 않고 약간 반짝거리기는 한데 불편할 정도는 아니고 손에 안 묻게 편하게 바를 수있어서 앞으로 쭉 쓸 거 같네요. 고체형 제형이라 얼굴에 바르기는 불편해요. 썬쿠션 쓰는 게 더 꼼꼼하게 잘 바를 수 있을 거 같네요.,흡수력,끈적거리지도 않고,1,[속성] 흡수력 [문장] 끈적거리지도 않고,0,흡수력,unchanged
validation,train,[속성] 발림성 [문장] 얇게 잘 발려서,595136,쇼핑몰,스킨케어,OO 선 메이트 70ml 1개,양이 적어 아쉽지만 좋은 가격에 잘 구매했어요. 품질도 보장받을 수 있고 워터프루프이면서 촉촉한 제품 찾다 보니 OOO 선크림을 샀어요. 바르면 얼굴에 광이 도는데 표면은 매끈매끈해 보여서 좋아요. 얇게 잘 발려서 그런가 모공은 보이는데 적절한 광이 돌면서 결이 좋아 보이네요. 얼굴용으로 샀지만 팔이며 다리며 목에 바르기도 좋습니다. 향은 별로지만 만족해요.,발림성,얇게 잘 발려서,1,[속성] 발림성 [문장] 얇게 잘 발려서,0,발림성,unchanged
validation,train,[속성] 발림성 [문장] 부드럽게 발려서,593195,쇼핑몰,스킨케어,OO 그** 선 플러스 50ml 1개,백탁현상도 적고 부드럽게 발려서 여러개 사용중인데요 가격도 착하고 성분도 좋아요. 추천합니다. 근데 용량은 좀 작아서 아쉽네요.,발림성,부드럽게 발려서,1,[속성] 발림성 [문장] 부드럽게 발려서,0,발림성,unchanged
validation,train,[속성] 성분 [문장] 성분도 좋아요.,593195,쇼핑몰,스킨케어,OO 그** 선 플러스 50ml 1개,백탁현상도 적고 부드럽게 발려서 여러개 사용중인데요 가격도 착하고 성분도 좋아요. 추천합니다. 근데 용량은 좀 작아서 아쉽네요.,성분,성분도 좋아요.,1,[속성] 성분 [문장] 성분도 좋아요.,0,성분,unchanged
validation,train,[속성] 가격 [문장] 가격도 저렴하게 잘 샀습니다.,593183,쇼핑몰,스킨케어,OO 그** 선 플러스 50ml 1개,딸이 OO OOO썬크림을를 사달라고해서 주문했습니다. 덕분에 저도 함께 잘 쓰고 있어요. 가격도 저렴하게 잘 샀습니다. 행사 때 구매해서 더 좋아요. 유통기한도 넉넉해요.,가격,가격도 저렴하게 잘 샀습니다.,1,[속성] 가격 [문장] 가격도 저렴하게 잘 샀습니다.,0,가격,unchanged
validation,train,[속성] 유통기한 [문장] 유통기한도 넉넉해요.,593183,쇼핑몰,스킨케어,OO 그** 선 플러스 50ml 1개,딸이 OO OOO썬크림을를 사달라고해서 주문했습니다. 덕분에 저도 함께 잘 쓰고 있어요. 가격도 저렴하게 잘 샀습니다. 행사 때 구매해서 더 좋아요. 유통기한도 넉넉해요.,유통기한,유통기한도 넉넉해요.,1,[속성] 유통기한 [문장] 유통기한도 넉넉해요.,0,유통기한,unchanged
validation,train,[속성] 유통기한 [문장] 유통기한도 넉넉합니다.,595806,쇼핑몰,스킨케어,OO 선 메이트 70ml 1개,샘플 써보고 좋아서 구매했습니다. 워터프루프라 땀에 잘 지워지지 않아서 좋습니다. 유통기한도 넉넉합니다.,유통기한,유통기한도 넉넉합니다.,1,[속성] 유통기한 [문장] 유통기한도 넉넉합니다.,0,유통기한,unchanged
validation,train,[속성] 가격 [문장] 가격도 저렴하게 구매했어요.,598847,쇼핑몰,스킨케어,OO 멀티 선크림 70ml 1개,최근 써본 차단제중에 최고예요.일단 백탁현상 없고 흡수가 빨라 더위에 흘러내림이 없어요 거기다 끈적임도 없어요 여름에 바깥에서 일하다 보니 자외선 차단제는 필수인데 이 제품 정말 좋아서 몇년째 구매중이예요.여름 대비용으로 미리 여러개 구매했습니다. 미리 사서 가격도 저렴하게 구매했어요.참고하시고 구매하시면 후회는 없을거예요.주변 동료들도 좋다고 합니다.,가격,가격도 저렴하게 구매했어요.,1,[속성] 가격 [문장] 가격도 저렴하게 구매했어요.,0,가격,unchanged
validation,train,[속성] 흡수력 [문장] 끈적임도 없어요,598847,쇼핑몰,스킨케어,OO 멀티 선크림 70ml 1개,최근 써본 차단제중에 최고예요.일단 백탁현상 없고 흡수가 빨라 더위에 흘러내림이 없어요 거기다 끈적임도 없어요 여름에 바깥에서 일하다 보니 자외선 차단제는 필수인데 이 제품 정말 좋아서 몇년째 구매중이예요.여름 대비용으로 미리 여러개 구매했습니다. 미리 사서 가격도 저렴하게 구매했어요.참고하시고 구매하시면 후회는 없을거예요.주변 동료들도 좋다고 합니다.,흡수력,끈적임도 없어요,1,[속성] 흡수력 [문장] 끈적임도 없어요,0,흡수력,unchanged
validation,train,[속성] 용량/개수 [문장] 대용량에,585551,쇼핑몰,스킨케어,OO 클** 클렌징젤 400ml 1개,여드름 피부인 친구가 쓴다고 해서 따라 사봤는데 세안용으로만 쓰다가 지금은 바디용으로도 쓰고 있어요. 그래서 대용량에 용기에 펌프가 달린 이 제품이 사용하기 편하고 좋네요.,용량/개수,대용량에,1,[속성] 용량/개수 [문장] 대용량에,0,용량,merged_duplicate_label
validation,train,[속성] 편의성/활용성 [문장] 사용하기 편하고 좋네요.,585551,쇼핑몰,스킨케어,OO 클** 클렌징젤 400ml 1개,여드름 피부인 친구가 쓴다고 해서 따라 사봤는데 세안용으로만 쓰다가 지금은 바디용으로도 쓰고 있어요. 그래서 대용량에 용기에 펌프가 달린 이 제품이 사용하기 편하고 좋네요.,편의성/활용성,사용하기 편하고 좋네요.,1,[속성] 편의성/활용성 [문장] 사용하기 편하고 좋네요.,0,편의성/활용성,unchanged
validation,train,[속성] 보습력/수분감 [문장] 당기진 않아요.,585272,쇼핑몰,스킨케어,OO 클** 클렌징젤 400ml 1개,"항상 매장에서 구입해서 사용하고 있었는데, 코로나 이후 외출을 잘 못해서 온라인 구매를 했어요. 가격은 매장보다 더 저렴한 것 같습니다. 세정력은 항상 뽀득뽀득 씻기는 느낌이 너무 좋습니다. 그렇다고 건조하거나 당기진 않아요.",보습력/수분감,당기진 않아요.,1,[속성] 보습력/수분감 [문장] 당기진 않아요.,0,보습력/수분감,unchanged
validation,train,[속성] 보습력/수분감 [문장] 피부 당김없이,589413,쇼핑몰,스킨케어,OO 딥 클린 클렌저 175g 1개,"지성피부인데 여름에는 땀과 유분이 뒤섞여서 세심하게 관리하지 않으면 트러블이 자주 나요. 땀 닦느라 자주 문지르다 보면 피부가 민감해져서 순하면서도 세정력이 좋은 제품이 필요해요. 여드름을 억제해주고 피지와 각질을 제거해주며 저자극 약산성 배합으로 만들어져 민감해진 피부에 사용하기 좋은 제품이네요. 용기가 튜브타입이라 사용하기 편해서 좋고, 휴대하기도 편리해요. 세안후에도 피부 당김없이 촉촉하게 마무리 됩니다.",보습력/수분감,피부 당김없이,1,[속성] 보습력/수분감 [문장] 피부 당김없이,0,보습력/수분감,unchanged
validation,train,[속성] 보습력/수분감 [문장] 촉촉하게 마무리 됩니다.,589413,쇼핑몰,스킨케어,OO 딥 클린 클렌저 175g 1개,"지성피부인데 여름에는 땀과 유분이 뒤섞여서 세심하게 관리하지 않으면 트러블이 자주 나요. 땀 닦느라 자주 문지르다 보면 피부가 민감해져서 순하면서도 세정력이 좋은 제품이 필요해요. 여드름을 억제해주고 피지와 각질을 제거해주며 저자극 약산성 배합으로 만들어져 민감해진 피부에 사용하기 좋은 제품이네요. 용기가 튜브타입이라 사용하기 편해서 좋고, 휴대하기도 편리해요. 세안후에도 피부 당김없이 촉촉하게 마무리 됩니다.",보습력/수분감,촉촉하게 마무리 됩니다.,1,[속성] 보습력/수분감 [문장] 촉촉하게 마무리 됩니다.,0,보습력/수분감,unchanged
validation,train,[속성] 성분 [문장] 성분도 좋습니다.,582784,쇼핑몰,스킨케어,OO 마** 퓨어 클렌징오일 200ml 1개,OO OOO클렌징오일은 깔끔하게 씻기고 성분도 좋습니다. 미세먼지 때문에 클렌징을 중요하게 생각하는데 깨끗하게 씻기면서 향도 좋아서 마음에 들어요. 너무 좋은 오일이에요. 알고 보니 친구들도 많이 쓰고 있더라고요.,성분,성분도 좋습니다.,1,[속성] 성분 [문장] 성분도 좋습니다.,0,성분,unchanged
validation,train,[속성] 보습력/수분감 [문장] 촉촉해서 좋다고,596460,쇼핑몰,스킨케어,OO 브라이트닝 업 선 플러스 50ml 1개,더워지면 꼭 이거사서 씁니다. 매트하다고하시는분들도 있는데 저는 미끌미끌한건 싫어서 이 제품이 맞습니다. 엄마도 한번 발라보더니 유분기는 살짝 있지만 번들거리지 않고 촉촉해서 좋다고 주문해달라고하시네요.,보습력/수분감,촉촉해서 좋다고,1,[속성] 보습력/수분감 [문장] 촉촉해서 좋다고,0,보습력/수분감,unchanged
validation,train,[속성] 편의성/활용성 [문장] 바르기 편하고,594663,쇼핑몰,스킨케어,OO 카** 더블쉴드 선스틱 22g 1개,양이 작아 아쉽지만 향도 적당하고 바르기 편하고 미끈거림 없어 좋습니다.,편의성/활용성,바르기 편하고,1,[속성] 편의성/활용성 [문장] 바르기 편하고,0,편의성/활용성,unchanged
validation,train,[속성] 흡수력 [문장] 번들거리지도 않고,596815,쇼핑몰,스킨케어,OO 브라이트닝 업 선 플러스 50ml 1개,로션처럼 부드럽게 잘 발리고 OOO는 많이 써봤지만 주황색 라인은 처음 써봅니다. 썬크림색은 비비색과 비슷해서 좋고 향은 별로지만 번들거리지도 않고 부드럽습니다.,흡수력,번들거리지도 않고,1,[속성] 흡수력 [문장] 번들거리지도 않고,0,흡수력,unchanged
validation,train,[속성] 윤기/피부(톤) [문장] 부드럽습니다.,596815,쇼핑몰,스킨케어,OO 브라이트닝 업 선 플러스 50ml 1개,로션처럼 부드럽게 잘 발리고 OOO는 많이 써봤지만 주황색 라인은 처음 써봅니다. 썬크림색은 비비색과 비슷해서 좋고 향은 별로지만 번들거리지도 않고 부드럽습니다.,윤기/피부(톤),부드럽습니다.,1,[속성] 윤기/피부(톤) [문장] 부드럽습니다.,0,윤기/피부(톤),unchanged
validation,train,[속성] 편의성/활용성 [문장] 바르기 편해서 좋습니다.,596945,쇼핑몰,스킨케어,OO 센** 선스틱 22g 1개,아이들 팔과 목에 빨리 바르려고 구매했는데 바르기 편해서 좋습니다. 팔과 목에는 로션보다는 스틱형이 빨리 바르기 편해서 좋아요. 발림성도 좋고 백탁 현상도 없어요. 번들거림도 덜하고 넓은 부위에 바르기도 좋습니다.,편의성/활용성,바르기 편해서 좋습니다.,1,[속성] 편의성/활용성 [문장] 바르기 편해서 좋습니다.,0,편의성/활용성,unchanged
validation,train,[속성] 제형 [문장] 제형이 끈적이지 않아요.,599685,쇼핑몰,스킨케어,OO 더** 스킨 선로션 200ml 1개,"제형이 끈적이지 않아요. 촉촉하고, 보송보송한 느낌이 좋고, 민감한 피부에도 괜찮은 듯합니다. 가격도 괜찮고, 용량도 마음에 들어요. 향은 좋지 않네요.",제형,제형이 끈적이지 않아요.,1,[속성] 제형 [문장] 제형이 끈적이지 않아요.,0,제형,unchanged
validation,train,"[속성] 보습력/수분감 [문장] 촉촉하고,",599685,쇼핑몰,스킨케어,OO 더** 스킨 선로션 200ml 1개,"제형이 끈적이지 않아요. 촉촉하고, 보송보송한 느낌이 좋고, 민감한 피부에도 괜찮은 듯합니다. 가격도 괜찮고, 용량도 마음에 들어요. 향은 좋지 않네요.",보습력/수분감,"촉촉하고,",1,"[속성] 보습력/수분감 [문장] 촉촉하고,",0,보습력/수분감,unchanged
validation,train,"[속성] 가격 [문장] 가격도 괜찮고,",599685,쇼핑몰,스킨케어,OO 더** 스킨 선로션 200ml 1개,"제형이 끈적이지 않아요. 촉촉하고, 보송보송한 느낌이 좋고, 민감한 피부에도 괜찮은 듯합니다. 가격도 괜찮고, 용량도 마음에 들어요. 향은 좋지 않네요.",가격,"가격도 괜찮고,",1,"[속성] 가격 [문장] 가격도 괜찮고,",0,가격,unchanged
validation,train,[속성] 향 [문장] 향도 없고,593929,쇼핑몰,스킨케어,OO 그** 선 플러스 50ml 1개,피부과 추천으로 구매했는데 선크림을 잘 안쓰는 편인데도 이제품은 부담없이 편하게 바르기 좋네요. 바르면 살짝 매트해서 외출 할 때도 간편하게 바르고 지속력도 오래 가는 것 같네요. 향도 없고 번들거리지도 않아서 데일리로 바르기 아주 좋은 상품이에요. 수분감이 너무 많으면 마스크 쓰기가 불편한데 외출 시 간단하게 바르고 마스크 써도 많이 묻지않아서 가격 좋은 행사 할 때 미리 쟁여놓고 쓰네요.,향,향도 없고,1,[속성] 향 [문장] 향도 없고,0,향,unchanged
validation,train,[속성] 자극성 [문장] 저자극에,584988,쇼핑몰,스킨케어,OO 클** 클렌징젤 400ml 1개,저자극에 기본 세정력도 괜찮아요. 자주 구매하는 제품입니다. 향도 은은하고요. 세안했을 때 속당김이 너무 심한타입이라 여러 제품을 사용해 봤어요. 그래도 겨울철 사용감은 나쁘지 않은 듯해서 다시 사용하는 제품입니다. OOO제품은 기본적으로 트러블이 별로 없어서 좋습니다.,자극성,저자극에,1,[속성] 자극성 [문장] 저자극에,0,자극성,unchanged
validation,train,[속성] 향 [문장] 냄새도 좋고,585269,쇼핑몰,스킨케어,OO 클** 클렌징젤 400ml 1개,순해서 세정력이 떨어질 것 같았는데 잘 씻겨지네요. 개운한 느낌도 있고 좋아요. 냄새도 좋고 바로 기초 안발라도 당기지 않는게 신기합니다. 주 1회정도는 딥클렌징을 같이 사용하니 더 효과적입니다.,향,냄새도 좋고,1,[속성] 향 [문장] 냄새도 좋고,0,향,unchanged
validation,train,[속성] 용량/개수 [문장] 용량이 작네요,596463,쇼핑몰,스킨케어,OO 브라이트닝 업 선 플러스 50ml 1개,항상 쓰던 건데 떨어져서 이번에 다시 구매했어요. 용량이 원래 이렇게 작았었나 싶어요. 이번 구입해 보니 용량이 작네요. 그래도 다른 곳보다 저렴하게 잘 산 것 같습니다. 백탁현상도 없어서 정말 좋습니다. 또 다 쓰면 재 구매하겠습니다.,용량/개수,용량이 작네요,-1,[속성] 용량/개수 [문장] 용량이 작네요,1,용량,merged_duplicate_label
validation,train,[속성] 보습력/수분감 [문장] 촉촉함으로,589508,쇼핑몰,스킨케어,OO 딥 클린 클렌저 175g 1개,사랑스럽게 빛나는 아름다운 피부로 관리할수 있을것 같네요. 윤기와 탄력과 광채를 피부에 주네요. 촉촉함으로 생기 넘치는 피부를 만들어 주네요.,보습력/수분감,촉촉함으로,1,[속성] 보습력/수분감 [문장] 촉촉함으로,0,보습력/수분감,unchanged
validation,train,[속성] 기능/효과 [문장] 세정력도 좋은 것 같습니다.,586206,쇼핑몰,스킨케어,OO 시** 퍼펙트 휩 150ml 4개,"따로 문질러 거품 내지 않아도 거품이 잘나서 사용하기 편리합니다. 향도 자극적이지 않고 순하고 제형의 부드러운 느낌이 좋습니다. 게다가 세정력도 좋은 것 같습니다. 눈가를 여러 번 문질러주고 닦아내니, 아이라이너가 씻겨나간 게 신기하네요. 보통은 번지는데 말이죠. 사용 후에도 피부도 촉촉하고 부드럽네요. 괜찮은 것 같습니다. 여러 개 쓰는 것 귀찮아하는 저에겐 딱인듯합니다.",기능/효과,세정력도 좋은 것 같습니다.,1,[속성] 기능/효과 [문장] 세정력도 좋은 것 같습니다.,0,기능/효과,unchanged
validation,train,[속성] 보습력/수분감 [문장] 피부도 촉촉하고,586206,쇼핑몰,스킨케어,OO 시** 퍼펙트 휩 150ml 4개,"따로 문질러 거품 내지 않아도 거품이 잘나서 사용하기 편리합니다. 향도 자극적이지 않고 순하고 제형의 부드러운 느낌이 좋습니다. 게다가 세정력도 좋은 것 같습니다. 눈가를 여러 번 문질러주고 닦아내니, 아이라이너가 씻겨나간 게 신기하네요. 보통은 번지는데 말이죠. 사용 후에도 피부도 촉촉하고 부드럽네요. 괜찮은 것 같습니다. 여러 개 쓰는 것 귀찮아하는 저에겐 딱인듯합니다.",보습력/수분감,피부도 촉촉하고,1,[속성] 보습력/수분감 [문장] 피부도 촉촉하고,0,보습력/수분감,unchanged
validation,train,[속성] 기능/효과 [문장] 거품도 잘 납니다.,586482,쇼핑몰,스킨케어,OO 해** 클렌징폼 200g 1개,이번에 2번째 구입을 했네요. OOO라 처음에는 의아했는데 향이 잘 맞아요. 거품도 잘 납니다. 씻은 후에도 많이 당기지 않네요. 씻고 난 후에는 피부가 깨끗해진 기분이라 좋네요. 효과가 좋기를 바랍니다.,기능/효과,거품도 잘 납니다.,1,[속성] 기능/효과 [문장] 거품도 잘 납니다.,0,기능/효과,unchanged
validation,train,[속성] 성분 [문장] 약산성이라서,585443,쇼핑몰,스킨케어,OO 클** 클렌징젤 400ml 1개,약산성이라서 피부 자극 없고 세정력이 좋아서 여러 번 구매했습니다. 피부과 테스트 결과 PH 가 4점대로 낮아서 구매했습니다. 좁쌀 여드름과 화이트 헤드에 효과 있어서 사용합니다. 용량 많고 순해서 좋네요. 메이크업 가볍게 했을 때는 젤 제형에 물 조금 묻혀서 세안 한번 더하면 다른 제품과 이중 세안 안해도 됩니다. 피부 자극 최소화해줘서 좋습니다.,성분,약산성이라서,0,[속성] 성분 [문장] 약산성이라서,2,성분,unchanged
validation,train,[속성] 자극성 [문장] 피부 자극 없고,585443,쇼핑몰,스킨케어,OO 클** 클렌징젤 400ml 1개,약산성이라서 피부 자극 없고 세정력이 좋아서 여러 번 구매했습니다. 피부과 테스트 결과 PH 가 4점대로 낮아서 구매했습니다. 좁쌀 여드름과 화이트 헤드에 효과 있어서 사용합니다. 용량 많고 순해서 좋네요. 메이크업 가볍게 했을 때는 젤 제형에 물 조금 묻혀서 세안 한번 더하면 다른 제품과 이중 세안 안해도 됩니다. 피부 자극 최소화해줘서 좋습니다.,자극성,피부 자극 없고,1,[속성] 자극성 [문장] 피부 자극 없고,0,자극성,unchanged
validation,train,[속성] 용량/개수 [문장] 용량 많고,585443,쇼핑몰,스킨케어,OO 클** 클렌징젤 400ml 1개,약산성이라서 피부 자극 없고 세정력이 좋아서 여러 번 구매했습니다. 피부과 테스트 결과 PH 가 4점대로 낮아서 구매했습니다. 좁쌀 여드름과 화이트 헤드에 효과 있어서 사용합니다. 용량 많고 순해서 좋네요. 메이크업 가볍게 했을 때는 젤 제형에 물 조금 묻혀서 세안 한번 더하면 다른 제품과 이중 세안 안해도 됩니다. 피부 자극 최소화해줘서 좋습니다.,용량/개수,용량 많고,1,[속성] 용량/개수 [문장] 용량 많고,0,용량,merged_duplicate_label
validation,train,[속성] 보습력/수분감 [문장] 당김이 없고,591698,쇼핑몰,스킨케어,OO 클렌징 폼 150ml 1개,기존에 쓰던 폼클렌징을 다 써서 쓰던거 바꾸어 볼려고 OOO폼클렌징 구매했네요. 써봤을 때 저자극이고 약산성 성분이어서 당김이 없고 자극이 없어서 좋았네요. 약산성성분이라 뽀송한 느낌은 없는데 순해서 좋습니다.,보습력/수분감,당김이 없고,1,[속성] 보습력/수분감 [문장] 당김이 없고,0,보습력/수분감,unchanged
validation,train,"[속성] 편의성/활용성 [문장] 사용하기 편하고,",587043,쇼핑몰,스킨케어,OO 멘** 포밍워시 200ml 2개,"여드름 나기 시작하면서 사용하는 제품입니다. 거품이 풍부해서 사용하기 편하고, 세정력도 좋습니다. 피부에 자극없이 순하네요. 효과는 좀더 써봐야 알 수 있을 것 같아요.",편의성/활용성,"사용하기 편하고,",1,"[속성] 편의성/활용성 [문장] 사용하기 편하고,",0,편의성/활용성,unchanged
validation,train,[속성] 흡수력 [문장] 흡수도 잘되고,596187,쇼핑몰,스킨케어,OO 브라이트닝 업 선 플러스 50ml 1개,오랫동안 사용 중인 선크림입니다. 반들거리는거 없고 흡수도 잘되고 자주 바르게 되네요. 눈 따갑고 눈물 나고 그런 게 없어서 좋습니다. 저는 이 제품이 피부에 잘 맞는 것 같아서 계속 쓰고 있습니다.,흡수력,흡수도 잘되고,1,[속성] 흡수력 [문장] 흡수도 잘되고,0,흡수력,unchanged
validation,train,[속성] 자극성 [문장] 트러블도 전혀 없고,600796,쇼핑몰,스킨케어,OO 선** 선크림 55ml 1개,"○○○에서 보고 사본 건데 괜찮네요. 효능은 ○○○ 선정 때 봤고 발림성도 정말 좋고 느낌도 좋네요. 백탁현상도 없고 바를 때도 미끌거리지도 않네요. 트러블도 전혀 없고 가격도 착하고 팔, 다리에도 실컷 바릅니다.",자극성,트러블도 전혀 없고,1,[속성] 자극성 [문장] 트러블도 전혀 없고,0,자극성,unchanged
validation,train,"[속성] 발림성 [문장] 발림성 좋고,",600179,쇼핑몰,스킨케어,OO 밀** 상백 크림 50ml 1개,"악건성에 구매해서 사용중인 제품입니다. 발림성 좋고, 적당한 촉촉함과 적당히 톤업되는 듯해서 좋습니다. 양은 적고, 가격은 좀 비싼게 단점이네요. 향도 조금 약하면 좋을 것 같아요.",발림성,"발림성 좋고,",1,"[속성] 발림성 [문장] 발림성 좋고,",0,발림성,unchanged
validation,train,[속성] 기능/효과 [문장] 세정도 잘되고 좋습니다.,582636,쇼핑몰,스킨케어,OO 마** 퓨어 클렌징오일 200ml 1개,순하고 세정도 잘되고 좋습니다. 클린징 제품 중에 가격대비 훌륭하네요. 세일 할 때 구매해야겠습니다. 점성이 묽지도 않고 세정도 잘 되고 매일 사용하기에 부담없이 좋습니다. 추천합니다.,기능/효과,세정도 잘되고 좋습니다.,1,[속성] 기능/효과 [문장] 세정도 잘되고 좋습니다.,0,기능/효과,unchanged
validation,train,[속성] 가격 [문장] 가성비 만족합니다.,596706,쇼핑몰,스킨케어,OO 브라이트닝 업 선 플러스 50ml 1개,샘플 써보고 좋아서 구매했습니다. 여름이 다가오니 꼭 챙겨야 하는 썬블럭입니다. 그런데 톤업까지 되니 금상첨화네요. 비싼 제품도 많겠지만 가성비 만족합니다. 다만 용량을 더 늘려 주시면 좋을 것 같습니다.,가격,가성비 만족합니다.,1,[속성] 가격 [문장] 가성비 만족합니다.,0,가격,unchanged
validation,train,"[속성] 제형 [문장] 제형이 묽고,",593608,쇼핑몰,스킨케어,OO 그** 선 플러스 50ml 1개,"OOO에서 구매한 건 쫀득하면서 백탁현상이 덜한데, 이 제품은 제형이 묽고, 백탁현상이 있어요. 향도 별로네요.",제형,"제형이 묽고,",-1,"[속성] 제형 [문장] 제형이 묽고,",1,제형,unchanged
validation,train,[속성] 흡수력 [문장] 백탁현상이 있어요.,593608,쇼핑몰,스킨케어,OO 그** 선 플러스 50ml 1개,"OOO에서 구매한 건 쫀득하면서 백탁현상이 덜한데, 이 제품은 제형이 묽고, 백탁현상이 있어요. 향도 별로네요.",흡수력,백탁현상이 있어요.,-1,[속성] 흡수력 [문장] 백탁현상이 있어요.,1,흡수력,unchanged
validation,train,[속성] 향 [문장] 향도 별로네요.,593608,쇼핑몰,스킨케어,OO 그** 선 플러스 50ml 1개,"OOO에서 구매한 건 쫀득하면서 백탁현상이 덜한데, 이 제품은 제형이 묽고, 백탁현상이 있어요. 향도 별로네요.",향,향도 별로네요.,-1,[속성] 향 [문장] 향도 별로네요.,1,향,unchanged
validation,train,[속성] 가격 [문장] 저렴하게 샀네요,589598,쇼핑몰,스킨케어,OO 딥 클린 클렌저 175g 1개,원플러스원으로 저렴하게 샀네요 ○○○은 처음인데 세정력이 되게 좋아요 원래 피부가 건조한 편이라 세안 후에 살짝 건조하긴 한데 지성이 쓰면 딱 좋을 거 같은 느낌이네요 그래도 잘 쓰고 있네요,가격,저렴하게 샀네요,1,[속성] 가격 [문장] 저렴하게 샀네요,0,가격,unchanged
validation,train,[속성] 편의성/활용성 [문장] 바르기 편합니다.,596896,쇼핑몰,스킨케어,OO 센** 선스틱 22g 1개,바르는 면 제형이 동그랗게 생겨서 바르기 편하고 좋아요. 일자 모양인 다른 제품들보다는 훨씬 바르기 편합니다. 바르는 즉시 청량감이 느껴져서 만족스러워요. 휴대하기도 간편하고 믿을 수 있는 회사의 제품이라 안심돼요. 재구매할 생각입니다.,편의성/활용성,바르기 편합니다.,1,[속성] 편의성/활용성 [문장] 바르기 편합니다.,0,편의성/활용성,unchanged
validation,train,[속성] 편의성/활용성 [문장] 휴대하기도 간편하고,596896,쇼핑몰,스킨케어,OO 센** 선스틱 22g 1개,바르는 면 제형이 동그랗게 생겨서 바르기 편하고 좋아요. 일자 모양인 다른 제품들보다는 훨씬 바르기 편합니다. 바르는 즉시 청량감이 느껴져서 만족스러워요. 휴대하기도 간편하고 믿을 수 있는 회사의 제품이라 안심돼요. 재구매할 생각입니다.,편의성/활용성,휴대하기도 간편하고,1,[속성] 편의성/활용성 [문장] 휴대하기도 간편하고,0,편의성/활용성,unchanged
validation,train,[속성] 기능/효과 [문장] 잘지워지고,588223,쇼핑몰,스킨케어,OO 시** 오일 280ml 1개,잘지워지고 깨끗하게 씼겨집니다. 근데 눈 부위에 가면 눈시림이 있네요. 트러블 피부라 눈시림때문에 민감해서 잘 사용 안하게 되요.,기능/효과,잘지워지고,1,[속성] 기능/효과 [문장] 잘지워지고,0,기능/효과,unchanged
validation,train,[속성] 용량/개수 [문장] 양이 적어,593456,쇼핑몰,스킨케어,OO 그** 선 플러스 50ml 1개,계속 사용하던 선크림인데 양이 적어 다 사용해 또 구매했습니다. 여름에 정말 잘 맞는 선크림입니다. 유분기 없고 뽀송해서 좋습니다. 약간 건조한 편이지만 기초 제품을 바르면 오후 까지 유분기가 안 올라와 좋습니다.,용량/개수,양이 적어,-1,[속성] 용량/개수 [문장] 양이 적어,1,용량,merged_duplicate_label
validation,train,[속성] 흡수력 [문장] 뽀송해서 좋습니다.,593456,쇼핑몰,스킨케어,OO 그** 선 플러스 50ml 1개,계속 사용하던 선크림인데 양이 적어 다 사용해 또 구매했습니다. 여름에 정말 잘 맞는 선크림입니다. 유분기 없고 뽀송해서 좋습니다. 약간 건조한 편이지만 기초 제품을 바르면 오후 까지 유분기가 안 올라와 좋습니다.,흡수력,뽀송해서 좋습니다.,1,[속성] 흡수력 [문장] 뽀송해서 좋습니다.,0,흡수력,unchanged
validation,train,[속성] 흡수력 [문장] 끈적임 없어요.,598994,쇼핑몰,스킨케어,OO 멀티 선크림 70ml 1개,"냄새 괜찮고, 썬크림 특유의 끈적임 없어요. 백탁현상, 얼굴 하얗게 되는 현상 없어서 좋아요. 끈적여서 썬크림 잘 안 썼는데, 이건 로션 느낌이라 잘 바르는 제품입니다. 택배도 빠르네요. 자외선 차단 효과는 좀 약한 것 같아요",흡수력,끈적임 없어요.,1,[속성] 흡수력 [문장] 끈적임 없어요.,0,흡수력,unchanged
validation,train,[속성] 가격 [문장] 비싸게 샀어요,600816,쇼핑몰,스킨케어,OO 선** 선크림 55ml 1개,방송에서 소개된 직후에 바로 주문해서 인지 매진이라 오래 기다려서 겨우 받았습니다. 가격도 조금 올라서 더 비싸게 샀어요. 촉촉함은 기대한 것 만큼 좋지 않아요. 백탁도 있고요. 그래도 부담 없이 그냥 쓰려고 합니다.,가격,비싸게 샀어요,-1,[속성] 가격 [문장] 비싸게 샀어요,1,가격,unchanged
validation,train,[속성] 가격 [문장] 가성비도 좋고,582914,쇼핑몰,스킨케어,OO 마** 퓨어 클렌징오일 200ml 1개,ㅇㅇㅇ 클렌징폼을 선물받아 사용하다가 좋아서 오일도 구매해봤어요. 요즘 건조하다보니 폼보다는 오일이 낫겠다 싶더라구요. 가성비도 좋고 반응들이 좋아서 믿고 구매했어요. 촉촉한 피부를 기대해봅니다.,가격,가성비도 좋고,1,[속성] 가격 [문장] 가성비도 좋고,0,가격,unchanged
validation,train,[속성] 가격 [문장] 저렴한 가격에 잘 샀어요.,600655,쇼핑몰,스킨케어,OO 선** 선크림 55ml 1개,항상쓰던제품이라 고민없이 샀어요. 저렴한 가격에 잘 샀어요. 이 제품은 바르고 나면 보들보들하고 기름기가 없어서 너무 좋습니다. 저처럼 기름기 없으신거 찾으신분들에게 추천해드려요. 그리고 배송은 주문한 다음날 태풍이온대서 태풍 지나고 배송해달라고 요청드렸는데 태풍지나고 바로 올 수 있게 보내주셨네요. 만족해요.,가격,저렴한 가격에 잘 샀어요.,1,[속성] 가격 [문장] 저렴한 가격에 잘 샀어요.,0,가격,unchanged
validation,train,[속성] 윤기/피부(톤) [문장] 보들보들하고,600655,쇼핑몰,스킨케어,OO 선** 선크림 55ml 1개,항상쓰던제품이라 고민없이 샀어요. 저렴한 가격에 잘 샀어요. 이 제품은 바르고 나면 보들보들하고 기름기가 없어서 너무 좋습니다. 저처럼 기름기 없으신거 찾으신분들에게 추천해드려요. 그리고 배송은 주문한 다음날 태풍이온대서 태풍 지나고 배송해달라고 요청드렸는데 태풍지나고 바로 올 수 있게 보내주셨네요. 만족해요.,윤기/피부(톤),보들보들하고,1,[속성] 윤기/피부(톤) [문장] 보들보들하고,0,윤기/피부(톤),unchanged
validation,train,[속성] 향 [문장] 향이 좋고,587301,쇼핑몰,스킨케어,OO 멘** 포밍워시 200ml 2개,여드름 피부에 좋아서 아이랑 함께 사용하고 있습니다. 향이 좋고 거품제형이라 사용하기 편하고 피부자극도 적습니다. 두 개에 이 가격이라 싸게 잘 산 것같습니다. 순한 제품이니 참고하시고 구매하세요.,향,향이 좋고,1,[속성] 향 [문장] 향이 좋고,0,향,unchanged
validation,train,[속성] 제형 [문장] 거품제형이라 사용하기 편하고,587301,쇼핑몰,스킨케어,OO 멘** 포밍워시 200ml 2개,여드름 피부에 좋아서 아이랑 함께 사용하고 있습니다. 향이 좋고 거품제형이라 사용하기 편하고 피부자극도 적습니다. 두 개에 이 가격이라 싸게 잘 산 것같습니다. 순한 제품이니 참고하시고 구매하세요.,제형,거품제형이라 사용하기 편하고,1,[속성] 제형 [문장] 거품제형이라 사용하기 편하고,0,제형,unchanged
validation,train,[속성] 편의성/활용성 [문장] 사용하기 편리하고,589625,쇼핑몰,스킨케어,OO 딥 클린 클렌저 175g 1개,예전부터 구매하던 상품으로 여드름과 피지 과다 피부에 세정력이 최고입니다. 용기가 튜브 방식이라 사용하기 편리하고 주문하면 오래 사용 가능한 상품입니다.,편의성/활용성,사용하기 편리하고,1,[속성] 편의성/활용성 [문장] 사용하기 편리하고,0,편의성/활용성,unchanged
validation,train,[속성] 가격 [문장] 저렴한 가격이라,599232,쇼핑몰,스킨케어,OO 멀티 선크림 70ml 1개,배송은 이틀 걸렸어요. 발림성 좋습니다. 그런데 많이 번들거리네요. 좋은 향도 없고 사용감이 그저 그렇습니다. 저렴한 가격이라 품질은 불만족스러워도 그냥 쓰네요.,가격,저렴한 가격이라,1,[속성] 가격 [문장] 저렴한 가격이라,0,가격,unchanged
validation,train,[속성] 향 [문장] 향은 별로예요.,598978,쇼핑몰,스킨케어,OO 멀티 선크림 70ml 1개,작년에 구매후 사용해보고 올해 다시 구매했어요.백탁현상 없고 흘러내리지도 않아서 여름에 일할때 좋네요.가격 저렴하게 구매했네요.향은 별로예요.,향,향은 별로예요.,-1,[속성] 향 [문장] 향은 별로예요.,1,향,unchanged
validation,train,[속성] 자극성 [문장] 순해요.,589456,쇼핑몰,스킨케어,OO 딥 클린 클렌저 175g 1개,순해요. 며칠 사용해보니 피지는 확실히 줄어드는 것 같습니다. bha성분이 들어 있어서 각질제거와 피지케어가 되는 느낌입니다. 그리고 ph 밸런싱도 돼서 따끔거리거나 유수분을 빨아드리는 느낌이 아니라서 세안하고 화장대로 가는 시간이 신경 쓰이지 않아요. 쫀득한 텍스쳐에 거품도 미세거품으로 잘 나와서 세안하기 편리합니다. 아침용으로 사용하고 저녁에는 화장품 때문에 다른 제품을 쓰고 있습니다.,자극성,순해요.,1,[속성] 자극성 [문장] 순해요.,0,자극성,unchanged
validation,train,[속성] 가격 [문장] 싸고,599233,쇼핑몰,스킨케어,OO 멀티 선크림 70ml 1개,"향도 무난하고 싸고 양 많고 유통기한도 2024년 9월까지인데 2년 정도 남아서 좋아요. 싼 맛에 듬뿍 발라도 부담이 없네요. 미백, 주름개선 기능은 진짜 되는지는 모르겠지만 가성비 좋아 보여요. 자외선 차단 효과는 아직 잘 모르겠어요.",가격,싸고,1,[속성] 가격 [문장] 싸고,0,가격,unchanged
validation,train,[속성] 가격 [문장] 비싸네요,594773,쇼핑몰,스킨케어,OO 카** 더블쉴드 선스틱 22g 1개,쓰던것보다 용량이 커요 그래서 비싸네요 그리고 원래 쓰던게 번들거림 심하고 피부가 따갑고 그래서 저한테 안맞는거같았는데 이건 뽀송하다고 해서 샀네요 발라도 뽀송하니 좋아요,가격,비싸네요,-1,[속성] 가격 [문장] 비싸네요,1,가격,unchanged
validation,train,[속성] 자극성 [문장] 순한데,584944,쇼핑몰,스킨케어,OO 클** 클렌징젤 400ml 1개,순한데 세정력이 뛰어나요. 피부가 예민해서 아무거나 못 쓰는데 이 제품은 믿고 씁니다. 용기가 펌프형이라 쓰기 편리해서 좋아요. 향도 자극적이지 않아요. 제품력이 브랜드 명성 이상이에요.,자극성,순한데,1,[속성] 자극성 [문장] 순한데,0,자극성,unchanged
validation,train,[속성] 유통기한 [문장] 유통기한도 길고,596090,쇼핑몰,스킨케어,OO 브라이트닝 업 선 플러스 50ml 1개,유통기한도 길고 백탁현상 없이 피부가 환해지는 듯해요.,유통기한,유통기한도 길고,1,[속성] 유통기한 [문장] 유통기한도 길고,0,유통기한,unchanged
validation,train,"[속성] 용기 [문장] 케이스도 예쁘고,",598287,쇼핑몰,스킨케어,OO 카** 선스틱 22g 1개,"휴대가 편해서 여행 갈 때 좋네요. 지성 피부에는 유분기가 남아 부담스러워요. 몸에는 바르기 편해요. 그리고 빨리 닳아서 용량이 좀 아쉽네요. 케이스도 예쁘고, 포장 상태도 깔끔하네요.",용기,"케이스도 예쁘고,",1,"[속성] 용기 [문장] 케이스도 예쁘고,",0,용기,unchanged
validation,train,[속성] 편의성/활용성 [문장] 쓰기도 편하고,586654,쇼핑몰,스킨케어,OO 멘** 포밍워시 200ml 2개,가격은 있지만 여드름 피부에 좋다기에 구매했는데 효과가 있으면 좋겠네요. 쓰기도 편하고 세정력도 좋아요. 피부가 점점 깨끗해지는 느낌입니다. 다 쓰면 재구매하고 싶네요. 양도 적당하고 거품도 풍성하게 잘 나요. 향도 적당히 은은합니다.,편의성/활용성,쓰기도 편하고,1,[속성] 편의성/활용성 [문장] 쓰기도 편하고,0,편의성/활용성,unchanged
validation,train,[속성] 용량/개수 [문장] 양도 적당하고,586654,쇼핑몰,스킨케어,OO 멘** 포밍워시 200ml 2개,가격은 있지만 여드름 피부에 좋다기에 구매했는데 효과가 있으면 좋겠네요. 쓰기도 편하고 세정력도 좋아요. 피부가 점점 깨끗해지는 느낌입니다. 다 쓰면 재구매하고 싶네요. 양도 적당하고 거품도 풍성하게 잘 나요. 향도 적당히 은은합니다.,용량/개수,양도 적당하고,1,[속성] 용량/개수 [문장] 양도 적당하고,0,용량,merged_duplicate_label
validation,train,[속성] 용량/개수 [문장] 용량이 적어서,587357,쇼핑몰,스킨케어,OO 멘** 포밍워시 200ml 2개,제형이 거품형이라 사용하기 편리합니다. 용량이 적어서 금방 사용합니다. 편리함과 피부가 뽀득해져서 좋습니다. 여드름 피부에 잘 맞는 제품이고 건성 피부는 당깁니다.,용량/개수,용량이 적어서,-1,[속성] 용량/개수 [문장] 용량이 적어서,1,용량,merged_duplicate_label
validation,train,[속성] 보습력/수분감 [문장] 당깁니다.,587357,쇼핑몰,스킨케어,OO 멘** 포밍워시 200ml 2개,제형이 거품형이라 사용하기 편리합니다. 용량이 적어서 금방 사용합니다. 편리함과 피부가 뽀득해져서 좋습니다. 여드름 피부에 잘 맞는 제품이고 건성 피부는 당깁니다.,보습력/수분감,당깁니다.,-1,[속성] 보습력/수분감 [문장] 당깁니다.,1,보습력/수분감,unchanged
validation,train,[속성] 유통기한 [문장] 유통기한이 짧아서 아쉽지만,600479,쇼핑몰,스킨케어,OO 밀** 상백 크림 50ml 1개,좋아서 재구매 하려구요. 유명한거라 떨어뜨리지 않고 계속 꾸준히 사용중 입니다. 아주 기본 크림이에요. 백탁현상은 보통이고 저는 건성인데 기름기가 있어서 더 맘에 들어요. 유통기한이 짧아서 아쉽지만 전체적으로는 좋아요.,유통기한,유통기한이 짧아서 아쉽지만,-1,[속성] 유통기한 [문장] 유통기한이 짧아서 아쉽지만,1,유통기한,unchanged
validation,train,[속성] 기능/효과 [문장] 세정력 좋고,589458,쇼핑몰,스킨케어,OO 딥 클린 클렌저 175g 1개,OOO 제품이라 좋습니다. 향은 은은하니 좋은 향이 납니다. 물을 안 묻히고 그냥 문질러도 될 정도로 제형이 부드럽습니다. 세정력 좋고 순하고 클렌징 후 피부가 당기지 않습니다. 자주 여드름이 올라오는데 자극이 없어서 괜찮네요. 용량은 작지만 잘 쓰고 여드름 케어에 효과가 있으면 좋겠네요.,기능/효과,세정력 좋고,1,[속성] 기능/효과 [문장] 세정력 좋고,0,기능/효과,unchanged
validation,train,[속성] 흡수력 [문장] 뽀송뽀송해서,596153,쇼핑몰,스킨케어,OO 브라이트닝 업 선 플러스 50ml 1개,끈적이지 않고 뽀송뽀송해서 요즘 바르기 좋습니다. 가격도 좋으나 양은 적어요. 자외선 차단 효과와 톤업 효과 기대하며 사용하겠습니다.,흡수력,뽀송뽀송해서,1,[속성] 흡수력 [문장] 뽀송뽀송해서,0,흡수력,unchanged
validation,train,[속성] 용량/개수 [문장] 양은 적어요.,596153,쇼핑몰,스킨케어,OO 브라이트닝 업 선 플러스 50ml 1개,끈적이지 않고 뽀송뽀송해서 요즘 바르기 좋습니다. 가격도 좋으나 양은 적어요. 자외선 차단 효과와 톤업 효과 기대하며 사용하겠습니다.,용량/개수,양은 적어요.,-1,[속성] 용량/개수 [문장] 양은 적어요.,1,용량,merged_duplicate_label
validation,train,[속성] 자극성 [문장] 피부에 자극적이지 않아 좋아요.,586890,쇼핑몰,스킨케어,OO 멘** 포밍워시 200ml 2개,점성이 부드러운 거품으로 피부에 자극적이지 않아 좋아요. 일반 폼클렌징 보다 세정력도 좋아서 세수하고 나면 뽀송뽀송한 느낌이 기분을 좋게 만드네요. 향과 양이 좀 아쉽네요.,자극성,피부에 자극적이지 않아 좋아요.,1,[속성] 자극성 [문장] 피부에 자극적이지 않아 좋아요.,0,자극성,unchanged
validation,train,[속성] 용량/개수 [문장] 양이 좀 아쉽네요.,586890,쇼핑몰,스킨케어,OO 멘** 포밍워시 200ml 2개,점성이 부드러운 거품으로 피부에 자극적이지 않아 좋아요. 일반 폼클렌징 보다 세정력도 좋아서 세수하고 나면 뽀송뽀송한 느낌이 기분을 좋게 만드네요. 향과 양이 좀 아쉽네요.,용량/개수,양이 좀 아쉽네요.,-1,[속성] 용량/개수 [문장] 양이 좀 아쉽네요.,1,용량,merged_duplicate_label
validation,train,[속성] 용량/개수 [문장] 용량이 작아요.,596477,쇼핑몰,스킨케어,OO 브라이트닝 업 선 플러스 50ml 1개,여름엔 너무 촉촉한 제품은 끈적거려서 이 상품으로 샀는데요. 산뜻하고 피부가 살짝 밝아지면서 괜찮아요. 근데 용량이 작아요.,용량/개수,용량이 작아요.,-1,[속성] 용량/개수 [문장] 용량이 작아요.,1,용량,merged_duplicate_label
validation,train,[속성] 자극성 [문장] 피부에 자극없이,589505,쇼핑몰,스킨케어,OO 딥 클린 클렌저 175g 1개,예전에 즐겨 쓰던 브랜드인데 신제품이 나와서 반갑네요. 약산성으로 피부에 자극없이 깨끗하게 클렌징 돼요. 보습력은 약한 편이지만 여름에 유분조절 효과가 기대됩니다. 가족이 같이 사용하기에도 무리가 없어요. 모든피부에 편하게 사용할 수 있습니다.,자극성,피부에 자극없이,1,[속성] 자극성 [문장] 피부에 자극없이,0,자극성,unchanged
validation,train,[속성] 흡수력 [문장] 잘 흡수되고,598595,쇼핑몰,스킨케어,OO 멀티 선크림 70ml 1개,배송 잘 받았습니다. 잘 흡수되고 사용하기 편해서 좋아요. 착한 가격에 사용기한도 넉넉합니다.,흡수력,잘 흡수되고,1,[속성] 흡수력 [문장] 잘 흡수되고,0,흡수력,unchanged
validation,train,[속성] 편의성/활용성 [문장] 사용하기 편해서 좋아요.,598595,쇼핑몰,스킨케어,OO 멀티 선크림 70ml 1개,배송 잘 받았습니다. 잘 흡수되고 사용하기 편해서 좋아요. 착한 가격에 사용기한도 넉넉합니다.,편의성/활용성,사용하기 편해서 좋아요.,1,[속성] 편의성/활용성 [문장] 사용하기 편해서 좋아요.,0,편의성/활용성,unchanged
validation,train,[속성] 유통기한 [문장] 사용기한도 넉넉합니다.,598595,쇼핑몰,스킨케어,OO 멀티 선크림 70ml 1개,배송 잘 받았습니다. 잘 흡수되고 사용하기 편해서 좋아요. 착한 가격에 사용기한도 넉넉합니다.,유통기한,사용기한도 넉넉합니다.,1,[속성] 유통기한 [문장] 사용기한도 넉넉합니다.,0,유통기한,unchanged
validation,train,[속성] 기능/효과 [문장] 효과는 좀 더 써봐야 알 것 같아요.,596570,쇼핑몰,스킨케어,OO 브라이트닝 업 선 플러스 50ml 1개,피부가 이상한건지 트러블이 좀 나긴 합니다. 효과는 좀 더 써봐야 알 것 같아요. 익숙해지는 시간이 필요한 것 같네요. 처음 써보는거라 효과가 궁금합니다.,기능/효과,효과는 좀 더 써봐야 알 것 같아요.,0,[속성] 기능/효과 [문장] 효과는 좀 더 써봐야 알 것 같아요.,2,기능/효과,unchanged
validation,train,[속성] 가격 [문장] 가격만 저렴해지면 더 좋겠어요.,587367,쇼핑몰,스킨케어,OO 멘** 포밍워시 200ml 2개,자녀가 여드름이 심했을 때 추천 받아 사용했습니다. 거품이 잘 나고 세안 후 뽀득해서 좋습니다. 이 제품 아니면 안 사용한다고 해서 사용합니다. 가격만 저렴해지면 더 좋겠어요.,가격,가격만 저렴해지면 더 좋겠어요.,-1,[속성] 가격 [문장] 가격만 저렴해지면 더 좋겠어요.,1,가격,unchanged
validation,train,[속성] 가격 [문장] 가성비는 좋습니다.,587015,쇼핑몰,스킨케어,OO 멘** 포밍워시 200ml 2개,순하고 향은 은은 합니다. 사용하기 편해서 아이가 좋아해요. 여드름이 올라와서 사용해 봤는데 효과는 아직 모르겠습니다. 가성비는 좋습니다.,가격,가성비는 좋습니다.,1,[속성] 가격 [문장] 가성비는 좋습니다.,0,가격,unchanged
validation,train,[속성] 용량/개수 [문장] 용량이 아쉽네요.,597815,쇼핑몰,스킨케어,OO 카** 선스틱 22g 1개,저렴한 가격에 다시 구매했습니다. 30g를 저렴한 가격에 살 수 있어서 좋습니다. 또한 기존에 쓰던 제품이기에 장점을 잘 알고 있어 가벼운 마음으로 구매하게 되었고 OOO는 선케어로 유명하니까 안심이 됩니다. 그리고 유통 기간도 2023년 까지라 충분히 쓸 것 같아 4개 구입했습니다. 살짝 아쉬운 점은 용량이 아쉽네요.,용량/개수,용량이 아쉽네요.,-1,[속성] 용량/개수 [문장] 용량이 아쉽네요.,1,용량,merged_duplicate_label
validation,train,[속성] 향 [문장] 향도 부드럽고,582469,쇼핑몰,스킨케어,OO 마** 퓨어 클렌징오일 200ml 1개,이것만 써서 벌써 여러개 쓰고 있어요. 다른거 많이 써봤지만 향도 부드럽고 순해서 눈도 맵지 않아요. 양도 많아요. 평소에는 비싸지만 할인행사할때 사면 가격도 좋아요. 재구매할꺼예요.,향,향도 부드럽고,1,[속성] 향 [문장] 향도 부드럽고,0,향,unchanged
validation,train,[속성] 용량/개수 [문장] 양도 많아요.,582469,쇼핑몰,스킨케어,OO 마** 퓨어 클렌징오일 200ml 1개,이것만 써서 벌써 여러개 쓰고 있어요. 다른거 많이 써봤지만 향도 부드럽고 순해서 눈도 맵지 않아요. 양도 많아요. 평소에는 비싸지만 할인행사할때 사면 가격도 좋아요. 재구매할꺼예요.,용량/개수,양도 많아요.,1,[속성] 용량/개수 [문장] 양도 많아요.,0,용량,merged_duplicate_label
validation,train,[속성] 향 [문장] 향도 진하지 않아 좋고,589684,쇼핑몰,스킨케어,OO 딥 클린 클렌저 175g 1개,아내가 심한 지성 피부라 구입했습니다. 촉촉하면서 유분기는 제거 되어서 좋습니다. 향도 진하지 않아 좋고 행사할 때 구입하여 가격도 좋고 효과가 좋다면 재구매 의사 있습니다.,향,향도 진하지 않아 좋고,1,[속성] 향 [문장] 향도 진하지 않아 좋고,0,향,unchanged
validation,train,[속성] 향 [문장] 향이 강하지 않아 좋아요.,583009,쇼핑몰,스킨케어,OO 마** 퓨어 클렌징오일 200ml 1개,리뷰가 좋길래 구매해 봤어요. 향이 강하지 않아 좋아요. 세정력도 좋은 거 같아요. 피부 자극이 심하지 않은 거 같아요. 특별히 좋지 않은 점이 없어서 재구매 의향도 있네요.,향,향이 강하지 않아 좋아요.,1,[속성] 향 [문장] 향이 강하지 않아 좋아요.,0,향,unchanged
validation,train,[속성] 향 [문장] 향도 강하지 않고,584990,쇼핑몰,스킨케어,OO 클** 클렌징젤 400ml 1개,아침 세안과 데일리로 순한 약산성 제품을 찾았습니다. 향도 강하지 않고 자극 없이 아침을 시작할 수 있어서 좋네요. 용량도 커서 좋습니다. 가격도 착하고 색상도 좋아하는 파란색이라 마음에 들어요.,향,향도 강하지 않고,1,[속성] 향 [문장] 향도 강하지 않고,0,향,unchanged
validation,train,[속성] 용량/개수 [문장] 용량도 커서 좋습니다.,584990,쇼핑몰,스킨케어,OO 클** 클렌징젤 400ml 1개,아침 세안과 데일리로 순한 약산성 제품을 찾았습니다. 향도 강하지 않고 자극 없이 아침을 시작할 수 있어서 좋네요. 용량도 커서 좋습니다. 가격도 착하고 색상도 좋아하는 파란색이라 마음에 들어요.,용량/개수,용량도 커서 좋습니다.,1,[속성] 용량/개수 [문장] 용량도 커서 좋습니다.,0,용량,merged_duplicate_label
validation,train,[속성] 보습력/수분감 [문장] 촉촉하진 않지만,589553,쇼핑몰,스킨케어,OO 딥 클린 클렌저 175g 1개,일반 폼클렌저 사용하다가 여드름이 생기기 시작해서 여드름용을 구매했습니다. 전에 쓰던 것처럼 촉촉하진 않지만 매끈하게 잘 씻겨서 잘 쓸 것 같습니다.,보습력/수분감,촉촉하진 않지만,-1,[속성] 보습력/수분감 [문장] 촉촉하진 않지만,1,보습력/수분감,unchanged
validation,train,[속성] 유통기한 [문장] 유통기한도 길어서 좋고,595687,쇼핑몰,스킨케어,OO 선 메이트 70ml 1개,늘 이용하는 제품입니다. 튜브 색상이 바뀌었는데 별로네요. 유통기한도 길어서 좋고 상품은 말 할것도 없네요.,유통기한,유통기한도 길어서 좋고,1,[속성] 유통기한 [문장] 유통기한도 길어서 좋고,0,유통기한,unchanged
validation,train,[속성] 자극성 [문장] 피부 트러블 없이,582223,쇼핑몰,스킨케어,OO 순** 클렌징오일 200ml 1개,제형이 무겁지 않아서 몇 년째 잘 쓰고 있습니다. 피부 트러블 없이 잘 맞아요. 샘플이 몇 가지 왔는데 그중에 마스크팩이 피부에 잘 맞아서 득템한 기분입니다. 앞으로도 계속 쓸 거예요.,자극성,피부 트러블 없이,1,[속성] 자극성 [문장] 피부 트러블 없이,0,자극성,unchanged
validation,train,[속성] 보습력/수분감 [문장] 덜 촉촉한 것 같습니다.,592436,쇼핑몰,스킨케어,OO 시** 클렌징폼 120g 1개,특가로 저렴하게 구매했습니다. 새로 나온 화이트 제품을 주문해서 써봤는데 전에 쓰던 기본 제품보단 덜 촉촉한 것 같습니다. 나중엔 그냥 쓰던 구형 기본 제품으로 주문해야겠습니다.,보습력/수분감,덜 촉촉한 것 같습니다.,-1,[속성] 보습력/수분감 [문장] 덜 촉촉한 것 같습니다.,1,보습력/수분감,unchanged
validation,train,[속성] 가격 [문장] 저렴하게 구입해 좋습니다.,586862,쇼핑몰,스킨케어,OO 멘** 포밍워시 200ml 2개,세정력이 좋습니다. 우리 가족 모두 잘 쓰고 있습니다. 오프라인에서 사용하고 자녀가 좋다고 해서 이 쇼핑몰에서 저렴하게 구입해 좋습니다. 효과 기대하겠습니다.,가격,저렴하게 구입해 좋습니다.,1,[속성] 가격 [문장] 저렴하게 구입해 좋습니다.,0,가격,unchanged
validation,train,[속성] 기능/효과 [문장] 효과 기대하겠습니다.,586862,쇼핑몰,스킨케어,OO 멘** 포밍워시 200ml 2개,세정력이 좋습니다. 우리 가족 모두 잘 쓰고 있습니다. 오프라인에서 사용하고 자녀가 좋다고 해서 이 쇼핑몰에서 저렴하게 구입해 좋습니다. 효과 기대하겠습니다.,기능/효과,효과 기대하겠습니다.,0,[속성] 기능/효과 [문장] 효과 기대하겠습니다.,2,기능/효과,unchanged
validation,train,"[속성] 가격 [문장] 가격은 비싸지만,",586243,쇼핑몰,스킨케어,OO 시** 퍼펙트 휩 150ml 4개,"지금까지 만족해서 계속 구매해서 사용하는 제품입니다. 사용시 피부를 자극하지 않고, 각질 제거에 좋습니다. 사용후 피부가 촉촉한 느낌과 풍성한 거품이 좋아요. 가격은 비싸지만, 다음에도 구매할 듯합니다.",가격,"가격은 비싸지만,",-1,"[속성] 가격 [문장] 가격은 비싸지만,",1,가격,unchanged
validation,train,[속성] 용량/개수 [문장] 양은 좀 아쉽네요.,587466,쇼핑몰,스킨케어,OO 멘** 포밍워시 200ml 2개,"잔 여드름이 이마에 생겨 사용해 보려고 구매했습니다. 주기적으로 얼굴에 불쑥불쑥 튀어 오르는 트려블도 있어서 써 보려구요. 기존 일반 폼클렌저 보다 뽀득거리는 느낌이 좋아요. 사용후 상쾌함도 좋은 듯하네요. 피지 분비가 많아 잔 여드름이 많이 올라왔을 때 사용했는데, 진정되어 좋습니다. 가격 대비 좋은 것 같네요. 사람마다 개인 차이는 있지만, 괜찮은 제품입니다. 양은 좀 아쉽네요.",용량/개수,양은 좀 아쉽네요.,-1,[속성] 용량/개수 [문장] 양은 좀 아쉽네요.,1,용량,merged_duplicate_label
validation,train,[속성] 자극성 [문장] 트러블도 없고,583314,쇼핑몰,스킨케어,OO 마** 퓨어 클렌징오일 200ml 1개,한번 사용해보니 트러블도 없고 넘 좋아서 재구매 했네요. 행사기간이라 쿠폰으로 저렴히 샀습니다. 샘플도 주시고 좋네요. 냄새만 빼면 맘에 들어요.,자극성,트러블도 없고,1,[속성] 자극성 [문장] 트러블도 없고,0,자극성,unchanged
validation,train,[속성] 자극성 [문장] 순하게,589492,쇼핑몰,스킨케어,OO 딥 클린 클렌저 175g 1개,예전에 사용해보고 이번에 체험단에 당첨되어 오랜만에 사용했습니다. 순하게 딥클렌징을 해주면서 세안 후에도 당김 없이 촉촉하게 마무리됩니다. 거품 제형이 쫀쫀하고 풍성해서 손가락으로 큰 자극 없이 딥클렌징 해줄 수 있습니다. 여름이라 피지 관리를 꼭 해줘야 하는데 이 제품에 살리실산 성분이 있어서 노폐물과 피지관리를 해줘서 좋습니다. 순해서 모든 피부타입이 사용 할 수 있을 것 같습니다. 이것은 용량이 작아 나중에는 큰 용량으로 구매할 것 같습니다.,자극성,순하게,1,[속성] 자극성 [문장] 순하게,0,자극성,unchanged
validation,train,[속성] 용량/개수 [문장] 용량이 작아,589492,쇼핑몰,스킨케어,OO 딥 클린 클렌저 175g 1개,예전에 사용해보고 이번에 체험단에 당첨되어 오랜만에 사용했습니다. 순하게 딥클렌징을 해주면서 세안 후에도 당김 없이 촉촉하게 마무리됩니다. 거품 제형이 쫀쫀하고 풍성해서 손가락으로 큰 자극 없이 딥클렌징 해줄 수 있습니다. 여름이라 피지 관리를 꼭 해줘야 하는데 이 제품에 살리실산 성분이 있어서 노폐물과 피지관리를 해줘서 좋습니다. 순해서 모든 피부타입이 사용 할 수 있을 것 같습니다. 이것은 용량이 작아 나중에는 큰 용량으로 구매할 것 같습니다.,용량/개수,용량이 작아,-1,[속성] 용량/개수 [문장] 용량이 작아,1,용량,merged_duplicate_label
validation,train,[속성] 보습력/수분감 [문장] 촉촉한 느낌과,599704,쇼핑몰,스킨케어,OO 더** 스킨 선로션 200ml 1개,"처음 발랐을때는 부드럽고, 촉촉한 느낌과 함께 약간 선크림 특유의 번들거림은 있네요. 그렇지만 바르고 몇 번 문지르니 피부가 보송하고, 촉촉해지는 느낌 입니다. 얼굴과 팔다리에 손쉽게 발라 줄 수 있어 좋아요. 끈적이지 않아 좋네요. 자외선 차단 효과는 약한 듯합니다.",보습력/수분감,촉촉한 느낌과,1,[속성] 보습력/수분감 [문장] 촉촉한 느낌과,0,보습력/수분감,unchanged
validation,train,[속성] 발림성 [문장] 부드럽게 발려요.,595044,쇼핑몰,스킨케어,OO 선 메이트 70ml 1개,"자외선 차단 지수35 쓰다가 50으로 바꿨는데, 부드럽게 발려요. 자외선 차단지수가 높으면 제형이 뻑뻑한 느낌이었는데, 이 제품은 제형이 뻑뻑하지 않아 좋습니다. 자외선 지수 높은 것으로 바꿨으니 차단 효과도 기대해 보겠습니다.",발림성,부드럽게 발려요.,1,[속성] 발림성 [문장] 부드럽게 발려요.,0,발림성,unchanged
validation,train,[속성] 흡수력 [문장] 금방 잘 흡수되고,807021,쇼핑몰,헤어/바디케어,OO 아** 모이스춰라이저 400ml 1개,"제형이 묽은타입이라 금방 잘 흡수되고 보습력도 좋아요. 타 핸드로션은 흡수되면 바로 건조해지는데, 이 제품은 건조하지 않습니다. 용량도 많아서 오래 사용할 것 같습니다. 맘에 듭니다.",흡수력,금방 잘 흡수되고,1,[속성] 흡수력 [문장] 금방 잘 흡수되고,0,흡수력,unchanged
validation,train,[속성] 보습력/수분감 [문장] 보습력도 좋아요.,807021,쇼핑몰,헤어/바디케어,OO 아** 모이스춰라이저 400ml 1개,"제형이 묽은타입이라 금방 잘 흡수되고 보습력도 좋아요. 타 핸드로션은 흡수되면 바로 건조해지는데, 이 제품은 건조하지 않습니다. 용량도 많아서 오래 사용할 것 같습니다. 맘에 듭니다.",보습력/수분감,보습력도 좋아요.,1,[속성] 보습력/수분감 [문장] 보습력도 좋아요.,0,보습력/수분감,unchanged
validation,train,[속성] 보습력/수분감 [문장] 건조하지 않습니다.,807021,쇼핑몰,헤어/바디케어,OO 아** 모이스춰라이저 400ml 1개,"제형이 묽은타입이라 금방 잘 흡수되고 보습력도 좋아요. 타 핸드로션은 흡수되면 바로 건조해지는데, 이 제품은 건조하지 않습니다. 용량도 많아서 오래 사용할 것 같습니다. 맘에 듭니다.",보습력/수분감,건조하지 않습니다.,1,[속성] 보습력/수분감 [문장] 건조하지 않습니다.,0,보습력/수분감,unchanged
validation,train,[속성] 보습력/수분감 [문장] 보습력이 너무 좋아요.,806869,쇼핑몰,헤어/바디케어,OO 아** 모이스춰라이저 400ml 1개,타 제품은 손에 하얗게 자국이 남을 정도로 발라야 되는데 이 제품은 조금만 발라도 건조함이 사라져요. 보습력이 너무 좋아요.,보습력/수분감,보습력이 너무 좋아요.,1,[속성] 보습력/수분감 [문장] 보습력이 너무 좋아요.,0,보습력/수분감,unchanged
validation,train,[속성] 보습력/수분감 [문장] 보습력도 적당하고,808765,쇼핑몰,헤어/바디케어,OO 바** 카모마일 크림 250ml 1개,추운 겨울에 손이 많이 건조해 지고 손 소독제도 자주 바르니 아무래도 손 관리를 해야겠다 싶어 핸드크림을 찾다가 구매하게 되었습니다. 보습력도 적당하고 빨리 흡수되는 것 같아 만족하고 있습니다.,보습력/수분감,보습력도 적당하고,1,[속성] 보습력/수분감 [문장] 보습력도 적당하고,0,보습력/수분감,unchanged
validation,train,[속성] 흡수력 [문장] 흡수도 잘 되네요.,808752,쇼핑몰,헤어/바디케어,OO 바** 카모마일 크림 250ml 1개,ㅇㅇㅇ 파란통 기대했다가 제형이 많이 묽어서 실망했네요. 여름에 바르기 좋고 대용량이라 바디로션 대용으로 적당해요. 잘 발리고 흡수도 잘 되네요.,흡수력,흡수도 잘 되네요.,1,[속성] 흡수력 [문장] 흡수도 잘 되네요.,0,흡수력,unchanged
validation,train,[속성] 보습력/수분감 [문장] 촉촉해서 만족합니다.,809558,쇼핑몰,헤어/바디케어,OO 바** 카모마일 크림 250ml 1개,건조해서 항상 이 브랜드 사용합니다. 이 제품은 처음 써봅니다. 받아 사용해보니 향은 약간 은은해서 좋고 손은 예전 제품보다 부드러워지고 촉촉해서 만족합니다. 가격도 합리적이고 계속해서 이 제품으로 사용하겠습니다.,보습력/수분감,촉촉해서 만족합니다.,1,[속성] 보습력/수분감 [문장] 촉촉해서 만족합니다.,0,보습력/수분감,unchanged
validation,train,[속성] 가격 [문장] 가격도 합리적이고,809558,쇼핑몰,헤어/바디케어,OO 바** 카모마일 크림 250ml 1개,건조해서 항상 이 브랜드 사용합니다. 이 제품은 처음 써봅니다. 받아 사용해보니 향은 약간 은은해서 좋고 손은 예전 제품보다 부드러워지고 촉촉해서 만족합니다. 가격도 합리적이고 계속해서 이 제품으로 사용하겠습니다.,가격,가격도 합리적이고,1,[속성] 가격 [문장] 가격도 합리적이고,0,가격,unchanged
validation,train,[속성] 기능/효과 [문장] 겨울에 사용하기 좋습니다.,804521,쇼핑몰,헤어/바디케어,OO 데일리 바디로션 450ml 2개,계속 사용하는 상품인데 특별하게 얘기할 건 없습니다. 겨울에 사용하기 좋습니다. 다른 제품보다 보습력이 좋습니다. 향도 진하지 않아서 좋습니다. 앞으로도 계속 사용할 예정입니다.,기능/효과,겨울에 사용하기 좋습니다.,1,[속성] 기능/효과 [문장] 겨울에 사용하기 좋습니다.,0,기능/효과,unchanged
validation,train,[속성] 지속력/유지력 [문장] 오래가요.,803427,쇼핑몰,헤어/바디케어,OO 온** 퓨어 시카 쉐어 바디로션 1000ml 1개,끈적임이 있지만 촉촉함은 오래가요. 향은 강하지도 않고 좋지도 않습니다. 은은향이 오래가지는 않습니다. 더 써보고 맘에 들면 재구매 할께요.,지속력/유지력,오래가요.,1,[속성] 지속력/유지력 [문장] 오래가요.,0,지속력/유지력,unchanged
validation,train,[속성] 자극성 [문장] 자극도 없어요,817671,쇼핑몰,헤어/바디케어,OO 랩** 센서티브 포밍 핸드워시 250ml 1개,손이 많이 건조한편이라 관리가 필요합니다. 자주 세정을 해도 보습이 좋아서 피부가 편안하니 좋습니다. 거품도 풍부하게 나와요. 용기 나오는 입구에 제품이 굳지도 않아 사용이 편하고 보기에도 좋습니다. 무엇보다 자극도 없어요. 세정하고 나면 향도 좋아서 기분이 좋습니다. 재구매 의사 있어요.,자극성,자극도 없어요,1,[속성] 자극성 [문장] 자극도 없어요,0,자극성,unchanged
validation,train,[속성] 보습력/수분감 [문장] 부드럽고,801592,쇼핑몰,헤어/바디케어,OO 세** 모이스춰라이징 크림 구형 550g 1개,부드럽고 산뜻해서 아이와 함께 사용하기 좋아요. 바를 때 부드럽게 잘 발리고 바르고 나서는 산뜻하게 마무리가 됩니다. 기름지지 않으면서 발림은 좋으니 계속 쓰게 됩니다. 사계절 내내 바르기 좋고 흡수도 잘 되어서 만족합니다. 앞으로도 쭉 이용할 것 같아요.,보습력/수분감,부드럽고,1,[속성] 보습력/수분감 [문장] 부드럽고,0,보습력/수분감,unchanged
validation,train,[속성] 편의성/활용성 [문장] 아이와 함께 사용하기 좋아요.,801592,쇼핑몰,헤어/바디케어,OO 세** 모이스춰라이징 크림 구형 550g 1개,부드럽고 산뜻해서 아이와 함께 사용하기 좋아요. 바를 때 부드럽게 잘 발리고 바르고 나서는 산뜻하게 마무리가 됩니다. 기름지지 않으면서 발림은 좋으니 계속 쓰게 됩니다. 사계절 내내 바르기 좋고 흡수도 잘 되어서 만족합니다. 앞으로도 쭉 이용할 것 같아요.,편의성/활용성,아이와 함께 사용하기 좋아요.,1,[속성] 편의성/활용성 [문장] 아이와 함께 사용하기 좋아요.,0,편의성/활용성,unchanged
validation,train,[속성] 기능/효과 [문장] 사계절 내내 바르기 좋고,801592,쇼핑몰,헤어/바디케어,OO 세** 모이스춰라이징 크림 구형 550g 1개,부드럽고 산뜻해서 아이와 함께 사용하기 좋아요. 바를 때 부드럽게 잘 발리고 바르고 나서는 산뜻하게 마무리가 됩니다. 기름지지 않으면서 발림은 좋으니 계속 쓰게 됩니다. 사계절 내내 바르기 좋고 흡수도 잘 되어서 만족합니다. 앞으로도 쭉 이용할 것 같아요.,기능/효과,사계절 내내 바르기 좋고,1,[속성] 기능/효과 [문장] 사계절 내내 바르기 좋고,0,기능/효과,unchanged
validation,train,[속성] 보습력/수분감 [문장] 보습력은 보통이지만,811393,쇼핑몰,헤어/바디케어,OO 세** 항균 핸드워시 레몬향 3500ml 1개,핸드워시이므로 보습력은 보통이지만 비누보다는 좋습니다. 구성으로 공병 2개 포함되어 좋습니다. 대용량이라 좋습니다. 가성비 최고네요.,보습력/수분감,보습력은 보통이지만,0,[속성] 보습력/수분감 [문장] 보습력은 보통이지만,2,보습력/수분감,unchanged
validation,train,[속성] 가격 [문장] 가성비 최고네요.,811393,쇼핑몰,헤어/바디케어,OO 세** 항균 핸드워시 레몬향 3500ml 1개,핸드워시이므로 보습력은 보통이지만 비누보다는 좋습니다. 구성으로 공병 2개 포함되어 좋습니다. 대용량이라 좋습니다. 가성비 최고네요.,가격,가성비 최고네요.,1,[속성] 가격 [문장] 가성비 최고네요.,0,가격,unchanged
validation,train,[속성] 지속력/유지력 [문장] 오래가서,808494,쇼핑몰,헤어/바디케어,OO 인** 리페어 핸드크림 56g 1개,OO의 OOO핸드크림은 요즘보다는 가을에서 겨울 사이에 사용하면 더 효과가 좋을 것 같아요. 사용감이 산뜻하기보다 리치한 느낌이 강해 소량 사용으로 보습력은 좋아요. 바르고 잘 문지르면 보습 효과는 오래가서 계속 사용할 것 같아요.,지속력/유지력,오래가서,1,[속성] 지속력/유지력 [문장] 오래가서,0,지속력/유지력,unchanged
validation,train,[속성] 가격 [문장] 저렴하게 구매했네요.,817472,쇼핑몰,헤어/바디케어,OO 랩** 센서티브 포밍 핸드워시 250ml 1개,여러가지 손 세정제를 사용해 봤습니다. 이 제품은 살균력 효과가 좋은 듯 해요. 순하고 보습력이 있어서 괜찮네요. 다른 라인은 사용 안 해봐서 모르겠고 아무래도 센서티브라 피부에 부담이 덜 한듯 합니다. 향도 괜찮아요. 행사할때 저렴하게 구매했네요.,가격,저렴하게 구매했네요.,1,[속성] 가격 [문장] 저렴하게 구매했네요.,0,가격,unchanged
validation,train,[속성] 편의성/활용성 [문장] 데일리로 사용하기 좋습니다.,812269,쇼핑몰,헤어/바디케어,OO 카** 클래식 핸드 앤 네일크림 100ml 1개,같은 브랜드의 다른 제품보다 보습력이 많이 떨어지는 것은 아닙니다. 확실히 손에 바르면 손이 쫀쫀하게 부드러워집니다. 데일리로 사용하기 좋습니다. 건조한 날씨에 쓰기에도 좋아서 괜히 이 브랜드가 유명한 게 아니구나 생각했습니다.,편의성/활용성,데일리로 사용하기 좋습니다.,1,[속성] 편의성/활용성 [문장] 데일리로 사용하기 좋습니다.,0,편의성/활용성,unchanged
validation,train,[속성] 사용감 [문장] 사용감이 좋아요.,803777,쇼핑몰,헤어/바디케어,OO 아이스 바디 샤워 젤 250ml 1개,향이 은은하고 좋아요. 지속력은 거의 없는 거 같습니다. 그러나 샤워 중엔 은은한 향이 나서 기분이 좋아요. 무엇보다 시원하고 사용감이 좋아요. 아쉬운 건 용량이 큰 것이 나왔으면 좋겠습니다. 용기도 펌프식으로 되었으면 더 좋을 거 같아요. 용량이 너무 작고 사용하기 불편한 점이 아쉬워요.,사용감,사용감이 좋아요.,1,[속성] 사용감 [문장] 사용감이 좋아요.,0,사용감,unchanged
validation,train,[속성] 지속력/유지력 [문장] 향이 오래가지는 않습니다.,803471,쇼핑몰,헤어/바디케어,OO 온** 퓨어 시카 쉐어 바디로션 1000ml 1개,양이 많아서 듬뿍 바르기 좋습니다. 향이 오래가지는 않습니다. 강한 향이 아니라서 좋은 것 같습니다. 처음 바를 때 많이 바르고 어느 정도 흡수가 되면 덧바르고 있습니다. 확실히 바르고 안 바르고 효과 차이가 있습니다. 일단 이 제품은 양이 많고 향이 강하지 않아 실내에서 바르기 좋은 것 같습니다. 그래서 팔꿈치랑 복숭아 뼈에도 바르고 있어요.,지속력/유지력,향이 오래가지는 않습니다.,-1,[속성] 지속력/유지력 [문장] 향이 오래가지는 않습니다.,1,지속력/유지력,unchanged
validation,train,[속성] 보습력/수분감 [문장] 보습은 최고입니다.,808469,쇼핑몰,헤어/바디케어,OO 인** 리페어 핸드크림 56g 1개,저는 피부가 매우 건조해서 잘 때는 꼭 보습 좋은 핸드크림을 바르고 자야 합니다. OO가 보습은 최고입니다. 다른 거 쓰다가도 돌아와요. 끈적이지만 결국 부드럽게 남습니다. 여름에만 끈적임 때문에 안 쓰고 항상 씁니다.,보습력/수분감,보습은 최고입니다.,1,[속성] 보습력/수분감 [문장] 보습은 최고입니다.,0,보습력/수분감,unchanged
validation,train,[속성] 흡수력 [문장] 끈적이지만,808469,쇼핑몰,헤어/바디케어,OO 인** 리페어 핸드크림 56g 1개,저는 피부가 매우 건조해서 잘 때는 꼭 보습 좋은 핸드크림을 바르고 자야 합니다. OO가 보습은 최고입니다. 다른 거 쓰다가도 돌아와요. 끈적이지만 결국 부드럽게 남습니다. 여름에만 끈적임 때문에 안 쓰고 항상 씁니다.,흡수력,끈적이지만,-1,[속성] 흡수력 [문장] 끈적이지만,1,흡수력,unchanged
validation,train,[속성] 보습력/수분감 [문장] 보습력이 정말 좋습니다.,806542,쇼핑몰,헤어/바디케어,OO 아** 모이스춰라이저 400ml 1개,이 핸드크림은 정말 좋습니다. 촉촉하고 보습력이 정말 좋습니다. 피부가 보송하네요. 향이 은은하고 상품 배송 만족하고 있습니다.,보습력/수분감,보습력이 정말 좋습니다.,1,[속성] 보습력/수분감 [문장] 보습력이 정말 좋습니다.,0,보습력/수분감,unchanged
validation,train,[속성] 보습력/수분감 [문장] 보습력도 좋습니다.,810474,쇼핑몰,헤어/바디케어,OO 바** 크림 75ml 4개,"끈적이지 않고 흡수가 잘 되어 좋습니다. 보습력도 좋습니다. OOO은 너무 기름져서 별로였는데, 이 제품은 기름지지 않아서 마음에 듭니다.",보습력/수분감,보습력도 좋습니다.,1,[속성] 보습력/수분감 [문장] 보습력도 좋습니다.,0,보습력/수분감,unchanged
validation,train,[속성] 가격 [문장] 가격이 좀 더 저렴하면 좋겠어요.,805388,쇼핑몰,헤어/바디케어,OO 아** 폼 핸드솝 레몬향 250ml 1개,OO 쓰다가 거품 타입을 써보고 싶어서 샀습니다. 젤 타입만 쓰다가 거품 타입을 써보니 편하고 손이 잘 닦이는 느낌이 들어요. 향도 나쁘지 않아요. 가격이 좀 더 저렴하면 좋겠어요.,가격,가격이 좀 더 저렴하면 좋겠어요.,-1,[속성] 가격 [문장] 가격이 좀 더 저렴하면 좋겠어요.,1,가격,unchanged
validation,train,[속성] 유통기한 [문장] 유통기한도 길어서 맘에 들어요.,810108,쇼핑몰,헤어/바디케어,OO 바** 크림 75ml 4개,손의 보습력이 떨어져 항상 건조한데 생각날 때마다 바를려고 주문했습니다. 용기가 튜브형이라 아무때나 바르기 좋습니다. 촉촉하고 향도 좋습니다. 유통기한도 길어서 맘에 들어요.,유통기한,유통기한도 길어서 맘에 들어요.,1,[속성] 유통기한 [문장] 유통기한도 길어서 맘에 들어요.,0,유통기한,unchanged
validation,train,[속성] 보습력/수분감 [문장] 보습력도 괜찮습니다.,808403,쇼핑몰,헤어/바디케어,OO 인** 리페어 핸드크림 56g 1개,비슷한 가격대 다른 제품보다 보습력이 훨씬 좋아요. 보이는 곳에 두고 막 쓰기 위해 가격 착한 핸드크림 이것저것 사봤는데 이건 흡수력도 좋고 보습력도 괜찮습니다. 디자인도 세련된 편이라 계속 사용할 것 같아요.,보습력/수분감,보습력도 괜찮습니다.,1,[속성] 보습력/수분감 [문장] 보습력도 괜찮습니다.,0,보습력/수분감,unchanged
validation,train,[속성] 보습력/수분감 [문장] 촉촉함도 좋고,813162,쇼핑몰,헤어/바디케어,OO 시** 드라이 스킨 핸드크림 150ml 1개,아무리 다른 브랜드를 써보아도 다시 돌아오게 되는 인생 템입니다. 여러분 핸드크림은 무조건 이거 쓰세요. 촉촉함도 좋고 잔향도 좋습니다.,보습력/수분감,촉촉함도 좋고,1,[속성] 보습력/수분감 [문장] 촉촉함도 좋고,0,보습력/수분감,unchanged
validation,train,[속성] 흡수력 [문장] 흡수가 잘 안되네요.,808813,쇼핑몰,헤어/바디케어,OO 바** 카모마일 크림 250ml 1개,언니가 추천해서 처음으로 주문했습니다. 제형이 꾸덕해서 흡수가 잘 안되네요. 끈적임도 있어서 사용하기 불편합니다. 향도 무난한 향은 아니네요. 보습력도 보통입니다.,흡수력,흡수가 잘 안되네요.,-1,[속성] 흡수력 [문장] 흡수가 잘 안되네요.,1,흡수력,unchanged
validation,train,[속성] 흡수력 [문장] 끈적임도 있어서,808813,쇼핑몰,헤어/바디케어,OO 바** 카모마일 크림 250ml 1개,언니가 추천해서 처음으로 주문했습니다. 제형이 꾸덕해서 흡수가 잘 안되네요. 끈적임도 있어서 사용하기 불편합니다. 향도 무난한 향은 아니네요. 보습력도 보통입니다.,흡수력,끈적임도 있어서,-1,[속성] 흡수력 [문장] 끈적임도 있어서,1,흡수력,unchanged
validation,train,[속성] 편의성/활용성 [문장] 사용하기 불편합니다.,808813,쇼핑몰,헤어/바디케어,OO 바** 카모마일 크림 250ml 1개,언니가 추천해서 처음으로 주문했습니다. 제형이 꾸덕해서 흡수가 잘 안되네요. 끈적임도 있어서 사용하기 불편합니다. 향도 무난한 향은 아니네요. 보습력도 보통입니다.,편의성/활용성,사용하기 불편합니다.,-1,[속성] 편의성/활용성 [문장] 사용하기 불편합니다.,1,편의성/활용성,unchanged
validation,train,[속성] 보습력/수분감 [문장] 촉촉해서 좋은 것 같습니다.,804760,쇼핑몰,헤어/바디케어,OO 데일리 바디로션 450ml 2개,저는 향이 살짝 안 좋은 것 같지만 샤워 후 바르고 나면 끈적이지 않고 촉촉해서 좋은 것 같습니다.,보습력/수분감,촉촉해서 좋은 것 같습니다.,1,[속성] 보습력/수분감 [문장] 촉촉해서 좋은 것 같습니다.,0,보습력/수분감,unchanged
validation,train,[속성] 가격 [문장] 가격이 비싼 편입니다.,813125,쇼핑몰,헤어/바디케어,OO 시** 드라이 스킨 핸드크림 150ml 1개,손이 많이 건조하고 습진까지 있어서 보습이 필수인데 친구가 좋다고 추천해서 구매했습니다. 일단 가격이 비싼 편입니다. 보습력은 아직 잘 모르겠습니다. 향은 괜찮은 것 같습니다. 건조한 손에 효과 있었으면 좋겠습니다.,가격,가격이 비싼 편입니다.,-1,[속성] 가격 [문장] 가격이 비싼 편입니다.,1,가격,unchanged
validation,train,[속성] 유통기한 [문장] 유통기한도 넉넉해서,804269,쇼핑몰,헤어/바디케어,OO 데일리 바디로션 450ml 2개,보습력도 좋고 향도 좋습니다. 유통기한도 넉넉해서 잘 산 것 같습니다.,유통기한,유통기한도 넉넉해서,1,[속성] 유통기한 [문장] 유통기한도 넉넉해서,0,유통기한,unchanged
validation,train,[속성] 지속력/유지력 [문장] 촉촉함이 오래가지 않아서 아쉽네요.,802002,쇼핑몰,헤어/바디케어,OO 바** 맨 리페어링 모이스처 로션 450ml 2개,건조해지는 피부에 사용하려고 구입했습니다. ㅇㅇㅇ 모이스처 로션은 촉촉함이 오래가지 않아서 아쉽네요. 향도 조금 진해서 별로에요. 마음에 들지 않는 로션입니다.,지속력/유지력,촉촉함이 오래가지 않아서 아쉽네요.,-1,[속성] 지속력/유지력 [문장] 촉촉함이 오래가지 않아서 아쉽네요.,1,지속력/유지력,unchanged
validation,train,[속성] 품질 [문장] 품질도 좋고,813730,쇼핑몰,헤어/바디케어,OO 시** 드라이 스킨 핸드크림 150ml 1개,여러 가지 핸드크림을 써봤지만 이만한 게 없어요. 품질도 좋고 향도 좋고 지속력도 만족합니다. 이번엔 선물용으로 샀습니다.,품질,품질도 좋고,1,[속성] 품질 [문장] 품질도 좋고,0,품질,unchanged
validation,train,[속성] 지속력/유지력 [문장] 지속력도 만족합니다.,813730,쇼핑몰,헤어/바디케어,OO 시** 드라이 스킨 핸드크림 150ml 1개,여러 가지 핸드크림을 써봤지만 이만한 게 없어요. 품질도 좋고 향도 좋고 지속력도 만족합니다. 이번엔 선물용으로 샀습니다.,지속력/유지력,지속력도 만족합니다.,1,[속성] 지속력/유지력 [문장] 지속력도 만족합니다.,0,지속력/유지력,unchanged
validation,train,[속성] 보습력/수분감 [문장] 보습력이 아주 좋습니다.,808348,쇼핑몰,헤어/바디케어,OO 인** 리페어 핸드크림 56g 1개,말이 필요 없는 제품이네요. 소독제 때문에 손이 많이 거칠어졌는데 많이 부드러워졌습니다. 바를 때 조금 끈적임이 있지만 보습력이 아주 좋습니다.,보습력/수분감,보습력이 아주 좋습니다.,1,[속성] 보습력/수분감 [문장] 보습력이 아주 좋습니다.,0,보습력/수분감,unchanged
validation,train,[속성] 제품구성 [문장] 1+1이라,808302,쇼핑몰,헤어/바디케어,OO 인** 리페어 핸드크림 56g 1개,"1+1이라 구매했는데, 56g으로 생각보다 양이 적어 가격이 저렴하진 않습니다. 보습력은 보통입니다. 끈적임도 있습니다.",제품구성,1+1이라,1,[속성] 제품구성 [문장] 1+1이라,0,제품구성,unchanged
validation,train,[속성] 보습력/수분감 [문장] 보습력은 보통입니다.,808302,쇼핑몰,헤어/바디케어,OO 인** 리페어 핸드크림 56g 1개,"1+1이라 구매했는데, 56g으로 생각보다 양이 적어 가격이 저렴하진 않습니다. 보습력은 보통입니다. 끈적임도 있습니다.",보습력/수분감,보습력은 보통입니다.,0,[속성] 보습력/수분감 [문장] 보습력은 보통입니다.,2,보습력/수분감,unchanged
validation,train,[속성] 흡수력 [문장] 끈적임도 있습니다.,808302,쇼핑몰,헤어/바디케어,OO 인** 리페어 핸드크림 56g 1개,"1+1이라 구매했는데, 56g으로 생각보다 양이 적어 가격이 저렴하진 않습니다. 보습력은 보통입니다. 끈적임도 있습니다.",흡수력,끈적임도 있습니다.,-1,[속성] 흡수력 [문장] 끈적임도 있습니다.,1,흡수력,unchanged
validation,train,[속성] 보습력/수분감 [문장] 건조함이 없어요,817322,쇼핑몰,헤어/바디케어,OO 랩** 센서티브 포밍 핸드워시 250ml 1개,코로나 땜에 손을 하도 씻어서 세정제를 이것저것 다 썼네요. 건조함이 없어요. 만족합니다. 또 구매의사는 있네요. 향이 쎄지 않아서 좋네요.,보습력/수분감,건조함이 없어요,1,[속성] 보습력/수분감 [문장] 건조함이 없어요,0,보습력/수분감,unchanged
validation,train,[속성] 편의성/활용성 [문장] 사용하기도 불편해서,801663,쇼핑몰,헤어/바디케어,OO 세** 모이스춰라이징 크림 구형 550g 1개,아이들이 사용하기 안 좋은 제품입니다. 가성비가 좋지 않습니다. 사용하기도 불편해서 추천 하고 싶지 않습니다. 다른 제품 사세요.,편의성/활용성,사용하기도 불편해서,-1,[속성] 편의성/활용성 [문장] 사용하기도 불편해서,1,편의성/활용성,unchanged
validation,train,[속성] 보습력/수분감 [문장] 수분감도 좋고,803191,쇼핑몰,헤어/바디케어,OO 온** 퓨어 시카 쉐어 바디로션 1000ml 1개,샤워 후에 물기 대강 말리고 전신에 후다닥 바르는 용도로 쓰고 있는데 발림성도 좋고 수분감도 좋고 향도 좋습니다. 대용량이라 부담없이 쓸 수 있고 가성비 최고입니다.,보습력/수분감,수분감도 좋고,1,[속성] 보습력/수분감 [문장] 수분감도 좋고,0,보습력/수분감,unchanged
validation,train,[속성] 가격 [문장] 가성비 최고입니다.,803191,쇼핑몰,헤어/바디케어,OO 온** 퓨어 시카 쉐어 바디로션 1000ml 1개,샤워 후에 물기 대강 말리고 전신에 후다닥 바르는 용도로 쓰고 있는데 발림성도 좋고 수분감도 좋고 향도 좋습니다. 대용량이라 부담없이 쓸 수 있고 가성비 최고입니다.,가격,가성비 최고입니다.,1,[속성] 가격 [문장] 가성비 최고입니다.,0,가격,unchanged
validation,train,[속성] 보습력/수분감 [문장] 촉촉해서 좋습니다,809385,쇼핑몰,헤어/바디케어,OO 바** 카모마일 크림 250ml 1개,자기전에 꼭 사용합니다. 손발에 다 발라도 부담없이 좋습니다. 촉촉해서 좋습니다. 역시 핸드크림은 ㅇㅇㅇ입니다. 향도 매번 맡던 향이라 친근해서 좋아요. 빠른 배송 감사합니다. 피부가 더 촉촉해지도록 매일매일 바르고 있습니다.,보습력/수분감,촉촉해서 좋습니다,1,[속성] 보습력/수분감 [문장] 촉촉해서 좋습니다,0,보습력/수분감,unchanged
validation,train,[속성] 보습력/수분감 [문장] 너무 촉촉합니다.,813864,쇼핑몰,헤어/바디케어,OO 시** 드라이 스킨 핸드크림 150ml 1개,다른 핸드크림은 바르고 나서 별로 안 촉촉한데 OO은 수분이 날아가지 않게 꽉 잡아주니 시간이 지나도 너무 촉촉합니다. 하지만 가격이 부담 되어서 행사할 때만 사요. 행사 안 하면 너무 비쌉니다.,보습력/수분감,너무 촉촉합니다.,1,[속성] 보습력/수분감 [문장] 너무 촉촉합니다.,0,보습력/수분감,unchanged
validation,train,[속성] 가격 [문장] 너무 비쌉니다.,813864,쇼핑몰,헤어/바디케어,OO 시** 드라이 스킨 핸드크림 150ml 1개,다른 핸드크림은 바르고 나서 별로 안 촉촉한데 OO은 수분이 날아가지 않게 꽉 잡아주니 시간이 지나도 너무 촉촉합니다. 하지만 가격이 부담 되어서 행사할 때만 사요. 행사 안 하면 너무 비쌉니다.,가격,너무 비쌉니다.,-1,[속성] 가격 [문장] 너무 비쌉니다.,1,가격,unchanged
validation,train,[속성] 가격 [문장] 저렴한,809732,쇼핑몰,헤어/바디케어,OO 크** 폼 솝 그린 플로럴향 4000ml 1개,OOO 제품만 쭉 사용하다가 저렴한 대용량 제품을 만나서 좋습니다. 아직 미사용이지만 효과도 좋으리라 생각합니다. 배송은 뽁뽁이 하나없이 왔지만 이상은 없네요.,가격,저렴한,1,[속성] 가격 [문장] 저렴한,0,가격,unchanged
validation,train,[속성] 흡수력 [문장] 끈적임이 없이,813899,쇼핑몰,헤어/바디케어,OO 시** 드라이 스킨 핸드크림 150ml 1개,배송 빠르네요. 쿠폰 덕분에 저렴하게 잘 샀네요. 이만한게 없어요. 부드럽게 흡수되고 끈적임이 없이 잘 발려요.,흡수력,끈적임이 없이,1,[속성] 흡수력 [문장] 끈적임이 없이,0,흡수력,unchanged
validation,train,[속성] 품질 [문장] 품질이 좋아요.,813678,쇼핑몰,헤어/바디케어,OO 시** 드라이 스킨 핸드크림 150ml 1개,상품 품질이 좋아요. 마음에 듭니다. OO을 좋아해서 몇 년째 쓰고 있습니다. 겨울철엔 대용량이 필수입니다. 끈적임도 심하지 않고 요즘 같이 손 자주 씻을 때 가성비 괜찮은 OO이에요.,품질,품질이 좋아요.,1,[속성] 품질 [문장] 품질이 좋아요.,0,품질,unchanged
validation,train,[속성] 흡수력 [문장] 끈적임도 심하지 않고,813678,쇼핑몰,헤어/바디케어,OO 시** 드라이 스킨 핸드크림 150ml 1개,상품 품질이 좋아요. 마음에 듭니다. OO을 좋아해서 몇 년째 쓰고 있습니다. 겨울철엔 대용량이 필수입니다. 끈적임도 심하지 않고 요즘 같이 손 자주 씻을 때 가성비 괜찮은 OO이에요.,흡수력,끈적임도 심하지 않고,0,[속성] 흡수력 [문장] 끈적임도 심하지 않고,2,흡수력,unchanged
validation,train,[속성] 가격 [문장] 저렴하게 구매해서 좋아요.,806281,쇼핑몰,헤어/바디케어,OO 아* *폼 핸드솝 순 파우더향 리필 450ml 3개,코로나시대 필수 용품을 저렴하게 구매해서 좋아요. 뽀득뽀득 잘 씻어지네요.,가격,저렴하게 구매해서 좋아요.,1,[속성] 가격 [문장] 저렴하게 구매해서 좋아요.,0,가격,unchanged
validation,train,[속성] 가격 [문장] 저렴해서 구매했습니다.,810147,쇼핑몰,헤어/바디케어,OO 바** 크림 75ml 4개,겨울이 되면 손이 너무 건조해져요. 그래서 좋다는 ㅇㅇ도 써봤지만 좋기는 하지만 저한텐 너무 뻑뻑한 감이 있고 무엇보다 가성비 대비 품질이 별로에요. ㅇㅇ은 너무 비싸요. ㅇㅇㅇ핸드크림도 같은 독일 제품이고 금액이 저렴해서 구매했습니다. 가성비 품질이 별로에요. 발랐을 때 촉촉함이 덜 합니다. 보습력이 너무 약합니다. 그리고 제형이 끈적임도 있어요. 향은 강하지는 않고 보통입니다. 신랑은 향이 강하다고 싫다고 하네요. 올 겨울에는 안 맞을 것 같아요. 다른 걸로 갈아타야겠습니다.,가격,저렴해서 구매했습니다.,1,[속성] 가격 [문장] 저렴해서 구매했습니다.,0,가격,unchanged
validation,train,[속성] 유통기한 [문장] 유통기한이 좀 짧아서 아쉽네요.,806746,쇼핑몰,헤어/바디케어,OO 아** 모이스춰라이저 400ml 1개,핸드크림 중 품질이 최고인 것 같아요. 지인드리려고 3개 구입했습니다. 유통기한이 좀 짧아서 아쉽네요. 그래도 좋은 가격에 사서 좋습니다.,유통기한,유통기한이 좀 짧아서 아쉽네요.,-1,[속성] 유통기한 [문장] 유통기한이 좀 짧아서 아쉽네요.,1,유통기한,unchanged
validation,train,[속성] 발림성 [문장] 발림성도 좋네요.,813130,쇼핑몰,헤어/바디케어,OO 시** 드라이 스킨 핸드크림 150ml 1개,핸드 크림 중에 단연 최고입니다. 향도 좋고 발림성도 좋네요. 저는 아토피 피부에 건조한 피부입니다. 이렇게 촉촉하면서 끈적이지 않고 보습력 있는 핸드크림은 유일하네요. 추천하는 제품입니다.,발림성,발림성도 좋네요.,1,[속성] 발림성 [문장] 발림성도 좋네요.,0,발림성,unchanged
validation,train,[속성] 흡수력 [문장] 무겁지 않고,810036,쇼핑몰,헤어/바디케어,OO 바** 크림 75ml 4개,튜브형보다 틴케이스가 더 정감 있고 사용하기 편한 것 같습니다. 남김 없이 쓸 수 있는 용기라는 점도 좋습니다. 꾸덕한 제형의 크림이라 바를 때 뻑뻑하지만 손의 건조함을 즉각 해결해 줘요. 무겁지 않고 유분감이 오래 느껴지지 않습니다.,흡수력,무겁지 않고,0,[속성] 흡수력 [문장] 무겁지 않고,2,흡수력,unchanged
validation,train,[속성] 보습력/수분감 [문장] 보습력이 약하네요.,813366,쇼핑몰,헤어/바디케어,OO 시** 드라이 스킨 핸드크림 150ml 1개,손이 항상 건조해서 핸드크림 꾸준히 바르고 있습니다. 이번 제품은 보습력이 약하네요. 이벤트 기간으로 저렴하게는 구입했습니다.,보습력/수분감,보습력이 약하네요.,-1,[속성] 보습력/수분감 [문장] 보습력이 약하네요.,1,보습력/수분감,unchanged
validation,train,[속성] 보습력/수분감 [문장] 보습력이 좋습니다.,809523,쇼핑몰,헤어/바디케어,OO 바** 카모마일 크림 250ml 1개,유분감이 뛰어나서 보습력이 좋습니다. 겨울철 필수템입니다. 튼 손에 바르고 자면 다음날까지 촉촉하고 진정돼요.,보습력/수분감,보습력이 좋습니다.,1,[속성] 보습력/수분감 [문장] 보습력이 좋습니다.,0,보습력/수분감,unchanged
validation,train,[속성] 기능/효과 [문장] 겨울철 필수템입니다.,809523,쇼핑몰,헤어/바디케어,OO 바** 카모마일 크림 250ml 1개,유분감이 뛰어나서 보습력이 좋습니다. 겨울철 필수템입니다. 튼 손에 바르고 자면 다음날까지 촉촉하고 진정돼요.,기능/효과,겨울철 필수템입니다.,1,[속성] 기능/효과 [문장] 겨울철 필수템입니다.,0,기능/효과,unchanged
validation,train,[속성] 보습력/수분감 [문장] 건조하지도 않습니다.,817360,쇼핑몰,헤어/바디케어,OO 랩** 센서티브 포밍 핸드워시 250ml 1개,향에 대해서 평이 제각각 다르던데 제가 맡기에는 괜찮은 향인 것 같습니다. 원래 부드럽고 은근한 향을 좋아해서 그런지 저는 이 향이 은은하게 좋습니다. 세정력도 만족스럽습니다. 여기저기 두고 자주 쓰는데 건조하지도 않습니다. 꾸준히 쓰려고 합니다.,보습력/수분감,건조하지도 않습니다.,1,[속성] 보습력/수분감 [문장] 건조하지도 않습니다.,0,보습력/수분감,unchanged
validation,train,[속성] 편의성/활용성 [문장] 쓰기 편하네요.,811360,쇼핑몰,헤어/바디케어,OO 세** 항균 핸드워시 레몬향 3500ml 1개,향도 좋고 손 씻은 후 냄새가 오래 남아 있지 않고 독하지 않아요. 대용량 구매하니 양이 많아 오래 써서 좋고 잘 씻깁니다. 비누 쓰다가 핸드워시라는 게 나왔기에 바꾸었더니 쓰기 편하네요. 다른 향보다 레몬향이 더 좋습니다.,편의성/활용성,쓰기 편하네요.,1,[속성] 편의성/활용성 [문장] 쓰기 편하네요.,0,편의성/활용성,unchanged
validation,train,[속성] 보습력/수분감 [문장] 보습력도 좋습니다,810850,쇼핑몰,헤어/바디케어,OO 바** 크림 75ml 4개,재구매 합니다. 전에 사용하던 제품이 있는데 향은 좋지만 보습력이 떨어져 이제품으로 구매해서 사용해봤습니다. 보습력 아주 만족합니다. 유분기만 많은 제품이 아니라 보습력도 좋습니다. 흡수력도 좋아요. 이제품 사용후 건조함이 없어졌어요. 제품 입구가 평평해서 처음 사용할땐 불편했는데 계속 사용해보니 훨씬 깔끔하고 좋습니다.,보습력/수분감,보습력도 좋습니다,1,[속성] 보습력/수분감 [문장] 보습력도 좋습니다,0,보습력/수분감,unchanged
validation,train,[속성] 흡수력 [문장] 흡수력도 좋아요,810850,쇼핑몰,헤어/바디케어,OO 바** 크림 75ml 4개,재구매 합니다. 전에 사용하던 제품이 있는데 향은 좋지만 보습력이 떨어져 이제품으로 구매해서 사용해봤습니다. 보습력 아주 만족합니다. 유분기만 많은 제품이 아니라 보습력도 좋습니다. 흡수력도 좋아요. 이제품 사용후 건조함이 없어졌어요. 제품 입구가 평평해서 처음 사용할땐 불편했는데 계속 사용해보니 훨씬 깔끔하고 좋습니다.,흡수력,흡수력도 좋아요,1,[속성] 흡수력 [문장] 흡수력도 좋아요,0,흡수력,unchanged
validation,train,[속성] 기능/효과 [문장] 겨울에 사용하기 안 좋은 것 같습니다.,813347,쇼핑몰,헤어/바디케어,OO 시** 드라이 스킨 핸드크림 150ml 1개,처음 구매를 하게 된 제품입니다. 향이 파우더 향이 너무 진해서 아쉬운 것 같고 너무 끈적거리는 것 같습니다. 용량도 생각보다 크지 않아서 아쉬운 것 같습니다. 겨울에 사용하기 안 좋은 것 같습니다.,기능/효과,겨울에 사용하기 안 좋은 것 같습니다.,-1,[속성] 기능/효과 [문장] 겨울에 사용하기 안 좋은 것 같습니다.,1,기능/효과,unchanged
validation,train,[속성] 보습력/수분감 [문장] 보습력이 정말 좋아서,803734,쇼핑몰,헤어/바디케어,OO 온** 퓨어 시카 쉐어 바디로션 1000ml 1개,보습력이 정말 좋아서 잘 사용하고 있습니다. 향도 은은해서 좋습니다. 발림성도 좋고 용량도 많아 오래 사용해요. 여름에는 쓰기 안 좋지만 꾸준히 사용하려고 합니다.,보습력/수분감,보습력이 정말 좋아서,1,[속성] 보습력/수분감 [문장] 보습력이 정말 좋아서,0,보습력/수분감,unchanged
validation,train,[속성] 보습력/수분감 [문장] 보습력이 좋아요.,808526,쇼핑몰,헤어/바디케어,OO 인** 리페어 핸드크림 56g 1개,보습력이 좋아요. 다른 제품에 비해 비싸지만 제품은 너무 좋습니다. 원플원 행사할 때 사서 다행인 거 같아요. 다 쓰고 행사 또 하면 재구매할 예정입니다.,보습력/수분감,보습력이 좋아요.,1,[속성] 보습력/수분감 [문장] 보습력이 좋아요.,0,보습력/수분감,unchanged
validation,train,[속성] 흡수력 [문장] 흡수가 느리지만,807695,쇼핑몰,헤어/바디케어,OO 인** 리페어 핸드크림 56g 1개,젊었을 땐 거칠게 손을 사용해도 타고났다며 핸드크림을 유통기한 지나서 항상 버렸는데 이제 고보습을 찾게 돼요. 제형이 너무 진해서 흡수가 느리지만 바르면 피부가 실키하고 보드라워집니다.,흡수력,흡수가 느리지만,-1,[속성] 흡수력 [문장] 흡수가 느리지만,1,흡수력,unchanged
validation,train,[속성] 가격 [문장] 값도 싸고,809515,쇼핑몰,헤어/바디케어,OO 바** 카모마일 크림 250ml 1개,양이 넉넉해서 부담없이 쓸 수 있어요. 값도 싸고 보습력도 오래가고 참 좋은 제품입니다.,가격,값도 싸고,1,[속성] 가격 [문장] 값도 싸고,0,가격,unchanged
validation,train,[속성] 제품구성 [문장] 1+1이어서,817504,쇼핑몰,헤어/바디케어,OO 랩** 센서티브 포밍 핸드워시 250ml 1개,1+1이어서 저렴하게 구매했어요. 요즘에 꼭 필요한 손세정제 계속 세일 많이 해줬으면 좋겠어요.,제품구성,1+1이어서,1,[속성] 제품구성 [문장] 1+1이어서,0,제품구성,unchanged
validation,train,[속성] 가격 [문장] 저렴하게 구매했어요,817504,쇼핑몰,헤어/바디케어,OO 랩** 센서티브 포밍 핸드워시 250ml 1개,1+1이어서 저렴하게 구매했어요. 요즘에 꼭 필요한 손세정제 계속 세일 많이 해줬으면 좋겠어요.,가격,저렴하게 구매했어요,1,[속성] 가격 [문장] 저렴하게 구매했어요,0,가격,unchanged
validation,train,[속성] 흡수력 [문장] 끈적여서 별로예요.,801861,쇼핑몰,헤어/바디케어,OO 바** 맨 리페어링 모이스처 로션 450ml 2개,향은 나쁘지 않아요. 그런데 끈적여서 별로예요. 생각보다 유통기한도 짧아요. 용기에 적힌 유통기한이 잘 안 보여서 한참 찾았네요. 재구매는 안 할 거 같아요.,흡수력,끈적여서 별로예요.,-1,[속성] 흡수력 [문장] 끈적여서 별로예요.,1,흡수력,unchanged
validation,train,[속성] 흡수력 [문장] 끈적거리지 않아서 좋습니다.,807059,쇼핑몰,헤어/바디케어,OO 아** 모이스춰라이저 400ml 1개,다른 크림은 사용하기 불편했는데 이 제품은 용기가 펌핑이라서 좋은 것 같습니다. 촉촉하고 끈적거리지 않아서 좋습니다.,흡수력,끈적거리지 않아서 좋습니다.,1,[속성] 흡수력 [문장] 끈적거리지 않아서 좋습니다.,0,흡수력,unchanged
validation,train,[속성] 흡수력 [문장] 부드럽게 스며들어,808670,쇼핑몰,헤어/바디케어,OO 바** 카모마일 크림 250ml 1개,착한 가격의 착한 로션 개인적으로 샤워 후 발등에 수시로 바르고 있어요. 겨울철 까칠한 발등이나 각질제거 후 로션을 발라주면 부드럽게 스며들어 부드러운 느낌이 좋아요. 물론 손에도 수시로 바릅니다.,흡수력,부드럽게 스며들어,1,[속성] 흡수력 [문장] 부드럽게 스며들어,0,흡수력,unchanged
validation,train,[속성] 보습력/수분감 [문장] 촉촉함도 부족하네요.,808254,쇼핑몰,헤어/바디케어,OO 인** 리페어 핸드크림 56g 1개,날씨가 추워져서 구매했습니다. 꾸덕한 크림제형으로 매트하게 발리네요. 피부에 잘 스며들지 않습니다. 건성피부라 촉촉함도 부족하네요. 겨울에 바르면 좀 건조할 것 같습니다.,보습력/수분감,촉촉함도 부족하네요.,-1,[속성] 보습력/수분감 [문장] 촉촉함도 부족하네요.,1,보습력/수분감,unchanged
validation,train,[속성] 보습력/수분감 [문장] 건조할 것 같습니다.,808254,쇼핑몰,헤어/바디케어,OO 인** 리페어 핸드크림 56g 1개,날씨가 추워져서 구매했습니다. 꾸덕한 크림제형으로 매트하게 발리네요. 피부에 잘 스며들지 않습니다. 건성피부라 촉촉함도 부족하네요. 겨울에 바르면 좀 건조할 것 같습니다.,보습력/수분감,건조할 것 같습니다.,-1,[속성] 보습력/수분감 [문장] 건조할 것 같습니다.,1,보습력/수분감,unchanged
validation,train,[속성] 보습력/수분감 [문장] 정말 촉촉하고,809064,쇼핑몰,헤어/바디케어,OO 바** 카모마일 크림 250ml 1개,이 브랜드 핸드크림의 장점은 용기가 캔으로 되어있어 뚜껑 열고 바로 푹 퍼서 바르니 무척 좋습니다. 그리고 끝까지 깔끔하게 쓸 수 있는 점도 좋습니다. 핸드크림으로도 정말 촉촉하고 끈적임 없이 금방 잘 스며들어 손 트임 없이 부드럽고 좋습니다.,보습력/수분감,정말 촉촉하고,1,[속성] 보습력/수분감 [문장] 정말 촉촉하고,0,보습력/수분감,unchanged
validation,train,[속성] 제형 [문장] 제형이 너무 묽어서 인지,808802,쇼핑몰,헤어/바디케어,OO 바** 카모마일 크림 250ml 1개,용기가 너무 커서 불편합니다. 저는 손을 자주 씻어서 건조한 편입니다. 이거 발라도 촉촉함이 없습니다. 제형이 너무 묽어서 인지 보습력이 생각보다 많이 떨어지는 것 같습니다.,제형,제형이 너무 묽어서 인지,-1,[속성] 제형 [문장] 제형이 너무 묽어서 인지,1,제형,unchanged
validation,train,[속성] 흡수력 [문장] 흡수가 빠르고,807520,쇼핑몰,헤어/바디케어,OO 아** 모이스춰라이저 400ml 1개,흡수가 빠르고 사용감이 가벼우면서도 효과도 좋은 제품이에요. 튜브형 크림 보다 자주 손을 씻는 저에게는 잘 맞는 제품인 것 같아요.,흡수력,흡수가 빠르고,1,[속성] 흡수력 [문장] 흡수가 빠르고,0,흡수력,unchanged
validation,train,[속성] 흡수력 [문장] 끈적이지 않네요.,802809,쇼핑몰,헤어/바디케어,OO 온** 퓨어 시카 쉐어 바디로션 1000ml 1개,사계절 내내 바디로션을 바르고 있어서 저렴하고 가성비 좋은 제품들을 여러 가지 써봤어요. 정착할 제품을 찾고 있던 중 세일하길래 구매하게 되었습니다. 보습력이 적당하고 끈적이지 않네요. 향도 나쁘지 않습니다.,흡수력,끈적이지 않네요.,1,[속성] 흡수력 [문장] 끈적이지 않네요.,0,흡수력,unchanged
validation,train,[속성] 기능/효과 [문장] 겨울에 사용하기는 별로네요.,803660,쇼핑몰,헤어/바디케어,OO 온** 퓨어 시카 쉐어 바디로션 1000ml 1개,제형이 너무 묽어서 그런지 촉촉함이 오래가지 않네요. 향도 좋아하는 타입의 향이 아니에요. 겨울에 사용하기는 별로네요. 저랑은 안맞는 것 같습니다.,기능/효과,겨울에 사용하기는 별로네요.,-1,[속성] 기능/효과 [문장] 겨울에 사용하기는 별로네요.,1,기능/효과,unchanged
validation,train,[속성] 기능/효과 [문장] 저랑은 안맞는 것 같습니다.,803660,쇼핑몰,헤어/바디케어,OO 온** 퓨어 시카 쉐어 바디로션 1000ml 1개,제형이 너무 묽어서 그런지 촉촉함이 오래가지 않네요. 향도 좋아하는 타입의 향이 아니에요. 겨울에 사용하기는 별로네요. 저랑은 안맞는 것 같습니다.,기능/효과,저랑은 안맞는 것 같습니다.,-1,[속성] 기능/효과 [문장] 저랑은 안맞는 것 같습니다.,1,기능/효과,unchanged
validation,train,[속성] 기능/효과 [문장] 겨울에 사용하기 좋아요.,813174,쇼핑몰,헤어/바디케어,OO 시** 드라이 스킨 핸드크림 150ml 1개,"선물 하기 좋은 제품입니다. 주는 사람도 좋고, 받는 사람도 좋은 제품인 거 같아요. 보습력이 좋아서 겨울에 사용하기 좋아요. 향도 좋아요. 사이즈도 적당해서 가방에 넣고 사용하기도 좋습니다. 선물 받으신 분도 만족해하시네요.",기능/효과,겨울에 사용하기 좋아요.,1,[속성] 기능/효과 [문장] 겨울에 사용하기 좋아요.,0,기능/효과,unchanged
validation,train,[속성] 성분 [문장] 성분도 착하고,812908,쇼핑몰,헤어/바디케어,OO 카** 클래식 핸드 앤 네일크림 100ml 1개,성분도 착하고 가성비 좋은 제품입니다. 촉촉하고 좋아요. 그런데 향이 제 취향에 안 맞네요.,성분,성분도 착하고,1,[속성] 성분 [문장] 성분도 착하고,0,성분,unchanged
validation,train,[속성] 흡수력 [문장] 흡수도 빠르고,808717,쇼핑몰,헤어/바디케어,OO 바** 카모마일 크림 250ml 1개,핸드크림의 최강자인 듯합니다. 향도 좋고 가격도 좋고 보습도 너무 잘 되어 좋습니다. 로션은 이런 질감이 안 나오는 것 같네요. 크림이 가장 좋습니다. 제형이 퍽퍽하면서도 잘 발라지고 흡수도 빠르고 발꿈치에 바르고 자면 촉촉함이 너무 좋네요.,흡수력,흡수도 빠르고,1,[속성] 흡수력 [문장] 흡수도 빠르고,0,흡수력,unchanged
validation,train,[속성] 디자인 [문장] 디자인도 마음에 듭니다.,813291,쇼핑몰,헤어/바디케어,OO 시** 드라이 스킨 핸드크림 150ml 1개,품질도 좋고 디자인도 마음에 듭니다. 가격도 저렴하고 배송도 빨랐어요. 향도 너무 좋고 발림성도 정말 좋아요. 써본 핸드크림 가장 좋습니다.,디자인,디자인도 마음에 듭니다.,1,[속성] 디자인 [문장] 디자인도 마음에 듭니다.,0,디자인,unchanged
validation,train,[속성] 발림성 [문장] 발림성도 정말 좋아요.,813291,쇼핑몰,헤어/바디케어,OO 시** 드라이 스킨 핸드크림 150ml 1개,품질도 좋고 디자인도 마음에 듭니다. 가격도 저렴하고 배송도 빨랐어요. 향도 너무 좋고 발림성도 정말 좋아요. 써본 핸드크림 가장 좋습니다.,발림성,발림성도 정말 좋아요.,1,[속성] 발림성 [문장] 발림성도 정말 좋아요.,0,발림성,unchanged
validation,train,[속성] 가격 [문장] 저렴해서 구매했습니다,810282,쇼핑몰,헤어/바디케어,OO 바** 크림 75ml 4개,여기가 저렴해서 구매했습니다. 주말에 행사해서 여기보다 마트가 더 저렴하네요. 촉촉하고 흡수력이 좋습니다.,가격,저렴해서 구매했습니다,1,[속성] 가격 [문장] 저렴해서 구매했습니다,0,가격,unchanged
validation,train,[속성] 흡수력 [문장] 흡수력이 좋습니다.,810282,쇼핑몰,헤어/바디케어,OO 바** 크림 75ml 4개,여기가 저렴해서 구매했습니다. 주말에 행사해서 여기보다 마트가 더 저렴하네요. 촉촉하고 흡수력이 좋습니다.,흡수력,흡수력이 좋습니다.,1,[속성] 흡수력 [문장] 흡수력이 좋습니다.,0,흡수력,unchanged
validation,train,[속성] 가격 [문장] 저렴하게 구입해서,808523,쇼핑몰,헤어/바디케어,OO 인** 리페어 핸드크림 56g 1개,다른 비싼 것 보다 이제품이 제일 좋아 늘 사용합니다. 보습력 좋아 건조한 손에 늘 바르고 있어요. 1+1 행사할 때 저렴하게 구입해서 일년 내내 몇 년째 쓰고 있네요. 향이 없어서 더 맘에 듭니다.,가격,저렴하게 구입해서,1,[속성] 가격 [문장] 저렴하게 구입해서,0,가격,unchanged
validation,train,[속성] 보습력/수분감 [문장] 보습력이 부족하네요.,809564,쇼핑몰,헤어/바디케어,OO 바** 카모마일 크림 250ml 1개,"가격이 저렴해서 좋았는데, 보습력이 부족하네요. 바르고 조금 지나면 바로 건조해집니다. 보습력이 좀 더 있었으면 좋겠습니다.",보습력/수분감,보습력이 부족하네요.,-1,[속성] 보습력/수분감 [문장] 보습력이 부족하네요.,1,보습력/수분감,unchanged
validation,train,[속성] 보습력/수분감 [문장] 건조해집니다.,809564,쇼핑몰,헤어/바디케어,OO 바** 카모마일 크림 250ml 1개,"가격이 저렴해서 좋았는데, 보습력이 부족하네요. 바르고 조금 지나면 바로 건조해집니다. 보습력이 좀 더 있었으면 좋겠습니다.",보습력/수분감,건조해집니다.,-1,[속성] 보습력/수분감 [문장] 건조해집니다.,1,보습력/수분감,unchanged
validation,train,[속성] 가격 [문장] 비싼 가격 때문에,813672,쇼핑몰,헤어/바디케어,OO 시** 드라이 스킨 핸드크림 150ml 1개,겨울엔 항상 OO 핸드크림을 듬뿍듬뿍 발라요. 비싼 가격 때문에 정착하지 못하고 많은 종류의 핸드크림을 쓰다가 결국 OO을 찾게 되는 것 같습니다. 양도 많아서 오래 쓸 수 습니다. 가격이 비싼 것만 빼면 제품은 너무 좋습니다.,가격,비싼 가격 때문에,-1,[속성] 가격 [문장] 비싼 가격 때문에,1,가격,unchanged
validation,train,[속성] 가격 [문장] 가격이 비싼 것만 빼면,813672,쇼핑몰,헤어/바디케어,OO 시** 드라이 스킨 핸드크림 150ml 1개,겨울엔 항상 OO 핸드크림을 듬뿍듬뿍 발라요. 비싼 가격 때문에 정착하지 못하고 많은 종류의 핸드크림을 쓰다가 결국 OO을 찾게 되는 것 같습니다. 양도 많아서 오래 쓸 수 습니다. 가격이 비싼 것만 빼면 제품은 너무 좋습니다.,가격,가격이 비싼 것만 빼면,-1,[속성] 가격 [문장] 가격이 비싼 것만 빼면,1,가격,unchanged
validation,train,[속성] 보습력/수분감 [문장] 보습력도 좋네요.,808420,쇼핑몰,헤어/바디케어,OO 인** 리페어 핸드크림 56g 1개,직업상 손을 자주 씻다 보다 손이 계속 건조해서 구매했어요. 은은한 향도 맘에 들고 보습력도 좋네요. 1+1으로 저렴하게 구매했는데 다 사용하면 재구매할 것 같습니다.,보습력/수분감,보습력도 좋네요.,1,[속성] 보습력/수분감 [문장] 보습력도 좋네요.,0,보습력/수분감,unchanged
validation,train,[속성] 발림성 [문장] 발림도 좋아요.,812347,쇼핑몰,헤어/바디케어,OO 카** 클래식 핸드 앤 네일크림 100ml 1개,향도 진하지 않아서 좋고 끈적임도 없어서 잘 사용하고 있어요. 손을 자주 씻다 보니 자주 바르게 되는데 보습력도 좋고 발림도 좋아요. 가격도 착하고 용량도 많아서 가성비 최고인 핸드크림인 거 같아요. 계속 구매할 생각입니다.,발림성,발림도 좋아요.,1,[속성] 발림성 [문장] 발림도 좋아요.,0,발림성,unchanged
validation,train,[속성] 편의성/활용성 [문장] 사용하기 편하고 좋습니다.,809572,쇼핑몰,헤어/바디케어,OO 바** 카모마일 크림 250ml 1개,겨울이 되어서는 발뒷꿈치가 많이 건조해지고 갈라져서 ㅇㅇㅇ를 더욱 찾게 됩니다. 촉촉하니 잘 발리고 순해서 사용하기 편하고 좋습니다. 좋은 제품인것 같네요.,편의성/활용성,사용하기 편하고 좋습니다.,1,[속성] 편의성/활용성 [문장] 사용하기 편하고 좋습니다.,0,편의성/활용성,unchanged
validation,train,[속성] 가격 [문장] 가격이 비싸긴 하지만,813156,쇼핑몰,헤어/바디케어,OO 시** 드라이 스킨 핸드크림 150ml 1개,아기를 낳고 나서 정말 손을 자주 씻게 됐습니다. 코로나 후엔 더더욱 그렇고요. 그렇게 수십 번 손을 씻고 나니 손이 정말 거칠어지고 아팠는데 그때 정말 이 핸드크림 만한 게 없습니다. 부드럽게 손을 보습해 주는 느낌입니다. 가격이 비싸긴 하지만 대체할 만한 게 없어요.,가격,가격이 비싸긴 하지만,-1,[속성] 가격 [문장] 가격이 비싸긴 하지만,1,가격,unchanged
validation,train,[속성] 흡수력 [문장] 끈적임도 없어서,808514,쇼핑몰,헤어/바디케어,OO 인** 리페어 핸드크림 56g 1개,포장도 안전하게 해 주셨고 상품도 빠짐없이 잘 받았어요. 상품도 좋고 늘 애용하는 제품이고 만족해요. 보습력도 좋고 끈적임도 없어서 사용할 때마다 편하게 잘 쓰고 있어요.,흡수력,끈적임도 없어서,1,[속성] 흡수력 [문장] 끈적임도 없어서,0,흡수력,unchanged
validation,train,[속성] 보습력/수분감 [문장] 촉촉해서 좋고,814013,쇼핑몰,헤어/바디케어,OO 시** 드라이 스킨 핸드크림 150ml 1개,핸드크림 중 제일 좋네요. 이런저런 제품 많이 써봤지만 겨울엔 촉촉해서 좋고 여름에도 좋은 것 같아요. 핸드크림은 ㅇㅇㅇ 제품만 계속 사용하고 있습니다.,보습력/수분감,촉촉해서 좋고,1,[속성] 보습력/수분감 [문장] 촉촉해서 좋고,0,보습력/수분감,unchanged
validation,train,[속성] 제품구성 [문장] 1+1이고,802041,쇼핑몰,헤어/바디케어,OO 바** 맨 리페어링 모이스처 로션 450ml 2개,제가 좋아하는 바디 로션입니다. 1+1이고 끈적임도 적으면서 촉촉하고 향도 좋네요.,제품구성,1+1이고,1,[속성] 제품구성 [문장] 1+1이고,0,제품구성,unchanged
validation,train,[속성] 보습력/수분감 [문장] 보습도 안 좋고,813282,쇼핑몰,헤어/바디케어,OO 시** 드라이 스킨 핸드크림 150ml 1개,처음 사용하는 제품이네요. 궁금해서 구입을 하게 되었습니다. 보습도 안 좋고 향도 좋지 않아서 아쉽습니다.,보습력/수분감,보습도 안 좋고,-1,[속성] 보습력/수분감 [문장] 보습도 안 좋고,1,보습력/수분감,unchanged
validation,train,[속성] 보습력/수분감 [문장] 촉촉함이 오래갑니다.,812305,쇼핑몰,헤어/바디케어,OO 카** 클래식 핸드 앤 네일크림 100ml 1개,비싼 유명 핸드크림 다 필요없습니다. 다른거 다 발라봐도 겉돌고 금새 건조해지는데 이 제품은 잘 스며들고 촉촉함이 오래갑니다.,보습력/수분감,촉촉함이 오래갑니다.,1,[속성] 보습력/수분감 [문장] 촉촉함이 오래갑니다.,0,보습력/수분감,unchanged
validation,train,[속성] 가격 [문장] 가격도 착해요.,802831,쇼핑몰,헤어/바디케어,OO 온** 퓨어 시카 쉐어 바디로션 1000ml 1개,배송도 빠르고 가격도 착해요. 향이 좋아요. 여름에 쓰기에는 제형이 묵직한 듯 했어요. 그런데 바른 후 빠르게 흡수되는 거 보니 사계절에 쓰기 좋을 거 같아요.,가격,가격도 착해요.,1,[속성] 가격 [문장] 가격도 착해요.,0,가격,unchanged
validation,train,[속성] 성분 [문장] 성분이 좋은 것 같아,802815,쇼핑몰,헤어/바디케어,OO 온** 퓨어 시카 쉐어 바디로션 1000ml 1개,몸에 트러블이 생겨 검색하다가 대용량이고 성분이 좋은 것 같아 구입했는데 향도 좋고 괜찮네요.,성분,성분이 좋은 것 같아,1,[속성] 성분 [문장] 성분이 좋은 것 같아,0,성분,unchanged
validation,train,[속성] 품질 [문장] 가격 대비 품질이 별로예요.,811053,쇼핑몰,헤어/바디케어,OO 세** 항균 핸드워시 레몬향 3500ml 1개,가격 대비 품질이 별로예요. 거품이 잘 안나고 손 닦은 후에 손이 쉽게 건조해져요. 향은 레몬향인데 그렇게 좋다고 느껴지지 않습니다. 그리고 가격대비 구성도 별로예요. 다음번엔 다른 제품으로 구입하려고 합니다.,품질,가격 대비 품질이 별로예요.,-1,[속성] 품질 [문장] 가격 대비 품질이 별로예요.,1,품질,unchanged
validation,train,[속성] 제품구성 [문장] 가격대비 구성도 별로예요.,811053,쇼핑몰,헤어/바디케어,OO 세** 항균 핸드워시 레몬향 3500ml 1개,가격 대비 품질이 별로예요. 거품이 잘 안나고 손 닦은 후에 손이 쉽게 건조해져요. 향은 레몬향인데 그렇게 좋다고 느껴지지 않습니다. 그리고 가격대비 구성도 별로예요. 다음번엔 다른 제품으로 구입하려고 합니다.,제품구성,가격대비 구성도 별로예요.,-1,[속성] 제품구성 [문장] 가격대비 구성도 별로예요.,1,제품구성,unchanged
validation,train,[속성] 보습력/수분감 [문장] 보습도 좋습니다.,815709,쇼핑몰,헤어/바디케어,OO 아** 폼 핸드솝 파우더향 4500ml 1개,제품 자체는 워낙 유명한 제품입니다. 세정력도 좋고 보습도 좋습니다. 대용량 통에서 작은 공병으로 옮겨 부을때 윗쪽에 있는 작은 구멍으로 세정제가 다 쏟아져 나옵니다. 조심해서 부어야합니다. 주입구를 좀더 길게 만들었으면 이런 사고가 발생하지 않았을 것 같습니다.,보습력/수분감,보습도 좋습니다.,1,[속성] 보습력/수분감 [문장] 보습도 좋습니다.,0,보습력/수분감,unchanged
validation,train,[속성] 보습력/수분감 [문장] 보습력도 뛰어나고,812380,쇼핑몰,헤어/바디케어,OO 카** 클래식 핸드 앤 네일크림 100ml 1개,핸드크림 하면 ooo입니다. 항상 쓰던 거라 재구매 했어요. 역시나 너무 좋네요. 보습력도 뛰어나고 향도 무난해서 호불호 없이 사용하고 있습니다. oo에서 다양한 구성으로 판매했으면 좋겠습니다.,보습력/수분감,보습력도 뛰어나고,1,[속성] 보습력/수분감 [문장] 보습력도 뛰어나고,0,보습력/수분감,unchanged
validation,train,[속성] 용기 [문장] 용기가 사용하기 불편하네요.,813604,쇼핑몰,헤어/바디케어,OO 시** 드라이 스킨 핸드크림 150ml 1개,요즘 손이 건조해서 회사에서 사용하려고 구매했어요. 그런데 용기가 사용하기 불편하네요. 유통기한도 짧고 향도 이상해요.,용기,용기가 사용하기 불편하네요.,-1,[속성] 용기 [문장] 용기가 사용하기 불편하네요.,1,용기,unchanged
validation,train,[속성] 유통기한 [문장] 유통기한도 짧고,813604,쇼핑몰,헤어/바디케어,OO 시** 드라이 스킨 핸드크림 150ml 1개,요즘 손이 건조해서 회사에서 사용하려고 구매했어요. 그런데 용기가 사용하기 불편하네요. 유통기한도 짧고 향도 이상해요.,유통기한,유통기한도 짧고,-1,[속성] 유통기한 [문장] 유통기한도 짧고,1,유통기한,unchanged
validation,train,[속성] 가격 [문장] 가격이 비싸지만,812312,쇼핑몰,헤어/바디케어,OO 카** 클래식 핸드 앤 네일크림 100ml 1개,이제품 사용후에는 가격이 비싸지만 이것만 사용합니다. 사용후 많이 미끌거리지도 않습니다. 촉촉하게 잘 스며들어요. 자극 없이 사용합니다. 향도 너무 과하지 않고 은은해서 별다른 거부감은 없습니다.,가격,가격이 비싸지만,-1,[속성] 가격 [문장] 가격이 비싸지만,1,가격,unchanged
validation,train,[속성] 흡수력 [문장] 잘 스며들어요.,812312,쇼핑몰,헤어/바디케어,OO 카** 클래식 핸드 앤 네일크림 100ml 1개,이제품 사용후에는 가격이 비싸지만 이것만 사용합니다. 사용후 많이 미끌거리지도 않습니다. 촉촉하게 잘 스며들어요. 자극 없이 사용합니다. 향도 너무 과하지 않고 은은해서 별다른 거부감은 없습니다.,흡수력,잘 스며들어요.,1,[속성] 흡수력 [문장] 잘 스며들어요.,0,흡수력,unchanged
validation,train,[속성] 보습력/수분감 [문장] 촉촉해져서 좋습니다.,810444,쇼핑몰,헤어/바디케어,OO 바** 크림 75ml 4개,전부터 쓰던 거라 쭉 쓰고 있습니다. 낮에 안 발라도 밤에 바르고 자면 하루 종일 촉촉해져서 좋습니다. 가격도 착해요.,보습력/수분감,촉촉해져서 좋습니다.,1,[속성] 보습력/수분감 [문장] 촉촉해져서 좋습니다.,0,보습력/수분감,unchanged
validation,train,[속성] 편의성/활용성 [문장] 데일리로 사용하기 좋아요.,804799,쇼핑몰,헤어/바디케어,OO 데일리 바디로션 450ml 2개,자주 사용하는 제품인데요. 말 그대로 데일리로 사용하기 좋아요. 건조해지는 가을 겨울 맞이로 주문했어요. 무엇보다 향이 강하지 않고 잘 발려서 좋아요.,편의성/활용성,데일리로 사용하기 좋아요.,1,[속성] 편의성/활용성 [문장] 데일리로 사용하기 좋아요.,0,편의성/활용성,unchanged
validation,train,[속성] 발림성 [문장] 잘 발려서 좋아요.,804799,쇼핑몰,헤어/바디케어,OO 데일리 바디로션 450ml 2개,자주 사용하는 제품인데요. 말 그대로 데일리로 사용하기 좋아요. 건조해지는 가을 겨울 맞이로 주문했어요. 무엇보다 향이 강하지 않고 잘 발려서 좋아요.,발림성,잘 발려서 좋아요.,1,[속성] 발림성 [문장] 잘 발려서 좋아요.,0,발림성,unchanged
validation,train,[속성] 가격 [문장] 가격도 좀 더 저렴했으면 좋겠어요.,801526,쇼핑몰,헤어/바디케어,OO 세** 모이스춰라이징 크림 구형 550g 1개,아이 피부가 엄청 건조해서 구입했어요. 용량이 많아서 팍팍 쓰기는 좋은데 생각보다 효과가 좋진 않네요. 가격도 좀 더 저렴했으면 좋겠어요.,가격,가격도 좀 더 저렴했으면 좋겠어요.,-1,[속성] 가격 [문장] 가격도 좀 더 저렴했으면 좋겠어요.,1,가격,unchanged
validation,train,[속성] 가격 [문장] 가격이 좀 더 저렴했으면 좋겠어요.,803887,쇼핑몰,헤어/바디케어,OO 데일리 바디로션 450ml 2개,바디로션이 급하게 필요해서 할인도 못 받고 비싸게 샀어요. 주문한 다음 날 배송된 점은 좋았어요. 다만 유통기한이 짧아서 빨리 써야 될 것 같아요. 샘플로 받은 바디워시는 향이 마음에 안 드네요. 가격이 좀 더 저렴했으면 좋겠어요.,가격,가격이 좀 더 저렴했으면 좋겠어요.,-1,[속성] 가격 [문장] 가격이 좀 더 저렴했으면 좋겠어요.,1,가격,unchanged
validation,train,[속성] 흡수력 [문장] 잘 스며들지도 않고,810961,쇼핑몰,헤어/바디케어,OO 바** 크림 75ml 4개,향이 별로예요. 잘 스며들지도 않고 끈적거려서 담에 구매할 일은 없을 것 같습니다.,흡수력,잘 스며들지도 않고,-1,[속성] 흡수력 [문장] 잘 스며들지도 않고,1,흡수력,unchanged
validation,train,[속성] 흡수력 [문장] 끈적거려서,810961,쇼핑몰,헤어/바디케어,OO 바** 크림 75ml 4개,향이 별로예요. 잘 스며들지도 않고 끈적거려서 담에 구매할 일은 없을 것 같습니다.,흡수력,끈적거려서,-1,[속성] 흡수력 [문장] 끈적거려서,1,흡수력,unchanged
validation,train,[속성] 가격 [문장] 저렴하게 잘 구입했어요,812472,쇼핑몰,헤어/바디케어,OO 카** 클래식 핸드 앤 네일크림 100ml 1개,저렴하게 잘 구입했어요. 보습력이 아주 좋거나 흡수력이 뛰어나지는 않으나 일상생활에서 가성비 있게 사용하기 나쁘지 않아요. 배송도 ㅇㅇ배송으로 편리했습니다. 2개 사서 사무실하고 차에서 주로 쓰고 있어요,가격,저렴하게 잘 구입했어요,1,[속성] 가격 [문장] 저렴하게 잘 구입했어요,0,가격,unchanged
validation,train,[속성] 기능/효과 [문장] 저에겐 안 맞는 제품입니다.,806677,쇼핑몰,헤어/바디케어,OO 아** 모이스춰라이저 400ml 1개,손이 건조한 편인데 수분감이 느껴지지 않습니다. 촉촉하지 않습니다. 저에겐 안 맞는 제품입니다.,기능/효과,저에겐 안 맞는 제품입니다.,-1,[속성] 기능/효과 [문장] 저에겐 안 맞는 제품입니다.,1,기능/효과,unchanged
validation,train,[속성] 가격 [문장] 저렴하게 구매해서,817505,쇼핑몰,헤어/바디케어,OO 랩** 센서티브 포밍 핸드워시 250ml 1개,세정력도 괜찮습니다. 잘 쓰고 있습니다.하지만 향 부분은 오이비누 향이 나서 별로에요. 보습력 부분은 마침 환절기라 평소보다 건조해진 상태라 이 제품에 대한 평가는 어려울 것 같습니다. 세정시 한손으로 펌핑할때 다른 제품보다 앞으로 고꾸라지는 일이 잦아서 용기가 불만족입니다. 1+1으로 워낙 저렴하게 구매해서 이 정도면 만족하려고 합니다.,가격,저렴하게 구매해서,1,[속성] 가격 [문장] 저렴하게 구매해서,0,가격,unchanged
validation,train,[속성] 흡수력 [문장] 흡수력도 좋습니다.,808267,쇼핑몰,헤어/바디케어,OO 인** 리페어 핸드크림 56g 1개,손이 건조함을 많이 느껴 핸드크림이 필수품인데 OOO 핸드크림이 저에게 딱 맞아요. 보습력이 좋아요. 흡수력도 좋습니다. 보습력이 이만한 제품 없는 거 같아요.,흡수력,흡수력도 좋습니다.,1,[속성] 흡수력 [문장] 흡수력도 좋습니다.,0,흡수력,unchanged
validation,train,[속성] 보습력/수분감 [문장] 건조한 느낌이 드네요.,807248,쇼핑몰,헤어/바디케어,OO 아** 모이스춰라이저 400ml 1개,이게 핸드크림 중에는 가격도 저렴하고 보습도 잘 되어서 꾸준히 쓰던 겁니다. 그런데 대용량은 작은 것에 비해 오일 같은 사용감이 떨어지는 것 같습니다. 건조한 느낌이 드네요.,보습력/수분감,건조한 느낌이 드네요.,-1,[속성] 보습력/수분감 [문장] 건조한 느낌이 드네요.,1,보습력/수분감,unchanged
validation,train,[속성] 기능/효과 [문장] 효과 좋으면 좋겠습니다.,808116,쇼핑몰,헤어/바디케어,OO 인** 리페어 핸드크림 56g 1개,작은 상자에 포장이 잘 안 되서 왔지만 다행히 물건은 이상 없어요. 유통기한이 2022년 12월로 짧아요. 찬바람 불면 손 끝이 거칠어져서 구입했는데 효과 좋으면 좋겠습니다.,기능/효과,효과 좋으면 좋겠습니다.,0,[속성] 기능/효과 [문장] 효과 좋으면 좋겠습니다.,2,기능/효과,unchanged
validation,train,[속성] 제품구성 [문장] 구성도 좋지 않았습니다.,802677,쇼핑몰,헤어/바디케어,OO 바** 맨 리페어링 모이스처 로션 450ml 2개,가격이 비싼 제품이네요. 몸에 바르기 안 좋은 것 같습니다. 처음 구매했는데 구성도 좋지 않았습니다. 추천 하고 싶지 않은 제품이네요.,제품구성,구성도 좋지 않았습니다.,-1,[속성] 제품구성 [문장] 구성도 좋지 않았습니다.,1,제품구성,unchanged
validation,train,[속성] 흡수력 [문장] 흡수력도 나쁘지 않아요.,807044,쇼핑몰,헤어/바디케어,OO 아** 모이스춰라이저 400ml 1개,용량이 많아서 듬뿍 바르고 있습니다. 집안 곳곳에 두고 잘 쓰고 있어요. 흡수력도 나쁘지 않아요.,흡수력,흡수력도 나쁘지 않아요.,0,[속성] 흡수력 [문장] 흡수력도 나쁘지 않아요.,2,흡수력,unchanged
validation,train,[속성] 지속력/유지력 [문장] 유지력이 좋습니다.,810172,쇼핑몰,헤어/바디케어,OO 바** 크림 75ml 4개,집안 여기저기에 두고 잘 쓰고 있습니다. 제형이 꾸덕한 질감이라서 마음에 들어요. 보습력과 유지력이 좋습니다.,지속력/유지력,유지력이 좋습니다.,1,[속성] 지속력/유지력 [문장] 유지력이 좋습니다.,0,지속력/유지력,unchanged
validation,train,[속성] 윤기/피부(톤) [문장] 윤기도 나고,803206,쇼핑몰,헤어/바디케어,OO 온** 퓨어 시카 쉐어 바디로션 1000ml 1개,잘 사용하고 있어요. 촉촉하고 윤기도 나고 향기도 좋아요. 자주 이용할 것 같습니다. 지속력도 오래가며 싸고 용량도 많아요. 또 재구매 의사 있어요. 떨어지면 구매하러 올게요.,윤기/피부(톤),윤기도 나고,1,[속성] 윤기/피부(톤) [문장] 윤기도 나고,0,윤기/피부(톤),unchanged
validation,train,[속성] 흡수력 [문장] 금방 스며들어,812171,쇼핑몰,헤어/바디케어,OO 카** 클래식 핸드 앤 네일크림 100ml 1개,제품이 촉촉하면서도 금방 스며들어 끈적거림이 없습니다. 손을 자주 씻어서 그런지 겨울만 되면 손이 트고 물집 같은 게 생겼습니다. 이 제품을 바르니까 손이 촉촉해져서 좋습니다.,흡수력,금방 스며들어,1,[속성] 흡수력 [문장] 금방 스며들어,0,흡수력,unchanged
validation,train,[속성] 가격 [문장] 저렴하게 구입하여,817548,쇼핑몰,헤어/바디케어,OO 랩** 센서티브 포밍 핸드워시 250ml 1개,1+1 행사 할 때 저렴하게 구입하여 잘 사용하고 있어요. 코로나에 필수품이라 물 사용 하는 곳마다 여기 저기 두고 온 가족이 사용하고 있네요. 거품 잘나고 향도 깔끔합니다. 민감성 피부에 추천 하고 싶어요.,가격,저렴하게 구입하여,1,[속성] 가격 [문장] 저렴하게 구입하여,0,가격,unchanged
validation,train,[속성] 흡수력 [문장] 바로 흡수되고,810088,쇼핑몰,헤어/바디케어,OO 바** 크림 75ml 4개,장갑을 오래 끼고 있는 일을 하면서 집안일도 하느라 손이 엄청 건조한데 좀 자주 발라줘야 하는 것 같아서 불편하긴 하지만 바로 흡수되고 기름진 느낌이 아니어서 좋아요.,흡수력,바로 흡수되고,1,[속성] 흡수력 [문장] 바로 흡수되고,0,흡수력,unchanged
validation,train,[속성] 흡수력 [문장] 끈적임 없고,803356,쇼핑몰,헤어/바디케어,OO 온** 퓨어 시카 쉐어 바디로션 1000ml 1개,은은한 머스크 향입니다. 끈적임 없고 촉촉해요. 제가 딱 찾던 향과 발림성입니다. 양도 많습니다.,흡수력,끈적임 없고,1,[속성] 흡수력 [문장] 끈적임 없고,0,흡수력,unchanged
validation,train,[속성] 발림성 [문장] 발림성도 좋은 것 같습니다.,803746,쇼핑몰,헤어/바디케어,OO 온** 퓨어 시카 쉐어 바디로션 1000ml 1개,써 보고 좋아서 행사할 때 샀습니다. 가격대비 품질이 좋고 민감해서 화장품이 안 맞으면 잘 가려운데 순하고 발림성도 좋은 것 같습니다. 다른 향이랑 번갈아 가며 계속 사용할 것 같습니다.,발림성,발림성도 좋은 것 같습니다.,1,[속성] 발림성 [문장] 발림성도 좋은 것 같습니다.,0,발림성,unchanged
validation,train,[속성] 사용감 [문장] 사용감도 깔끔합니다.,817406,쇼핑몰,헤어/바디케어,OO 랩** 센서티브 포밍 핸드워시 250ml 1개,조금 비싼 편이지만 좋습니다. 향도 나쁘지 않고 사용감도 깔끔합니다. 거품을 바로 쓸 수 았어서 편하고 한 번 펌핑했을 때 나오는 거품 양도 충분합니다. 다만 용량 자체가 많지 않아서 금방 쓰는 느낌이 있습니다.,사용감,사용감도 깔끔합니다.,1,[속성] 사용감 [문장] 사용감도 깔끔합니다.,0,사용감,unchanged
validation,train,[속성] 가격 [문장] 가격도 착해요,804225,쇼핑몰,헤어/바디케어,OO 데일리 바디로션 450ml 2개,항상 애정하던 제품인데 한동안 못 사용하다가 다시 사용 하고 있습니다. 기능이 좋아졌어요. 향도 촉촉함도 정말 좋습니다. 가격도 착해요. 양도 많아 듬뿍 잘 쓰고 있습니다. 또 구매하겠습니다.,가격,가격도 착해요,1,[속성] 가격 [문장] 가격도 착해요,0,가격,unchanged
validation,train,[속성] 보습력/수분감 [문장] 촉촉한 느낌입니다.,808247,쇼핑몰,헤어/바디케어,OO 인** 리페어 핸드크림 56g 1개,겨울에 핸드크림 하면 딱 떠오르는 브랜드인 것 같아요. 그 중에서도 OO 핸드크림이 제일 좋아요. 보습력이 완전 좋아서 겨울에 손에 바르면 오랫동안 촉촉한 느낌입니다. 1+1로 아주 저렴하게 구입했습니다. 겨울에는 건조할 때면 항상 주문하는 OO의 OOO 핸드크림을 적극 추천해요. 다들 한 번 써 보시면 만족하실 거예요. 올겨울에도 OO의 OOO 핸드크림으로 촉촉하게 보낼 수 있어요.,보습력/수분감,촉촉한 느낌입니다.,1,[속성] 보습력/수분감 [문장] 촉촉한 느낌입니다.,0,보습력/수분감,unchanged
validation,train,[속성] 제품구성 [문장] 1+1로,808247,쇼핑몰,헤어/바디케어,OO 인** 리페어 핸드크림 56g 1개,겨울에 핸드크림 하면 딱 떠오르는 브랜드인 것 같아요. 그 중에서도 OO 핸드크림이 제일 좋아요. 보습력이 완전 좋아서 겨울에 손에 바르면 오랫동안 촉촉한 느낌입니다. 1+1로 아주 저렴하게 구입했습니다. 겨울에는 건조할 때면 항상 주문하는 OO의 OOO 핸드크림을 적극 추천해요. 다들 한 번 써 보시면 만족하실 거예요. 올겨울에도 OO의 OOO 핸드크림으로 촉촉하게 보낼 수 있어요.,제품구성,1+1로,1,[속성] 제품구성 [문장] 1+1로,0,제품구성,unchanged
validation,train,[속성] 지속력/유지력 [문장] 오래 지속됩니다.,801649,쇼핑몰,헤어/바디케어,OO 세** 모이스춰라이징 크림 구형 550g 1개,오래전에 이 제품을 동생이 샘플을 줘서 써보고 별 흥미를 못 느끼다가 친정엄마의 크림을 써보고 나서 사용하게 되었습니다. 환절기 때 몸에 각질이 생기고 가려움증이 심할 때 바르면 딱입니다. 우수한 보습력과 뽀송함이 오래 지속됩니다.,지속력/유지력,오래 지속됩니다.,1,[속성] 지속력/유지력 [문장] 오래 지속됩니다.,0,지속력/유지력,unchanged
validation,train,[속성] 가격 [문장] 가격 대비 좋습니다.,812240,쇼핑몰,헤어/바디케어,OO 카** 클래식 핸드 앤 네일크림 100ml 1개,이제 날이 추워서 손이 건조한데 OO 핸드크림만큼 좋은 핸드크림이 없는 것 같습니다. 흡수도 잘 되어서 끈적이지 않고 가격 대비 좋습니다.,가격,가격 대비 좋습니다.,1,[속성] 가격 [문장] 가격 대비 좋습니다.,0,가격,unchanged
validation,train,[속성] 보습력/수분감 [문장] 촉촉하고 좋습니다,810189,쇼핑몰,헤어/바디케어,OO 바** 크림 75ml 4개,세일 하길래 저렴하게 구매했습니다. 배송도 빠르고 사은품도 같이 와서 좋습니다. 핸드크림 촉촉하고 좋습니다. 가성비 좋은 제품입니다.,보습력/수분감,촉촉하고 좋습니다,1,[속성] 보습력/수분감 [문장] 촉촉하고 좋습니다,0,보습력/수분감,unchanged
validation,train,[속성] 흡수력 [문장] 많이 끈적이지도 않고,812876,쇼핑몰,헤어/바디케어,OO 카** 클래식 핸드 앤 네일크림 100ml 1개,양도 많고 향도 좋고 발림성도 좋고 잘 흡수되고 좋아요. 핸드크림을 자주 바르는 편인데 많이 끈적이지도 않고 데일리로 쓰기에 좋아서 흡족하게 사용하고 있어요.,흡수력,많이 끈적이지도 않고,0,[속성] 흡수력 [문장] 많이 끈적이지도 않고,2,흡수력,unchanged
validation,train,[속성] 자극성 [문장] 순하지 않아서,801585,쇼핑몰,헤어/바디케어,OO 세** 모이스춰라이징 크림 구형 550g 1개,온 가족이 사용할 수 있는 제품을 찾다가 구매하게 되었어요. 그런데 순하지 않아서 아이들이 사용하기에는 별로예요. 보습력도 약한 편이에요. 겨울에 사용하기 별로인 제품입니다.,자극성,순하지 않아서,-1,[속성] 자극성 [문장] 순하지 않아서,1,자극성,unchanged
validation,train,[속성] 가격 [문장] 가격이 좀 더 저렴하면 좋겠습니다.,804815,쇼핑몰,헤어/바디케어,OO 아** 폼 핸드솝 레몬향 250ml 1개,요즘 손 세정을 중요하게 생각해서 손 세정제를 자주 사게 되더라고요. 이것저것 써보다가 이 제품을 구매해 봤습니다. 향은 나쁘지 않고 세정력도 좋아요. 다만 가격이 좀 더 저렴하면 좋겠습니다. 아무튼 좋아요.,가격,가격이 좀 더 저렴하면 좋겠습니다.,-1,[속성] 가격 [문장] 가격이 좀 더 저렴하면 좋겠습니다.,1,가격,unchanged
validation,train,[속성] 가격 [문장] 가격이 비싼편이에요.,805514,쇼핑몰,헤어/바디케어,OO 아** 폼 핸드솝 레몬향 250ml 1개,거품형이라 간편한데 양이 많지가 않네요. 가격이 비싼편이에요.,가격,가격이 비싼편이에요.,-1,[속성] 가격 [문장] 가격이 비싼편이에요.,1,가격,unchanged
validation,train,[속성] 가격 [문장] 가격이 좀 있지만,806569,쇼핑몰,헤어/바디케어,OO 아** 모이스춰라이저 400ml 1개,뽁뽁이로 포장 잘해서 보내주셨습니다. 가격이 좀 있지만 이제 건조한 계절이라 손이 많이 건조해져서 구매했어요. 손에 보습효과를 기대하면서 써보겠습니다.,가격,가격이 좀 있지만,-1,[속성] 가격 [문장] 가격이 좀 있지만,1,가격,unchanged
validation,train,[속성] 보습력/수분감 [문장] 보습력도 부족합니다.,808114,쇼핑몰,헤어/바디케어,OO 인** 리페어 핸드크림 56g 1개,기존에 쓰던 제품보다 끈적임이 있습니다. 보습력도 부족합니다. 향도 마음에 들지 않습니다.,보습력/수분감,보습력도 부족합니다.,-1,[속성] 보습력/수분감 [문장] 보습력도 부족합니다.,1,보습력/수분감,unchanged
validation,train,[속성] 편의성/활용성 [문장] 온 가족이 사용하기 좋습니다.,801737,쇼핑몰,헤어/바디케어,OO 세** 모이스춰라이징 크림 구형 550g 1개,늘 크림 타입으로 사용해요. 보습력도 좋고 대용량이라 온 가족이 사용하기 좋습니다. 워낙 피부가 건조한 식구들이라 오일과 섞어서 바르면 보습력이 곱절로 좋습니다.,편의성/활용성,온 가족이 사용하기 좋습니다.,1,[속성] 편의성/활용성 [문장] 온 가족이 사용하기 좋습니다.,0,편의성/활용성,unchanged
validation,train,[속성] 보습력/수분감 [문장] 보습력도 좋지 않습니다.,806723,쇼핑몰,헤어/바디케어,OO 아** 모이스춰라이저 400ml 1개,"OOO크림만 쓰다가 이 제품으로 바꿔봤는데, 보습이 오래가지 않습니다. 손에 바르는데 흡수가 잘 되지 않아 흡수되는 시간이 오래 걸려 사용하기 불편합니다. 보습력도 좋지 않습니다.",보습력/수분감,보습력도 좋지 않습니다.,-1,[속성] 보습력/수분감 [문장] 보습력도 좋지 않습니다.,1,보습력/수분감,unchanged
validation,train,[속성] 제형 [문장] 제형이 리치하지만,801808,쇼핑몰,헤어/바디케어,OO 바** 맨 리페어링 모이스처 로션 450ml 2개,건조해서 겨울마다 샀습니다. 제형이 리치하지만 그만큼 촉촉하고 좋네요. 겨울에 사용하기 좋은 바디로션이네요.,제형,제형이 리치하지만,0,[속성] 제형 [문장] 제형이 리치하지만,2,제형,unchanged
validation,train,[속성] 보습력/수분감 [문장] 촉촉하고 좋네요.,801808,쇼핑몰,헤어/바디케어,OO 바** 맨 리페어링 모이스처 로션 450ml 2개,건조해서 겨울마다 샀습니다. 제형이 리치하지만 그만큼 촉촉하고 좋네요. 겨울에 사용하기 좋은 바디로션이네요.,보습력/수분감,촉촉하고 좋네요.,1,[속성] 보습력/수분감 [문장] 촉촉하고 좋네요.,0,보습력/수분감,unchanged
validation,train,[속성] 흡수력 [문장] 너무 무거운 느낌입니다.,803121,쇼핑몰,헤어/바디케어,OO 온** 퓨어 시카 쉐어 바디로션 1000ml 1개,산뜻한 걸 좋아하는데 너무 무거운 느낌입니다. 유분기가 많습니다. 향은 은은해서 좋으나 금방 사라져 아쉽네요.,흡수력,너무 무거운 느낌입니다.,-1,[속성] 흡수력 [문장] 너무 무거운 느낌입니다.,1,흡수력,unchanged
validation,train,[속성] 가격 [문장] 가성비 최고예요.,812117,쇼핑몰,헤어/바디케어,OO 카** 클래식 핸드 앤 네일크림 100ml 1개,핸드크림 중 가성비 최고예요. 다른 종류도 있는데 OO이 향도 무난하고 전반적으로 가장 좋은 거 같습니다. 립밤이나 바디로션도 써 볼 의향 있어요. 좀 더 다양한 상품 라인이 제품구성에 들어왔으면 좋겠습니다.,가격,가성비 최고예요.,1,[속성] 가격 [문장] 가성비 최고예요.,0,가격,unchanged
validation,train,[속성] 흡수력 [문장] 끈적거리지 않아요.,809607,쇼핑몰,헤어/바디케어,OO 바** 카모마일 크림 250ml 1개,ㅇㅇㅇ 핸드크림은 아주 오래 전부터 애용하는 제품으로 타사 고가 제품보다 보습력이 뛰어나요. 저처럼 악건성 피부에 가장 적합합니다. 종류별로 구매해 봤습니다. ㅇㅇㅇ은 품질이 중간 수준입니다. 다른 제품 보다 흡수력은 좀 떨어집니다. 하지만 끈적거리지 않아요. 일장일단이 있네요.,흡수력,끈적거리지 않아요.,1,[속성] 흡수력 [문장] 끈적거리지 않아요.,0,흡수력,unchanged
validation,train,[속성] 기능/효과 [문장] 여름에 사용하기 좋은 제품입니다.,803919,쇼핑몰,헤어/바디케어,OO 데일리 바디로션 450ml 2개,끈적이지 않고 산뜻하게 잘 발려서 좋아요. 여름에 사용하기 좋은 제품입니다.,기능/효과,여름에 사용하기 좋은 제품입니다.,1,[속성] 기능/효과 [문장] 여름에 사용하기 좋은 제품입니다.,0,기능/효과,unchanged
validation,train,[속성] 보습력/수분감 [문장] 촉촉함이 오래 가는 듯합니다.,803161,쇼핑몰,헤어/바디케어,OO 온** 퓨어 시카 쉐어 바디로션 1000ml 1개,용량이 많아 오래 사용할 것 같습니다. 흡수성이 좋고 촉촉함이 오래 가는 듯합니다.,보습력/수분감,촉촉함이 오래 가는 듯합니다.,1,[속성] 보습력/수분감 [문장] 촉촉함이 오래 가는 듯합니다.,0,보습력/수분감,unchanged
validation,train,[속성] 지속력/유지력 [문장] 오래 가는 듯합니다.,803161,쇼핑몰,헤어/바디케어,OO 온** 퓨어 시카 쉐어 바디로션 1000ml 1개,용량이 많아 오래 사용할 것 같습니다. 흡수성이 좋고 촉촉함이 오래 가는 듯합니다.,지속력/유지력,오래 가는 듯합니다.,1,[속성] 지속력/유지력 [문장] 오래 가는 듯합니다.,0,지속력/유지력,unchanged
validation,train,[속성] 보습력/수분감 [문장] 촉촉하기는 합니다.,807062,쇼핑몰,헤어/바디케어,OO 아** 모이스춰라이저 400ml 1개,향은 전형적인 기본 로션 향이라 보통입니다. 촉촉하기는 합니다. 하지만 좀 끈적입니다. 그래도 대용량에 저렴하고 만족합니다.,보습력/수분감,촉촉하기는 합니다.,1,[속성] 보습력/수분감 [문장] 촉촉하기는 합니다.,0,보습력/수분감,unchanged
validation,train,[속성] 흡수력 [문장] 끈적입니다.,807062,쇼핑몰,헤어/바디케어,OO 아** 모이스춰라이저 400ml 1개,향은 전형적인 기본 로션 향이라 보통입니다. 촉촉하기는 합니다. 하지만 좀 끈적입니다. 그래도 대용량에 저렴하고 만족합니다.,흡수력,끈적입니다.,-1,[속성] 흡수력 [문장] 끈적입니다.,1,흡수력,unchanged
validation,train,[속성] 가격 [문장] 가격은 좀 비싸네요.,811038,쇼핑몰,헤어/바디케어,OO 세** 항균 핸드워시 레몬향 3500ml 1개,거품형을 쓰니까 편리하고 좋네요. 향은 은은하고 좋고 용량이 대용량이라 오래 쓸 것 같아요. 가격은 좀 비싸네요.,가격,가격은 좀 비싸네요.,-1,[속성] 가격 [문장] 가격은 좀 비싸네요.,1,가격,unchanged
validation,train,[속성] 편의성/활용성 [문장] 사용하기에도 불편합니다.,808936,쇼핑몰,헤어/바디케어,OO 바** 카모마일 크림 250ml 1개,양이 이렇게 적을 줄은 몰랐어요. 향도 안 좋고 보습력도 안 좋아요. 사용하기에도 불편합니다. 끝까지 사용할수 있을까 싶어요.,편의성/활용성,사용하기에도 불편합니다.,-1,[속성] 편의성/활용성 [문장] 사용하기에도 불편합니다.,1,편의성/활용성,unchanged
validation,train,[속성] 편의성/활용성 [문장] 데일리로 사용하기 좋고,808280,쇼핑몰,헤어/바디케어,OO 인** 리페어 핸드크림 56g 1개,이 제품은 예전부터 사용해왔던 로션이고 겨울 들어와서 휴대용으로 이용하려고 작은 거 구매했습니다. 보습력도 좋고 향도 괜찮고 데일리로 사용하기 좋고 끈적이지 않아 좋습니다. 휴대하며 사용하기 편한 것 같습니다.,편의성/활용성,데일리로 사용하기 좋고,1,[속성] 편의성/활용성 [문장] 데일리로 사용하기 좋고,0,편의성/활용성,unchanged
validation,train,[속성] 흡수력 [문장] 끈적이지 않아 좋습니다.,808280,쇼핑몰,헤어/바디케어,OO 인** 리페어 핸드크림 56g 1개,이 제품은 예전부터 사용해왔던 로션이고 겨울 들어와서 휴대용으로 이용하려고 작은 거 구매했습니다. 보습력도 좋고 향도 괜찮고 데일리로 사용하기 좋고 끈적이지 않아 좋습니다. 휴대하며 사용하기 편한 것 같습니다.,흡수력,끈적이지 않아 좋습니다.,1,[속성] 흡수력 [문장] 끈적이지 않아 좋습니다.,0,흡수력,unchanged
validation,train,[속성] 보습력/수분감 [문장] 촉촉함이 오래가요,812188,쇼핑몰,헤어/바디케어,OO 카** 클래식 핸드 앤 네일크림 100ml 1개,일하면서 손이 건조해서 항상 사용하는 제품입니다. 흡수력이 좋습니다. 촉촉함이 오래가요.,보습력/수분감,촉촉함이 오래가요,1,[속성] 보습력/수분감 [문장] 촉촉함이 오래가요,0,보습력/수분감,unchanged
validation,train,[속성] 지속력/유지력 [문장] 오래가요,812188,쇼핑몰,헤어/바디케어,OO 카** 클래식 핸드 앤 네일크림 100ml 1개,일하면서 손이 건조해서 항상 사용하는 제품입니다. 흡수력이 좋습니다. 촉촉함이 오래가요.,지속력/유지력,오래가요,1,[속성] 지속력/유지력 [문장] 오래가요,0,지속력/유지력,unchanged
validation,train,[속성] 보습력/수분감 [문장] 보습력이 좋은 것 같습니다.,810271,쇼핑몰,헤어/바디케어,OO 바** 크림 75ml 4개,손이 거칠하고 푸석할 때 제일 보습력이 좋은 것 같습니다. 양도 많고 세일해서 저렴하게 구입했습니다. 사은품으로 주신 립밤도 잘 사용하겠습니다. 포장도 꼼꼼하게 잘해 주셔서 감사해요.,보습력/수분감,보습력이 좋은 것 같습니다.,1,[속성] 보습력/수분감 [문장] 보습력이 좋은 것 같습니다.,0,보습력/수분감,unchanged
validation,train,[속성] 가격 [문장] 세일해서 저렴하게,810271,쇼핑몰,헤어/바디케어,OO 바** 크림 75ml 4개,손이 거칠하고 푸석할 때 제일 보습력이 좋은 것 같습니다. 양도 많고 세일해서 저렴하게 구입했습니다. 사은품으로 주신 립밤도 잘 사용하겠습니다. 포장도 꼼꼼하게 잘해 주셔서 감사해요.,가격,세일해서 저렴하게,1,[속성] 가격 [문장] 세일해서 저렴하게,0,가격,unchanged
validation,train,[속성] 제형 [문장] 제형이 꾸덕한 느낌이라,812408,쇼핑몰,헤어/바디케어,OO 카** 클래식 핸드 앤 네일크림 100ml 1개,향이 진해서 별로예요. 발리는건 잘발리고 제형이 꾸덕한 느낌이라 더 보습이 되는거 같네요. 건조한 지금 바르기 좋아서 재구매해야겠습니다. 크기도 양도 적당하네요. 잘 쓸께요.,제형,제형이 꾸덕한 느낌이라,1,[속성] 제형 [문장] 제형이 꾸덕한 느낌이라,0,제형,unchanged
validation,train,[속성] 가격 [문장] 가성비가 정말 좋습니다.,809093,쇼핑몰,헤어/바디케어,OO 바** 카모마일 크림 250ml 1개,핸드크림중에 가성비가 정말 좋습니다. 촉촉해요. 많이 건조해서 손이 거칠었는데 자주 발라주니 괜찮아졌어요. 코시국이라 아직도 손 소독제 많이 써서 그랬던 거 같습니다. 안 쓸순 없으니 자주 자주 이거 발라줘서 건조하지 않고 좋습니다.,가격,가성비가 정말 좋습니다.,1,[속성] 가격 [문장] 가성비가 정말 좋습니다.,0,가격,unchanged
validation,train,[속성] 보습력/수분감 [문장] 촉촉해요,809093,쇼핑몰,헤어/바디케어,OO 바** 카모마일 크림 250ml 1개,핸드크림중에 가성비가 정말 좋습니다. 촉촉해요. 많이 건조해서 손이 거칠었는데 자주 발라주니 괜찮아졌어요. 코시국이라 아직도 손 소독제 많이 써서 그랬던 거 같습니다. 안 쓸순 없으니 자주 자주 이거 발라줘서 건조하지 않고 좋습니다.,보습력/수분감,촉촉해요,1,[속성] 보습력/수분감 [문장] 촉촉해요,0,보습력/수분감,unchanged
validation,train,[속성] 가격 [문장] 가격도 비싼 것 같습니다.,801435,쇼핑몰,헤어/바디케어,OO 세** 모이스춰라이징 크림 구형 550g 1개,겨울에 사용하려고 구입을 했습니다. 하지만 보습력이 생각보다 좋지 않습니다. 가격도 비싼 것 같습니다.,가격,가격도 비싼 것 같습니다.,-1,[속성] 가격 [문장] 가격도 비싼 것 같습니다.,1,가격,unchanged
validation,train,[속성] 보습력/수분감 [문장] 보습력은 좋습니다.,803411,쇼핑몰,헤어/바디케어,OO 온** 퓨어 시카 쉐어 바디로션 1000ml 1개,이름과 달리 제형이 되직해서 크림 정도의 묽기예요. 머스크향 전혀 안 나고 베이비파우더 향이네요. 향 진하지 않고 보습력은 좋습니다. 몸에 바르는 보습 제품은 이렇게 용량이 커야 좋습니다.,보습력/수분감,보습력은 좋습니다.,1,[속성] 보습력/수분감 [문장] 보습력은 좋습니다.,0,보습력/수분감,unchanged
validation,train,[속성] 발림성 [문장] 너무 부드럽게 잘 발리고,812419,쇼핑몰,헤어/바디케어,OO 카** 클래식 핸드 앤 네일크림 100ml 1개,가격이 오르기 전에 사서 운이 좋네요. 베스트셀러인 이유를 알겠어요. 너무 부드럽게 잘 발리고 향기도 좋습니다. 뻑뻑하지 않아서 발림성이 좋고 깔끔하게 흡수됩니다.,발림성,너무 부드럽게 잘 발리고,1,[속성] 발림성 [문장] 너무 부드럽게 잘 발리고,0,발림성,unchanged
validation,train,[속성] 발림성 [문장] 잘 발리지도 않아요.,808177,쇼핑몰,헤어/바디케어,OO 인** 리페어 핸드크림 56g 1개,다른 크림보다 촉촉함이 오래갑니다. 다만 산뜻하지 않고 잘 발리지도 않아요. 제형이 꾸덕해서 잘 안발려요. 그래도 보습력은 좋습니다.,발림성,잘 발리지도 않아요.,-1,[속성] 발림성 [문장] 잘 발리지도 않아요.,1,발림성,unchanged
validation,train,[속성] 가격 [문장] 저렴해서 좋습니다.,809396,쇼핑몰,헤어/바디케어,OO 바** 카모마일 크림 250ml 1개,사계절 내내 쓰기 좋은 크림인 거 같아요. 다른 것보다 보습력이 좋아서 계속 사용하고 있습니다. 양도 많고 저렴해서 좋습니다.,가격,저렴해서 좋습니다.,1,[속성] 가격 [문장] 저렴해서 좋습니다.,0,가격,unchanged
validation,train,[속성] 유통기한 [문장] 유통기한이 짧아서 아쉽네요.,810519,쇼핑몰,헤어/바디케어,OO 바** 크림 75ml 4개,배송은 빨리 잘 도착했습니다. 유통기한이 짧아서 아쉽네요. 바르면 끈적임도 있습니다. 향은 나쁘지는 않네요. 저렴한 가격은 아닙니다.,유통기한,유통기한이 짧아서 아쉽네요.,-1,[속성] 유통기한 [문장] 유통기한이 짧아서 아쉽네요.,1,유통기한,unchanged
validation,train,[속성] 보습력/수분감 [문장] 보습력도 좋아,803326,쇼핑몰,헤어/바디케어,OO 온** 퓨어 시카 쉐어 바디로션 1000ml 1개,끈적이지 않고 발림성도 좋고 보습력도 좋아 온가족이 함께 쓰기 좋은 제품이에요. 은은한 화이트머스크향이라 크게 호불호 갈리지 않는 향입니다. 용량도 넉넉해서 맘에 들어요. 다쓰면 재구매 예정이에요.,보습력/수분감,보습력도 좋아,1,[속성] 보습력/수분감 [문장] 보습력도 좋아,0,보습력/수분감,unchanged
validation,train,[속성] 가격 [문장] 가성비 없습니다.,801820,쇼핑몰,헤어/바디케어,OO 바** 맨 리페어링 모이스처 로션 450ml 2개,향이 생각보다 좋지 않아서 아쉬운 것 같습니다. 포인트 사용이 안 되어서 너무 비싸게 주고 샀습니다. 가성비 없습니다.,가격,가성비 없습니다.,-1,[속성] 가격 [문장] 가성비 없습니다.,1,가격,unchanged
validation,train,[속성] 기능/효과 [문장] 겨울에 사용하기 좋지 않습니다.,801548,쇼핑몰,헤어/바디케어,OO 세** 모이스춰라이징 크림 구형 550g 1개,겨울에 사용하기 좋지 않습니다. 너무 급하게 주문한 것 같습니다. 택배가 물량이 많아서 그런지 배송도 느립니다. 쿠폰 적용 안되어서 비싸게 샀습니다.,기능/효과,겨울에 사용하기 좋지 않습니다.,-1,[속성] 기능/효과 [문장] 겨울에 사용하기 좋지 않습니다.,1,기능/효과,unchanged
validation,train,[속성] 보습력/수분감 [문장] 보습력 좋아요.,808729,쇼핑몰,헤어/바디케어,OO 바** 카모마일 크림 250ml 1개,몬스터 용량 완전 대용량 만족해요. 조금만 떠서 사용해도 엄청 잘 발리고 보습력 좋아요. 어릴적부터 계속 사용하던 게런티되는 명품 보습크림이에요. 용량이 66% 더 커져 마음 놓고 수시로 사용해요.,보습력/수분감,보습력 좋아요.,1,[속성] 보습력/수분감 [문장] 보습력 좋아요.,0,보습력/수분감,unchanged
validation,train,[속성] 가격 [문장] 가격대비 좋아요.,812303,쇼핑몰,헤어/바디케어,OO 카** 클래식 핸드 앤 네일크림 100ml 1개,"핸드크림을 이것저것 다 써본결과 이 제품이 제일 좋았어요. 보습력이 좋아요. 손을 자주 닦아서 많이 건조한데, 한번 발라도 촉촉함이 느껴져서 이 제품만 사용합니다. 가격대비 좋아요. 앞으로도 꾸준히 사용할 것 같습니다.",가격,가격대비 좋아요.,1,[속성] 가격 [문장] 가격대비 좋아요.,0,가격,unchanged
validation,train,[속성] 보습력/수분감 [문장] 촉촉합니다,808182,쇼핑몰,헤어/바디케어,OO 인** 리페어 핸드크림 56g 1개,바른후 미끄덩거림이 싫어서 핸드크림 안 쓰던 사람이에요. 우연찮게 사용해 봤습니다. 촉촉합니다. 미끄덩거림이 없어서 정말 좋아요. 재구입했어요.,보습력/수분감,촉촉합니다,1,[속성] 보습력/수분감 [문장] 촉촉합니다,0,보습력/수분감,unchanged
validation,train,[속성] 보습력/수분감 [문장] 보습력은 좋은데,808273,쇼핑몰,헤어/바디케어,OO 인** 리페어 핸드크림 56g 1개,보습력은 좋은데 발림이 좀 뻑뻑해서 아쉽습니다. 손에 금방 흡수되지 않습니다. 한동안 문질러야 손에 흡수가 됩니다. 개인적으로는 비슷한 제품인 OOO 핸드크림이 더 좋은 것 같습니다.,보습력/수분감,보습력은 좋은데,1,[속성] 보습력/수분감 [문장] 보습력은 좋은데,0,보습력/수분감,unchanged
validation,train,[속성] 가격 [문장] 저렴하긴 한데,810234,쇼핑몰,헤어/바디케어,OO 바** 크림 75ml 4개,손이 많이 건조해져서 핸드크림을 구매했어요. 저렴하긴 한데 보습력은 안 좋은 거 같아요. 건조한 손에 효과가 없네요.,가격,저렴하긴 한데,1,[속성] 가격 [문장] 저렴하긴 한데,0,가격,unchanged
validation,train,[속성] 유통기한 [문장] 유통기한도 짧은 걸로 왔습니다.,808988,쇼핑몰,헤어/바디케어,OO 바** 카모마일 크림 250ml 1개,값은 싸고 좋습니다. 용기 통이 찌그러진게 왔습니다. 박스안에서 찌그러지진 않았을 것 같아요. 통이 불량인 걸 알면서 보낸것 같아서 좀 맘 상하네요.유통기한도 짧은 걸로 왔습니다.,유통기한,유통기한도 짧은 걸로 왔습니다.,-1,[속성] 유통기한 [문장] 유통기한도 짧은 걸로 왔습니다.,1,유통기한,unchanged
validation,train,[속성] 발림성 [문장] 발림성이 너무 좋습니다.,803128,쇼핑몰,헤어/바디케어,OO 온** 퓨어 시카 쉐어 바디로션 1000ml 1개,보습력과 발림성이 너무 좋습니다. 데일리로 쓰기에 정말 좋아요. 원래 화이트머스크향을 좋아하는데 샤워 후에 바르니 넘 좋습니다. 가격도 괜찮아서 이 제품으로 정착하려고 합니다. 가족들도 좋아해요.,발림성,발림성이 너무 좋습니다.,1,[속성] 발림성 [문장] 발림성이 너무 좋습니다.,0,발림성,unchanged
validation,train,[속성] 가격 [문장] 가격도 괜찮아서,803128,쇼핑몰,헤어/바디케어,OO 온** 퓨어 시카 쉐어 바디로션 1000ml 1개,보습력과 발림성이 너무 좋습니다. 데일리로 쓰기에 정말 좋아요. 원래 화이트머스크향을 좋아하는데 샤워 후에 바르니 넘 좋습니다. 가격도 괜찮아서 이 제품으로 정착하려고 합니다. 가족들도 좋아해요.,가격,가격도 괜찮아서,1,[속성] 가격 [문장] 가격도 괜찮아서,0,가격,unchanged
validation,train,[속성] 보습력/수분감 [문장] 보습력이 최고입니다.,809217,쇼핑몰,헤어/바디케어,OO 바** 카모마일 크림 250ml 1개,빠른 배송으로 잘 받았습니다. OOO 핸드크림만 사용하고 있어요. 이만한 핸드크림이 없는 거 같아요. 보습력이 최고입니다. 건조한 계절에도 바르면 효과가 좋아서 손 뿐만 아니라 발에도 바르면서 유용하게 쓰고 있습니다. 대용량 제품을 이곳에서 매장보다 저렴하게 구입할 수 있어서 좋아요. 이번에 받은 세 통 모두 유통기한이 25년 11월까지라서 마음에 듭니다. 추천해요.,보습력/수분감,보습력이 최고입니다.,1,[속성] 보습력/수분감 [문장] 보습력이 최고입니다.,0,보습력/수분감,unchanged
validation,train,[속성] 보습력/수분감 [문장] 정말 촉촉하네요.,807132,쇼핑몰,헤어/바디케어,OO 아** 모이스춰라이저 400ml 1개,보습력 뛰어나고 향도 좋습니다. 크림 타입은 너무 끈적거려서 낮에 쓰기엔 무거운 감이 있는데 이건 로션 타입이라 끈적이지 않고 가벼우면서도 정말 촉촉하네요.,보습력/수분감,정말 촉촉하네요.,1,[속성] 보습력/수분감 [문장] 정말 촉촉하네요.,0,보습력/수분감,unchanged
validation,train,[속성] 보습력/수분감 [문장] 많이 건조하지도 않고,813037,쇼핑몰,헤어/바디케어,OO 해** 버블 핸드워시 250ml 1개,원래 사용하던 제품인데 여기가 제일 가격이 좋아서 한꺼번에 많이 구매했습니다. 많이 건조하지도 않고 향기도 산뜻해서 만족합니다. 그런데 한 번에 구매할 수 있는 수량 더 늘려 주셨으면 좋겠습니다.,보습력/수분감,많이 건조하지도 않고,0,[속성] 보습력/수분감 [문장] 많이 건조하지도 않고,2,보습력/수분감,unchanged
validation,train,[속성] 보습력/수분감 [문장] 보습도 잘 되는 것 같아요.,812268,쇼핑몰,헤어/바디케어,OO 카** 클래식 핸드 앤 네일크림 100ml 1개,행사하기에 구입했는데 괜찮습니다. 좋네요. 보습도 잘 되는 것 같아요. 저는 재구매 의사 있어요. 날씨가 쌀쌀해지니 핸드크림은 필수인데 잘 구입한 것 같습니다. 디자인이 조금 촌스러운 듯하지만 중요하지 않으니까요.,보습력/수분감,보습도 잘 되는 것 같아요.,1,[속성] 보습력/수분감 [문장] 보습도 잘 되는 것 같아요.,0,보습력/수분감,unchanged
validation,train,[속성] 보습력/수분감 [문장] 보습력은 좋지만,808533,쇼핑몰,헤어/바디케어,OO 인** 리페어 핸드크림 56g 1개,보습력은 좋지만 빨리 흡수 되지는 않습니다. 흡수되려면 조금 기다려야 되어서 아쉽네요. 하지만 흡수되고 나면 보습이 오래가는 것 같습니다. 건조한 손 보습에 아주 좋네요. 주로 겨울에 이 브랜드 제품 쓰고 있습니다. 잘 쓰겠습니다.,보습력/수분감,보습력은 좋지만,1,[속성] 보습력/수분감 [문장] 보습력은 좋지만,0,보습력/수분감,unchanged
validation,train,[속성] 지속력/유지력 [문장] 오래가는 것 같습니다.,808533,쇼핑몰,헤어/바디케어,OO 인** 리페어 핸드크림 56g 1개,보습력은 좋지만 빨리 흡수 되지는 않습니다. 흡수되려면 조금 기다려야 되어서 아쉽네요. 하지만 흡수되고 나면 보습이 오래가는 것 같습니다. 건조한 손 보습에 아주 좋네요. 주로 겨울에 이 브랜드 제품 쓰고 있습니다. 잘 쓰겠습니다.,지속력/유지력,오래가는 것 같습니다.,1,[속성] 지속력/유지력 [문장] 오래가는 것 같습니다.,0,지속력/유지력,unchanged
validation,train,[속성] 흡수력 [문장] 번들거리기는 하지만,809516,쇼핑몰,헤어/바디케어,OO 바** 카모마일 크림 250ml 1개,손에 발라보니 흡수력은 느려요. 번들거리기는 하지만 보습력은 탁월합니다. 그래서 좋아요. 전에 쓰던 거랑 살짝 달라진 거 같은데 지금 제형이 더 좋은 거 같습니다. 제형이 좀 더 부드러운 느낌이 나요. 잘 쓰고 있어요.,흡수력,번들거리기는 하지만,-1,[속성] 흡수력 [문장] 번들거리기는 하지만,1,흡수력,unchanged
validation,train,[속성] 보습력/수분감 [문장] 보습력이 정말 좋습니다,812650,쇼핑몰,헤어/바디케어,OO 카** 클래식 핸드 앤 네일크림 100ml 1개,즐겨쓰는 브랜드입니다. 행사할때나 세일할때 쟁여두고 쓰는 데일리템입니다. 보습력이 정말 좋습니다. 흡수력도 좋아요. 무엇보다 지속력이 정말 좋아요. 자주 찾는 제품이예요. 세일하면 무조건 사두는 제품입니다.,보습력/수분감,보습력이 정말 좋습니다,1,[속성] 보습력/수분감 [문장] 보습력이 정말 좋습니다,0,보습력/수분감,unchanged
validation,train,[속성] 지속력/유지력 [문장] 지속력이 정말 좋아요,812650,쇼핑몰,헤어/바디케어,OO 카** 클래식 핸드 앤 네일크림 100ml 1개,즐겨쓰는 브랜드입니다. 행사할때나 세일할때 쟁여두고 쓰는 데일리템입니다. 보습력이 정말 좋습니다. 흡수력도 좋아요. 무엇보다 지속력이 정말 좋아요. 자주 찾는 제품이예요. 세일하면 무조건 사두는 제품입니다.,지속력/유지력,지속력이 정말 좋아요,1,[속성] 지속력/유지력 [문장] 지속력이 정말 좋아요,0,지속력/유지력,unchanged
validation,train,[속성] 지속력/유지력 [문장] 오래 지속되어 좋습니다.,808803,쇼핑몰,헤어/바디케어,OO 바** 카모마일 크림 250ml 1개,핸드크림은 역시 OOO이네요. 제형이 꾸덕해서 좋습니다. 바르고 나서 촉촉함이 오래 지속되어 좋습니다.,지속력/유지력,오래 지속되어 좋습니다.,1,[속성] 지속력/유지력 [문장] 오래 지속되어 좋습니다.,0,지속력/유지력,unchanged
validation,train,[속성] 보습력/수분감 [문장] 손이 촉촉해졌습니다.,808703,쇼핑몰,헤어/바디케어,OO 바** 카모마일 크림 250ml 1개,고무장갑 없이 설거지를 하니 손이 많이 건조해지고 거칠어져서 보습이 좋은 걸로 골랐습니다. 꾸준히 바르니 손이 촉촉해졌습니다. 유분이 많아서 저는 만족하지만 유분 많은 걸 싫어하시는 분들은 별로 안 좋아할 것 같습니다.,보습력/수분감,손이 촉촉해졌습니다.,1,[속성] 보습력/수분감 [문장] 손이 촉촉해졌습니다.,0,보습력/수분감,unchanged
validation,train,[속성] 보습력/수분감 [문장] 보습력이 우수합니다.,809521,쇼핑몰,헤어/바디케어,OO 바** 카모마일 크림 250ml 1개,늘 쓰는 제품이에요. 일단 보습력이 우수합니다. 손을 자주 씻어서 건조한데다가 건성 피부인데 효과가 좋습니다. 제형이 크림 타입이고 유분기가 적당해서 최고예요. 이것만 몇 통째 쓰고 있어요.,보습력/수분감,보습력이 우수합니다.,1,[속성] 보습력/수분감 [문장] 보습력이 우수합니다.,0,보습력/수분감,unchanged
validation,train,[속성] 가격 [문장] 가격이 비싸고,810650,쇼핑몰,헤어/바디케어,OO 바** 크림 75ml 4개,핸드크림을 많이 사용하기에 여기저기 많이 사용해 봤는데요. 가격이 비싸고 양이 좀 작긴 하지만 보습은 잘 되네요.,가격,가격이 비싸고,-1,[속성] 가격 [문장] 가격이 비싸고,1,가격,unchanged
validation,train,[속성] 지속력/유지력 [문장] 지속성도 괜찮고,810630,쇼핑몰,헤어/바디케어,OO 바** 크림 75ml 4개,발림성 좋습니다. 지속성도 괜찮고 가격도 좋습니다. 사무실에서 쓰기 적합합니다. 사이즈도 작고 좋아요.,지속력/유지력,지속성도 괜찮고,1,[속성] 지속력/유지력 [문장] 지속성도 괜찮고,0,지속력/유지력,unchanged
validation,train,[속성] 가격 [문장] 가격도 좋습니다.,810630,쇼핑몰,헤어/바디케어,OO 바** 크림 75ml 4개,발림성 좋습니다. 지속성도 괜찮고 가격도 좋습니다. 사무실에서 쓰기 적합합니다. 사이즈도 작고 좋아요.,가격,가격도 좋습니다.,1,[속성] 가격 [문장] 가격도 좋습니다.,0,가격,unchanged
validation,train,"[속성] 보습력/수분감 [문장] 보습력 좋고,",808771,쇼핑몰,헤어/바디케어,OO 바** 카모마일 크림 250ml 1개,"대용량으로 넉넉해서 집에서 사무실에서 수시로 늘 바르고 있습니다. 더우기, 겨울이면 팔이며 다리 손이며 발 전체적으로 발라주고 있어요. 보습력 좋고, 건조함을 충분히 잡아줘서 피부가 늘 촉촉해요.",보습력/수분감,"보습력 좋고,",1,"[속성] 보습력/수분감 [문장] 보습력 좋고,",0,보습력/수분감,unchanged
validation,train,[속성] 기능/효과 [문장] 여름에 사용하기 좋을 것 같습니다.,808874,쇼핑몰,헤어/바디케어,OO 바** 카모마일 크림 250ml 1개,다른 브랜드와 비슷한 사용감을 기대했는데 이 제품은 여름에 사용하기 좋을 것 같습니다. 다른 제품을 섞어 쓰면 또 좋을지는 모르겠네요. 이것만 쓰기에는 제형이 너무 묽습니다. 흡수는 빠른 것 같아요.,기능/효과,여름에 사용하기 좋을 것 같습니다.,1,[속성] 기능/효과 [문장] 여름에 사용하기 좋을 것 같습니다.,0,기능/효과,unchanged
validation,train,[속성] 가격 [문장] 가격이 착하고,809702,쇼핑몰,헤어/바디케어,OO 크** 폼 솝 그린 플로럴향 4000ml 1개,손을 자주 씻어야 되어서 대용량으로 구매했습니다. 가격이 착하고 향도 나쁘지 않아요.,가격,가격이 착하고,1,[속성] 가격 [문장] 가격이 착하고,0,가격,unchanged
validation,train,[속성] 발림성 [문장] 발림성이 뻑뻑하고,810886,쇼핑몰,헤어/바디케어,OO 바** 크림 75ml 4개,손이 항상 건조해서 사봤어요. 발림성이 뻑뻑하고 수분감도 부족한 것 같아서 별로네요.,발림성,발림성이 뻑뻑하고,-1,[속성] 발림성 [문장] 발림성이 뻑뻑하고,1,발림성,unchanged
validation,train,[속성] 편의성/활용성 [문장] 온 가족이 함께 사용하고 있습니다.,808853,쇼핑몰,헤어/바디케어,OO 바** 카모마일 크림 250ml 1개,늘 쓰던 제품이라 넉넉히 주문해서 온 가족이 함께 사용하고 있습니다. 손발을 항상 촉촉하게 만들어주는 제품입니다. 뽁뽁이로 포장을 했어도 한 개는 살짝 찌그러져 와서 아쉽네요.,편의성/활용성,온 가족이 함께 사용하고 있습니다.,1,[속성] 편의성/활용성 [문장] 온 가족이 함께 사용하고 있습니다.,0,편의성/활용성,unchanged
validation,train,[속성] 보습력/수분감 [문장] 보습력도 좋은데,802830,쇼핑몰,헤어/바디케어,OO 온** 퓨어 시카 쉐어 바디로션 1000ml 1개,가성비가 워낙 좋아서 다 쓰면 꼭 재구매하는 제품입니다. 발림성도 좋고 보습력도 좋은데 가격도 착해요.,보습력/수분감,보습력도 좋은데,1,[속성] 보습력/수분감 [문장] 보습력도 좋은데,0,보습력/수분감,unchanged
validation,train,[속성] 보습력/수분감 [문장] 촉촉한 보습력에,810342,쇼핑몰,헤어/바디케어,OO 바** 크림 75ml 4개,촉촉한 보습력에 마무리감까지 보송한 핸드로션입니다. 향도 예전에 썼던 그 향 그대로라서 좋아요. 아이들도 사용하기 좋은 로션이에요.,보습력/수분감,촉촉한 보습력에,1,[속성] 보습력/수분감 [문장] 촉촉한 보습력에,0,보습력/수분감,unchanged
validation,train,[속성] 발림성 [문장] 잘 발라져요.,803159,쇼핑몰,헤어/바디케어,OO 온** 퓨어 시카 쉐어 바디로션 1000ml 1개,적은 양으로도 촉촉하고 잘 발라져요. 발바닥에 바르고 자면 아침까지 촉촉하네요. 왠만한 로션은 아침에는 건조했는데 아침까지 보습력 지속되어 좋습니다. 향도 은은하고 양도 많고 1+1로 득템 했네요. 얼굴과 다리도 많이 건조한데 촉촉하네요.,발림성,잘 발라져요.,1,[속성] 발림성 [문장] 잘 발라져요.,0,발림성,unchanged
validation,train,[속성] 지속력/유지력 [문장] 아침까지 촉촉하네요.,803159,쇼핑몰,헤어/바디케어,OO 온** 퓨어 시카 쉐어 바디로션 1000ml 1개,적은 양으로도 촉촉하고 잘 발라져요. 발바닥에 바르고 자면 아침까지 촉촉하네요. 왠만한 로션은 아침에는 건조했는데 아침까지 보습력 지속되어 좋습니다. 향도 은은하고 양도 많고 1+1로 득템 했네요. 얼굴과 다리도 많이 건조한데 촉촉하네요.,지속력/유지력,아침까지 촉촉하네요.,1,[속성] 지속력/유지력 [문장] 아침까지 촉촉하네요.,0,지속력/유지력,unchanged
validation,train,[속성] 발림성 [문장] 발림성도 괜찮고,803215,쇼핑몰,헤어/바디케어,OO 온** 퓨어 시카 쉐어 바디로션 1000ml 1개,가성비 때문에 샀는데 발림성도 괜찮고 향도 오래 갑니다. 무난하게 쓰기 좋은 것 같습니다. 무엇보다 양이 많아서 제일 마음에 들고 향도 호불호 없는 누구나 좋아할 수밖에 없는 향이라 계속 손이 갈 것 같습니다.,발림성,발림성도 괜찮고,1,[속성] 발림성 [문장] 발림성도 괜찮고,0,발림성,unchanged
validation,train,[속성] 편의성/활용성 [문장] 무난하게 쓰기 좋은 것 같습니다.,803215,쇼핑몰,헤어/바디케어,OO 온** 퓨어 시카 쉐어 바디로션 1000ml 1개,가성비 때문에 샀는데 발림성도 괜찮고 향도 오래 갑니다. 무난하게 쓰기 좋은 것 같습니다. 무엇보다 양이 많아서 제일 마음에 들고 향도 호불호 없는 누구나 좋아할 수밖에 없는 향이라 계속 손이 갈 것 같습니다.,편의성/활용성,무난하게 쓰기 좋은 것 같습니다.,1,[속성] 편의성/활용성 [문장] 무난하게 쓰기 좋은 것 같습니다.,0,편의성/활용성,unchanged
validation,train,[속성] 흡수력 [문장] 끈적이지도 않습니다.,808732,쇼핑몰,헤어/바디케어,OO 바** 카모마일 크림 250ml 1개,책상에 올려 놓고 필요할 때마다 사용하기 좋습니다. 서류 볼 때 스피드를 사용하다 보니 손끝이 까실까실해지는데 옆에 두고 바로바로 사용하기 편해요. 적은 용량이 아니라서 몇 개월 사용할 듯합니다. 끈적이지도 않습니다.,흡수력,끈적이지도 않습니다.,1,[속성] 흡수력 [문장] 끈적이지도 않습니다.,0,흡수력,unchanged
validation,train,[속성] 제품구성 [문장] 샘플 하나 없네요.,801792,쇼핑몰,헤어/바디케어,OO 바** 맨 리페어링 모이스처 로션 450ml 2개,OOO 바디로션 할인을 못 받아서 비싸게 구입했는데 샘플 하나 없네요. 게다가 유통기한이 짧은 제품을 보내주셔셔 아쉬워요.,제품구성,샘플 하나 없네요.,-1,[속성] 제품구성 [문장] 샘플 하나 없네요.,1,제품구성,unchanged
validation,train,[속성] 발림성 [문장] 발림성도 좋아,803496,쇼핑몰,헤어/바디케어,OO 온** 퓨어 시카 쉐어 바디로션 1000ml 1개,지난번에 매장에서 구입해서 잘 사용했던 거라 다 쓰고 또 구매해요. 양도 많아서 한참 사용할 수 있습니다. 펌프형이니 사용하기도 편합니다. 보습이 뛰어난지는 잘 모르겠는데 이제 봄이 오니 향도 은은하고 발림성도 좋아 또 구매해요. 다음에는 다른 향도 써 봐야겠습니다.,발림성,발림성도 좋아,1,[속성] 발림성 [문장] 발림성도 좋아,0,발림성,unchanged
validation,train,[속성] 가격 [문장] 저렴해서 좋아요.,810287,쇼핑몰,헤어/바디케어,OO 바** 크림 75ml 4개,습진으로 엄청 고생 중인데 핸드크림 좋다는 것부터 저렴한 제품까지 다 써봤어요. 그중에 이 제품이 가격대비 좋은 거 같아요. 잘 발려서 발리는 느낌도 좋습니다. 저렴해서 좋아요.,가격,저렴해서 좋아요.,1,[속성] 가격 [문장] 저렴해서 좋아요.,0,가격,unchanged
validation,train,[속성] 기능/효과 [문장] 효과도 없고,809556,쇼핑몰,헤어/바디케어,OO 바** 카모마일 크림 250ml 1개,손을 자주 씻다 보니 손이 거칠어지고 하얗게 각질도 일어나고 가려워서 구매했어요. 그런데 이 제품을 발라도 가려움이 좋아지지 않네요. 손이 부드러워지거나 매끄러워지지 않아요. 효과도 없고 가성비 안 좋은 제품입니다.,기능/효과,효과도 없고,-1,[속성] 기능/효과 [문장] 효과도 없고,1,기능/효과,unchanged
validation,train,[속성] 가격 [문장] 가성비 안 좋은 제품입니다.,809556,쇼핑몰,헤어/바디케어,OO 바** 카모마일 크림 250ml 1개,손을 자주 씻다 보니 손이 거칠어지고 하얗게 각질도 일어나고 가려워서 구매했어요. 그런데 이 제품을 발라도 가려움이 좋아지지 않네요. 손이 부드러워지거나 매끄러워지지 않아요. 효과도 없고 가성비 안 좋은 제품입니다.,가격,가성비 안 좋은 제품입니다.,-1,[속성] 가격 [문장] 가성비 안 좋은 제품입니다.,1,가격,unchanged
validation,train,[속성] 가격 [문장] 가성비가 좋은 제품이네요.,809357,쇼핑몰,헤어/바디케어,OO 바** 카모마일 크림 250ml 1개,가성비가 좋은 제품이네요. 가격 행사로 저렴하게 두 개를 같이 구매했습니다. 용량이 큰 사이즈인 거 같아요. 넉넉하게 사용할 수 있습니다. 특유의 냄새가 나고 끈적임이 없는 제품이네요. 보습력이 강한 편은 아니지만 그래도 사용하기에 불편함이 없어요.,가격,가성비가 좋은 제품이네요.,1,[속성] 가격 [문장] 가성비가 좋은 제품이네요.,0,가격,unchanged
validation,train,[속성] 흡수력 [문장] 끈적임이 적어서,802073,쇼핑몰,헤어/바디케어,OO 바** 맨 리페어링 모이스처 로션 450ml 2개,배송은 빨랐어요. 첫 향이 좀 강해요. 그래서 호불호가 갈리는 향인데 다행히 잔향은 은은하네요. 끈적임이 적어서 온몸에 바르기 좋아요. 다만 용기 바닥까지 펌핑이 안돼서 마지막엔 뜯어서 써야 돼요. 양이 많이 남았는데도 펌핑이 안되어서 불편해요.,흡수력,끈적임이 적어서,1,[속성] 흡수력 [문장] 끈적임이 적어서,0,흡수력,unchanged
validation,train,[속성] 편의성/활용성 [문장] 온몸에 바르기 좋아요.,802073,쇼핑몰,헤어/바디케어,OO 바** 맨 리페어링 모이스처 로션 450ml 2개,배송은 빨랐어요. 첫 향이 좀 강해요. 그래서 호불호가 갈리는 향인데 다행히 잔향은 은은하네요. 끈적임이 적어서 온몸에 바르기 좋아요. 다만 용기 바닥까지 펌핑이 안돼서 마지막엔 뜯어서 써야 돼요. 양이 많이 남았는데도 펌핑이 안되어서 불편해요.,편의성/활용성,온몸에 바르기 좋아요.,1,[속성] 편의성/활용성 [문장] 온몸에 바르기 좋아요.,0,편의성/활용성,unchanged
validation,train,[속성] 흡수력 [문장] 끈적이지 않아,812373,쇼핑몰,헤어/바디케어,OO 카** 클래식 핸드 앤 네일크림 100ml 1개,끈적이지 않아 사용감이 좋습니다. 다른 보습력 강한 제품은 끈적인 게 많아서 안 좋았습니다. 건성 피부에 좋아서 만족합니다.,흡수력,끈적이지 않아,1,[속성] 흡수력 [문장] 끈적이지 않아,0,흡수력,unchanged
validation,train,[속성] 발림성 [문장] 발림이 뻑뻑하고,803703,쇼핑몰,헤어/바디케어,OO 온** 퓨어 시카 쉐어 바디로션 1000ml 1개,세일하기에 저렴해서 구매했어요. 백탁은 없지만 발림이 뻑뻑하고 흡수도 잘 안 되는 느낌입니다. 그래도 저렴해서 사용할 만해요.,발림성,발림이 뻑뻑하고,-1,[속성] 발림성 [문장] 발림이 뻑뻑하고,1,발림성,unchanged
validation,train,[속성] 흡수력 [문장] 흡수가 잘 안되는 것 같아요.,808260,쇼핑몰,헤어/바디케어,OO 인** 리페어 핸드크림 56g 1개,"OOO 상품 옛날부터 보습력 하나 믿고 구매한 제품인데, 제형이 너무 뻑뻑하고 흡수가 잘 안되는 것 같아요. 그냥 OO을 그대로 바른 느낌이네요. 풋크림용이면 이해가 되지만 핸드크림으로는 바르고 한참을 문지르고도 끈적한 느낌 때문에 한겨울이 아니고는 사용이 꺼려집니다. 향은 나쁘지 않네요.",흡수력,흡수가 잘 안되는 것 같아요.,-1,[속성] 흡수력 [문장] 흡수가 잘 안되는 것 같아요.,1,흡수력,unchanged
validation,train,[속성] 기능/효과 [문장] 효과도 없는 것 같아요.,808789,쇼핑몰,헤어/바디케어,OO 바** 카모마일 크림 250ml 1개,손 보습용으로는 보습력이 떨어집니다. 자기전에 사용하려고 했는데 수분감이 적어서 별로네요. 제형이 묽어서 크림이 아닌 로션 같아요. 전에 사용하던 제품이 수분감이 더 좋은 것 같아요. 효과도 없는 것 같아요.,기능/효과,효과도 없는 것 같아요.,-1,[속성] 기능/효과 [문장] 효과도 없는 것 같아요.,1,기능/효과,unchanged
validation,train,[속성] 흡수력 [문장] 흡수가 잘되고,803613,쇼핑몰,헤어/바디케어,OO 온** 퓨어 시카 쉐어 바디로션 1000ml 1개,베이비향이 엄청 강하지만 향은 오래가네요. 전 이런 향을 좋아하진 않지만 흡수가 잘되고 끈적임도 없고 촉촉해서 쓰기는 괜찮아요.,흡수력,흡수가 잘되고,1,[속성] 흡수력 [문장] 흡수가 잘되고,0,흡수력,unchanged
validation,train,[속성] 보습력/수분감 [문장] 더 촉촉하고 좋아요.,808474,쇼핑몰,헤어/바디케어,OO 인** 리페어 핸드크림 56g 1개,"이 핸드크림은 사계절 필수템입니다. 손이 건조해서 여러 제품 써보았지만 OOO 핸드크림이 최고예요. 처음 바를 때 발림성이 꾸덕하긴 한데 익숙해지면 계속 찾게 되더라고요. OO 제품은 손이 보통 상태일 때, 이 제품은 손이 좀 심하게 거칠 때 쓰면 부드러워져서 좋아요. 풋크림 대신 이거 바르면 더 촉촉하고 좋아요.",보습력/수분감,더 촉촉하고 좋아요.,1,[속성] 보습력/수분감 [문장] 더 촉촉하고 좋아요.,0,보습력/수분감,unchanged
validation,train,[속성] 제품구성 [문장] 1+1 행사로,808402,쇼핑몰,헤어/바디케어,OO 인** 리페어 핸드크림 56g 1개,OOO 핸드크림 선물 받아서 써보니 보습력이 정말 좋았습니다. 처음 바를 때 하얗게 밀리는 느낌 들어서 별로였는데 바른 뒤에 보습력이 좋아서 손이 산뜻해지는 기분이 들었습니다. 그래서 이번엔 제가 직접 구입해서 후기 올려보네요. 1+1 행사로 착한 가격에 구입했고 효과까지 좋은 핸드크림입니다.,제품구성,1+1 행사로,1,[속성] 제품구성 [문장] 1+1 행사로,0,제품구성,unchanged
validation,train,[속성] 가격 [문장] 착한 가격에 구입했고,808402,쇼핑몰,헤어/바디케어,OO 인** 리페어 핸드크림 56g 1개,OOO 핸드크림 선물 받아서 써보니 보습력이 정말 좋았습니다. 처음 바를 때 하얗게 밀리는 느낌 들어서 별로였는데 바른 뒤에 보습력이 좋아서 손이 산뜻해지는 기분이 들었습니다. 그래서 이번엔 제가 직접 구입해서 후기 올려보네요. 1+1 행사로 착한 가격에 구입했고 효과까지 좋은 핸드크림입니다.,가격,착한 가격에 구입했고,1,[속성] 가격 [문장] 착한 가격에 구입했고,0,가격,unchanged
validation,train,[속성] 자극성 [문장] 자극이 심해서,817297,쇼핑몰,헤어/바디케어,OO 랩** 센서티브 포밍 핸드워시 250ml 1개,향이 별로 안 좋고 용기가 불량인지 몇 번 사용해 보니 뻑뻑한 게 잘 안 눌러집니다. 몇 번 사용해 보니 민감한 건성인데 손이 많이 거칠어지고 없던 각질도 일어납니다. 코로나 때문에 사용하기는 하나 자극성 때문에 오래오래 흐르는 물에 씻어야겠습니다. 향도 마음에 안 들고 용기가 엄청 뻑뻑해 잘 안 눌러지고 자극이 심해서 재구매는 안 해요.,자극성,자극이 심해서,-1,[속성] 자극성 [문장] 자극이 심해서,1,자극성,unchanged
validation,train,[속성] 지속력/유지력 [문장] 지속력은 조금 아쉬워요.,809367,쇼핑몰,헤어/바디케어,OO 바** 카모마일 크림 250ml 1개,"손이 거칠어져서 구입했어요. 자주 손 가는 곳에 두고 수시로 바르고 있습니다. 제형은 많이 퍽퍽하지 않고, 그렇다고 많이 흘러내리는 타입도 아닌 딱 중간인 것 같아요. 부드럽게 발리고 촉촉하나, 지속력은 조금 아쉬워요. 향이 강하지 않아 좋습니다.",지속력/유지력,지속력은 조금 아쉬워요.,-1,[속성] 지속력/유지력 [문장] 지속력은 조금 아쉬워요.,1,지속력/유지력,unchanged
validation,train,[속성] 품질 [문장] 품질이 정말 별로에요.,808924,쇼핑몰,헤어/바디케어,OO 바** 카모마일 크림 250ml 1개,핸드크림 여러가지 다 써봤는데 이 제품은 품질이 정말 별로에요. 손을 자주 씻어서 손도 거칠어지고 손톱주변도 까슬까슬한데 ㅇㅇㅇ핸드크림 발라도 효과가 전혀 없습니다. 금방 건조해져요. 그리고 제형이 꾸덕꾸덕한 질감이 있어서 안 좋습니다.,품질,품질이 정말 별로에요.,-1,[속성] 품질 [문장] 품질이 정말 별로에요.,1,품질,unchanged
validation,train,[속성] 보습력/수분감 [문장] 금방 건조해져요.,808924,쇼핑몰,헤어/바디케어,OO 바** 카모마일 크림 250ml 1개,핸드크림 여러가지 다 써봤는데 이 제품은 품질이 정말 별로에요. 손을 자주 씻어서 손도 거칠어지고 손톱주변도 까슬까슬한데 ㅇㅇㅇ핸드크림 발라도 효과가 전혀 없습니다. 금방 건조해져요. 그리고 제형이 꾸덕꾸덕한 질감이 있어서 안 좋습니다.,보습력/수분감,금방 건조해져요.,-1,[속성] 보습력/수분감 [문장] 금방 건조해져요.,1,보습력/수분감,unchanged
validation,train,[속성] 발림성 [문장] 잘 발리며,803584,쇼핑몰,헤어/바디케어,OO 온** 퓨어 시카 쉐어 바디로션 1000ml 1개,ㅇㅇㅇ 바디로션은 행사할때 저렴하게 구매하게 되었는데 은은향이 부담스럽지 않고 잘 발리며 피부에 잘 흡수되고 4인 가족이 사용하기 적당한 용량이라 담에도 재구매 할 것 같네요.,발림성,잘 발리며,1,[속성] 발림성 [문장] 잘 발리며,0,발림성,unchanged
validation,train,[속성] 보습력/수분감 [문장] 엄청 촉촉하지는 않습니다.,801740,쇼핑몰,헤어/바디케어,OO 세** 모이스춰라이징 크림 구형 550g 1개,자녀들이 건조하다고 해서 주문했는데 엄청 촉촉하지는 않습니다. 용량은 많지만 가격은 비싼 것 같습니다. 사용할 때 만족하지 않아서 다른 제품 구매할 것 같습니다.,보습력/수분감,엄청 촉촉하지는 않습니다.,-1,[속성] 보습력/수분감 [문장] 엄청 촉촉하지는 않습니다.,1,보습력/수분감,unchanged
validation,train,[속성] 보습력/수분감 [문장] 보습력이 정말 좋아요.,808961,쇼핑몰,헤어/바디케어,OO 바** 카모마일 크림 250ml 1개,겨울에는 타 제품 로션보다 이게 훨씬 효과 좋아요. 요즘 같은 날씨엔 아무리 발라도 금방 살갗이 트는데 보습력이 정말 좋아요. 추천 합니다.,보습력/수분감,보습력이 정말 좋아요.,1,[속성] 보습력/수분감 [문장] 보습력이 정말 좋아요.,0,보습력/수분감,unchanged
validation,train,[속성] 보습력/수분감 [문장] 보습력도 만족스러워요.,801661,쇼핑몰,헤어/바디케어,OO 세** 모이스춰라이징 크림 구형 550g 1개,건성 피부에 OOO 바디 크림 좋네요. 바디 크림이 로션보다 흡수력이 더 좋다길래 구입했는데 무향이라 좋고 발림성과 보습력도 만족스러워요. 재구매할게요.,보습력/수분감,보습력도 만족스러워요.,1,[속성] 보습력/수분감 [문장] 보습력도 만족스러워요.,0,보습력/수분감,unchanged
validation,train,[속성] 발림성 [문장] 잘 펴 발라지고,808355,쇼핑몰,헤어/바디케어,OO 인** 리페어 핸드크림 56g 1개,끈적임이 없어서 마음에 드는 핸드 크림입니다. 튜브형이라 짜기도 힘들지 않고 제형도 뻑뻑하지 않고 너무 묽지 않아 마음에 들고 잘 펴 발라지고 향도 은은함이 좋습니다. 한참 후에 손 씻을 때도 손등은 부드럽고 촉촉함이 오래 유지되는 듯합니다.,발림성,잘 펴 발라지고,1,[속성] 발림성 [문장] 잘 펴 발라지고,0,발림성,unchanged
validation,train,[속성] 지속력/유지력 [문장] 오래 유지되는 듯합니다.,808355,쇼핑몰,헤어/바디케어,OO 인** 리페어 핸드크림 56g 1개,끈적임이 없어서 마음에 드는 핸드 크림입니다. 튜브형이라 짜기도 힘들지 않고 제형도 뻑뻑하지 않고 너무 묽지 않아 마음에 들고 잘 펴 발라지고 향도 은은함이 좋습니다. 한참 후에 손 씻을 때도 손등은 부드럽고 촉촉함이 오래 유지되는 듯합니다.,지속력/유지력,오래 유지되는 듯합니다.,1,[속성] 지속력/유지력 [문장] 오래 유지되는 듯합니다.,0,지속력/유지력,unchanged
validation,train,[속성] 제품구성 [문장] 구성도 좋지 않고,801418,쇼핑몰,헤어/바디케어,OO 세** 모이스춰라이징 크림 구형 550g 1개,아들이 악건성이라 쓸 제품을 찾다가 이 제품으로 구매하게 되었습니다. 일단 성분이 좋지 않은 것 같아서 실망했습니다. 구성도 좋지 않고 행사를 하지 않아서 가격을 너무 비싸게 주고 산 것 같습니다. 추천 하고 싶지 않습니다.,제품구성,구성도 좋지 않고,-1,[속성] 제품구성 [문장] 구성도 좋지 않고,1,제품구성,unchanged
validation,train,[속성] 가격 [문장] 싸게 잘 사서 좋아요.,809189,쇼핑몰,헤어/바디케어,OO 바** 카모마일 크림 250ml 1개,건조한 계절이 되면 꼭 구매하는 필수품입니다. 보습력이 좋아서 매년 사용하고 있어요. 대용량이라 오래 쓸 수 있고 싸게 잘 사서 좋아요.,가격,싸게 잘 사서 좋아요.,1,[속성] 가격 [문장] 싸게 잘 사서 좋아요.,0,가격,unchanged
validation,train,[속성] 가격 [문장] 가성비 별로인 것 같습니다.,808833,쇼핑몰,헤어/바디케어,OO 바** 카모마일 크림 250ml 1개,가성비 별로인 것 같습니다. 보습력도 안 좋고 끈적임이 심합니다. 주부인 저에게 이 제품이 잘 안 맞는 것 같습니다.,가격,가성비 별로인 것 같습니다.,-1,[속성] 가격 [문장] 가성비 별로인 것 같습니다.,1,가격,unchanged
validation,train,[속성] 보습력/수분감 [문장] 보습력도 안 좋고,808833,쇼핑몰,헤어/바디케어,OO 바** 카모마일 크림 250ml 1개,가성비 별로인 것 같습니다. 보습력도 안 좋고 끈적임이 심합니다. 주부인 저에게 이 제품이 잘 안 맞는 것 같습니다.,보습력/수분감,보습력도 안 좋고,-1,[속성] 보습력/수분감 [문장] 보습력도 안 좋고,1,보습력/수분감,unchanged
validation,train,[속성] 흡수력 [문장] 끈적임이 심합니다,808833,쇼핑몰,헤어/바디케어,OO 바** 카모마일 크림 250ml 1개,가성비 별로인 것 같습니다. 보습력도 안 좋고 끈적임이 심합니다. 주부인 저에게 이 제품이 잘 안 맞는 것 같습니다.,흡수력,끈적임이 심합니다,-1,[속성] 흡수력 [문장] 끈적임이 심합니다,1,흡수력,unchanged
validation,train,[속성] 자극성 [문장] 자극도 거의 없습니다.,817405,쇼핑몰,헤어/바디케어,OO 랩** 센서티브 포밍 핸드워시 250ml 1개,OOO 제품 대용으로 적절합니다. 무엇보다 거품이 잘나고 향이 없어서 맘에 들어요. OOO 처럼 프로모션 상품이 있으면 좋겠네요. 자극도 거의 없습니다. 요즘처럼 수시로 손을 씻을 때는 확실히 말리는 게 중요한 것 같습니다.,자극성,자극도 거의 없습니다.,1,[속성] 자극성 [문장] 자극도 거의 없습니다.,0,자극성,unchanged
validation,train,[속성] 가격 [문장] 저렴하게 구매했는데,808394,쇼핑몰,헤어/바디케어,OO 인** 리페어 핸드크림 56g 1개,겨울만 되면 날씨가 추워서 손이 항상 건조하고 갈라져요. 다양한 핸드크림을 사용하는데 저한테는 이 제품이 잘 맞습니다. 발림성은 끈적임이 있는 편이지만 밤에 바르고 자면 다음날 손이 몰라보게 촉촉해져 있습니다. 행사중이어서 저렴하게 구매했는데 꾸준히 재구매할 거예요.,가격,저렴하게 구매했는데,1,[속성] 가격 [문장] 저렴하게 구매했는데,0,가격,unchanged
validation,train,[속성] 지속력/유지력 [문장] 오래가면서,801682,쇼핑몰,헤어/바디케어,OO 세** 모이스춰라이징 크림 구형 550g 1개,"가을부터 팔다리가 많이 건조해지고 각질이 올라오길래 구매했습니다. 기존엔 펌프식을 사용했었는데, 마지막엔 펌핑하기가 너무 불편해서 이번에는 손으로 퍼서 쓸 수 있는 통제품으로 사봤습니다. 처음에는 스페출러를 이용해서 썼으나, 절반정도 사용하니 크기가 커서 스페출러도 안에 묻혀버려 결국 깨끗한 손으로 사용하네요. 뚜껑 열고 손으로 덜어 쓰는 것이 불편하니 펌프 형식으로 추천해요. 대신 많은 양을 한번에 덜어 바르시는 분들한테는 편해서 딱 좋습니다. 빠르게 잘 흡수되어 끈적거림이 적고, 촉촉함은 오래가면서 향이 없다는 점이 아주 좋은 것 같아요.",지속력/유지력,오래가면서,1,[속성] 지속력/유지력 [문장] 오래가면서,0,지속력/유지력,unchanged
validation,train,[속성] 편의성/활용성 [문장] 매일 사용하고 있습니다,812793,쇼핑몰,헤어/바디케어,OO 카** 클래식 핸드 앤 네일크림 100ml 1개,너무나 유명해서 다른 설명이 필요 없을 듯한 OOO 핸드크림입니다. 배송이 생각보다 빨리 와서 놀랐어요. 배송비 부담해도 가격이 저렴해서 좋아요. 품질도 좋고 매일 사용하고 있습니다. 만족해요.,편의성/활용성,매일 사용하고 있습니다,1,[속성] 편의성/활용성 [문장] 매일 사용하고 있습니다,0,편의성/활용성,unchanged
validation,train,[속성] 흡수력 [문장] 끈적임이 있고,808828,쇼핑몰,헤어/바디케어,OO 바** 카모마일 크림 250ml 1개,손이 건조하고 거칠어서 구입했어요. 가격은 저렴해서 좋은데 끈적임이 있고 촉촉하지도 않아 건조한 피부에는 잘 안 맞네요.,흡수력,끈적임이 있고,-1,[속성] 흡수력 [문장] 끈적임이 있고,1,흡수력,unchanged
validation,train,[속성] 품질 [문장] 품질이 좋지 않은 것 같습니다.,817495,쇼핑몰,헤어/바디케어,OO 랩** 센서티브 포밍 핸드워시 250ml 1개,괜히 산 것 같습니다. 사무실에서 사용 하려고 구입했습니다. 먼저 집에서 사용했는데 다른 제품에 비해 품질이 좋지 않은 것 같습니다. 거품력도 좋지 않아서 추천 드리고 싶지 않습니다. 다른 제품 구입해서 쓰시는 게 더 좋을 것 같습니다.,품질,품질이 좋지 않은 것 같습니다.,-1,[속성] 품질 [문장] 품질이 좋지 않은 것 같습니다.,1,품질,unchanged
validation,train,[속성] 제형 [문장] 제형이 꾸덕하지만,808806,쇼핑몰,헤어/바디케어,OO 바** 카모마일 크림 250ml 1개,핸드크림 필수라서 여러가지 사용해봤지만 결국 이 브랜드로 한 번씩 돌아 가게 됩니다. 제형이 꾸덕하지만 잘 흡수됩니다. 손이 부드러워져서 좋은 것 같습니다.,제형,제형이 꾸덕하지만,0,[속성] 제형 [문장] 제형이 꾸덕하지만,2,제형,unchanged
validation,train,[속성] 흡수력 [문장] 잘 흡수됩니다.,808806,쇼핑몰,헤어/바디케어,OO 바** 카모마일 크림 250ml 1개,핸드크림 필수라서 여러가지 사용해봤지만 결국 이 브랜드로 한 번씩 돌아 가게 됩니다. 제형이 꾸덕하지만 잘 흡수됩니다. 손이 부드러워져서 좋은 것 같습니다.,흡수력,잘 흡수됩니다.,1,[속성] 흡수력 [문장] 잘 흡수됩니다.,0,흡수력,unchanged
validation,train,[속성] 편의성/활용성 [문장] 온가족이 사용하기 좋습니다.,811802,쇼핑몰,헤어/바디케어,OO 세** 항균 핸드워시 레몬향 3500ml 1개,좋은 가격에 잘 구매했어요. 대용량이 있는줄 몰랐는데 용량이 커서 부담없이 쓸 것 같습니다. 공병도 두개나 있어서 각자욕실에 비치하고 사용하기 좋습니다. 향도 은은하고 자극적이지 않아 온가족이 사용하기 좋습니다. 한가지 아쉬운건 씻고 나면 손이 좀 건조해요.,편의성/활용성,온가족이 사용하기 좋습니다.,1,[속성] 편의성/활용성 [문장] 온가족이 사용하기 좋습니다.,0,편의성/활용성,unchanged
validation,train,[속성] 가격 [문장] 가격도 저렴해서 좋습니다.,803645,쇼핑몰,헤어/바디케어,OO 온** 퓨어 시카 쉐어 바디로션 1000ml 1개,이 제품은 온 가족이 사용하기 좋습니다. 용량도 크고 가격도 저렴해서 좋습니다. 촉촉해서 좋고 향기도 좋아요.,가격,가격도 저렴해서 좋습니다.,1,[속성] 가격 [문장] 가격도 저렴해서 좋습니다.,0,가격,unchanged
validation,train,[속성] 사용감 [문장] 사용감이 별로네요.,817613,쇼핑몰,헤어/바디케어,OO 랩** 센서티브 포밍 핸드워시 250ml 1개,사용감이 별로네요. 촉촉함이 오래가지 않아요. 요즘 계절에 찬물로 손을 씻고나면 금방 건조해지는데 이 핸드워시를 쓰고 나면 더 건조하네요. 용기도 별로고 거실 세면대에도 올려놓고 사용하고 있는데 손님들도 향이 별로라고 하네요.,사용감,사용감이 별로네요.,-1,[속성] 사용감 [문장] 사용감이 별로네요.,1,사용감,unchanged
validation,train,[속성] 지속력/유지력 [문장] 촉촉함이 오래가지 않아요.,817613,쇼핑몰,헤어/바디케어,OO 랩** 센서티브 포밍 핸드워시 250ml 1개,사용감이 별로네요. 촉촉함이 오래가지 않아요. 요즘 계절에 찬물로 손을 씻고나면 금방 건조해지는데 이 핸드워시를 쓰고 나면 더 건조하네요. 용기도 별로고 거실 세면대에도 올려놓고 사용하고 있는데 손님들도 향이 별로라고 하네요.,지속력/유지력,촉촉함이 오래가지 않아요.,-1,[속성] 지속력/유지력 [문장] 촉촉함이 오래가지 않아요.,1,지속력/유지력,unchanged
validation,train,[속성] 편의성/활용성 [문장] 편하게 사용하기 좋습니다.,817541,쇼핑몰,헤어/바디케어,OO 랩** 센서티브 포밍 핸드워시 250ml 1개,ooo 쓰다가 일본거라고해서 바꿨는데 향이 더 은은하게 나고 거품이 부드럽고 편하게 사용하기 좋습니다. 아이들 씻겨주기도 좋아요. 코로나라 아무래도 사용이 많은데 리필구성도있어서 좋습니다. 추천해요.,편의성/활용성,편하게 사용하기 좋습니다.,1,[속성] 편의성/활용성 [문장] 편하게 사용하기 좋습니다.,0,편의성/활용성,unchanged
validation,train,[속성] 기능/효과 [문장] 효과가 별로 없습니다.,807740,쇼핑몰,헤어/바디케어,OO 인** 리페어 핸드크림 56g 1개,ㅇㅇㅇ 핸드크림 거칠어진 손에 사용하려고 구입했는데 효과가 별로 없습니다. 가격도 비싸게 구입했습니다.,기능/효과,효과가 별로 없습니다.,-1,[속성] 기능/효과 [문장] 효과가 별로 없습니다.,1,기능/효과,unchanged
validation,train,[속성] 가격 [문장] 가격도 비싸게 구입했습니다,807740,쇼핑몰,헤어/바디케어,OO 인** 리페어 핸드크림 56g 1개,ㅇㅇㅇ 핸드크림 거칠어진 손에 사용하려고 구입했는데 효과가 별로 없습니다. 가격도 비싸게 구입했습니다.,가격,가격도 비싸게 구입했습니다,-1,[속성] 가격 [문장] 가격도 비싸게 구입했습니다,1,가격,unchanged
validation,train,[속성] 가격 [문장] 세일해서 저렴하게 구매했습니다.,817536,쇼핑몰,헤어/바디케어,OO 랩** 센서티브 포밍 핸드워시 250ml 1개,"세 가지 종류 다 사용해봤는데 세가지 다 향이 좋고, 손을 씻고나면 손에서 계속 향이 나서 좋아요. 거품 묻혀서 손을 씻고나면 깨끗해지고, 손도 촉촉해지는 느낌입니다. 세일해서 저렴하게 구매했습니다. 다 좋은데 양이 적네요.",가격,세일해서 저렴하게 구매했습니다.,1,[속성] 가격 [문장] 세일해서 저렴하게 구매했습니다.,0,가격,unchanged
validation,train,[속성] 기능/효과 [문장] 꾸준히 사용해서 효과 보면 좋겠습니다.,808970,쇼핑몰,헤어/바디케어,OO 바** 카모마일 크림 250ml 1개,겨울이라 손이 많이 거칠어져 구매합니다. 며칠 사용했는데 아직까지 효과는 없습니다. 그래도 꾸준히 사용해서 효과 보면 좋겠습니다.,기능/효과,꾸준히 사용해서 효과 보면 좋겠습니다.,0,[속성] 기능/효과 [문장] 꾸준히 사용해서 효과 보면 좋겠습니다.,2,기능/효과,unchanged
test,validation,[속성] 기능/효과 [문장] 거품이 풍성하고,712136,쇼핑몰,남성화장품,OO 맨 프** 쉐이빙 젤 200ml 2개,가스 압이 쎈 것 때문인지 살짝 눌러도 많이 나와요. 거품이 풍성하고 면도가 잘 되서 좋아요. 향도 강하지 않아 좋아요,기능/효과,거품이 풍성하고,1,[속성] 기능/효과 [문장] 거품이 풍성하고,0,기능/효과,unchanged
test,train,[속성] 향 [문장] 향도 강하지 않아 좋아요,712136,쇼핑몰,남성화장품,OO 맨 프** 쉐이빙 젤 200ml 2개,가스 압이 쎈 것 때문인지 살짝 눌러도 많이 나와요. 거품이 풍성하고 면도가 잘 되서 좋아요. 향도 강하지 않아 좋아요,향,향도 강하지 않아 좋아요,1,[속성] 향 [문장] 향도 강하지 않아 좋아요,0,향,unchanged
test,train,[속성] 자극성 [문장] 자극이 느껴지고,1025913,SNS,남성화장품,OO 맨 센** 올인원 로션 125ml ,올인원 간편하지만 저는 안맞는 것 같아요. 왜인지 말해드리겠습니다~~ 올인원 하나로 모든걸 해결해서 그런지 모든 각종 좋은 성분을 다 넣었던 것 같더라고요. 근데 그 성분들끼리 잘 안맞아서 문제가 생긴 듯해요. 그래서 자극이 느껴지고 트러블이 생깁니다. 민감성 피부에는 추천하지 않아요. 제가 컨디션이 안좋으면 피부에 더 많이 나는데 이 제품을 그날 발랐더니 트러블이~어휴!! 회복하는데 시간이 제법 걸렸습니다 ㅋㅋ 굳이 올인원 제품만 고수하시는 분들이 아니라면 추천하지 않아요 ㅋㅋ,자극성,자극이 느껴지고,-1,[속성] 자극성 [문장] 자극이 느껴지고,1,자극성,unchanged
test,train,[속성] 자극성 [문장] 트러블이 생깁니다.,1025913,SNS,남성화장품,OO 맨 센** 올인원 로션 125ml ,올인원 간편하지만 저는 안맞는 것 같아요. 왜인지 말해드리겠습니다~~ 올인원 하나로 모든걸 해결해서 그런지 모든 각종 좋은 성분을 다 넣었던 것 같더라고요. 근데 그 성분들끼리 잘 안맞아서 문제가 생긴 듯해요. 그래서 자극이 느껴지고 트러블이 생깁니다. 민감성 피부에는 추천하지 않아요. 제가 컨디션이 안좋으면 피부에 더 많이 나는데 이 제품을 그날 발랐더니 트러블이~어휴!! 회복하는데 시간이 제법 걸렸습니다 ㅋㅋ 굳이 올인원 제품만 고수하시는 분들이 아니라면 추천하지 않아요 ㅋㅋ,자극성,트러블이 생깁니다.,-1,[속성] 자극성 [문장] 트러블이 생깁니다.,1,자극성,unchanged
test,train,[속성] 피부타입 [문장] 민감성 피부에는 추천하지 않아요.,1025913,SNS,남성화장품,OO 맨 센** 올인원 로션 125ml ,올인원 간편하지만 저는 안맞는 것 같아요. 왜인지 말해드리겠습니다~~ 올인원 하나로 모든걸 해결해서 그런지 모든 각종 좋은 성분을 다 넣었던 것 같더라고요. 근데 그 성분들끼리 잘 안맞아서 문제가 생긴 듯해요. 그래서 자극이 느껴지고 트러블이 생깁니다. 민감성 피부에는 추천하지 않아요. 제가 컨디션이 안좋으면 피부에 더 많이 나는데 이 제품을 그날 발랐더니 트러블이~어휴!! 회복하는데 시간이 제법 걸렸습니다 ㅋㅋ 굳이 올인원 제품만 고수하시는 분들이 아니라면 추천하지 않아요 ㅋㅋ,피부타입,민감성 피부에는 추천하지 않아요.,-1,[속성] 피부타입 [문장] 민감성 피부에는 추천하지 않아요.,1,피부타입,unchanged
test,train,[속성] 보습력/수분감 [문장] 피부가 촉촉하고,1025965,SNS,남성화장품,OO 아** 맨 올인원 120ml 1개,남자 올인원 제품 찾으시는 분들 많으시죠? 올인원 제품은 많고 어떤 제품을 써야 할지 모르시는 분들이 많을 것 같습니다..!! 도움을 드리고자 오늘은 이 제품을 가져왔습니다!! 두 달 정도 사용한 후기 들려 드릴게요^^ 날씨가 건조해져서 로션을 발라야 할 것 같아 이 제품을 구매하게 되었습니다. 일단 다른 제품과 비교했을 때 가격이 저렴한 편에 속해서 구매할 때 큰 무리가 없었던 것 같아요. 배송도 빠르게 오고 포장도 꼼꼼하게 와서 만족했습니다. 사은품도 알뜰하게 잘 쓸 것 같아요!! 감사합니다!! 저는 이 제품을 저녁 마다 바르고 있습니다. 바르면 피부가 촉촉하고 향도 좋아서 만족해요~ 무엇보다 이거 바른 후로 피부 좋아졌다는 소리를 듣고 다닙니다!! 저는 이 제품 추천 드리고 싶어요!! 아직 한 번도 안 써 보신 분들 많으실 것 같은데 지금 쓰시는 로션 질리시면 이 제품 구매 추천 합니다^^,보습력/수분감,피부가 촉촉하고,1,[속성] 보습력/수분감 [문장] 피부가 촉촉하고,0,보습력/수분감/쿨링감,merged_duplicate_label
test,train,[속성] 기능/효과 [문장] 거품도 잘 나고,709518,쇼핑몰,남성화장품,OO 스** 쉐이브 젤 195g 1개,매일 면도를 하는지라 자주 구매합니다. 이번에도 재구매했어요. 거품도 잘 나고 순합니다. 여드름 피부인데도 잘 맞습니다.,기능/효과,거품도 잘 나고,1,[속성] 기능/효과 [문장] 거품도 잘 나고,0,기능/효과,unchanged
test,train,[속성] 자극성 [문장] 순합니다.,709518,쇼핑몰,남성화장품,OO 스** 쉐이브 젤 195g 1개,매일 면도를 하는지라 자주 구매합니다. 이번에도 재구매했어요. 거품도 잘 나고 순합니다. 여드름 피부인데도 잘 맞습니다.,자극성,순합니다.,1,[속성] 자극성 [문장] 순합니다.,0,자극성,unchanged
test,train,[속성] 가격 [문장] 가격도 좋습니다.,709681,쇼핑몰,남성화장품,OO 스** 쉐이브 젤 195g 1개,어떤 면도기를 사용하든 젤은 OO 쉐이브젤만 써요. 거품형을 쓰면 잘 베이는데 젤 타입이라 낫더라고요. 가격도 좋습니다.,가격,가격도 좋습니다.,1,[속성] 가격 [문장] 가격도 좋습니다.,0,가격,unchanged
test,train,[속성] 가격 [문장] 저렴하게 구매했습니다.,716754,쇼핑몰,남성화장품,OO 쿨 워터 맨 EDT 125ml,자주 사용하는 향수라 저렴하게 구매했습니다. 가격도 착하고 향도 오래가고 흠잡을 것이 없습니다.,가격,저렴하게 구매했습니다.,1,[속성] 가격 [문장] 저렴하게 구매했습니다.,0,가격,unchanged
test,train,[속성] 가격 [문장] 가격도 착하고,716754,쇼핑몰,남성화장품,OO 쿨 워터 맨 EDT 125ml,자주 사용하는 향수라 저렴하게 구매했습니다. 가격도 착하고 향도 오래가고 흠잡을 것이 없습니다.,가격,가격도 착하고,1,[속성] 가격 [문장] 가격도 착하고,0,가격,unchanged
test,train,[속성] 지속력/유지력 [문장] 향도 오래가고,716754,쇼핑몰,남성화장품,OO 쿨 워터 맨 EDT 125ml,자주 사용하는 향수라 저렴하게 구매했습니다. 가격도 착하고 향도 오래가고 흠잡을 것이 없습니다.,지속력/유지력,향도 오래가고,1,[속성] 지속력/유지력 [문장] 향도 오래가고,0,지속력/유지력,unchanged
test,train,[속성] 보습력/수분감 [문장] 보습력도 좋아서,1024140,SNS,남성화장품,OO 옴므 워** 올인원 에센스 211ml ,"저는 굉장히 귀차니즘이 강해서 항상 올인원 제품만 쓰는데요. 근데 항상 바르면 너무 따가워서 안따갑다는 제품을 찾고 있었어요. 찾다가 이번엔 피부에 좋은 성분이 많이 들어갔다는 OO OOO 올인원을 구입해봤습니다. 일단 개봉해봤는데 올인원 제품과 눈썹칼도 들어있더라고요. 뭐지? 남자는 이제 눈썹도 관리해야한다는 말인가? 이런 생각이 들었습니다. 귀찮아서 다서 넣고 올인원 스킨로션만 꺼냈습니다. 이 제품 하나면 스킨로션은 물론이고 에센스에 아이크림까지 들어있어서 아무것도 안발라도 피부관리가 된다고 합니다. 면도 후 스킨을 바르면 엄청 따값잖아요. 이 제품은 따가움도 없고 자극이 없었어요. 제형은 묽은 편이고 한번만 쓰윽 바르면 금방 흡수됩니다. 저는 끈적끈적 거리는 제품은 싫어해서 이 부분은 참 마음에 드네요. 페로몬향이라고 해서 무슨 향인지 상당히 궁금했는데, 남자 스킨냄새는 안나고 부드러운 향이 납니다. 향수는 따로 필요없는 거 같아요. 보습력도 좋아서 아침에 바르고 나가면 저녁까지도 괜찮아요. 저는 이제 올인원 로션 이걸로 정착할까봐요. 화이트닝도 들어있어 그런지 얼굴도 좀 밝아져서 다들 피부 좋아보인다고 말해줘요. 귀차니즘이 심한 저에게 완전 딱입니다.",보습력/수분감,보습력도 좋아서,1,[속성] 보습력/수분감 [문장] 보습력도 좋아서,0,보습력/수분감/쿨링감,merged_duplicate_label
test,train,[속성] 보습력/수분감 [문장] 피부가 당기지도 않고,1028074,SNS,남성화장품,OO 맨 센** 올인원 로션 125ml ,이 브랜드는 너무 유명해서 다들 아실 것 같아요! 립밤으로도 유명한 브랜드라 보습력 좋으신 것은 다들 아실 것 같아요!! 저는 이 로션 구매해서 사용했는데 생각보다 만족도가 커서 추천 드리려고 왔습니다 :) 제품 사용을 했는데 보습력은 정말 탁월한 것 같아요!! 세수 하고 이 로션 바르면 피부가 당기지도 않고 꽤 지속력도 길어서 오래 촉촉한 것 같습니다! 양도 은근 많아서 하루에 한 번씩 바르면 두 달 가까이는 사용하는 것 같아요! 다만 용기 뚜껑 돌려서 사용하는 건 좀 불편하네요.. 요새 용기 저렇게 안 나오는데 별로네요.. 이 점 빼고는 전체적인 품질이 좋아서 추천 드리고 싶었습니다!! 남성 올인원 제품 찾으시면 이 제품 어떠신가요? 가성비 좋은 제품인 것 같습니다 ㅎㅎ,보습력/수분감,피부가 당기지도 않고,1,[속성] 보습력/수분감 [문장] 피부가 당기지도 않고,0,보습력/수분감/쿨링감,merged_duplicate_label
test,train,[속성] 가격 [문장] 가성비 좋은 제품인 것 같습니다 ㅎㅎ,1028074,SNS,남성화장품,OO 맨 센** 올인원 로션 125ml ,이 브랜드는 너무 유명해서 다들 아실 것 같아요! 립밤으로도 유명한 브랜드라 보습력 좋으신 것은 다들 아실 것 같아요!! 저는 이 로션 구매해서 사용했는데 생각보다 만족도가 커서 추천 드리려고 왔습니다 :) 제품 사용을 했는데 보습력은 정말 탁월한 것 같아요!! 세수 하고 이 로션 바르면 피부가 당기지도 않고 꽤 지속력도 길어서 오래 촉촉한 것 같습니다! 양도 은근 많아서 하루에 한 번씩 바르면 두 달 가까이는 사용하는 것 같아요! 다만 용기 뚜껑 돌려서 사용하는 건 좀 불편하네요.. 요새 용기 저렇게 안 나오는데 별로네요.. 이 점 빼고는 전체적인 품질이 좋아서 추천 드리고 싶었습니다!! 남성 올인원 제품 찾으시면 이 제품 어떠신가요? 가성비 좋은 제품인 것 같습니다 ㅎㅎ,가격,가성비 좋은 제품인 것 같습니다 ㅎㅎ,1,[속성] 가격 [문장] 가성비 좋은 제품인 것 같습니다 ㅎㅎ,0,가격,unchanged
test,train,[속성] 흡수력 [문장] 흡수도 잘 됩니다.,1029696,SNS,남성화장품,OO 포맨 퍼** 올인원밀크 한정기획(100mL 추가증정),OO 제조로 믿을 수 있는 남성용 올인원 제품 후기 봐 주세요~ 남편이 쓰던 로션이 똑 떨어졌는데 올인원 제품으로 바꿔 주려고 몇 가지 후보 중에 고민하다가 이 제품을 골라 봤습니다. 묽은 로션 같은 제형으로 아주 부드럽게 잘 발라집니다. 흡수도 잘 됩니다. 제일 좋은 건 향이에요. 다른 올인원 향은 안 맡아 봐서 잘 모르겠지만 이거 바를 때 옆에서 향 맡아 보면 남성용 화장품이 이런 향도 있나~ 하고 좋더라고요. 일주일 사용해 본 결과 피부가 건조하지도 않다고 합니다. 다만 용기가 좀 쓰기 불편한 점이 있네요. 좁은 주둥이로 내용물이 토출되는데 구조상 주둥이에 내용물이 묻기 때문에 지저분해지는 문제가 있습니다. 더 써 보고 계속 만족스럽다고 하면 아빠한테도 하나 보내 드려야겠네요.,흡수력,흡수도 잘 됩니다.,1,[속성] 흡수력 [문장] 흡수도 잘 됩니다.,0,흡수력,unchanged
test,train,[속성] 윤기/피부(톤) [문장] 피부도 부드러워지고,1024294,SNS,남성화장품,OO 올인원 200ml 2종 택 1,안녕하세요~ 한번에 해결되는 기초 화장품 올인원 제품 ㅇㅇㅇ를 소개합니다~ 화장품 바르는 걸 번거로워하는 남편을 위해서 구입했습니다. 일단 귀찮게 여러가지 바르는 게 아니라 스킨 로션 올인원이라서 편하다고 하네요. 끈적거리지도 않아 바르면 바로 스며들어 흡수도 빠른 편이에요~ 피부도 부드러워지고 한번만 발라도 보습감이 오래 지속이 되어 만족하는 제품이에요~제형도 흘러내리지 않아서 막 편하게 바르기 좋아요~ 남편이 이 제품은 잘 쓰네요 ㅎ 또 재구매 할 거에요~ 남자피부도 부들부들 될 수 있어요~,윤기/피부(톤),피부도 부드러워지고,1,[속성] 윤기/피부(톤) [문장] 피부도 부드러워지고,0,윤기/피부(톤),unchanged
test,train,[속성] 가격 [문장] 가격이 비싸지만,715781,쇼핑몰,남성화장품,OO 아** EDT 125ml,가격이 비싸지만 OOO 향수 궁금해서 처음 구매해 봤어요. 향기가 제 취향이 아니네요.,가격,가격이 비싸지만,-1,[속성] 가격 [문장] 가격이 비싸지만,1,가격,unchanged
test,train,[속성] 향 [문장] 향도 자극적이지 않고,1025878,SNS,남성화장품,OO 우** 올인원 모이스처라이저 스킨 로션 200ml,저희 아들은 왜 화장품을 안 바르고 다닐까요? 여러 개 바르기 귀찮다고 안 바른다고 하네요 ..-- 그래서 아들을 위한 화장품을 찾던 중에 발견했어요~~ 일단 가격대는 할인하고 적립금 사용했더니 훨씬 저렴한 가격에 구입했어요! 스킨로션이 합쳐져 있어서 한번만 바르면 되기 때문에 편하다고 하다고 하네요. 향도 자극적이지 않고 사춘기 아들이 바르기에도 성분이 순한 듯해서 좋네요. 다 쓰고 또 사달라고 하네요~ 만족했나봐요 ㅋㅋ 사춘기 아들의 피부 저라도 지켜줘야죠! 아들아 피부 관리 잘 하자~~,향,향도 자극적이지 않고,1,[속성] 향 [문장] 향도 자극적이지 않고,0,향,unchanged
test,train,[속성] 기능/효과 [문장] 거품도 잘나고,709761,쇼핑몰,남성화장품,OO 스** 쉐이브 젤 195g 1개,남편이 항상 OOO 제품만 써서 행사할 때 저렴하게 구매했습니다. 거품도 잘나고 피부 자극도 없어서 좋아해요.,기능/효과,거품도 잘나고,1,[속성] 기능/효과 [문장] 거품도 잘나고,0,기능/효과,unchanged
test,train,[속성] 자극성 [문장] 피부에 자극적이지 않아 좋은데,712276,쇼핑몰,남성화장품,OO 질** 스킨 쉐이브 크림 177ml 1개,OOO 쉐이브 크림은 피부에 자극적이지 않아 좋은데 거품이 풍성하지는 않네요. 민감한 피부에 사용하기 괜찮은 제품입니다.,자극성,피부에 자극적이지 않아 좋은데,1,[속성] 자극성 [문장] 피부에 자극적이지 않아 좋은데,0,자극성,unchanged
test,train,[속성] 기능/효과 [문장] 거품이 풍성하지는 않네요.,712276,쇼핑몰,남성화장품,OO 질** 스킨 쉐이브 크림 177ml 1개,OOO 쉐이브 크림은 피부에 자극적이지 않아 좋은데 거품이 풍성하지는 않네요. 민감한 피부에 사용하기 괜찮은 제품입니다.,기능/효과,거품이 풍성하지는 않네요.,-1,[속성] 기능/효과 [문장] 거품이 풍성하지는 않네요.,1,기능/효과,unchanged
test,validation,[속성] 향 [문장] 향도 무난하고,1025760,SNS,남성화장품,OO 코** 옴므 스킨 140ml 1개,아빠가 쓰는 화장품인데 동네 화장품 가게가 얼마전에 폐업해서 더이상 못사는 줄 아시더라구요. 제가 인터넷몰에도 있다고 찾아서 구매해 드렸어요. 유리 용기라 걱정했는데 안전하게 포장 잘 해서 보내 주셨어요. 이번 기회에 다른 제품 써 보시라고 했더니 이 제품이 향도 무난하고 가격도 저렴해서 좋다고 하십니다. 제가 보기에는 좀 건조해 보이는 데 바꿀 생각 없으신 듯하네요. 좋은 걸로 사드리고 싶은데 이게 제일 좋은 화장품이라고 하셔서 아쉽네요.,향,향도 무난하고,1,[속성] 향 [문장] 향도 무난하고,0,향,unchanged
test,train,[속성] 가격 [문장] 싸게 샀습니다.,712772,쇼핑몰,남성화장품,OO 맨 쿨** 쉐이빙젤 200ml 1개,항상 써오던 제품인데 싸게 샀습니다. 완전 만족해요. 유통기한도 넉넉한 제품이 와서 좋습니다.,가격,싸게 샀습니다.,1,[속성] 가격 [문장] 싸게 샀습니다.,0,가격,unchanged
test,train,[속성] 유통기한 [문장] 유통기한도 넉넉한 제품이 와서 좋습니다.,712772,쇼핑몰,남성화장품,OO 맨 쿨** 쉐이빙젤 200ml 1개,항상 써오던 제품인데 싸게 샀습니다. 완전 만족해요. 유통기한도 넉넉한 제품이 와서 좋습니다.,유통기한,유통기한도 넉넉한 제품이 와서 좋습니다.,1,[속성] 유통기한 [문장] 유통기한도 넉넉한 제품이 와서 좋습니다.,0,유통기한,unchanged
test,train,[속성] 제품구성 [문장] 1+1에,709474,쇼핑몰,남성화장품,OO 스** 쉐이브 젤 195g 1개,아들이 늘 쓰는 제품인데 다 써서 구매했습니다. 1+1에 쿠폰 할인까지 받아서 저렴하게 구매해서 좋습니다.,제품구성,1+1에,1,[속성] 제품구성 [문장] 1+1에,0,제품구성,unchanged
test,train,[속성] 제품구성 [문장] 1+1,712326,쇼핑몰,남성화장품,OO 질** 스킨 쉐이브 크림 177ml 1개,1+1 행사하길래 한번 주문해봤어요. 무난한거 같아요. 제형이 거품형이 아니라 폼 클렌징 같아서 사용하기 불편합니다.,제품구성,1+1,1,[속성] 제품구성 [문장] 1+1,0,제품구성,unchanged
test,train,[속성] 사용감 [문장] 사용감도 좋지 않네요.,712913,쇼핑몰,남성화장품,OO 질** 쉐이빙폼 175g 1개,피부 자극이 덜 된다고 적혀있어서 예민한 남편 피부에 도움이 될까 싶어서 주문해봤습니다. 배송 상태는 괜찮게 왔는데 가격이 다른 제품에 비해 비싸서 아쉽습니다. 받아서 사용해보니 사용감도 좋지 않네요.,사용감,사용감도 좋지 않네요.,-1,[속성] 사용감 [문장] 사용감도 좋지 않네요.,1,사용감,unchanged
test,train,[속성] 가격 [문장] 저렴한 가격에,714596,쇼핑몰,남성화장품,OO 꽃** 포 맨 스킨 250ml 1개,저렴한 가격에 용량도 적당하고 좋습니다. 아직 써보진 않았지만 저렴해서 맘에 듭니다.,가격,저렴한 가격에,1,[속성] 가격 [문장] 저렴한 가격에,0,가격,unchanged
test,train,[속성] 가격 [문장] 저렴해서,714596,쇼핑몰,남성화장품,OO 꽃** 포 맨 스킨 250ml 1개,저렴한 가격에 용량도 적당하고 좋습니다. 아직 써보진 않았지만 저렴해서 맘에 듭니다.,가격,저렴해서,1,[속성] 가격 [문장] 저렴해서,0,가격,unchanged
test,train,[속성] 향 [문장] 향도 은은해서 좋고,1025781,SNS,남성화장품,OO 맨 프** 애프터 쉐이브 로션 100ml 1개,OO 제품 라인은 착한 가격에 제품도 굿! 굿! 굿! 얼마전에 OO 애프터 쉐이브 로션도 주문해 달라고 했어요. OO 쉐이빙폼도 그 전부터 만족하며 꾸준히 사용하고 있어서 구매해 줬어요. 어제 배송 와서 오늘 출근하기 전에 사용해보더니 청량한 느낌이 너무 좋다고 하네요. 향도 은은해서 좋고 피부에 잘 스며들어 마음에 든다고 했어요. 제품 만족에 가격까지 만족해서 좋네요. 다음 구매 때는 쉐이빙폼과 애프터 쉐이브 로션 한꺼번에 주문 해주려구요~,향,향도 은은해서 좋고,1,[속성] 향 [문장] 향도 은은해서 좋고,0,향,unchanged
test,validation,[속성] 보습력/수분감 [문장] 촉촉하게,1029691,SNS,남성화장품,OO 포맨 퍼** 올인원밀크 한정기획(100mL 추가증정),"보습부터 각종 기능성 성분까지 한 방에 끝내고 싶은 분들께 추천하는 올인원 제품입니다. 남성용 올인원인데도 불구하고 7가지 복합기능을 빵빵하게 담고 있는, 보기 드문 올인원입니다. 피부 관리에 관심 많은 남자분들은 놓칠 수 없는 제품인 것 같네요. 기획구성으로 본품과 증정품이 포함되어 있어 좋은 기회에 구매했습니다. 본품은 펌프형 용기라서 위생적으로 사용하기 좋고 원하는 만큼 양 조절하기도 편합니다. 제형은 묽은 크림 타입으로 끈적임 없이 촉촉하게 흡수됩니다. 이 정도면 스킨, 로션에 에센스, 세럼, 크림 기능까지 다 담은 올인원이라고 할 수 있겠습니다.",보습력/수분감,촉촉하게,1,[속성] 보습력/수분감 [문장] 촉촉하게,0,보습력/수분감/쿨링감,merged_duplicate_label
test,train,[속성] 자극성 [문장] 피부에 자극이 없어서,1025981,SNS,남성화장품,OO 질** 쉐이빙젤 195g 1개,다들 어떤 제품으로 면도를 하시나요?? 저는 이 제품으로 면도를 하고 있습니다..!! 벌써 이 제품을 사용한 지 5년이 가까이 되어 갑니다!! 5년 동안 사용하면서 느낀 점을 여러분에게 알려 드리도록 하겠습니다 ㅎㅎ 수염이 나기 시작했을 즈음에 아버지께 선물 받아 지금까지 사용하고 있습니다!! 이 제품을 바르고 면도를 하면 피부에 자극이 없어서 트러블이 생기지 않습니다..!! 그리고 면도도 더 잘되는 것 같아서 항상 사용하고 있어요!!ㅎㅎㅎ 가끔 다른 제품도 사서 쓰긴 했는데 생각보다 좋지 않아서 다시 이 제품으로 돌아오고는 합니다~ 가격도 저렴해서 앞으로 계속 사용할 것 같습니다 ㅎㅎㅎ 추천 드리고 싶네요!! 이 제품 얼마나 좋은 지는 직접 써 봐야 알 것 같습니다!! 저는 완전 추천 드리고 싶은 제품이네요^^,자극성,피부에 자극이 없어서,1,[속성] 자극성 [문장] 피부에 자극이 없어서,0,자극성,unchanged
test,train,[속성] 가격 [문장] 가격도 저렴해서,1025981,SNS,남성화장품,OO 질** 쉐이빙젤 195g 1개,다들 어떤 제품으로 면도를 하시나요?? 저는 이 제품으로 면도를 하고 있습니다..!! 벌써 이 제품을 사용한 지 5년이 가까이 되어 갑니다!! 5년 동안 사용하면서 느낀 점을 여러분에게 알려 드리도록 하겠습니다 ㅎㅎ 수염이 나기 시작했을 즈음에 아버지께 선물 받아 지금까지 사용하고 있습니다!! 이 제품을 바르고 면도를 하면 피부에 자극이 없어서 트러블이 생기지 않습니다..!! 그리고 면도도 더 잘되는 것 같아서 항상 사용하고 있어요!!ㅎㅎㅎ 가끔 다른 제품도 사서 쓰긴 했는데 생각보다 좋지 않아서 다시 이 제품으로 돌아오고는 합니다~ 가격도 저렴해서 앞으로 계속 사용할 것 같습니다 ㅎㅎㅎ 추천 드리고 싶네요!! 이 제품 얼마나 좋은 지는 직접 써 봐야 알 것 같습니다!! 저는 완전 추천 드리고 싶은 제품이네요^^,가격,가격도 저렴해서,1,[속성] 가격 [문장] 가격도 저렴해서,0,가격,unchanged
test,train,[속성] 향 [문장] 향도 좋아요.,712942,쇼핑몰,남성화장품,OO 질** 쉐이빙폼 175g 1개,용량이 너무 커도 나중에 가스 없어 다 못쓰구 버리게 되는데 용량이 적당하니 좋습니다. 향도 좋아요.,향,향도 좋아요.,1,[속성] 향 [문장] 향도 좋아요.,0,향,unchanged
test,train,[속성] 보습력/수분감 [문장] 보습력이 좋아서,1027293,SNS,남성화장품,OO 옴므 에센스 인 에멀젼 110ml,안녕하세요~ 얼마 전에 구매한 ㅇㅇㅇ을 소개합니다~ 백화점에서나 접할 수 있을 줄 알았는데 지나가다 우연히 ㅇㅇ에 들렀는데 여기에도 있더라구요. ㅇㅇㅇㅇ 하면 여자들이 더 선호하는 브랜드이긴 하지만 은근히 ㅇㅇㅇㅇ 옴므를 많이 찾는 것 같아요~ 가격도 할인받아 사서 기분도 좋아요. 겨울이라 수분감 있는 제품이 필요했는데 이 제품이 딱이에요! 겨울에 쓰기 보습력이 좋아서 너무 좋아요. 건조한 피부에도 잘 맞을 것 같아요. ㅇㅇㅇㅇ 옴므도 참 좋아요~!,보습력/수분감,보습력이 좋아서,1,[속성] 보습력/수분감 [문장] 보습력이 좋아서,0,보습력/수분감/쿨링감,merged_duplicate_label
test,train,[속성] 가격 [문장] 저렴한 가격에 구매했네요.,712957,쇼핑몰,남성화장품,OO 질** 쉐이빙폼 175g 1개,마트에서 보다 저렴한 가격에 구매했네요. 가격은 괜찮은데 추천할 정도의 품질은 아닌 것 같고 보습력도 아쉬운 제품입니다. 금방 건조해지네요.,가격,저렴한 가격에 구매했네요.,1,[속성] 가격 [문장] 저렴한 가격에 구매했네요.,0,가격,unchanged
test,validation,[속성] 보습력/수분감 [문장] 보습력도 아쉬운 제품입니다.,712957,쇼핑몰,남성화장품,OO 질** 쉐이빙폼 175g 1개,마트에서 보다 저렴한 가격에 구매했네요. 가격은 괜찮은데 추천할 정도의 품질은 아닌 것 같고 보습력도 아쉬운 제품입니다. 금방 건조해지네요.,보습력/수분감,보습력도 아쉬운 제품입니다.,-1,[속성] 보습력/수분감 [문장] 보습력도 아쉬운 제품입니다.,1,보습력/수분감/쿨링감,merged_duplicate_label
test,train,[속성] 보습력/수분감 [문장] 금방 건조해지네요.,712957,쇼핑몰,남성화장품,OO 질** 쉐이빙폼 175g 1개,마트에서 보다 저렴한 가격에 구매했네요. 가격은 괜찮은데 추천할 정도의 품질은 아닌 것 같고 보습력도 아쉬운 제품입니다. 금방 건조해지네요.,보습력/수분감,금방 건조해지네요.,-1,[속성] 보습력/수분감 [문장] 금방 건조해지네요.,1,보습력/수분감/쿨링감,merged_duplicate_label
test,train,[속성] 가격 [문장] 가격은 좀 비싸지만,710265,쇼핑몰,남성화장품,OO 스** 쉐이브 젤 195g 1개,ㅇㅇㅇ제품은 면도후에도 피부에 자극적이지 않아 꾸준히 사용하고 있습니다. 폼보다 젤이 피부밀착력이 훨씬좋아서 젤을 이용합니다. 가격은 좀 비싸지만 좋아요.,가격,가격은 좀 비싸지만,-1,[속성] 가격 [문장] 가격은 좀 비싸지만,1,가격,unchanged
test,train,[속성] 유통기한 [문장] 유통기한도 넉넉해서 좋습니다.,712787,쇼핑몰,남성화장품,OO 맨 쿨** 쉐이빙젤 200ml 1개,늘 사용하는 제품입니다. 오프라인에서 세일할 때 보다도 좋은 가격에 구매했습니다. 한 개만 사도 무료 배송이라 좋습니다. 3개를 주문하니 쿠폰 사용도 가능해 가장 저렴하게 샀습니다. 유통기한도 넉넉해서 좋습니다. 한동안 걱정없이 사용할 것 같습니다.,유통기한,유통기한도 넉넉해서 좋습니다.,1,[속성] 유통기한 [문장] 유통기한도 넉넉해서 좋습니다.,0,유통기한,unchanged
test,validation,[속성] 향 [문장] 향도 시원해서,1026462,SNS,남성화장품,OO 코** 옴므 스킨 140ml,여름이 되면 피부에 뭐 바르기가 꺼려집니다.. 땀도 나고 오히려 바르면 뭔가 더운 것 같아서 잘 안 바르다가 친구 추천을 받고 이 스킨을 사게 되었어요! 일단 여름에 사용하기 좋은 이유는 사용감이 너무 가벼워요!! 피부에 닿는 순간 흡수가 바로 되어서 끈적이지 않아 좋았습니다. 또한 향도 시원해서 바를 때 청량감을 주는 것 같았습니다~ 제형이 끈적거리는 스킨이 많은데 이 스킨은 제형에 점성이 없어 참 좋았던 것 같습니다!! 여러 모로 이 스킨이 지금까지 잘 팔리는 것에는 이유가 있던 것 같습니다 ㅎㅎ 여름에 사용하기 좋은 남성 스킨으로 추천 드려요!! 정말 이거 하나만 바르면 여름 잘 버틸 것 같습니다!!,향,향도 시원해서,1,[속성] 향 [문장] 향도 시원해서,0,향,unchanged
test,train,[속성] 가격 [문장] 가성비가 최고예요.,713105,쇼핑몰,남성화장품,OO 질** 쉐이빙폼 175g 1개,OO의 OOO쉐이빙폼은 가성비가 최고예요. 다른 브랜드의 폼은 거품은 잘 나는데 밀착력이 안 좋더라고요. 피부에 안 붙는 느낌이었어요. 반면 OO는 잘 발려요. 가격도 좋고요. 한 번에 여러 개 구매해서 쟁여 두고 씁니다. 쉐이빙폼 하면 OO입니다. 좋은 제품 감사해요.,가격,가성비가 최고예요.,1,[속성] 가격 [문장] 가성비가 최고예요.,0,가격,unchanged
test,train,[속성] 발림성 [문장] 잘 발려요.,713105,쇼핑몰,남성화장품,OO 질** 쉐이빙폼 175g 1개,OO의 OOO쉐이빙폼은 가성비가 최고예요. 다른 브랜드의 폼은 거품은 잘 나는데 밀착력이 안 좋더라고요. 피부에 안 붙는 느낌이었어요. 반면 OO는 잘 발려요. 가격도 좋고요. 한 번에 여러 개 구매해서 쟁여 두고 씁니다. 쉐이빙폼 하면 OO입니다. 좋은 제품 감사해요.,발림성,잘 발려요.,1,[속성] 발림성 [문장] 잘 발려요.,0,발림성,unchanged
test,train,[속성] 가격 [문장] 가격도 좋고요.,713105,쇼핑몰,남성화장품,OO 질** 쉐이빙폼 175g 1개,OO의 OOO쉐이빙폼은 가성비가 최고예요. 다른 브랜드의 폼은 거품은 잘 나는데 밀착력이 안 좋더라고요. 피부에 안 붙는 느낌이었어요. 반면 OO는 잘 발려요. 가격도 좋고요. 한 번에 여러 개 구매해서 쟁여 두고 씁니다. 쉐이빙폼 하면 OO입니다. 좋은 제품 감사해요.,가격,가격도 좋고요.,1,[속성] 가격 [문장] 가격도 좋고요.,0,가격,unchanged
test,validation,[속성] 기능/효과 [문장] 거품도 풍성하게 잘 나요.,711587,쇼핑몰,남성화장품,OO 스** 쉐이브 폼 245g 1개,"향도 독하지 않고, 거품도 풍성하게 잘 나요. 면도할 맛 나게 해 주는 제품입니다.",기능/효과,거품도 풍성하게 잘 나요.,1,[속성] 기능/효과 [문장] 거품도 풍성하게 잘 나요.,0,기능/효과,unchanged
test,train,[속성] 향 [문장] 향이 좋다며,714904,쇼핑몰,남성화장품,OO 몽** 레전드 EDT 100ml,동생이 맡아보더니 향이 좋다며 자주 맡으러 오겠다고 합니다. 젊은 남성이 쓰기에 향이 무겁지 않아서 좋고 남성적인 향이라 마음에 듭니다. 끝은 상쾌한 향이라서 좋아요. 친구도 향을 맡아보더니 좋다며 무슨 향수냐고 물어보네요. 배송도 빨랐고 제품 상태도 좋아서 또 구매할 예정입니다.,향,향이 좋다며,1,[속성] 향 [문장] 향이 좋다며,0,향,unchanged
test,train,[속성] 발림성 [문장] 바를때 부드럽고,709688,쇼핑몰,남성화장품,OO 스** 쉐이브 젤 195g 1개,젤 형태로 나오지만 문지르면 거품이 잘 생깁니다. 바를때 부드럽고 피부에 자극이 적어 좋아요. 아들은 면도 입문용으로 사줬는데 향이 너무 진해 별로라고 하네요.,발림성,바를때 부드럽고,1,[속성] 발림성 [문장] 바를때 부드럽고,0,발림성,unchanged
test,train,[속성] 가격 [문장] 저렴하게 잘 구매했습니다.,712833,쇼핑몰,남성화장품,OO 맨 쿨** 쉐이빙젤 200ml 1개,식구가 많아서 금방 다 쓰네요. 폼이라 쓰기가 편해서 계속 사용합니다. 할인까지 해서 저렴하게 잘 구매했습니다.,가격,저렴하게 잘 구매했습니다.,1,[속성] 가격 [문장] 저렴하게 잘 구매했습니다.,0,가격,unchanged
test,train,[속성] 제형 [문장] 제형이 젤타입보다는 폼이라서 좋다고 하네요.,1026019,SNS,남성화장품,OO 포** 레귤러 쉐이빙폼,안녕하세요~ 신랑이 좋아하는 면도 폼이라 자주 구매합니다 소개할게요~ 제형이 젤타입보다는 폼이라서 좋다고 하네요. 개인 차이는 있겠지만 트러블도 안 나고 좋답니다. 구매할 때 1+1이라서 2개만 담아도 4개여서 수납장에 쟁여 놓으니 아주 든든합니다. 오래 사용할 듯하네요. 가격도 합리적이라 더 좋습니다. ㅇㅇㅇ 쉐이빙폼은 거품의 질감도 좋으며 면도는 당연히 부드럽게 되고 따가운 곳도 없어 좋아요. 빠른 배송 감사합니다. 부드럽게 써보세요~,제형,제형이 젤타입보다는 폼이라서 좋다고 하네요.,1,[속성] 제형 [문장] 제형이 젤타입보다는 폼이라서 좋다고 하네요.,0,제형,unchanged
test,validation,[속성] 제품구성 [문장] 1+1 행사해서,712281,쇼핑몰,남성화장품,OO 질** 스킨 쉐이브 크림 177ml 1개,여러 제품 번갈아 사용하다가 이 제품을 1+1 행사해서 한 번 사 봤어요. 다른 제품들보다 깔끔하게 면도가 됩니다. 앞으로는 이 제품을 계속 사용할까 싶네요. 행사 자주 해 주세요.,제품구성,1+1 행사해서,1,[속성] 제품구성 [문장] 1+1 행사해서,0,제품구성,unchanged
test,train,[속성] 기능/효과 [문장] 거품이 잘 나서 좋습니다.,712908,쇼핑몰,남성화장품,OO 질** 쉐이빙폼 175g 1개,항상 이 제품을 사용하고 있습니다. 제품과 포장 가격 모두 마음에 듭니다. 거품이 잘 나서 좋습니다. 시원한 느낌이 좋아요. 계속 주문합니다.,기능/효과,거품이 잘 나서 좋습니다.,1,[속성] 기능/효과 [문장] 거품이 잘 나서 좋습니다.,0,기능/효과,unchanged
test,train,[속성] 지속력/유지력 [문장] 지속력은 별로지만,715785,쇼핑몰,남성화장품,OO 아** EDT 125ml,지속력은 별로지만 향수 싫어하는 사람도 불쾌하지 않은 은은한 향이에요. 좋아요.,지속력/유지력,지속력은 별로지만,-1,[속성] 지속력/유지력 [문장] 지속력은 별로지만,1,지속력/유지력,unchanged
test,train,[속성] 향 [문장] 향도 좋고,712307,쇼핑몰,남성화장품,OO 질** 스킨 쉐이브 크림 177ml 1개,다른 것보다 크림이 부드럽고 보습력도 있어서 좋다고 하네요. 향도 좋고 저렴한 가격에 1+1이라서 좋았습니다. 면도할 때 자극도 덜하고 세안 후 만져보면 다른 제품보다 더 부드럽고 촉촉하게 느껴져서 좋습니다.,향,향도 좋고,1,[속성] 향 [문장] 향도 좋고,0,향,unchanged
test,train,[속성] 자극성 [문장] 자극도 덜하고,712307,쇼핑몰,남성화장품,OO 질** 스킨 쉐이브 크림 177ml 1개,다른 것보다 크림이 부드럽고 보습력도 있어서 좋다고 하네요. 향도 좋고 저렴한 가격에 1+1이라서 좋았습니다. 면도할 때 자극도 덜하고 세안 후 만져보면 다른 제품보다 더 부드럽고 촉촉하게 느껴져서 좋습니다.,자극성,자극도 덜하고,1,[속성] 자극성 [문장] 자극도 덜하고,0,자극성,unchanged
test,validation,"[속성] 흡수력 [문장] 끈적이지도 않고,",1029683,SNS,남성화장품,OO 포 맨 올인원 크림 150ml 기획세트(+30ml 증정),"요즘 남편 회사 일이 너무 바빠져서 화장품 바르는 시간마저도 힘들어 보입니다ㅜㅜ 그래서 하나라도 더 편하게 하라고 올인원을 구매해 봤어요. 예전에 이 제품 플루이드 타입을 한 번 쓴 적이 있는데 그때 잘 썼던 기억이 있어서, 이번에도 같은 라인의 제품을 구매했어요. 플루이드는 지금 계절에 쓰기엔 너무 가벼울 것 같아서 크림 타입으로 바꿔 봤습니다. 결과는 만족스럽네요. 남편이 마음에 든다면서 잘 쓰고 있습니다. 생각했던 대로 보습력도 그런대로 괜찮고, 끈적이지도 않고, 향도 없어서 좋고, 당연히 바르기가 간편하고요. 주말에는 보양식이라도 한 번 해 줘야겠네요. 메뉴 검색 들어갑니당~",흡수력,"끈적이지도 않고,",1,"[속성] 흡수력 [문장] 끈적이지도 않고,",0,흡수력,unchanged
test,train,[속성] 가격 [문장] 가격도 비싼데,1026519,SNS,남성화장품,OO 익** EDP 100ml,일단 ㅇㅇㅇ이라는 브랜드 지갑을 쓰고 있어서... 저 별모양의 로고가 이뻐서.. 구매를 하게 되었어요 .. 저도 참.. 가격도 비싼데 그냥 아무 생각 없이 샀던 것 같습니다... 배송은 빨리 왔는데 포장 상태가 무슨... 하... 박스도 다 찢어져서 왔고 사은품으로 온 제품은 배송 중에 찌그러져 왔습니다... ㅋㅋㅋㅋ이게 ㅇㅇㅇ 클라스인가요?? 제품은 사실 미관상 예뻐서 사긴 했는데 향을 맡아보니 너무 알코올 향이 강합니다... 완전 아저씨 스킨 냄새에욬ㅋㅋㅋㅋ저는 향에 예민해서 좋은 향만 쓰는데.. 좋을 줄 알고 샀다가 완전 봉변 당했습니다~;;; 한 두번 쓰고 향이 제 취향이 아니라... 중고로 다른 사람한테 팔았네요.. 판 사람한테도 솔직히 미안해서 더 할인 많이 해서 팔았습니다... 어휴 저는 추천 안 합니다.... 그래도 뭐 좋다고 생각하실 사람들을 위해 후기는 마치도록 할게유,가격,가격도 비싼데,-1,[속성] 가격 [문장] 가격도 비싼데,1,가격,unchanged
test,train,[속성] 제형 [문장] 제형이 부드러워서,712331,쇼핑몰,남성화장품,OO 질** 스킨 쉐이브 크림 177ml 1개,다른 제품보다 제형이 부드러워서 면도가 잘 되는 것 같습니다. 튜브 용기라 사용하기 간편하고 피부에 자극이 없어서 좋은 것 같습니다. 향도 강하지 않아서 좋은 것 같습니다. 사용하는 데 거부감이 없는 향입니다.,제형,제형이 부드러워서,1,[속성] 제형 [문장] 제형이 부드러워서,0,제형,unchanged
test,validation,[속성] 기능/효과 [문장] 면도가 잘 되는 것 같습니다.,712331,쇼핑몰,남성화장품,OO 질** 스킨 쉐이브 크림 177ml 1개,다른 제품보다 제형이 부드러워서 면도가 잘 되는 것 같습니다. 튜브 용기라 사용하기 간편하고 피부에 자극이 없어서 좋은 것 같습니다. 향도 강하지 않아서 좋은 것 같습니다. 사용하는 데 거부감이 없는 향입니다.,기능/효과,면도가 잘 되는 것 같습니다.,1,[속성] 기능/효과 [문장] 면도가 잘 되는 것 같습니다.,0,기능/효과,unchanged
test,validation,[속성] 기능/효과 [문장] 잘 씻기고,714628,쇼핑몰,남성화장품,OO 맨 프** 쉐이빙 폼 200ml 4개,매우 맘에 듭니다. 신제품인지 첨보는데 더더욱 그렇네요. 구성도 여러 개고 특별히 자극도 없고 잘 씻기고 잘 밀리는 점도 맘에 들어요.,기능/효과,잘 씻기고,1,[속성] 기능/효과 [문장] 잘 씻기고,0,기능/효과,unchanged
test,train,[속성] 보습력/수분감 [문장] 촉촉함이 아쉽고,710611,쇼핑몰,남성화장품,OO 멘** 애프터쉐이브 레귤러 165ml 2개,남편 주려고 구매했어요. 강한 향이 좋고 가성비도 좋은데 촉촉함이 아쉽고 지속력도 짧다고 했어요.,보습력/수분감,촉촉함이 아쉽고,-1,[속성] 보습력/수분감 [문장] 촉촉함이 아쉽고,1,보습력/수분감/쿨링감,merged_duplicate_label
test,train,[속성] 품질 [문장] 품질도 좋아서,713786,쇼핑몰,남성화장품,OO 질** 쉐이빙폼 175g 1개,저렴한 가격에 구매해 잘 사용하고 있어요. 제품의 품질도 좋아서 마음에 들어요. 다시 구매할 예정이에요.,품질,품질도 좋아서,1,[속성] 품질 [문장] 품질도 좋아서,0,품질,unchanged
test,train,[속성] 보습력/수분감 [문장] 촉촉해서 좋았습니다.,1029648,SNS,남성화장품,OO 옴므 크** 올인원 150ml 기획(+25ml+25ml 증정),"OO OOO 스킨이 워낙 유명해서 저도 한 번 써 보고 좋았던지라 옴므 제품도 덥썩 집어 왔답니다. 용기 디자인이 심플하고 예뻐서 좋긴 한데 분사나 펌핑 방식이 아니라서 사용하기가 아주 편하진 않습니다. 여자인 제가 테스트하려고 발랐을 때 여성용 OOO 스킨이랑 크게 차이는 없었어요. 일반 수분 제형 스킨보다 촉촉해서 좋았습니다. 저처럼 건성 피부인 분들은 스킨으로 7스킨법 많이 하실 텐데 7스킨법 용도로 아주 적당해요. 다만 올인원이라는 이름과는 달리 어디까지나 스킨으로 쓸 만한 정도의 보습이라서 로션이나 크림 하나 더 있어야 될 것 같아요. 스킨으로는 강추천, 올인원으로는 약간 애매한 제품입니다.",보습력/수분감,촉촉해서 좋았습니다.,1,[속성] 보습력/수분감 [문장] 촉촉해서 좋았습니다.,0,보습력/수분감/쿨링감,merged_duplicate_label
test,train,[속성] 향 [문장] 향도 마음에 들지 않고,713743,쇼핑몰,남성화장품,OO 질** 쉐이빙폼 175g 1개,"OOO 주로 쓰다가 이번에 이 제품으로 바꿨는데, 향도 마음에 들지 않고 피부에 자극이 있네요.",향,향도 마음에 들지 않고,-1,[속성] 향 [문장] 향도 마음에 들지 않고,1,향,unchanged
test,train,[속성] 자극성 [문장] 피부에 자극이 있네요.,713743,쇼핑몰,남성화장품,OO 질** 쉐이빙폼 175g 1개,"OOO 주로 쓰다가 이번에 이 제품으로 바꿨는데, 향도 마음에 들지 않고 피부에 자극이 있네요.",자극성,피부에 자극이 있네요.,-1,[속성] 자극성 [문장] 피부에 자극이 있네요.,1,자극성,unchanged
test,train,[속성] 가격 [문장] 가격이 저렴하고,1026524,SNS,남성화장품,OO 멘** 쉐이브 스킨 오리지날 147ml,안녕하세요~ 오늘 소개 해드리고 싶은 제품은 남자 스킨 제품인ㅇㅇㅇ입니다! 다들 한 번 쯤은 이 제품 보신 분들 많으실 거에요~ 저는 스킨은 이 제품만 사용하고 있어서 장점과 단점을 잘 설명 해드릴 수 있을 것 같습니다! 리뷰 바로 들어갈게요~ 일단 추천 드리고 싶습니다!! 가장 큰 이유는 가격이 저렴해요!! ㅋㅋㅋ세계적으로 유명한 제품이라 보급이 잘 되는 건 지는 몰라도 용량 대비 가격이 정말 저렴합니다!! 장점 2가지와 단점 2가지를 말씀 드리면 장점은 가격이 저렴하고 면도 후에 바르면 피부 진정이 됩니다!!! 단점은 향이 강렬해서 향에 민감하신 분들에게는 사용이 애매하다.. 상처난 곳에 바르면 엄청나게 피부가 따갑다.. 입니다!! 저는 단점 보다는 장점이 좋아서 매번 사용하고 있습니다~~ 전체적으로 품질도 우수한 제품이라 추천 드리고 싶어요!! 남자 스킨으로는 이 제품이 제일 좋은 것 같네요!,가격,가격이 저렴하고,1,[속성] 가격 [문장] 가격이 저렴하고,0,가격,unchanged
test,train,[속성] 용량/개수 [문장] 양이 너무 적고,1026466,SNS,남성화장품,OO 맨 센** 올인원 로션 125ml ,이 제품이 좋다고 후기가 그렇게 많아서 구매를 했는데 저는 사용하고 실망이 너무 커서 글을 남기게 되었습니다...ㅠㅠ 구매 하시기 전에 제 후기 꼭 봐주세요!!! 일단 가격이 저렴해서 구입을 했는데 값이 싼 제품에는 다 이유가 있는 것 같습니다!! 일단 양이 너무 적고 발림성도 최악이에요!! 제형이 너무 물 같아서 얼굴에 바르면 흡수되지 않고 다 흘러내립니다... 그리고 향도 전형적인 남자 스킨 향이 나서 살짝 머리가 띵한 것 같습니다... 저는 지성 피부인데 이거 바르면 피부에 좁쌀 여드름이 생겨서 지금은 안 바르고 있어요..ㅠㅠㅠ 이래서 화장품은 비싸고 좋은 제품을 사용해야 하는 것 같습니다...!! 추천 하고 싶지 않네요!,용량/개수,양이 너무 적고,-1,[속성] 용량/개수 [문장] 양이 너무 적고,1,용량,merged_duplicate_label
test,validation,[속성] 제형 [문장] 제형이 부드럽고,714516,쇼핑몰,남성화장품,OO 질** 쉐이빙젤 195g 1개,거품이 많이 나진 않습니다. 초록색 젤 타입인데 제형이 부드럽고 면도 후에 향이 시원합니다.,제형,제형이 부드럽고,1,[속성] 제형 [문장] 제형이 부드럽고,0,제형,unchanged
test,train,[속성] 향 [문장] 향이 시원합니다.,714516,쇼핑몰,남성화장품,OO 질** 쉐이빙젤 195g 1개,거품이 많이 나진 않습니다. 초록색 젤 타입인데 제형이 부드럽고 면도 후에 향이 시원합니다.,향,향이 시원합니다.,1,[속성] 향 [문장] 향이 시원합니다.,0,향,unchanged
test,train,[속성] 가격 [문장] 저렴하게 잘 샀네요.,711660,쇼핑몰,남성화장품,OO 스** 쉐이브 폼 245g 1개,OO쇼핑 행사 기간이라 신나게 쇼핑 했습니다. 배송도 빠르고 저렴하게 잘 샀네요. 유통기간도 넉넉하고 생필품 종류 할인을 많이 해서 미리 여러가지 사 두었습니다. 특히 이런 액체류는 직접 사서 들고 오려면 무게가 꽤 나가서 힘든데 문 앞에 가져다 놔 주니 복잡한 마트에서 시간 안 써도 되고 무겁게 들고 오느라 힘 안 써도 되고 참 좋습니다. 먹을 건 직접 보고 사야 마음이 놓이지만 공산품은 인터넷으로 사는 게 훨씬 편하고 좋네요. 앉은 자리에서 어떤 상품이 있나 손가락만 움직이면 다 알아볼 수 있고 할인율 비교하기도 편하고 굳이 힘들게 돌아다니며 살 필요가 없는 것 같아요. 이래서 인터넷 쇼핑이 대세인가 봅니다. 남편한테 같이 마트 가 달라고 하면 귀찮아 해서 감정이 상하는 경우까지 있었는데 인터넷으로 이렇게 잘 샀다고 했더니 남편도 잘했다고 칭찬해 주고 엄청 좋아합니다. 장 볼 시간에 다른 거 할 수 있으니 주말에 시간도 생겨서 얼마나 마음이 여유로운지 몰라요. 앞으로도 할인 행사 자주 해 주세요. 행사 때를 기다리면서 또 장바구니 꽉꽉 채워 놓을게요.,가격,저렴하게 잘 샀네요.,1,[속성] 가격 [문장] 저렴하게 잘 샀네요.,0,가격,unchanged
test,train,[속성] 유통기한 [문장] 유통기간도 넉넉하고,711660,쇼핑몰,남성화장품,OO 스** 쉐이브 폼 245g 1개,OO쇼핑 행사 기간이라 신나게 쇼핑 했습니다. 배송도 빠르고 저렴하게 잘 샀네요. 유통기간도 넉넉하고 생필품 종류 할인을 많이 해서 미리 여러가지 사 두었습니다. 특히 이런 액체류는 직접 사서 들고 오려면 무게가 꽤 나가서 힘든데 문 앞에 가져다 놔 주니 복잡한 마트에서 시간 안 써도 되고 무겁게 들고 오느라 힘 안 써도 되고 참 좋습니다. 먹을 건 직접 보고 사야 마음이 놓이지만 공산품은 인터넷으로 사는 게 훨씬 편하고 좋네요. 앉은 자리에서 어떤 상품이 있나 손가락만 움직이면 다 알아볼 수 있고 할인율 비교하기도 편하고 굳이 힘들게 돌아다니며 살 필요가 없는 것 같아요. 이래서 인터넷 쇼핑이 대세인가 봅니다. 남편한테 같이 마트 가 달라고 하면 귀찮아 해서 감정이 상하는 경우까지 있었는데 인터넷으로 이렇게 잘 샀다고 했더니 남편도 잘했다고 칭찬해 주고 엄청 좋아합니다. 장 볼 시간에 다른 거 할 수 있으니 주말에 시간도 생겨서 얼마나 마음이 여유로운지 몰라요. 앞으로도 할인 행사 자주 해 주세요. 행사 때를 기다리면서 또 장바구니 꽉꽉 채워 놓을게요.,유통기한,유통기간도 넉넉하고,1,[속성] 유통기한 [문장] 유통기간도 넉넉하고,0,유통기한,unchanged
test,train,[속성] 기능/효과 [문장] 거품도 풍성하고,711425,쇼핑몰,남성화장품,OO 스** 쉐이브 폼 245g 1개,원플러스원이라 득템했습니다. 거품도 풍성하고 자극적이지 않아서 좋다고 하네요. 만족해요.,기능/효과,거품도 풍성하고,1,[속성] 기능/효과 [문장] 거품도 풍성하고,0,기능/효과,unchanged
test,train,[속성] 가격 [문장] 완전 저렴하게 구매했습니다.,712925,쇼핑몰,남성화장품,OO 질** 쉐이빙폼 175g 1개,완전 저렴하게 구매했습니다. 이제 면도할 때 수염이 잘 밀려서 좋은 것 같습니다.,가격,완전 저렴하게 구매했습니다.,1,[속성] 가격 [문장] 완전 저렴하게 구매했습니다.,0,가격,unchanged
test,train,[속성] 지속력/유지력 [문장] 지속력도 오래가서,1028073,SNS,남성화장품,OO 맨 센** 올인원 로션 125ml ,아빠가 로션이 필요하시다고 하셔서 알아 보다가 요새 남자들 사이에서 이 로션이 인기가 많다고 해서 구매를 해드렸습니다! 사용 하시고 너무 좋다고 하셔서 추천 드리고 싶었어요 아빠가 말씀하시기를 일단 보습력이 정말 좋다고 하시네요~ 요즘 같은 건조한 날씨에 바르기 딱 좋다고 합니다!!ㅎㅎ 지속력도 오래가서 아침에 이 로션 바르고 출근하면 오후까지 피부가 촉촉하다고 해요~ 게다가 향도 은은하니 좋아서 아빠 취향이라고 합니다! 앞으로도 계속 이 로션으로 사 달라고 하시네요~ 다만 뚜껑이 사용하기 불편한 게 단점이라고 합니다!! 용기는 개선이 필요해 보인다고 하시네용 우리 아빠가 너무 좋아하는 로션입니다! 혹시 아빠 로션 찾으시면 이 제품 추천 드릴게요,지속력/유지력,지속력도 오래가서,1,[속성] 지속력/유지력 [문장] 지속력도 오래가서,0,지속력/유지력,unchanged
test,train,[속성] 향 [문장] 향도 너무 좋고,712309,쇼핑몰,남성화장품,OO 질** 스킨 쉐이브 크림 177ml 1개,평소에 아무것도 안 바르는데 이 제품은 마음에 든다고 하십니다. 향도 너무 좋고 보습력도 좋아요. 1+1로 구매해서 더 좋아요.,향,향도 너무 좋고,1,[속성] 향 [문장] 향도 너무 좋고,0,향,unchanged
test,train,[속성] 보습력/수분감 [문장] 보습력도 좋아요.,712309,쇼핑몰,남성화장품,OO 질** 스킨 쉐이브 크림 177ml 1개,평소에 아무것도 안 바르는데 이 제품은 마음에 든다고 하십니다. 향도 너무 좋고 보습력도 좋아요. 1+1로 구매해서 더 좋아요.,보습력/수분감,보습력도 좋아요.,1,[속성] 보습력/수분감 [문장] 보습력도 좋아요.,0,보습력/수분감/쿨링감,merged_duplicate_label
test,train,[속성] 제품구성 [문장] 1+1으로,1024852,SNS,남성화장품,OO 올인원 훼이스 트리트먼트 ,안녕하세요~오늘은 남성화장품으로 ㅇㅇㅇ하면 다들 아시죠~ 올인원 제품 있어 소개할게요~ 마침 1+1으로 하는 이벤트가 있어 구입했습니다. 생각보다 사이즈가 작네요~ 용량이 더 컸으면 하는 바램은 있어요~ 제가 피지가 좀 있는 타입이라 끈적거리거나 유분기가 많은 걸 싫어하는데 이 제품은 끈적이지도 않고 사용감이 답답하지도 않고 산뜻한 느낌이라 좋네요~ 향도 자극적이지 않고 무엇보다 피지조절이 되어서 저에게는 딱 좋아요. 너무 잘 선택한 것 같습니다. ㅇㅇㅇ 올인원~~믿어도 됩니다~~,제품구성,1+1으로,1,[속성] 제품구성 [문장] 1+1으로,0,제품구성,unchanged
test,train,[속성] 흡수력 [문장] 끈적이지도 않고,1024852,SNS,남성화장품,OO 올인원 훼이스 트리트먼트 ,안녕하세요~오늘은 남성화장품으로 ㅇㅇㅇ하면 다들 아시죠~ 올인원 제품 있어 소개할게요~ 마침 1+1으로 하는 이벤트가 있어 구입했습니다. 생각보다 사이즈가 작네요~ 용량이 더 컸으면 하는 바램은 있어요~ 제가 피지가 좀 있는 타입이라 끈적거리거나 유분기가 많은 걸 싫어하는데 이 제품은 끈적이지도 않고 사용감이 답답하지도 않고 산뜻한 느낌이라 좋네요~ 향도 자극적이지 않고 무엇보다 피지조절이 되어서 저에게는 딱 좋아요. 너무 잘 선택한 것 같습니다. ㅇㅇㅇ 올인원~~믿어도 됩니다~~,흡수력,끈적이지도 않고,1,[속성] 흡수력 [문장] 끈적이지도 않고,0,흡수력,unchanged
test,train,[속성] 사용감 [문장] 사용감이 답답하지도 않고,1024852,SNS,남성화장품,OO 올인원 훼이스 트리트먼트 ,안녕하세요~오늘은 남성화장품으로 ㅇㅇㅇ하면 다들 아시죠~ 올인원 제품 있어 소개할게요~ 마침 1+1으로 하는 이벤트가 있어 구입했습니다. 생각보다 사이즈가 작네요~ 용량이 더 컸으면 하는 바램은 있어요~ 제가 피지가 좀 있는 타입이라 끈적거리거나 유분기가 많은 걸 싫어하는데 이 제품은 끈적이지도 않고 사용감이 답답하지도 않고 산뜻한 느낌이라 좋네요~ 향도 자극적이지 않고 무엇보다 피지조절이 되어서 저에게는 딱 좋아요. 너무 잘 선택한 것 같습니다. ㅇㅇㅇ 올인원~~믿어도 됩니다~~,사용감,사용감이 답답하지도 않고,1,[속성] 사용감 [문장] 사용감이 답답하지도 않고,0,사용감,unchanged
test,train,[속성] 향 [문장] 향이 좋기 때문에,1026478,SNS,남성화장품,OO 헤** 옴므 플루이드 110ml 1개,요새 야외에서 나가 작업하는 것이 많아 피부가 많이 상했습니다. 나이도 들어가고 이대로 방치 하면 피부가 완전 상할 것 같아서 이 제품을 구매하게 되었습니다. 가격은 저렴한 편에 속해서 구입을 하게 된 것 같습니다. 사실 바르는 것이 귀찮아 선크림도 잘 안 바르고 스킨 로션도 안 바른 지 오래 됐습니다. 그래서 피부가 많이 상해서 주위에서 이제는 발라야 할 것 같다는 소리를 많이 해 바르게 되었습니다. 일단 배송은 빨리 왔습니다. 샤워 후에 발랐는데 올인원이라 역시 사용하기 편리한 것 같습니다. 무엇보다 향이 정말 좋아요. 이제는 향이 좋기 때문에 매일 사용하는 것 같습니다. 아직도 이 제품 모르시는 분들이 많은 것 같은데... 진짜 좋은 제품이니 제 리뷰를 보시고 구매 해보시길 추천 드릴게요!,향,향이 좋기 때문에,1,[속성] 향 [문장] 향이 좋기 때문에,0,향,unchanged
test,train,[속성] 유통기한 [문장] 유통기한도 짧고,710957,쇼핑몰,남성화장품,OO 멘** 애프터쉐이브 레귤러 165ml 2개,배송에 차질이 생겨 받는데까지 시간이 걸렸어요. 받아보니 유통기한도 짧고 샘플 하나 없어서 실망했어요.,유통기한,유통기한도 짧고,-1,[속성] 유통기한 [문장] 유통기한도 짧고,1,유통기한,unchanged
test,train,[속성] 보습력/수분감 [문장] 다른 제품에 비해 촉촉하고,1026395,SNS,남성화장품,OO 옴므 아** 올인원 로션 인 젤 200ml 1개,제 주위 남성분들은 다 올인원 제품쓰길래 저도 도전해보고 싶어서 구매했습니다. 저는 피부가 예민해서 이것저것 많이 바르거든요. 근데 매일 관리하기도 귀찮기도 해서 한번 구매해봤는데 정말 괜찮네요 이 제품. 올인원은 별로 안촉촉할 거 같고 효과가 그닥일 거라 생각했는데 왜 다들 이 제품 쓰는지 알겠네요. 일단 다른 제품에 비해 촉촉하고 보습력도 어느정도 있어서 피부가 건조하거나 떙기지 않습니다. 게다가 발림성도 좋아서 손에 남아 있지 않고 깔끔하게 바를 수 있어서 좋습니다. OOO 올인원 제품 다들 한번씩 써보세요. 저는 이걸로 정착하려고요.,보습력/수분감,다른 제품에 비해 촉촉하고,1,[속성] 보습력/수분감 [문장] 다른 제품에 비해 촉촉하고,0,보습력/수분감/쿨링감,merged_duplicate_label
test,train,[속성] 품질 [문장] 품질도 좋고,713104,쇼핑몰,남성화장품,OO 질** 쉐이빙폼 175g 1개,배송도 빠르고 잘 받았어요. 품질도 좋고 다른 곳보다 저렴하게 구입해서 좋습니다. 맘에 들어요.,품질,품질도 좋고,1,[속성] 품질 [문장] 품질도 좋고,0,품질,unchanged
test,train,[속성] 가격 [문장] 다른 곳보다 저렴하게,713104,쇼핑몰,남성화장품,OO 질** 쉐이빙폼 175g 1개,배송도 빠르고 잘 받았어요. 품질도 좋고 다른 곳보다 저렴하게 구입해서 좋습니다. 맘에 들어요.,가격,다른 곳보다 저렴하게,1,[속성] 가격 [문장] 다른 곳보다 저렴하게,0,가격,unchanged
test,train,[속성] 향 [문장] 향기도 좋고,716394,쇼핑몰,남성화장품,OO 아** EDT 125ml,향기도 좋고 은은하니 마음에 듭니다. 가격도 괜찮고 배송도 빠릅니다.,향,향기도 좋고,1,[속성] 향 [문장] 향기도 좋고,0,향,unchanged
test,train,[속성] 가격 [문장] 가격도 괜찮고,716394,쇼핑몰,남성화장품,OO 아** EDT 125ml,향기도 좋고 은은하니 마음에 듭니다. 가격도 괜찮고 배송도 빠릅니다.,가격,가격도 괜찮고,1,[속성] 가격 [문장] 가격도 괜찮고,0,가격,unchanged
test,train,[속성] 가격 [문장] 저렴한데,1026467,SNS,남성화장품,OO 맨 센** 올인원 로션 125ml ,올인원 로션의 경우 상당히 가격이 비싼 편이에요! 그래서 구매할 때 고민이 되는데 이 제품은 다른 브랜드에 비해 가격이 조금 저렴한 편이라 소개 해드리고 싶었습니다 ㅎㅎ 일단 저렴한데 품질은 또 좋아서 상당히 요새 인기가 있는 제품인데 용량은 그리 많지 않은 편이에요!! 저는 일주일 정도 사용했는데 만족해서 또 추가 구매 넣어 놨습니다!! 일단 보습력이 너무 좋고 바르고 시간 지나면 피부가 산뜻해서 마음에 드는 것 같아요~ ㅇㅇㅇ라는 브랜드는 워낙 좋으니 믿고 샀는데 역시 품질이 최고인 것 같습니다!! 저렴하지만 품질 좋은 제품을 찾으신다면 저는 이 로션 추천 할게요! ㅇㅇㅇ짱입니다~,가격,저렴한데,1,[속성] 가격 [문장] 저렴한데,0,가격,unchanged
test,train,[속성] 보습력/수분감 [문장] 보습력이 너무 좋고,1026467,SNS,남성화장품,OO 맨 센** 올인원 로션 125ml ,올인원 로션의 경우 상당히 가격이 비싼 편이에요! 그래서 구매할 때 고민이 되는데 이 제품은 다른 브랜드에 비해 가격이 조금 저렴한 편이라 소개 해드리고 싶었습니다 ㅎㅎ 일단 저렴한데 품질은 또 좋아서 상당히 요새 인기가 있는 제품인데 용량은 그리 많지 않은 편이에요!! 저는 일주일 정도 사용했는데 만족해서 또 추가 구매 넣어 놨습니다!! 일단 보습력이 너무 좋고 바르고 시간 지나면 피부가 산뜻해서 마음에 드는 것 같아요~ ㅇㅇㅇ라는 브랜드는 워낙 좋으니 믿고 샀는데 역시 품질이 최고인 것 같습니다!! 저렴하지만 품질 좋은 제품을 찾으신다면 저는 이 로션 추천 할게요! ㅇㅇㅇ짱입니다~,보습력/수분감,보습력이 너무 좋고,1,[속성] 보습력/수분감 [문장] 보습력이 너무 좋고,0,보습력/수분감/쿨링감,merged_duplicate_label
test,train,[속성] 가격 [문장] 저렴하지만,1026467,SNS,남성화장품,OO 맨 센** 올인원 로션 125ml ,올인원 로션의 경우 상당히 가격이 비싼 편이에요! 그래서 구매할 때 고민이 되는데 이 제품은 다른 브랜드에 비해 가격이 조금 저렴한 편이라 소개 해드리고 싶었습니다 ㅎㅎ 일단 저렴한데 품질은 또 좋아서 상당히 요새 인기가 있는 제품인데 용량은 그리 많지 않은 편이에요!! 저는 일주일 정도 사용했는데 만족해서 또 추가 구매 넣어 놨습니다!! 일단 보습력이 너무 좋고 바르고 시간 지나면 피부가 산뜻해서 마음에 드는 것 같아요~ ㅇㅇㅇ라는 브랜드는 워낙 좋으니 믿고 샀는데 역시 품질이 최고인 것 같습니다!! 저렴하지만 품질 좋은 제품을 찾으신다면 저는 이 로션 추천 할게요! ㅇㅇㅇ짱입니다~,가격,저렴하지만,1,[속성] 가격 [문장] 저렴하지만,0,가격,unchanged
test,train,[속성] 제형 [문장] 제형도 쫀쫀하고,1025941,SNS,남성화장품,OO 스** 클렌저 펌프타입 500ml,OO에 맨즈 제품이 많이 나오길래 구경하다가 하나 구매해봤습니다~~ OO 행사할 때 구매했더니 생각보다 저렴하게 샀네요. ㅎㅎ 대용량에 이정도 가격이면 너무 괜찮아요~ 펌프형이라 누르기만 하면 나와요! 근데 마지막에는 용기 누르니깐 잘 안나와요ㅠㅠ 그래도 마지막에 물 넣어서 사용하면 잘 나옵니다! 제형도 쫀쫀하고 거품도 잘나서 잘 씻기네요! 성분도 딱히 자극적이지 않아서 트러블도 없어요. 오히려 피부에 난 좁쌀이 가라 앉은 느낌? ㅎㅎ 무튼 OOO 이 제품이 저한테는 잘 맞는 것 같아요! ㅎㅎ OO 맨즈 제품 많이 나왔으면 좋겠네요~~OOO 짱짱!!,제형,제형도 쫀쫀하고,0,[속성] 제형 [문장] 제형도 쫀쫀하고,2,제형,unchanged
test,train,[속성] 자극성 [문장] 트러블도 없어요,1025941,SNS,남성화장품,OO 스** 클렌저 펌프타입 500ml,OO에 맨즈 제품이 많이 나오길래 구경하다가 하나 구매해봤습니다~~ OO 행사할 때 구매했더니 생각보다 저렴하게 샀네요. ㅎㅎ 대용량에 이정도 가격이면 너무 괜찮아요~ 펌프형이라 누르기만 하면 나와요! 근데 마지막에는 용기 누르니깐 잘 안나와요ㅠㅠ 그래도 마지막에 물 넣어서 사용하면 잘 나옵니다! 제형도 쫀쫀하고 거품도 잘나서 잘 씻기네요! 성분도 딱히 자극적이지 않아서 트러블도 없어요. 오히려 피부에 난 좁쌀이 가라 앉은 느낌? ㅎㅎ 무튼 OOO 이 제품이 저한테는 잘 맞는 것 같아요! ㅎㅎ OO 맨즈 제품 많이 나왔으면 좋겠네요~~OOO 짱짱!!,자극성,트러블도 없어요,1,[속성] 자극성 [문장] 트러블도 없어요,0,자극성,unchanged
test,train,[속성] 가격 [문장] 가격은 조금 비싸지만,1023611,SNS,남성화장품,OO 뿌** 옴므 익스트림 EDT 100ml,백화점에서 이 제품 시향을 하고 향이 너무 좋아서 바로 구매를 했어요!! 제가 쓰고 너무 좋아서 알려 드리고 싶어서 리뷰를 작성하게 되었습니다^^ 잘 들어주시면 감사하겠습니다!! 백화점에서 남자 친구랑 쇼핑을 하다가 남자친구가 향수가 필요하다고 해서 같이 돌아 보다가 이 제품 시향을 진행했어요~ 직원 도움을 받아 다양한 향수 시향을 했는데 이 제품이 향이 가장 좋았던 것 같아요!! 가격은 조금 비싸지만 남자 친구가 좋아해서 구매를 해줬습니다!! 진짜 이런 여자 친구 어디 있나요^^ 사은품도 많이 챙겨 주셔서 저랑 나눠서 가졌습니다~ㅎㅎ 용량도 큰 편이라 한 번 사두면 오래 쓸 수 있을 것 같습니다! 남자 친구도 너무 만족하고 사 준 저도 만족해서 추천 드리고 싶었어요~ 나중에 기회가 되시면 꼭 한 번 사용을 해보시길 권유 드릴게요 ^^,가격,가격은 조금 비싸지만,-1,[속성] 가격 [문장] 가격은 조금 비싸지만,1,가격,unchanged
test,train,[속성] 가격 [문장] 가격은 비싸고,716540,쇼핑몰,남성화장품,OO 아** EDT 125ml,온라인몰 상품이어서 정품인지 가품인지 고민하지 않고 살 수 있어서 좋았어요. 근데 가격은 비싸고 양은 적네요.,가격,가격은 비싸고,-1,[속성] 가격 [문장] 가격은 비싸고,1,가격,unchanged
test,train,[속성] 용량/개수 [문장] 양은 적네요.,716540,쇼핑몰,남성화장품,OO 아** EDT 125ml,온라인몰 상품이어서 정품인지 가품인지 고민하지 않고 살 수 있어서 좋았어요. 근데 가격은 비싸고 양은 적네요.,용량/개수,양은 적네요.,-1,[속성] 용량/개수 [문장] 양은 적네요.,1,용량,merged_duplicate_label
test,train,[속성] 가격 [문장] 가격도 저렴한 편에 속하고,1023786,SNS,남성화장품,OO 쿨 워터 맨 EDT 125ml,오늘 알려드리고 싶은 제품은 바로 남성 향수로 유명한 브랜드에서 나온 제품입니다. 저는 이 제품이 너무 좋아서 5년 넘게 사용하고 있어요!! 제품 리뷰 시작할게요^^ 줄 곧 이 제품만 사용하고 있습니다. 가격도 저렴한 편에 속하고 항상 포장도 깔끔하게 와서 좋은 제품입니다. 다른 제품으로 바꿀 생각이 전혀 없습니다!!! 이거 쓰다가 다른 제품 쓰면 이제 못 쓸 것 같아요!! ㅋㅋㅋㅋ 향이 시원해서 정말 좋고 여름에 사용하기 좋은 것 같아요!! 아직 안 써보신 분들은 사용해보세요! 데일리로 사용하기 좋으니까요^^ 오늘은 이렇게 남성 향수 제품 추천을 드렸습니다. 후기가 도움이 되셨나요? 구매에 도움이 되시기를 바라면서 후기 마무리 하도록 하겠습니다. 들어주셔서 감사합니다.,가격,가격도 저렴한 편에 속하고,1,[속성] 가격 [문장] 가격도 저렴한 편에 속하고,0,가격,unchanged
test,train,[속성] 기능/효과 [문장] 여름에 사용하기 좋은 것 같아요!!,1023786,SNS,남성화장품,OO 쿨 워터 맨 EDT 125ml,오늘 알려드리고 싶은 제품은 바로 남성 향수로 유명한 브랜드에서 나온 제품입니다. 저는 이 제품이 너무 좋아서 5년 넘게 사용하고 있어요!! 제품 리뷰 시작할게요^^ 줄 곧 이 제품만 사용하고 있습니다. 가격도 저렴한 편에 속하고 항상 포장도 깔끔하게 와서 좋은 제품입니다. 다른 제품으로 바꿀 생각이 전혀 없습니다!!! 이거 쓰다가 다른 제품 쓰면 이제 못 쓸 것 같아요!! ㅋㅋㅋㅋ 향이 시원해서 정말 좋고 여름에 사용하기 좋은 것 같아요!! 아직 안 써보신 분들은 사용해보세요! 데일리로 사용하기 좋으니까요^^ 오늘은 이렇게 남성 향수 제품 추천을 드렸습니다. 후기가 도움이 되셨나요? 구매에 도움이 되시기를 바라면서 후기 마무리 하도록 하겠습니다. 들어주셔서 감사합니다.,기능/효과,여름에 사용하기 좋은 것 같아요!!,1,[속성] 기능/효과 [문장] 여름에 사용하기 좋은 것 같아요!!,0,기능/효과,unchanged
test,train,[속성] 제품구성 [문장] 1+1 으로,711953,쇼핑몰,남성화장품,OO 스** 쉐이브 폼 245g 1개,1+1 으로 아주 저렴하게 구입했습니다. 면도 거품이 아주 부드럽고 좋아요.,제품구성,1+1 으로,1,[속성] 제품구성 [문장] 1+1 으로,0,제품구성,unchanged
test,validation,[속성] 가격 [문장] 아주 저렴하게 구입했습니다.,711953,쇼핑몰,남성화장품,OO 스** 쉐이브 폼 245g 1개,1+1 으로 아주 저렴하게 구입했습니다. 면도 거품이 아주 부드럽고 좋아요.,가격,아주 저렴하게 구입했습니다.,1,[속성] 가격 [문장] 아주 저렴하게 구입했습니다.,0,가격,unchanged
test,train,[속성] 성분 [문장] 성분이 정말 순해서인지,1029907,SNS,남성화장품,OO 포 맨 멀** 토너 200ml 기획세트 (+올인원 크림 30ml 증정),안녕하세요~ 소중한 내 피부를 위해서 어떤 제품 고를까 고민 많이시죠~ㅇㅇㅇ 수딩 토너를 써보고 좋아서 후기 남깁니다~ 남성분들을 위한 수딩 토너인데요~ 얼마 전 남편이 새로운 화장품으로 바꿔 사용하다가 얼굴에 붉은기가 올라오면서 가렵기도 하고 그랬답니다. 그래서 순하고 진정기능이 있는 제품을 찾다보니 이 ㅇㅇㅇ였죠~ 성분이 정말 순해서인지 트러블 있던 피부가 많이 가라앉아 진정되고 있는 듯합니다. 사용감도 산뜻하고 정말 좋습니다! 피부로 고민이신 분들은 이제 고민하지 마시고 이 제품으로 정착하시기를요~,성분,성분이 정말 순해서인지,1,[속성] 성분 [문장] 성분이 정말 순해서인지,0,성분,unchanged
test,train,[속성] 제품구성 [문장] 1+1로,714218,쇼핑몰,남성화장품,OO 질** 쉐이빙젤 195g 1개,남편이 매일 쓰는 제품입니다. 다른 브랜드 어떤 제품보다 이게 제일 좋답니다. 1+1로 가격도 저렴하게 샀어요. 이벤트 자주 해주는 ㅇㅇ가 좋네요.,제품구성,1+1로,1,[속성] 제품구성 [문장] 1+1로,0,제품구성,unchanged
test,train,[속성] 가격 [문장] 가격도 저렴하게 샀어요.,714218,쇼핑몰,남성화장품,OO 질** 쉐이빙젤 195g 1개,남편이 매일 쓰는 제품입니다. 다른 브랜드 어떤 제품보다 이게 제일 좋답니다. 1+1로 가격도 저렴하게 샀어요. 이벤트 자주 해주는 ㅇㅇ가 좋네요.,가격,가격도 저렴하게 샀어요.,1,[속성] 가격 [문장] 가격도 저렴하게 샀어요.,0,가격,unchanged
test,train,[속성] 제품구성 [문장] 샘플도 하나 없어서 아쉽네요.,713094,쇼핑몰,남성화장품,OO 질** 쉐이빙폼 175g 1개,유통기한이 넉넉하다고 안내받았는데 생각보다 짧네요. 배송은 빠르나 딱 맞는 박스에 에어캡 포장도 없고 샘플도 하나 없어서 아쉽네요.,제품구성,샘플도 하나 없어서 아쉽네요.,-1,[속성] 제품구성 [문장] 샘플도 하나 없어서 아쉽네요.,1,제품구성,unchanged
test,train,[속성] 가격 [문장] 저렴하게 구입한 것 같습니다.,716977,쇼핑몰,남성화장품,OO 쿨 워터 맨 EDT 125ml,오랫동안 이 제품이 사랑을 받는 이유가 있다고 생각합니다. 최근에는 구하기 힘든 제품이 되었지만 잘 검색해서 찾아보니 제품이 나와서 저렴하게 구입한 것 같습니다. 향은 무난해서 좋은 것 같습니다. 특히 잔향이 은은해서 좋아요. 이 제품이 잘 팔리는 이유가 있다고 생각합니다. 여름 향수들은 지속력이 낮은 편이라 저는 대용량 향수를 좋아합니다. 이 제품도 용량이 커서 좋은 것 같습니다. 하지만 자주 쓰다 보니 금방 줄어드는 것 같기는 하네요. 다음에는 용량이 더 크게 나오면 좋을 것 같습니다. 다음에도 좋은 기회로 구매할 수 있으면 좋을 것 같습니다. 가격 저렴하게 잘 구매한 것 같습니다.,가격,저렴하게 구입한 것 같습니다.,1,[속성] 가격 [문장] 저렴하게 구입한 것 같습니다.,0,가격,unchanged
test,train,[속성] 향 [문장] 잔향이 은은해서 좋아요.,716977,쇼핑몰,남성화장품,OO 쿨 워터 맨 EDT 125ml,오랫동안 이 제품이 사랑을 받는 이유가 있다고 생각합니다. 최근에는 구하기 힘든 제품이 되었지만 잘 검색해서 찾아보니 제품이 나와서 저렴하게 구입한 것 같습니다. 향은 무난해서 좋은 것 같습니다. 특히 잔향이 은은해서 좋아요. 이 제품이 잘 팔리는 이유가 있다고 생각합니다. 여름 향수들은 지속력이 낮은 편이라 저는 대용량 향수를 좋아합니다. 이 제품도 용량이 커서 좋은 것 같습니다. 하지만 자주 쓰다 보니 금방 줄어드는 것 같기는 하네요. 다음에는 용량이 더 크게 나오면 좋을 것 같습니다. 다음에도 좋은 기회로 구매할 수 있으면 좋을 것 같습니다. 가격 저렴하게 잘 구매한 것 같습니다.,향,잔향이 은은해서 좋아요.,1,[속성] 향 [문장] 잔향이 은은해서 좋아요.,0,향,unchanged
test,train,[속성] 사용감 [문장] 사용감도 가벼워서,1027322,SNS,남성화장품,OO 옴므 아** 올인원,안녕하세요~ 조금 젊은 남자들을 위해 나왔다고 할까요~ ㅇㅇㅇ올인원 제품을 소개해 볼까 합니다. 이 제품은 남편이 30대 때 제일 많이 즐겨 쓰던 거였어요. 딸이 이번에 아빠 생일 선물로 이 제품을 준비했길래 남편은 아 이거~~ 그랬지 내가 좋아하던 거였네 하고 반가워했어요. ㅇㅇㅇ 올인원 에센스 로션은 정말 남자를 위한 제품이에요. 투명젤 제형이 피부에 와닿는 시원한 촉감에 싹 스며드는 느낌이 유독 좋아요. 사용감도 가벼워서 매일매일 쓰고 있어요. 여전히 좋은 제품입니다. 추천해요.,사용감,사용감도 가벼워서,1,[속성] 사용감 [문장] 사용감도 가벼워서,0,사용감,unchanged
test,train,[속성] 가격 [문장] 가격이 비싸도,1026498,SNS,남성화장품,OO 아** 옴므 EDT ,직장에 들어가게 되어서 향수를 구매하려고 찾아 보다가 후기가 가장 좋은 것 같아서 구매를 하게 되었습니다!! 저는 직장 생활을 하고 있기에 가격이 비싸도 이 정도의 향수는 사용해야 될 것 같았어요~ 친구도 이 제품을 사용했는데 너무 좋다고 해서 고민 없이 주문 했습니다!! 향이 일단 정말 남성스러워서 좋았어요! 은은한 잔향이 오래가서 마음에 드는 것 같습니다! 다른 향수 보다 향이 엄청 강하지 않아서 좋은 것 같아요!! 향이 너무 강하면 머리 아프잖아요~ 직장인 분들이 사용하시면 참 좋을 것 같네요!! 저는 오늘도 직장 가기 전에 뿌리고 나갔습니다~,가격,가격이 비싸도,-1,[속성] 가격 [문장] 가격이 비싸도,1,가격,unchanged
test,train,[속성] 가격 [문장] 가격도 착하고 좋습니다.,712273,쇼핑몰,남성화장품,OO 질** 스킨 쉐이브 크림 177ml 1개,상처 없이 부드럽게 면도가 잘 되네요. 아침을 상쾌하게 시작해서 좋습니다. 가격도 착하고 좋습니다. 만족스러운 쉐이빙 크림입니다.,가격,가격도 착하고 좋습니다.,1,[속성] 가격 [문장] 가격도 착하고 좋습니다.,0,가격,unchanged
test,train,[속성] 유통기한 [문장] 유통기한이 넉넉해서 좋습니다.,713006,쇼핑몰,남성화장품,OO 질** 쉐이빙폼 175g 1개,유통기한이 넉넉해서 좋습니다. 제형이 미세한 거품이라 좋습니다. 향도 상큼하고 매일 쓰기 편해서 항상 쓰는 제품입니다.,유통기한,유통기한이 넉넉해서 좋습니다.,1,[속성] 유통기한 [문장] 유통기한이 넉넉해서 좋습니다.,0,유통기한,unchanged
test,train,[속성] 향 [문장] 향도 상큼하고,713006,쇼핑몰,남성화장품,OO 질** 쉐이빙폼 175g 1개,유통기한이 넉넉해서 좋습니다. 제형이 미세한 거품이라 좋습니다. 향도 상큼하고 매일 쓰기 편해서 항상 쓰는 제품입니다.,향,향도 상큼하고,1,[속성] 향 [문장] 향도 상큼하고,0,향,unchanged
test,train,[속성] 용량/개수 [문장] 용량도 많고,1028080,SNS,남성화장품,OO 아** 옴므 EDT ,안녕하세요! 오늘 추천 드리고 싶은 제품은 남자 향수입니다! 제가 제일 좋아하는 브랜드이기도 하고 사용하고 너무 좋아서 꼭 추천 드리고 싶었습니다!! 후기 시작할게요! 이 향수는 OOO에서 제일 최신에 출신 향수인데 인기가 너무 많은 것 같아요! 일단 가격도 엄청 비싼 편이 아니라 좋고 용량도 많고 유통기한도 길어서 오래 사용할 수 있어요! 향도 좋아서 사용할수록 좋은 것 같습니다! 일반 향수와 달리 상쾌한 향이 강해서 추천 드리고 싶은 제품이네요! 남자 향수 어떤 제품 쓰실 지 고민이 되시면 저는 이 향수를 자신 있게 추천 드리고 싶어요!!,용량/개수,용량도 많고,1,[속성] 용량/개수 [문장] 용량도 많고,0,용량,merged_duplicate_label
test,train,[속성] 향 [문장] 향도 좋아서,1026460,SNS,남성화장품,OO 옴므 올인원 100ml,안녕하세요!! 제가 정말 대박 상품을 가져왔습니다!! 평소에 피부 관리에 관심이 많은 남자라 안 써본 화장품이 별로 없는데 이 제품은 써본 것 중에서 피부 보습에 제일 좋은 것 같아서 가져왔습니다^^ 겨울이 되고 날씨가 건조하니 자고 일어나면 피부가 건조한 것 같았습니다. 기존에 쓰던 로션은 여름에 사서 그런지 겨울에는 맞지 않아 보였습니다. 그래서 겨울에 어떤 제품을 사용하면 좋을까 고민을 하다가 이 제품을 구매하게 되었어요!! 일단 이 제품의 장점은 보습력이 정말 좋은 것 같습니다... 다른 로션에 비해 촉촉함이 더 오래가는 것 같았어요ㅎㅎ 그래서 저는 자기 전에 항상 바르고 잔답니다! 그리고 향도 좋아서 향수 대용으로 사용해도 좋은 제품이니까 참고하세요~ 단점은 사실 없습니다 ㅋㅋㅋㅋ 너무 좋아서 장점만 적고 싶네요!! 다른 장점도 많지만 여기까지 떠들도록 하겠습니다~^^,향,향도 좋아서,1,[속성] 향 [문장] 향도 좋아서,0,향,unchanged
test,train,[속성] 향 [문장] 은은한 향이,710464,쇼핑몰,남성화장품,OO 맨 프** 애프터 쉐이브 로션 100ml 1개,은은한 향이 상큼한 느낌입니다. 용량이 작지만 가성비가 좋습니다. 면도한 뒤에 피부를 소독하고 진정시키는 효과는 최고입니다. 보습력은 부족하니 촉촉함을 원한다면 보습제 덧바르세요.,향,은은한 향이,1,[속성] 향 [문장] 은은한 향이,0,향,unchanged
test,train,[속성] 용량/개수 [문장] 용량이 작지만,710464,쇼핑몰,남성화장품,OO 맨 프** 애프터 쉐이브 로션 100ml 1개,은은한 향이 상큼한 느낌입니다. 용량이 작지만 가성비가 좋습니다. 면도한 뒤에 피부를 소독하고 진정시키는 효과는 최고입니다. 보습력은 부족하니 촉촉함을 원한다면 보습제 덧바르세요.,용량/개수,용량이 작지만,-1,[속성] 용량/개수 [문장] 용량이 작지만,1,용량,merged_duplicate_label
test,train,[속성] 가격 [문장] 가성비가 좋습니다.,710464,쇼핑몰,남성화장품,OO 맨 프** 애프터 쉐이브 로션 100ml 1개,은은한 향이 상큼한 느낌입니다. 용량이 작지만 가성비가 좋습니다. 면도한 뒤에 피부를 소독하고 진정시키는 효과는 최고입니다. 보습력은 부족하니 촉촉함을 원한다면 보습제 덧바르세요.,가격,가성비가 좋습니다.,1,[속성] 가격 [문장] 가성비가 좋습니다.,0,가격,unchanged
test,train,[속성] 자극성 [문장] 자극이 없고,712347,쇼핑몰,남성화장품,OO 질** 스킨 쉐이브 크림 177ml 1개,자극이 없고 다른 제품에 비해 세안시 잘 씻겨서 좋은 거 같습니다. 면도도 깔끔하게 잘 됩니다.,자극성,자극이 없고,1,[속성] 자극성 [문장] 자극이 없고,0,자극성,unchanged
test,train,[속성] 향 [문장] 향기도 좋습니다.,711558,쇼핑몰,남성화장품,OO 스** 쉐이브 폼 245g 1개,늘 애용하는 제품입니다. 싸게 잘 구매한 거 같습니다. 향기도 좋습니다.,향,향기도 좋습니다.,1,[속성] 향 [문장] 향기도 좋습니다.,0,향,unchanged
test,train,[속성] 향 [문장] 향이 나쁘지는 않아요.,1029773,SNS,남성화장품,OO 웜** 오 드 퍼퓸 ,저는 향수를 참 좋아합니다. 그날 기분에 맞게 과하지 않게 사용하는데 OO OOO 오드퍼퓸이 가성비 좋다는 이야기를 듣고 당장 구매해봤습니다. OO OOO 향수의 향은 깨끗한 비누 느낌이 느껴졌습니다. 스프레이 한번으로 충분할 것 같았는데 한시간 후 잔향이 별로 남지 않았어요. 지속력이 퍼퓸이라기 보다는 뜨왈렛처럼 느껴졌습니다. 향이 나쁘지는 않아요. 크게 부담되지 않는 향입니다. 당분간 이 제품을 마구마구 쓸 것 같습니다. 근데 겨울보다는 여름에 더 어울릴 것 같은 향수입니다.,향,향이 나쁘지는 않아요.,0,[속성] 향 [문장] 향이 나쁘지는 않아요.,2,향,unchanged
test,train,[속성] 향 [문장] 향이 정말 좋습니다.,1025952,SNS,남성화장품,OO 옴므 올인원 100ml,오늘 추천 드리고 싶은 제품은 바로 넘버원 올인원 제품입니다!! 사실 그 유명한 타 브랜드 올인원에 밀리는 감은 없지 않아 있지만 제가 생각했을 때는 넘버원이라 이렇게 부르고 싶습니다. 저는 이 제품만 사용해서 제품에 대한 정보를 많이 드릴 수 있겠네요. 일단 이 제품을 사용한 지 벌써 1년이 넘었습니다. 타 올인원 로션을 쓰다가 가격도 너무 비싸고 향이 좋지 않아서 알아 보다가 이 제품을 쓰게 되었습니다. 이 제품을 못 끊은 결정적인 이유는 향이 정말 좋습니다. 시중에 파는 로션 중에 향이 아마 제일 좋지 않을까 생각을 하고 있습니다. 게다가 보습력도 뛰어나서 겨울에 사용하기 좋은 로션 중에 하나 입니다. 앞으로도 이 제품만 저는 꾸준하게 사용할 것 같습니다 ㅎㅎ 오늘은 이렇게 올인원 로션 제품을 소개 해드렸습니다. 도움이 많이 되셨기를 바랍니다.,향,향이 정말 좋습니다.,1,[속성] 향 [문장] 향이 정말 좋습니다.,0,향,unchanged
test,train,[속성] 보습력/수분감 [문장] 보습력도 뛰어나서,1025952,SNS,남성화장품,OO 옴므 올인원 100ml,오늘 추천 드리고 싶은 제품은 바로 넘버원 올인원 제품입니다!! 사실 그 유명한 타 브랜드 올인원에 밀리는 감은 없지 않아 있지만 제가 생각했을 때는 넘버원이라 이렇게 부르고 싶습니다. 저는 이 제품만 사용해서 제품에 대한 정보를 많이 드릴 수 있겠네요. 일단 이 제품을 사용한 지 벌써 1년이 넘었습니다. 타 올인원 로션을 쓰다가 가격도 너무 비싸고 향이 좋지 않아서 알아 보다가 이 제품을 쓰게 되었습니다. 이 제품을 못 끊은 결정적인 이유는 향이 정말 좋습니다. 시중에 파는 로션 중에 향이 아마 제일 좋지 않을까 생각을 하고 있습니다. 게다가 보습력도 뛰어나서 겨울에 사용하기 좋은 로션 중에 하나 입니다. 앞으로도 이 제품만 저는 꾸준하게 사용할 것 같습니다 ㅎㅎ 오늘은 이렇게 올인원 로션 제품을 소개 해드렸습니다. 도움이 많이 되셨기를 바랍니다.,보습력/수분감,보습력도 뛰어나서,1,[속성] 보습력/수분감 [문장] 보습력도 뛰어나서,0,보습력/수분감/쿨링감,merged_duplicate_label
test,train,[속성] 자극성 [문장] 자극도 없고,714344,쇼핑몰,남성화장품,OO 질** 쉐이빙젤 195g 1개,민감성 피부에 잘 맞고 자극도 없고 면도도 잘 되는 것 같습니다.,자극성,자극도 없고,1,[속성] 자극성 [문장] 자극도 없고,0,자극성,unchanged
test,train,[속성] 향 [문장] 향이 강하지 않아서 좋고,715966,쇼핑몰,남성화장품,OO 아** EDT 125ml,형 생일 선물을 찾다가 구매했어요. 예전에 친구가 쓰던 향수인데 물어봐서 알게 된 제품입니다. 향이 강하지 않아서 좋고 은은한 향입니다. 30대 후반 남성들이 사용하기 좋을 것 같습니다. 차분한 향기라 좋고 잔향이 진하지 않아서 좋습니다. 사람이 많은 회사에 근무하시는 분들이 사용하기 좋을 것 같습니다. 잔향은 꽃 향기가 어우러져 은은한 향기가 더해집니다. 향이 진하지 않아서 부담 없어요. 가격도 비싸지 않아서 선물하기 부담스럽지 않습니다. 형 생일 선물로 고민하다가 여러 제품을 쇼핑몰에서 비교 분석하다가 구매했습니다. 쇼핑몰마다 가격이 다 다르게 판매되고 있습니다. 그 중에서 oo가 가장 저렴해서 구입하게 되었습니다. 배송도 하루 만에 도착해서 늦지 않게 포장할 수 있었습니다.,향,향이 강하지 않아서 좋고,1,[속성] 향 [문장] 향이 강하지 않아서 좋고,0,향,unchanged
test,train,[속성] 가격 [문장] 가성비도 좋고,712736,쇼핑몰,남성화장품,OO 맨 쿨** 쉐이빙젤 200ml 1개,오랫동안 사용한 제품인데 가성비도 좋고 품질이 아주 우수합니다. 만족합니다.,가격,가성비도 좋고,1,[속성] 가격 [문장] 가성비도 좋고,0,가격,unchanged
test,train,[속성] 보습력/수분감 [문장] 건조하지 않고,712283,쇼핑몰,남성화장품,OO 질** 스킨 쉐이브 크림 177ml 1개,아토피가 있는 얼굴인데 건조하지 않고 자극이 없어요. 쉐이빙 폼은 많이 자극이 있어서 사용을 못 하는데 이건 자극이 없어서 좋아요.,보습력/수분감,건조하지 않고,1,[속성] 보습력/수분감 [문장] 건조하지 않고,0,보습력/수분감/쿨링감,merged_duplicate_label
test,train,[속성] 자극성 [문장] 자극이 없어요.,712283,쇼핑몰,남성화장품,OO 질** 스킨 쉐이브 크림 177ml 1개,아토피가 있는 얼굴인데 건조하지 않고 자극이 없어요. 쉐이빙 폼은 많이 자극이 있어서 사용을 못 하는데 이건 자극이 없어서 좋아요.,자극성,자극이 없어요.,1,[속성] 자극성 [문장] 자극이 없어요.,0,자극성,unchanged
test,train,[속성] 자극성 [문장] 자극이 없어서 좋아요.,712283,쇼핑몰,남성화장품,OO 질** 스킨 쉐이브 크림 177ml 1개,아토피가 있는 얼굴인데 건조하지 않고 자극이 없어요. 쉐이빙 폼은 많이 자극이 있어서 사용을 못 하는데 이건 자극이 없어서 좋아요.,자극성,자극이 없어서 좋아요.,1,[속성] 자극성 [문장] 자극이 없어서 좋아요.,0,자극성,unchanged
test,train,[속성] 향 [문장] 향도 은은해서,1026545,SNS,남성화장품,OO 스** 클렌저 펌프타입 500ml,직장 다니고 집에 오면 피곤해서 씻는 게 조금 귀찮았어요.. 세수랑 샤워 따로 하기가 귀찮아서 어떤 날은 안 하기도 했는데 몸에서 냄새가 나는 것 같아 이 제품을 구매 했습니다! 올인원이라 샤워와 세수 같이 할 수 있으니 정말 편했던 것 같습니다! 용기가 펌프형이라 딱 알맞게 내용물이 나오는 것 같았어요!! 향도 은은해서 샤워하고 나서 산뜻해서 기분이 좋네요~ 세정력도 뛰어나서 몸에 찌든 때나 냄새를 싹 없애줘서 좋았어요!! 당분간은 이 제품으로만 사용할 것 같습니다 ㅎㅎ 이제 이 제품 없이는 다른 세정제로는 씻지 못할 것 같아요..!! 좋은 제품을 산 것 같아서 만족합니다 ㅎㅎ,향,향도 은은해서,1,[속성] 향 [문장] 향도 은은해서,0,향,unchanged
test,validation,[속성] 기능/효과 [문장] 면도도 부드럽게 잘 되고,712228,쇼핑몰,남성화장품,OO 질** 스킨 쉐이브 크림 177ml 1개,남편이 필요해서 구입한 상품인데 면도도 부드럽게 잘 되고 향이 은은해서 좋다고 합니다. 사용하기 무난한 향입니다.,기능/효과,면도도 부드럽게 잘 되고,1,[속성] 기능/효과 [문장] 면도도 부드럽게 잘 되고,0,기능/효과,unchanged
test,validation,[속성] 사용감 [문장] 사용감도 나쁘지 않고,1025902,SNS,남성화장품,OO 코** 옴므 스킨 140ml,옛날 목욕탕에서 많이 봤던 제품인데 판매하는 거 보고 신기해서 구매했어요 ㅋㅋ 왜냐면 전 이 향을 좋아하거든요. 일단 용기가 유리라 살짝 무거워요. 그리고 배송 중에 깨질까봐 뽁뽁이로 포장 잘 해주셨어요. 아무래도 제가 향이 좋아서 산 거라 일단 향 부분에서는 만족합니다. 가격도 생각보다 엄청 저렴해서 더 만족하고요. 사용감도 나쁘지 않고 적당한 보습이여서 다행입니다. 전 너무 끈적거리는 거 싫어하거든요. 이상 간단한 제 후기였습니다! 봐주셔서 감사해요~~,사용감,사용감도 나쁘지 않고,0,[속성] 사용감 [문장] 사용감도 나쁘지 않고,2,사용감,unchanged
test,train,[속성] 가격 [문장] 저렴하게 잘 샀어요.,1026073,SNS,남성화장품,OO 아** 옴므 올인원 플루이드 ,안녕하세요~ ㅇㅇㅇ 제품을 소개해요~ 어제 주문해서 오늘 바로 받았네요. 배송도 빠르고 포장도 단단하게 잘 와서 좋았어요. 이 ㅇㅇㅇ은 남편이 애용하고 있는 제품인데요. 뭘 이것저것 바르는 걸 귀찮아하는 형이라 한 번에 해결되어서 이건 잘 바르네요. 펌핑 형식이라 더 편한 면도 있구요. 건조한 피부인데 촉촉하고 좋다고 하네요. 큰 용량이라 좋고 저렴하게 잘 샀어요. 행사할 때 쟁여 놓으려고 해요. 이제 간단하게 해결해 보세요~,가격,저렴하게 잘 샀어요.,1,[속성] 가격 [문장] 저렴하게 잘 샀어요.,0,가격,unchanged
test,train,[속성] 보습력/수분감 [문장] 촉촉하고 좋다고 하네요,1026073,SNS,남성화장품,OO 아** 옴므 올인원 플루이드 ,안녕하세요~ ㅇㅇㅇ 제품을 소개해요~ 어제 주문해서 오늘 바로 받았네요. 배송도 빠르고 포장도 단단하게 잘 와서 좋았어요. 이 ㅇㅇㅇ은 남편이 애용하고 있는 제품인데요. 뭘 이것저것 바르는 걸 귀찮아하는 형이라 한 번에 해결되어서 이건 잘 바르네요. 펌핑 형식이라 더 편한 면도 있구요. 건조한 피부인데 촉촉하고 좋다고 하네요. 큰 용량이라 좋고 저렴하게 잘 샀어요. 행사할 때 쟁여 놓으려고 해요. 이제 간단하게 해결해 보세요~,보습력/수분감,촉촉하고 좋다고 하네요,1,[속성] 보습력/수분감 [문장] 촉촉하고 좋다고 하네요,0,보습력/수분감/쿨링감,merged_duplicate_label
test,train,"[속성] 자극성 [문장] 순하고,",1026318,SNS,남성화장품,OO 옴므 에센스 인 2종 세트,"OO는 여성용만이 아니라 남성화장품 쪽에서도 단연코 인기가 높은 것 같아요. OO의 옴므 라인 중 OOO 2종 세트 사용후기입니다~ 저희 남편이 사용하고 있는 제품인데, 매일 아침저녁으로 바르니까 반 년 정도 사용하더라고요. 용량이 아주 적당하고 가격도 착해서 가성비가 뛰어난 것 같아요. 제품 자체도 무난하니 좋은데, 남성화장품은 사실 특별한 기능이 필요한 게 아니라면 무난한 게 제일이라고 생각해요ㅎㅎ 순하고, 보습 잘 되고, 향이 자극적이지 않아서 무난하니 만족스러워요. 아빠, 남편, 오빠, 남동생, 세대를 막론하고 어느 남성에게나 선물하기 괜찮은 아이템이에요.",자극성,"순하고,",1,"[속성] 자극성 [문장] 순하고,",0,자극성,unchanged
test,train,[속성] 가격 [문장] 적당한 가격에,1028273,SNS,남성화장품,OO 라** 옴므 올인원 에센스 150ml 1개,"적당한 가격에 끈적이지 않아서 바르기 좋은 남성용 화장품을 소개합니다. 타사의 올인원 제품을 몇 년째 쓰고 있었어요. 어느 날 회사 동료에게서 좋은 향이 나길래 무슨 화장품을 발랐는지 물어보니 이 제품을 추천해 주더라구요. 향이 딱 제 취향이라 타사 제품 다 쓰기도 전에 구매했습니다. 타사 제품은 향이 좀 애매했거든요. 발라보니 촉촉하고 끈적이지 않아요. 스킨로션뿐만 아니라 에센스도 함유되어 있어 이거 하나만 발라도 해결되니 더할 나위 없습니다. 다만 겨울에는 보습력이 좀 약하게 느껴질 수는 있을 거 같습니다. 많이 건조하신 분들은 보습제를 추가로 바르시는 게 좋을 거 같아요. 가성비 따지는 분들에게도 추천하고, 세안 후 이것저것 바르기 귀찮아하시는 분들에게 한 방에 해결되는 이 제품을 강추합니다.",가격,적당한 가격에,1,[속성] 가격 [문장] 적당한 가격에,0,가격,unchanged
test,train,[속성] 보습력/수분감 [문장] 촉촉하고,1028273,SNS,남성화장품,OO 라** 옴므 올인원 에센스 150ml 1개,"적당한 가격에 끈적이지 않아서 바르기 좋은 남성용 화장품을 소개합니다. 타사의 올인원 제품을 몇 년째 쓰고 있었어요. 어느 날 회사 동료에게서 좋은 향이 나길래 무슨 화장품을 발랐는지 물어보니 이 제품을 추천해 주더라구요. 향이 딱 제 취향이라 타사 제품 다 쓰기도 전에 구매했습니다. 타사 제품은 향이 좀 애매했거든요. 발라보니 촉촉하고 끈적이지 않아요. 스킨로션뿐만 아니라 에센스도 함유되어 있어 이거 하나만 발라도 해결되니 더할 나위 없습니다. 다만 겨울에는 보습력이 좀 약하게 느껴질 수는 있을 거 같습니다. 많이 건조하신 분들은 보습제를 추가로 바르시는 게 좋을 거 같아요. 가성비 따지는 분들에게도 추천하고, 세안 후 이것저것 바르기 귀찮아하시는 분들에게 한 방에 해결되는 이 제품을 강추합니다.",보습력/수분감,촉촉하고,1,[속성] 보습력/수분감 [문장] 촉촉하고,0,보습력/수분감/쿨링감,merged_duplicate_label
test,train,[속성] 흡수력 [문장] 끈적이지 않아요.,1028273,SNS,남성화장품,OO 라** 옴므 올인원 에센스 150ml 1개,"적당한 가격에 끈적이지 않아서 바르기 좋은 남성용 화장품을 소개합니다. 타사의 올인원 제품을 몇 년째 쓰고 있었어요. 어느 날 회사 동료에게서 좋은 향이 나길래 무슨 화장품을 발랐는지 물어보니 이 제품을 추천해 주더라구요. 향이 딱 제 취향이라 타사 제품 다 쓰기도 전에 구매했습니다. 타사 제품은 향이 좀 애매했거든요. 발라보니 촉촉하고 끈적이지 않아요. 스킨로션뿐만 아니라 에센스도 함유되어 있어 이거 하나만 발라도 해결되니 더할 나위 없습니다. 다만 겨울에는 보습력이 좀 약하게 느껴질 수는 있을 거 같습니다. 많이 건조하신 분들은 보습제를 추가로 바르시는 게 좋을 거 같아요. 가성비 따지는 분들에게도 추천하고, 세안 후 이것저것 바르기 귀찮아하시는 분들에게 한 방에 해결되는 이 제품을 강추합니다.",흡수력,끈적이지 않아요.,1,[속성] 흡수력 [문장] 끈적이지 않아요.,0,흡수력,unchanged
test,train,[속성] 보습력/수분감 [문장] 촉촉해지고,1026406,SNS,남성화장품,OO 옴므 아** 올인원 200ml 1개,"OOO 제품 워낙 유명해서 구매하고 지금 두병 째 사용중입니다. 일단 여러가지 바르는 거는 손이 많이 가고 귀찮아서 싫었는데 이거는 올인원 제품이라 이거하나만 발라도 되서 좋고, 촉촉해지고 시원합니다. 게다가 향도 은은해서 제가 좋아하는 향이에요. 너무 향이 강하면 오히려 거부감이 생기는데 이거는 그렇지 않아요. 후기봤을 때도 다들 향이 좋다고 하는 거 보면 호불호가 없는 향인 것 같습니다. 저도 관리를 꾸준히 해서 건강한 피부 만들려고 하고 있습니다. 여러분도 이거 쓰시고 건강한 피부 되세요~~",보습력/수분감,촉촉해지고,1,[속성] 보습력/수분감 [문장] 촉촉해지고,0,보습력/수분감/쿨링감,merged_duplicate_label
test,train,[속성] 보습력/수분감 [문장] 시원합니다.,1026406,SNS,남성화장품,OO 옴므 아** 올인원 200ml 1개,"OOO 제품 워낙 유명해서 구매하고 지금 두병 째 사용중입니다. 일단 여러가지 바르는 거는 손이 많이 가고 귀찮아서 싫었는데 이거는 올인원 제품이라 이거하나만 발라도 되서 좋고, 촉촉해지고 시원합니다. 게다가 향도 은은해서 제가 좋아하는 향이에요. 너무 향이 강하면 오히려 거부감이 생기는데 이거는 그렇지 않아요. 후기봤을 때도 다들 향이 좋다고 하는 거 보면 호불호가 없는 향인 것 같습니다. 저도 관리를 꾸준히 해서 건강한 피부 만들려고 하고 있습니다. 여러분도 이거 쓰시고 건강한 피부 되세요~~",보습력/수분감,시원합니다.,1,[속성] 보습력/수분감 [문장] 시원합니다.,0,보습력/수분감/쿨링감,merged_duplicate_label
test,train,[속성] 가격 [문장] 가격도 너무 착하고,1027982,SNS,남성화장품,OO 블** EDT 125ml,제가 쓰는 향수 중에 가성비가 젤로 좋은 상품인 거 같아 소개합니다. 저는 아침에 기분에 따라 향수 선택해서 뿌리고 나갑니다. OO OOO 향수는 20대부터 지금까지 쓰고 있는 제품 중에 하나인데 편한 자리에 갈 때 가끔 뿌리는 용도입니다. 가격도 너무 착하고 기분 전환용으로 가볍게 뿌리기도 좋아서 꾸준히 구매하게 됩니다. 이 제품 지속력은 3-4시간으로 좀 짧아서 회사에 두고 점심시간에 한 번 더 뿌려 주면 사용하기 괜찮을 듯하네요. 저는 이 제품 가성비 좋아서 꾸준히 구매합니다.,가격,가격도 너무 착하고,1,[속성] 가격 [문장] 가격도 너무 착하고,0,가격,unchanged
test,train,"[속성] 향 [문장] 향은 좋은데,",715240,쇼핑몰,남성화장품,OO 몽** 레전드 EDT 100ml,"지인이 추천해서 OOO 사용하다 이 제품으로 구매했어요. 향은 좋은데, 지속력이 짧아요. 출근할 때 뿌리고 회사 도착하면 향이 남아 있지 않네요.",향,"향은 좋은데,",1,"[속성] 향 [문장] 향은 좋은데,",0,향,unchanged
test,train,[속성] 지속력/유지력 [문장] 지속력이 짧아요.,715240,쇼핑몰,남성화장품,OO 몽** 레전드 EDT 100ml,"지인이 추천해서 OOO 사용하다 이 제품으로 구매했어요. 향은 좋은데, 지속력이 짧아요. 출근할 때 뿌리고 회사 도착하면 향이 남아 있지 않네요.",지속력/유지력,지속력이 짧아요.,-1,[속성] 지속력/유지력 [문장] 지속력이 짧아요.,1,지속력/유지력,unchanged
test,train,[속성] 보습력/수분감 [문장] 쿨링감이 뛰어나서,1026522,SNS,남성화장품,OO 멘** 쉐이브 스킨 오리지날 147ml,어릴 적 아버지께서 쓰시는 것을 보고 저도 성인이 된 후 세안 후에 이 제품만 바르고 있습니다!! 벌써 사용한 지 10년이 넘었네요!! 이 제품 후기 알려드릴게요~^^ 남성분들은 세안을 할 때 면도를 같이 하는 편이라 세안 후에 피부가 더 당기고 자극을 받을 수가 있습니다~~!! 그럴 때 아무것도 바르지 않거나 본인 피부에 맞지 않은 제품을 바르면 트러블이 생길 수 있어요 ㅠ 저는 이 제품으로 피부 관리를 하고 있어요! 일단 쿨링감이 뛰어나서 면도 후에 피부에 바르면 진정 효과가 있습니다!! 은근 보습도 좋아서 피부가 당기지 않아요!! 다만 특유의 알코올 향이 진하기에 알코올 향 싫어하시는 분들에게는 추천 하지 않을게요~ 정말 남자 스킨 제품의 대명사인 제품입니다!! 한 번쯤은 사용해보시고 본인 피부에 맞으면 이 제품 쓰시는 거 추천 드릴게요~~!! 감사합니다 ㅎㅎ,보습력/수분감,쿨링감이 뛰어나서,1,[속성] 보습력/수분감 [문장] 쿨링감이 뛰어나서,0,보습력/수분감/쿨링감,merged_duplicate_label
test,train,[속성] 흡수력 [문장] 흡수가 빨라,1026551,SNS,남성화장품,OO 옴므 스** 올인원 300ml,남자 올인원 제품 추천 하고 싶어서 왔습니다!! 다른 올인원 제품도 많지만 이 제품으로 구매를 하시면 좋을 것 같아서 알려 드리고 싶었어요~~^^ 후기 알려 드릴게요!! 저는 피부가 민감한 편이라 아무거나 바르면 트러블이 생겨서 화장품을 구매하기 전에 꼼꼼하게 살펴보고 사고 있어요!! 이 제품 역시 다른 블로그 리뷰도 읽어보고 구매평도 꼼꼼히 살펴 봤습니다~~!! 기대를 하면서 제품을 주문했는데~~배송도 빨리 오고 제품도 안전하게 와서 좋았던 것 같습니다!!! 일단 발림성은 부드러웠고 향도 좋아서 마음에 드네요~~ 바르고 나서 흡수가 빨라 피부가 끈적이지 않습니다~~ 여러모로 만족해서 추천 해드리고 싶은 제품이에요!! 아직 이 제품 사용을 안 하시는 분들은 사용 추천 드릴게요,흡수력,흡수가 빨라,1,[속성] 흡수력 [문장] 흡수가 빨라,0,흡수력,unchanged
test,train,[속성] 보습력/수분감 [문장] 촉촉하다고 해요.,1026359,SNS,남성화장품,OO 올인원 스킨 에센스 500ml,"화장품이 귀찮고 번거로운 남자들이겐 올인원이 딱이죠. OO 올인원 스킨 에센스 사용후기입니다. 제가 맡기에는 좀 애매한 향인 것 같은데 남편은 향이 좋대요. 남편 거니까 남편 마음에 들면 오케이죠, 뭐ㅎㅎ 세수한 뒤에 꼭 화장품 안 바르고 꾸물거려서 저한테 잔소리를 듣곤 했는데, 이걸 사고 나서는 그래도 전보다 잘 바르는 것 같아요. 여러 개 안 쓰고 하나만 쓰면 되니까 편하고 부담이 없어서겠죠. 남편은 지성피부인데 촉촉하다고 해요. 제가 테스트해 본 바로는 건성피부라면 좀 건조할 수도 있을 듯해요. 특별히 좋거나 나쁜 점 없이 무난하게 쓸 만한 올인원이어서 괜찮았어요.",보습력/수분감,촉촉하다고 해요.,1,[속성] 보습력/수분감 [문장] 촉촉하다고 해요.,0,보습력/수분감/쿨링감,merged_duplicate_label
test,train,[속성] 가격 [문장] 여기가 제일 저렴하네요.,713737,쇼핑몰,남성화장품,OO 질** 쉐이빙폼 175g 1개,매번 사용하는 제품이에요. 구입할 때마다 가격 비교해서 싼 곳에서 구입하는데 지금은 여기가 제일 저렴하네요. 면도가 부드럽게 잘됩니다. 잘 사용하겠습니다.,가격,여기가 제일 저렴하네요.,1,[속성] 가격 [문장] 여기가 제일 저렴하네요.,0,가격,unchanged
test,train,[속성] 향 [문장] 향이 은은하고,1026512,SNS,남성화장품,OO 익** EDP 100ml,남자 향수 어떤 제품 쓰실지 고민 하시는 분들이 많죠? 사실 여자 향수 보다 남자 향수가 더 고르기 힘든 것 같아요 ㅠㅠ 저는 이 향수만 사용해서 추천 드리고 싶어서 왔습니다~~ 이 향수를 처음 쓴 건 선물 받아서 썼는데 향이 은은하고 잔향도 오래 가서 이제는 제 돈 주고 계속 사고 있습니다~ 사용한 지 2년은 된 것 같아요!! 일단 양은 그렇게 많지는 않은데 가격은 비싸니까 구매 할 때 고민은 되실 수 있을 것 같습니다 ㅠㅠ 그래도 한 번 꼭 써보세요!! 비싼 것에는 다 이유가 있는 것 같아요! 다른 남자 향수에 비해 알콜 향도 잘 안 느껴지고 지속력도 긴 제품입니다!! 선물 포장도 가능 하시니까~ 선물용으로 사셔도 좋을 것 같습니다!! 오늘은 제 최애 향수 가져왔어요~후기 읽어 주셔서 감사합니다^^,향,향이 은은하고,1,[속성] 향 [문장] 향이 은은하고,0,향,unchanged
test,train,[속성] 지속력/유지력 [문장] 잔향도 오래 가서,1026512,SNS,남성화장품,OO 익** EDP 100ml,남자 향수 어떤 제품 쓰실지 고민 하시는 분들이 많죠? 사실 여자 향수 보다 남자 향수가 더 고르기 힘든 것 같아요 ㅠㅠ 저는 이 향수만 사용해서 추천 드리고 싶어서 왔습니다~~ 이 향수를 처음 쓴 건 선물 받아서 썼는데 향이 은은하고 잔향도 오래 가서 이제는 제 돈 주고 계속 사고 있습니다~ 사용한 지 2년은 된 것 같아요!! 일단 양은 그렇게 많지는 않은데 가격은 비싸니까 구매 할 때 고민은 되실 수 있을 것 같습니다 ㅠㅠ 그래도 한 번 꼭 써보세요!! 비싼 것에는 다 이유가 있는 것 같아요! 다른 남자 향수에 비해 알콜 향도 잘 안 느껴지고 지속력도 긴 제품입니다!! 선물 포장도 가능 하시니까~ 선물용으로 사셔도 좋을 것 같습니다!! 오늘은 제 최애 향수 가져왔어요~후기 읽어 주셔서 감사합니다^^,지속력/유지력,잔향도 오래 가서,1,[속성] 지속력/유지력 [문장] 잔향도 오래 가서,0,지속력/유지력,unchanged
test,train,[속성] 품질 [문장] 비싼 것에는 다 이유가 있는 것 같아요!,1026512,SNS,남성화장품,OO 익** EDP 100ml,남자 향수 어떤 제품 쓰실지 고민 하시는 분들이 많죠? 사실 여자 향수 보다 남자 향수가 더 고르기 힘든 것 같아요 ㅠㅠ 저는 이 향수만 사용해서 추천 드리고 싶어서 왔습니다~~ 이 향수를 처음 쓴 건 선물 받아서 썼는데 향이 은은하고 잔향도 오래 가서 이제는 제 돈 주고 계속 사고 있습니다~ 사용한 지 2년은 된 것 같아요!! 일단 양은 그렇게 많지는 않은데 가격은 비싸니까 구매 할 때 고민은 되실 수 있을 것 같습니다 ㅠㅠ 그래도 한 번 꼭 써보세요!! 비싼 것에는 다 이유가 있는 것 같아요! 다른 남자 향수에 비해 알콜 향도 잘 안 느껴지고 지속력도 긴 제품입니다!! 선물 포장도 가능 하시니까~ 선물용으로 사셔도 좋을 것 같습니다!! 오늘은 제 최애 향수 가져왔어요~후기 읽어 주셔서 감사합니다^^,품질,비싼 것에는 다 이유가 있는 것 같아요!,1,[속성] 품질 [문장] 비싼 것에는 다 이유가 있는 것 같아요!,0,품질,unchanged
test,train,[속성] 자극성 [문장] 피부 자극도 없고,1023838,SNS,남성화장품,OO 질** 쉐이빙폼 175g 1개,처음에 OOO 면도기 사용하면서 이 제품을 같이 썼습니다. 그랬던 적이 벌써 10년이 넘었네요... 시간이 이렇게 빠르다니.. 오랜 시간 동안 사용했던 건 이유가 있겠죠? 제품 리뷰 시작할게요!! 자세한 리뷰 들어갈게요~^^ 배송 빠르고 제품도 좋습니다. 용량도 많아서 한동안 걱정 없기 면도할 수 있을 것 같습니다. 가격도 저렴한 제품이라 이 제품만 사용하는 것 같아요! 일단 피부 자극도 없고 면도도 깔끔하게 잘 되어서 만족하고 있습니다!! 제품 냄새도 좋아서 사용할 때 부담이 없는 것 같아요! 저는 앞으로도 이 제품만 계속 사용할 것 같아서 죽을 때 까지 나왔으면 좋겠습니다!! 거품 풍성한 제품 찾으시면 구매 추천 드리고 싶네요~^^ 다들 이 제품 쓰시고 면도 편하게 하세요~!! 남자들 면도 할 때 꼭 쓰라고 소개를 해주고 싶습니다!!,자극성,피부 자극도 없고,1,[속성] 자극성 [문장] 피부 자극도 없고,0,자극성,unchanged
test,train,[속성] 가격 [문장] 가격이 저렴해서,1023789,SNS,남성화장품,OO 쿨 워터 맨 EDT 125ml,상품을 구매할 때 우리가 염두하는 부분은 굉장히 많죠~ 그 중에서 무난한 제품이 제일 인기가 많은 것 같아요~ 오늘 소개를 해드릴 제품은 튀지 않고 무난해서 오랫동안 사랑을 받아 온 제품입니다!! 리뷰 시작할게요 :-) 이 정도의 수준의 향수를 구매를 하려면 사실 다른 향수들은 비싼 것이 많습니다. 하지만 이 향수는 가격이 저렴해서 정말 가성비가 좋아요! 모든 연령이 제약 없이 사용하기 좋은 제품인 것 같습니다. 향은 클래식한 느낌이 들어 무난하네요~^^ 특별한 날에 쓰는 향수는 따로 있지만 데일리에는 이 향수가 제일 사용하기 좋아요!! 한 번 써보시면 제 말에 공감이 크게 가실 것 같네요 ㅎㅎ 저는 써 보고 너무 좋아서 친구 선물로 항상 사주고 있습니다..! 오랫동안 사용하고 있는 제 최애 향수! 여러분에게 알려드렸습니다. 클래식한 제품 찾으시면 이 제품을 적극 추천합니다,가격,가격이 저렴해서,1,[속성] 가격 [문장] 가격이 저렴해서,0,가격,unchanged
test,train,[속성] 향 [문장] 첫 향은 시원하고,1023732,SNS,남성화장품,OO 뿌** 옴므 익스트림 EDT 100ml,늘 쓰고 있는 향수인데 다 써 가서 주문을 했습니다. 우선 정품인 거 확인 후에 믿고 구매를 했어요! 저는 이 향수만 쓰기에 리뷰가 도움이 될 것 같아서 작성을 해봅니다^^ 다른 곳 보다 저렴한 가격에 해외 직구이지만 빠른 배송으로 포장도 잘 되어 안전하게 도착해서 좋았습니다. 유통기한도 넉넉한 제품이어서 좋은 것 같아요 ㅎㅎ 다음에 또 구매하도록 하겠습니다! 첫 향은 시원하고 잔향은 은은해서 좋습니다. 이 향수 뿌리고 밖에 나가면 향이 좋아서 어떤 향수 쓰냐고 물어봅니다. 인싸가 된 것 같아서 기분이 좋네요 ㅋㅋㅋ 사은품도 다양하게 주셔서 다음에 구매할 때 도움이 될 것 같습니다^^ 진심으로 마음에 드는 향수입니다! 남성 향수 아무거나 쓰시지 마시고 여기서 구매하시길 바랄게요!,향,첫 향은 시원하고,1,[속성] 향 [문장] 첫 향은 시원하고,0,향,unchanged
test,train,[속성] 향 [문장] 향이 은은하고 좋습니다.,715853,쇼핑몰,남성화장품,OO 아** EDT 125ml,남자친구가 제일 좋아하는 향수라고 해서 샀어요. 향이 은은하고 좋습니다. 지속력은 살짝 아쉬워요. 다음에도 사러 올게요.,향,향이 은은하고 좋습니다.,1,[속성] 향 [문장] 향이 은은하고 좋습니다.,0,향,unchanged
test,train,[속성] 가격 [문장] 가격이 저렴한데도,1029697,SNS,남성화장품,OO 시** 퍼퓸 50ml (코튼허그),"포근한 느낌이 필요할 때 추천하고 싶은 OO 향수 리뷰입니다. 시향 안 해 보고 후기만 보고 주문했는데 좋습니다. 향이 아주 남성적이지 않고 중성적으로 편안한 향이라서 부담이 없어요. 이름처럼 포근한 느낌의 향입니다. 가격이 저렴한데도 지속력은 제가 아는 향수 중에 제일 좋은 것 같습니다. 향수를 많이 뿌리는 스타일이 아니라서 저만 겨우 맡을 수 있을 정도로 적게 뿌리는데도 하루종일 향을 맡을 수가 있네요. 케이스도 예쁘고 가격도 합리적이라 선물용으로도 제격입니다. 이 향이 후기가 제일 많고 좋아서 주문해 봤는데, 다른 향들도 시도해 보고 싶네요.",가격,가격이 저렴한데도,1,[속성] 가격 [문장] 가격이 저렴한데도,0,가격,unchanged
test,train,[속성] 용기 [문장] 케이스도 예쁘고,1029697,SNS,남성화장품,OO 시** 퍼퓸 50ml (코튼허그),"포근한 느낌이 필요할 때 추천하고 싶은 OO 향수 리뷰입니다. 시향 안 해 보고 후기만 보고 주문했는데 좋습니다. 향이 아주 남성적이지 않고 중성적으로 편안한 향이라서 부담이 없어요. 이름처럼 포근한 느낌의 향입니다. 가격이 저렴한데도 지속력은 제가 아는 향수 중에 제일 좋은 것 같습니다. 향수를 많이 뿌리는 스타일이 아니라서 저만 겨우 맡을 수 있을 정도로 적게 뿌리는데도 하루종일 향을 맡을 수가 있네요. 케이스도 예쁘고 가격도 합리적이라 선물용으로도 제격입니다. 이 향이 후기가 제일 많고 좋아서 주문해 봤는데, 다른 향들도 시도해 보고 싶네요.",용기,케이스도 예쁘고,1,[속성] 용기 [문장] 케이스도 예쁘고,0,용기,unchanged
test,validation,[속성] 흡수력 [문장] 너무 끈적거리는 것 같습니다.,1026556,SNS,남성화장품,OO 옴므 스** 올인원 300ml,올인원 제품이 필요해서 찾아 보다가 이 제품을 구매하게 되었어요. 일단 가격이 저렴해서 선택을 하게 되었는데 아마 저처럼 가격만 보고 구입하실 분들이 많으실 것 같아서 알려 드리기 위해 왔습니다! 가격만 보시고 구입하시면 안 됩니다. 저는 지성 피부입니다. 지성 피부라서 이 제품이 맞지 않는 걸 수도 있지만 일단 너무 끈적거리는 것 같습니다. 피부에 바르면 바로 흡수가 되지 않아 한 동안 피부가 끈적거려서 마음에 들지 않아요....ㅠㅠ 이게 얼마나 심하냐면 바르고 종이를 붙히면 끈적임 때문에 붙을 정도라서... 말씀을 드리는 겁니다!!!게다가 이거 바르고 아침에 일어나면 얼굴에 개기름이 번질 거립니다.. 유분 조절을 못해주는 것 같아요... 괜히 이거 쓰고 이마에 안 나던 여드름까지 생겨서 기분이 안 좋네요 지성 피부인 분들은 절대 쓰시지 마세요!! 진짜 제 후기 안 보시고 사시면 그대로 돈 낭비 하시는 겁니다....!! 구매 하실 때 주의 하세요~,흡수력,너무 끈적거리는 것 같습니다.,-1,[속성] 흡수력 [문장] 너무 끈적거리는 것 같습니다.,1,흡수력,unchanged
test,train,[속성] 가격 [문장] 가격이 저렴해서 좋아요.,713417,쇼핑몰,남성화장품,OO 질** 쉐이빙폼 175g 1개,가격이 저렴해서 좋아요. 쉐이빙액은 불편하고 계속 흘러나와 뚜껑을 닫아도 지저분해져요. 그런데 폼 타입은 쫀쫀하고 용기에서 내용물이 흘러나오지 않아서 좋네요.,가격,가격이 저렴해서 좋아요.,1,[속성] 가격 [문장] 가격이 저렴해서 좋아요.,0,가격,unchanged
test,train,[속성] 가격 [문장] 가성비도 좋은 제품입니다.,1027977,SNS,남성화장품,OO 살** 옴므 EDT 50ml,제가 좋아하는 향수 중에 하나입니다. 자주 뿌리고 다니는 제품이라 추천합니다!! 제가 향수 좋아해서 백화점 가면 여러 제품 시향도 하고 마음에 드는 제품 있으면 기억해 뒀다고 세일할 때까지 기다렸다가 구입합니다. 정가 다 주고 사고 싶진 않아요. OO OOO 향수 다 써 가서 검색해서 구입했어요. 이번에는 OO이 제일 저렴한 것 같았어요. 택배 받자마자 화장대에 올려 두니 든든하네요. 향수 디자인도 깔끔하고 향도 너무 좋고 가성비도 좋은 제품입니다.,가격,가성비도 좋은 제품입니다.,1,[속성] 가격 [문장] 가성비도 좋은 제품입니다.,0,가격,unchanged
test,train,[속성] 편의성/활용성 [문장] 데일리로 사용하기 좋아요.,714884,쇼핑몰,남성화장품,OO 몽** 레전드 EDT 100ml,너무 마음에 듭니다. 추천해요. 기존에 사용하던 OO 제품에서 이번에 OOO으로 바꿨는데 향도 좋고 데일리로 사용하기 좋아요.,편의성/활용성,데일리로 사용하기 좋아요.,1,[속성] 편의성/활용성 [문장] 데일리로 사용하기 좋아요.,0,편의성/활용성,unchanged
test,train,[속성] 제품구성 [문장] 1+1이라서,714279,쇼핑몰,남성화장품,OO 질** 쉐이빙젤 195g 1개,1+1이라서 저렴하게 구입했습니다. 저번 제품에는 거품 올라오는 부분이 이상했는데 이번 제품은 안 그래서 다행입니다.,제품구성,1+1이라서,1,[속성] 제품구성 [문장] 1+1이라서,0,제품구성,unchanged
test,train,[속성] 가격 [문장] 저렴하게 구입했습니다.,714279,쇼핑몰,남성화장품,OO 질** 쉐이빙젤 195g 1개,1+1이라서 저렴하게 구입했습니다. 저번 제품에는 거품 올라오는 부분이 이상했는데 이번 제품은 안 그래서 다행입니다.,가격,저렴하게 구입했습니다.,1,[속성] 가격 [문장] 저렴하게 구입했습니다.,0,가격,unchanged
test,train,[속성] 품질 [문장] 품질이 좋아서,713653,쇼핑몰,남성화장품,OO 질** 쉐이빙폼 175g 1개,품질이 좋아서 항상 사용하는 제품이에요. 상처없이 부드럽게 면도가 잘 되어 좋습니다. 배송은 일주일만에 너무 늦게 도착했습니다.,품질,품질이 좋아서,1,[속성] 품질 [문장] 품질이 좋아서,0,품질,unchanged
test,train,[속성] 흡수력 [문장] 피부에 잘 스며들고,1025901,SNS,남성화장품,OO 코** 옴므 스킨 140ml,옛날에 잘 사용하고 있다가 어느 순간에 잘 판매하지 않아서 뭐지 했는데 인터넷으로 판매하고 있네요. 일단 가격도 괜찮고 제형이 묽어서 끈적거림도 적네요. 예전에는 향이 좀 강했던 것 같은데 지금은 약간 향이 약해져서 더 좋아요. 피부에 잘 스며들고 건조하지 않아서 여름에 사용하기 좋을 것 같네요. 근데 겨울에 사용하기에는 조금 건조할 것 같습니다. 딱히 화장품에 관심이 없었는데 이 제품 사용하고 나서는 피부 관리에 살짝 관심이 가네요. 화잘못의 간단한 후기입니다~감사해요!!,흡수력,피부에 잘 스며들고,1,[속성] 흡수력 [문장] 피부에 잘 스며들고,0,흡수력,unchanged
test,train,[속성] 보습력/수분감 [문장] 건조하지 않아서,1025901,SNS,남성화장품,OO 코** 옴므 스킨 140ml,옛날에 잘 사용하고 있다가 어느 순간에 잘 판매하지 않아서 뭐지 했는데 인터넷으로 판매하고 있네요. 일단 가격도 괜찮고 제형이 묽어서 끈적거림도 적네요. 예전에는 향이 좀 강했던 것 같은데 지금은 약간 향이 약해져서 더 좋아요. 피부에 잘 스며들고 건조하지 않아서 여름에 사용하기 좋을 것 같네요. 근데 겨울에 사용하기에는 조금 건조할 것 같습니다. 딱히 화장품에 관심이 없었는데 이 제품 사용하고 나서는 피부 관리에 살짝 관심이 가네요. 화잘못의 간단한 후기입니다~감사해요!!,보습력/수분감,건조하지 않아서,1,[속성] 보습력/수분감 [문장] 건조하지 않아서,0,보습력/수분감/쿨링감,merged_duplicate_label
test,validation,[속성] 향 [문장] 향도 나쁘지 않고,1027961,SNS,남성화장품,OO 아** 맨 올인원 120ml 1개,주말에 가족 모임에서 보니 아빠 피부가 좀 건조해 보였어요. 수분감 있는 제품 찾으면서 봤더니 편하게 바를 수 있을 거 같다는 생각에 이 제품으로 주문해 드렸어요. 얼마전에 택배 받고 일주일 정도 써보셨다고 하시면서 피부가 촉촉하고 번들거리지 않아서 좋다고 하셨어요. 향도 나쁘지 않고 화장품 한 번만 바르니까 너무 편하다고 고맙다고 하시네요ㅎㅎ 제가 보기에도 건조한 얼굴이 좀 좋아진 듯 보입니다. 다음에도 아빠 편하게 바르라고 계속 구입해 드려야겠어요.,향,향도 나쁘지 않고,0,[속성] 향 [문장] 향도 나쁘지 않고,2,향,unchanged
test,train,[속성] 가격 [문장] 가격도 저렴하고,1025767,SNS,남성화장품,OO 맨 딥 쉐이빙폼 200ml 1개,남편이 OO 쉐이빙폼을 쓰고 있는데 이제 아들도 필요해 보여서 하나 구매해 주려고 보니 OOO 쉐이빙폼이 더 좋아 보여서 이걸로 주문했네요. 남편도 아들용으로 구입한 OOO 쉐이빙폼이 더 좋아 보인다고 그러네요ㅎㅎ 처음 사용해 보고는 은은하게 향이 있어서 좋고 피부가 깔끔해 보여서 좋다고 하네요. 적응하려면 시간이 필요할 것 같은데 아들 표정은 만족스러워 보여요. 가격도 저렴하고 용량도 생각보다 많아 보여요. 다 쓰고 또 구매해줄 듯한데 그때는 남편도 OOO 쉐이빙폼으로 같이 구매해 주려고 해요.,가격,가격도 저렴하고,1,[속성] 가격 [문장] 가격도 저렴하고,0,가격,unchanged
test,train,[속성] 자극성 [문장] 순하고,1026321,SNS,남성화장품,OO 옴므 에센스 인 2종 세트,"남성들도 의외로 피부가 약하고 예민한 분들 많이 계시더라고요. 그래서 순하고 괜찮은 남성화장품 소개해 드리려고 해요. OO OOO 라인인데요, 피부 타입에 상관 없이 누구나 순하게 쓸 수 있는 제품인 것 같아요. 끈적임 없이 촉촉해서 언제나 피부를 편안하게 해 줍니다. 샘플로 다른 라인 제품들도 같이 보내 주셔서 비교해 볼 수 있어 좋았어요. 이 제품이 다른 라인에 비해 순하기도 하고 향도 약한 편인 것 같더라고요. 향은 각자 취향에 따라 호불호가 있으니까 샘플로 여러가지 테스트해 보시면 좋을 듯해요. 화장품에 까다로운 남성이라도 웬만하면 이 제품은 잘 맞을 것 같아서 추천해요.",자극성,순하고,1,[속성] 자극성 [문장] 순하고,0,자극성,unchanged
test,train,[속성] 흡수력 [문장] 끈적임 없이,1026321,SNS,남성화장품,OO 옴므 에센스 인 2종 세트,"남성들도 의외로 피부가 약하고 예민한 분들 많이 계시더라고요. 그래서 순하고 괜찮은 남성화장품 소개해 드리려고 해요. OO OOO 라인인데요, 피부 타입에 상관 없이 누구나 순하게 쓸 수 있는 제품인 것 같아요. 끈적임 없이 촉촉해서 언제나 피부를 편안하게 해 줍니다. 샘플로 다른 라인 제품들도 같이 보내 주셔서 비교해 볼 수 있어 좋았어요. 이 제품이 다른 라인에 비해 순하기도 하고 향도 약한 편인 것 같더라고요. 향은 각자 취향에 따라 호불호가 있으니까 샘플로 여러가지 테스트해 보시면 좋을 듯해요. 화장품에 까다로운 남성이라도 웬만하면 이 제품은 잘 맞을 것 같아서 추천해요.",흡수력,끈적임 없이,1,[속성] 흡수력 [문장] 끈적임 없이,0,흡수력,unchanged
test,train,[속성] 가격 [문장] 저렴하게 구매해서 좋습니다.,709468,쇼핑몰,남성화장품,OO 스** 쉐이브 젤 195g 1개,고등 남학생 아들 면도할때 필요하대서 사줬습니다. 비누거품 면도보다 제형이 부들거리고 피부가 촉촉해져서 좋다고 합니다. 1+1할 때 저렴하게 구매해서 좋습니다.,가격,저렴하게 구매해서 좋습니다.,1,[속성] 가격 [문장] 저렴하게 구매해서 좋습니다.,0,가격,unchanged
test,train,[속성] 향 [문장] 향이 강하지 않고,1026433,SNS,남성화장품,OO 아** EDT 125ml,최근에 구매한 제품입니다. 제품 잘 받았고 만족도가 높아서 리뷰를 작성하려고 합니다. 많은 분들이 제 리뷰를 보시고 도움을 받으셨으면 좋겠습니다^^ 리뷰 시작할게요 :) 이 제품은 뚜껑이 없는 제품이라 아쉽긴 해요. 처음 구매 하시는 분들은 착오가 없으시면 좋겠습니다. 뚜껑이 없어서 아쉽지만 문제 있는 제품은 아니니 항의 전화 하시는 분들은 없으시길 바랄게요!! 택배는 늦게 오는 편이니 아시면 좋을 것 같습니다. 데일리로 부담 없이 사용하기 좋아요. 향이 일단 최고거든요!! 향이 강하지 않고 다른 제품처럼 남자 스킨 냄새가 안 나서 좋아요~ 누구나 좋아할 만한 향이라고 생각이 듭니다. 지속력도 생각보다 길어서 기대 안했는데 좋습니다 저는 너무 좋게 사용하고 있는 것 같습니다!! 아직 구매 하시지 않은 분들은 잘 생각 해보시고 향수 필요하시면 이 제품으로 구매 추천 드릴게요 ^&^,향,향이 강하지 않고,1,[속성] 향 [문장] 향이 강하지 않고,0,향,unchanged
test,train,[속성] 성분 [문장] 성분도 순해서,1027307,SNS,남성화장품,OO 아** 옴므 올인원 컨트롤러 ,안녕하세요~ ㅇㅇㅇ 제품을 소개 드려요. 올인원 중에 이 제품이 가성비는 제일 좋은 듯하네요. 물론 올인원이라 한방에 여러가지 바르지 않아도 되니 간편합니다. 성분도 순해서 자극도 없고 트러블도 안 생깁니다. 바르고 나면 산뜻한 느낌 너무 좋구요. 빠른 흡수에 비해 보습은 좀 아쉬운 감은 있어요. 근데 이번에는 뚜껑이 불량인지 뚜껑도 열려서 오고 닫히지도 않더군요. 이런 일이 없었는데.. 기분은 좀 상합니다. 이 제품 괜찮았는데 용기 땜에 추천하기가 좀 그러네요..,성분,성분도 순해서,1,[속성] 성분 [문장] 성분도 순해서,0,성분,unchanged
test,train,[속성] 자극성 [문장] 피부 트러블이 생겼어요.,710212,쇼핑몰,남성화장품,OO 스** 쉐이브 젤 195g 1개,거품이 잘 생성되지 않았고 사용 후 피부 트러블이 생겼어요. 향은 무난한 것 같아요.,자극성,피부 트러블이 생겼어요.,-1,[속성] 자극성 [문장] 피부 트러블이 생겼어요.,1,자극성,unchanged
test,train,[속성] 향 [문장] 향은 무난한 것 같아요.,710212,쇼핑몰,남성화장품,OO 스** 쉐이브 젤 195g 1개,거품이 잘 생성되지 않았고 사용 후 피부 트러블이 생겼어요. 향은 무난한 것 같아요.,향,향은 무난한 것 같아요.,1,[속성] 향 [문장] 향은 무난한 것 같아요.,0,향,unchanged
test,train,[속성] 발림성 [문장] 발림성이 부드럽지 않고,711744,쇼핑몰,남성화장품,OO 스** 쉐이브 폼 245g 1개,발림성이 부드럽지 않고 향이 좀 센 것 같고 사용하고 피부가 건조한 느낌이 들어요.,발림성,발림성이 부드럽지 않고,-1,[속성] 발림성 [문장] 발림성이 부드럽지 않고,1,발림성,unchanged
test,train,[속성] 보습력/수분감 [문장] 피부가 건조한 느낌이 들어요.,711744,쇼핑몰,남성화장품,OO 스** 쉐이브 폼 245g 1개,발림성이 부드럽지 않고 향이 좀 센 것 같고 사용하고 피부가 건조한 느낌이 들어요.,보습력/수분감,피부가 건조한 느낌이 들어요.,-1,[속성] 보습력/수분감 [문장] 피부가 건조한 느낌이 들어요.,1,보습력/수분감/쿨링감,merged_duplicate_label
test,train,[속성] 가격 [문장] 가성비 좋고,1025906,SNS,남성화장품,OO 옴므 블** 클렌저 125g,클렌저 정착 못하고 있다가 이 제품은 처음으로 사용했어요. 간결한 제 후기 들어주세요~ 일단 가성비 좋고 가격대비 용량도 많아서 좋아요. 용기도 사용하기 편해서 좋고 위생적인 것 같네요. 향도 강하지 않아 데일리로 사용하기 좋습니다. 일단 저는 피부가 지성피부인데 유분기도 잘 조절되고 산뜻하고 마무리 사용감까지 괜찮네요.ㅎㅎ 하지만 너무 유분기가 잘 조절되다보니 금방 건조해지더라고요. 그래서 바로 화장품 바릅니다.. 이 점 빼고는 다 만족해요.. 전체적으로 만족해서 나중에 또 구매할 생각입니다. 이상 저의 간결한 후기입니다.ㅎㅎ,가격,가성비 좋고,1,[속성] 가격 [문장] 가성비 좋고,0,가격,unchanged
test,train,[속성] 용량/개수 [문장] 가격대비 용량도 많아서 좋아요.,1025906,SNS,남성화장품,OO 옴므 블** 클렌저 125g,클렌저 정착 못하고 있다가 이 제품은 처음으로 사용했어요. 간결한 제 후기 들어주세요~ 일단 가성비 좋고 가격대비 용량도 많아서 좋아요. 용기도 사용하기 편해서 좋고 위생적인 것 같네요. 향도 강하지 않아 데일리로 사용하기 좋습니다. 일단 저는 피부가 지성피부인데 유분기도 잘 조절되고 산뜻하고 마무리 사용감까지 괜찮네요.ㅎㅎ 하지만 너무 유분기가 잘 조절되다보니 금방 건조해지더라고요. 그래서 바로 화장품 바릅니다.. 이 점 빼고는 다 만족해요.. 전체적으로 만족해서 나중에 또 구매할 생각입니다. 이상 저의 간결한 후기입니다.ㅎㅎ,용량/개수,가격대비 용량도 많아서 좋아요.,1,[속성] 용량/개수 [문장] 가격대비 용량도 많아서 좋아요.,0,용량,merged_duplicate_label
test,train,[속성] 편의성/활용성 [문장] 데일리로 사용하기 좋습니다.,1025906,SNS,남성화장품,OO 옴므 블** 클렌저 125g,클렌저 정착 못하고 있다가 이 제품은 처음으로 사용했어요. 간결한 제 후기 들어주세요~ 일단 가성비 좋고 가격대비 용량도 많아서 좋아요. 용기도 사용하기 편해서 좋고 위생적인 것 같네요. 향도 강하지 않아 데일리로 사용하기 좋습니다. 일단 저는 피부가 지성피부인데 유분기도 잘 조절되고 산뜻하고 마무리 사용감까지 괜찮네요.ㅎㅎ 하지만 너무 유분기가 잘 조절되다보니 금방 건조해지더라고요. 그래서 바로 화장품 바릅니다.. 이 점 빼고는 다 만족해요.. 전체적으로 만족해서 나중에 또 구매할 생각입니다. 이상 저의 간결한 후기입니다.ㅎㅎ,편의성/활용성,데일리로 사용하기 좋습니다.,1,[속성] 편의성/활용성 [문장] 데일리로 사용하기 좋습니다.,0,편의성/활용성,unchanged
test,train,[속성] 흡수력 [문장] 산뜻하고,1025906,SNS,남성화장품,OO 옴므 블** 클렌저 125g,클렌저 정착 못하고 있다가 이 제품은 처음으로 사용했어요. 간결한 제 후기 들어주세요~ 일단 가성비 좋고 가격대비 용량도 많아서 좋아요. 용기도 사용하기 편해서 좋고 위생적인 것 같네요. 향도 강하지 않아 데일리로 사용하기 좋습니다. 일단 저는 피부가 지성피부인데 유분기도 잘 조절되고 산뜻하고 마무리 사용감까지 괜찮네요.ㅎㅎ 하지만 너무 유분기가 잘 조절되다보니 금방 건조해지더라고요. 그래서 바로 화장품 바릅니다.. 이 점 빼고는 다 만족해요.. 전체적으로 만족해서 나중에 또 구매할 생각입니다. 이상 저의 간결한 후기입니다.ㅎㅎ,흡수력,산뜻하고,1,[속성] 흡수력 [문장] 산뜻하고,0,흡수력,unchanged
test,train,[속성] 자극성 [문장] 순해서,713180,쇼핑몰,남성화장품,OO 질** 쉐이빙폼 175g 1개,사용감이나 기능이 특출난 건 아니라서 별로 코멘트 할 게 많지 않은데 일단 순해서 트러블 없이 쓸 수 있어요. 가격 대비 용량이나 품질도 괜찮습니다. 번창하세요.,자극성,순해서,1,[속성] 자극성 [문장] 순해서,0,자극성,unchanged
test,train,[속성] 가격 [문장] 저렴한 가격에 잘 구매했습니다.,716590,쇼핑몰,남성화장품,OO 아** EDT 125ml,저렴한 가격에 잘 구매했습니다. 향이 너무 좋습니다. 가격이 싸서 정말 좋은 것 같습니다. 다음에도 기대할게요.,가격,저렴한 가격에 잘 구매했습니다.,1,[속성] 가격 [문장] 저렴한 가격에 잘 구매했습니다.,0,가격,unchanged
test,train,[속성] 향 [문장] 향이 너무 좋습니다.,716590,쇼핑몰,남성화장품,OO 아** EDT 125ml,저렴한 가격에 잘 구매했습니다. 향이 너무 좋습니다. 가격이 싸서 정말 좋은 것 같습니다. 다음에도 기대할게요.,향,향이 너무 좋습니다.,1,[속성] 향 [문장] 향이 너무 좋습니다.,0,향,unchanged
test,validation,[속성] 보습력/수분감 [문장] 보습력도 나쁘지 않고,712287,쇼핑몰,남성화장품,OO 질** 스킨 쉐이브 크림 177ml 1개,쇼핑몰에서 행사 해서 저렴하게 구매했습니다. 보습력도 나쁘지 않고 향도 과하게 나는 게 아니라서 좋습니다. 다면 가격이 좀 나가는 제품이라서 행사가 자주 돌아왔으면 좋겠네요.,보습력/수분감,보습력도 나쁘지 않고,1,[속성] 보습력/수분감 [문장] 보습력도 나쁘지 않고,0,보습력/수분감/쿨링감,merged_duplicate_label
test,train,[속성] 발림성 [문장] 부드럽게 발리고,1027296,SNS,남성화장품,OO 애프터 쉐이브 165ml 3종 택1,안녕하세요~ 아들이 즐겨 쓰고 있는 ㅇㅇㅇ 애프터 쉐이브를 소개할게요~ 아들이 애프터 쉐이브로 이만한 제품이 없다고 합니다. 다른 제품 쓰면 자극도 있고 따끔거리고 하는데 이 ㅇㅇㅇ는 부드럽게 발리고 별 트러블 없이 쓰기 정말 좋다고 합니다. 그리고 남자들은 산뜻함을 제일 좋아한다네요~ 사용감이 가볍고 시원하고 향도 은은하다고 하고 색상별로 번갈아 가면서 사용하더군요. 정말 좋아하는구나 싶었죠 ㅎ 센스 있는 남자들~ 한번 써보시면 좋을 듯해요~,발림성,부드럽게 발리고,1,[속성] 발림성 [문장] 부드럽게 발리고,0,발림성,unchanged
test,train,[속성] 사용감 [문장] 사용감이 가볍고,1027296,SNS,남성화장품,OO 애프터 쉐이브 165ml 3종 택1,안녕하세요~ 아들이 즐겨 쓰고 있는 ㅇㅇㅇ 애프터 쉐이브를 소개할게요~ 아들이 애프터 쉐이브로 이만한 제품이 없다고 합니다. 다른 제품 쓰면 자극도 있고 따끔거리고 하는데 이 ㅇㅇㅇ는 부드럽게 발리고 별 트러블 없이 쓰기 정말 좋다고 합니다. 그리고 남자들은 산뜻함을 제일 좋아한다네요~ 사용감이 가볍고 시원하고 향도 은은하다고 하고 색상별로 번갈아 가면서 사용하더군요. 정말 좋아하는구나 싶었죠 ㅎ 센스 있는 남자들~ 한번 써보시면 좋을 듯해요~,사용감,사용감이 가볍고,1,[속성] 사용감 [문장] 사용감이 가볍고,0,사용감,unchanged
test,train,[속성] 보습력/수분감 [문장] 시원하고,1027296,SNS,남성화장품,OO 애프터 쉐이브 165ml 3종 택1,안녕하세요~ 아들이 즐겨 쓰고 있는 ㅇㅇㅇ 애프터 쉐이브를 소개할게요~ 아들이 애프터 쉐이브로 이만한 제품이 없다고 합니다. 다른 제품 쓰면 자극도 있고 따끔거리고 하는데 이 ㅇㅇㅇ는 부드럽게 발리고 별 트러블 없이 쓰기 정말 좋다고 합니다. 그리고 남자들은 산뜻함을 제일 좋아한다네요~ 사용감이 가볍고 시원하고 향도 은은하다고 하고 색상별로 번갈아 가면서 사용하더군요. 정말 좋아하는구나 싶었죠 ㅎ 센스 있는 남자들~ 한번 써보시면 좋을 듯해요~,보습력/수분감,시원하고,1,[속성] 보습력/수분감 [문장] 시원하고,0,보습력/수분감/쿨링감,merged_duplicate_label
test,train,[속성] 보습력/수분감 [문장] 쿨링감이 있어 좋고,713067,쇼핑몰,남성화장품,OO 질** 쉐이빙폼 175g 1개,마음에 드는 제품입니다. 면도할 때 쿨링감이 있어 좋고 깔끔하게 수염이 잘 밀립니다.,보습력/수분감,쿨링감이 있어 좋고,1,[속성] 보습력/수분감 [문장] 쿨링감이 있어 좋고,0,보습력/수분감/쿨링감,merged_duplicate_label
test,train,[속성] 가격 [문장] 저렴하고,712437,쇼핑몰,남성화장품,OO 하** 모이스처라이징 쉐이브폼 250g 1개,자주 사용하는 제품입니다. 저렴하고 품질이 무난해서 불만 없이 사용해요. 매일 아침마다 면도를 하는데 특별히 좋은 향이 나거나 엄청난 기능이 있는 건 아니지만 딱히 나쁜 점도 없어서 아무 생각 없이 잘 씁니다. 게다가 살 때마다 할인 중이라 저렴해서 제일 좋습니다.,가격,저렴하고,1,[속성] 가격 [문장] 저렴하고,0,가격,unchanged
test,train,[속성] 용기 [문장] 용기 사이즈가 작고,713361,쇼핑몰,남성화장품,OO 질** 쉐이빙폼 175g 1개,생각보다는 용기 사이즈가 작고 양도 얼마 안되는 것 같네요. 용량 대비 가격도 저렴하지 않아요.,용기,용기 사이즈가 작고,-1,[속성] 용기 [문장] 용기 사이즈가 작고,1,용기,unchanged
test,train,[속성] 가격 [문장] 용량 대비 가격도 저렴하지 않아요.,713361,쇼핑몰,남성화장품,OO 질** 쉐이빙폼 175g 1개,생각보다는 용기 사이즈가 작고 양도 얼마 안되는 것 같네요. 용량 대비 가격도 저렴하지 않아요.,가격,용량 대비 가격도 저렴하지 않아요.,-1,[속성] 가격 [문장] 용량 대비 가격도 저렴하지 않아요.,1,가격,unchanged
test,train,[속성] 보습력/수분감 [문장] 수분감도 있고,1024769,SNS,남성화장품,OO 포 맨 올인원 플루이드,"안녕하세요 오늘은 남성분들께 강추 드리는 기초제품을 들고 와봤어요~ 바로 이 ㅇㅇㅇ 올인원 플루이드인데요~ 남성분들은 기초를 단계로 챙기기 귀찮아하셔서 올인원제품을 많이 사용하시더라구요~ 여자인 제가 한번 사용해보았습니다ㅎㅎ 이 제품은 수분감도 있고, 자극이 없고, 향도 강하지 않아서 많은 분들이 무난하게 사용하실만한 제품이에요~ 다만 이제 한겨울에 피부를 보호해 줄 만큼의 보습력은 없기 때문에 건조한 피부를 가진 분들은 이 제품 한번 바르고 보습크림 한번 더 바르는 것을 추천드릴게요~ 기초 챙기기 귀찮다! 하시는 분들께 강추 드리는 제품입니다~",보습력/수분감,수분감도 있고,1,[속성] 보습력/수분감 [문장] 수분감도 있고,0,보습력/수분감/쿨링감,merged_duplicate_label
test,train,[속성] 향 [문장] 향도 강하지 않아서,1024769,SNS,남성화장품,OO 포 맨 올인원 플루이드,"안녕하세요 오늘은 남성분들께 강추 드리는 기초제품을 들고 와봤어요~ 바로 이 ㅇㅇㅇ 올인원 플루이드인데요~ 남성분들은 기초를 단계로 챙기기 귀찮아하셔서 올인원제품을 많이 사용하시더라구요~ 여자인 제가 한번 사용해보았습니다ㅎㅎ 이 제품은 수분감도 있고, 자극이 없고, 향도 강하지 않아서 많은 분들이 무난하게 사용하실만한 제품이에요~ 다만 이제 한겨울에 피부를 보호해 줄 만큼의 보습력은 없기 때문에 건조한 피부를 가진 분들은 이 제품 한번 바르고 보습크림 한번 더 바르는 것을 추천드릴게요~ 기초 챙기기 귀찮다! 하시는 분들께 강추 드리는 제품입니다~",향,향도 강하지 않아서,0,[속성] 향 [문장] 향도 강하지 않아서,2,향,unchanged
test,train,[속성] 가격 [문장] 싸고,1028268,SNS,남성화장품,OO 코** 옴므 스킨 140ml 1개,오늘은 싸고 향기도 좋은 남성용 스킨을 소개해 볼까 합니다. 향에 예민하신 분들이 사용해 보시면 좋을 거 같아요. 저는 향에 예민해서 화장품을 살 때 가장 중요시하는 부분이 향기예요. 아무리 보습력이 좋아도 향이 좋지 않으면 안 쓰는데 OOO 옴므 스킨은 향이 상쾌하고 시원해서 너무 마음에 듭니다. 여름에 잘 어울리는 향이에요. 게다가 가격도 매우 저렴하고 유리병이라 고급스럽습니다. 전에 200ml 제품을 써서 그런지 용량이 적어서 빨리 없어지는 느낌은 있어요. 그래도 이 가격에 이 정도 용량이면 충분한 거 같습니다. 혹시나 구입을 망설이고 계신다면 망설이지 말고 구입하세요. 강추합니다.,가격,싸고,1,[속성] 가격 [문장] 싸고,0,가격,unchanged
test,train,[속성] 제형 [문장] 제형이 부드러워,1027292,SNS,남성화장품,OO 포 맨 자** 로션 200ml,안녕하세요~ 남자들이 쓰기 좋은 ㅇㅇㅇ 로션을 소개할게요~ 신랑 주려고 구매했어요. 이것저것 가리지 않는 타입이라 나쁘지 않을 것 같았는데 역시 신랑이 너무 좋아하네요. 딱 중성피부라 이 제품도 무난하게 잘 맞았어요. 제형이 부드러워 잘 발린다고 하고 요즘 같은 환절기에 건조할 때 바르고 나면 촉촉해서 좋대요. 얼굴에도 물론 좋지만 몸에 발라도 좋을 것 같다고 하네요. 다음엔 스킨도 한번 사 봐야겠어요. 남자친구 선물로도 좋아요~,제형,제형이 부드러워,1,[속성] 제형 [문장] 제형이 부드러워,0,제형,unchanged
test,train,[속성] 윤기/피부(톤) [문장] 피부도 부드럽고,712395,쇼핑몰,남성화장품,OO 하** 모이스처라이징 쉐이브폼 250g 1개,이 제품을 사용하면 면도하고 나서 피부도 부드럽고 개운하게 면도가 됩니다. 그래서 꾸준히 사용하고 있습니다.,윤기/피부(톤),피부도 부드럽고,1,[속성] 윤기/피부(톤) [문장] 피부도 부드럽고,0,윤기/피부(톤),unchanged
test,train,[속성] 발림성 [문장] 부드럽게 발리면서,1025873,SNS,남성화장품,OO 맨 올** 올인원 120ml,주변 친구들이 이 제품 많이 사용하길래 저도 궁금해서 따라 샀어요. 다들 좋은 것만 사용하길래 믿고 구매했습니다. 일단 저는 지성피부인데 부드럽게 발리면서 흡수도 빠르더군요. 유분기도 많은 피부인데 유분기도 조절해주고.. 완전 반했습니다. 번들거림도 줄어들어서 더더욱 만족했네요. 오프라인보다 저렴하게 구입해서 만족했어요. 화장품 잘 몰랐는데 역시 친구들이 따라 쓰는 거 사용하니깐 좋네요 ㅋㅋ 친구들아~ 고맙다! 잘 사용할게~~덕분에 피부가 좋아지겠어~,발림성,부드럽게 발리면서,1,[속성] 발림성 [문장] 부드럽게 발리면서,0,발림성,unchanged
test,train,[속성] 가격 [문장] 가격도 저렴해서 좋습니다.,712901,쇼핑몰,남성화장품,OO 질** 쉐이빙폼 175g 1개,면도가 부드럽고 매끄럽게 잘 되고 가격도 저렴해서 좋습니다. 맘에 들어서 추천해요. 앞으로도 계속 사용할 것 같아요.,가격,가격도 저렴해서 좋습니다.,1,[속성] 가격 [문장] 가격도 저렴해서 좋습니다.,0,가격,unchanged
test,train,[속성] 지속력/유지력 [문장] 지속력도 나쁘지 않은 것 같아요.,1029698,SNS,남성화장품,OO 시** 퍼퓸 50ml (코튼허그),동생한테 선물로 주려고 같이 가서 고른 향수입니다. 이 향수를 고르면서 저는 향수 쓰기가 엄청 조심스러워졌어요. 같은 향을 맡고도 동생이랑 저랑 감상이 너무 달라서요. 제가 좋다고 생각하고 뿌린 향수도 누군가에게는 괴로움이었겠다는 생각이 들었습니다ㅜㅜ 저는 이 향이 정말 별로였거든요. 그런데 동생은 너무 향이 좋다더라고요! 헐... 용량 대비 가격은 비싸지 않아서 그 점은 저로서는 좋았습니다ㅎㅎ 지속력도 나쁘지 않은 것 같아요. 테스트로 칙칙 뿌리고 한참 돌아다녔는데도 향이 은은하게 났어요. 평생 동생하고 이렇게 의견이 갈려 보긴 처음인 것 같아요ㅋ,지속력/유지력,지속력도 나쁘지 않은 것 같아요.,0,[속성] 지속력/유지력 [문장] 지속력도 나쁘지 않은 것 같아요.,2,지속력/유지력,unchanged
test,train,[속성] 지속력/유지력 [문장] 오래가서 좋습니다.,714692,쇼핑몰,남성화장품,OO 몽** 레전드 EDT 100ml,여름에 몸에서 땀 냄새 안 나게 하려고 구매했는데 향도 좋고 오래가서 좋습니다.,지속력/유지력,오래가서 좋습니다.,1,[속성] 지속력/유지력 [문장] 오래가서 좋습니다.,0,지속력/유지력,unchanged
test,train,[속성] 가격 [문장] 가격도 나쁘지 않았고,1025916,SNS,남성화장품,OO 고** 포 맨 올인원 플루이드 150ml,아들들은 왜 이렇게 말을 안듣는지 참~ 화장품 안 발라서 제가 억지로 바르게 시키는 중입니다! 그런 도중에 제가 이 제품을 마지막으로 써보라고 했더니 이제는 쓰네요~ 일단 OO 하면 다들 아시는 브랜드잖아요? 그래서 남자용 올인원 제품이 있다고 해서 구매했어요. 가격도 나쁘지 않았고 피부에 순하고 좋습니다. 사춘기 아들에게도 피부에 잘 맞고 자극도 없어서 잘 사용하고 있네요. 스킨과 로션이 같이 있어서 한방에 다 해결할 수 있어서 좋다고 하네요. 다행입니다. 사춘기 아들피부에도 잘 맞아요! 얼른 구매해서 써보라고 하세요~~,가격,가격도 나쁘지 않았고,0,[속성] 가격 [문장] 가격도 나쁘지 않았고,2,가격,unchanged
test,train,[속성] 기능/효과 [문장] 피부에 잘 맞고,1025916,SNS,남성화장품,OO 고** 포 맨 올인원 플루이드 150ml,아들들은 왜 이렇게 말을 안듣는지 참~ 화장품 안 발라서 제가 억지로 바르게 시키는 중입니다! 그런 도중에 제가 이 제품을 마지막으로 써보라고 했더니 이제는 쓰네요~ 일단 OO 하면 다들 아시는 브랜드잖아요? 그래서 남자용 올인원 제품이 있다고 해서 구매했어요. 가격도 나쁘지 않았고 피부에 순하고 좋습니다. 사춘기 아들에게도 피부에 잘 맞고 자극도 없어서 잘 사용하고 있네요. 스킨과 로션이 같이 있어서 한방에 다 해결할 수 있어서 좋다고 하네요. 다행입니다. 사춘기 아들피부에도 잘 맞아요! 얼른 구매해서 써보라고 하세요~~,기능/효과,피부에 잘 맞고,1,[속성] 기능/효과 [문장] 피부에 잘 맞고,0,기능/효과,unchanged
test,train,[속성] 용량/개수 [문장] 대용량에,713185,쇼핑몰,남성화장품,OO 질** 쉐이빙폼 175g 1개,OOO은 이번에 처음 구매했는데 대용량에 가격은 저렴한데 향은 별로예요. 대체적으로 괜찮은 듯합니다.,용량/개수,대용량에,1,[속성] 용량/개수 [문장] 대용량에,0,용량,merged_duplicate_label
test,train,[속성] 가격 [문장] 가격은 저렴한데,713185,쇼핑몰,남성화장품,OO 질** 쉐이빙폼 175g 1개,OOO은 이번에 처음 구매했는데 대용량에 가격은 저렴한데 향은 별로예요. 대체적으로 괜찮은 듯합니다.,가격,가격은 저렴한데,1,[속성] 가격 [문장] 가격은 저렴한데,0,가격,unchanged
test,train,[속성] 향 [문장] 향은 별로예요.,713185,쇼핑몰,남성화장품,OO 질** 쉐이빙폼 175g 1개,OOO은 이번에 처음 구매했는데 대용량에 가격은 저렴한데 향은 별로예요. 대체적으로 괜찮은 듯합니다.,향,향은 별로예요.,-1,[속성] 향 [문장] 향은 별로예요.,1,향,unchanged
test,train,[속성] 지속력/유지력 [문장] 지속력은 좀 짧지만,1027981,SNS,남성화장품,OO 블** EDT 125ml,예전에 쓰던 제품인데 오랜만에 써보고 싶어서 친구도 하나 줄 겸 2개 구입했네요. 택배사의 문제인지 요즘 택배는 2일 내에 보통 오는데 5일 정도 걸려서 받았어요. 그리 원했던 건 아니지만 그래도 오랜만에 써보고 싶어서 주문한 거라 기다려지더라고요. 친구한테 쓰라고 던져 줬더니 반가워하네요ㅋㅋ 가성비 갑인 제품이고 지속력은 좀 짧지만 가격 대비 용량이 짱 많아요. 향도 쓰기에 나쁘지 않아요. 차에 두고 쓰고 있어요. 가성비는 이 제품이 최고인 듯하네요.,지속력/유지력,지속력은 좀 짧지만,-1,[속성] 지속력/유지력 [문장] 지속력은 좀 짧지만,1,지속력/유지력,unchanged
test,train,[속성] 흡수력 [문장] 흡수가 잘 되는 편이라,1029646,SNS,남성화장품,OO 옴므 크** 올인원 150ml 기획(+25ml+25ml 증정),"OO에서도 올인원이 나오네요? 궁금해 하실 분들 많으실 텐데, 저희 남편이 한 번 써 봤습니다. 요즘은 남성용화장품도 은은하게 좋은 향으로 잘 나오던데, 이 제품은 왜 술 같은 냄새가 나는지 모를 일입니다. 냄새 때문에 자극적일까 걱정했는데, 다행히 면도하고 발라도 따가운 느낌은 없다고 하네요. 올인원이지만 토너에 더 가까운 제형으로, 손에 덜어서 토너처럼 피부에 흡수시키면 됩니다. 흡수가 잘 되는 편이라 지성 피부도 쓰기 좋을 것 같아요. 성분표 찾아 보니 온통 순한 성분으로만 만들어져서 안심하고 써도 되겠네요. 다 좋은데 왜 화장품에 막걸리 냄새를 넣었을까요...? 미스터리입니다...",흡수력,흡수가 잘 되는 편이라,1,[속성] 흡수력 [문장] 흡수가 잘 되는 편이라,0,흡수력,unchanged
test,train,[속성] 편의성/활용성 [문장] 사용하기 편리하고,1025949,SNS,남성화장품,OO 옴므 올인원 100ml,안녕하세요^^ 오늘 추천 드리고 싶은 제품은 바로 올인원 로션입니다!! 이제는 올인원 시대라서 남성분들 중에 올인원을 안 쓰시는 분들은 보기 힘든 것 같아요! 많은 제품이 있지만 이 제품 쓰시라고 후기 가져왔습니다~ 제 친구들도 그렇고 저도 그렇고 올인원 제품만 사용하고 있습니다. 스킨과 로션 따로 쓰면 정말 불편하고 돈도 이중으로 나가서 아쉬웠습니다. 하지만 올인원 제품은 사용하기 편리하고 무엇보다 가격이 저렴한 것 같아서 좋았습니다. 이 제품은 향도 괜찮은 편이고 끈적이지 않아서 사용하기 좋습니다! 올인원 제품 찾으시면 이 제품 추천 드릴게요! 올인원 제품 시중에 정말 다양하게 팔고 있는데 이 제품이 제일 좋은 것 같습니다. 과장이 아니라 여러 제품을 쓰고 느낀 점입니다. 저는 떨어지면 또 사러 가야겠습니다,편의성/활용성,사용하기 편리하고,1,[속성] 편의성/활용성 [문장] 사용하기 편리하고,0,편의성/활용성,unchanged
test,validation,[속성] 향 [문장] 향이 은은하게,712295,쇼핑몰,남성화장품,OO 질** 스킨 쉐이브 크림 177ml 1개,"폼 타입 제품과 달리 젤 타입이라서 거품이 곧바로 풍성하게 나진 않지만 향도 좋고 보습력도 있어서 좋습니다. 향이 은은하게 계속 남아 있어서 좋고, 보습력도 나쁘지 않습니다. 매일 출근하는 사무직이라 면도를 자주 하는데 피부에 덜 자극적이어서 좋아요. 하지만 젤 타입이 폼 타입보다 사용하기는 불편하네요. 다 떨어지면 다시 폼 타입 사려고 합니다.",향,향이 은은하게,1,[속성] 향 [문장] 향이 은은하게,0,향,unchanged
test,train,[속성] 발림성 [문장] 부드럽게 잘 발려서,712271,쇼핑몰,남성화장품,OO 질** 스킨 쉐이브 크림 177ml 1개,발림이 부드럽고 좋습니다. 용기가 튜브형이라 다른 제품에 비해 사용하기 오히려 편해서 좋습니다. 향이나 제형의 질감은 평범한 편인데 부드럽게 잘 발려서 사용 후 피부가 좀 더 자극 없이 편합니다. 디자인도 깔끔하니 좋아요.,발림성,부드럽게 잘 발려서,1,[속성] 발림성 [문장] 부드럽게 잘 발려서,0,발림성,unchanged
test,train,[속성] 흡수력 [문장] 끈적임이 없고,1026320,SNS,남성화장품,OO 옴므 에센스 인 2종 세트,오늘은 저희 아빠가 좋아하시는 남성화장품을 가져 왔어요~ OO OOO 2종 세트입니다! 처음에는 매장에서 사서 쓰시다가 언젠가부터 저한테 인터넷으로 주문을 부탁하시더라고요. 매장보다 가격도 저렴하고 샘플도 넉넉히 와서 좋아하셔요. OO에 옴므 제품이 여러가지 있지만 이 제품을 쓰시는 가장 큰 이유는 향 때문인 것 같아요. 다른 제품들에 비해 향이 강하지 않아서 거슬리지 않으니까요. 또 남성분들이 제일 싫어하는 끈적임이 없고 적당히 촉촉해서 편하게 사용하고 계셔요. 남성화장품 특유의 화한 향이 싫으시다면 이 제품 추천해 드릴게요.,흡수력,끈적임이 없고,1,[속성] 흡수력 [문장] 끈적임이 없고,0,흡수력,unchanged
test,train,[속성] 편의성/활용성 [문장] 남녀 모두 사용하기 좋은 향입니다.,1025888,SNS,남성화장품,OO 상** EDP 50ml,OO 제품 유명하더라구요? 친구가 노래를 부르던 향수를 제가 선물해줬습니다. 반응이 엄청 나더라구요 ㅋㅋ 일단 이 향수는 제가 맡아봤지만 봄에 사용하기 좋아요. 매일 향수를 뿌리는 아이라 용량이 조금 작은 것 같지만 용량이 많은 거는 가격대가..ㅋㅋ 무튼 남녀 모두 사용하기 좋은 향입니다. 제가 매장에서 뿌리고 나갔더니 중성적인 향이 나서 그런지 지나가는 사람이 향수 뭐 쓰냐고 물어보네요 ㅎㅎ 아주 향수를 좋아하는 친구는 좋다고 사랑한다고 하네요. 뿌듯해요. 중성적인 향 좋아하시면 한번 맡아보세요~ 요즘은 쇼룸도 나와서 가보시는 거 추천!!,편의성/활용성,남녀 모두 사용하기 좋은 향입니다.,1,[속성] 편의성/활용성 [문장] 남녀 모두 사용하기 좋은 향입니다.,0,편의성/활용성,unchanged
test,train,[속성] 보습력/수분감 [문장] 보습력이 뛰어나,1025958,SNS,남성화장품,OO 헤** 옴므 플루이드 110ml 1개,결혼 하고 나서 남편 화장품을 보니 이 제품만 쓰는 것 같아서 리뷰를 해보려고 해요!! 남편 말에 의하면 이 제품은 다른 사람한테 소개를 해도 좋은 제품이라고 하네요~!! 이 제품의 장점을 말할 것 같으면 향이 정말 좋습니다. 시중에 파는 스킨 로션은 향이 너무 남자 스킨 냄새가 강해서 호불호가 있을 수 있는데 이 제품은 향이 과하지 않고 은은해서 좋은 것 같습니다! 스킨 로션 잘못 사면 끈적 거리거나 피부에 트러블이 생기는데 이 제품은 흡수가 빨라서 좋다고 하네요~^^ 보습력이 뛰어나 겨울에 사용하면 좋다고 하니 참고 하시면 되겠습니다!! 오늘은 저희 남편이 제일 좋아하고 많이 쓰는 로션을 소개 해드렸습니다!! 이 제품 좋은 것 같아서 저희 아버지께도 추천 하고 오는 길입니다!!,보습력/수분감,보습력이 뛰어나,1,[속성] 보습력/수분감 [문장] 보습력이 뛰어나,0,보습력/수분감/쿨링감,merged_duplicate_label
test,train,[속성] 가격 [문장] 가격만 더 저렴해지면 좋을 것 같아요.,714950,쇼핑몰,남성화장품,OO 몽** 레전드 EDT 100ml,어제 주문 했는데 오늘 도착했습니다. 자극적이지도 않고 향이 상큼해서 딱 좋습니다. 가격만 더 저렴해지면 좋을 것 같아요.,가격,가격만 더 저렴해지면 좋을 것 같아요.,-1,[속성] 가격 [문장] 가격만 더 저렴해지면 좋을 것 같아요.,1,가격,unchanged
test,train,[속성] 용량/개수 [문장] 용량도 크고,715440,쇼핑몰,남성화장품,OO 몽** 레전드 EDT 100ml,오랫동안 사용하고 있는 향수입니다. 용량도 크고 저렴하게 구입한 것 같아서 만족해요.,용량/개수,용량도 크고,1,[속성] 용량/개수 [문장] 용량도 크고,0,용량,merged_duplicate_label
test,train,[속성] 가격 [문장] 좋은 가격에,716477,쇼핑몰,남성화장품,OO 아** EDT 125ml,사고 싶었던 향수인데 좋은 가격에 좋은 구성으로 나와서 샀습니다. 강하지 않은 은은한 향 좋습니다.,가격,좋은 가격에,1,[속성] 가격 [문장] 좋은 가격에,0,가격,unchanged
test,train,[속성] 가격 [문장] 가격까지 착해서,1026389,SNS,남성화장품,OO 남성 기초 풀구성 블** (스킨+에멀젼 3세트 + 올인원워시 2개),"아버님께서 기존에 쓰고 있던 제품이 맘에 안드셨는지 남편한테 화장품 뭐 쓰냐고 물어보셨는데.. 남편이 OOO 제품 좋다고 소개시켜드리고 아버님 선물로 드렸는데 엄청 좋아하시네요. 이런거 어디서 났냐구 하시면서 ㅎㅎㅎㅎㅎ 일단 나이가 들면 피부도 건조해지고 쳐지는데 이거는 탄력, 보습까지 잡아줘서 좋다고 하시네요. 얼굴에 맨들맨들해진 거 같다고 하시고 실제로 제가 봤을 때도 전보다 훨씬 수분감이 느껴지더라고요!! 가격까지 착해서 여러개 사드렸는데 좋아하십니다. 덕분에 저도 뿌듯하네요. 아버님, 남편 화장품 고민이시다면 이거 써보라고 추천해드려요~",가격,가격까지 착해서,1,[속성] 가격 [문장] 가격까지 착해서,0,가격,unchanged
test,train,[속성] 용기 [문장] 뚜껑이 없습니다.,714792,쇼핑몰,남성화장품,OO 몽** 레전드 EDT 100ml,남편이 좋아하는 제품이라 구매했습니다. 그런데 뚜껑이 없네요. 혹시나 싶어서 박스를 몇 번이나 뒤져봤지만 뚜껑이 없습니다. 재구매한거라 전에 썼던 용기의 뚜껑을 사용하긴 하지만 배송전 꼼꼼히 확인하시면 좋겠네요.,용기,뚜껑이 없습니다.,-1,[속성] 용기 [문장] 뚜껑이 없습니다.,1,용기,unchanged
test,train,[속성] 발림성 [문장] 부드럽게 잘 발라지고,1027935,SNS,남성화장품,OO 라** 옴므 올인원 에센스 150ml 1개,"▒바쁜 아침에 한 번에 사용할 수 있는 올인원제품이에요.▒ 신랑이 OO에서 구입했던 제품인데 부드럽게 잘 발라지고 피부에 싹 스며들어 좋은 거 같다고 하네요. 향도 고급스러워 사용할 때마다 기분도 좋아진다고 해요. 이번에 OOO에서 재구매 했는데 쿠폰 적용하니 OO보다 조금 더 저렴해서 좋네요. 신랑꺼 구입하면서 양가 아버님께도 선물해 드렸어요. 택배 받으시고 사용해 보셨는지 한 번에 스킨, 로션, 에센스를 바를 수 있어 너무 좋으시다고 하셨어요. 다 쓰시면 또 구매해 드린다고 말씀해 달라고 했네요.",발림성,부드럽게 잘 발라지고,1,[속성] 발림성 [문장] 부드럽게 잘 발라지고,0,발림성,unchanged
test,validation,[속성] 제형 [문장] 젤 제형이 쫀쫀해서,1026493,SNS,남성화장품,OO 질** 쉐이빙젤 195g 1개,전에 사용하던 거품 폼은 성분이 좋지 않은지 바르면 트러블이 생겨서 이 제품으로 구매를 하게 되었습니다!! 한 달 정도 사용한 후기입니다!! 주관적으로 제가 느낀 점을 말씀 드릴게요~ 원래 쓰던 쉐이빙 폼을 다 쓰고 그 제품을 사려 했는데 품절이 되어 이 제품으로 사게 되었습니다. 가격은 조금 비싼 편이긴 해요! 그래도 비싼 제품이 품질이 더 좋으리라 생각이 들어서 샀는데 역시 좋네요!! 젤 제형이 쫀쫀해서 거품도 부드럽게 잘 나오고 바를 때 제형의 촉감도 좋습니다...!! 이거 바르고 면도하면 면도가 훨씬 부드럽게 잘 되어서 좋은 것 같습니다 ㅎㅎ 추천 하고 싶어요~~저는 이제 이 제품만 사야겠습니다 ㅋㅋㅋ 다른 제품은 못 쓰겠네요~ 남성분들 쉐이빙 젤 어떤 거 쓰실 지 고민이시면 이 제품 추천 할게요!! 품질 최고인 제품입니다^^ 다른 제품 말고 이 제품 쓰세용~,제형,젤 제형이 쫀쫀해서,1,[속성] 제형 [문장] 젤 제형이 쫀쫀해서,0,제형,unchanged
test,train,[속성] 가격 [문장] 가격도 저렴한데,1028269,SNS,남성화장품,OO 꽃** 포 맨 스킨 250ml 1개,무난하게 쓰기 좋고 본연의 기능에 충실한 스킨을 소개해 드릴게요. 저는 화장품은 비싼 거 아껴서 바르는 것보다 저렴한 제품 구매해서 많이 바르는 게 낫다고 생각해요. 그래서 화장품을 살 때 가성비를 중요시하는데 OOO 스킨이 가격도 저렴한데 양은 더 넉넉해서 제 기준에 부합하는 제품입니다. 샤워 후 듬뿍 바르고 있는데 촉촉하고 향 또한 은은하니 부담스럽지 않아요. 면도 후 바르면 시원하고 끈적이지도 않아서 남성들이 쓰기 정말 좋은 제품입니다. 남성스킨을 알아보고 계신다면 OOO 스킨도 한번 구입해 보세요~,가격,가격도 저렴한데,1,[속성] 가격 [문장] 가격도 저렴한데,0,가격,unchanged
test,train,[속성] 흡수력 [문장] 끈적이지도 않아서,1028269,SNS,남성화장품,OO 꽃** 포 맨 스킨 250ml 1개,무난하게 쓰기 좋고 본연의 기능에 충실한 스킨을 소개해 드릴게요. 저는 화장품은 비싼 거 아껴서 바르는 것보다 저렴한 제품 구매해서 많이 바르는 게 낫다고 생각해요. 그래서 화장품을 살 때 가성비를 중요시하는데 OOO 스킨이 가격도 저렴한데 양은 더 넉넉해서 제 기준에 부합하는 제품입니다. 샤워 후 듬뿍 바르고 있는데 촉촉하고 향 또한 은은하니 부담스럽지 않아요. 면도 후 바르면 시원하고 끈적이지도 않아서 남성들이 쓰기 정말 좋은 제품입니다. 남성스킨을 알아보고 계신다면 OOO 스킨도 한번 구입해 보세요~,흡수력,끈적이지도 않아서,1,[속성] 흡수력 [문장] 끈적이지도 않아서,0,흡수력,unchanged
test,train,[속성] 자극성 [문장] 순하고 좋습니다.,711599,쇼핑몰,남성화장품,OO 스** 쉐이브 폼 245g 1개,처음 구매해 봤는데 순하고 좋습니다. 1+1에 싸게 잘 샀습니다.,자극성,순하고 좋습니다.,1,[속성] 자극성 [문장] 순하고 좋습니다.,0,자극성,unchanged
test,train,[속성] 가격 [문장] 싸게 잘 샀습니다.,711599,쇼핑몰,남성화장품,OO 스** 쉐이브 폼 245g 1개,처음 구매해 봤는데 순하고 좋습니다. 1+1에 싸게 잘 샀습니다.,가격,싸게 잘 샀습니다.,1,[속성] 가격 [문장] 싸게 잘 샀습니다.,0,가격,unchanged
test,train,[속성] 가격 [문장] 가격도 저렴해요.,712205,쇼핑몰,남성화장품,OO 릴** 옴므 애프터쉐이브 스킨 140ml 1개,알코올 성분이 많아서 좋고 면도 후에 피부 진정 효과가 있습니다. 가격도 저렴해요.,가격,가격도 저렴해요.,1,[속성] 가격 [문장] 가격도 저렴해요.,0,가격,unchanged
test,train,[속성] 향 [문장] 향이 좋아 만족합니다.,715528,쇼핑몰,남성화장품,OO 몽** 레전드 EDT 100ml,남편이 향이 좋아 만족합니다. 가격도 면세점과 비슷하게 저렴하게 샀습니다.,향,향이 좋아 만족합니다.,1,[속성] 향 [문장] 향이 좋아 만족합니다.,0,향,unchanged
test,train,[속성] 향 [문장] 좋은 향이 나서,1029758,SNS,남성화장품,OO 온** 오드뚜왈렛 ,"미용실 직원 분에게 좋은 향이 나서 어떤 향수 쓰시냐 물어보고 구입한 향수입니다. 구입하자마자 시향해봤는데, 역시 향이 좋네요. 진한 향은 아니지만 첫향은 시트러스 계열인데 시간이 지날수록 제 피부향과 어우러져 약간 바닐라향이 나는 게 기분이 좋아지는 향입니다. 중성적인 향이라 여성분도 사용할 수 있을 것 같아요. 향이 은은하게 지속된다는 점이 참 좋네요. 뿌리고 한 두시간 뒤즈음이 정말 딱 편안한 느낌을 주는 향입니다. 오랜기간 베스트 향수는 다 그럴만한 이유가 있네요.",향,좋은 향이 나서,1,[속성] 향 [문장] 좋은 향이 나서,0,향,unchanged
test,train,[속성] 향 [문장] 향이 좋네요.,1029758,SNS,남성화장품,OO 온** 오드뚜왈렛 ,"미용실 직원 분에게 좋은 향이 나서 어떤 향수 쓰시냐 물어보고 구입한 향수입니다. 구입하자마자 시향해봤는데, 역시 향이 좋네요. 진한 향은 아니지만 첫향은 시트러스 계열인데 시간이 지날수록 제 피부향과 어우러져 약간 바닐라향이 나는 게 기분이 좋아지는 향입니다. 중성적인 향이라 여성분도 사용할 수 있을 것 같아요. 향이 은은하게 지속된다는 점이 참 좋네요. 뿌리고 한 두시간 뒤즈음이 정말 딱 편안한 느낌을 주는 향입니다. 오랜기간 베스트 향수는 다 그럴만한 이유가 있네요.",향,향이 좋네요.,1,[속성] 향 [문장] 향이 좋네요.,0,향,unchanged
test,train,[속성] 향 [문장] 은은하고,715977,쇼핑몰,남성화장품,OO 아** EDT 125ml,은은하고 고급스러운 향이에요. 매일 뿌리는 향수라서 자주 구매합니다. 번창하세요.,향,은은하고,1,[속성] 향 [문장] 은은하고,0,향,unchanged
test,train,[속성] 향 [문장] 고급스러운 향이에요.,715977,쇼핑몰,남성화장품,OO 아** EDT 125ml,은은하고 고급스러운 향이에요. 매일 뿌리는 향수라서 자주 구매합니다. 번창하세요.,향,고급스러운 향이에요.,1,[속성] 향 [문장] 고급스러운 향이에요.,0,향,unchanged
test,train,[속성] 가격 [문장] 가성비도 좋네요.,709431,쇼핑몰,남성화장품,OO 스** 쉐이브 젤 195g 1개,"최근 제조한 제품으로 유효기간이 많이 남아서 좋습니다. 1+1행사라서 가성비도 좋네요. 다만 용기 구조상 사용 후 내용물이 소량씩 밀려 나와 낭비되고, 뚜껑 속이 지저분해집니다.",가격,가성비도 좋네요.,1,[속성] 가격 [문장] 가성비도 좋네요.,0,가격,unchanged
test,train,[속성] 발림성 [문장] 잘 발리고,1024819,SNS,남성화장품,OO 옴므 랩** 올인원 플루이드 110ml 증량기획 (+80ml 증정),안녕하세요~ ㅇㅇㅇ 구매했어요. 리뷰할게요~ 남자들은 대체적으로 끈적임을 제일 싫어한다나요~ 남자들이 딱 좋아할 만한 조건을 다 갖춰서 ㅇㅇㅇ에서 아주 잘 나왔더라구요~ 남편한테도 사다 줬더니 제형이 무겁지도 않고 가벼워서 좋다고 하네요. 잘 발리고 흡수도 빠르고 마무리감이 보송해서 이것만 쓸 것 같다고 해요. 남편은 아주 심한 건성피부는 아니라서 촉촉함이 적당한 듯하구요. 많이 건성이신 분은 좀 건조하다고 느낄 수도 있을 것 같아요. 튜브형 80ml도 있어서 휴대용으로 잘 쓰고 있어요. ㅇㅇㅇ 올인원 한번 써보세요~~,발림성,잘 발리고,1,[속성] 발림성 [문장] 잘 발리고,0,발림성,unchanged
test,train,[속성] 흡수력 [문장] 흡수도 빠르고,1024819,SNS,남성화장품,OO 옴므 랩** 올인원 플루이드 110ml 증량기획 (+80ml 증정),안녕하세요~ ㅇㅇㅇ 구매했어요. 리뷰할게요~ 남자들은 대체적으로 끈적임을 제일 싫어한다나요~ 남자들이 딱 좋아할 만한 조건을 다 갖춰서 ㅇㅇㅇ에서 아주 잘 나왔더라구요~ 남편한테도 사다 줬더니 제형이 무겁지도 않고 가벼워서 좋다고 하네요. 잘 발리고 흡수도 빠르고 마무리감이 보송해서 이것만 쓸 것 같다고 해요. 남편은 아주 심한 건성피부는 아니라서 촉촉함이 적당한 듯하구요. 많이 건성이신 분은 좀 건조하다고 느낄 수도 있을 것 같아요. 튜브형 80ml도 있어서 휴대용으로 잘 쓰고 있어요. ㅇㅇㅇ 올인원 한번 써보세요~~,흡수력,흡수도 빠르고,1,[속성] 흡수력 [문장] 흡수도 빠르고,0,흡수력,unchanged
test,train,[속성] 향 [문장] 제가 좋아하는 향이라,1027948,SNS,남성화장품,OO 몽** 레전드 EDT 100ml,제가 좋아하는 향이라 가격은 좀 있지만 남친에게 선물했어요♥♥♥ 남친이 향수 뿌리는 거 못 본 듯한데 제가 좋아하는 향수라서 사용해 보라고 선물했네요. 저는 이 향수를 굉장히 좋아해요. 향이 세련되고 향 지속력도 좋은 제품이거든요. 종이백에 넣어 주는데 선물이 더 고급져 보여서 좋았어요. 남친이 이거 관심 있어서 사볼까 하던 차에 선물 받아서 너무 좋다고 하네요. 처음 느껴지는 진한 향도 좋고 잔향도 좋아서 자주 뿌리고 다니겠다고 그러네요. 선물 주고 기분 좋은 날이었습니다~~,향,제가 좋아하는 향이라,1,[속성] 향 [문장] 제가 좋아하는 향이라,0,향,unchanged
test,train,[속성] 향 [문장] 향이 세련되고,1027948,SNS,남성화장품,OO 몽** 레전드 EDT 100ml,제가 좋아하는 향이라 가격은 좀 있지만 남친에게 선물했어요♥♥♥ 남친이 향수 뿌리는 거 못 본 듯한데 제가 좋아하는 향수라서 사용해 보라고 선물했네요. 저는 이 향수를 굉장히 좋아해요. 향이 세련되고 향 지속력도 좋은 제품이거든요. 종이백에 넣어 주는데 선물이 더 고급져 보여서 좋았어요. 남친이 이거 관심 있어서 사볼까 하던 차에 선물 받아서 너무 좋다고 하네요. 처음 느껴지는 진한 향도 좋고 잔향도 좋아서 자주 뿌리고 다니겠다고 그러네요. 선물 주고 기분 좋은 날이었습니다~~,향,향이 세련되고,1,[속성] 향 [문장] 향이 세련되고,0,향,unchanged
test,train,[속성] 유통기한 [문장] 유통기한이 짧아 아쉽네요.,712142,쇼핑몰,남성화장품,OO 릴** 옴므 애프터쉐이브 스킨 140ml 1개,항상 사용하는 제품이에요. 이번에 저렴해서 미리 구입했는데 유통기한이 짧아 아쉽네요.,유통기한,유통기한이 짧아 아쉽네요.,-1,[속성] 유통기한 [문장] 유통기한이 짧아 아쉽네요.,1,유통기한,unchanged
test,train,[속성] 향 [문장] 향이 정말 좋고,1026477,SNS,남성화장품,OO 헤** 옴므 플루이드 110ml 1개,안녕하세요~ 오늘은 남자 로션 제품을 들고 왔습니다!! 저번에 이어 남자 화장품을 소개해드리고 있는데~ 많은 남성분들이 제 리뷰를 보고 좋다고 하셔서 또 가져왔습니다!! 자세한 리뷰 바로 시작할게요~^^ 이 제품은 제가 벌써 1년 넘게 사용하고 있는 제품입니다!! 전에는 유명한 브랜드 제품을 사용하고 있었는데 가격도 너무 비싸고 생각보다 향이 좋지 않아서 어떤 제품으로 갈아탈까 하다가 마침 이 제품이 출시가 되어서 구매를 하게 되었네요~^^ 이 제품은 용량은 솔직하게 작은 편에 속하지만 다른 것들이 너무 좋아 사용하고 있어요~ 일단 향이 정말 좋고 보습력이 뛰어나서 겨울에 사용하기 좋은 로션이랍니다!! 남자 로션 찾으시면 이 제품 추천 드릴게요!! 자기 전에 이 제품 바르시고 자면 아침에 일어났을 때 얼굴에 광이 나는 놀라운 변화를 느끼실 수 있습니다^^,향,향이 정말 좋고,1,[속성] 향 [문장] 향이 정말 좋고,0,향,unchanged
test,train,[속성] 보습력/수분감 [문장] 보습력이 뛰어나서,1026477,SNS,남성화장품,OO 헤** 옴므 플루이드 110ml 1개,안녕하세요~ 오늘은 남자 로션 제품을 들고 왔습니다!! 저번에 이어 남자 화장품을 소개해드리고 있는데~ 많은 남성분들이 제 리뷰를 보고 좋다고 하셔서 또 가져왔습니다!! 자세한 리뷰 바로 시작할게요~^^ 이 제품은 제가 벌써 1년 넘게 사용하고 있는 제품입니다!! 전에는 유명한 브랜드 제품을 사용하고 있었는데 가격도 너무 비싸고 생각보다 향이 좋지 않아서 어떤 제품으로 갈아탈까 하다가 마침 이 제품이 출시가 되어서 구매를 하게 되었네요~^^ 이 제품은 용량은 솔직하게 작은 편에 속하지만 다른 것들이 너무 좋아 사용하고 있어요~ 일단 향이 정말 좋고 보습력이 뛰어나서 겨울에 사용하기 좋은 로션이랍니다!! 남자 로션 찾으시면 이 제품 추천 드릴게요!! 자기 전에 이 제품 바르시고 자면 아침에 일어났을 때 얼굴에 광이 나는 놀라운 변화를 느끼실 수 있습니다^^,보습력/수분감,보습력이 뛰어나서,1,[속성] 보습력/수분감 [문장] 보습력이 뛰어나서,0,보습력/수분감/쿨링감,merged_duplicate_label
test,train,[속성] 향 [문장] 향이 좋고,1026355,SNS,남성화장품,OO 더** 남성 기초 2종 세트,"아빠 스킨로션이 떨어졌다고 연락 받고 인터넷 폭풍검색해서 주문해 드린 OO OOO 2종 세트 사용후기예요. 제조사가 OOOO이라 신뢰가 가고 좋은 성분들도 들어 있다고 해서 이 제품으로 선택했어요. 써 보시더니 향이 좋고 피부에 잘 흡수된다고 좋다고 하시네요. 좋은 거 사 줘서 고맙다고 칭찬 들었어요^^ 일반적인 용량이긴 한데, 이보다 큰 용량이 있으면 더 좋을 것 같아요. 마음에 들어서 팍팍 쓰시는 건지 양이 금방 줄더라고요. 잘 쓰고 계신다니 저도 기분이 좋아서 떨어질 때쯤 잘 봐 뒀다가 또 주문해 드리려고 해요^^",향,향이 좋고,1,[속성] 향 [문장] 향이 좋고,0,향,unchanged
test,train,[속성] 기능/효과 [문장] 제 피부에 잘 맞는 듯합니다.,1025753,SNS,남성화장품,OO 코** 옴므 스킨 140ml 1개,"대학 때부터 지금까지 스킨, 로션 잘 쓰고 있습니다. 친구가 보더니 아직도 이거 쓰고 있냐고 하는데 아직까지 판매하고 있고 가성비 좋은 제품이라 이것만 사용한 것 같네요. 스킨, 로션 잘 바르고 있는데 두 제품 같이 구입해도 늘 스킨이 먼저 떨어져 3번중에 1번 정도는 스킨만 따로 구입하게 되네요. 다른 제품 보다 가격도 저렴하고 제 피부에 잘 맞는 듯합니다. 굳이 비싼 화장품 쓸 필요 없는 것 같아요. 가성비 최고인 상품인 듯해서 앞으로도 재구매해서 사용할 겁니다.",기능/효과,제 피부에 잘 맞는 듯합니다.,1,[속성] 기능/효과 [문장] 제 피부에 잘 맞는 듯합니다.,0,기능/효과,unchanged
test,train,[속성] 용량/개수 [문장] 용량도 작아요.,711002,쇼핑몰,남성화장품,OO 멘** 애프터쉐이브 레귤러 165ml 2개,OOO OO 관련 평에서 어릴 때 목욕탕과 이발소에서 바르던 옛날 향이 난다고들 해서 구매해봤어요. 이 냄새가 좋고 사용 후 청량감이 느껴지네요. 향이 오래가지는 않고 생각보다 용기 사이즈가 작고 용량도 작아요.,용량/개수,용량도 작아요.,-1,[속성] 용량/개수 [문장] 용량도 작아요.,1,용량,merged_duplicate_label
test,train,[속성] 사용감 [문장] 사용감이 좋아서,713716,쇼핑몰,남성화장품,OO 질** 쉐이빙폼 175g 1개,"신랑이 쓰는건데 가격이 확실히 인터넷이 저렴하고 좋습니다. 대형마트에서 사면 이거 한개 제품 살 돈으로 여기선 두개를 살 수 있어서 최고입니다. 사용감이 좋아서 면도 관련 제품은 ㅇㅇㅇ만 쓰네요. 이중 박스포장에 빠른 배송은 감사드리지만, 같이 주문한 면도날은 오지도 않았는데 배송 완료라고 되어 있어 좀 당황스럽습니다.",사용감,사용감이 좋아서,1,[속성] 사용감 [문장] 사용감이 좋아서,0,사용감,unchanged
test,train,[속성] 향 [문장] 향도 없어서 좋고,1026501,SNS,남성화장품,OO 옴므 블** 클렌저 125g,여름이 되고 날씨가 덥다보니 세수를 자주하게 되었어요!! 원래는 다른 제품으로 세안을 했는데 피부가 너무 건조하고 자극이 있는 것 같아서 이 제품을 사게 되었습니다!!! 일단 이 제품은 사용감이 너무 좋아서 추천을 드리고 싶었어요! 가격도 타 제품에 비해서는 저렴한 편이라 구매하실 때 부담이 없으실 것 같습니다~~ 이상한 제품 사면 향부터 마음에 안 들어서 별로인데 이 제품은 향도 없어서 좋고 용기도 사용하기 편해서 그냥 누르기만 해도 내용물이 잘 나옵니다!! 저는 한 달 정도 사용했는데 피부 각질도 싹 제거 된 것 같아서 기분이 좋네요!! 세안하실 때 이 제품 사용하세요~~!! 남자들이 사용하기 정말 좋은 아이템입니다!! 저는 앞으로도 꾸준하게 계속 사용할 생각입니다~,향,향도 없어서 좋고,1,[속성] 향 [문장] 향도 없어서 좋고,0,향,unchanged
test,train,[속성] 흡수력 [문장] 끈적거리지 않아서 좋고,1026472,SNS,남성화장품,OO 아** 맨 올인원 120ml 1개,한번에 하나만 발라도 되니 정말 사용하기 편한 제품입니다. 이 제품을 쓰고 나서는 다른 제품은 귀찮아서 사용을 못 하겠습니다. 벌써 사용한지 한 달이 넘었습니다. 한 달 동안 쓰고 느낀 점을 말씀 드릴게요! 일단 저는 이 제품을 추천 드리고 싶습니다ㅎㅎㅎ 올인원 제품 종류 별로 많이 사용했는데 이 제품이 제일 가성비가 좋은 거 같아요! 가격도 저렴한 편에 속해서 좋은 것 같습니다. 배송도 빨리 오고 저는 유통기한도 긴 제품이 왔습니다~ 제품은 끈적거리지 않아서 좋고 바르고 시간이 지나도 촉촉함이 오래 유지가 되어 좋습니다!! 단점을 굳이 뽑자면 향은 생각보다 좋지 않았어요!! 이 점은 아시면 좋을 것 같네요! 그래도 전체적으로 마음에 들어서 계속 사용할 예정입니다 추천 드리고 싶은 제품입니다! 다른 올인원 로션 좋은 거 많겠지만 저는 그 중에서 이 제품이 제일 장점이 많은 제품이라고 생각이 들어요,흡수력,끈적거리지 않아서 좋고,1,[속성] 흡수력 [문장] 끈적거리지 않아서 좋고,0,흡수력,unchanged
test,train,[속성] 발림성 [문장] 부드럽게 잘 발리고,1027298,SNS,남성화장품,OO 세** 남성기초 세트 기획,"안녕하세요~ ㅇㅇㅇ 기획 제품을 샀어요~ 리뷰해 볼게요~ 특히 지성이신 남성분들에게 더더 좋을 것 같아요~ 유분기가 많이 없다는 거죠~ 끈적이지도 않고 부드럽게 잘 발리고 기름기가 많이 있으신 분은 기름기도 적당히 잡아주는 것 같아요. 스킨은 흔들어서 사용해 주셔야 하구요, 안 그러면 얼굴에 하얀가루 제형이 묻을 수도 있어요. 스킨 안에 파우더 같은 제형이 피부를 보송보송하게 해주는 역할을 하는 것 같아요. 써보고 괜찮다 싶으시면 쿠폰 이용해 미리 쟁여놓으세요~ 피부에 꼼꼼한 배려를 해 주세요~",발림성,부드럽게 잘 발리고,1,[속성] 발림성 [문장] 부드럽게 잘 발리고,0,발림성,unchanged
test,train,[속성] 가격 [문장] 가격도 적당하고,715990,쇼핑몰,남성화장품,OO 아** EDT 125ml,선물 용으로 구매했네요. 선물 포장도 깔끔하고 배송도 빨라서 너무 좋았습니다. 향은 직접 맡진 않아서 모르지만 가격도 적당하고 용량도 적당해서 좋습니다.,가격,가격도 적당하고,1,[속성] 가격 [문장] 가격도 적당하고,0,가격,unchanged
test,train,[속성] 용량/개수 [문장] 용량도 적당해서,715990,쇼핑몰,남성화장품,OO 아** EDT 125ml,선물 용으로 구매했네요. 선물 포장도 깔끔하고 배송도 빨라서 너무 좋았습니다. 향은 직접 맡진 않아서 모르지만 가격도 적당하고 용량도 적당해서 좋습니다.,용량/개수,용량도 적당해서,1,[속성] 용량/개수 [문장] 용량도 적당해서,0,용량,merged_duplicate_label
test,train,[속성] 기능/효과 [문장] 여름에 사용하기 좋을 것 같습니다.,710511,쇼핑몰,남성화장품,OO 맨 프** 애프터 쉐이브 로션 100ml 1개,향도 은은해서 좋고 기존 제품보다 보습이 더 좋은 것 같습니다. 끈적임도 적어서 여름에 사용하기 좋을 것 같습니다.,기능/효과,여름에 사용하기 좋을 것 같습니다.,1,[속성] 기능/효과 [문장] 여름에 사용하기 좋을 것 같습니다.,0,기능/효과,unchanged
test,train,[속성] 기능/효과 [문장] 세정력이 좋아서,1028085,SNS,남성화장품,OO 스** 클렌저 펌푸타입 500ml,아빠 전용 바디워시가 없는 것 같아서 가격도 저렴하고 유명한 것 같아서 이 제품을 구매하게 되었어요! 아빠 드렸는데 너무 좋다고 하셔서 추천 드리고 싶어 가져왔습니다! 일단 용량이 정말 커서 오래 사용할 수 있다고 좋아하시네요~ 거품도 아주 잘 나오고 피부에 문질렀을 때 자극도 없다고 합니다! 향도 은은하고 상쾌해서 괜찮고 무엇보다 세정력이 좋아서 피부에서 나오는 기름기를 싹 제거 해준다고 해요!! 다음에도 이 제품으로 사 달라고 하시네요 ㅎㅎ 아버지께서 좋아하시니 저도 참 뿌듯합니다~ 역시 OOO는 남자들이 사용하기 좋은 제품인가봐요! 저희 아빠는 너무 좋아하십니다!,기능/효과,세정력이 좋아서,1,[속성] 기능/효과 [문장] 세정력이 좋아서,0,기능/효과,unchanged
test,train,[속성] 흡수력 [문장] 끈적거림도 없고,1026452,SNS,남성화장품,OO 우** 올인원 200ml,안녕하세용~ 오늘은 남자들이 쓰기 좋은 올인원 상품 구매 후기입니다!! 제가 써 보고 너무 좋아서 알려 드리고 싶었어용~ 여러분에게 도움이 될 만한 후기 가져왔으니 기대하세요 OOO 회사가 망하지 않는 이상 평생 쓸 것 같아요^^ 진짜 최고입니다 아토피도 조금 있고 여드름도 많이 나는 피부인데 트러블이나 거부감 없이 진짜 잘 맞습니다. 다른 스킨 로션에 비해 알코올 자극은 따갑지 않고 적당하고 시원함이 느껴질 정도의 쿨링감에 끈적거림도 없고 딱 기분 좋은 정도의 발림성입니다..!!!! 향도 강하지 않아서 좋은 것 같습니다!!! 모든 연령에 잘 어울릴 것 같은 로션이라 추천 드리고 싶었어용^^ 오늘 후기 도움이 되셨나요!! 너무 만족하는 제품이라 추천 하고 싶었어요~ 꼭 사서 쓰시길 바랍니다~,흡수력,끈적거림도 없고,1,[속성] 흡수력 [문장] 끈적거림도 없고,0,흡수력,unchanged
test,train,[속성] 보습력/수분감 [문장] 촉촉함도 좋아요.,710455,쇼핑몰,남성화장품,OO 맨 프** 애프터 쉐이브 로션 100ml 1개,빠른배송 고마워요. 향기도 좋고 촉촉함도 좋아요. 저렴하게 잘 구입했어요.,보습력/수분감,촉촉함도 좋아요.,1,[속성] 보습력/수분감 [문장] 촉촉함도 좋아요.,0,보습력/수분감/쿨링감,merged_duplicate_label
test,train,[속성] 가격 [문장] 저렴하게 잘 구입했어요.,710455,쇼핑몰,남성화장품,OO 맨 프** 애프터 쉐이브 로션 100ml 1개,빠른배송 고마워요. 향기도 좋고 촉촉함도 좋아요. 저렴하게 잘 구입했어요.,가격,저렴하게 잘 구입했어요.,1,[속성] 가격 [문장] 저렴하게 잘 구입했어요.,0,가격,unchanged
test,train,[속성] 보습력/수분감 [문장] 촉촉하게 마무리 됩니다.,1024136,SNS,남성화장품,OO 쉐이빙 부스터 스** 300ml,"저희 남편은 수염도 두껍고 피부도 민감해서 면도하고 나면 트러블이 자주 올라오는데요. 쉐이빙 부스터는 피부케어 진정효과가 있어 트러블에 효과가 있다고 하더라고요. 그래서 남편에게 선물을 해줬습니다. 쉐이빙 부스터는 오일보호막을 형성해서 피부에 보호도 되고 약산성 성분때문에 촉촉하게 마무리 됩니다. 면도할때도 제형이 오일밤 느낌의 제품이라 면도날을 피부에 밀착시켜 한 두번만 쓱싹 하면 면도가 깔끔하게 된다고 하더라고요. 칼날이 매일 이렇게 닿는데도 진정케어가 되니 남편도 면도 후에 정말 피부가 부드럽다라는 말을 자주 하더라고요. 원래는 면도 후 피부가 버짐핀 것 마냥 올라왔었는데, 제가 만져봐도 보들보들한 턱이 되었더라고요. 저희 남편이 너무 만족해서 저희 아빠한테도 하나 선물 드리려고요. 가격이 조금 하지만 그만큼의 가치는 있는 거 같아요.",보습력/수분감,촉촉하게 마무리 됩니다.,1,[속성] 보습력/수분감 [문장] 촉촉하게 마무리 됩니다.,0,보습력/수분감/쿨링감,merged_duplicate_label
test,train,[속성] 가격 [문장] 저렴히 구매했습니다.,710185,쇼핑몰,남성화장품,OO 스** 쉐이브 젤 195g 1개,행사날 1+1으로 저렴히 구매했습니다. ㅇㅇㅇ 젤 제품은 다 좋다고 합니다. 가격 배송 모두 만족해요.,가격,저렴히 구매했습니다.,1,[속성] 가격 [문장] 저렴히 구매했습니다.,0,가격,unchanged
test,train,[속성] 가격 [문장] 저렴하게 구매해서,716304,쇼핑몰,남성화장품,OO 아** EDT 125ml,믿고 사는 ㅇㅇ 역시 ㅇㅇ 에서 사야 합니다. 분사력이 너무 좋습니다. 여기에서 저렴하게 구매해서 다른 사이트에서 구입한 향수 돈이 아깝네요. 분사가 잘돼 뿌리기 편하네요. 앞으로 계속 ㅇㅇ에서 구입 하려고 합니다.,가격,저렴하게 구매해서,1,[속성] 가격 [문장] 저렴하게 구매해서,0,가격,unchanged
test,train,[속성] 향 [문장] 제가 좋아하는 향은 아니네요.,715410,쇼핑몰,남성화장품,OO 몽** 레전드 EDT 100ml,후기가 좋아서 샀는데 제가 좋아하는 향은 아니네요. 여름에 쓸 향수를 찾고 있었는데 여름에는 어울리지 않는 향이네요. 지속력도 짧아요. 재구매는 안 할 거 같습니다.,향,제가 좋아하는 향은 아니네요.,-1,[속성] 향 [문장] 제가 좋아하는 향은 아니네요.,1,향,unchanged
test,train,[속성] 지속력/유지력 [문장] 지속력도 짧아요.,715410,쇼핑몰,남성화장품,OO 몽** 레전드 EDT 100ml,후기가 좋아서 샀는데 제가 좋아하는 향은 아니네요. 여름에 쓸 향수를 찾고 있었는데 여름에는 어울리지 않는 향이네요. 지속력도 짧아요. 재구매는 안 할 거 같습니다.,지속력/유지력,지속력도 짧아요.,-1,[속성] 지속력/유지력 [문장] 지속력도 짧아요.,1,지속력/유지력,unchanged
test,train,[속성] 용기 [문장] 케이스가 깔끔하고,1027947,SNS,남성화장품,OO 라** 옴므 올인원 에센스 150ml 1개,연말 모임에서 한 분이 최근에 써본 제품인데 좋아서 추천한다고 하셨어요. 저희가 써보고 괜찮으면 다음 연말 모임 선물로 하자고 했네요. 모임에서 돌아와서 잊어 버리기 전에 얼른 주문했어요. 시간이 지나면 나중에 기억도 안 나거든요. 화장품 받았는데 케이스가 깔끔하고 발림성도 보습력도 괜찮은 듯했어요. 향에 민감한데 향도 통과~ 가격 대비 용량도 만족이네요. 저는 대체적으로 만족한 제품이라 다음 연말 모임에 세트로 선물하자고 제안 하려고요ㅋㅋ,용기,케이스가 깔끔하고,1,[속성] 용기 [문장] 케이스가 깔끔하고,0,용기,unchanged
test,train,[속성] 지속력/유지력 [문장] 오래가서 좋습니다,1026003,SNS,남성화장품,OO 알** 옴므 스포츠 EDT,안녕하세요~ 좋아하는 남친에게 ㅇㅇㅇ향수 어떨까요~ 겨울이 생일인 남자친구에게 선물로 줬는데 너무 좋아합니다~ 일단 향이 너무 좋구요. 첫향은 강한 듯하나 시간이 흐를수록 잔향이 점점 은은해지고 오래가서 좋습니다. 옆에서 맡는 사람도 기분이 좋아지고 여자가 사용해도 부담없이 좋을 향수입니다. 시원하면서도 화려한 향이기도 하구요. 사계절 내내 사용하기 좋은 향수인 것 같아요~ 특히 겨울에 참 잘 어울리는 향입니다. 남자친구에게 지금 선물해 보세요~,지속력/유지력,오래가서 좋습니다,1,[속성] 지속력/유지력 [문장] 오래가서 좋습니다,0,지속력/유지력,unchanged
test,train,[속성] 보습력/수분감 [문장] 얼굴도 촉촉하고,1027937,SNS,남성화장품,OO 라** 옴므 올인원 에센스 150ml 1개,상품 구매하고 상품평 거의 안 쓰는데 제가 사용해 보고 건성피부에 촉촉한 느낌이 좋아서 알려 드리고 싶어서 상품평 남겨요. 요즘 올인원 제품 많이들 사용하더라고요. 저도 편할 것 같아 알아 보다가 OO에서 나온 OOO 올인원 제품으로 구매해서 사용해 봤어요. 여러 개 바를 필요도 없고 에센스까지 하나로 해결되어 사용하기 넘 편했어요. 얼굴도 촉촉하고 건성인 제 피부에 잘 맞는 제품이었어요. 촉촉하고 지속력도 좋아 건조한 피부로 고민이신 분들 써보시라고 추천해 드려요.,보습력/수분감,얼굴도 촉촉하고,1,[속성] 보습력/수분감 [문장] 얼굴도 촉촉하고,0,보습력/수분감/쿨링감,merged_duplicate_label
test,train,[속성] 지속력/유지력 [문장] 지속력도 좋아,1027937,SNS,남성화장품,OO 라** 옴므 올인원 에센스 150ml 1개,상품 구매하고 상품평 거의 안 쓰는데 제가 사용해 보고 건성피부에 촉촉한 느낌이 좋아서 알려 드리고 싶어서 상품평 남겨요. 요즘 올인원 제품 많이들 사용하더라고요. 저도 편할 것 같아 알아 보다가 OO에서 나온 OOO 올인원 제품으로 구매해서 사용해 봤어요. 여러 개 바를 필요도 없고 에센스까지 하나로 해결되어 사용하기 넘 편했어요. 얼굴도 촉촉하고 건성인 제 피부에 잘 맞는 제품이었어요. 촉촉하고 지속력도 좋아 건조한 피부로 고민이신 분들 써보시라고 추천해 드려요.,지속력/유지력,지속력도 좋아,1,[속성] 지속력/유지력 [문장] 지속력도 좋아,0,지속력/유지력,unchanged
test,train,[속성] 가격 [문장] 가격도 착하니 좋습니다.,716094,쇼핑몰,남성화장품,OO 아** EDT 125ml,시향해보고 처음샀는데 배송도 빠르고 가격도 착하니 좋습니다. 저희 신랑이 남자다운 향이 나는 향수라며 좋아합니다.,가격,가격도 착하니 좋습니다.,1,[속성] 가격 [문장] 가격도 착하니 좋습니다.,0,가격,unchanged
test,train,[속성] 제형 [문장] 크림 제형이 부드럽고,712304,쇼핑몰,남성화장품,OO 질** 스킨 쉐이브 크림 177ml 1개,크림 제형이 부드럽고 향기도 괜찮아요. 면도가 부드럽게 잘 됩니다. 만족합니다.,제형,크림 제형이 부드럽고,1,[속성] 제형 [문장] 크림 제형이 부드럽고,0,제형,unchanged
test,train,[속성] 기능/효과 [문장] 면도가 부드럽게 잘 됩니다.,712304,쇼핑몰,남성화장품,OO 질** 스킨 쉐이브 크림 177ml 1개,크림 제형이 부드럽고 향기도 괜찮아요. 면도가 부드럽게 잘 됩니다. 만족합니다.,기능/효과,면도가 부드럽게 잘 됩니다.,1,[속성] 기능/효과 [문장] 면도가 부드럽게 잘 됩니다.,0,기능/효과,unchanged
test,validation,[속성] 흡수력 [문장] 끈적이지 않아서 좋다고 하네요.,1026463,SNS,남성화장품,OO 옴므 올인원 100ml,남편이 너무 피부 관리를 안 하는 것 같아서 걱정이 되어 인터넷을 검색하다가 이 제품을 구매하게 되었습니다. 사용은 한 달 정도 했습니다. 솔직한 리뷰 말씀 드릴게요! 남편이 피부 관리에 관심이 없어서 나이가 들면 들수록 주름이 많아지는 것이 걱정 되기도 하고 꼴 보기 싫어서 이 제품을 구매해 주었습니다. 처음에 줘도 바르지 않길래 억지로 얼굴에 발라줬습니다. 발라보니 자기도 좋은 것을 아는지 갑자기 어느 날부터 스스로 바르기 시작했습니다. 남편한테 좋냐고 물어보니까 은근 좋다고 하네요ㅎㅎ 뭐가 좋냐고 물어보니까 향이 자기 취향에 맞는 다고 합니다. 그리고 끈적이지 않아서 좋다고 하네요. 한 가지 단점이 있다면 생각보다 보습은 좋지 않다고 합니다. 이렇게 오늘은 OOO 옴므 올인원 제품 솔직하게 리뷰 했습니다. 읽어 주셔서 감사합니다~,흡수력,끈적이지 않아서 좋다고 하네요.,1,[속성] 흡수력 [문장] 끈적이지 않아서 좋다고 하네요.,0,흡수력,unchanged
test,train,[속성] 지속력/유지력 [문장] 지속력이 좋지 않습니다.,715773,쇼핑몰,남성화장품,OO 아** EDT 125ml,지속력이 좋지 않습니다. 가격도 비싼 편이고 향이 강해서 좋지 않습니다.,지속력/유지력,지속력이 좋지 않습니다.,-1,[속성] 지속력/유지력 [문장] 지속력이 좋지 않습니다.,1,지속력/유지력,unchanged
test,train,[속성] 가격 [문장] 가격도 비싼 편이고,715773,쇼핑몰,남성화장품,OO 아** EDT 125ml,지속력이 좋지 않습니다. 가격도 비싼 편이고 향이 강해서 좋지 않습니다.,가격,가격도 비싼 편이고,-1,[속성] 가격 [문장] 가격도 비싼 편이고,1,가격,unchanged
test,train,[속성] 향 [문장] 향이 강해서 좋지 않습니다.,715773,쇼핑몰,남성화장품,OO 아** EDT 125ml,지속력이 좋지 않습니다. 가격도 비싼 편이고 향이 강해서 좋지 않습니다.,향,향이 강해서 좋지 않습니다.,-1,[속성] 향 [문장] 향이 강해서 좋지 않습니다.,1,향,unchanged
test,train,[속성] 자극성 [문장] 순하네요.,710268,쇼핑몰,남성화장품,OO 스** 쉐이브 젤 195g 1개,"이거 사용한 뒤로 여드름이 더 안 나고 가라앉았습니다. 순하네요. 그런데 좀 이상한 게, 예전에도 제가 이 회사 제품을 계속 썼거든요. 문제 없이 쓰던 제품인데 이 제품 출시되기 직전에만 그 제품 때문에 여드름이 많이 났습니다. 그런 직후에 이 제품이 출시 됐어요. 신제품 판매하려고 예전 제품으로 여드름 유발하고 신제품으로 가라앉히는 전략을 쓰는 건 아닌지 의심이 됩니다.",자극성,순하네요.,1,[속성] 자극성 [문장] 순하네요.,0,자극성,unchanged
test,validation,[속성] 기능/효과 [문장] 거품도 잘 나오고,1028277,SNS,남성화장품,OO 스** 클렌저 펌푸타입 500ml,OOO는 저희 가족이 정말 좋아하는 브랜드입니다. 솔직히 OOO 제품 말고 다른 제품은 사용 해 본 적이 없는 것 같네요! 특히 저는 이 바디워시가 좋은 것 같습니다! OOO 제품은 거의 다 사용했는데 최근에 이 제품도 나와서 구매를 했습니다! 가격도 저렴하고 용량도 많아서 좋은 것 같아요! 거품도 잘 나오고 거품 제형도 부드럽습니다! 향도 강하지 않아서 씻을 때 좋아요! 아 물론 피부에 자극도 없어서 좋은 것 같습니다~ 이거로 샤워하고 나면 피부가 당기지 않아서 ㅎㅎ 아주 만족합니다! OOO 제품은 진짜 하나 같이 다 좋은 것 같아요! OOO는 사랑입니다~,기능/효과,거품도 잘 나오고,1,[속성] 기능/효과 [문장] 거품도 잘 나오고,0,기능/효과,unchanged
test,train,[속성] 가격 [문장] 가격도 저렴하게 잘 샀어요.,1027300,SNS,남성화장품,OO 벤** 맨 EDT 100ml,안녕하세요~ 남자향수로 ㅇㅇㅇ ㅇㅇ 어떨까요~ ㅇㅇ라 너무 설레었어요~ 그 유명한 ㅇㅇ를 차는 아니지만 향수로 접할 수 있어서요~ 마침 100미리 할인행사도 하고 있어서 가격도 저렴하게 잘 샀어요. 가격은 아주 ㅇㅇ 가격은 아니네요 ㅎ 디자인이 정말 나 ㅇㅇ! 뿜뿜! 이번 아빠 생신 선물로 드렸어요. 디자인도 멋지고 특히 아주 진하지도 않은 향이 은근 고급지다고 정말 좋아하셨어요. 요즘은 집에 있는 여러 향수 중에 이것만 사용하고 있네요 ㅎㅎ ㅇㅇ로 설레임을 느껴보세요~,가격,가격도 저렴하게 잘 샀어요.,1,[속성] 가격 [문장] 가격도 저렴하게 잘 샀어요.,0,가격,unchanged
test,train,[속성] 보습력/수분감 [문장] 촉촉해서 좋습니다.,1026024,SNS,남성화장품,OO 스** 쉐이브 크림 ,안녕하세요~ 이번에 ㅇㅇㅇ 크림으로 바꿔봤어요~ 1+1 행사하길래 한번 주문해 봤는데 쓰기 무난한 거 같아요. 제형이 거품형이 아니라 사용하기는 조금 불편하지만 짜서 쓰는 용기라 흔들어 쓰는 수고로움은 덜 해서 좋은 것도 같아요. 향도 진하지 않아서 괜찮아요. 거품도 그런대로 괜찮게 나고 촉촉해서 좋습니다. 아들도 쓰고 있는데 좋다고 합니다. 가격이 좋아서 더 만족스럽습니다. 피부가 민감하신 편이라면 써보셔도 될 것 같습니다.,보습력/수분감,촉촉해서 좋습니다.,1,[속성] 보습력/수분감 [문장] 촉촉해서 좋습니다.,0,보습력/수분감/쿨링감,merged_duplicate_label
test,train,[속성] 기능/효과 [문장] 면도가 잘 됩니다.,1023851,SNS,남성화장품,OO 스** 쉐이빙폼 245g ,"건조한 겨울에 세수하고 면도도 열심히 하고 나오면 얼굴이 너무 따가울 때가 있는데요. 저같이 겨울만 되면 얼굴이 더 건조해지는 분들을위해 건성 쉐이빙을 찾아 사용해봤습니다. 쉐이빙폼은 수염을 촉촉하게 만들어 부드러운 면도를 도와준다고 하는데요. 확실히 비누나 다른 걸로 면도를 했을 때보다 면도할 때 부드럽게 면도되어 피부에 자극이 덜한 거 같아요. 확실히 추운바람에 맞았을때도 덜 따갑습니다. 거품형태로 분사되어 있어 간편하게 피부에 바를 수도 있고, 폼이 쫀쫀해서 면도가 잘 됩니다. 다른 제품보다 좋은 향이 나고, 전기 면도기 쓸 때 부드럽게 작동하여 윤활작용을 잘 하는 것 같아요. 다만 건성 피부 외에 더 민감한 피부를 가지고 있다면 이 제품은 건성 피부에 추천하는 폼이라 다른 쉐이빙폼을 찾아보시는 걸 추천드립니다. 겨울에 더 하기 힘든 면도, 자기에게 맞는 쉐이빙폼 찾아 봅시다!",기능/효과,면도가 잘 됩니다.,1,[속성] 기능/효과 [문장] 면도가 잘 됩니다.,0,기능/효과,unchanged
test,train,[속성] 성분 [문장] 성분도 좋고,1027238,SNS,남성화장품,OO 스** 클렌저 펌프타입 500ml,제가 쓰고 있는 클렌저는 짜서 짜는 제품인데 이거는 펌프타입니다. 처음 펌프 타입쓰는데 이거 괜찮네요.ㅎㅎ 펌프타입이 확실히 쓰기 편하네요. 펌핑력도 좋아서 쭉쭉 잘 나와 잘 쓰고 있어요. 그리고 얼굴도 같이 할 수 있어서 씻을 때 한꺼번에 할수 있어서 정말 편하고 좋습니다. 세정력도 뛰어나서 이거 하고 나면 정말 개운합니다. 샤워 맨날 하고 싶네요 ㅋㅋㅋㅋㅋㅋ 역시 OOO입니다. 가격도 착하고 성분도 좋고 저는 하나 더 구매하려고 합니다.,성분,성분도 좋고,1,[속성] 성분 [문장] 성분도 좋고,0,성분,unchanged
test,train,[속성] 흡수력 [문장] 번들거리고,714612,쇼핑몰,남성화장품,OO 꽃** 포 맨 스킨 250ml 1개,제가 선호하는 향기가 아니라 아쉽네요. 지성피부에 바르니 번들거리고 끈적이네요. 여름에 사용하면 안 좋을 것 같습니다.,흡수력,번들거리고,-1,[속성] 흡수력 [문장] 번들거리고,1,흡수력,unchanged
test,train,[속성] 흡수력 [문장] 끈적이네요.,714612,쇼핑몰,남성화장품,OO 꽃** 포 맨 스킨 250ml 1개,제가 선호하는 향기가 아니라 아쉽네요. 지성피부에 바르니 번들거리고 끈적이네요. 여름에 사용하면 안 좋을 것 같습니다.,흡수력,끈적이네요.,-1,[속성] 흡수력 [문장] 끈적이네요.,1,흡수력,unchanged
test,train,[속성] 향 [문장] 향이 약해서,715291,쇼핑몰,남성화장품,OO 몽** 레전드 EDT 100ml,좀 강한 향을 좋아하는데 향이 너무 은은해서 아쉽네요. 저처럼 강한 향기를 원하시는 분은 피하셔야 할 것 같습니다. 향이 약해서 지속력도 오래가지 않네요.,향,향이 약해서,-1,[속성] 향 [문장] 향이 약해서,1,향,unchanged
test,train,[속성] 지속력/유지력 [문장] 지속력도 오래가지 않네요.,715291,쇼핑몰,남성화장품,OO 몽** 레전드 EDT 100ml,좀 강한 향을 좋아하는데 향이 너무 은은해서 아쉽네요. 저처럼 강한 향기를 원하시는 분은 피하셔야 할 것 같습니다. 향이 약해서 지속력도 오래가지 않네요.,지속력/유지력,지속력도 오래가지 않네요.,-1,[속성] 지속력/유지력 [문장] 지속력도 오래가지 않네요.,1,지속력/유지력,unchanged
test,train,[속성] 기능/효과 [문장] 거품이 풍부하고,712865,쇼핑몰,남성화장품,OO 맨 쿨** 쉐이빙젤 200ml 1개,"거품이 풍부하고 부드러워요. 다른 건 안 써 봐서 잘 모르겠지만, 아무튼 이 제품은 좋습니다.",기능/효과,거품이 풍부하고,1,[속성] 기능/효과 [문장] 거품이 풍부하고,0,기능/효과,unchanged
test,train,[속성] 기능/효과 [문장] 부드럽게 면도가 잘 되어서,711730,쇼핑몰,남성화장품,OO 스** 쉐이브 폼 245g 1개,OOO 면도날과 사용하거나 전기면도기에 같이 사용하고 있어요. 부드럽게 면도가 잘 되어서 피부가 상하지 않아요. 부드럽게 면도가 잘 되는 제품으로 OOO를 추천합니다. 면도의 필수품입니다.,기능/효과,부드럽게 면도가 잘 되어서,1,[속성] 기능/효과 [문장] 부드럽게 면도가 잘 되어서,0,기능/효과,unchanged
test,train,[속성] 흡수력 [문장] 바로 흡수되고,1027303,SNS,남성화장품,OO 파** 옴므 올인원 플루이드,"안녕하세요~ 오늘은 ㅇㅇㅇ 파워 옴므 올인원 플루이드 후기 남겨 볼까 합니다. 이 제품은 제형은 다소 묽은 듯하지만 바르면 바로 흡수되고 사용감이 깔끔한 것 같아요. 이번엔 특히 쿠폰도 쓰고 대용량으로 두개씩 행사해서 마침 쟁여둘 수 있었습니다. 항상 이 제품만 사용해 왔거든요~ 한번에 스킨, 로션, 에센스 역할까지 정말 굉장하죠? 사은품으로 모공팩도 왔던데 너무 감사합니다. 앞으로도 오래오래 잘 쓸 것 같습니다. ㅇㅇㅇ으로 간편하게 데일리로 참 좋아요!",흡수력,바로 흡수되고,1,[속성] 흡수력 [문장] 바로 흡수되고,0,흡수력,unchanged
test,train,[속성] 용량/개수 [문장] 대용량으로,1027303,SNS,남성화장품,OO 파** 옴므 올인원 플루이드,"안녕하세요~ 오늘은 ㅇㅇㅇ 파워 옴므 올인원 플루이드 후기 남겨 볼까 합니다. 이 제품은 제형은 다소 묽은 듯하지만 바르면 바로 흡수되고 사용감이 깔끔한 것 같아요. 이번엔 특히 쿠폰도 쓰고 대용량으로 두개씩 행사해서 마침 쟁여둘 수 있었습니다. 항상 이 제품만 사용해 왔거든요~ 한번에 스킨, 로션, 에센스 역할까지 정말 굉장하죠? 사은품으로 모공팩도 왔던데 너무 감사합니다. 앞으로도 오래오래 잘 쓸 것 같습니다. ㅇㅇㅇ으로 간편하게 데일리로 참 좋아요!",용량/개수,대용량으로,1,[속성] 용량/개수 [문장] 대용량으로,0,용량,merged_duplicate_label
test,train,[속성] 향 [문장] 향이 상쾌하네요.,715640,쇼핑몰,남성화장품,OO 몽** 레전드 EDT 100ml,몇년째 이 뚜왈렛 향수를 잘 쓰고 있어요. 사계절 모두 사용하기 좋아요. 향이 상쾌하네요. 이런 무더위에도 빛을 발하는 여러 후속 모델들이 등장하고 있지만 처음의 그 강렬한 향은 이 제품이 최고인 것 같네요.,향,향이 상쾌하네요.,1,[속성] 향 [문장] 향이 상쾌하네요.,0,향,unchanged
test,train,[속성] 자극성 [문장] 트러블도 안 나고,712236,쇼핑몰,남성화장품,OO 질** 스킨 쉐이브 크림 177ml 1개,한 달 정도 사용해보고 있는데 역시 훨씬 좋습니다. 트러블도 안 나고 앞으로 계속 구매할 예정이에요. 행사할 때 저렴하게 구매해서 좋습니다.,자극성,트러블도 안 나고,1,[속성] 자극성 [문장] 트러블도 안 나고,0,자극성,unchanged
test,train,[속성] 향 [문장] 향이 은은해서 좋고,712305,쇼핑몰,남성화장품,OO 질** 스킨 쉐이브 크림 177ml 1개,향이 은은해서 좋고 제형이 부드러워서 잘 쓰고 있습니다. 쟁여 두려고 여러 개 사서 든든하네요. 면도용품은 역시 OO가 좋습니다.,향,향이 은은해서 좋고,1,[속성] 향 [문장] 향이 은은해서 좋고,0,향,unchanged
test,train,[속성] 보습력/수분감 [문장] 촉촉하지도 않고,666744,쇼핑몰,메이크업/뷰티소품,OO 한** 립밤 4g 1개,연예인이 드라마에서 사용하는 모습을 보고 색깔이 예뻐 보여서 구매했습니다. 하지만 사용해보니 바르고 촉촉하지도 않고 색도 너무 연해서 마음에 안 듭니다.,보습력/수분감,촉촉하지도 않고,-1,[속성] 보습력/수분감 [문장] 촉촉하지도 않고,1,보습력/수분감/쿨링감,merged_duplicate_label
test,train,[속성] 보습력/수분감 [문장] 입술이 건조해지네요.,663633,쇼핑몰,메이크업/뷰티소품,OO 맨** 케어 4.8g 1개,남성분들 사용하기에 안 좋네요. 남편 쓰라고 주문했는데 후회합니다. 보습도 잘 안 됩니다. 재주문은 없을 것 같습니다. 입술이 건조해지네요.,보습력/수분감,입술이 건조해지네요.,-1,[속성] 보습력/수분감 [문장] 입술이 건조해지네요.,1,보습력/수분감/쿨링감,merged_duplicate_label
test,train,[속성] 가격 [문장] 비싸고,670288,쇼핑몰,메이크업/뷰티소품,OO 에** 드로잉 아이브라우 0.25g 1개,쓰던 제품보다 비싸고 잘 안그려져요. 색도 저한텐 잘 안맞는거 같아 다시 재구매 할 일 없을 것 같아요.,가격,비싸고,-1,[속성] 가격 [문장] 비싸고,1,가격,unchanged
test,train,[속성] 지속력/유지력 [문장] 지속력도 좋고,672325,쇼핑몰,메이크업/뷰티소품,OO 무** 멀티 아이 컬러 팔레트 8.1g 1개,너무 마음에 듭니다. 추천해요. 써보고 너무 마음에 들어서 선물도 했습니다. 받으신 분이 너무 마음에 들어 하시네요. 지속력도 좋고 유지력도 좋아요.,지속력/유지력,지속력도 좋고,1,[속성] 지속력/유지력 [문장] 지속력도 좋고,0,지속력/유지력,unchanged
test,train,[속성] 지속력/유지력 [문장] 유지력도 좋아요.,672325,쇼핑몰,메이크업/뷰티소품,OO 무** 멀티 아이 컬러 팔레트 8.1g 1개,너무 마음에 듭니다. 추천해요. 써보고 너무 마음에 들어서 선물도 했습니다. 받으신 분이 너무 마음에 들어 하시네요. 지속력도 좋고 유지력도 좋아요.,지속력/유지력,유지력도 좋아요.,1,[속성] 지속력/유지력 [문장] 유지력도 좋아요.,0,지속력/유지력,unchanged
test,train,[속성] 기능/효과 [문장] 데일리로 쓰기에 딱 좋습니다.,666009,쇼핑몰,메이크업/뷰티소품,OO 한** 립밤 4g 1개,할인가로 저렴하게 구매했습니다. 적립금을 사용해서 구매할 수 있어서 좋습니다. 발색력은 은은하네요. 데일리로 쓰기에 딱 좋습니다.,기능/효과,데일리로 쓰기에 딱 좋습니다.,1,[속성] 기능/효과 [문장] 데일리로 쓰기에 딱 좋습니다.,0,기능/효과,unchanged
test,train,[속성] 기능/효과 [문장] 겨울에 사용하기 좋아요.,668152,쇼핑몰,메이크업/뷰티소품,OO 후** 립케어 4.8g 1개,"립밤중에서 가격도 착하고 제형이 단단해서 잘 부러지지도 않아요. 겨울에 사용하기 좋아요. 가볍게 발라지고 흡수력도 좋고 보습력도 좋네요. 향도 자극적이지 않고, 약간의 붉은색이 발색되어 건강한 입술처럼 보여요.",기능/효과,겨울에 사용하기 좋아요.,1,[속성] 기능/효과 [문장] 겨울에 사용하기 좋아요.,0,기능/효과,unchanged
test,train,[속성] 발림성 [문장] 가볍게 발라지고,668152,쇼핑몰,메이크업/뷰티소품,OO 후** 립케어 4.8g 1개,"립밤중에서 가격도 착하고 제형이 단단해서 잘 부러지지도 않아요. 겨울에 사용하기 좋아요. 가볍게 발라지고 흡수력도 좋고 보습력도 좋네요. 향도 자극적이지 않고, 약간의 붉은색이 발색되어 건강한 입술처럼 보여요.",발림성,가볍게 발라지고,1,[속성] 발림성 [문장] 가볍게 발라지고,0,발림성,unchanged
test,train,[속성] 흡수력 [문장] 흡수력도 좋고,668152,쇼핑몰,메이크업/뷰티소품,OO 후** 립케어 4.8g 1개,"립밤중에서 가격도 착하고 제형이 단단해서 잘 부러지지도 않아요. 겨울에 사용하기 좋아요. 가볍게 발라지고 흡수력도 좋고 보습력도 좋네요. 향도 자극적이지 않고, 약간의 붉은색이 발색되어 건강한 입술처럼 보여요.",흡수력,흡수력도 좋고,1,[속성] 흡수력 [문장] 흡수력도 좋고,0,흡수력,unchanged
test,train,[속성] 보습력/수분감 [문장] 보습력도 좋네요.,668152,쇼핑몰,메이크업/뷰티소품,OO 후** 립케어 4.8g 1개,"립밤중에서 가격도 착하고 제형이 단단해서 잘 부러지지도 않아요. 겨울에 사용하기 좋아요. 가볍게 발라지고 흡수력도 좋고 보습력도 좋네요. 향도 자극적이지 않고, 약간의 붉은색이 발색되어 건강한 입술처럼 보여요.",보습력/수분감,보습력도 좋네요.,1,[속성] 보습력/수분감 [문장] 보습력도 좋네요.,0,보습력/수분감/쿨링감,merged_duplicate_label
test,train,[속성] 흡수력 [문장] 끈적이지 않아서,663362,쇼핑몰,메이크업/뷰티소품,OO 맨** 케어 4.8g 1개,겨울이라 입술이 건조하고 갈라지더라고요. 그래서 마땅한 제품을 알아보니 남성 전용 립밤이 OOO에 있길래 구매했습니다. 촉촉하고 끈적이지 않아서 남자가 쓰기 좋은 거 같습니다. 향기도 강하지 않아서 좋습니다.,흡수력,끈적이지 않아서,1,[속성] 흡수력 [문장] 끈적이지 않아서,0,흡수력,unchanged
test,train,[속성] 발색력 [문장] 발색력도 좋고,672417,쇼핑몰,메이크업/뷰티소품,OO 무** 멀티 아이 컬러 팔레트 8.1g 1개,"OO 제품은 발색력도 좋고 팔레트 하나로 여러가지 메이크업을 할 수 있어서 좋습니다. 펄도 이쁘고, 매트 섀도우들이 참 마음에 듭니다. 매트 섀도우들이 조금 가루 날림이 있지만 감안하고 쓸 수 있을 거 같습니다.",발색력,발색력도 좋고,1,[속성] 발색력 [문장] 발색력도 좋고,0,발색력,unchanged
test,train,[속성] 보습력/수분감 [문장] 촉촉하고 좋습니다.,664728,쇼핑몰,메이크업/뷰티소품,OO 벨** 립틴트 4g 1개,"2년째 같은 거 쓰고 있습니다. 입술이 탱탱해 보이고 촉촉하고 좋습니다. 단점은 빨리 지워져서 자주 덧발라야 되는 점입니다. 그래도 바를 때 제형의 질감, 발색력, 색감이 정말 좋아요. 만족합니다.",보습력/수분감,촉촉하고 좋습니다.,1,[속성] 보습력/수분감 [문장] 촉촉하고 좋습니다.,0,보습력/수분감/쿨링감,merged_duplicate_label
test,train,[속성] 가격 [문장] 비싸게 샀네요.,662308,쇼핑몰,메이크업/뷰티소품,OO 제** 립밤 4g 1개,생각보다 배송빨랐습니다. 비싸게 샀네요. 지금까지 써본 립제품 중에 제일 건조하고 별로예요. 다른거 필요없고 건조합니다.,가격,비싸게 샀네요.,-1,[속성] 가격 [문장] 비싸게 샀네요.,1,가격,unchanged
test,train,[속성] 보습력/수분감 [문장] 건조합니다.,662308,쇼핑몰,메이크업/뷰티소품,OO 제** 립밤 4g 1개,생각보다 배송빨랐습니다. 비싸게 샀네요. 지금까지 써본 립제품 중에 제일 건조하고 별로예요. 다른거 필요없고 건조합니다.,보습력/수분감,건조합니다.,-1,[속성] 보습력/수분감 [문장] 건조합니다.,1,보습력/수분감/쿨링감,merged_duplicate_label
test,train,[속성] 가격 [문장] 저렴하게 구입했고,666930,쇼핑몰,메이크업/뷰티소품,OO 울** 립글로우 3.4g 1개,저렴하게 구입했고 발림성 향 모두 원래 쓰던 것이랑 같아서 좋습니다. 하지만 용기 뚜껑이 좀 바뀐것인지 별로에요. 스티커가 삐뚤하게 붙어 있고 원래 뚜껑자체에 번호 같은게 찍혀져 있었는데 없어요. 이미 샀으니까 믿고 쓸려고 합니다.,가격,저렴하게 구입했고,1,[속성] 가격 [문장] 저렴하게 구입했고,0,가격,unchanged
test,train,[속성] 발색력 [문장] 발색이 좋고,662890,쇼핑몰,메이크업/뷰티소품,OO 속** 틴트 1.6g 1개,이 브랜드를 알고 나서 이것만 사용하게 됩니다. 타사 틴트와는 다르게 묻어남이 적습니다. 큰 사이즈도 판매 중이나 작은 사이즈가 소지하기 편해서 여러색을 구입해서 사용하고 있습니다. 할인 기간이라 저렴하게 샀습니다. 발색이 좋고 지속시간도 오래가서 좋습니다. 립밤과 같이 바르면 건조하지 않습니다.,발색력,발색이 좋고,1,[속성] 발색력 [문장] 발색이 좋고,0,발색력,unchanged
test,train,[속성] 보습력/수분감 [문장] 보습은 좋습니다.,666159,쇼핑몰,메이크업/뷰티소품,OO 한** 립밤 4g 1개,보습은 좋습니다. 여성스러운 느낌이 드는 연한 파스텔 색감이 예쁘네요. 향이 별로 없어 좋아요. 자기 전 입술에 바르고 자면 아침까지 촉촉해서 좋습니다.,보습력/수분감,보습은 좋습니다.,1,[속성] 보습력/수분감 [문장] 보습은 좋습니다.,0,보습력/수분감/쿨링감,merged_duplicate_label
test,train,[속성] 발색력 [문장] 발색력이 좋고,664799,쇼핑몰,메이크업/뷰티소품,OO 벨** 립틴트 4g 1개,웜톤에 잘 어울릴 것 같은 발색이 마음에 듭니다. 발색력이 좋고 보송하게 마무리되네요. 마스크에 묻어남도 거의 없습니다. 적당히 매트해서 매트한 립 좋아하시는 분들에게 추천합니다.,발색력,발색력이 좋고,1,[속성] 발색력 [문장] 발색력이 좋고,0,발색력,unchanged
test,train,[속성] 발림성 [문장] 발림성도 좋아서,668188,쇼핑몰,메이크업/뷰티소품,OO 후** 립케어 4.8g 1개,가방에 넣고 입이 건조할때쯤 바르면 향도 좋고 수분 가득해서 발림성도 좋아서 자주 바르곤 합니다. 지속력도 오래가고 향도 거부감 있지 않아서 아주 만족스럽게 사용합니다.,발림성,발림성도 좋아서,1,[속성] 발림성 [문장] 발림성도 좋아서,0,발림성,unchanged
test,train,[속성] 지속력/유지력 [문장] 지속력도 오래가고,668188,쇼핑몰,메이크업/뷰티소품,OO 후** 립케어 4.8g 1개,가방에 넣고 입이 건조할때쯤 바르면 향도 좋고 수분 가득해서 발림성도 좋아서 자주 바르곤 합니다. 지속력도 오래가고 향도 거부감 있지 않아서 아주 만족스럽게 사용합니다.,지속력/유지력,지속력도 오래가고,1,[속성] 지속력/유지력 [문장] 지속력도 오래가고,0,지속력/유지력,unchanged
test,train,[속성] 용기 [문장] 케이스도 이뻐서,661890,쇼핑몰,메이크업/뷰티소품,OO 루** 슬림 쉬어 마뜨 2g 1개,"색상이 이쁩니다. 재구매 꼭 할 거예요. 제일 좋아하는 라인입니다. 케이스도 이뻐서 선물용으로도 좋아요. 선물 받은 지인도 너무 만족하고 있습니다. 발색력이 좋고 여러 색상 섞어 쓰기도 좋아요. 전혀 매트하지 않고 촉촉합니다. 역시 OO이에요. 색상, 지속력, 발색력 모두 갖춘 상품이라서 추천 드려요. 다른 컬러도 어떨지 써 보고 싶어요. 무던한 색상이라 쿨톤 웜톤 큰 차이 없이 어울리는 것 같습니다. 기본 아이템으로도 너무 만족스러운 제품이라 강력히 추천합니다.",용기,케이스도 이뻐서,1,[속성] 용기 [문장] 케이스도 이뻐서,0,용기,unchanged
test,train,[속성] 보습력/수분감 [문장] 촉촉합니다.,661890,쇼핑몰,메이크업/뷰티소품,OO 루** 슬림 쉬어 마뜨 2g 1개,"색상이 이쁩니다. 재구매 꼭 할 거예요. 제일 좋아하는 라인입니다. 케이스도 이뻐서 선물용으로도 좋아요. 선물 받은 지인도 너무 만족하고 있습니다. 발색력이 좋고 여러 색상 섞어 쓰기도 좋아요. 전혀 매트하지 않고 촉촉합니다. 역시 OO이에요. 색상, 지속력, 발색력 모두 갖춘 상품이라서 추천 드려요. 다른 컬러도 어떨지 써 보고 싶어요. 무던한 색상이라 쿨톤 웜톤 큰 차이 없이 어울리는 것 같습니다. 기본 아이템으로도 너무 만족스러운 제품이라 강력히 추천합니다.",보습력/수분감,촉촉합니다.,1,[속성] 보습력/수분감 [문장] 촉촉합니다.,0,보습력/수분감/쿨링감,merged_duplicate_label
test,train,"[속성] 가격 [문장] 가성비 좋고,",670296,쇼핑몰,메이크업/뷰티소품,OO 에** 드로잉 아이브라우 0.25g 1개,"가성비 좋고, 이것저것 많이 써봤는데 이 제품만큼 잘 그려지는 것 별로 없는 듯합니다. OOO 화장품이 저렴하면서도 발색이나 지속성이 좋아서 너무 만족합니다.",가격,"가성비 좋고,",1,"[속성] 가격 [문장] 가성비 좋고,",0,가격,unchanged
test,train,[속성] 가격 [문장] 저렴하면서도,670296,쇼핑몰,메이크업/뷰티소품,OO 에** 드로잉 아이브라우 0.25g 1개,"가성비 좋고, 이것저것 많이 써봤는데 이 제품만큼 잘 그려지는 것 별로 없는 듯합니다. OOO 화장품이 저렴하면서도 발색이나 지속성이 좋아서 너무 만족합니다.",가격,저렴하면서도,1,[속성] 가격 [문장] 저렴하면서도,0,가격,unchanged
test,train,[속성] 발림성 [문장] 발림성 너무 부드럽고,663092,쇼핑몰,메이크업/뷰티소품,OO 일** 무향 립밤 3.2g 1개,기다리던 제품이라 바로 구매했습니다. OO 제품은 워낙 무향에 무자극이라 좋아서 다른 제품들도 사용 중에 립밤도 구매했습니다. 발림성 너무 부드럽고 무향이라 데일리로 자주 쓰기 좋습니다.,발림성,발림성 너무 부드럽고,1,[속성] 발림성 [문장] 발림성 너무 부드럽고,0,발림성,unchanged
test,train,[속성] 가격 [문장] 가격 대비 너무 좋습니다.,665177,쇼핑몰,메이크업/뷰티소품,OO 벨** 립틴트 4g 1개,가격 대비 너무 좋습니다. 다른 색조 브랜드랑 비교해도 밀리지 않습니다. 슬림 벨벳 라인도 사고 싶어서 대기 중입니다. 섞어 바르기도 좋고 지속력은 조금 부족하기는 하지만 너무 좋습니다.,가격,가격 대비 너무 좋습니다.,1,[속성] 가격 [문장] 가격 대비 너무 좋습니다.,0,가격,unchanged
test,train,[속성] 밀착력/접착력 [문장] 마스크에 묻어나네요.,668460,쇼핑몰,메이크업/뷰티소품,OO 후** 립케어 4.8g 1개,"요즘처럼 마스크를 하고 다녀야해서 립스틱이나 입술 화장이 어려워 이 제품 선택했는데, 생각보다 색깔도 있어서 마스크에 묻어나네요. 그리고 주머니에 넣고 다니면 제형이 쉽게 물러져서 사용하기 불편해요.",밀착력/접착력,마스크에 묻어나네요.,-1,[속성] 밀착력/접착력 [문장] 마스크에 묻어나네요.,1,밀착력/접착력,unchanged
test,train,[속성] 편의성/활용성 [문장] 사용하기 불편해요.,668460,쇼핑몰,메이크업/뷰티소품,OO 후** 립케어 4.8g 1개,"요즘처럼 마스크를 하고 다녀야해서 립스틱이나 입술 화장이 어려워 이 제품 선택했는데, 생각보다 색깔도 있어서 마스크에 묻어나네요. 그리고 주머니에 넣고 다니면 제형이 쉽게 물러져서 사용하기 불편해요.",편의성/활용성,사용하기 불편해요.,-1,[속성] 편의성/활용성 [문장] 사용하기 불편해요.,1,편의성/활용성,unchanged
test,validation,[속성] 가격 [문장] 가성비 최고의 제품입니다.,661938,쇼핑몰,메이크업/뷰티소품,OO 루** 슬림 쉬어 마뜨 2g 1개,지속성과 발림성 모두 다 갖췄어요. 가성비 최고의 제품입니다. 매트하지만 자연스럽게 잘 발리고 촉촉하고 탱탱하게 표현됩니다. 발색력이 너무 좋습니다. 선물용으로도 좋은 거 같아요.,가격,가성비 최고의 제품입니다.,1,[속성] 가격 [문장] 가성비 최고의 제품입니다.,0,가격,unchanged
test,train,[속성] 발색력 [문장] 발색도 좋고,662999,쇼핑몰,메이크업/뷰티소품,OO 속** 틴트 1.6g 1개,발색도 좋고 지속력도 좋고 색상도 원하던 색입니다. 향은 어디서 많이 맡아본 익숙한 향이라 좋네요. 생각보다 사이즈가 작네요. 손가락이 짧은 편인데 가운데 손가락 길이 정도 됩니다.,발색력,발색도 좋고,1,[속성] 발색력 [문장] 발색도 좋고,0,발색력,unchanged
test,train,[속성] 용량/개수 [문장] 용량도 작아서 아쉽습니다.,662689,쇼핑몰,메이크업/뷰티소품,OO 바** 워터 틴트 4.3g 1개,베이지 색상인데 제가 바르니까 안 어울리는 듯해요. 발색이 약하고 바를 때 뭉칩니다. 용량도 작아서 아쉽습니다.,용량/개수,용량도 작아서 아쉽습니다.,-1,[속성] 용량/개수 [문장] 용량도 작아서 아쉽습니다.,1,용량/개수,unchanged
test,train,[속성] 색상 [문장] 색상도 예쁘고,664786,쇼핑몰,메이크업/뷰티소품,OO 벨** 립틴트 4g 1개,좋습니다. OOO 립스틱을 계속 사용해보니 색상도 예쁘고 케이스가 고급스러워요. 가격도 적당하고 색깔도 잘 갖추어져 있어요. 만족합니다.,색상,색상도 예쁘고,1,[속성] 색상 [문장] 색상도 예쁘고,0,색상,unchanged
test,train,[속성] 보습력/수분감 [문장] 보습도 괜찮습니다.,668208,쇼핑몰,메이크업/뷰티소품,OO 후** 립케어 4.8g 1개,발색이 적당하고 보습도 괜찮습니다. 보습과 발색이 적당한 제품을 찾아서 괜찮았습니다. 어릴 때 사용했던 추억의 제품입니다. 아직도 그대로네요. 재구매 의사 있습니다.,보습력/수분감,보습도 괜찮습니다.,1,[속성] 보습력/수분감 [문장] 보습도 괜찮습니다.,0,보습력/수분감/쿨링감,merged_duplicate_label
test,train,[속성] 발림성 [문장] 발림성 좋고,666085,쇼핑몰,메이크업/뷰티소품,OO 한** 립밤 4g 1개,은은한 색상이라서 좀 더 진했으면 하는 아쉬움이 있어요. 발림성 좋고 민트향이 나서 좋아요.,발림성,발림성 좋고,1,[속성] 발림성 [문장] 발림성 좋고,0,발림성,unchanged
test,train,[속성] 품질 [문장] 품질이 엉망입니다.,663987,쇼핑몰,메이크업/뷰티소품,OO 파** 리퀴드 립컬러 5ml 1개,발색은 예쁘지만 파우치에 넣기만 하면 용기가 문제인지 제품이 줄줄 다 새요. 다 닦아내기만 여러 번 하다 결국 버렸습니다. 품질이 엉망입니다.,품질,품질이 엉망입니다.,-1,[속성] 품질 [문장] 품질이 엉망입니다.,1,품질,unchanged
test,train,[속성] 색상 [문장] 색도 예쁘고,665850,쇼핑몰,메이크업/뷰티소품,OO 한** 립밤 4g 1개,한 번만 발라도 촉촉한 느낌이고 반짝여서 좋습니다. 색도 예쁘고 은은하게 발색되어 좋아요. 케이스도 예쁘고 향도 좋은 제품이네요. 적극 추천합니다.,색상,색도 예쁘고,1,[속성] 색상 [문장] 색도 예쁘고,0,색상,unchanged
test,validation,[속성] 발색력 [문장] 은은하게 발색되어 좋아요.,665850,쇼핑몰,메이크업/뷰티소품,OO 한** 립밤 4g 1개,한 번만 발라도 촉촉한 느낌이고 반짝여서 좋습니다. 색도 예쁘고 은은하게 발색되어 좋아요. 케이스도 예쁘고 향도 좋은 제품이네요. 적극 추천합니다.,발색력,은은하게 발색되어 좋아요.,1,[속성] 발색력 [문장] 은은하게 발색되어 좋아요.,0,발색력,unchanged
test,train,[속성] 용량/개수 [문장] 용량이 작아서 아쉽지만,662829,쇼핑몰,메이크업/뷰티소품,OO 속** 틴트 1.6g 1개,발색이 너무 좋고 부담 없는 가격에 구입했습니다. 용량이 작아서 아쉽지만 오래 사용하는 찝찝함 보다는 2~3개월에 1개씩 사서 바꿔주는 게 위생에 좋은 것 같습니다. 잘 사용하겠습니다.,용량/개수,용량이 작아서 아쉽지만,-1,[속성] 용량/개수 [문장] 용량이 작아서 아쉽지만,1,용량/개수,unchanged
test,train,[속성] 발림성 [문장] 잘 발라지고,666297,쇼핑몰,메이크업/뷰티소품,OO 한** 립밤 4g 1개,립밤이 입술에서 안 맞으면 발라도 뜨는 느낌이 들고 보습도 잘 안되는데 이 립밤은 잘 발라지고 보습력도 정말 좋아요. 다 쓰고 재구매 해야겠어요.,발림성,잘 발라지고,1,[속성] 발림성 [문장] 잘 발라지고,0,발림성,unchanged
test,train,[속성] 향 [문장] 은은한 향에,666756,쇼핑몰,메이크업/뷰티소품,OO 한** 립밤 4g 1개,부드럽게 발리고 은은한 향에 색상도 예쁘고 발색도 좋습니다. 다른 색도 구매하려고 했는데 품절입니다. 다른 사이트에서 구매하면 배송비도 없고 색상도 다 있습니다. 샘플도 주니 확인하고 구매하면 좋을 것 같습니다.,향,은은한 향에,1,[속성] 향 [문장] 은은한 향에,0,향,unchanged
test,train,[속성] 발색력 [문장] 발색도 좋습니다.,666756,쇼핑몰,메이크업/뷰티소품,OO 한** 립밤 4g 1개,부드럽게 발리고 은은한 향에 색상도 예쁘고 발색도 좋습니다. 다른 색도 구매하려고 했는데 품절입니다. 다른 사이트에서 구매하면 배송비도 없고 색상도 다 있습니다. 샘플도 주니 확인하고 구매하면 좋을 것 같습니다.,발색력,발색도 좋습니다.,1,[속성] 발색력 [문장] 발색도 좋습니다.,0,발색력,unchanged
test,train,[속성] 보습력/수분감 [문장] 보습이 잘되고,667828,쇼핑몰,메이크업/뷰티소품,OO 후** 립케어 4.8g 1개,평소 보습 제품을 자주 사용하는 편입니다. 한 개씩 구매해서 사용했는데 이번에는 오래두고 사용하려고 세트로 주문했어요. 보습이 잘되고 향은 진하지 않은 듯합니다. 체리향과 딸기향 고민하다가 딸기향으로 구매했는데 향도 좋고 양도 적당합니다. 케이스도 산뜻하고 예쁘고 가격 괜찮네요. 재구매 의사 있어요.,보습력/수분감,보습이 잘되고,1,[속성] 보습력/수분감 [문장] 보습이 잘되고,0,보습력/수분감/쿨링감,merged_duplicate_label
test,train,[속성] 용량/개수 [문장] 양도 적당합니다.,667828,쇼핑몰,메이크업/뷰티소품,OO 후** 립케어 4.8g 1개,평소 보습 제품을 자주 사용하는 편입니다. 한 개씩 구매해서 사용했는데 이번에는 오래두고 사용하려고 세트로 주문했어요. 보습이 잘되고 향은 진하지 않은 듯합니다. 체리향과 딸기향 고민하다가 딸기향으로 구매했는데 향도 좋고 양도 적당합니다. 케이스도 산뜻하고 예쁘고 가격 괜찮네요. 재구매 의사 있어요.,용량/개수,양도 적당합니다.,1,[속성] 용량/개수 [문장] 양도 적당합니다.,0,용량/개수,unchanged
test,train,[속성] 용량/개수 [문장] 용량이 작습니다.,662789,쇼핑몰,메이크업/뷰티소품,OO 속** 틴트 1.6g 1개,후기 보고 짐작은 했지만 받아보니 정말 용량이 작습니다. 핑크 계열이 잘 안 받아서 다홍 계열을 기대하며 구매했는데 막상 발라보니 핑크 계열로 착색이 되어서 아쉽습니다. 건조한 입술에 바세린을 바르고 발라서 그런지 몰라도 지속력은 좋지 않아 보입니다. 저렴한 가격만 만족하네요.,용량/개수,용량이 작습니다.,-1,[속성] 용량/개수 [문장] 용량이 작습니다.,1,용량/개수,unchanged
test,train,[속성] 디자인 [문장] 디자인도 예쁩니다.,661971,쇼핑몰,메이크업/뷰티소품,OO 루** 슬림 쉬어 마뜨 2g 1개,111호 색상 구매했는데 발림성이 좋아서 112호 색상도 구매했습니다. 묻어남이 없고 디자인도 예쁩니다. 근데 발색이 기대한만큼 예쁘지는 않았습니다. 그래도 선물했는데 받으신 분이 좋아하고 발색도 마음에 든다고 하네요. 바르고 나니 다른 립 제품과 달리 빨리 스며들어서 안 바른 느낌이고 가볍습니다. 단점은 양이 작아서 금방 쓸 거 같아요. 잘 쓰겠습니다.,디자인,디자인도 예쁩니다.,1,[속성] 디자인 [문장] 디자인도 예쁩니다.,0,디자인,unchanged
test,train,[속성] 흡수력 [문장] 가볍습니다.,661971,쇼핑몰,메이크업/뷰티소품,OO 루** 슬림 쉬어 마뜨 2g 1개,111호 색상 구매했는데 발림성이 좋아서 112호 색상도 구매했습니다. 묻어남이 없고 디자인도 예쁩니다. 근데 발색이 기대한만큼 예쁘지는 않았습니다. 그래도 선물했는데 받으신 분이 좋아하고 발색도 마음에 든다고 하네요. 바르고 나니 다른 립 제품과 달리 빨리 스며들어서 안 바른 느낌이고 가볍습니다. 단점은 양이 작아서 금방 쓸 거 같아요. 잘 쓰겠습니다.,흡수력,가볍습니다.,1,[속성] 흡수력 [문장] 가볍습니다.,0,흡수력,unchanged
test,train,[속성] 용량/개수 [문장] 양이 작아서 금방 쓸 거 같아요.,661971,쇼핑몰,메이크업/뷰티소품,OO 루** 슬림 쉬어 마뜨 2g 1개,111호 색상 구매했는데 발림성이 좋아서 112호 색상도 구매했습니다. 묻어남이 없고 디자인도 예쁩니다. 근데 발색이 기대한만큼 예쁘지는 않았습니다. 그래도 선물했는데 받으신 분이 좋아하고 발색도 마음에 든다고 하네요. 바르고 나니 다른 립 제품과 달리 빨리 스며들어서 안 바른 느낌이고 가볍습니다. 단점은 양이 작아서 금방 쓸 거 같아요. 잘 쓰겠습니다.,용량/개수,양이 작아서 금방 쓸 거 같아요.,-1,[속성] 용량/개수 [문장] 양이 작아서 금방 쓸 거 같아요.,1,용량/개수,unchanged
test,train,[속성] 발림성 [문장] 발림성 괜찮고,664792,쇼핑몰,메이크업/뷰티소품,OO 벨** 립틴트 4g 1개,2주 정도 사용했어요. 발림성 괜찮고 색상도 마음에 들어요. 웜톤이라 어느 색을 구입할지 많이 고민했는데 구입한 두 가지 색상 다 만족스러워요. 향도 괜찮고 심플한 디자인도 좋습니다. 발색이 약하고 오래가지는 않네요.,발림성,발림성 괜찮고,1,[속성] 발림성 [문장] 발림성 괜찮고,0,발림성,unchanged
test,train,[속성] 색상 [문장] 색상도 마음에 들어요.,664792,쇼핑몰,메이크업/뷰티소품,OO 벨** 립틴트 4g 1개,2주 정도 사용했어요. 발림성 괜찮고 색상도 마음에 들어요. 웜톤이라 어느 색을 구입할지 많이 고민했는데 구입한 두 가지 색상 다 만족스러워요. 향도 괜찮고 심플한 디자인도 좋습니다. 발색이 약하고 오래가지는 않네요.,색상,색상도 마음에 들어요.,1,[속성] 색상 [문장] 색상도 마음에 들어요.,0,색상,unchanged
test,train,[속성] 향 [문장] 향도 괜찮고,664792,쇼핑몰,메이크업/뷰티소품,OO 벨** 립틴트 4g 1개,2주 정도 사용했어요. 발림성 괜찮고 색상도 마음에 들어요. 웜톤이라 어느 색을 구입할지 많이 고민했는데 구입한 두 가지 색상 다 만족스러워요. 향도 괜찮고 심플한 디자인도 좋습니다. 발색이 약하고 오래가지는 않네요.,향,향도 괜찮고,1,[속성] 향 [문장] 향도 괜찮고,0,향,unchanged
test,train,[속성] 지속력/유지력 [문장] 오래가지는 않네요.,664792,쇼핑몰,메이크업/뷰티소품,OO 벨** 립틴트 4g 1개,2주 정도 사용했어요. 발림성 괜찮고 색상도 마음에 들어요. 웜톤이라 어느 색을 구입할지 많이 고민했는데 구입한 두 가지 색상 다 만족스러워요. 향도 괜찮고 심플한 디자인도 좋습니다. 발색이 약하고 오래가지는 않네요.,지속력/유지력,오래가지는 않네요.,-1,[속성] 지속력/유지력 [문장] 오래가지는 않네요.,1,지속력/유지력,unchanged
test,train,[속성] 향 [문장] 부드러워서 좋습니다,663473,쇼핑몰,메이크업/뷰티소품,OO 맨** 케어 4.8g 1개,향이 강하지 않고 부드러워서 좋습니다. 보습력도 좋아서 겨울에 사용하기에 좋습니다. 크기도 적당해서 주머니에 넣고 다니기 편해서 마음에 듭니다.,향,부드러워서 좋습니다,1,[속성] 향 [문장] 부드러워서 좋습니다,0,향,unchanged
test,train,[속성] 지속력/유지력 [문장] 지속력은 약하지만,668011,쇼핑몰,메이크업/뷰티소품,OO 후** 립케어 4.8g 1개,덧바를수록 색이 진해지고 예쁩니다. 지속력은 약하지만 촉촉합니다.,지속력/유지력,지속력은 약하지만,-1,[속성] 지속력/유지력 [문장] 지속력은 약하지만,1,지속력/유지력,unchanged
test,train,[속성] 지속력/유지력 [문장] 지속력이 짧네요.,671154,쇼핑몰,메이크업/뷰티소품,OO 프** 아이팔레트 6g 1개,배송은 좀 많이 느렸고 발림성은 좋지만 지속력이 짧네요. 그래서 중간에 더 발라줘야 합니다.색깔 종류는 많은편이라 골고루 바를수있어서 좋습니다. 품질은 딱 저 금액만큼인 것 같아요.,지속력/유지력,지속력이 짧네요.,-1,[속성] 지속력/유지력 [문장] 지속력이 짧네요.,1,지속력/유지력,unchanged
test,train,[속성] 보습력/수분감 [문장] 촉촉하지 않고,664493,쇼핑몰,메이크업/뷰티소품,OO 파** 리퀴드 립컬러 5ml 1개,매트해서 아쉽고 잘 안 발리네요. 촉촉하지 않고 지속력도 안 좋습니다. 색이 안 예쁘네요. 여기서 파는 다른 색은 절대 구입하지 않겠습니다.,보습력/수분감,촉촉하지 않고,-1,[속성] 보습력/수분감 [문장] 촉촉하지 않고,1,보습력/수분감/쿨링감,merged_duplicate_label
test,train,[속성] 지속력/유지력 [문장] 지속력도 안 좋습니다.,664493,쇼핑몰,메이크업/뷰티소품,OO 파** 리퀴드 립컬러 5ml 1개,매트해서 아쉽고 잘 안 발리네요. 촉촉하지 않고 지속력도 안 좋습니다. 색이 안 예쁘네요. 여기서 파는 다른 색은 절대 구입하지 않겠습니다.,지속력/유지력,지속력도 안 좋습니다.,-1,[속성] 지속력/유지력 [문장] 지속력도 안 좋습니다.,1,지속력/유지력,unchanged
test,train,[속성] 발림성 [문장] 발림성도 괜찮습니다.,662485,쇼핑몰,메이크업/뷰티소품,OO 바** 워터 틴트 4.3g 1개,핫딜떠서 멤버쉽 적용해서 저렴하게 구매했네요. CC크림이랑 프라이머 사용했었는데 리뷰 보니 이것도 괜찮은 것 같아서 구매했네요. 퍼프끝이 뾰족해서 세심한곳 바르기 좋고 발림성도 괜찮습니다.,발림성,발림성도 괜찮습니다.,1,[속성] 발림성 [문장] 발림성도 괜찮습니다.,0,발림성,unchanged
test,train,[속성] 자극성 [문장] 순하지 않고,663049,쇼핑몰,메이크업/뷰티소품,OO 일** 무향 립밤 3.2g 1개,순하지 않고 건조하고 유분기가 많아 기름지네요. 호불호가 갈리는 제품입니다.,자극성,순하지 않고,-1,[속성] 자극성 [문장] 순하지 않고,1,자극성,unchanged
test,train,[속성] 보습력/수분감 [문장] 건조하고,663049,쇼핑몰,메이크업/뷰티소품,OO 일** 무향 립밤 3.2g 1개,순하지 않고 건조하고 유분기가 많아 기름지네요. 호불호가 갈리는 제품입니다.,보습력/수분감,건조하고,-1,[속성] 보습력/수분감 [문장] 건조하고,1,보습력/수분감/쿨링감,merged_duplicate_label
test,train,[속성] 발색력 [문장] 발색 좋고,672602,쇼핑몰,메이크업/뷰티소품,OO 무** 멀티 아이 컬러 팔레트 8.1g 1개,발색 좋고 부드럽게 발리고 오래갑니다. 부드럽고 밝은 색상을 원했는데 딱 좋네요. 잘 사용할게요.,발색력,발색 좋고,1,[속성] 발색력 [문장] 발색 좋고,0,발색력,unchanged
test,train,[속성] 지속력/유지력 [문장] 오래갑니다.,672602,쇼핑몰,메이크업/뷰티소품,OO 무** 멀티 아이 컬러 팔레트 8.1g 1개,발색 좋고 부드럽게 발리고 오래갑니다. 부드럽고 밝은 색상을 원했는데 딱 좋네요. 잘 사용할게요.,지속력/유지력,오래갑니다.,1,[속성] 지속력/유지력 [문장] 오래갑니다.,0,지속력/유지력,unchanged
test,validation,[속성] 편의성/활용성 [문장] 수시로 바르기 편합니다.,668544,쇼핑몰,메이크업/뷰티소품,OO 후** 립케어 4.8g 1개,입술에도 신경을 쓰고 싶어서 샀어요. 은은하고 예쁘게 발색되어서 맨얼굴도 생기 있어 보입니다. 건조하고 피곤해서 입술이 갈라질 때 수시로 바르기 편합니다. 휴대하기도 편해서 여기저기 넣고 다녀요.,편의성/활용성,수시로 바르기 편합니다.,1,[속성] 편의성/활용성 [문장] 수시로 바르기 편합니다.,0,편의성/활용성,unchanged
test,train,[속성] 지속력/유지력 [문장] 지속력도 좋아요.,672394,쇼핑몰,메이크업/뷰티소품,OO 무** 멀티 아이 컬러 팔레트 8.1g 1개,OOO 아이섀도우가 유명한 이유가 있어요. 모든 색상이 마음에 들고 지속력도 좋아요. 데일리로 쓰기 좋은 제품입니다. 서비스로 파우치도 주셔서 잘 사용하고 있어요. 그리고 가볍게 잘 밀착됩니다.,지속력/유지력,지속력도 좋아요.,1,[속성] 지속력/유지력 [문장] 지속력도 좋아요.,0,지속력/유지력,unchanged
test,train,[속성] 기능/효과 [문장] 봄과 여름에 사용하기 좋습니다.,661911,쇼핑몰,메이크업/뷰티소품,OO 루** 슬림 쉬어 마뜨 2g 1개,봄과 여름에 사용하기 좋습니다. 근래에 자주 사용하고 있는데 각질 부각도 없고 케이스가 예쁘고 발랐을 때 촉촉합니다. 색상이 제 입술 색에 어울려서 좋습니다. 다음에도 다른 색상 구매해서 사용해보겠습니다.,기능/효과,봄과 여름에 사용하기 좋습니다.,1,[속성] 기능/효과 [문장] 봄과 여름에 사용하기 좋습니다.,0,기능/효과,unchanged
test,validation,[속성] 보습력/수분감 [문장] 각질 부각도 없고,661911,쇼핑몰,메이크업/뷰티소품,OO 루** 슬림 쉬어 마뜨 2g 1개,봄과 여름에 사용하기 좋습니다. 근래에 자주 사용하고 있는데 각질 부각도 없고 케이스가 예쁘고 발랐을 때 촉촉합니다. 색상이 제 입술 색에 어울려서 좋습니다. 다음에도 다른 색상 구매해서 사용해보겠습니다.,보습력/수분감,각질 부각도 없고,1,[속성] 보습력/수분감 [문장] 각질 부각도 없고,0,보습력/수분감/쿨링감,merged_duplicate_label
test,train,[속성] 용기 [문장] 케이스가 예쁘고,661911,쇼핑몰,메이크업/뷰티소품,OO 루** 슬림 쉬어 마뜨 2g 1개,봄과 여름에 사용하기 좋습니다. 근래에 자주 사용하고 있는데 각질 부각도 없고 케이스가 예쁘고 발랐을 때 촉촉합니다. 색상이 제 입술 색에 어울려서 좋습니다. 다음에도 다른 색상 구매해서 사용해보겠습니다.,용기,케이스가 예쁘고,1,[속성] 용기 [문장] 케이스가 예쁘고,0,용기,unchanged
test,train,[속성] 발림성 [문장] 바르면 뭉치네요.,670174,쇼핑몰,메이크업/뷰티소품,OO 에** 드로잉 아이브라우 0.25g 1개,"ㅇㅇㅇ 2개나 있지만, 뭉쳐서 안쓰게 되는데 이 제품도 바르면 뭉치네요. 심이 넓적한 삼각형 모양인데 생각보다 잘 안그려져요.",발림성,바르면 뭉치네요.,-1,[속성] 발림성 [문장] 바르면 뭉치네요.,1,발림성,unchanged
test,train,[속성] 발색력 [문장] 발색 잘 되고,672311,쇼핑몰,메이크업/뷰티소품,OO 무** 멀티 아이 컬러 팔레트 8.1g 1개,OOO 4구 섀도우 쓰는데 좋아서 이 색상도 구매했습니다. 너무 좋아요. 맘에 듭니다. 발색 잘 되고 가격도 좋아요. 사은품까지 만족합니다.,발색력,발색 잘 되고,1,[속성] 발색력 [문장] 발색 잘 되고,0,발색력,unchanged
test,train,[속성] 가격 [문장] 가격도 좋아요.,672311,쇼핑몰,메이크업/뷰티소품,OO 무** 멀티 아이 컬러 팔레트 8.1g 1개,OOO 4구 섀도우 쓰는데 좋아서 이 색상도 구매했습니다. 너무 좋아요. 맘에 듭니다. 발색 잘 되고 가격도 좋아요. 사은품까지 만족합니다.,가격,가격도 좋아요.,1,[속성] 가격 [문장] 가격도 좋아요.,0,가격,unchanged
test,train,[속성] 색상 [문장] 색감도 예쁘고,671655,쇼핑몰,메이크업/뷰티소품,OO 프** 아이팔레트 6g 1개,쿨톤이라 로즈 컬러 좋아하는데 색감도 예쁘고 한번에 발색이 잘됩니다. 블렌딩 잘해주면 화사하고 예쁩니다. 다른 섀도우들은 여러번 발라야 티가나는데 이건 한번에 잘 발리고 색감이 화려합니다. 눈중앙에 글러터색을 얹어주면 블링블링합니다.,색상,색감도 예쁘고,1,[속성] 색상 [문장] 색감도 예쁘고,0,색상,unchanged
test,train,[속성] 지속력/유지력 [문장] 촉촉함이 오래가지 않아요.,666929,쇼핑몰,메이크업/뷰티소품,OO 울** 립글로우 3.4g 1개,입술이 요즘 너무 말라서 구매했습니다. 발색은 적당한데 촉촉함이 오래가지 않아요. 건성 피부에는 촉촉함이 부족한 것 같아요.,지속력/유지력,촉촉함이 오래가지 않아요.,-1,[속성] 지속력/유지력 [문장] 촉촉함이 오래가지 않아요.,1,지속력/유지력,unchanged
test,train,[속성] 보습력/수분감 [문장] 촉촉함이 부족한 것 같아요.,666929,쇼핑몰,메이크업/뷰티소품,OO 울** 립글로우 3.4g 1개,입술이 요즘 너무 말라서 구매했습니다. 발색은 적당한데 촉촉함이 오래가지 않아요. 건성 피부에는 촉촉함이 부족한 것 같아요.,보습력/수분감,촉촉함이 부족한 것 같아요.,-1,[속성] 보습력/수분감 [문장] 촉촉함이 부족한 것 같아요.,1,보습력/수분감/쿨링감,merged_duplicate_label
test,train,[속성] 색상 [문장] 색이 괜찮네요.,672430,쇼핑몰,메이크업/뷰티소품,OO 무** 멀티 아이 컬러 팔레트 8.1g 1개,가루 날림이 심하지만 눈가 정리하기에는 색이 괜찮네요. 전체적으로 색상이 연하고 여리여리해서 눈화장을 진하게 안하는 분들이 쓰면 좋을 것 같습니다. 싸게 샀네요. 같이 온 파우치는 사이즈가 작습니다. 재구매 의사 있습니다.,색상,색이 괜찮네요.,1,[속성] 색상 [문장] 색이 괜찮네요.,0,색상,unchanged
test,train,[속성] 가격 [문장] 싸게 샀네요.,672430,쇼핑몰,메이크업/뷰티소품,OO 무** 멀티 아이 컬러 팔레트 8.1g 1개,가루 날림이 심하지만 눈가 정리하기에는 색이 괜찮네요. 전체적으로 색상이 연하고 여리여리해서 눈화장을 진하게 안하는 분들이 쓰면 좋을 것 같습니다. 싸게 샀네요. 같이 온 파우치는 사이즈가 작습니다. 재구매 의사 있습니다.,가격,싸게 샀네요.,1,[속성] 가격 [문장] 싸게 샀네요.,0,가격,unchanged
test,validation,[속성] 가격 [문장] 비싼 가격에 구입했어요,669272,쇼핑몰,메이크업/뷰티소품,OO 에** 슈퍼 롱래쉬 6ml 1개,선물용 구매했습니다. 급하게 사느라 비싼 가격에 구입했어요. 사용하고 효과 보면 좋겠습니다.,가격,비싼 가격에 구입했어요,-1,[속성] 가격 [문장] 비싼 가격에 구입했어요,1,가격,unchanged
test,train,[속성] 보습력/수분감 [문장] 입술이 촉촉합니다.,666699,쇼핑몰,메이크업/뷰티소품,OO 한** 립밤 4g 1개,입술이 촉촉합니다. 색은 오래 지속되진 않지만 립밤이니 이해합니다. 옅은 핑크 빛 돌아서 만족합니다.,보습력/수분감,입술이 촉촉합니다.,1,[속성] 보습력/수분감 [문장] 입술이 촉촉합니다.,0,보습력/수분감/쿨링감,merged_duplicate_label
test,train,[속성] 색상 [문장] 자연스럽습니다.,661877,쇼핑몰,메이크업/뷰티소품,OO 루** 슬림 쉬어 마뜨 2g 1개,색상은 딱 쿨톤입니다. 발림은 확실히 부드러우면서 입체감 있게 발리는 것이 아주 좋아요. 입술이 건조해서 평소에 립스틱은 피하는 편인데 이런 립스틱은 무난하게 단독으로도 막 바르기 좋고 색감도 쿨톤이지만 자연스럽습니다.,색상,자연스럽습니다.,1,[속성] 색상 [문장] 자연스럽습니다.,0,색상,unchanged
test,train,[속성] 지속력/유지력 [문장] 지속력은 짧지만,663908,쇼핑몰,메이크업/뷰티소품,OO 파** 리퀴드 립컬러 5ml 1개,봄 브라이트와 여름 브라이트 그 어느 사이에 있는 사람인데 약간 톤 다운된 차분한 색상이라서 마음에 들어요. 피부가 밝아지는 예쁜 색이라 좋네요. 지속력은 짧지만 색이 너무 마음에 듭니다.,지속력/유지력,지속력은 짧지만,-1,[속성] 지속력/유지력 [문장] 지속력은 짧지만,1,지속력/유지력,unchanged
test,train,[속성] 가격 [문장] 비싸도 구매했습니다.,672136,쇼핑몰,메이크업/뷰티소품,OO 샤** 섀도우 스틱 1.4g 1개,눈이 더 커 보이게 하려고 구매했습니다. 사려고 알아보는데 행사를 안 해서 그냥 비싸도 구매했습니다. 펄이 너무 많이 들어가 있지만 사용해 보려고 합니다.,가격,비싸도 구매했습니다.,-1,[속성] 가격 [문장] 비싸도 구매했습니다.,1,가격,unchanged
test,train,[속성] 향 [문장] 향도 나쁘지 않습니다.,666026,쇼핑몰,메이크업/뷰티소품,OO 한** 립밤 4g 1개,발림성 좋고 향도 나쁘지 않습니다. 그리고 발색은 진하지 않아서 남자가 바르기에 부담이 없는 색이네요. 전체적으로 만족해요.,향,향도 나쁘지 않습니다.,1,[속성] 향 [문장] 향도 나쁘지 않습니다.,0,향,unchanged
test,train,[속성] 가격 [문장] 할인을 못 받아서 비싸게 구매했는데,662403,쇼핑몰,메이크업/뷰티소품,OO 바** 워터 틴트 4.3g 1개,할인을 못 받아서 비싸게 구매했는데 색이 화면과 달라서 마음에 들지 않네요. 발색력도 안 좋고 건조하네요.,가격,할인을 못 받아서 비싸게 구매했는데,-1,[속성] 가격 [문장] 할인을 못 받아서 비싸게 구매했는데,1,가격,unchanged
test,train,[속성] 보습력/수분감 [문장] 건조하네요.,662403,쇼핑몰,메이크업/뷰티소품,OO 바** 워터 틴트 4.3g 1개,할인을 못 받아서 비싸게 구매했는데 색이 화면과 달라서 마음에 들지 않네요. 발색력도 안 좋고 건조하네요.,보습력/수분감,건조하네요.,-1,[속성] 보습력/수분감 [문장] 건조하네요.,1,보습력/수분감/쿨링감,merged_duplicate_label
test,train,[속성] 발색력 [문장] 발색이 좋습니다.,664890,쇼핑몰,메이크업/뷰티소품,OO 벨** 립틴트 4g 1개,일단 발색이 좋습니다. 발색된 색감도 예쁘고 매트해서 좋아요. 입술이랑 피부가 어울리게 자연스러운 느낌으로 발색되어서 만족스러워요. 색상도 예뻐요.,발색력,발색이 좋습니다.,1,[속성] 발색력 [문장] 발색이 좋습니다.,0,발색력,unchanged
test,train,[속성] 발색력 [문장] 발색된 색감도 예쁘고,664890,쇼핑몰,메이크업/뷰티소품,OO 벨** 립틴트 4g 1개,일단 발색이 좋습니다. 발색된 색감도 예쁘고 매트해서 좋아요. 입술이랑 피부가 어울리게 자연스러운 느낌으로 발색되어서 만족스러워요. 색상도 예뻐요.,발색력,발색된 색감도 예쁘고,1,[속성] 발색력 [문장] 발색된 색감도 예쁘고,0,발색력,unchanged
test,train,[속성] 색상 [문장] 색상도 예뻐요.,664890,쇼핑몰,메이크업/뷰티소품,OO 벨** 립틴트 4g 1개,일단 발색이 좋습니다. 발색된 색감도 예쁘고 매트해서 좋아요. 입술이랑 피부가 어울리게 자연스러운 느낌으로 발색되어서 만족스러워요. 색상도 예뻐요.,색상,색상도 예뻐요.,1,[속성] 색상 [문장] 색상도 예뻐요.,0,색상,unchanged
test,train,[속성] 발색력 [문장] 발색이 너무 예쁩니다.,665607,쇼핑몰,메이크업/뷰티소품,OO 벨** 립틴트 4g 1개,발색이 너무 예쁩니다. 매장에서 직접 발라 보고 샀는데 발색이 정말 예뻐요. 배송도 빠르고 좋았어요.,발색력,발색이 너무 예쁩니다.,1,[속성] 발색력 [문장] 발색이 너무 예쁩니다.,0,발색력,unchanged
test,train,[속성] 편의성/활용성 [문장] 사용하기 불편합니다.,671458,쇼핑몰,메이크업/뷰티소품,OO 프** 아이팔레트 6g 1개,팔레트 용기가 작아서 사용하기 불편합니다. 발색되는 색상들도 예쁘지 않아서 데일리로 사용하기 별로예요. 잘 발색되지 않으니 여러 가지 분위기 연출이 안되네요. 손이 잘 안 갑니다. 여러 번 덧발라도 연해서 음영 메이크업도 잘 안되고요. 발색력이 아쉽네요. 글리터 제품이 많아서 다른 제품을 사용하더라도 마무리를 OOO 제품으로 사용하려고 했는데 저에게는 안 맞는 제품인 거 같아요. 같이 들어있는 브러쉬는 힘이 없고 브러쉬를 사용하면 가루가 잘 날리는 거 같습니다.,편의성/활용성,사용하기 불편합니다.,-1,[속성] 편의성/활용성 [문장] 사용하기 불편합니다.,1,편의성/활용성,unchanged
test,train,[속성] 기능/효과 [문장] 저에게는 안 맞는 제품인 거 같아요.,671458,쇼핑몰,메이크업/뷰티소품,OO 프** 아이팔레트 6g 1개,팔레트 용기가 작아서 사용하기 불편합니다. 발색되는 색상들도 예쁘지 않아서 데일리로 사용하기 별로예요. 잘 발색되지 않으니 여러 가지 분위기 연출이 안되네요. 손이 잘 안 갑니다. 여러 번 덧발라도 연해서 음영 메이크업도 잘 안되고요. 발색력이 아쉽네요. 글리터 제품이 많아서 다른 제품을 사용하더라도 마무리를 OOO 제품으로 사용하려고 했는데 저에게는 안 맞는 제품인 거 같아요. 같이 들어있는 브러쉬는 힘이 없고 브러쉬를 사용하면 가루가 잘 날리는 거 같습니다.,기능/효과,저에게는 안 맞는 제품인 거 같아요.,-1,[속성] 기능/효과 [문장] 저에게는 안 맞는 제품인 거 같아요.,1,기능/효과,unchanged
test,train,[속성] 편의성/활용성 [문장] 휴대하기 간편해서 좋고,666687,쇼핑몰,메이크업/뷰티소품,OO 한** 립밤 4g 1개,쌩얼일 때 이거 하나만 발라도 은은한 발색이 되네요. 휴대하기 간편해서 좋고 데일리로 바르기도 좋습니다.,편의성/활용성,휴대하기 간편해서 좋고,1,[속성] 편의성/활용성 [문장] 휴대하기 간편해서 좋고,0,편의성/활용성,unchanged
test,train,[속성] 색상 [문장] 색감 좋고,668081,쇼핑몰,메이크업/뷰티소품,OO 후** 립케어 4.8g 1개,색감 좋고 발림성 좋고 잘 트는 입술 예방용으로 매일 사용하는데 좋습니다. 향도 괜찮고 색깔이 붉게 나니까 립스틱 없이도 좋습니다. 촉촉하고 바르고 자고나면 훨씬 부드러워진 느낌입니다.,색상,색감 좋고,1,[속성] 색상 [문장] 색감 좋고,0,색상,unchanged
test,train,[속성] 밀착력/접착력 [문장] 잘 번지지도 않고,672120,쇼핑몰,메이크업/뷰티소품,OO 샤** 섀도우 스틱 1.4g 1개,일반 마스카라는 여름에 잘 번지는데 이건 잘 번지지도 않고 발림성도 좋아서 사용하기 편합니다.,밀착력/접착력,잘 번지지도 않고,1,[속성] 밀착력/접착력 [문장] 잘 번지지도 않고,0,밀착력/접착력,unchanged
test,train,[속성] 편의성/활용성 [문장] 사용하기 편합니다.,672120,쇼핑몰,메이크업/뷰티소품,OO 샤** 섀도우 스틱 1.4g 1개,일반 마스카라는 여름에 잘 번지는데 이건 잘 번지지도 않고 발림성도 좋아서 사용하기 편합니다.,편의성/활용성,사용하기 편합니다.,1,[속성] 편의성/활용성 [문장] 사용하기 편합니다.,0,편의성/활용성,unchanged
test,train,[속성] 발림성 [문장] 발림성도 좋고,671666,쇼핑몰,메이크업/뷰티소품,OO 프** 아이팔레트 6g 1개,색상이 다 마음에 드는데 코랄색깔 좋아하시는 분들은 만족하실 것 같아요. 색이 너무 마음에 들고 이쁩니다. 발림성도 좋고 가루날림이 거의 없네요.,발림성,발림성도 좋고,1,[속성] 발림성 [문장] 발림성도 좋고,0,발림성,unchanged
test,train,[속성] 가격 [문장] 가격도 비싸고,672364,쇼핑몰,메이크업/뷰티소품,OO 무** 멀티 아이 컬러 팔레트 8.1g 1개,"겨울,봄의 색상으로 구매했는데 너무 별로입니다. 갑갑해보이는 색상들이에요. 겨울이나 봄 색상으로 어울리지 않습니다. 다른 색상 구매하심이 더 좋을듯합니다. 가루날림은 진짜 너무 심하구요. 피부 먼저 하겠다 하시면 사용할때 눈에 잔뜩 묻으니 먼저 많이 털어내고 사용해야 합니다 팔레트 산 것들 중에 가루날림이 최고로 심합니다. 가격도 비싸고 정말 비추합니다.",가격,가격도 비싸고,-1,[속성] 가격 [문장] 가격도 비싸고,1,가격,unchanged
test,train,[속성] 향 [문장] 향이 없어서 아쉽네요.,662159,쇼핑몰,메이크업/뷰티소품,OO 제** 립밤 4g 1개,배송은 늦었지만 파손 상품 없이 안전하게 배송 되었습니다. 향이 없어서 아쉽네요. 건조해서 온 가족이 사용하기 안 좋습니다.,향,향이 없어서 아쉽네요.,-1,[속성] 향 [문장] 향이 없어서 아쉽네요.,1,향,unchanged
test,train,[속성] 보습력/수분감 [문장] 건조해서,662159,쇼핑몰,메이크업/뷰티소품,OO 제** 립밤 4g 1개,배송은 늦었지만 파손 상품 없이 안전하게 배송 되었습니다. 향이 없어서 아쉽네요. 건조해서 온 가족이 사용하기 안 좋습니다.,보습력/수분감,건조해서,-1,[속성] 보습력/수분감 [문장] 건조해서,1,보습력/수분감/쿨링감,merged_duplicate_label
test,train,[속성] 편의성/활용성 [문장] 온 가족이 사용하기 안 좋습니다.,662159,쇼핑몰,메이크업/뷰티소품,OO 제** 립밤 4g 1개,배송은 늦었지만 파손 상품 없이 안전하게 배송 되었습니다. 향이 없어서 아쉽네요. 건조해서 온 가족이 사용하기 안 좋습니다.,편의성/활용성,온 가족이 사용하기 안 좋습니다.,-1,[속성] 편의성/활용성 [문장] 온 가족이 사용하기 안 좋습니다.,1,편의성/활용성,unchanged
test,train,[속성] 지속력/유지력 [문장] 지워져서,664748,쇼핑몰,메이크업/뷰티소품,OO 벨** 립틴트 4g 1개,발림성은 벨벳 처럼 부드럽습니다. 볼터치로 사용해도 괜찮네요. 입술에 바르고 남은거로 살짝 톡톡 발라주면 자연스럽고 예뻐요. 그렇지만 지속력이 아쉬워요 . 금방 묻어나고 지워져서 지속력이 너무 약하다 보니 손이 잘 안가집니다. 색상도 좀 더 누디한 색상 일꺼라 생각했는데 생각보다 밝았어요.,지속력/유지력,지워져서,-1,[속성] 지속력/유지력 [문장] 지워져서,1,지속력/유지력,unchanged
test,train,[속성] 발색력 [문장] 발색이 너무 연해서,672287,쇼핑몰,메이크업/뷰티소품,OO 샤** 섀도우 스틱 1.4g 1개,생각만큼 발색이 선명하게 표현되진 않습니다. 발색이 너무 연해서 화장을 해도 티가 안 나서 바른지 안 바른지 모를 정도입니다.,발색력,발색이 너무 연해서,-1,[속성] 발색력 [문장] 발색이 너무 연해서,1,발색력,unchanged
test,train,[속성] 지속력/유지력 [문장] 지속력은 약하네요.,668445,쇼핑몰,메이크업/뷰티소품,OO 후** 립케어 4.8g 1개,입술이 너무 건조해서 여러개 사 놓고 바르고 있습니다. 발색은 괜찮습니다. 맨얼굴을 약간 생기 있어보이게 하는데 대신 지속력은 약하네요. 제가 산건 체리인데 향도 무난하고 제형이 너무 미끌거리지 않아 좋아요. 항상 입술이 당기고 건조했는데 평소에 집에서 아무 때나 바르기 괜찮습니다. 단지 지속력이 약해서 자주 발라줘야하는 단점이 있어요.,지속력/유지력,지속력은 약하네요.,-1,[속성] 지속력/유지력 [문장] 지속력은 약하네요.,1,지속력/유지력,unchanged
test,train,[속성] 유통기한 [문장] 유통기한이 짧고,662552,쇼핑몰,메이크업/뷰티소품,OO 바** 워터 틴트 4.3g 1개,아직 사용전인데요. 부드럽게 녹아서 잘지워지는거로 유명해서 사봤습니다. 근데 유통기한이 짧고 양도 좀 작은 것 같아 아쉬워요.,유통기한,유통기한이 짧고,-1,[속성] 유통기한 [문장] 유통기한이 짧고,1,유통기한,unchanged
test,train,[속성] 보습력/수분감 [문장] 촉촉하지 않네요.,668709,쇼핑몰,메이크업/뷰티소품,OO 후** 립케어 4.8g 1개,OOO립케어 체리향 구매해 처음 사용해 봤어요. 체리향이 강해서 좀 별로에요. 겨울이라 입술이 건조해서 다 까져서 발랐는데 촉촉하지 않네요. 발라도 건조해서 수시로 발라줘야 합니다.,보습력/수분감,촉촉하지 않네요.,-1,[속성] 보습력/수분감 [문장] 촉촉하지 않네요.,1,보습력/수분감/쿨링감,merged_duplicate_label
test,train,[속성] 보습력/수분감 [문장] 발라도 건조해서,668709,쇼핑몰,메이크업/뷰티소품,OO 후** 립케어 4.8g 1개,OOO립케어 체리향 구매해 처음 사용해 봤어요. 체리향이 강해서 좀 별로에요. 겨울이라 입술이 건조해서 다 까져서 발랐는데 촉촉하지 않네요. 발라도 건조해서 수시로 발라줘야 합니다.,보습력/수분감,발라도 건조해서,-1,[속성] 보습력/수분감 [문장] 발라도 건조해서,1,보습력/수분감/쿨링감,merged_duplicate_label
test,train,[속성] 지속력/유지력 [문장] 자주 발라줘야 할 것 같습니다.,668444,쇼핑몰,메이크업/뷰티소품,OO 후** 립케어 4.8g 1개,빠르게 배송해 주셔서 감사해요. 아이들과 함께 쓰려고 여러 개 주문했습니다. 건조한 입술에 바르니 매트하게 발리면서 촉촉함이 부족한 느낌이에요. 지속력도 오래가지 않아서 자주 발라줘야 할 것 같습니다.,지속력/유지력,자주 발라줘야 할 것 같습니다.,-1,[속성] 지속력/유지력 [문장] 자주 발라줘야 할 것 같습니다.,1,지속력/유지력,unchanged
test,train,[속성] 가격 [문장] 좋은 가격에 잘 구매했어요.,665091,쇼핑몰,메이크업/뷰티소품,OO 벨** 립틴트 4g 1개,"좋은 가격에 잘 구매했어요. 발색이 옅은 편이라 좀 아쉽고, 생각한 색상과도 차이가 있네요. 여러 번 덧발라야 생각한 색이 발색될 듯해요. 다음에는 다른 색으로 구입해야겠어요.",가격,좋은 가격에 잘 구매했어요.,1,[속성] 가격 [문장] 좋은 가격에 잘 구매했어요.,0,가격,unchanged
test,train,[속성] 색상 [문장] 색상이 정말 예쁩니다.,672326,쇼핑몰,메이크업/뷰티소품,OO 무** 멀티 아이 컬러 팔레트 8.1g 1개,색상이 정말 예쁩니다. 펄 없는 것을 좋아하는데 제 취향에 딱 맞아요. 같이 보내주신 베이스도 사용해 보니 얼굴에서 빛이 납니다. 커버도 잘 스며들어요. 향도 좋네요. 샘플로 써 보고 좋으면 구매 의사 있습니다. 그런데 OO 팔레트에서 아이브러쉬 사은품이 빠졌네요. 마저 보내주셨으면 좋겠어요.,색상,색상이 정말 예쁩니다.,1,[속성] 색상 [문장] 색상이 정말 예쁩니다.,0,색상,unchanged
test,train,[속성] 흡수력 [문장] 잘 스며들어요.,672326,쇼핑몰,메이크업/뷰티소품,OO 무** 멀티 아이 컬러 팔레트 8.1g 1개,색상이 정말 예쁩니다. 펄 없는 것을 좋아하는데 제 취향에 딱 맞아요. 같이 보내주신 베이스도 사용해 보니 얼굴에서 빛이 납니다. 커버도 잘 스며들어요. 향도 좋네요. 샘플로 써 보고 좋으면 구매 의사 있습니다. 그런데 OO 팔레트에서 아이브러쉬 사은품이 빠졌네요. 마저 보내주셨으면 좋겠어요.,흡수력,잘 스며들어요.,1,[속성] 흡수력 [문장] 잘 스며들어요.,0,흡수력,unchanged
test,train,[속성] 향 [문장] 향도 좋네요.,672326,쇼핑몰,메이크업/뷰티소품,OO 무** 멀티 아이 컬러 팔레트 8.1g 1개,색상이 정말 예쁩니다. 펄 없는 것을 좋아하는데 제 취향에 딱 맞아요. 같이 보내주신 베이스도 사용해 보니 얼굴에서 빛이 납니다. 커버도 잘 스며들어요. 향도 좋네요. 샘플로 써 보고 좋으면 구매 의사 있습니다. 그런데 OO 팔레트에서 아이브러쉬 사은품이 빠졌네요. 마저 보내주셨으면 좋겠어요.,향,향도 좋네요.,1,[속성] 향 [문장] 향도 좋네요.,0,향,unchanged
test,train,[속성] 보습력/수분감 [문장] 생각보다 건조하고,663618,쇼핑몰,메이크업/뷰티소품,OO 맨** 케어 4.8g 1개,예전부터 ooo 제품을 사용했어서 이번에도 구입을 결정하게 되었어요. 이벤트도 진행되고 있어서 원래 구입하려던 제품 외에 추가 구입했습니다. 그런데 제품이 생각보다 건조하고 보습력이 안 좋고 유지력도 없습니다. 이번에는 만족스럽지 않네요.,보습력/수분감,생각보다 건조하고,-1,[속성] 보습력/수분감 [문장] 생각보다 건조하고,1,보습력/수분감/쿨링감,merged_duplicate_label
test,train,[속성] 보습력/수분감 [문장] 보습력이 안 좋고,663618,쇼핑몰,메이크업/뷰티소품,OO 맨** 케어 4.8g 1개,예전부터 ooo 제품을 사용했어서 이번에도 구입을 결정하게 되었어요. 이벤트도 진행되고 있어서 원래 구입하려던 제품 외에 추가 구입했습니다. 그런데 제품이 생각보다 건조하고 보습력이 안 좋고 유지력도 없습니다. 이번에는 만족스럽지 않네요.,보습력/수분감,보습력이 안 좋고,-1,[속성] 보습력/수분감 [문장] 보습력이 안 좋고,1,보습력/수분감/쿨링감,merged_duplicate_label
test,train,[속성] 향 [문장] 향도 별로예요.,668600,쇼핑몰,메이크업/뷰티소품,OO 후** 립케어 4.8g 1개,그냥 립밤만 바르기엔 생기없어 보일때 좋을 것 같아서 샀는데 그냥 림밥이랑 크게 다른 효과는 없네요. 향도 별로예요.,향,향도 별로예요.,-1,[속성] 향 [문장] 향도 별로예요.,1,향,unchanged
test,train,[속성] 지속력/유지력 [문장] 지속력은 별로에요.,672034,쇼핑몰,메이크업/뷰티소품,OO 샤** 섀도우 스틱 1.4g 1개,지속력은 별로에요. 그런데 바를 때 부드럽게 잘 발려서 마음에 듭니다.,지속력/유지력,지속력은 별로에요.,-1,[속성] 지속력/유지력 [문장] 지속력은 별로에요.,1,지속력/유지력,unchanged
test,train,[속성] 가격 [문장] 저렴한 가격으로 구매했어요.,666165,쇼핑몰,메이크업/뷰티소품,OO 한** 립밤 4g 1개,싼 가격에 잘 구매했어요. 처음에는 선물 받았는데 너무 좋아서 다 쓰고 구매하게 되었어요. 마침 OOO에서 행사해서 여러 개를 저렴한 가격으로 구매했어요. 향도 은은하게 좋고 발림성도 좋고 색상도 마음에 들어요. 지속력은 길지 않아 자주 샤용하게 되네요.,가격,저렴한 가격으로 구매했어요.,1,[속성] 가격 [문장] 저렴한 가격으로 구매했어요.,0,가격,unchanged
test,train,[속성] 향 [문장] 향도 은은하게 좋고,666165,쇼핑몰,메이크업/뷰티소품,OO 한** 립밤 4g 1개,싼 가격에 잘 구매했어요. 처음에는 선물 받았는데 너무 좋아서 다 쓰고 구매하게 되었어요. 마침 OOO에서 행사해서 여러 개를 저렴한 가격으로 구매했어요. 향도 은은하게 좋고 발림성도 좋고 색상도 마음에 들어요. 지속력은 길지 않아 자주 샤용하게 되네요.,향,향도 은은하게 좋고,1,[속성] 향 [문장] 향도 은은하게 좋고,0,향,unchanged
test,train,"[속성] 발색력 [문장] 발색도 좋고,",671622,쇼핑몰,메이크업/뷰티소품,OO 프** 아이팔레트 6g 1개,"발색도 좋고, 색이 다양해서 좋은데 발라 놓으면 색이 거의 비슷비슷한 듯합니다.",발색력,"발색도 좋고,",1,"[속성] 발색력 [문장] 발색도 좋고,",0,발색력,unchanged
test,train,[속성] 흡수력 [문장] 번들거리지 않아서 좋아요.,668547,쇼핑몰,메이크업/뷰티소품,OO 후** 립케어 4.8g 1개,일 년에 몇 개씩 쓰고 있습니다. 색이 약하게 발색되어서 좋아요. 그래서 립 대용으로도 활용이 가능합니다. 보습력은 떨어지나 번들거리지 않아서 좋아요. 저에게 딱 맞는 제품입니다. 제품이 좋아서 십수 년 전부터 사용하고 있습니다.,흡수력,번들거리지 않아서 좋아요.,1,[속성] 흡수력 [문장] 번들거리지 않아서 좋아요.,0,흡수력,unchanged
test,train,[속성] 기능/효과 [문장] 저에게 딱 맞는 제품입니다.,668547,쇼핑몰,메이크업/뷰티소품,OO 후** 립케어 4.8g 1개,일 년에 몇 개씩 쓰고 있습니다. 색이 약하게 발색되어서 좋아요. 그래서 립 대용으로도 활용이 가능합니다. 보습력은 떨어지나 번들거리지 않아서 좋아요. 저에게 딱 맞는 제품입니다. 제품이 좋아서 십수 년 전부터 사용하고 있습니다.,기능/효과,저에게 딱 맞는 제품입니다.,1,[속성] 기능/효과 [문장] 저에게 딱 맞는 제품입니다.,0,기능/효과,unchanged
test,train,[속성] 발림성 [문장] 발림성도 좋습니다.,664533,쇼핑몰,메이크업/뷰티소품,OO 파** 리퀴드 립컬러 5ml 1개,보습력이 별루네요. 개봉해서 반품도 못하고 색상은 예쁩니다. 생각했던 것보단 색상이 훨씬 이쁩니다. 발림성도 좋습니다. 하지만 매트하게 발리는 파우더리한 이 느낌으로 건조한다는 걸 생각 못했어요. 그러나 색상이 이쁘니 그냥 사용합니다. 오래가는것 같기도 합니다.,발림성,발림성도 좋습니다.,1,[속성] 발림성 [문장] 발림성도 좋습니다.,0,발림성,unchanged
test,validation,[속성] 향 [문장] 향이 없고,663063,쇼핑몰,메이크업/뷰티소품,OO 일** 무향 립밤 3.2g 1개,향이 없고 성분이 착해서 쓰고 있습니다. 이 브랜드 좋아합니다. 성분이 착해서 효능 별로 일 줄 알았는데 바르면 흡수도 잘 되고 좋습니다. 양도 두개라 올 겨울 이거로 잘 쓸 것 같습니다.,향,향이 없고,1,[속성] 향 [문장] 향이 없고,0,향,unchanged
test,train,[속성] 성분 [문장] 성분이 착해서,663063,쇼핑몰,메이크업/뷰티소품,OO 일** 무향 립밤 3.2g 1개,향이 없고 성분이 착해서 쓰고 있습니다. 이 브랜드 좋아합니다. 성분이 착해서 효능 별로 일 줄 알았는데 바르면 흡수도 잘 되고 좋습니다. 양도 두개라 올 겨울 이거로 잘 쓸 것 같습니다.,성분,성분이 착해서,1,[속성] 성분 [문장] 성분이 착해서,0,성분,unchanged
test,train,[속성] 흡수력 [문장] 흡수도 잘 되고 좋습니다.,663063,쇼핑몰,메이크업/뷰티소품,OO 일** 무향 립밤 3.2g 1개,향이 없고 성분이 착해서 쓰고 있습니다. 이 브랜드 좋아합니다. 성분이 착해서 효능 별로 일 줄 알았는데 바르면 흡수도 잘 되고 좋습니다. 양도 두개라 올 겨울 이거로 잘 쓸 것 같습니다.,흡수력,흡수도 잘 되고 좋습니다.,1,[속성] 흡수력 [문장] 흡수도 잘 되고 좋습니다.,0,흡수력,unchanged
test,train,[속성] 보습력/수분감 [문장] 매트하네요.,663666,쇼핑몰,메이크업/뷰티소품,OO 맨** 케어 4.8g 1개,OOO은 믿고 구입하는 브랜드라 겨울에 입술을 보호하는데 주문했습니다. 남성용이라 그런지 매트하네요. 건조한 입술에 바르니 촉촉하지 않습니다. 자주 발라줘야 할 것 같습니다.,보습력/수분감,매트하네요.,-1,[속성] 보습력/수분감 [문장] 매트하네요.,1,보습력/수분감/쿨링감,merged_duplicate_label
test,train,[속성] 보습력/수분감 [문장] 촉촉하지 않습니다.,663666,쇼핑몰,메이크업/뷰티소품,OO 맨** 케어 4.8g 1개,OOO은 믿고 구입하는 브랜드라 겨울에 입술을 보호하는데 주문했습니다. 남성용이라 그런지 매트하네요. 건조한 입술에 바르니 촉촉하지 않습니다. 자주 발라줘야 할 것 같습니다.,보습력/수분감,촉촉하지 않습니다.,-1,[속성] 보습력/수분감 [문장] 촉촉하지 않습니다.,1,보습력/수분감/쿨링감,merged_duplicate_label
test,train,[속성] 보습력/수분감 [문장] 보습력이 떨어지고,662128,쇼핑몰,메이크업/뷰티소품,OO 제** 립밤 4g 1개,향기나는 제품보다 무향제품이 좋아서 주문했습니다. 보습력이 떨어지고 지속력도 좋지 않습니다.,보습력/수분감,보습력이 떨어지고,-1,[속성] 보습력/수분감 [문장] 보습력이 떨어지고,1,보습력/수분감/쿨링감,merged_duplicate_label
test,train,[속성] 지속력/유지력 [문장] 지속력도 좋지 않습니다.,662128,쇼핑몰,메이크업/뷰티소품,OO 제** 립밤 4g 1개,향기나는 제품보다 무향제품이 좋아서 주문했습니다. 보습력이 떨어지고 지속력도 좋지 않습니다.,지속력/유지력,지속력도 좋지 않습니다.,-1,[속성] 지속력/유지력 [문장] 지속력도 좋지 않습니다.,1,지속력/유지력,unchanged
test,train,[속성] 기능/효과 [문장] 겨울에 쓰기 딱 좋은 제품입니다.,666944,쇼핑몰,메이크업/뷰티소품,OO 울** 립글로우 3.4g 1개,계속 쓰던 제품입니다. 가격 할인을 하길래 얼른 구매했습니다. 색이 약하다는 상품평도 있던데 사람마다 다른가 봅니다. 겨울에 쓰기 딱 좋은 제품입니다. 포장도 예뻐요.,기능/효과,겨울에 쓰기 딱 좋은 제품입니다.,1,[속성] 기능/효과 [문장] 겨울에 쓰기 딱 좋은 제품입니다.,0,기능/효과,unchanged
test,train,[속성] 제품구성 [문장] 샘플도 안 와서 아쉽습니다.,666712,쇼핑몰,메이크업/뷰티소품,OO 한** 립밤 4g 1개,비싸게 주고 산 것 같네요. 샘플도 안 와서 아쉽습니다. 제품 사용해봤는데 향이 너무 진해서 마음에 안 들어요.,제품구성,샘플도 안 와서 아쉽습니다.,-1,[속성] 제품구성 [문장] 샘플도 안 와서 아쉽습니다.,1,제품구성,unchanged
test,validation,[속성] 보습력/수분감 [문장] 건조하지 않아서 좋습니다.,665126,쇼핑몰,메이크업/뷰티소품,OO 벨** 립틴트 4g 1개,너무 마음에 들어서 추천합니다. 색상이 정말 마음에 들어요. 바이올렛 같은 핑크라서 좋습니다. 갖고 있지 않은 핑크 색이라서 더 좋습니다. 쿨톤이라 푸른빛 도는 컬러감을 선호하는데 이 색상도 괜찮습니다.이건 웜톤 쿨톤에 색상이 다 괜찮을듯요 부드럽게 발리고 건조하지 않아서 좋습니다.,보습력/수분감,건조하지 않아서 좋습니다.,1,[속성] 보습력/수분감 [문장] 건조하지 않아서 좋습니다.,0,보습력/수분감/쿨링감,merged_duplicate_label
test,train,[속성] 흡수력 [문장] 번들거리지만,663628,쇼핑몰,메이크업/뷰티소품,OO 맨** 케어 4.8g 1개,한번에 많이 사서 주변에 나눠줬는데 다들 좋아했습니다. 남성분에게는 맨 케어로 드렸는데 촉촉하다며 잘 바르고 다니시더라고요. 많이 바르면 번들거리지만 바르면 촉촉해서 좋다고 하시네요.,흡수력,번들거리지만,-1,[속성] 흡수력 [문장] 번들거리지만,1,흡수력,unchanged
test,train,[속성] 발림성 [문장] 부드럽게 발라지고,666095,쇼핑몰,메이크업/뷰티소품,OO 한** 립밤 4g 1개,쓰던 무색도 떨어지고 아들도 겨울이라 하나 주려고 OOO 색으로 구입했어요. 부드럽게 발라지고 촉촉해요. 날씨가 건조해지면 꼭 필요한 제품입니다.,발림성,부드럽게 발라지고,1,[속성] 발림성 [문장] 부드럽게 발라지고,0,발림성,unchanged
test,train,[속성] 보습력/수분감 [문장] 촉촉해요.,666095,쇼핑몰,메이크업/뷰티소품,OO 한** 립밤 4g 1개,쓰던 무색도 떨어지고 아들도 겨울이라 하나 주려고 OOO 색으로 구입했어요. 부드럽게 발라지고 촉촉해요. 날씨가 건조해지면 꼭 필요한 제품입니다.,보습력/수분감,촉촉해요.,1,[속성] 보습력/수분감 [문장] 촉촉해요.,0,보습력/수분감/쿨링감,merged_duplicate_label
test,train,[속성] 보습력/수분감 [문장] 촉촉하니 좋아요.,662701,쇼핑몰,메이크업/뷰티소품,OO 바** 워터 틴트 4.3g 1개,발색이 화면색보단 별로네요. 그래도 촉촉하니 좋아요. 근데 생각보단 빨리 지워지네요. 묻어나는것도 다른 틴트랑 비슷해서 별로네요.,보습력/수분감,촉촉하니 좋아요.,1,[속성] 보습력/수분감 [문장] 촉촉하니 좋아요.,0,보습력/수분감/쿨링감,merged_duplicate_label
test,train,[속성] 발림성 [문장] 발림성도 좋네요,667326,쇼핑몰,메이크업/뷰티소품,OO 울** 립글로우 3.4g 1개,지속력도 좋고 발림성도 좋네요. 색상도 아주 마음에 들어요. 그런데 세안하고 난 후에도 제품이 남아 있는 게 안 좋아요.,발림성,발림성도 좋네요,1,[속성] 발림성 [문장] 발림성도 좋네요,0,발림성,unchanged
test,train,[속성] 지속력/유지력 [문장] 지속력은 별로입니다.,664838,쇼핑몰,메이크업/뷰티소품,OO 벨** 립틴트 4g 1개,유명한 제품이라서 사봤는데 발색 예쁘고 괜찮습니다. 그런데 지속력은 별로입니다. 재구매는 안 할 거 같아요.,지속력/유지력,지속력은 별로입니다.,-1,[속성] 지속력/유지력 [문장] 지속력은 별로입니다.,1,지속력/유지력,unchanged
test,train,[속성] 지속력/유지력 [문장] 지속력이 좋습니다.,671423,쇼핑몰,메이크업/뷰티소품,OO 프** 아이팔레트 6g 1개,가격에 비해서 가성비 아주 좋고 색상이나 지속력이 좋습니다. 이것만 쓰게 됩니다. 명품 화장품이랑 비교해도 손색이 없습니다.,지속력/유지력,지속력이 좋습니다.,1,[속성] 지속력/유지력 [문장] 지속력이 좋습니다.,0,지속력/유지력,unchanged
test,validation,[속성] 색상 [문장] 색이 너무 예쁩니다.,664465,쇼핑몰,메이크업/뷰티소품,OO 파** 리퀴드 립컬러 5ml 1개,색이 너무 예쁩니다. 근데 묻어남은 좀 있네요. 밀착이 잘 안되고요. 지속력은 생각보다 떨어지는거 같습니다. 발림성은 좋습니다. 바르면 보송해요. 촉촉하진 않아서 바르기 전에 립밥은 꼭 바르고 발라야 예쁘게 발리네요. 다른 색도 사고 싶은데 품절이라 못 사서 아쉽네요.,색상,색이 너무 예쁩니다.,1,[속성] 색상 [문장] 색이 너무 예쁩니다.,0,색상,unchanged
test,train,[속성] 발림성 [문장] 발림성은 좋습니다.,664465,쇼핑몰,메이크업/뷰티소품,OO 파** 리퀴드 립컬러 5ml 1개,색이 너무 예쁩니다. 근데 묻어남은 좀 있네요. 밀착이 잘 안되고요. 지속력은 생각보다 떨어지는거 같습니다. 발림성은 좋습니다. 바르면 보송해요. 촉촉하진 않아서 바르기 전에 립밥은 꼭 바르고 발라야 예쁘게 발리네요. 다른 색도 사고 싶은데 품절이라 못 사서 아쉽네요.,발림성,발림성은 좋습니다.,1,[속성] 발림성 [문장] 발림성은 좋습니다.,0,발림성,unchanged
test,train,[속성] 지속력/유지력 [문장] 지속력이 약해,668920,쇼핑몰,메이크업/뷰티소품,OO 에** 슈퍼 롱래쉬 6ml 1개,통에 들어있는 검은색 섬유 같은 것 때문에 바르기가 불편하네요. 지속력이 약해 눈썹이 생각보다 금방 쳐지네요. 다음에 구매 안하게 될 것 같습니다.,지속력/유지력,지속력이 약해,-1,[속성] 지속력/유지력 [문장] 지속력이 약해,1,지속력/유지력,unchanged
test,validation,[속성] 발색력 [문장] 발색도 잘 되네요.,662424,쇼핑몰,메이크업/뷰티소품,OO 바** 워터 틴트 4.3g 1개,하나 주문했는데도 포장도 꼼꼼하게 잘 해주셨어요. 발림성 좋고 발색도 잘 되네요. 사은품 하나도 안주시고 마스크에는 묻어나지 않는다고 했는데 묻어나요.,발색력,발색도 잘 되네요.,1,[속성] 발색력 [문장] 발색도 잘 되네요.,0,발색력,unchanged
test,train,[속성] 발림성 [문장] 발림성은 좋으나,662007,쇼핑몰,메이크업/뷰티소품,OO 루** 슬림 쉬어 마뜨 2g 1개,발림성은 좋으나 지속력이 떨어지고 얼마 쓰지도 않았는데 립스틱 혼자서 떨어져서 어느 날 뚜껑을 열었는데 립스틱이 툭 튀어 나옵니다. 그리고 색상도 입술색과 비슷해서 티 가 안납니다. 발라도 바른 느낌이 안 드는 색상입니다.,발림성,발림성은 좋으나,1,[속성] 발림성 [문장] 발림성은 좋으나,0,발림성,unchanged
test,train,[속성] 보습력/수분감 [문장] 너무 건조해요.,666233,쇼핑몰,메이크업/뷰티소품,OO 한** 립밤 4g 1개,입술은 건조하고 육아로 화장할 여유는 없고 해서 ㅇㅇㅇ 립밤 샀어요. 그냥 바르기는 불편하네요. 너무 건조해요.,보습력/수분감,너무 건조해요.,-1,[속성] 보습력/수분감 [문장] 너무 건조해요.,1,보습력/수분감/쿨링감,merged_duplicate_label
test,train,[속성] 발색력 [문장] 발색력도 좋아서,661822,쇼핑몰,메이크업/뷰티소품,OO 루** 슬림 쉬어 마뜨 2g 1개,지금 시기에 바르기 좋은 색상입니다. 입술산을 따서 바르기 편하게 각이 져있어서 풀립으로 바르시는 분들이면 아주 만족 하실 거 같습니다. 발색력도 좋아서 한 번만 발라도 색상이 깨끗하게 표현되서 좋습니다.,발색력,발색력도 좋아서,1,[속성] 발색력 [문장] 발색력도 좋아서,0,발색력,unchanged
test,train,[속성] 가격 [문장] 비싸지만,665712,쇼핑몰,메이크업/뷰티소품,OO 트** 립 4.3g 1개,"다른 곳 보다 빠르게 출고해 주셔서 빨리 받을 수 있었어요. 립밤 냄새가 달달하고 은은한 비누 향 같아서 좋고, 발색도 조절할 수 있어서 좋았어요. 지난번 구매 후 잃어버려서 립밤 살려고 생각하던 중에 이 제품 다른 제품들 보다 비싸서 고민 좀 했는데 비싸지만 향이 좋고 디자인도 예뻐서 재구매 했어요.",가격,비싸지만,-1,[속성] 가격 [문장] 비싸지만,1,가격,unchanged
test,train,[속성] 가격 [문장] 비싸게 구매했는데,662151,쇼핑몰,메이크업/뷰티소품,OO 제** 립밤 4g 1개,비싸게 구매했는데 배송도 늦어서 아쉬웠어요. 향이 없는 줄 알았는데 달달한 향이 나서 별로네요. 입술이 잘 터져서 립밤을 수시로 바르는데 촉촉하지도 않아서 손이 잘 안 가요.,가격,비싸게 구매했는데,-1,[속성] 가격 [문장] 비싸게 구매했는데,1,가격,unchanged
test,train,[속성] 발림성 [문장] 잘 안 그려져요.,670571,쇼핑몰,메이크업/뷰티소품,OO 에** 드로잉 아이브라우 0.25g 1개,OO에서 아이브로우 펜슬은 처음 사용해 봅니다. 사용감이 영 별로네요. 그리기 불편하고 잘 안 그려져요.,발림성,잘 안 그려져요.,-1,[속성] 발림성 [문장] 잘 안 그려져요.,1,발림성,unchanged
test,train,[속성] 보습력/수분감 [문장] 보습력은 좋습니다.,665813,쇼핑몰,메이크업/뷰티소품,OO 한** 립밤 4g 1개,"품질, 디자인, 가격, 배송 전부 마음에 들어요. 케이스 디자인도 취향 저격이고 품질도 괜찮은데 바르고나면 입술에 오일 묻은것 같은 느낌이에요. 개인적으로 그건 별로지만 보습력은 좋습니다. 가격은 할인해서 만족이에요.",보습력/수분감,보습력은 좋습니다.,1,[속성] 보습력/수분감 [문장] 보습력은 좋습니다.,0,보습력/수분감/쿨링감,merged_duplicate_label
test,train,[속성] 흡수력 [문장] 번들거리지 않고,662137,쇼핑몰,메이크업/뷰티소품,OO 제** 립밤 4g 1개,번들거리지 않고 무향이라 좋아요. 남녀노소 무난하게 쓰기 괜찮아요.,흡수력,번들거리지 않고,1,[속성] 흡수력 [문장] 번들거리지 않고,0,흡수력,unchanged
test,train,[속성] 향 [문장] 무향이라 좋아요.,662137,쇼핑몰,메이크업/뷰티소품,OO 제** 립밤 4g 1개,번들거리지 않고 무향이라 좋아요. 남녀노소 무난하게 쓰기 괜찮아요.,향,무향이라 좋아요.,1,[속성] 향 [문장] 무향이라 좋아요.,0,향,unchanged
test,train,[속성] 보습력/수분감 [문장] 매트한데,662870,쇼핑몰,메이크업/뷰티소품,OO 속** 틴트 1.6g 1개,항상 사용하는 틴트입니다. 선명하게 발색되어서 좋아요. 매트한데 입술이 워낙 건조한 편이라 자주는 안 바르고 살짝만 발라요. 발색이 오래 유지되어서 좋습니다.,보습력/수분감,매트한데,-1,[속성] 보습력/수분감 [문장] 매트한데,1,보습력/수분감/쿨링감,merged_duplicate_label
test,train,[속성] 발색력 [문장] 발색 좋습니다.,664884,쇼핑몰,메이크업/뷰티소품,OO 벨** 립틴트 4g 1개,색상이 은은하면서 발색 좋습니다. 색상은 무난한데 잘 묻어나는 게 살짝 아쉽긴 하지만 전반적으로 봤을 땐 나쁘지 않습니다. 재구매 의사 있어요. 은은한 코랄 메이크업 원하시는 분들에게 딱 맞을 것 같아요.,발색력,발색 좋습니다.,1,[속성] 발색력 [문장] 발색 좋습니다.,0,발색력,unchanged
test,train,[속성] 발림성 [문장] 발림이 부드럽고,666027,쇼핑몰,메이크업/뷰티소품,OO 한** 립밤 4g 1개,제품에 기대 없이 결제 금액 맞추려고 구매했습니다. 그런데 사용해보니 완전 좋습니다. 발림이 부드럽고 촉촉하고 발색도 좋습니다. 색상도 보랏빛이 도는 핑크색이라 좋습니다. 잘 사용하겠습니다. 재구매하겠습니다.,발림성,발림이 부드럽고,1,[속성] 발림성 [문장] 발림이 부드럽고,0,발림성,unchanged
test,train,[속성] 기능/효과 [문장] 데일리로 사용하기 좋습니다.,668781,쇼핑몰,메이크업/뷰티소품,OO 에** 슈퍼 롱래쉬 6ml 1개,브라운 마스카라와 섞어서 사용하기 좋아요. 데일리로 사용하기 좋습니다. 지속력 좋고 눈썹 쳐짐 없고 오래 유지됩니다. 잘 안 지워집니다. 물이나 땀에 강하고 물놀이 가도 좋아요.,기능/효과,데일리로 사용하기 좋습니다.,1,[속성] 기능/효과 [문장] 데일리로 사용하기 좋습니다.,0,기능/효과,unchanged
test,train,[속성] 지속력/유지력 [문장] 지속력 좋고,668781,쇼핑몰,메이크업/뷰티소품,OO 에** 슈퍼 롱래쉬 6ml 1개,브라운 마스카라와 섞어서 사용하기 좋아요. 데일리로 사용하기 좋습니다. 지속력 좋고 눈썹 쳐짐 없고 오래 유지됩니다. 잘 안 지워집니다. 물이나 땀에 강하고 물놀이 가도 좋아요.,지속력/유지력,지속력 좋고,1,[속성] 지속력/유지력 [문장] 지속력 좋고,0,지속력/유지력,unchanged
test,train,[속성] 지속력/유지력 [문장] 오래 유지됩니다.,668781,쇼핑몰,메이크업/뷰티소품,OO 에** 슈퍼 롱래쉬 6ml 1개,브라운 마스카라와 섞어서 사용하기 좋아요. 데일리로 사용하기 좋습니다. 지속력 좋고 눈썹 쳐짐 없고 오래 유지됩니다. 잘 안 지워집니다. 물이나 땀에 강하고 물놀이 가도 좋아요.,지속력/유지력,오래 유지됩니다.,1,[속성] 지속력/유지력 [문장] 오래 유지됩니다.,0,지속력/유지력,unchanged
test,train,[속성] 색상 [문장] 색도 이쁘고,666267,쇼핑몰,메이크업/뷰티소품,OO 한** 립밤 4g 1개,포장 감사해요. 그리고 향도 좋고 발림성도 좋고 색도 이쁘고 케이스도 이쁘고 너무 만족스럽습니다. 많이 파십시오.,색상,색도 이쁘고,1,[속성] 색상 [문장] 색도 이쁘고,0,색상,unchanged
test,train,[속성] 용기 [문장] 케이스도 이쁘고,666267,쇼핑몰,메이크업/뷰티소품,OO 한** 립밤 4g 1개,포장 감사해요. 그리고 향도 좋고 발림성도 좋고 색도 이쁘고 케이스도 이쁘고 너무 만족스럽습니다. 많이 파십시오.,용기,케이스도 이쁘고,1,[속성] 용기 [문장] 케이스도 이쁘고,0,용기,unchanged
test,train,[속성] 지속력/유지력 [문장] 지속력이 좋아서,662730,쇼핑몰,메이크업/뷰티소품,OO 속** 틴트 1.6g 1개,지인이 사용할 때 지속력이 좋아서 물어보고 구매했습니다. 물놀이 갈 때 가져가야 할 아이템이네요. 용량은 작지만 타사 제품처럼 여러 번 바를 필요도 없어서 편리합니다.,지속력/유지력,지속력이 좋아서,1,[속성] 지속력/유지력 [문장] 지속력이 좋아서,0,지속력/유지력,unchanged
test,train,[속성] 용량/개수 [문장] 용량은 작지만,662730,쇼핑몰,메이크업/뷰티소품,OO 속** 틴트 1.6g 1개,지인이 사용할 때 지속력이 좋아서 물어보고 구매했습니다. 물놀이 갈 때 가져가야 할 아이템이네요. 용량은 작지만 타사 제품처럼 여러 번 바를 필요도 없어서 편리합니다.,용량/개수,용량은 작지만,-1,[속성] 용량/개수 [문장] 용량은 작지만,1,용량/개수,unchanged
test,train,[속성] 색상 [문장] 예쁩니다.,665023,쇼핑몰,메이크업/뷰티소품,OO 벨** 립틴트 4g 1개,"색이 정말 선명하고 예쁩니다. 외출 안 하고 집에만 있는 날에도 보여줄 사람도 없는데 혼자 발라 볼 정도로 색이 정말 이뻐요. 적당히 매트하고, 오래가고 좋습니다.",색상,예쁩니다.,1,[속성] 색상 [문장] 예쁩니다.,0,색상,unchanged
test,train,[속성] 지속력/유지력 [문장] 오래가고 좋습니다.,665023,쇼핑몰,메이크업/뷰티소품,OO 벨** 립틴트 4g 1개,"색이 정말 선명하고 예쁩니다. 외출 안 하고 집에만 있는 날에도 보여줄 사람도 없는데 혼자 발라 볼 정도로 색이 정말 이뻐요. 적당히 매트하고, 오래가고 좋습니다.",지속력/유지력,오래가고 좋습니다.,1,[속성] 지속력/유지력 [문장] 오래가고 좋습니다.,0,지속력/유지력,unchanged
test,train,[속성] 지속력/유지력 [문장] 오래 지속되어서 좋습니다.,667664,쇼핑몰,메이크업/뷰티소품,OO 울** 립글로우 3.4g 1개,평소에 OOO 립글로우를 자주 쓰는데 좋아요. 금액이 좀 더 저렴하면 좋겠지만 발색이 좋고 촉촉함이 오래 지속되어서 좋습니다.,지속력/유지력,오래 지속되어서 좋습니다.,1,[속성] 지속력/유지력 [문장] 오래 지속되어서 좋습니다.,0,지속력/유지력,unchanged
test,train,[속성] 발색력 [문장] 발색이 잘 안 되네요.,668661,쇼핑몰,메이크업/뷰티소품,OO 후** 립케어 4.8g 1개,발색이 잘 안 되네요. 무향을 선호하는데 이 제품은 향이 너무 진해서 안 좋네요. 보습도 다른 제품보다 안 좋은 것 같습니다.,발색력,발색이 잘 안 되네요.,-1,[속성] 발색력 [문장] 발색이 잘 안 되네요.,1,발색력,unchanged
test,train,[속성] 지속력/유지력 [문장] 지속력 좋습니다.,665101,쇼핑몰,메이크업/뷰티소품,OO 벨** 립틴트 4g 1개,지속력 좋습니다. 색상은 어두운 느낌이 있는데 연하게 발라주면 발색이 예쁘게 됩니다.,지속력/유지력,지속력 좋습니다.,1,[속성] 지속력/유지력 [문장] 지속력 좋습니다.,0,지속력/유지력,unchanged
test,train,[속성] 발색력 [문장] 발색력도 좋네요.,664886,쇼핑몰,메이크업/뷰티소품,OO 벨** 립틴트 4g 1개,좋은 가격에 잘 구매했어요. 데일리로 바르기 좋은 제품이네요. 휴대가 간편해서 가방에 넣고 다니며 자주 사용합니다. 자연스러운 색상과 발색력도 좋네요.,발색력,발색력도 좋네요.,1,[속성] 발색력 [문장] 발색력도 좋네요.,0,발색력,unchanged
test,train,[속성] 향 [문장] 향도 강해서 부담스러워요.,665806,쇼핑몰,메이크업/뷰티소품,OO 한** 립밤 4g 1개,바를때 부드럽지 않고 촉촉함이 오래가지 않아요. 향도 강해서 부담스러워요.,향,향도 강해서 부담스러워요.,-1,[속성] 향 [문장] 향도 강해서 부담스러워요.,1,향,unchanged
test,validation,[속성] 발색력 [문장] 발색이 잘 되고,662822,쇼핑몰,메이크업/뷰티소품,OO 속** 틴트 1.6g 1개,배송도 빠르고 포장도 잘 되어서 도착했습니다. 용량은 작지만 저는 이 용량도 만족합니다. 발색이 잘 되고 색상도 예쁘고 지속력도 오래 가서 좋습니다.,발색력,발색이 잘 되고,1,[속성] 발색력 [문장] 발색이 잘 되고,0,발색력,unchanged
test,train,[속성] 발림성 [문장] 뻑뻑하게 발리네요.,662411,쇼핑몰,메이크업/뷰티소품,OO 바** 워터 틴트 4.3g 1개,처음 써보는데 뻑뻑하게 발리네요. 색도 별로고 바르고 난 후 묻어남이 있는거 같아 정말 별로네요. 첫 사용감은 별로예요. 재구매 의사 없어요.,발림성,뻑뻑하게 발리네요.,-1,[속성] 발림성 [문장] 뻑뻑하게 발리네요.,1,발림성,unchanged
test,train,[속성] 발림성 [문장] 부드러운 발림성과,669909,쇼핑몰,메이크업/뷰티소품,OO 에** 드로잉 아이브라우 0.25g 1개,부드러운 발림성과 자연스러운 발색력으로 깔끔하고 섬세한 눈썹 연출로 감쪽같이 내 눈썹처럼 표현돼 저한테 잘맞네요,발림성,부드러운 발림성과,1,[속성] 발림성 [문장] 부드러운 발림성과,0,발림성,unchanged
test,train,[속성] 지속력/유지력 [문장] 지속력도 별로예요.,663066,쇼핑몰,메이크업/뷰티소품,OO 일** 무향 립밤 3.2g 1개,부드러운줄 알고 주문했는데 생각보다 뻑뻑하게 발려요. 지속력도 별로예요. 그래도 입술이 자꾸트니 열심히 쓰려구요.,지속력/유지력,지속력도 별로예요.,-1,[속성] 지속력/유지력 [문장] 지속력도 별로예요.,1,지속력/유지력,unchanged
test,train,[속성] 발림성 [문장] 발림성도 좋은데,668048,쇼핑몰,메이크업/뷰티소품,OO 후** 립케어 4.8g 1개,제형이 보들보들 좋아요. 단 지속력은 조금 떨어집니다. 향도 좋고 발림성도 좋은데 지속력이 떨어져서 자주 발라야해요. 지금 건조한 날씨의 영향도 있긴하고 제가 워낙 입술이 건조해서 더 그렇게 느낄수도 있네요. 그래도 이거 없으면 못 사네요..,발림성,발림성도 좋은데,1,[속성] 발림성 [문장] 발림성도 좋은데,0,발림성,unchanged
test,train,[속성] 가격 [문장] 저렴하게 잘 샀습니다.,668316,쇼핑몰,메이크업/뷰티소품,OO 후** 립케어 4.8g 1개,저렴하게 잘 샀습니다. 촉촉하고 좋습니다. 원래 입술 붉은 분들은 발색이 자연스럽습니다. 묻어남이 있어서 아쉽네요.,가격,저렴하게 잘 샀습니다.,1,[속성] 가격 [문장] 저렴하게 잘 샀습니다.,0,가격,unchanged
test,validation,[속성] 발림성 [문장] 부드럽게 그려지지 않아요.,670437,쇼핑몰,메이크업/뷰티소품,OO 에** 드로잉 아이브라우 0.25g 1개,부드럽게 그려지지 않아요. 색감도 연하고 바르면 색이 자연스럽지 않네요.,발림성,부드럽게 그려지지 않아요.,-1,[속성] 발림성 [문장] 부드럽게 그려지지 않아요.,1,발림성,unchanged
test,train,[속성] 발색력 [문장] 화사하게 발색되어서,661930,쇼핑몰,메이크업/뷰티소품,OO 루** 슬림 쉬어 마뜨 2g 1개,로즈우드 색상 쓰다가 이 색상으로 샀는데 지금은 이 색상을 더 잘 쓰고 있습니다. 이 색상이 좀 더 화사하게 발색되어서 얼굴 톤을 밝혀 주네요. 지속력은 떨어지지만 촉촉해서 좋아요. 재구매 의사 있습니다. 빠른 배송도 감사해요.,발색력,화사하게 발색되어서,1,[속성] 발색력 [문장] 화사하게 발색되어서,0,발색력,unchanged
test,train,[속성] 보습력/수분감 [문장] 촉촉해서 좋아요.,661930,쇼핑몰,메이크업/뷰티소품,OO 루** 슬림 쉬어 마뜨 2g 1개,로즈우드 색상 쓰다가 이 색상으로 샀는데 지금은 이 색상을 더 잘 쓰고 있습니다. 이 색상이 좀 더 화사하게 발색되어서 얼굴 톤을 밝혀 주네요. 지속력은 떨어지지만 촉촉해서 좋아요. 재구매 의사 있습니다. 빠른 배송도 감사해요.,보습력/수분감,촉촉해서 좋아요.,1,[속성] 보습력/수분감 [문장] 촉촉해서 좋아요.,0,보습력/수분감/쿨링감,merged_duplicate_label
test,train,[속성] 발림성 [문장] 발림성도 부드럽고,665560,쇼핑몰,메이크업/뷰티소품,OO 벨** 립틴트 4g 1개,발림성도 부드럽고 매트하지도 않고 너무 촉촉하지도 않는 딱 좋은 느낌이네요. 색상도 입술에 바르면 이쁘게 표현되네요. 다른 색상도 구매하고 싶습니다.,발림성,발림성도 부드럽고,1,[속성] 발림성 [문장] 발림성도 부드럽고,0,발림성,unchanged
test,train,[속성] 지속력/유지력 [문장] 지속력이 좋고,671449,쇼핑몰,메이크업/뷰티소품,OO 프** 아이팔레트 6g 1개,지속력이 좋고 예쁘게 발색됩니다. 화려하지 않고 은은한 발색력이 마음에 듭니다. 가루 날림은 있습니다. 발색이 강하지 않아서 좋아요. 제품은 마음에 드는데 비싼 점이 아쉽네요. 더 저렴하게 파는 곳이 있더라고요.,지속력/유지력,지속력이 좋고,1,[속성] 지속력/유지력 [문장] 지속력이 좋고,0,지속력/유지력,unchanged
test,train,[속성] 발색력 [문장] 예쁘게 발색됩니다.,671449,쇼핑몰,메이크업/뷰티소품,OO 프** 아이팔레트 6g 1개,지속력이 좋고 예쁘게 발색됩니다. 화려하지 않고 은은한 발색력이 마음에 듭니다. 가루 날림은 있습니다. 발색이 강하지 않아서 좋아요. 제품은 마음에 드는데 비싼 점이 아쉽네요. 더 저렴하게 파는 곳이 있더라고요.,발색력,예쁘게 발색됩니다.,1,[속성] 발색력 [문장] 예쁘게 발색됩니다.,0,발색력,unchanged
test,train,[속성] 향 [문장] 향도 강해서 별로에요,666673,쇼핑몰,메이크업/뷰티소품,OO 한** 립밤 4g 1개,안 좋습니다. 맘에 안 들어요. 재구매 의사 없어요. 케이스도 안 이쁘고 향도 강해서 별로에요. 배송은 깔끔하게 왔네요.,향,향도 강해서 별로에요,-1,[속성] 향 [문장] 향도 강해서 별로에요,1,향,unchanged
test,train,[속성] 가격 [문장] 가격대비 별로인 거 같아요.,668169,쇼핑몰,메이크업/뷰티소품,OO 후** 립케어 4.8g 1개,원래 쓰던 향이 있었는데 이번에 다른 향으로 구매해 봤어요. 그런데 가격대비 별로인 거 같아요. 향이 마음에 안 들고 발색이 있어서 남성들이나 아이들은 사용하기 별로일 거 같아요.,가격,가격대비 별로인 거 같아요.,-1,[속성] 가격 [문장] 가격대비 별로인 거 같아요.,1,가격,unchanged
test,train,[속성] 향 [문장] 향이 마음에 안 들고,668169,쇼핑몰,메이크업/뷰티소품,OO 후** 립케어 4.8g 1개,원래 쓰던 향이 있었는데 이번에 다른 향으로 구매해 봤어요. 그런데 가격대비 별로인 거 같아요. 향이 마음에 안 들고 발색이 있어서 남성들이나 아이들은 사용하기 별로일 거 같아요.,향,향이 마음에 안 들고,-1,[속성] 향 [문장] 향이 마음에 안 들고,1,향,unchanged
test,validation,[속성] 발림성 [문장] 잘 그려지지 않아요.,669951,쇼핑몰,메이크업/뷰티소품,OO 에** 드로잉 아이브라우 0.25g 1개,OOO 후기가 좋아서 구매해 봤습니다. 다양하게 연출하고 싶어서 여러 개 구매했는데 리뉴얼 전 제품보다 발림성이 안 좋은 거 같아요. 리뉴얼 전 펜슬은 부드럽게 잘 발리고 색상이 진해서 좋았어요. 그런데 이 제품은 여러 번 덧발라도 연합니다. 건성이라 얼굴에 유분이 없는 편인데도 잘 그려지지 않아요. 색상도 리뉴얼 전보다 연한 거 같아요. 가격대비 별로인 거 같습니다.,발림성,잘 그려지지 않아요.,-1,[속성] 발림성 [문장] 잘 그려지지 않아요.,1,발림성,unchanged
test,train,[속성] 가격 [문장] 가격대비 별로인 거 같습니다.,669951,쇼핑몰,메이크업/뷰티소품,OO 에** 드로잉 아이브라우 0.25g 1개,OOO 후기가 좋아서 구매해 봤습니다. 다양하게 연출하고 싶어서 여러 개 구매했는데 리뉴얼 전 제품보다 발림성이 안 좋은 거 같아요. 리뉴얼 전 펜슬은 부드럽게 잘 발리고 색상이 진해서 좋았어요. 그런데 이 제품은 여러 번 덧발라도 연합니다. 건성이라 얼굴에 유분이 없는 편인데도 잘 그려지지 않아요. 색상도 리뉴얼 전보다 연한 거 같아요. 가격대비 별로인 거 같습니다.,가격,가격대비 별로인 거 같습니다.,-1,[속성] 가격 [문장] 가격대비 별로인 거 같습니다.,1,가격,unchanged
test,train,[속성] 지속력/유지력 [문장] 잘 지워지네요.,664637,쇼핑몰,메이크업/뷰티소품,OO 파** 리퀴드 립컬러 5ml 1개,OOO 제품과 거의 비슷하네요. 누드와 코랄 두가지 구매했습니다. 색상마다 발림성이 다르네요. 발색도 생각했던 색과 차이가 나고 잘 지워지네요.,지속력/유지력,잘 지워지네요.,-1,[속성] 지속력/유지력 [문장] 잘 지워지네요.,1,지속력/유지력,unchanged
test,validation,[속성] 가격 [문장] 비싼 가격에 산 것 같네요.,664750,쇼핑몰,메이크업/뷰티소품,OO 벨** 립틴트 4g 1개,배송은 빨랐습니다만 가격 비교를 대충 했더니 비싼 가격에 산 것 같네요. 유통기한도 얼마 안 남아서 찜찜합니다.,가격,비싼 가격에 산 것 같네요.,-1,[속성] 가격 [문장] 비싼 가격에 산 것 같네요.,1,가격,unchanged
test,train,[속성] 윤기/피부(톤) [문장] 화사해집니다.,663993,쇼핑몰,메이크업/뷰티소품,OO 파** 리퀴드 립컬러 5ml 1개,부드럽게 발리고 색상이 이쁩니다 향도 좋은 편이네요. 웜톤인데 저랑 잘 어울려요 화사해집니다. 지금 계절에 바르기 딱 좋은 색인 것 같습니다.,윤기/피부(톤),화사해집니다.,1,[속성] 윤기/피부(톤) [문장] 화사해집니다.,0,윤기/피부(톤),unchanged
test,train,[속성] 발림성 [문장] 발림성이 좋네요,668043,쇼핑몰,메이크업/뷰티소품,OO 후** 립케어 4.8g 1개,우선 향이 좋고 발림성이 좋네요. 겨울동안 많이 건조했는데 립케어 에센셜 케어덕분에 거칠고 많이 퍼석했던 입술이 촉촉해졌습니다. 잘 이용하고 있어요,발림성,발림성이 좋네요,1,[속성] 발림성 [문장] 발림성이 좋네요,0,발림성,unchanged
test,validation,[속성] 보습력/수분감 [문장] 촉촉해졌습니다,668043,쇼핑몰,메이크업/뷰티소품,OO 후** 립케어 4.8g 1개,우선 향이 좋고 발림성이 좋네요. 겨울동안 많이 건조했는데 립케어 에센셜 케어덕분에 거칠고 많이 퍼석했던 입술이 촉촉해졌습니다. 잘 이용하고 있어요,보습력/수분감,촉촉해졌습니다,1,[속성] 보습력/수분감 [문장] 촉촉해졌습니다,0,보습력/수분감/쿨링감,merged_duplicate_label
test,train,[속성] 품질 [문장] 가격 대비 품질이 좋지 않습니다.,666433,쇼핑몰,메이크업/뷰티소품,OO 한** 립밤 4g 1개,가격 대비 품질이 좋지 않습니다. 쿠폰 사용 못해서 비싸게 샀습니다. 촉촉하지도 않고 구성도 좋지 않아서 재구매는 없을 듯합니다.,품질,가격 대비 품질이 좋지 않습니다.,-1,[속성] 품질 [문장] 가격 대비 품질이 좋지 않습니다.,1,품질,unchanged
test,train,[속성] 제품구성 [문장] 구성도 좋지 않아서,666433,쇼핑몰,메이크업/뷰티소품,OO 한** 립밤 4g 1개,가격 대비 품질이 좋지 않습니다. 쿠폰 사용 못해서 비싸게 샀습니다. 촉촉하지도 않고 구성도 좋지 않아서 재구매는 없을 듯합니다.,제품구성,구성도 좋지 않아서,-1,[속성] 제품구성 [문장] 구성도 좋지 않아서,1,제품구성,unchanged
test,train,[속성] 지속력/유지력 [문장] 지속력은 좋은데,669102,쇼핑몰,메이크업/뷰티소품,OO 에** 슈퍼 롱래쉬 6ml 1개,배송이 오래 걸리네요. 결국 받긴 받았지만 오래 기다렸습니다. 제품 지속력은 좋은데 자꾸 검은 게 묻어납니다.,지속력/유지력,지속력은 좋은데,1,[속성] 지속력/유지력 [문장] 지속력은 좋은데,0,지속력/유지력,unchanged
test,train,[속성] 지속력/유지력 [문장] 지속력도 좋습니다.,662698,쇼핑몰,메이크업/뷰티소품,OO 바** 워터 틴트 4.3g 1개,이전에도 같은 제품을 사용해본 기억이 좋아서 구입했습니다. 발색도 좋고 지속력도 좋습니다. 발랐을 때 달콤한 향과 시원한 느낌도 좋습니다. 개인적으로 향이 있는 제품을 선호하지 않지만 향이 과하지 않아서 좋았습니다. 처음에 개봉했을 때는 색이 과한 것 같았는데 입술에 바르면 색이 과하지는 않습니다. 이제 여름이 시작인데 여름에 사용하기 좋은 제품인 것 같습니다.,지속력/유지력,지속력도 좋습니다.,1,[속성] 지속력/유지력 [문장] 지속력도 좋습니다.,0,지속력/유지력,unchanged
test,train,[속성] 편의성/활용성 [문장] 사용하기 편하고,671863,쇼핑몰,메이크업/뷰티소품,OO 샤** 섀도우 스틱 1.4g 1개,계속 사용하던거 다 쓰고 다시 주문해요. 발림성 좋고 사용하기 편하고 여행할때도 가져가기 편해서 좋습니다.,편의성/활용성,사용하기 편하고,1,[속성] 편의성/활용성 [문장] 사용하기 편하고,0,편의성/활용성,unchanged
test,train,[속성] 가격 [문장] 가격도 비싸서,671908,쇼핑몰,메이크업/뷰티소품,OO 샤** 섀도우 스틱 1.4g 1개,배송은 빨리 받았습니다. 색상이 너무 마음에 안 들어요. 재 구입은 절대 안 합니다. 가격도 비싸서 가성비가 안 좋아요. 후회합니다.,가격,가격도 비싸서,-1,[속성] 가격 [문장] 가격도 비싸서,1,가격,unchanged
test,train,[속성] 발색력 [문장] 발색도 잘 되고,671092,쇼핑몰,메이크업/뷰티소품,OO 프** 아이팔레트 6g 1개,팔레트 컬러가 쿨톤이 쓰기에도 무난할 것 같아서 샀습니다. 발색도 잘 되고 지속력도 괜찮고 다른 팔레트들과 달리 한두 개 빼고는 컬러가 무난해서 잘 쓰고 있어요. 만족합니다.,발색력,발색도 잘 되고,1,[속성] 발색력 [문장] 발색도 잘 되고,0,발색력,unchanged
test,train,[속성] 지속력/유지력 [문장] 지속력도 괜찮고,671092,쇼핑몰,메이크업/뷰티소품,OO 프** 아이팔레트 6g 1개,팔레트 컬러가 쿨톤이 쓰기에도 무난할 것 같아서 샀습니다. 발색도 잘 되고 지속력도 괜찮고 다른 팔레트들과 달리 한두 개 빼고는 컬러가 무난해서 잘 쓰고 있어요. 만족합니다.,지속력/유지력,지속력도 괜찮고,1,[속성] 지속력/유지력 [문장] 지속력도 괜찮고,0,지속력/유지력,unchanged
test,train,[속성] 색상 [문장] 색상도 좋습니다.,666665,쇼핑몰,메이크업/뷰티소품,OO 한** 립밤 4g 1개,무색인 립밤을 사용하다가 매장에서 OOO 립밤을 구입해서 사용해 봤는데 괜찮더라고요. 그래서 꾸준히 사용하고 있습니다. 립스틱이나 립글로스를 따로 사용하지 않아도 자연스럽고 화사하게 발색됩니다. 입술을 촉촉하게 보호해 주어서 건조한 계절에 사용하기 딱 좋습니다. 온 가족이 편하게 사용하기 좋은 제품입니다. 색상도 좋습니다. 분홍빛이 예쁘게 발색되네요. 무엇보다 립스틱이나 립글로스와는 다르게 바른 듯 안 바른 듯 자연스럽게 표현을 해주어서 만족합니다.,색상,색상도 좋습니다.,1,[속성] 색상 [문장] 색상도 좋습니다.,0,색상,unchanged
test,train,[속성] 가격 [문장] 저렴하게 잘 구매했어요.,664466,쇼핑몰,메이크업/뷰티소품,OO 파** 리퀴드 립컬러 5ml 1개,저렴하게 잘 구매했어요. 촉촉하고 밀착도 잘 되네요. OOO 컬러는 베이스로 사용하기 좋아요. OO립스틱 색상도 바르면 예쁘네요.,가격,저렴하게 잘 구매했어요.,1,[속성] 가격 [문장] 저렴하게 잘 구매했어요.,0,가격,unchanged
test,train,[속성] 품질 [문장] 품질이 좋아요.,665008,쇼핑몰,메이크업/뷰티소품,OO 벨** 립틴트 4g 1개,부드럽게 잘 발려서 좋아요. 지속력도 다른 틴트에 비해 오래가고 화려하지 않고 적당히 발색되어 풀 메이크업을 하지 않아도 자연스럽게 바를 수 있는 제품입니다. 품질이 좋아요.,품질,품질이 좋아요.,1,[속성] 품질 [문장] 품질이 좋아요.,0,품질,unchanged
test,train,[속성] 윤기/피부(톤) [문장] 부드러워요.,668423,쇼핑몰,메이크업/뷰티소품,OO 후** 립케어 4.8g 1개,사계절 내내 쓰는 립밤입니다. 바르는 순간 촉촉해지고 부드러워요. 하루에 수시로 바르는데 발림성도 좋고 입술이 매끈해지네요.,윤기/피부(톤),부드러워요.,1,[속성] 윤기/피부(톤) [문장] 부드러워요.,0,윤기/피부(톤),unchanged
test,train,[속성] 가격 [문장] 가격도 저렴하지 않고,668909,쇼핑몰,메이크업/뷰티소품,OO 에** 슈퍼 롱래쉬 6ml 1개,뷰러로 집고 OO 마스카라 픽서 바르고 마스카라 해도 속눈썹이 계속 처집니다. 기대한 효과는 없네요. 가격도 저렴하지 않고 성능이 너무 안 좋아서 괜히 샀다 싶습니다. 저한테는 안 맞는 제품이네요.,가격,가격도 저렴하지 않고,-1,[속성] 가격 [문장] 가격도 저렴하지 않고,1,가격,unchanged
test,train,[속성] 보습력/수분감 [문장] 촉촉하고 좋아요.,668434,쇼핑몰,메이크업/뷰티소품,OO 후** 립케어 4.8g 1개,립스틱 바르기 전에 발라주면 촉촉하고 좋아요. 요즘 립스틱 바르기 부담스러웠는데 이건 약하게 발색도 되어서 좋네요. 데일리로 쓰기도 좋습니다. 향도 부담스럽지 않네요. 디자인도 세련됩니다.,보습력/수분감,촉촉하고 좋아요.,1,[속성] 보습력/수분감 [문장] 촉촉하고 좋아요.,0,보습력/수분감/쿨링감,merged_duplicate_label
test,train,[속성] 향 [문장] 향도 안 좋고,668438,쇼핑몰,메이크업/뷰티소품,OO 후** 립케어 4.8g 1개,비싸게 구입 한 것 같아서 아쉽네요. 바로 배송도 안 왔습니다. 아침과 저녁에 보습 위해서 바르려고 샀는데 향도 안 좋고 색상도 너무 튀어서 안 좋은 것 같아요.,향,향도 안 좋고,-1,[속성] 향 [문장] 향도 안 좋고,1,향,unchanged
test,train,[속성] 보습력/수분감 [문장] 보습력도 별로입니다.,668075,쇼핑몰,메이크업/뷰티소품,OO 후** 립케어 4.8g 1개,"예전에 수입되었던 체리향의 립글로스와는 차이가 나는것 같네요. 개인적인 생각인지는 몰라도 보습력도 별로입니다. 기억되는 체리향도 아니고요, 가격대비 별로입니다. 다음에는 체리향과 보습력이 조금 더 개선되는 제품으로 만들어 주셨으면 좋겠어요.",보습력/수분감,보습력도 별로입니다.,-1,[속성] 보습력/수분감 [문장] 보습력도 별로입니다.,1,보습력/수분감/쿨링감,merged_duplicate_label
test,train,[속성] 발림성 [문장] 발림성도 좋아요.,672434,쇼핑몰,메이크업/뷰티소품,OO 무** 멀티 아이 컬러 팔레트 8.1g 1개,"두 달 사용해 보니, 색상이 너무 예뻐요. 특히 중간 색상이 예쁩니다. 다른 브랜드에서 비슷한 색 찾기도 힘듭니다. 비슷해 보여도 올렸을 때 색감이 달라요. 지속력은 중간인 것 같습니다. 눈에 띄게 오래간다는 생각은 안 들어요. 발림성도 좋아요. 손이든 붓이든 다 자연스럽게 잘 발립니다. 끝으로 발색이 잘 되는 편인데 또 너무 과하게 발색 되지 않아서 더 좋아요.",발림성,발림성도 좋아요.,1,[속성] 발림성 [문장] 발림성도 좋아요.,0,발림성,unchanged
test,train,[속성] 윤기/피부(톤) [문장] 부드럽습니다.,668183,쇼핑몰,메이크업/뷰티소품,OO 후** 립케어 4.8g 1개,요즘처럼 마스크 가 필수인 경우 립스틱 바르기 애매합니다. 발라도 티도 안 나고 묻기 때문이에요. 겨울에 촉촉함도 필요하긴 하니까요. 그때 필요한 것이 이 제품인 것 같아요. 발색도 있고 촉촉하게 발라주면 하루 종일 부드럽습니다.,윤기/피부(톤),부드럽습니다.,1,[속성] 윤기/피부(톤) [문장] 부드럽습니다.,0,윤기/피부(톤),unchanged
test,train,[속성] 보습력/수분감 [문장] 건조함이 느껴집니다.,661870,쇼핑몰,메이크업/뷰티소품,OO 루** 슬림 쉬어 마뜨 2g 1개,색상이 너무 진해서 데일리로 사용하기가 힘들고 각진 디자인 때문에 바르기도 불편합니다. 수분감이 없는 매트 타입이라 시간이 지나면 건조함이 느껴집니다. 길고 가는 디자인이라서 잘 부러질까 걱정되네요.,보습력/수분감,건조함이 느껴집니다.,-1,[속성] 보습력/수분감 [문장] 건조함이 느껴집니다.,1,보습력/수분감/쿨링감,merged_duplicate_label
test,train,[속성] 가격 [문장] 할인해서 저렴하게 구입했어요.,662410,쇼핑몰,메이크업/뷰티소품,OO 바** 워터 틴트 4.3g 1개,원래 사용하던 제품인데 할인해서 저렴하게 구입했어요. 세안할 때 잘 지워져서 좋고 얼굴에 트러블이 나지 않아서 좋습니다. 다음에 또 구매할게요.,가격,할인해서 저렴하게 구입했어요.,1,[속성] 가격 [문장] 할인해서 저렴하게 구입했어요.,0,가격,unchanged
test,validation,[속성] 용량/개수 [문장] 양이 적어서 금방 쓸 거 같습니다.,672422,쇼핑몰,메이크업/뷰티소품,OO 무** 멀티 아이 컬러 팔레트 8.1g 1개,번짐이 심하고 발색되는 색감이 마음에 들지 않아요. 지속력도 약하고요. 양이 적어서 금방 쓸 거 같습니다. 가을과 겨울에 어울리지 않는 색상인 거 같아요.,용량/개수,양이 적어서 금방 쓸 거 같습니다.,-1,[속성] 용량/개수 [문장] 양이 적어서 금방 쓸 거 같습니다.,1,용량/개수,unchanged
test,train,[속성] 가격 [문장] 가격도 저렴합니다.,668136,쇼핑몰,메이크업/뷰티소품,OO 후** 립케어 4.8g 1개,겨울에 항상 입이 메마르고 까칠했는데 이전에 다른 제품을 써봤지만 너무 밋밋해서 이 제품으로 바꾸고 나서 사용하니까 발색력도 좋아 입술이 생기 있어 보이고 얼굴이 밝아 보여 좋습니다. 가격도 저렴합니다.,가격,가격도 저렴합니다.,1,[속성] 가격 [문장] 가격도 저렴합니다.,0,가격,unchanged
test,train,[속성] 보습력/수분감 [문장] 생각보다 촉촉하지 않아서,662009,쇼핑몰,메이크업/뷰티소품,OO 루** 슬림 쉬어 마뜨 2g 1개,ㅇㅇㅇ꺼라서 믿고 구매했는데 색이 생각보다 안이뻐요. 생각보다 촉촉하지 않아서 입술에 일어난 각질들에 효과가 없습니다. 수분감이 없어서 자주 발라줘야 해서 번거롭네요. 비추예요.,보습력/수분감,생각보다 촉촉하지 않아서,-1,[속성] 보습력/수분감 [문장] 생각보다 촉촉하지 않아서,1,보습력/수분감/쿨링감,merged_duplicate_label
test,train,[속성] 밀착력/접착력 [문장] 묻어나네요.,668563,쇼핑몰,메이크업/뷰티소품,OO 후** 립케어 4.8g 1개,입술이 건조해서 사계절 립밤을 발라야해서 이번엔 이 제품으로 구매했습니다. 색상이 있어서 묻어나네요. 생각보다 촉촉함도 덜하네요. 지속력도 약해요. 수시로 발라줘야 합니다.,밀착력/접착력,묻어나네요.,-1,[속성] 밀착력/접착력 [문장] 묻어나네요.,1,밀착력/접착력,unchanged
test,validation,[속성] 지속력/유지력 [문장] 지속력도 약해요.,668563,쇼핑몰,메이크업/뷰티소품,OO 후** 립케어 4.8g 1개,입술이 건조해서 사계절 립밤을 발라야해서 이번엔 이 제품으로 구매했습니다. 색상이 있어서 묻어나네요. 생각보다 촉촉함도 덜하네요. 지속력도 약해요. 수시로 발라줘야 합니다.,지속력/유지력,지속력도 약해요.,-1,[속성] 지속력/유지력 [문장] 지속력도 약해요.,1,지속력/유지력,unchanged
test,train,[속성] 발림성 [문장] 발림성이 좋습니다.,665206,쇼핑몰,메이크업/뷰티소품,OO 벨** 립틴트 4g 1개,발림성이 좋습니다. 발색은 연한 편이라 두세 번 덧바르는게 더 예쁜 거 같습니다. 다른 제품과 같이 활용하기도 좋습니다.,발림성,발림성이 좋습니다.,1,[속성] 발림성 [문장] 발림성이 좋습니다.,0,발림성,unchanged
test,validation,[속성] 색상 [문장] 색상이 마음에 안 들어요.,667397,쇼핑몰,메이크업/뷰티소품,OO 울** 립글로우 3.4g 1개,색상이 마음에 안 들어요. 발색력도 안 좋아서 립스틱을 따로 발라야 될 것 같아요. 가격대비 별로네요.,색상,색상이 마음에 안 들어요.,-1,[속성] 색상 [문장] 색상이 마음에 안 들어요.,1,색상,unchanged
test,train,[속성] 가격 [문장] 가격대비 별로네요.,667397,쇼핑몰,메이크업/뷰티소품,OO 울** 립글로우 3.4g 1개,색상이 마음에 안 들어요. 발색력도 안 좋아서 립스틱을 따로 발라야 될 것 같아요. 가격대비 별로네요.,가격,가격대비 별로네요.,-1,[속성] 가격 [문장] 가격대비 별로네요.,1,가격,unchanged
test,train,[속성] 색상 [문장] 색감이 이쁘네요.,664137,쇼핑몰,메이크업/뷰티소품,OO 파** 리퀴드 립컬러 5ml 1개,색감이 이쁘네요. 선물했는데 좋아합니다. 입술에 매트하게 발리네요. 잘 안 지워지는 듯합니다. 마스크만 벗을 날만 기다려야겠습니다.,색상,색감이 이쁘네요.,1,[속성] 색상 [문장] 색감이 이쁘네요.,0,색상,unchanged
test,validation,[속성] 발림성 [문장] 매트하게 발리네요.,664137,쇼핑몰,메이크업/뷰티소품,OO 파** 리퀴드 립컬러 5ml 1개,색감이 이쁘네요. 선물했는데 좋아합니다. 입술에 매트하게 발리네요. 잘 안 지워지는 듯합니다. 마스크만 벗을 날만 기다려야겠습니다.,발림성,매트하게 발리네요.,-1,[속성] 발림성 [문장] 매트하게 발리네요.,1,발림성,unchanged
test,train,[속성] 가격 [문장] 저렴한 가격이 아니라,666010,쇼핑몰,메이크업/뷰티소품,OO 한** 립밤 4g 1개,색상이 있었으면 했는데 색상이 거의 없습니다. 립밤치고 저렴한 가격이 아니라 다음엔 다른 걸로 구매할 것 같습니다. 개인적으론 OOO립이 더 나은 것 같습니다.,가격,저렴한 가격이 아니라,-1,[속성] 가격 [문장] 저렴한 가격이 아니라,1,가격,unchanged
test,train,[속성] 편의성/활용성 [문장] 사용하기는 불편하네요.,671303,쇼핑몰,메이크업/뷰티소품,OO 프** 아이팔레트 6g 1개,핑크와 파스텔 컬러랑 고민하다가 둘 다 구매했습니다. 사은품으로 보내주신 립제품은 색상이 별로네요. 다른 건 괜찮은데 가루날림이 있어서 사용하기는 불편하네요.,편의성/활용성,사용하기는 불편하네요.,-1,[속성] 편의성/활용성 [문장] 사용하기는 불편하네요.,1,편의성/활용성,unchanged
test,train,[속성] 용량/개수 [문장] 양도 적고,669004,쇼핑몰,메이크업/뷰티소품,OO 에** 슈퍼 롱래쉬 6ml 1개,친구가 사용해보니 좋다고 추천해서 구매 했습니다. 좀 매트하게 발리는 느낌이 있고 눈꼬리쪽으로 뭉침이 생깁니다. 길어 보이는 효과 기대했는데 아쉬워요. 양도 적고 가성비 별로네요.,용량/개수,양도 적고,-1,[속성] 용량/개수 [문장] 양도 적고,1,용량/개수,unchanged
test,train,[속성] 가격 [문장] 가성비 별로네요.,669004,쇼핑몰,메이크업/뷰티소품,OO 에** 슈퍼 롱래쉬 6ml 1개,친구가 사용해보니 좋다고 추천해서 구매 했습니다. 좀 매트하게 발리는 느낌이 있고 눈꼬리쪽으로 뭉침이 생깁니다. 길어 보이는 효과 기대했는데 아쉬워요. 양도 적고 가성비 별로네요.,가격,가성비 별로네요.,-1,[속성] 가격 [문장] 가성비 별로네요.,1,가격,unchanged
test,train,[속성] 발색력 [문장] 발색력도 괜찮습니다.,664165,쇼핑몰,메이크업/뷰티소품,OO 파** 리퀴드 립컬러 5ml 1개,배송 빨라요. 발색력도 괜찮습니다. 매트한 느낌의 발림이 좋습니다. 연하게 한두번 쓱 바르면 핑크색에 가까운듯 보이는데 그 위에 두세번 덧바르면 핑크빛 레드색으로 변합니다. 발색력도 30분후 커피 마시면 종이컵에 묻어나지만 남아있는 부분의 발색력은 오래 가는 편인듯합니다. 점심전까지도 연하게 남아있습니다. 지워지긴 하지만 집에 있는 다른 제품보다 지속력이 괜찮습니다.,발색력,발색력도 괜찮습니다.,1,[속성] 발색력 [문장] 발색력도 괜찮습니다.,0,발색력,unchanged
test,train,[속성] 발색력 [문장] 발색력이 약하고,672595,쇼핑몰,메이크업/뷰티소품,OO 무** 멀티 아이 컬러 팔레트 8.1g 1개,항상 펄 들어간 것만 쓰다가 이번에 처음 써봤어요. 그런데 발색력이 약하고 발색되는 색상도 만족스럽지 않네요. 착 붙지도 않고 잘 번집니다. 가격도 비싸요.,발색력,발색력이 약하고,-1,[속성] 발색력 [문장] 발색력이 약하고,1,발색력,unchanged
test,train,[속성] 가격 [문장] 가격도 비싸요.,672595,쇼핑몰,메이크업/뷰티소품,OO 무** 멀티 아이 컬러 팔레트 8.1g 1개,항상 펄 들어간 것만 쓰다가 이번에 처음 써봤어요. 그런데 발색력이 약하고 발색되는 색상도 만족스럽지 않네요. 착 붙지도 않고 잘 번집니다. 가격도 비싸요.,가격,가격도 비싸요.,-1,[속성] 가격 [문장] 가격도 비싸요.,1,가격,unchanged
test,train,[속성] 가격 [문장] 세일할 때 저렴하게,668124,쇼핑몰,메이크업/뷰티소품,OO 후** 립케어 4.8g 1개,세일할 때 저렴하게 가족들과 나눠 쓰려고 많이 구매했습니다. 믿고 쓰는 제품이라 잘 사용하고 있어요. 적당히 발색도 있어 요즘처럼 마스크 쓰고 다닐 때 사용하기 편한 좋은 제품인 것 같습니다. 지금도 계속 사용하는데 보습이 필요할 때는 여러번 덫바르면 더 좋을 것 같습니다.,가격,세일할 때 저렴하게,1,[속성] 가격 [문장] 세일할 때 저렴하게,0,가격,unchanged
test,train,[속성] 발림성 [문장] 발림성이 좋고,663665,쇼핑몰,메이크업/뷰티소품,OO 맨** 케어 4.8g 1개,항상 겨울에 사용하는 제품이에요. 발림성이 좋고 향도 좋고 무엇보다 저렴한 가격에 구매할 수 있어 좋아요. 겨울에 사용하기 좋아서 앞으로도 계속 이용하려고 합니다.,발림성,발림성이 좋고,1,[속성] 발림성 [문장] 발림성이 좋고,0,발림성,unchanged
test,train,[속성] 보습력/수분감 [문장] 보습력도 적당하고,668520,쇼핑몰,메이크업/뷰티소품,OO 후** 립케어 4.8g 1개,너무 끈적이지 않아 보습력도 적당하고 색도 있어서 민낯에 바르기 좋습니다. 향은 살짝 취향에 안 맞는데 별로 신경 안 씁니다. 그런데 다른 립밤보다 제형이 무른지 빨리 닳는 것 같네요. 금방 또 사야 할 것 같아서 가성비는 생각보다 좋지 않을 듯합니다.,보습력/수분감,보습력도 적당하고,1,[속성] 보습력/수분감 [문장] 보습력도 적당하고,0,보습력/수분감/쿨링감,merged_duplicate_label
test,train,[속성] 가격 [문장] 가격은 비싸지만,666997,쇼핑몰,메이크업/뷰티소품,OO 울** 립글로우 3.4g 1개,겨울철 되면 입술보호제 용도로도 쓰기 딱 좋습니다. 낮밤 따로 립 보호제 쓰다가 낮에 생활하는 동안만 발라도 보습 충분하고 발색까지 잘 되니 너무 좋아요. 가격은 비싸지만 품질이 우수합니다.,가격,가격은 비싸지만,-1,[속성] 가격 [문장] 가격은 비싸지만,1,가격,unchanged
test,train,[속성] 가격 [문장] 할인을 못 받아서 비싸게 샀어요.,672496,쇼핑몰,메이크업/뷰티소품,OO 무** 멀티 아이 컬러 팔레트 8.1g 1개,할인을 못 받아서 비싸게 샀어요. 인기 많은 제품이라 기대했는데 발색되는 색감이 생각보다 예쁘지 않아요. 가루 날림도 심하고 지속력도 약하네요.,가격,할인을 못 받아서 비싸게 샀어요.,-1,[속성] 가격 [문장] 할인을 못 받아서 비싸게 샀어요.,1,가격,unchanged
test,train,[속성] 지속력/유지력 [문장] 지속력도 약하네요.,672496,쇼핑몰,메이크업/뷰티소품,OO 무** 멀티 아이 컬러 팔레트 8.1g 1개,할인을 못 받아서 비싸게 샀어요. 인기 많은 제품이라 기대했는데 발색되는 색감이 생각보다 예쁘지 않아요. 가루 날림도 심하고 지속력도 약하네요.,지속력/유지력,지속력도 약하네요.,-1,[속성] 지속력/유지력 [문장] 지속력도 약하네요.,1,지속력/유지력,unchanged
test,train,[속성] 흡수력 [문장] 끈적이지 않아 좋습니다.,668195,쇼핑몰,메이크업/뷰티소품,OO 후** 립케어 4.8g 1개,여러 제품 쓰다가 결국 OOO를 다시 쓰게 됩니다. 제품의 발림성도 좋고 발라지는 느낌이 좋고 끈적이지 않아 좋습니다. 그리고 향이 자극적이지 않아서 무난하게 사용하기 좋아요. 뚜껑 열고 닫음도 부드럽게 잘 되어 기분 좋게 사용하고 있어요.,흡수력,끈적이지 않아 좋습니다.,1,[속성] 흡수력 [문장] 끈적이지 않아 좋습니다.,0,흡수력,unchanged
test,train,[속성] 편의성/활용성 [문장] 무난하게 사용하기 좋아요.,668195,쇼핑몰,메이크업/뷰티소품,OO 후** 립케어 4.8g 1개,여러 제품 쓰다가 결국 OOO를 다시 쓰게 됩니다. 제품의 발림성도 좋고 발라지는 느낌이 좋고 끈적이지 않아 좋습니다. 그리고 향이 자극적이지 않아서 무난하게 사용하기 좋아요. 뚜껑 열고 닫음도 부드럽게 잘 되어 기분 좋게 사용하고 있어요.,편의성/활용성,무난하게 사용하기 좋아요.,1,[속성] 편의성/활용성 [문장] 무난하게 사용하기 좋아요.,0,편의성/활용성,unchanged
test,train,[속성] 흡수력 [문장] 가볍고,663845,쇼핑몰,메이크업/뷰티소품,OO 파** 리퀴드 립컬러 5ml 1개,눈으로 봤을 때는 진한 색상이라서 별로였어요. 그런데 바르면 밝고 화사하게 발색이 되어 좋습니다. 한두 번만 발라도 얇게 잘 발리고 가볍고 포인트로 여러 벗 덧발라도 과하게 발색되지 않고 예뻐요.,흡수력,가볍고,1,[속성] 흡수력 [문장] 가볍고,0,흡수력,unchanged
test,train,[속성] 기능/효과 [문장] 제 피부에 잘 맞네요.,669886,쇼핑몰,메이크업/뷰티소품,OO 에** 드로잉 아이브라우 0.25g 1개,이 제품 두 번째 구매했어요. 첫 번째 구입했던 제품은 트러블 좀 있었는데 이번에는 트러블이 나지 않고 잘 그려져서 좋습니다. 발색도 너무 진하지도 않고 제 피부에 잘 맞네요.,기능/효과,제 피부에 잘 맞네요.,1,[속성] 기능/효과 [문장] 제 피부에 잘 맞네요.,0,기능/효과,unchanged
test,train,[속성] 보습력/수분감 [문장] 입술이 촉촉하고,666965,쇼핑몰,메이크업/뷰티소품,OO 울** 립글로우 3.4g 1개,촉촉함은 말할 것도 없고 진한색 구매했더니 발색도 마음에 듭니다. 입술이 촉촉하고 생기 있어 보여서 너무 좋네요.,보습력/수분감,입술이 촉촉하고,1,[속성] 보습력/수분감 [문장] 입술이 촉촉하고,0,보습력/수분감/쿨링감,merged_duplicate_label
test,train,[속성] 색상 [문장] 색상이 은은하고,664883,쇼핑몰,메이크업/뷰티소품,OO 벨** 립틴트 4g 1개,배송이 빠르고 사은품도 넉넉하게 주셔서 감사해요. 색상이 은은하고 발색도 좋습니다. 마음에 드네요. 믿고 사는 OO시리즈라 마음에 듭니다. 잘 쓸게요. 정말 좋아요.,색상,색상이 은은하고,1,[속성] 색상 [문장] 색상이 은은하고,0,색상,unchanged
test,train,[속성] 윤기/피부(톤) [문장] 얼굴이 생기 있어 보입니다.,668614,쇼핑몰,메이크업/뷰티소품,OO 후** 립케어 4.8g 1개,찬바람에 입술이 트고 각질이 생겨서 발라봤어요. 체리향이 기분까지 좋아지게 만드네요. 색은 거의 나지 않아서 좋고 학생들도 바르기 좋을 거 같아요. 비비 바르고 입술에 이거 바르면 얼굴이 생기 있어 보입니다.,윤기/피부(톤),얼굴이 생기 있어 보입니다.,1,[속성] 윤기/피부(톤) [문장] 얼굴이 생기 있어 보입니다.,0,윤기/피부(톤),unchanged
test,train,[속성] 보습력/수분감 [문장] 매트한 느낌이라,664301,쇼핑몰,메이크업/뷰티소품,OO 파** 리퀴드 립컬러 5ml 1개,바르면 입술이 매트한 느낌이라 수분감이 아쉽네요. 발색도 핫핑크로 너무 밝게 발색되어 부담스러운 듯합니다.,보습력/수분감,매트한 느낌이라,-1,[속성] 보습력/수분감 [문장] 매트한 느낌이라,1,보습력/수분감/쿨링감,merged_duplicate_label
test,train,[속성] 보습력/수분감 [문장] 수분감이 아쉽네요.,664301,쇼핑몰,메이크업/뷰티소품,OO 파** 리퀴드 립컬러 5ml 1개,바르면 입술이 매트한 느낌이라 수분감이 아쉽네요. 발색도 핫핑크로 너무 밝게 발색되어 부담스러운 듯합니다.,보습력/수분감,수분감이 아쉽네요.,-1,[속성] 보습력/수분감 [문장] 수분감이 아쉽네요.,1,보습력/수분감/쿨링감,merged_duplicate_label
test,train,[속성] 보습력/수분감 [문장] 보습력이 좋지 않고,668117,쇼핑몰,메이크업/뷰티소품,OO 후** 립케어 4.8g 1개,겨울에는 목도리로 가리고 다녀도 입술이 틉니다. 너무 춥고 건조하니까요. 이 제품은 보습력이 좋지 않고 지속시간이 짧아서 한두 시간마다 계속 덧발라야 해 사용이 불편합니다. 망고 향이 진하게 코를 찌릅니다. 강한 향 싫어하는데 거부감 생기는 향입니다. 원래 달달한 향 좋아하지만 향이 너무 강해서 불호입니다.,보습력/수분감,보습력이 좋지 않고,-1,[속성] 보습력/수분감 [문장] 보습력이 좋지 않고,1,보습력/수분감/쿨링감,merged_duplicate_label
test,train,[속성] 편의성/활용성 [문장] 사용이 불편합니다.,668117,쇼핑몰,메이크업/뷰티소품,OO 후** 립케어 4.8g 1개,겨울에는 목도리로 가리고 다녀도 입술이 틉니다. 너무 춥고 건조하니까요. 이 제품은 보습력이 좋지 않고 지속시간이 짧아서 한두 시간마다 계속 덧발라야 해 사용이 불편합니다. 망고 향이 진하게 코를 찌릅니다. 강한 향 싫어하는데 거부감 생기는 향입니다. 원래 달달한 향 좋아하지만 향이 너무 강해서 불호입니다.,편의성/활용성,사용이 불편합니다.,-1,[속성] 편의성/활용성 [문장] 사용이 불편합니다.,1,편의성/활용성,unchanged
test,train,[속성] 용량/개수 [문장] 용량도 적당하고,663456,쇼핑몰,메이크업/뷰티소품,OO 맨** 케어 4.8g 1개,용량도 적당하고 누구나 부담 없이 사용하기에 좋네요. 너무 자극적이지도 않고 흡수력도 좋고 어린 아이가 사용하기에 불편함이 없네요. 다음에도 재 구매하여 사용하겠습니다.,용량/개수,용량도 적당하고,1,[속성] 용량/개수 [문장] 용량도 적당하고,0,용량/개수,unchanged
test,train,[속성] 가격 [문장] 할인을 못 받아서 비싸게 산 거 같아요.,662195,쇼핑몰,메이크업/뷰티소품,OO 제** 립밤 4g 1개,할인을 못 받아서 비싸게 산 거 같아요. 환절기에 쓰려고 샀는데 생각보다 촉촉하지 않네요. 은은하게 향이 나는 립밤을 좋아하는데 무향이라 마음에 안 드네요.,가격,할인을 못 받아서 비싸게 산 거 같아요.,-1,[속성] 가격 [문장] 할인을 못 받아서 비싸게 산 거 같아요.,1,가격,unchanged
test,train,[속성] 보습력/수분감 [문장] 생각보다 촉촉하지 않네요.,662195,쇼핑몰,메이크업/뷰티소품,OO 제** 립밤 4g 1개,할인을 못 받아서 비싸게 산 거 같아요. 환절기에 쓰려고 샀는데 생각보다 촉촉하지 않네요. 은은하게 향이 나는 립밤을 좋아하는데 무향이라 마음에 안 드네요.,보습력/수분감,생각보다 촉촉하지 않네요.,-1,[속성] 보습력/수분감 [문장] 생각보다 촉촉하지 않네요.,1,보습력/수분감/쿨링감,merged_duplicate_label
test,train,[속성] 발림성 [문장] 얇게 발리고,662527,쇼핑몰,메이크업/뷰티소품,OO 바** 워터 틴트 4.3g 1개,얇게 발리고 커버력 좋으면서 2시간 지나면 제 기름과 섞이면서 이쁘게 광이 나서 좋습니다. 추천합니다.,발림성,얇게 발리고,1,[속성] 발림성 [문장] 얇게 발리고,0,발림성,unchanged
test,train,[속성] 커버력 [문장] 커버력 좋으면서,662527,쇼핑몰,메이크업/뷰티소품,OO 바** 워터 틴트 4.3g 1개,얇게 발리고 커버력 좋으면서 2시간 지나면 제 기름과 섞이면서 이쁘게 광이 나서 좋습니다. 추천합니다.,커버력,커버력 좋으면서,1,[속성] 커버력 [문장] 커버력 좋으면서,0,커버력,unchanged
test,train,[속성] 발림성 [문장] 발림성이 좋아,669731,쇼핑몰,메이크업/뷰티소품,OO 에** 드로잉 아이브라우 0.25g 1개,항상 사용하는 제품이에요. 발림성이 좋아 평상시 가벼운 아이브로우로 그리는 용도로 사용하기 편합니다. 다만 사용감이 가벼운 느낌이다보니 약간의 번짐이있어 지속력이 뛰어나진 않네요. 편하게 사용하기 좋습니다.,발림성,발림성이 좋아,1,[속성] 발림성 [문장] 발림성이 좋아,0,발림성,unchanged
test,train,[속성] 편의성/활용성 [문장] 편하게 사용하기 좋습니다.,669731,쇼핑몰,메이크업/뷰티소품,OO 에** 드로잉 아이브라우 0.25g 1개,항상 사용하는 제품이에요. 발림성이 좋아 평상시 가벼운 아이브로우로 그리는 용도로 사용하기 편합니다. 다만 사용감이 가벼운 느낌이다보니 약간의 번짐이있어 지속력이 뛰어나진 않네요. 편하게 사용하기 좋습니다.,편의성/활용성,편하게 사용하기 좋습니다.,1,[속성] 편의성/활용성 [문장] 편하게 사용하기 좋습니다.,0,편의성/활용성,unchanged
test,train,[속성] 용량/개수 [문장] 용량도 너무 작아요.,662705,쇼핑몰,메이크업/뷰티소품,OO 속** 틴트 1.6g 1개,"발색만 좋네요. 너무 빨리 지워지고, 다른 제품보다 품질도 별로인 듯한데, 용량도 너무 작아요.",용량/개수,용량도 너무 작아요.,-1,[속성] 용량/개수 [문장] 용량도 너무 작아요.,1,용량/개수,unchanged
test,validation,[속성] 가격 [문장] 가성비가 안 좋은 거 같아요.,671883,쇼핑몰,메이크업/뷰티소품,OO 샤** 섀도우 스틱 1.4g 1개,발림성이 부드럽지 않고 잘 밀착되지 않는 거 같아요. 지속력도 안 좋은 거 같습니다. 가성비가 안 좋은 거 같아요.,가격,가성비가 안 좋은 거 같아요.,-1,[속성] 가격 [문장] 가성비가 안 좋은 거 같아요.,1,가격,unchanged
test,train,[속성] 발림성 [문장] 잘 발리는 느낌이 좋아서,664429,쇼핑몰,메이크업/뷰티소품,OO 파** 리퀴드 립컬러 5ml 1개,색이 너무 예쁩니다. 잘 발리는 느낌이 좋아서 한 개 더 구매하고 싶습니다.,발림성,잘 발리는 느낌이 좋아서,1,[속성] 발림성 [문장] 잘 발리는 느낌이 좋아서,0,발림성,unchanged
test,train,[속성] 발림성 [문장] 바를때 좀 뻑뻑해요.,666731,쇼핑몰,메이크업/뷰티소품,OO 한** 립밤 4g 1개,립밤1호와 2호 구매했는데요. 사선으로 컷팅되어 있네요. 바를때 좀 뻑뻑해요. 향도 좀 별로예요. 다시 구매할지는 더 써봐야 알 것 같아요.,발림성,바를때 좀 뻑뻑해요.,-1,[속성] 발림성 [문장] 바를때 좀 뻑뻑해요.,1,발림성,unchanged
test,train,[속성] 발림성 [문장] 발림성이 좋네요.,671018,쇼핑몰,메이크업/뷰티소품,OO 프** 아이팔레트 6g 1개,발림성이 좋네요. 세안때 반짝이가 잘 떨어지지않아 세안은 잘 해야 해요. 배송은 꼼꼼하게 잘 됐어요.,발림성,발림성이 좋네요.,1,[속성] 발림성 [문장] 발림성이 좋네요.,0,발림성,unchanged
test,train,[속성] 색상 [문장] 색상도 예쁩니다.,667182,쇼핑몰,메이크업/뷰티소품,OO 울** 립글로우 3.4g 1개,주변에서 좋다고 하여 선물용으로도 구매하고 써봤습니다. 여러 립스틱이 있지만 자연스러운 발색력과 느낌이 필요해서 구매했어요. 이 제품이 자연스럽게 발색된다고 해서 샀는데 정말 발색력이 좋은 거 같습니다. 색상도 예쁩니다. 선물 받으시는 분이 좋아하면 좋겠네요. 재구매 의사 있습니다.,색상,색상도 예쁩니다.,1,[속성] 색상 [문장] 색상도 예쁩니다.,0,색상,unchanged
test,train,[속성] 발색력 [문장] 발색도 잘 됩니다.,670913,쇼핑몰,메이크업/뷰티소품,OO 프** 아이팔레트 6g 1개,OOO OO 유명합니다. 발림성이 좋고 발색도 잘 됩니다. 유지력도 나쁘지 않은 것 같네요. 지금까지 잘 사용하고 있어요. 색도 다양해서 그날 그날 맘에 드는 색으로 잘 사용하고 있습니다.,발색력,발색도 잘 됩니다.,1,[속성] 발색력 [문장] 발색도 잘 됩니다.,0,발색력,unchanged
test,train,[속성] 향 [문장] 향도 좋지 않아서,663637,쇼핑몰,메이크업/뷰티소품,OO 맨** 케어 4.8g 1개,입술이 잘 마르고 트는 남편 사용하라고 구매했습니다. 다른 가족들도 같은 브랜드 다른 제품 씁니다. 그런데 이 제품은 사용하니 건조하고 향도 좋지 않아서 구매 후회하네요.,향,향도 좋지 않아서,-1,[속성] 향 [문장] 향도 좋지 않아서,1,향,unchanged
test,train,[속성] 향 [문장] 향도 안 좋습니다.,665598,쇼핑몰,메이크업/뷰티소품,OO 벨** 립틴트 4g 1개,마음에 들지 않습니다. 색상도 마음에 안 들고 향도 안 좋습니다. 사용감도 좋지 않아요.,향,향도 안 좋습니다.,-1,[속성] 향 [문장] 향도 안 좋습니다.,1,향,unchanged
test,train,[속성] 지속력/유지력 [문장] 지속력이 오래가지 않고,662775,쇼핑몰,메이크업/뷰티소품,OO 속** 틴트 1.6g 1개,완전하게 밀착 되지는 않는 것 같습니다. 지속력이 오래가지 않고 컵이나 빨대 사용 후 묻어 납니다.,지속력/유지력,지속력이 오래가지 않고,-1,[속성] 지속력/유지력 [문장] 지속력이 오래가지 않고,1,지속력/유지력,unchanged
test,train,[속성] 가격 [문장] 가격대비 별로예요.,668228,쇼핑몰,메이크업/뷰티소품,OO 후** 립케어 4.8g 1개,가격대비 별로예요. 보습력은 그럭저럭이고 피부에 사용감이 보통이에요. 가격이 조금 비쌉니다. 따뜻한 곳에 오래 있으니 제형이 흐물흐물해져서 휘어졌어요. 싼맛에 쓰기에도 품질이 별로고 조금 더 저렴하면 그냥 쓸만은 할 것 같네요.,가격,가격대비 별로예요.,-1,[속성] 가격 [문장] 가격대비 별로예요.,1,가격,unchanged
test,validation,[속성] 색상 [문장] 색상은 마음에 드는데,661874,쇼핑몰,메이크업/뷰티소품,OO 루** 슬림 쉬어 마뜨 2g 1개,"색상은 마음에 드는데 지속력과 발림성, 제형은 두루두루 아쉬운 물건입니다. 힘 조절 잘 하셔야 안 부러지고 눈으로 보는 것보다 발색이 약해서 믹스용으로 사용하는 것도 좋은 방법일 것 같아요.",색상,색상은 마음에 드는데,1,[속성] 색상 [문장] 색상은 마음에 드는데,0,색상,unchanged
test,train,[속성] 색상 [문장] 컬러도 예뻐서,666674,쇼핑몰,메이크업/뷰티소품,OO 한** 립밤 4g 1개,좋네요. 맘에 쏙 들어요. 컬러도 예뻐서 재구매 의사 있어요. 케이스도 이쁘고 향도 무난해서 좋습니다. 배송도 깔끔하게 잘 왔어요.,색상,컬러도 예뻐서,1,[속성] 색상 [문장] 컬러도 예뻐서,0,색상,unchanged
test,train,[속성] 향 [문장] 향도 무난해서 좋습니다.,666674,쇼핑몰,메이크업/뷰티소품,OO 한** 립밤 4g 1개,좋네요. 맘에 쏙 들어요. 컬러도 예뻐서 재구매 의사 있어요. 케이스도 이쁘고 향도 무난해서 좋습니다. 배송도 깔끔하게 잘 왔어요.,향,향도 무난해서 좋습니다.,1,[속성] 향 [문장] 향도 무난해서 좋습니다.,0,향,unchanged
test,train,[속성] 지속력/유지력 [문장] 유지력도 좋습니다.,662800,쇼핑몰,메이크업/뷰티소품,OO 속** 틴트 1.6g 1개,발색이 좋고 유지력도 좋습니다. 착색이 빨라서 좋지만 마르기 전에 빨리 발라야겠습니다. 색상이 환하고 예쁘네요.,지속력/유지력,유지력도 좋습니다.,1,[속성] 지속력/유지력 [문장] 유지력도 좋습니다.,0,지속력/유지력,unchanged
test,train,[속성] 용량/개수 [문장] 양이 적어서,667935,쇼핑몰,메이크업/뷰티소품,OO 후** 립케어 4.8g 1개,안 좋은 향이 나요. 다른 립밤과 달리 날이 더워지니 제형이 물러져서 안 좋습니다. 양이 적어서 빨리 써야겠어요.,용량/개수,양이 적어서,-1,[속성] 용량/개수 [문장] 양이 적어서,1,용량/개수,unchanged
test,train,[속성] 편의성/활용성 [문장] 사용하기 편하네요.,668455,쇼핑몰,메이크업/뷰티소품,OO 후** 립케어 4.8g 1개,개인적으로 체리향을 좋아해서 골랐는데 만족스러워요. 바르면 붉게 발색돼서 발그레하니 립스틱을 바른 듯 합니다. 진하지는 않지만 입술색이 평소에 핏기가 없어서 생기없이 보였는데 자주 발라주니 생기있어 보여서 좋습니다. 보습력만 더 좋으면 좋겠습니다. 매트한 느낌입니다. 뚜껑은 립스틱처럼 생겨서 사용하기 편하네요. 아들도 써보더니 괜찮다고 사서 쓰고 있습니다.,편의성/활용성,사용하기 편하네요.,1,[속성] 편의성/활용성 [문장] 사용하기 편하네요.,0,편의성/활용성,unchanged
test,train,[속성] 보습력/수분감 [문장] 입술이 금방 건조해져서,662522,쇼핑몰,메이크업/뷰티소품,OO 바** 워터 틴트 4.3g 1개,부드럽게 잘 안발려요. 이것만 바르면 입술이 금방 건조해져서 립글로스랑 같이 발라야 해요.,보습력/수분감,입술이 금방 건조해져서,-1,[속성] 보습력/수분감 [문장] 입술이 금방 건조해져서,1,보습력/수분감/쿨링감,merged_duplicate_label
test,train,[속성] 색상 [문장] 색상이 예쁘고,666390,쇼핑몰,메이크업/뷰티소품,OO 한** 립밤 4g 1개,"지난번 OOO와 OO 구입해서 언니 하나 줬는데 색상이 예쁘고 입술만 발라도 피부가 밝아 보였어요. 이번에 재구매 했는데, OOO 클렌징폼까지 사은품으로 주셔서 너무 좋았어요.",색상,색상이 예쁘고,1,[속성] 색상 [문장] 색상이 예쁘고,0,색상,unchanged
test,validation,[속성] 색상 [문장] 저에겐 안 맞는 색상이네요.,671527,쇼핑몰,메이크업/뷰티소품,OO 프** 아이팔레트 6g 1개,OOO섀도우 좋다하고 신상이라 구매했습니다. 화면에서는 색상이 괜찮은데 발라보니 저에겐 안 맞는 색상이네요. 가루 날림도 좀 있고요.,색상,저에겐 안 맞는 색상이네요.,-1,[속성] 색상 [문장] 저에겐 안 맞는 색상이네요.,1,색상,unchanged
test,train,[속성] 발림성 [문장] 발림성이 너무 좋고,664665,쇼핑몰,메이크업/뷰티소품,OO 파** 리퀴드 립컬러 5ml 1개,립스팁만 쓰다가 처음 구매했어요. 발림성이 너무 좋고 색상도 마음에 들어요. 발색도 은은해서 좋네요. 다른 색들도 구매하고 싶어요. 사은품으로 주신 작은손거울 너무 마음에 듭니다. 가격 대비 용량은 좀 작은 것 같아요.,발림성,발림성이 너무 좋고,1,[속성] 발림성 [문장] 발림성이 너무 좋고,0,발림성,unchanged
test,train,[속성] 용량/개수 [문장] 가격 대비 용량은 좀 작은 것 같아요.,664665,쇼핑몰,메이크업/뷰티소품,OO 파** 리퀴드 립컬러 5ml 1개,립스팁만 쓰다가 처음 구매했어요. 발림성이 너무 좋고 색상도 마음에 들어요. 발색도 은은해서 좋네요. 다른 색들도 구매하고 싶어요. 사은품으로 주신 작은손거울 너무 마음에 듭니다. 가격 대비 용량은 좀 작은 것 같아요.,용량/개수,가격 대비 용량은 좀 작은 것 같아요.,-1,[속성] 용량/개수 [문장] 가격 대비 용량은 좀 작은 것 같아요.,1,용량/개수,unchanged
test,train,[속성] 기능/효과 [문장] 저에게 딱 좋은 제품입니다.,667316,쇼핑몰,메이크업/뷰티소품,OO 울** 립글로우 3.4g 1개,다 쓰기 전에 미리 재구매하고 있습니다. 저에게 딱 좋은 제품입니다. 발색도 좋고 촉촉함도 좋아요. 다만 가격이 비싼게 단점입니다.,기능/효과,저에게 딱 좋은 제품입니다.,1,[속성] 기능/효과 [문장] 저에게 딱 좋은 제품입니다.,0,기능/효과,unchanged
test,train,[속성] 기능/효과 [문장] 부담없이 데일리로 사용하기 좋습니다.,672386,쇼핑몰,메이크업/뷰티소품,OO 무** 멀티 아이 컬러 팔레트 8.1g 1개,베이스로 사용하기 좋은 색상 조합이라 부담없이 데일리로 사용하기 좋습니다.. 제형이 부드러워서 잘 발리고 색상도 은은하게 마음에 들어요.,기능/효과,부담없이 데일리로 사용하기 좋습니다.,1,[속성] 기능/효과 [문장] 부담없이 데일리로 사용하기 좋습니다.,0,기능/효과,unchanged
test,train,[속성] 지속력/유지력 [문장] 지속력도 좋네요.,661887,쇼핑몰,메이크업/뷰티소품,OO 루** 슬림 쉬어 마뜨 2g 1개,처음 사용시엔 뻑뻑하게 발려 놀랐지만 지금은 잘 발립니다. 발색력이 너무 좋고 마무리감도 뽀송해요. 지속력도 좋네요. 다만 제형이 얇아서 바를 때 살살 발라야 돼요. 제형이 잘 꺾일 것처럼 약해 보입니다. 제형이 약해서 짧게만 올려서 발라야 할 것 같습니다. 그래도 전체적으로 만족합니다.,지속력/유지력,지속력도 좋네요.,1,[속성] 지속력/유지력 [문장] 지속력도 좋네요.,0,지속력/유지력,unchanged
test,train,[속성] 보습력/수분감 [문장] 입술이 촉촉해집니다.,664059,쇼핑몰,메이크업/뷰티소품,OO 파** 리퀴드 립컬러 5ml 1개,가을 웜톤인데 이 립을 바르면 피부가 조금 밝아 보입니다. 입술이 건조함을 많이 느끼는데 단독으로 발라도 입술이 촉촉해집니다. 매트한 립은 아니네요. 가격만 저렴해지면 좋겠습니다.,보습력/수분감,입술이 촉촉해집니다.,1,[속성] 보습력/수분감 [문장] 입술이 촉촉해집니다.,0,보습력/수분감/쿨링감,merged_duplicate_label
test,train,[속성] 가격 [문장] 가격만 저렴해지면 좋겠습니다.,664059,쇼핑몰,메이크업/뷰티소품,OO 파** 리퀴드 립컬러 5ml 1개,가을 웜톤인데 이 립을 바르면 피부가 조금 밝아 보입니다. 입술이 건조함을 많이 느끼는데 단독으로 발라도 입술이 촉촉해집니다. 매트한 립은 아니네요. 가격만 저렴해지면 좋겠습니다.,가격,가격만 저렴해지면 좋겠습니다.,-1,[속성] 가격 [문장] 가격만 저렴해지면 좋겠습니다.,1,가격,unchanged
test,train,[속성] 보습력/수분감 [문장] 생각보다 촉촉하지 않고,663360,쇼핑몰,메이크업/뷰티소품,OO 맨** 케어 4.8g 1개,보습력이 좀 아쉬운 것 같아요. 생각보다 촉촉하지 않고 보습력이 약하니 자주 발라줘야 하네요. 행사가로 사면 모를까 재구매 의사는 없습니다.,보습력/수분감,생각보다 촉촉하지 않고,-1,[속성] 보습력/수분감 [문장] 생각보다 촉촉하지 않고,1,보습력/수분감/쿨링감,merged_duplicate_label
test,train,[속성] 지속력/유지력 [문장] 지속력이 아쉽네요.,664917,쇼핑몰,메이크업/뷰티소품,OO 벨** 립틴트 4g 1개,지속력이 아쉽네요. 시간이 갈수록 제형이 주름에 잘 끼여요. 발색력과 사용감이 좋고 착색도 붉게 되지 않아 좋아요.,지속력/유지력,지속력이 아쉽네요.,-1,[속성] 지속력/유지력 [문장] 지속력이 아쉽네요.,1,지속력/유지력,unchanged
test,train,[속성] 사용감 [문장] 사용감이 좋고,664917,쇼핑몰,메이크업/뷰티소품,OO 벨** 립틴트 4g 1개,지속력이 아쉽네요. 시간이 갈수록 제형이 주름에 잘 끼여요. 발색력과 사용감이 좋고 착색도 붉게 되지 않아 좋아요.,사용감,사용감이 좋고,1,[속성] 사용감 [문장] 사용감이 좋고,0,사용감,unchanged
test,train,[속성] 기능/효과 [문장] 제 피부에는 잘 맞네요.,661948,쇼핑몰,메이크업/뷰티소품,OO 루** 슬림 쉬어 마뜨 2g 1개,매트하진 않고 촉촉하네요. 발림성은 약간 떨어지는 것 같아요. 케이스는 고급지고 색감은 보라빛이 많이 나는 쿨톤인데 제 피부에는 잘 맞네요.,기능/효과,제 피부에는 잘 맞네요.,1,[속성] 기능/효과 [문장] 제 피부에는 잘 맞네요.,0,기능/효과,unchanged
test,train,[속성] 보습력/수분감 [문장] 촉촉하네요.,661948,쇼핑몰,메이크업/뷰티소품,OO 루** 슬림 쉬어 마뜨 2g 1개,매트하진 않고 촉촉하네요. 발림성은 약간 떨어지는 것 같아요. 케이스는 고급지고 색감은 보라빛이 많이 나는 쿨톤인데 제 피부에는 잘 맞네요.,보습력/수분감,촉촉하네요.,1,[속성] 보습력/수분감 [문장] 촉촉하네요.,0,보습력/수분감/쿨링감,merged_duplicate_label
test,train,[속성] 향 [문장] 향도 좋지 않고,668251,쇼핑몰,메이크업/뷰티소품,OO 후** 립케어 4.8g 1개,겨울이 되면 입술이 많이 터서 무색이랑 체리색 둘 다 구매해봤습니다. 사용해보니 향도 좋지 않고 너무 붉게 발색 되어서 자연스럽지 않네요.,향,향도 좋지 않고,-1,[속성] 향 [문장] 향도 좋지 않고,1,향,unchanged
test,train,[속성] 지속력/유지력 [문장] 오래가지 않네요.,668060,쇼핑몰,메이크업/뷰티소품,OO 후** 립케어 4.8g 1개,마스크 때문에 립스틱을 못 바르는데 이 제품으로 기분 내려고 주문했어요. 이쁘게 발색되지 않고 마스크에 묻어나네요. 향도 촉촉함도 오래가지 않네요.,지속력/유지력,오래가지 않네요.,-1,[속성] 지속력/유지력 [문장] 오래가지 않네요.,1,지속력/유지력,unchanged
test,validation,[속성] 발색력 [문장] 발색이 자연스럽고 예쁩니다.,661950,쇼핑몰,메이크업/뷰티소품,OO 루** 슬림 쉬어 마뜨 2g 1개,베이스로 바르려고 구매했는데 촉촉하고 단독으로 발라도 색이 크게 도드라지는 편은 아니지만 발색이 자연스럽고 예쁩니다. 보통 시중에 나와있는 립제품들은 비슷한 제형이 많은데 이런 촉촉하면서 매트한 젤리같은 제형은 처음 사용해보는 것 같습니다. 잘 발려서 각질부각 안되고 좋습니다.,발색력,발색이 자연스럽고 예쁩니다.,1,[속성] 발색력 [문장] 발색이 자연스럽고 예쁩니다.,0,발색력,unchanged
test,train,[속성] 보습력/수분감 [문장] 촉촉하면서,661950,쇼핑몰,메이크업/뷰티소품,OO 루** 슬림 쉬어 마뜨 2g 1개,베이스로 바르려고 구매했는데 촉촉하고 단독으로 발라도 색이 크게 도드라지는 편은 아니지만 발색이 자연스럽고 예쁩니다. 보통 시중에 나와있는 립제품들은 비슷한 제형이 많은데 이런 촉촉하면서 매트한 젤리같은 제형은 처음 사용해보는 것 같습니다. 잘 발려서 각질부각 안되고 좋습니다.,보습력/수분감,촉촉하면서,1,[속성] 보습력/수분감 [문장] 촉촉하면서,0,보습력/수분감/쿨링감,merged_duplicate_label
test,train,[속성] 발림성 [문장] 잘 발리고 좋은데,672307,쇼핑몰,메이크업/뷰티소품,OO 샤** 섀도우 스틱 1.4g 1개,사용후기 잘 안 남기는데 다음 구매하실 분들 참고하시라고 짧게 적습니다. 잘 발리고 좋은데 색이 너무 밝지 않습니다. 데일리 메이크업만 하다가 이번에 좀 꾸며야 할 일이 생겨서 진한 색으로 구매한 건데도 발색이 너무 티가 안 나네요.,발림성,잘 발리고 좋은데,1,[속성] 발림성 [문장] 잘 발리고 좋은데,0,발림성,unchanged
test,train,[속성] 보습력/수분감 [문장] 건조하지 않아 좋습니다.,665362,쇼핑몰,메이크업/뷰티소품,OO 벨** 립틴트 4g 1개,발색 너무 이쁩니다. 지속력도 좋아요. 부드럽게 발리면서 건조하지 않아 좋습니다.,보습력/수분감,건조하지 않아 좋습니다.,1,[속성] 보습력/수분감 [문장] 건조하지 않아 좋습니다.,0,보습력/수분감/쿨링감,merged_duplicate_label
test,train,[속성] 보습력/수분감 [문장] 촉촉하지 않아요.,662310,쇼핑몰,메이크업/뷰티소품,OO 제** 립밤 4g 1개,처음 써보는 제품인데 촉촉하지 않아요. 촉촉함이 유지되지 않아 자주 발라줘야 해요.,보습력/수분감,촉촉하지 않아요.,-1,[속성] 보습력/수분감 [문장] 촉촉하지 않아요.,1,보습력/수분감/쿨링감,merged_duplicate_label
test,train,[속성] 발림성 [문장] 발림성 좋아요.,665616,쇼핑몰,메이크업/뷰티소품,OO 벨** 립틴트 4g 1개,발림성 좋아요. 기름기없이 매트하게 흡수되어서 맘에 듭니다. 색상도 사진보다 바르면 더 에뻐요. 밝은 브라운톤이라 잘 맞아요.,발림성,발림성 좋아요.,1,[속성] 발림성 [문장] 발림성 좋아요.,0,발림성,unchanged
test,train,[속성] 발림성 [문장] 부드럽게 발리지 않고,665619,쇼핑몰,메이크업/뷰티소품,OO 벨** 립틴트 4g 1개,입술이 건조해서 아무거나 못바르는 타입인데 부드럽게 발리지 않고 발색력이 별로 안좋아요.,발림성,부드럽게 발리지 않고,-1,[속성] 발림성 [문장] 부드럽게 발리지 않고,1,발림성,unchanged
test,train,[속성] 발색력 [문장] 발색력도 좋아요.,664788,쇼핑몰,메이크업/뷰티소품,OO 벨** 립틴트 4g 1개,OOO 립스틱 사용감이 좋고 발색력도 좋아요. 색상도 예쁘고 케이스도 고급스러워 보여요. 발림성도 부드러워서 좋고 가격도 아주 적당합니다. 다른 색상도 너무 예쁜 색상이라 모두 써보고 싶네요.,발색력,발색력도 좋아요.,1,[속성] 발색력 [문장] 발색력도 좋아요.,0,발색력,unchanged
test,train,[속성] 발림성 [문장] 발림성도 부드러워서 좋고,664788,쇼핑몰,메이크업/뷰티소품,OO 벨** 립틴트 4g 1개,OOO 립스틱 사용감이 좋고 발색력도 좋아요. 색상도 예쁘고 케이스도 고급스러워 보여요. 발림성도 부드러워서 좋고 가격도 아주 적당합니다. 다른 색상도 너무 예쁜 색상이라 모두 써보고 싶네요.,발림성,발림성도 부드러워서 좋고,1,[속성] 발림성 [문장] 발림성도 부드러워서 좋고,0,발림성,unchanged
test,train,[속성] 지속력/유지력 [문장] 오래가서 좋아요.,663465,쇼핑몰,메이크업/뷰티소품,OO 맨** 케어 4.8g 1개,OOO 맨은 처음 써보는데 겨울에 쓰기 딱 좋은 거 같습니다. 잘 발리고 촉촉해요. 외출할 때 한 번만 발라도 촉촉함이 오래가서 좋아요. 잘 쓰겠습니다. 추천해요.,지속력/유지력,오래가서 좋아요.,1,[속성] 지속력/유지력 [문장] 오래가서 좋아요.,0,지속력/유지력,unchanged
test,train,[속성] 품질 [문장] 품질이 너무 안 좋습니다.,668238,쇼핑몰,메이크업/뷰티소품,OO 후** 립케어 4.8g 1개,망고향이라고 해서 샀는데 과일향이 아닌 이상한 플라스틱 냄새가 나서 불쾌하네요. 품질이 너무 안 좋습니다.,품질,품질이 너무 안 좋습니다.,-1,[속성] 품질 [문장] 품질이 너무 안 좋습니다.,1,품질,unchanged
test,train,[속성] 보습력/수분감 [문장] 보습도 좋고,668369,쇼핑몰,메이크업/뷰티소품,OO 후** 립케어 4.8g 1개,코로나 시대에 살다 보니 얼굴에 화장을 많이 안 하게 되는데 그래도 입술이 마스크 안에서 바짝 마르는 느낌이 있네요. 립스틱은 마스크에 묻어 나고 그래서 요즘은 OOO 제품만 열심히 바르고 있습니다. 보습도 좋고 휴대하기 편합니다.,보습력/수분감,보습도 좋고,1,[속성] 보습력/수분감 [문장] 보습도 좋고,0,보습력/수분감/쿨링감,merged_duplicate_label
test,train,[속성] 편의성/활용성 [문장] 휴대하기 편합니다.,668369,쇼핑몰,메이크업/뷰티소품,OO 후** 립케어 4.8g 1개,코로나 시대에 살다 보니 얼굴에 화장을 많이 안 하게 되는데 그래도 입술이 마스크 안에서 바짝 마르는 느낌이 있네요. 립스틱은 마스크에 묻어 나고 그래서 요즘은 OOO 제품만 열심히 바르고 있습니다. 보습도 좋고 휴대하기 편합니다.,편의성/활용성,휴대하기 편합니다.,1,[속성] 편의성/활용성 [문장] 휴대하기 편합니다.,0,편의성/활용성,unchanged
test,train,[속성] 가격 [문장] 가격도 비싸게 구입했는데,671491,쇼핑몰,메이크업/뷰티소품,OO 프** 아이팔레트 6g 1개,내가 좋아하는 핑크라서 구매했습니다. 색이 너무 진합니다. 색상이 레이어드 하기도 힘들어요. 가격도 비싸게 구입했는데 다음에 또 주문은 안해요.,가격,가격도 비싸게 구입했는데,-1,[속성] 가격 [문장] 가격도 비싸게 구입했는데,1,가격,unchanged
test,train,[속성] 편의성/활용성 [문장] 편하게 바를 수 있어서 좋아요.,667146,쇼핑몰,메이크업/뷰티소품,OO 울** 립글로우 3.4g 1개,너무 좋습니다. 양이 작은 게 단점이지만 편하게 바를 수 있어서 좋아요. 입술을 쿠션으로 정리하고 거울 안 보고 어디서나 바르기 편합니다. 발색도 좋고 윤기도 적당히 나서 좋아요. 다만 양이 작다 보니 너무 빨리 닳네요.,편의성/활용성,편하게 바를 수 있어서 좋아요.,1,[속성] 편의성/활용성 [문장] 편하게 바를 수 있어서 좋아요.,0,편의성/활용성,unchanged
test,train,[속성] 가격 [문장] 가격도 비싼 편입니다.,667076,쇼핑몰,메이크업/뷰티소품,OO 울** 립글로우 3.4g 1개,배송은 빠르네요. 매트한 느낌이고 좀 진하게 발색되어 부담스러운 듯해요. 가격도 비싼 편입니다.,가격,가격도 비싼 편입니다.,-1,[속성] 가격 [문장] 가격도 비싼 편입니다.,1,가격,unchanged
test,train,[속성] 지속력/유지력 [문장] 지속력이 더 길고,664641,쇼핑몰,메이크업/뷰티소품,OO 파** 리퀴드 립컬러 5ml 1개,잘 쓰고 있습니다. 다른 색상 립스틱과 비교해 봤는데 이 립스틱이 지속력이 더 길고 잘 밀착되네요. 그런데 구매 수량 제한이 있는 점이 별로네요. 다음에는 OOO 색상 살게요.,지속력/유지력,지속력이 더 길고,1,[속성] 지속력/유지력 [문장] 지속력이 더 길고,0,지속력/유지력,unchanged
test,train,[속성] 발림성 [문장] 잘 발려서 좋아요.,668236,쇼핑몰,메이크업/뷰티소품,OO 후** 립케어 4.8g 1개,자꾸 입술이 터서 샀어요. 지속성은 약하지만 잘 발려서 좋아요. 데일리로 쓰기에도 좋은 향이고 가격도 좋습니다. 단점이라면 용기가 둥글어서 너무 잘 굴러다니네요.,발림성,잘 발려서 좋아요.,1,[속성] 발림성 [문장] 잘 발려서 좋아요.,0,발림성,unchanged
test,train,[속성] 지속력/유지력 [문장] 지속력이 약해서,662541,쇼핑몰,메이크업/뷰티소품,OO 바** 워터 틴트 4.3g 1개,기초 화장한 후에 자연스럽게 포인트를 주고 싶어서 구매했어요. 그런데 지속력이 약해서 금방 지워지더라고요. 수정 화장을 잘 하지 않는 편인데 잘 지워지니 불편했어요. 촉촉하지도 않고 제형이 생각보다 묽은 편이라 바르기도 불편합니다. 잘 스며들지도 않고 잘 발리지도 않네요.,지속력/유지력,지속력이 약해서,-1,[속성] 지속력/유지력 [문장] 지속력이 약해서,1,지속력/유지력,unchanged
test,train,[속성] 흡수력 [문장] 잘 스며들지도 않고,662541,쇼핑몰,메이크업/뷰티소품,OO 바** 워터 틴트 4.3g 1개,기초 화장한 후에 자연스럽게 포인트를 주고 싶어서 구매했어요. 그런데 지속력이 약해서 금방 지워지더라고요. 수정 화장을 잘 하지 않는 편인데 잘 지워지니 불편했어요. 촉촉하지도 않고 제형이 생각보다 묽은 편이라 바르기도 불편합니다. 잘 스며들지도 않고 잘 발리지도 않네요.,흡수력,잘 스며들지도 않고,-1,[속성] 흡수력 [문장] 잘 스며들지도 않고,1,흡수력,unchanged
test,train,[속성] 발림성 [문장] 잘 발리지도 않네요.,662541,쇼핑몰,메이크업/뷰티소품,OO 바** 워터 틴트 4.3g 1개,기초 화장한 후에 자연스럽게 포인트를 주고 싶어서 구매했어요. 그런데 지속력이 약해서 금방 지워지더라고요. 수정 화장을 잘 하지 않는 편인데 잘 지워지니 불편했어요. 촉촉하지도 않고 제형이 생각보다 묽은 편이라 바르기도 불편합니다. 잘 스며들지도 않고 잘 발리지도 않네요.,발림성,잘 발리지도 않네요.,-1,[속성] 발림성 [문장] 잘 발리지도 않네요.,1,발림성,unchanged
test,train,[속성] 보습력/수분감 [문장] 각질 부각도 없어요.,661931,쇼핑몰,메이크업/뷰티소품,OO 루** 슬림 쉬어 마뜨 2g 1개,맨 얼굴에 쓰려고 자연스러운 분홍색으로 골라봤는데 좋습니다. 진짜 너무 만족합니다. 매트한 마무리감이 좋습니다. 각질 부각도 없어요. 촉촉하다고 생각됩니다. 디자인이 네모라 불편할 줄 알았는데 생각보다 바르기 편합니다. 다음엔 다른 색깔로 사 볼려구요.,보습력/수분감,각질 부각도 없어요.,1,[속성] 보습력/수분감 [문장] 각질 부각도 없어요.,0,보습력/수분감/쿨링감,merged_duplicate_label
test,train,[속성] 향 [문장] 향도 은은하니 괜찮아요.,668099,쇼핑몰,메이크업/뷰티소품,OO 후** 립케어 4.8g 1개,겨울철에는 손 닿는 곳곳에 두고 발라야 건조함을 피할 수 있어서 여러 제품을 구매해서 사용중이에요. 이 제품은 향도 은은하니 괜찮아요. 품질이 좋은 괜찮은 제품이에요.,향,향도 은은하니 괜찮아요.,1,[속성] 향 [문장] 향도 은은하니 괜찮아요.,0,향,unchanged
test,validation,[속성] 향 [문장] 체리향이 좋고,668660,쇼핑몰,메이크업/뷰티소품,OO 후** 립케어 4.8g 1개,체리향이 좋고 발색력도 맘에 듭니다. 입술 건조한 요즘 사용하기 좋아요. 휴대가 간편해서 점퍼 주머니 속에 넣고 다니기 편하네요.,향,체리향이 좋고,1,[속성] 향 [문장] 체리향이 좋고,0,향,unchanged
test,train,[속성] 가격 [문장] 싸기도 하고,672070,쇼핑몰,메이크업/뷰티소품,OO 샤** 섀도우 스틱 1.4g 1개,9호 색상이 훨씬 예쁩니다. 10호 로즈골드는 넘 흐리네요. 싸기도 하고 팍팍쓰려고 3개 더 주문했어요. 부드럽게 잘 발라집니다.,가격,싸기도 하고,1,[속성] 가격 [문장] 싸기도 하고,0,가격,unchanged
test,train,[속성] 발림성 [문장] 부드럽게 잘 발라집니다.,672070,쇼핑몰,메이크업/뷰티소품,OO 샤** 섀도우 스틱 1.4g 1개,9호 색상이 훨씬 예쁩니다. 10호 로즈골드는 넘 흐리네요. 싸기도 하고 팍팍쓰려고 3개 더 주문했어요. 부드럽게 잘 발라집니다.,발림성,부드럽게 잘 발라집니다.,1,[속성] 발림성 [문장] 부드럽게 잘 발라집니다.,0,발림성,unchanged
test,train,[속성] 가격 [문장] 가격도 비싸고요.,672322,쇼핑몰,메이크업/뷰티소품,OO 무** 멀티 아이 컬러 팔레트 8.1g 1개,쓰던 섀도우를 다 써서 다른 제품도 써보고 싶어서 구매했습니다. 그런데 색상 조합이 예쁘지 않고 활용하기도 안 좋네요. 지속력도 아쉬워요. 가격도 비싸고요.,가격,가격도 비싸고요.,-1,[속성] 가격 [문장] 가격도 비싸고요.,1,가격,unchanged
test,train,[속성] 지속력/유지력 [문장] 지속력도 좋은거 같습니다.,671518,쇼핑몰,메이크업/뷰티소품,OO 프** 아이팔레트 6g 1개,계절이 바뀌어서 새로운 색상의 섀도우를 찾던중 ㅇㅇㅇ에서 저렴하게 구매했습니다. 발림성 좋고 지속력도 좋은거 같습니다.,지속력/유지력,지속력도 좋은거 같습니다.,1,[속성] 지속력/유지력 [문장] 지속력도 좋은거 같습니다.,0,지속력/유지력,unchanged
test,validation,[속성] 색상 [문장] 색상이 마음에 안 듭니다.,663816,쇼핑몰,메이크업/뷰티소품,OO 파** 리퀴드 립컬러 5ml 1개,색상이 마음에 안 듭니다. 건조하고 매트해서 별로입니다. 클렌징 할 때 잘 안 지워지네요.,색상,색상이 마음에 안 듭니다.,-1,[속성] 색상 [문장] 색상이 마음에 안 듭니다.,1,색상,unchanged
test,train,[속성] 발림성 [문장] 발림성 부드럽고,661929,쇼핑몰,메이크업/뷰티소품,OO 루** 슬림 쉬어 마뜨 2g 1개,이거 진짜 맘에 들어요. 발림성 부드럽고 뭉치지 않고 그렇다고 매트하지도 않네요. 재구매 하겠습니다. 디자인도 멋스러워 가지고 다니기에 좋고 각이져 있어서 바를때도 디테일하게 잘 발라집니다. 여러개 구매했어요. 강추해요.,발림성,발림성 부드럽고,1,[속성] 발림성 [문장] 발림성 부드럽고,0,발림성,unchanged
test,train,[속성] 발림성 [문장] 뭉치지 않고,661929,쇼핑몰,메이크업/뷰티소품,OO 루** 슬림 쉬어 마뜨 2g 1개,이거 진짜 맘에 들어요. 발림성 부드럽고 뭉치지 않고 그렇다고 매트하지도 않네요. 재구매 하겠습니다. 디자인도 멋스러워 가지고 다니기에 좋고 각이져 있어서 바를때도 디테일하게 잘 발라집니다. 여러개 구매했어요. 강추해요.,발림성,뭉치지 않고,1,[속성] 발림성 [문장] 뭉치지 않고,0,발림성,unchanged
test,train,[속성] 지속력/유지력 [문장] 지속력도 정말 좋습니다,664531,쇼핑몰,메이크업/뷰티소품,OO 파** 리퀴드 립컬러 5ml 1개,딸에게 선물했습니다. 색상도 짙은 주홍 빛으로 예쁩니다. 색상이 딸에게는 아주 잘 맞고 지속력도 정말 좋습니다.,지속력/유지력,지속력도 정말 좋습니다,1,[속성] 지속력/유지력 [문장] 지속력도 정말 좋습니다,0,지속력/유지력,unchanged
test,train,[속성] 제형 [문장] 제형의 입자도 곱고,672523,쇼핑몰,메이크업/뷰티소품,OO 무** 멀티 아이 컬러 팔레트 8.1g 1개,"겉으로 봐서는 다 브라운 계열 같은데, 자연스럽게 잘 발색되면서 분홍빛이 돌아서 좋아요. 여러 스타일의 아이 메이크업을 연출하고 싶을 때 활용하기 편리한 제품입니다. 제형의 입자도 곱고 발림성도 좋습니다. 잘 쓸게요.",제형,제형의 입자도 곱고,1,[속성] 제형 [문장] 제형의 입자도 곱고,0,제형,unchanged
test,train,[속성] 발색력 [문장] 발색이 마음에 듭니다.,664830,쇼핑몰,메이크업/뷰티소품,OO 벨** 립틴트 4g 1개,색상이 원하던 색깔이라서 만족합니다. 너무 예쁘네요. 발색력이 좋습니다. 적당히 매트하면서 번들거리지 않아서 좋고 발색이 마음에 듭니다. 다 쓰고 나면 또 사고 싶네요. 양도 많고 데일리로 쓰기 딱 좋습니다.,발색력,발색이 마음에 듭니다.,1,[속성] 발색력 [문장] 발색이 마음에 듭니다.,0,발색력,unchanged
test,train,[속성] 용량/개수 [문장] 양도 많고,664830,쇼핑몰,메이크업/뷰티소품,OO 벨** 립틴트 4g 1개,색상이 원하던 색깔이라서 만족합니다. 너무 예쁘네요. 발색력이 좋습니다. 적당히 매트하면서 번들거리지 않아서 좋고 발색이 마음에 듭니다. 다 쓰고 나면 또 사고 싶네요. 양도 많고 데일리로 쓰기 딱 좋습니다.,용량/개수,양도 많고,1,[속성] 용량/개수 [문장] 양도 많고,0,용량/개수,unchanged
test,train,[속성] 편의성/활용성 [문장] 사용하기도 불편해요.,672382,쇼핑몰,메이크업/뷰티소품,OO 무** 멀티 아이 컬러 팔레트 8.1g 1개,화면에서 본 거랑 색상이 다르네요. 다가올 봄에 웜컬러로 쓰려고 샀는데 발색도 별로고요. 색상마다 발색되는 색상이 마음에 안 드네요. 화장 잘 못하는데 사용하기도 불편해요.,편의성/활용성,사용하기도 불편해요.,-1,[속성] 편의성/활용성 [문장] 사용하기도 불편해요.,1,편의성/활용성,unchanged
test,train,[속성] 발색력 [문장] 발색력 좋고,664929,쇼핑몰,메이크업/뷰티소품,OO 벨** 립틴트 4g 1개,발색력 좋고 각질부각 없이 부드럽게 잘 발라져요. 무엇보다 OOO립은 컬러감이 정말 예쁘네요. 다양한 색상 중에 이번 상품 색상이 너무 마음에 들어요.,발색력,발색력 좋고,1,[속성] 발색력 [문장] 발색력 좋고,0,발색력,unchanged
test,train,[속성] 발림성 [문장] 부드럽게 잘 발라져요.,664929,쇼핑몰,메이크업/뷰티소품,OO 벨** 립틴트 4g 1개,발색력 좋고 각질부각 없이 부드럽게 잘 발라져요. 무엇보다 OOO립은 컬러감이 정말 예쁘네요. 다양한 색상 중에 이번 상품 색상이 너무 마음에 들어요.,발림성,부드럽게 잘 발라져요.,1,[속성] 발림성 [문장] 부드럽게 잘 발라져요.,0,발림성,unchanged
test,train,[속성] 용량/개수 [문장] 가격대비 용량이 적어요.,670410,쇼핑몰,메이크업/뷰티소품,OO 에** 드로잉 아이브라우 0.25g 1개,"가격대비 용량이 적어요. 펜슬 돌리는 부분이 너무 엉성해서 금방이라도 빠질 것 같아요. 왜 그렇게 만들었는지 품질이 의문이네요. 펜슬은 사용하다보면 돌리는 부분이 잘 깨진다는 의견이 많이 있는데, 사용하다보니 펜슬 돌리는 부분이 깨지네요. 개선해야 될 것 같습니다.",용량/개수,가격대비 용량이 적어요.,-1,[속성] 용량/개수 [문장] 가격대비 용량이 적어요.,1,용량/개수,unchanged
test,train,[속성] 보습력/수분감 [문장] 보습력도 좋고,663412,쇼핑몰,메이크업/뷰티소품,OO 맨** 케어 4.8g 1개,세일할 때 저렴하게 구매했습니다. 보습력도 좋고 계절이 바뀌어서 날씨가 추워지니 입술이 금방 건조해지는데 이거 사용하면 촉촉해져서 좋은 거 같습니다. 향도 적당하고 한 번 구입하면 오래 사용할 수 있는 양이어서 생필품으로 쟁여 둡니다.,보습력/수분감,보습력도 좋고,1,[속성] 보습력/수분감 [문장] 보습력도 좋고,0,보습력/수분감/쿨링감,merged_duplicate_label
test,train,[속성] 향 [문장] 향도 적당하고,663412,쇼핑몰,메이크업/뷰티소품,OO 맨** 케어 4.8g 1개,세일할 때 저렴하게 구매했습니다. 보습력도 좋고 계절이 바뀌어서 날씨가 추워지니 입술이 금방 건조해지는데 이거 사용하면 촉촉해져서 좋은 거 같습니다. 향도 적당하고 한 번 구입하면 오래 사용할 수 있는 양이어서 생필품으로 쟁여 둡니다.,향,향도 적당하고,1,[속성] 향 [문장] 향도 적당하고,0,향,unchanged
test,train,[속성] 편의성/활용성 [문장] 휴대하기도 불편해요.,661991,쇼핑몰,메이크업/뷰티소품,OO 루** 슬림 쉬어 마뜨 2g 1개,유명해서 구매했는데 색깔이 너무 진해서 데일리용으로 쓰기엔 별로네요. 버건디 컬러라 저랑은 안어울리네요. 무엇보다 용기가 얇아서 그립감이 별로인데 휴대하기도 불편해요.,편의성/활용성,휴대하기도 불편해요.,-1,[속성] 편의성/활용성 [문장] 휴대하기도 불편해요.,1,편의성/활용성,unchanged
test,train,[속성] 색상 [문장] 색이 너무 예쁘고,665027,쇼핑몰,메이크업/뷰티소품,OO 벨** 립틴트 4g 1개,이 상품은 매장에서 직접 발라보고 구매했던 상품입니다. 발림성이 좋아 만족하고 사용하고 있네요. 색이 너무 예쁘고 지속력도 좋아서 자주 사용하는 제품입니다. 다 사용하면 다시 구매할 예정이에요.,색상,색이 너무 예쁘고,1,[속성] 색상 [문장] 색이 너무 예쁘고,0,색상,unchanged
test,train,[속성] 지속력/유지력 [문장] 지속력도 좋아서,665027,쇼핑몰,메이크업/뷰티소품,OO 벨** 립틴트 4g 1개,이 상품은 매장에서 직접 발라보고 구매했던 상품입니다. 발림성이 좋아 만족하고 사용하고 있네요. 색이 너무 예쁘고 지속력도 좋아서 자주 사용하는 제품입니다. 다 사용하면 다시 구매할 예정이에요.,지속력/유지력,지속력도 좋아서,1,[속성] 지속력/유지력 [문장] 지속력도 좋아서,0,지속력/유지력,unchanged
test,train,[속성] 용량/개수 [문장] 용량이 작아서 빨리 쓸 거 같아요.,665118,쇼핑몰,메이크업/뷰티소품,OO 벨** 립틴트 4g 1개,부드럽게 잘 발리고 색감도 좋습니다. 다만 용량이 작아서 빨리 쓸 거 같아요. 그래도 만족합니다.,용량/개수,용량이 작아서 빨리 쓸 거 같아요.,-1,[속성] 용량/개수 [문장] 용량이 작아서 빨리 쓸 거 같아요.,1,용량/개수,unchanged
test,train,[속성] 밀착력/접착력 [문장] 마스크에 묻어나고,662418,쇼핑몰,메이크업/뷰티소품,OO 바** 워터 틴트 4.3g 1개,발색이 너무 연해서 화장한 티가 하나도 안 나네요. 한두 번 발라서는 색이 보이지도 않아요. 그나마도 마스크에 묻어나고 물만 마셔도 지워져서 하루에 몇 번을 덧바르는지 모르겠어요. 이름 보고 촉촉한 틴트라는 뜻인 줄 알았는데 물처럼 발색이 연하고 잘 지워집니다.,밀착력/접착력,마스크에 묻어나고,-1,[속성] 밀착력/접착력 [문장] 마스크에 묻어나고,1,밀착력/접착력,unchanged
test,train,[속성] 지속력/유지력 [문장] 잘 지워집니다.,662418,쇼핑몰,메이크업/뷰티소품,OO 바** 워터 틴트 4.3g 1개,발색이 너무 연해서 화장한 티가 하나도 안 나네요. 한두 번 발라서는 색이 보이지도 않아요. 그나마도 마스크에 묻어나고 물만 마셔도 지워져서 하루에 몇 번을 덧바르는지 모르겠어요. 이름 보고 촉촉한 틴트라는 뜻인 줄 알았는데 물처럼 발색이 연하고 잘 지워집니다.,지속력/유지력,잘 지워집니다.,-1,[속성] 지속력/유지력 [문장] 잘 지워집니다.,1,지속력/유지력,unchanged
test,train,[속성] 밀착력/접착력 [문장] 잘 안 묻어나서 좋습니다.,662925,쇼핑몰,메이크업/뷰티소품,OO 속** 틴트 1.6g 1개,색상도 예쁩니다. 특히 작아서 갖고 다니기 좋아요. 바를 때 선명하게 이쁘게 발색됩니다. 그리고 잘 안 묻어나서 좋습니다.,밀착력/접착력,잘 안 묻어나서 좋습니다.,1,[속성] 밀착력/접착력 [문장] 잘 안 묻어나서 좋습니다.,0,밀착력/접착력,unchanged
test,train,[속성] 발림성 [문장] 발림성이 좋아서,668437,쇼핑몰,메이크업/뷰티소품,OO 후** 립케어 4.8g 1개,항상 이 제품만 사용하고 있습니다. 체리향이 좋고 발림성이 좋아서 꾸준히 사용하고 있어요. 겨울엔 심하게 건조해서 입술이 갈라지고 피가 나서 저에겐 필수품이 되었습니다. 겨울엔 외출할때도 이 제품 하나 바르고 있습니다. 친구들도 자주 이용하는 제품이라 믿고 구매해요.,발림성,발림성이 좋아서,1,[속성] 발림성 [문장] 발림성이 좋아서,0,발림성,unchanged
test,validation,[속성] 발색력 [문장] 발색력은 좋은데,666907,쇼핑몰,메이크업/뷰티소품,OO 울** 립글로우 3.4g 1개,발색력은 좋은데 자주 발라줘야 해서 가성비는 살짝 떨어집니다.,발색력,발색력은 좋은데,1,[속성] 발색력 [문장] 발색력은 좋은데,0,발색력,unchanged
test,train,[속성] 지속력/유지력 [문장] 지속력도 별로고,664824,쇼핑몰,메이크업/뷰티소품,OO 벨** 립틴트 4g 1개,한번 쓰고 사용 안 하고 있어요. 지속력도 별로고 묻어남도 있어서 손이 안가네요.,지속력/유지력,지속력도 별로고,-1,[속성] 지속력/유지력 [문장] 지속력도 별로고,1,지속력/유지력,unchanged
test,train,[속성] 가격 [문장] 가성비가 별로입니다.,671295,쇼핑몰,메이크업/뷰티소품,OO 프** 아이팔레트 6g 1개,색상도 마음에 안 들고 가성비가 별로입니다. 밋밋한 새도우는 별로 안 좋아하는데 펄 없는 색상이 많아서 좀 아쉽습니다. 가루 날림은 어쩔 수 없이 생깁니다. 그래서 브러시로 안 바르고 손가락으로 문질러 바릅니다.,가격,가성비가 별로입니다.,-1,[속성] 가격 [문장] 가성비가 별로입니다.,1,가격,unchanged
test,train,[속성] 흡수력 [문장] 잘 스며들지 않고,665059,쇼핑몰,메이크업/뷰티소품,OO 벨** 립틴트 4g 1개,가격대비 제품이 만족스럽지 않아요. 오랜 기간 사용해 봤지만 착색이 잘 안됩니다. 바르면 잘 스며들지 않고 촉촉하지도 않아요. 건조한 입술에 사용하기에는 별로인 거 같아요. 지속력도 약해서 데일리로 사용하기 적합하지 않아요.,흡수력,잘 스며들지 않고,-1,[속성] 흡수력 [문장] 잘 스며들지 않고,1,흡수력,unchanged
test,train,[속성] 보습력/수분감 [문장] 촉촉하지도 않아요.,665059,쇼핑몰,메이크업/뷰티소품,OO 벨** 립틴트 4g 1개,가격대비 제품이 만족스럽지 않아요. 오랜 기간 사용해 봤지만 착색이 잘 안됩니다. 바르면 잘 스며들지 않고 촉촉하지도 않아요. 건조한 입술에 사용하기에는 별로인 거 같아요. 지속력도 약해서 데일리로 사용하기 적합하지 않아요.,보습력/수분감,촉촉하지도 않아요.,-1,[속성] 보습력/수분감 [문장] 촉촉하지도 않아요.,1,보습력/수분감/쿨링감,merged_duplicate_label
test,train,[속성] 제품구성 [문장] 상품 구성이 안 좋습니다.,672338,쇼핑몰,메이크업/뷰티소품,OO 무** 멀티 아이 컬러 팔레트 8.1g 1개,배송은 빠릅니다. 상품 구성이 안 좋습니다. 사은품은 파우치랑 립도 같이 왔는데 잘 사용 할 것 같지는 않아요. 가격은 비싸고 마음에 드는 색상이 없어서 별로입니다.,제품구성,상품 구성이 안 좋습니다.,-1,[속성] 제품구성 [문장] 상품 구성이 안 좋습니다.,1,제품구성,unchanged
test,train,[속성] 발림성 [문장] 발림도 좋고,663834,쇼핑몰,메이크업/뷰티소품,OO 파** 리퀴드 립컬러 5ml 1개,언니가 사용하다가 떨어뜨려 부러졌다고 아쉬워해서 선물했습니다. 언니는 발림도 좋고 발색도 좋아서 맘에 들어하네요.,발림성,발림도 좋고,1,[속성] 발림성 [문장] 발림도 좋고,0,발림성,unchanged
test,train,[속성] 발색력 [문장] 발색도 좋아서,663834,쇼핑몰,메이크업/뷰티소품,OO 파** 리퀴드 립컬러 5ml 1개,언니가 사용하다가 떨어뜨려 부러졌다고 아쉬워해서 선물했습니다. 언니는 발림도 좋고 발색도 좋아서 맘에 들어하네요.,발색력,발색도 좋아서,1,[속성] 발색력 [문장] 발색도 좋아서,0,발색력,unchanged
test,train,[속성] 보습력/수분감 [문장] 촉촉하지 않지만,661952,쇼핑몰,메이크업/뷰티소품,OO 루** 슬림 쉬어 마뜨 2g 1개,채도 높은 립이 잘 어울리는 타입인데 자연스럽게 잘 발색되어서 화사한 입술색을 연출해 줍니다. 테스트 해봤을 땐 너무 발색이 은은하다 싶어서 사지 않았어요. 그런데 막상 사서 써보니 자연스럽게 잘 발색되면서 잘 어울리고 얼굴에 생기를 더해주네요. 그래서 데일리로 잘 쓰고 있어요. 촉촉하지 않지만 오히려 살짝 매트해서 더 자연스럽고 지속력도 생각보다 좋습니다.,보습력/수분감,촉촉하지 않지만,-1,[속성] 보습력/수분감 [문장] 촉촉하지 않지만,1,보습력/수분감/쿨링감,merged_duplicate_label
test,train,[속성] 색상 [문장] 생각보다 색상이 진하고,671615,쇼핑몰,메이크업/뷰티소품,OO 프** 아이팔레트 6g 1개,은은하게 화장하려고 구입했는데 생각보다 색상이 진하고 발색도 짙은 느낌이라 조금 부담스럽네요. 가루 날림도 있고 가격도 비싼 편이고 양도 작아서 너무 빨리 사용할 것 같아요.,색상,생각보다 색상이 진하고,-1,[속성] 색상 [문장] 생각보다 색상이 진하고,1,색상,unchanged
test,train,[속성] 발림성 [문장] 뻑뻑하게 발려서,664657,쇼핑몰,메이크업/뷰티소품,OO 파** 리퀴드 립컬러 5ml 1개,저는 22-23호 웜톤입니다. 색상이 너무 예뻐보여서 구매했습니다. 기존 립스틱보다 진하게 발색이 되고 매트한 느낌입니다. 기존 립스틱이 부드럽게 입술에 발린다면 이 제품은 뻑뻑하게 발려서 매트합니다. 발색은 너무 환합니다. 제 피부톤에 안 맞는 느낌이 있습니다. 베이스 립을 조금 더 웜한색을 발라주고 그라데이션 해주니까 색이 화사해서 봄 여름에 바르기 좋은 것 같아요. 볼 터치도 같은 색상으로 해주면 좋을 거 같아서 볼에도 발라 봤는데 생각보다 뻑뻑하게 발려서 뭉칩니다.,발림성,뻑뻑하게 발려서,-1,[속성] 발림성 [문장] 뻑뻑하게 발려서,1,발림성,unchanged
test,train,[속성] 보습력/수분감 [문장] 매트합니다.,664657,쇼핑몰,메이크업/뷰티소품,OO 파** 리퀴드 립컬러 5ml 1개,저는 22-23호 웜톤입니다. 색상이 너무 예뻐보여서 구매했습니다. 기존 립스틱보다 진하게 발색이 되고 매트한 느낌입니다. 기존 립스틱이 부드럽게 입술에 발린다면 이 제품은 뻑뻑하게 발려서 매트합니다. 발색은 너무 환합니다. 제 피부톤에 안 맞는 느낌이 있습니다. 베이스 립을 조금 더 웜한색을 발라주고 그라데이션 해주니까 색이 화사해서 봄 여름에 바르기 좋은 것 같아요. 볼 터치도 같은 색상으로 해주면 좋을 거 같아서 볼에도 발라 봤는데 생각보다 뻑뻑하게 발려서 뭉칩니다.,보습력/수분감,매트합니다.,-1,[속성] 보습력/수분감 [문장] 매트합니다.,1,보습력/수분감/쿨링감,merged_duplicate_label
test,train,[속성] 보습력/수분감 [문장] 보습력이 약하네요.,668717,쇼핑몰,메이크업/뷰티소품,OO 후** 립케어 4.8g 1개,가격대비 별로인 거 같습니다. 겨울에 자주 바르려고 샀는데 보습력이 약하네요. 향이 강해서 아쉽고 색상이 예쁘지 않아요. 후기가 좋아서 샀는데 실망이네요. 제형이 물러서 바르기 불편해요. 향이 강해서 남성들이나 아이들은 사용하기 별로일 거 같아요. 매해 겨울마다 립밤을 사용하고 있어서 다른 제품 쓰다가 한번 사봤는데 재구매는 안 할 거 같아요. 뚜껑이 자꾸 열려서 가방에 휴대하기도 불편합니다.,보습력/수분감,보습력이 약하네요.,-1,[속성] 보습력/수분감 [문장] 보습력이 약하네요.,1,보습력/수분감/쿨링감,merged_duplicate_label
test,train,[속성] 향 [문장] 향이 강해서 아쉽고,668717,쇼핑몰,메이크업/뷰티소품,OO 후** 립케어 4.8g 1개,가격대비 별로인 거 같습니다. 겨울에 자주 바르려고 샀는데 보습력이 약하네요. 향이 강해서 아쉽고 색상이 예쁘지 않아요. 후기가 좋아서 샀는데 실망이네요. 제형이 물러서 바르기 불편해요. 향이 강해서 남성들이나 아이들은 사용하기 별로일 거 같아요. 매해 겨울마다 립밤을 사용하고 있어서 다른 제품 쓰다가 한번 사봤는데 재구매는 안 할 거 같아요. 뚜껑이 자꾸 열려서 가방에 휴대하기도 불편합니다.,향,향이 강해서 아쉽고,-1,[속성] 향 [문장] 향이 강해서 아쉽고,1,향,unchanged
test,validation,[속성] 제형 [문장] 제형이 물러서,668717,쇼핑몰,메이크업/뷰티소품,OO 후** 립케어 4.8g 1개,가격대비 별로인 거 같습니다. 겨울에 자주 바르려고 샀는데 보습력이 약하네요. 향이 강해서 아쉽고 색상이 예쁘지 않아요. 후기가 좋아서 샀는데 실망이네요. 제형이 물러서 바르기 불편해요. 향이 강해서 남성들이나 아이들은 사용하기 별로일 거 같아요. 매해 겨울마다 립밤을 사용하고 있어서 다른 제품 쓰다가 한번 사봤는데 재구매는 안 할 거 같아요. 뚜껑이 자꾸 열려서 가방에 휴대하기도 불편합니다.,제형,제형이 물러서,-1,[속성] 제형 [문장] 제형이 물러서,1,제형,unchanged
test,train,[속성] 편의성/활용성 [문장] 바르기 불편해요.,668717,쇼핑몰,메이크업/뷰티소품,OO 후** 립케어 4.8g 1개,가격대비 별로인 거 같습니다. 겨울에 자주 바르려고 샀는데 보습력이 약하네요. 향이 강해서 아쉽고 색상이 예쁘지 않아요. 후기가 좋아서 샀는데 실망이네요. 제형이 물러서 바르기 불편해요. 향이 강해서 남성들이나 아이들은 사용하기 별로일 거 같아요. 매해 겨울마다 립밤을 사용하고 있어서 다른 제품 쓰다가 한번 사봤는데 재구매는 안 할 거 같아요. 뚜껑이 자꾸 열려서 가방에 휴대하기도 불편합니다.,편의성/활용성,바르기 불편해요.,-1,[속성] 편의성/활용성 [문장] 바르기 불편해요.,1,편의성/활용성,unchanged
test,validation,[속성] 향 [문장] 향이 강해서,668717,쇼핑몰,메이크업/뷰티소품,OO 후** 립케어 4.8g 1개,가격대비 별로인 거 같습니다. 겨울에 자주 바르려고 샀는데 보습력이 약하네요. 향이 강해서 아쉽고 색상이 예쁘지 않아요. 후기가 좋아서 샀는데 실망이네요. 제형이 물러서 바르기 불편해요. 향이 강해서 남성들이나 아이들은 사용하기 별로일 거 같아요. 매해 겨울마다 립밤을 사용하고 있어서 다른 제품 쓰다가 한번 사봤는데 재구매는 안 할 거 같아요. 뚜껑이 자꾸 열려서 가방에 휴대하기도 불편합니다.,향,향이 강해서,-1,[속성] 향 [문장] 향이 강해서,1,향,unchanged
test,train,[속성] 용기 [문장] 뚜껑이 자꾸 열려서,668717,쇼핑몰,메이크업/뷰티소품,OO 후** 립케어 4.8g 1개,가격대비 별로인 거 같습니다. 겨울에 자주 바르려고 샀는데 보습력이 약하네요. 향이 강해서 아쉽고 색상이 예쁘지 않아요. 후기가 좋아서 샀는데 실망이네요. 제형이 물러서 바르기 불편해요. 향이 강해서 남성들이나 아이들은 사용하기 별로일 거 같아요. 매해 겨울마다 립밤을 사용하고 있어서 다른 제품 쓰다가 한번 사봤는데 재구매는 안 할 거 같아요. 뚜껑이 자꾸 열려서 가방에 휴대하기도 불편합니다.,용기,뚜껑이 자꾸 열려서,-1,[속성] 용기 [문장] 뚜껑이 자꾸 열려서,1,용기,unchanged
test,train,"[속성] 보습력/수분감 [문장] 보습력 좋고,",668193,쇼핑몰,메이크업/뷰티소품,OO 후** 립케어 4.8g 1개,"사용해보니 좋아요. 아이가 일년 내내 입술이 거칠어서 사용해 보라고 구매해 줬습니다. 만족스럽게 사용하고 있어요. 보습력 좋고, 발림성도 좋아요. 적당한 발색도 좋고 겨울에 사용하기 딱 좋습니다.",보습력/수분감,"보습력 좋고,",1,"[속성] 보습력/수분감 [문장] 보습력 좋고,",0,보습력/수분감/쿨링감,merged_duplicate_label
test,validation,[속성] 기능/효과 [문장] 겨울에 사용하기 딱 좋습니다.,668193,쇼핑몰,메이크업/뷰티소품,OO 후** 립케어 4.8g 1개,"사용해보니 좋아요. 아이가 일년 내내 입술이 거칠어서 사용해 보라고 구매해 줬습니다. 만족스럽게 사용하고 있어요. 보습력 좋고, 발림성도 좋아요. 적당한 발색도 좋고 겨울에 사용하기 딱 좋습니다.",기능/효과,겨울에 사용하기 딱 좋습니다.,1,[속성] 기능/효과 [문장] 겨울에 사용하기 딱 좋습니다.,0,기능/효과,unchanged
test,train,[속성] 보습력/수분감 [문장] 보습력 좋고,663393,쇼핑몰,메이크업/뷰티소품,OO 맨** 케어 4.8g 1개,애용하는 제품이에요. 저는 연중 내내 사용합니다. 조금만 건조해도 입술이 트는 편이라 떨어지지 않게 넉넉히 주문해 놓고 사용해요. 보습력 좋고 무향이라 더 좋습니다. 좋은 상품이라 추천합니다. 빠른 배송 감사해요.,보습력/수분감,보습력 좋고,1,[속성] 보습력/수분감 [문장] 보습력 좋고,0,보습력/수분감/쿨링감,merged_duplicate_label
test,train,[속성] 향 [문장] 무향이라 더 좋습니다.,663393,쇼핑몰,메이크업/뷰티소품,OO 맨** 케어 4.8g 1개,애용하는 제품이에요. 저는 연중 내내 사용합니다. 조금만 건조해도 입술이 트는 편이라 떨어지지 않게 넉넉히 주문해 놓고 사용해요. 보습력 좋고 무향이라 더 좋습니다. 좋은 상품이라 추천합니다. 빠른 배송 감사해요.,향,무향이라 더 좋습니다.,1,[속성] 향 [문장] 무향이라 더 좋습니다.,0,향,unchanged
test,train,[속성] 편의성/활용성 [문장] 휴대하기 편하고,662744,쇼핑몰,메이크업/뷰티소품,OO 속** 틴트 1.6g 1개,친구가 만족하며 쓰고 있어요. 사이즈가 컴팩트해서 휴대하기 편하고 발색도 잘되고 지속성도 만족한다고 하네요.,편의성/활용성,휴대하기 편하고,1,[속성] 편의성/활용성 [문장] 휴대하기 편하고,0,편의성/활용성,unchanged
test,train,[속성] 발색력 [문장] 발색도 잘되고,662744,쇼핑몰,메이크업/뷰티소품,OO 속** 틴트 1.6g 1개,친구가 만족하며 쓰고 있어요. 사이즈가 컴팩트해서 휴대하기 편하고 발색도 잘되고 지속성도 만족한다고 하네요.,발색력,발색도 잘되고,1,[속성] 발색력 [문장] 발색도 잘되고,0,발색력,unchanged
test,train,[속성] 편의성/활용성 [문장] 데일리로 사용하기 별로인 거 같아요.,669624,쇼핑몰,메이크업/뷰티소품,OO 에** 슈퍼 롱래쉬 6ml 1개,눈썹이 길어보이는 효과가 없네요. 풍성해 보이지도 않고요. 데일리로 사용하기 별로인 거 같아요. 추천하지 않습니다.,편의성/활용성,데일리로 사용하기 별로인 거 같아요.,-1,[속성] 편의성/활용성 [문장] 데일리로 사용하기 별로인 거 같아요.,1,편의성/활용성,unchanged
test,train,[속성] 보습력/수분감 [문장] 촉촉하지만,665795,쇼핑몰,메이크업/뷰티소품,OO 한** 립밤 4g 1개,처음에는 발색이 잘 되고 촉촉하지만 지속력이 길지 않은 것 같습니다. 립밤 주문했는데 큰 상자에 잘 포장되어 와서 좋았습니다.,보습력/수분감,촉촉하지만,1,[속성] 보습력/수분감 [문장] 촉촉하지만,0,보습력/수분감/쿨링감,merged_duplicate_label
test,train,[속성] 기능/효과 [문장] 데일리로 사용하기 좋아요.,671550,쇼핑몰,메이크업/뷰티소품,OO 프** 아이팔레트 6g 1개,OO에서 발라보고 색상이 베이스부터 다 맘에 들어서 구매했습니다. 데일리로 사용하기 좋아요. 펄섀도우 제형이 잘 바스러지니 험하게 들고 다니면 안 될 것 같습니다.,기능/효과,데일리로 사용하기 좋아요.,1,[속성] 기능/효과 [문장] 데일리로 사용하기 좋아요.,0,기능/효과,unchanged
test,train,[속성] 발림성 [문장] 발림성 너무 좋아요,665776,쇼핑몰,메이크업/뷰티소품,OO 한** 립밤 4g 1개,발림성 너무 좋아요. 색상도 내 피부톤에 잘 맞네요. 촉촉하고 바르기 편해서 좋습니다.,발림성,발림성 너무 좋아요,1,[속성] 발림성 [문장] 발림성 너무 좋아요,0,발림성,unchanged
test,train,[속성] 편의성/활용성 [문장] 바르기 편해서 좋습니다.,665776,쇼핑몰,메이크업/뷰티소품,OO 한** 립밤 4g 1개,발림성 너무 좋아요. 색상도 내 피부톤에 잘 맞네요. 촉촉하고 바르기 편해서 좋습니다.,편의성/활용성,바르기 편해서 좋습니다.,1,[속성] 편의성/활용성 [문장] 바르기 편해서 좋습니다.,0,편의성/활용성,unchanged
test,train,[속성] 편의성/활용성 [문장] 바르기도 쉽고,663869,쇼핑몰,메이크업/뷰티소품,OO 파** 리퀴드 립컬러 5ml 1개,진짜 차갑고 갈색이 전혀 없는 포도주 색이라서 좋습니다. 제형도 너무 좋습니다. 발림성도 좋고 바르기도 쉽고 발색도 예쁘고 그라데이션 발색도 잘 됩니다. 너무 예쁘네요. 추천해요.,편의성/활용성,바르기도 쉽고,1,[속성] 편의성/활용성 [문장] 바르기도 쉽고,0,편의성/활용성,unchanged
test,train,[속성] 발색력 [문장] 발색도 예쁘고,663869,쇼핑몰,메이크업/뷰티소품,OO 파** 리퀴드 립컬러 5ml 1개,진짜 차갑고 갈색이 전혀 없는 포도주 색이라서 좋습니다. 제형도 너무 좋습니다. 발림성도 좋고 바르기도 쉽고 발색도 예쁘고 그라데이션 발색도 잘 됩니다. 너무 예쁘네요. 추천해요.,발색력,발색도 예쁘고,1,[속성] 발색력 [문장] 발색도 예쁘고,0,발색력,unchanged
test,train,[속성] 성분 [문장] 성분 좋고,663076,쇼핑몰,메이크업/뷰티소품,OO 일** 무향 립밤 3.2g 1개,성분 좋고 부드럽게 발려서 좋아요. 넘 진득하지도 않고 적당히 잘 녹아 스며들어 좋습니다. 만족해요.,성분,성분 좋고,1,[속성] 성분 [문장] 성분 좋고,0,성분,unchanged
test,train,[속성] 발림성 [문장] 부드럽게 발려서 좋아요.,663076,쇼핑몰,메이크업/뷰티소품,OO 일** 무향 립밤 3.2g 1개,성분 좋고 부드럽게 발려서 좋아요. 넘 진득하지도 않고 적당히 잘 녹아 스며들어 좋습니다. 만족해요.,발림성,부드럽게 발려서 좋아요.,1,[속성] 발림성 [문장] 부드럽게 발려서 좋아요.,0,발림성,unchanged
test,train,[속성] 밀착력/접착력 [문장] 마스크에 잘 안 묻고,661972,쇼핑몰,메이크업/뷰티소품,OO 루** 슬림 쉬어 마뜨 2g 1개,피부에 잘 안 맞을 것 같았지만 실제로 바르면 또 다르다고 해서 사 봤는데 색이 자연스럽고 좋습니다. 피부가 약간 흰 편이고 피부톤이 고르지 못한 편인데 이 색은 화사한 느낌이 들고 어색하지 않습니다. 요즘 마스크 때문에 립스틱을 잘 안 쓰게 돼요. 그래도 아예 안 바르면 너무 칙칙해 보이는데 이 제품은 마스크에 잘 안 묻고 연하게 발라도 자연스럽게 화사해 보이는 색상이라 딱 좋습니다.,밀착력/접착력,마스크에 잘 안 묻고,1,[속성] 밀착력/접착력 [문장] 마스크에 잘 안 묻고,0,밀착력/접착력,unchanged
test,train,[속성] 편의성/활용성 [문장] 무난하게 사용하기 좋은 것 같아요.,668459,쇼핑몰,메이크업/뷰티소품,OO 후** 립케어 4.8g 1개,약간의 발색이 있는 것 같아 좋습니다. 데일리로 사용하기 좋습니다. 인위적인 향이어서 호불호가 갈립니다. 무난하게 사용하기 좋은 것 같아요. 가격은 저렴해서 좋습니다.,편의성/활용성,무난하게 사용하기 좋은 것 같아요.,1,[속성] 편의성/활용성 [문장] 무난하게 사용하기 좋은 것 같아요.,0,편의성/활용성,unchanged
test,train,[속성] 발색력 [문장] 발색이 연해서,668072,쇼핑몰,메이크업/뷰티소품,OO 후** 립케어 4.8g 1개,발색이 연해서 생기 있어 보여지는 않네요. 다른 제품보다 보습도 잘 안되고 촉촉하지 않네요. 살짝 마스크에 묻어남도 있어요. 재구매 의사 없습니다.,발색력,발색이 연해서,-1,[속성] 발색력 [문장] 발색이 연해서,1,발색력,unchanged
test,train,[속성] 보습력/수분감 [문장] 보습도 잘 안되고,668072,쇼핑몰,메이크업/뷰티소품,OO 후** 립케어 4.8g 1개,발색이 연해서 생기 있어 보여지는 않네요. 다른 제품보다 보습도 잘 안되고 촉촉하지 않네요. 살짝 마스크에 묻어남도 있어요. 재구매 의사 없습니다.,보습력/수분감,보습도 잘 안되고,-1,[속성] 보습력/수분감 [문장] 보습도 잘 안되고,1,보습력/수분감/쿨링감,merged_duplicate_label
test,train,[속성] 지속력/유지력 [문장] 지속력이 너무 좋습니다.,672441,쇼핑몰,메이크업/뷰티소품,OO 무** 멀티 아이 컬러 팔레트 8.1g 1개,"백화점 화장품만 사용하다가 온라인 브랜드는 처음 사 보는데, 색감이나 지속력이 너무 좋습니다.",지속력/유지력,지속력이 너무 좋습니다.,1,[속성] 지속력/유지력 [문장] 지속력이 너무 좋습니다.,0,지속력/유지력,unchanged
test,train,[속성] 지속력/유지력 [문장] 지속력은 오래가진 않지만,661933,쇼핑몰,메이크업/뷰티소품,OO 루** 슬림 쉬어 마뜨 2g 1개,로즈우드 색은 데일리로 사용하기 좋아서 여러 개 사용합니다. 단독으로 써야 또렷한 색이 나옵니다. 건조하다고 느끼는 날은 립밤을 바르고 쓰면 좋습니다. 지속력은 오래가진 않지만 립스틱 색이 저한테 잘 맞아서 계속 쓰게 됩니다.,지속력/유지력,지속력은 오래가진 않지만,-1,[속성] 지속력/유지력 [문장] 지속력은 오래가진 않지만,1,지속력/유지력,unchanged
test,train,[속성] 지속력/유지력 [문장] 지속력이 오래갑니다.,664074,쇼핑몰,메이크업/뷰티소품,OO 파** 리퀴드 립컬러 5ml 1개,틴트를 써 보니 틴트 제형이 립스틱보다 지속력이 오래갑니다. 이제 립스틱은 잘 안 쓰게 되네요.,지속력/유지력,지속력이 오래갑니다.,1,[속성] 지속력/유지력 [문장] 지속력이 오래갑니다.,0,지속력/유지력,unchanged
test,train,[속성] 자극성 [문장] 자극 없고,662329,쇼핑몰,메이크업/뷰티소품,OO 제** 립밤 4g 1개,립밤 중에 이게 젤 좋습니다. 자극 없고 번들거리지도 않고 발림도 부드러워요. 보습력도 좋습니다. 저희 어머니도 써 보고 좋다고 하셔서 어머님께 선물하려고 몇 개 더 구매했어요.,자극성,자극 없고,1,[속성] 자극성 [문장] 자극 없고,0,자극성,unchanged
test,train,[속성] 흡수력 [문장] 번들거리지도 않고,662329,쇼핑몰,메이크업/뷰티소품,OO 제** 립밤 4g 1개,립밤 중에 이게 젤 좋습니다. 자극 없고 번들거리지도 않고 발림도 부드러워요. 보습력도 좋습니다. 저희 어머니도 써 보고 좋다고 하셔서 어머님께 선물하려고 몇 개 더 구매했어요.,흡수력,번들거리지도 않고,1,[속성] 흡수력 [문장] 번들거리지도 않고,0,흡수력,unchanged
test,train,[속성] 보습력/수분감 [문장] 보습력도 좋습니다.,662329,쇼핑몰,메이크업/뷰티소품,OO 제** 립밤 4g 1개,립밤 중에 이게 젤 좋습니다. 자극 없고 번들거리지도 않고 발림도 부드러워요. 보습력도 좋습니다. 저희 어머니도 써 보고 좋다고 하셔서 어머님께 선물하려고 몇 개 더 구매했어요.,보습력/수분감,보습력도 좋습니다.,1,[속성] 보습력/수분감 [문장] 보습력도 좋습니다.,0,보습력/수분감/쿨링감,merged_duplicate_label
test,train,[속성] 보습력/수분감 [문장] 촉촉함이 덜해서,665950,쇼핑몰,메이크업/뷰티소품,OO 한** 립밤 4g 1개,입술 진정 효과도 약하고 너무 진한 색깔까지 여러모로 실망스럽습니다. 촉촉함이 덜해서 겨울에 쓰기엔 무리네요.,보습력/수분감,촉촉함이 덜해서,-1,[속성] 보습력/수분감 [문장] 촉촉함이 덜해서,1,보습력/수분감/쿨링감,merged_duplicate_label
test,train,[속성] 발색력 [문장] 발색이 자연스럽고,662693,쇼핑몰,메이크업/뷰티소품,OO 바** 워터 틴트 4.3g 1개,핑크코랄 색상으로 구매했어요. 발색이 자연스럽고 촉촉하고 지속력이 오래가요. 덧바르면 붉은핑크로 발색 되네요. 케이스도 예쁘고 우체국 택배라 배송도 엄청 빠르네요.,발색력,발색이 자연스럽고,1,[속성] 발색력 [문장] 발색이 자연스럽고,0,발색력,unchanged
test,train,[속성] 색상 [문장] 색상 너무 예쁩니다.,661813,쇼핑몰,메이크업/뷰티소품,OO 루** 슬림 쉬어 마뜨 2g 1개,색상 너무 예쁩니다. 발색이 자연스럽네요. 지속력이 약한 게 아쉽네요.,색상,색상 너무 예쁩니다.,1,[속성] 색상 [문장] 색상 너무 예쁩니다.,0,색상,unchanged
test,train,[속성] 발색력 [문장] 발색이 자연스럽네요.,661813,쇼핑몰,메이크업/뷰티소품,OO 루** 슬림 쉬어 마뜨 2g 1개,색상 너무 예쁩니다. 발색이 자연스럽네요. 지속력이 약한 게 아쉽네요.,발색력,발색이 자연스럽네요.,1,[속성] 발색력 [문장] 발색이 자연스럽네요.,0,발색력,unchanged
test,train,[속성] 기능/효과 [문장] 데일리로 쓰기 좋습니다.,661954,쇼핑몰,메이크업/뷰티소품,OO 루** 슬림 쉬어 마뜨 2g 1개,친한 언니한테 선물로 주려고 샀습니다. 저도 하나 갖고 있는데 너무 촉촉하게 발리고 진하게 발리는 발색이 아닌 투명한 발색입니다. 립밤 바르고 그 위에 바르면 입술이 생기 있어 보이고 자연스러운 입술색이 연출되어서 데일리로 쓰기 좋습니다. 인위적인 발색이 아니라 내 원래 입술색인 거처럼 보이는 발색이라서 너무 좋네요. 너무 진하게 바르지만 않으면 차분하고 퓨어한 입술색을 연출해 줘서 청순한 느낌 납니다.,기능/효과,데일리로 쓰기 좋습니다.,1,[속성] 기능/효과 [문장] 데일리로 쓰기 좋습니다.,0,기능/효과,unchanged
test,train,[속성] 기능/효과 [문장] 데일리로 사용하기 좋습니다,670854,쇼핑몰,메이크업/뷰티소품,OO 프** 아이팔레트 6g 1개,좋은 가격에 구매해서 좋습니다. 색상이 넘 이쁘네요. 데일리로 사용하기 좋습니다. 부드럽게 발리고 발색이 자연스러우면서 고급스러워요. 쿨톤이신분 에게 잘 어울리는 색상입니다.,기능/효과,데일리로 사용하기 좋습니다,1,[속성] 기능/효과 [문장] 데일리로 사용하기 좋습니다,0,기능/효과,unchanged
test,train,[속성] 기능/효과 [문장] 데일리로 쓰기 좋아요.,664882,쇼핑몰,메이크업/뷰티소품,OO 벨** 립틴트 4g 1개,"색이 은은해서 데일리로 쓰기 좋아요. 코팅되는 듯 사용감이 좋고 입술에 주름이 많고 겨울이라 입술이 자주 트는데 각질도 심하지 않네요. 입술 발색력은 조금 아쉽지만, 다른색도 써보고 싶어져요.",기능/효과,데일리로 쓰기 좋아요.,1,[속성] 기능/효과 [문장] 데일리로 쓰기 좋아요.,0,기능/효과,unchanged
test,validation,[속성] 지속력/유지력 [문장] 지속력이 좋아서 만족합니다.,663965,쇼핑몰,메이크업/뷰티소품,OO 파** 리퀴드 립컬러 5ml 1개,정말 써 본 립스틱 중에 가장 촉촉하면서도 지속력이 좋아서 만족합니다. 쿨톤 피부에 딱 어울리는 색이에요.,지속력/유지력,지속력이 좋아서 만족합니다.,1,[속성] 지속력/유지력 [문장] 지속력이 좋아서 만족합니다.,0,지속력/유지력,unchanged
test,train,[속성] 색상 [문장] 색감도 좋고,664099,쇼핑몰,메이크업/뷰티소품,OO 파** 리퀴드 립컬러 5ml 1개,정말 오래갑니다. 색감도 좋고 입술에 착 감겨 잘 묻어나지 않아서 요즘 같은 시국에 잘 맞는 제품이에요.,색상,색감도 좋고,1,[속성] 색상 [문장] 색감도 좋고,0,색상,unchanged
test,validation,[속성] 발색력 [문장] 발색은 마음에 듭니다.,670745,쇼핑몰,메이크업/뷰티소품,OO 프** 아이팔레트 6g 1개,지속력이나 발색은 마음에 듭니다. 가루 날림도 없어서 좋습니다. 색상도 안 쓰는 거 없이 다양하게 사용하기 좋습니다.,발색력,발색은 마음에 듭니다.,1,[속성] 발색력 [문장] 발색은 마음에 듭니다.,0,발색력,unchanged
test,train,[속성] 발색력 [문장] 발색도 예쁘고 좋습니다.,672310,쇼핑몰,메이크업/뷰티소품,OO 무** 멀티 아이 컬러 팔레트 8.1g 1개,스무더 색상 샀는데 마음에 들어요. 다용도로 활용하기 좋고 색상도 예쁘고 좋습니다. 발림성도 좋고 발색도 예쁘고 좋습니다.,발색력,발색도 예쁘고 좋습니다.,1,[속성] 발색력 [문장] 발색도 예쁘고 좋습니다.,0,발색력,unchanged
test,train,[속성] 향 [문장] 향이 좋지는 않네요.,662300,쇼핑몰,메이크업/뷰티소품,OO 제** 립밤 4g 1개,"해외 배송치곤 빨리 왔습니다. 입술이 건조해서 약국에서 추천해 줘서 사용하게 되었는데, OOO무향만 써보다가 이 제품 향도 궁금하여 같이 구매했습니다. 향이 좋지는 않네요. 배송비 아까워 4개 쟁였는데 유통기한도 짧아서 걱정이네요.",향,향이 좋지는 않네요.,-1,[속성] 향 [문장] 향이 좋지는 않네요.,1,향,unchanged
test,train,[속성] 흡수력 [문장] 끈적입니다.,662635,쇼핑몰,메이크업/뷰티소품,OO 바** 워터 틴트 4.3g 1개,일부러 매트형을 샀는데 매트하지 않아서 아쉽고 제형이 너무 묽고 끈적입니다. 입술에 잘 안 발립니다.,흡수력,끈적입니다.,-1,[속성] 흡수력 [문장] 끈적입니다.,1,흡수력,unchanged
test,train,[속성] 발림성 [문장] 발림성도 아주 좋습니다.,663335,쇼핑몰,메이크업/뷰티소품,OO 맨** 케어 4.8g 1개,사용하던 립밤이 다 떨어져서 이 제품으로 구매해 봤습니다. 보습력도 훌륭하고 발림성도 아주 좋습니다. 다 사용하면 재구매할게요.,발림성,발림성도 아주 좋습니다.,1,[속성] 발림성 [문장] 발림성도 아주 좋습니다.,0,발림성,unchanged
test,validation,[속성] 색상 [문장] 색상도 너무 예쁘고,664133,쇼핑몰,메이크업/뷰티소품,OO 파** 리퀴드 립컬러 5ml 1개,사고 싶어서 가슴앓이 하다가 구매했습니다. 머리로는 사지 말아야지 했는데 자꾸 눈에 밟혀서 안 살 수가 없었네요. 색상도 너무 예쁘고 발색도 잘 돼서 너무 좋습니다.,색상,색상도 너무 예쁘고,1,[속성] 색상 [문장] 색상도 너무 예쁘고,0,색상,unchanged
test,train,[속성] 발림성 [문장] 부드럽게 잘 안 발라지고,664618,쇼핑몰,메이크업/뷰티소품,OO 파** 리퀴드 립컬러 5ml 1개,주문하고 다음 날 빠르게 배송 받았어요. 부드럽게 잘 안 발라지고 생각했던 발색이 아니라 아쉬워요. 지속력도 좀 짧고 마스크에 묻어나요. 작은 용량에 가격은 좀 비싼 듯합니다.,발림성,부드럽게 잘 안 발라지고,-1,[속성] 발림성 [문장] 부드럽게 잘 안 발라지고,1,발림성,unchanged
test,train,[속성] 발색력 [문장] 생각했던 발색이 아니라 아쉬워요.,664618,쇼핑몰,메이크업/뷰티소품,OO 파** 리퀴드 립컬러 5ml 1개,주문하고 다음 날 빠르게 배송 받았어요. 부드럽게 잘 안 발라지고 생각했던 발색이 아니라 아쉬워요. 지속력도 좀 짧고 마스크에 묻어나요. 작은 용량에 가격은 좀 비싼 듯합니다.,발색력,생각했던 발색이 아니라 아쉬워요.,-1,[속성] 발색력 [문장] 생각했던 발색이 아니라 아쉬워요.,1,발색력,unchanged
test,train,[속성] 가격 [문장] 가격은 좀 비싼 듯합니다.,664618,쇼핑몰,메이크업/뷰티소품,OO 파** 리퀴드 립컬러 5ml 1개,주문하고 다음 날 빠르게 배송 받았어요. 부드럽게 잘 안 발라지고 생각했던 발색이 아니라 아쉬워요. 지속력도 좀 짧고 마스크에 묻어나요. 작은 용량에 가격은 좀 비싼 듯합니다.,가격,가격은 좀 비싼 듯합니다.,-1,[속성] 가격 [문장] 가격은 좀 비싼 듯합니다.,1,가격,unchanged
test,train,[속성] 커버력 [문장] 커버력도 좋은데,662465,쇼핑몰,메이크업/뷰티소품,OO 바** 워터 틴트 4.3g 1개,생각보다 커버가 잘 되네요. 커버력도 좋은데 마스크 묻어남도 없고 두껍지 않게 잘 발려서 좋습니다. 다음에 리필도 구매하려 합니다.,커버력,커버력도 좋은데,1,[속성] 커버력 [문장] 커버력도 좋은데,0,커버력,unchanged
test,train,[속성] 보습력/수분감 [문장] 촉촉하지 않아서,666141,쇼핑몰,메이크업/뷰티소품,OO 한** 립밤 4g 1개,색이 튀어서 별로고 촉촉하지 않아서 입술이 건조해집니다. 한 번 쓰고 안 쓸 것 같아요.,보습력/수분감,촉촉하지 않아서,-1,[속성] 보습력/수분감 [문장] 촉촉하지 않아서,1,보습력/수분감/쿨링감,merged_duplicate_label
test,train,[속성] 가격 [문장] 가격도 비싸지만,666447,쇼핑몰,메이크업/뷰티소품,OO 한** 립밤 4g 1개,처음 사용해봤는데 다른 립밤보다 색상도 마음에 안 들고 건조해서 안 좋았습니다. 쓰자마자 사용을 안 하게 되는 제품은 이것이 처음이네요. 가격도 비싸지만 구매했는데 사은품도 없어서 기분이 안 좋습니다.,가격,가격도 비싸지만,-1,[속성] 가격 [문장] 가격도 비싸지만,1,가격,unchanged
test,train,[속성] 지속력/유지력 [문장] 잘 지워지지 않고,664650,쇼핑몰,메이크업/뷰티소품,OO 파** 리퀴드 립컬러 5ml 1개,컬러가 쨍하고 예쁩니다. 봄 여름에 화사하게 바르기 좋아요. 파우더라인이라 너무 매트하지 않아 발리는 느낌 좋고 잘 지워지지 않고 컬러는 너무 예쁘고 맘에 들어요.,지속력/유지력,잘 지워지지 않고,1,[속성] 지속력/유지력 [문장] 잘 지워지지 않고,0,지속력/유지력,unchanged
test,train,[속성] 발림성 [문장] 부드럽게 잘 발리면서,661946,쇼핑몰,메이크업/뷰티소품,OO 루** 슬림 쉬어 마뜨 2g 1개,은은한 장미향이 좋고 슬림한 케이스와 고급스러운 디자인이 마음에 들어요. 색감과 제형의 질감이 너무 좋습니다. 예쁜 색상은 웬만해서는 다 써봤는데 이 립은 완전 매트하지 않지만 립밤처럼 촉촉하지도 않아요. 부드럽게 잘 발리면서 적당하게 매트한데 자연스럽게 잘 발색되니 신경 써서 발라야 할 필요도 없어요.,발림성,부드럽게 잘 발리면서,1,[속성] 발림성 [문장] 부드럽게 잘 발리면서,0,발림성,unchanged
test,validation,[속성] 발색력 [문장] 은은하게 발색됩니다.,668020,쇼핑몰,메이크업/뷰티소품,OO 후** 립케어 4.8g 1개,보습력이 오래가서 좋아요. 또한 진하게 발색되지 않아서 좋아요. 은은하게 발색됩니다. 남녀 구분 없이 편하게 사용하기 좋은 제품입니다. 립밤을 잘 잃어버리는데 잃어버려도 부담 없는 저렴한 가격 또한 만족합니다.,발색력,은은하게 발색됩니다.,1,[속성] 발색력 [문장] 은은하게 발색됩니다.,0,발색력,unchanged
test,train,[속성] 향 [문장] 향도 별로입니다.,667786,쇼핑몰,메이크업/뷰티소품,OO 후** 립케어 4.8g 1개,배송도 느리고 향도 별로입니다. 기분이 안 좋아지는 향입니다. 다시 이 제품을 사지 않을 것 같습니다.,향,향도 별로입니다.,-1,[속성] 향 [문장] 향도 별로입니다.,1,향,unchanged
test,train,[속성] 향 [문장] 기분이 안 좋아지는 향입니다.,667786,쇼핑몰,메이크업/뷰티소품,OO 후** 립케어 4.8g 1개,배송도 느리고 향도 별로입니다. 기분이 안 좋아지는 향입니다. 다시 이 제품을 사지 않을 것 같습니다.,향,기분이 안 좋아지는 향입니다.,-1,[속성] 향 [문장] 기분이 안 좋아지는 향입니다.,1,향,unchanged
test,train,[속성] 용량/개수 [문장] 용량이 작아,662455,쇼핑몰,메이크업/뷰티소품,OO 바** 워터 틴트 4.3g 1개,틴트가 잘 안발리네요. 적은 양을 쓰는 제품이지만 용량이 작아 팁에 조금 묻어 나와 사용하기 불편해요.,용량/개수,용량이 작아,-1,[속성] 용량/개수 [문장] 용량이 작아,1,용량/개수,unchanged
test,train,[속성] 가격 [문장] 비싸게 주고 샀는데 아쉽네요.,664559,쇼핑몰,메이크업/뷰티소품,OO 파** 리퀴드 립컬러 5ml 1개,다들 색 예쁘다해서 많이 기대했는데 생각보단 평범한 색감입니다. 비싸게 주고 샀는데 아쉽네요. 저는 ㅇㅇ가 더 예쁜 것 같아요. ㅇㅇㅇ은 데일리로 바르기 좋은 색은 아니예요.,가격,비싸게 주고 샀는데 아쉽네요.,-1,[속성] 가격 [문장] 비싸게 주고 샀는데 아쉽네요.,1,가격,unchanged
test,train,[속성] 흡수력 [문장] 미끌거려서,598272,쇼핑몰,스킨케어,OO 카** 선스틱 22g 1개,지인이 미끌거리지 않고 끈적거리지 않다고 해서 몸에 바르려고 샀는데 끈적거리지는 않아도 미끌거려서 사용 안하고 있어요. 제품이 안 맞아서 아쉽습니다.,흡수력,미끌거려서,-1,[속성] 흡수력 [문장] 미끌거려서,1,흡수력,unchanged
test,train,[속성] 기능/효과 [문장] 거품이 풍성해서,586690,쇼핑몰,스킨케어,OO 멘** 포밍워시 200ml 2개,피부 트러블 생겼을 때 바르면 피부 개선이 되어 꼭 찾게 되는 제품이네요. 자극없이 세정이 잘 되요. 거품이 풍성해서 얼굴을 덜 문질러도 되요 그래서 자극이 덜한 듯 합니다. 향도 은은하네요. 여름에 트러블 있을 때 효과가 좋아 더 찾게 되는 제품입니다.가족들 모두 같이 사용하여 자주 구매하게 되는데 ○○○에서 구매하는 것이 제일 가격이 괜찮네요.,기능/효과,거품이 풍성해서,1,[속성] 기능/효과 [문장] 거품이 풍성해서,0,기능/효과,unchanged
test,validation,[속성] 향 [문장] 향도 은은하네요.,586690,쇼핑몰,스킨케어,OO 멘** 포밍워시 200ml 2개,피부 트러블 생겼을 때 바르면 피부 개선이 되어 꼭 찾게 되는 제품이네요. 자극없이 세정이 잘 되요. 거품이 풍성해서 얼굴을 덜 문질러도 되요 그래서 자극이 덜한 듯 합니다. 향도 은은하네요. 여름에 트러블 있을 때 효과가 좋아 더 찾게 되는 제품입니다.가족들 모두 같이 사용하여 자주 구매하게 되는데 ○○○에서 구매하는 것이 제일 가격이 괜찮네요.,향,향도 은은하네요.,1,[속성] 향 [문장] 향도 은은하네요.,0,향,unchanged
test,train,[속성] 기능/효과 [문장] 세정력이 좋습니다.,589618,쇼핑몰,스킨케어,OO 딥 클린 클렌저 175g 1개,세정력이 좋습니다. 메이크업도 잘 지워지고 세안 후 뽀드득해서 좋습니다. 다 사용하면 또 사용할 생각입니다. 겨울이라 세안 후 보습은 필요해요. 당기는 느낌이 있습니다.,기능/효과,세정력이 좋습니다.,1,[속성] 기능/효과 [문장] 세정력이 좋습니다.,0,기능/효과,unchanged
test,validation,[속성] 기능/효과 [문장] 메이크업도 잘 지워지고,589618,쇼핑몰,스킨케어,OO 딥 클린 클렌저 175g 1개,세정력이 좋습니다. 메이크업도 잘 지워지고 세안 후 뽀드득해서 좋습니다. 다 사용하면 또 사용할 생각입니다. 겨울이라 세안 후 보습은 필요해요. 당기는 느낌이 있습니다.,기능/효과,메이크업도 잘 지워지고,1,[속성] 기능/효과 [문장] 메이크업도 잘 지워지고,0,기능/효과,unchanged
test,train,[속성] 보습력/수분감 [문장] 당기는 느낌이 있습니다.,589618,쇼핑몰,스킨케어,OO 딥 클린 클렌저 175g 1개,세정력이 좋습니다. 메이크업도 잘 지워지고 세안 후 뽀드득해서 좋습니다. 다 사용하면 또 사용할 생각입니다. 겨울이라 세안 후 보습은 필요해요. 당기는 느낌이 있습니다.,보습력/수분감,당기는 느낌이 있습니다.,-1,[속성] 보습력/수분감 [문장] 당기는 느낌이 있습니다.,1,보습력/수분감,unchanged
test,train,[속성] 향 [문장] 향도 은은하고 좋습니다.,589628,쇼핑몰,스킨케어,OO 딥 클린 클렌저 175g 1개,향도 은은하고 좋습니다. 세정력도 좋아 만족합니다. 세안 후 살짝 건조함 있지만 좋습니다. 아이들과 잘 사용하고 있네요. 다 쓰면 재구매 할께요.,향,향도 은은하고 좋습니다.,1,[속성] 향 [문장] 향도 은은하고 좋습니다.,0,향,unchanged
test,train,[속성] 기능/효과 [문장] 세정력도 좋아,589628,쇼핑몰,스킨케어,OO 딥 클린 클렌저 175g 1개,향도 은은하고 좋습니다. 세정력도 좋아 만족합니다. 세안 후 살짝 건조함 있지만 좋습니다. 아이들과 잘 사용하고 있네요. 다 쓰면 재구매 할께요.,기능/효과,세정력도 좋아,1,[속성] 기능/효과 [문장] 세정력도 좋아,0,기능/효과,unchanged
test,train,[속성] 보습력/수분감 [문장] 건조함 있지만,589628,쇼핑몰,스킨케어,OO 딥 클린 클렌저 175g 1개,향도 은은하고 좋습니다. 세정력도 좋아 만족합니다. 세안 후 살짝 건조함 있지만 좋습니다. 아이들과 잘 사용하고 있네요. 다 쓰면 재구매 할께요.,보습력/수분감,건조함 있지만,-1,[속성] 보습력/수분감 [문장] 건조함 있지만,1,보습력/수분감,unchanged
test,train,[속성] 사용감 [문장] 사용감도 깔끔하고,582846,쇼핑몰,스킨케어,OO 마** 퓨어 클렌징오일 200ml 1개,오일 클렌저 안쓴지 오래됐는데 이거 좋다길래 사봤습니다. 듬뿍 덜어서 쓰니 제형이 부드럽고 유화도 잘 되고 메이크업 한날에는 딥클렌징 하기 좋네요. 같이 구성되어있는 폼클렌징이랑 쓰니 사용감도 깔끔하고 오일이 피부에 부담스럽게 남아있거나 하지 않아서 좋습니다.,사용감,사용감도 깔끔하고,1,[속성] 사용감 [문장] 사용감도 깔끔하고,0,사용감,unchanged
test,train,[속성] 향 [문장] 냄새는 별로지만,585497,쇼핑몰,스킨케어,OO 클** 클렌징젤 400ml 1개,저녁마다 씁니다. 그다지 자극적이진 않은데 세정력이 기가 막혀요. 약간 남자 화장품 같은 냄새가 나서 냄새는 별로지만 트러블성 피부에도 좋고 만족하며 쓰고 있어요. 용기가 짜서 쓰는 타입이라 편하네요.,향,냄새는 별로지만,-1,[속성] 향 [문장] 냄새는 별로지만,1,향,unchanged
test,train,[속성] 편의성/활용성 [문장] 편하네요.,585497,쇼핑몰,스킨케어,OO 클** 클렌징젤 400ml 1개,저녁마다 씁니다. 그다지 자극적이진 않은데 세정력이 기가 막혀요. 약간 남자 화장품 같은 냄새가 나서 냄새는 별로지만 트러블성 피부에도 좋고 만족하며 쓰고 있어요. 용기가 짜서 쓰는 타입이라 편하네요.,편의성/활용성,편하네요.,1,[속성] 편의성/활용성 [문장] 편하네요.,0,편의성/활용성,unchanged
test,train,[속성] 가격 [문장] 저렴한 가격으로,593286,쇼핑몰,스킨케어,OO 그** 선 플러스 50ml 1개,"선크림을 저렴한 가격으로 구입해서 좋아요. 발림성이 좋고, 빠르게 흡수되며, 번들거림도 거의 없어요. 다만, 향은 그냥 저냥 무난해요. 불행히도, 제 피부에는 잘 안 맞는지 자주 피부 트러블이 발생해서 급하게 외부에 나갈 때만 신속하게 사용하고 있네요.",가격,저렴한 가격으로,1,[속성] 가격 [문장] 저렴한 가격으로,0,가격,unchanged
test,train,"[속성] 발림성 [문장] 발림성이 좋고,",593286,쇼핑몰,스킨케어,OO 그** 선 플러스 50ml 1개,"선크림을 저렴한 가격으로 구입해서 좋아요. 발림성이 좋고, 빠르게 흡수되며, 번들거림도 거의 없어요. 다만, 향은 그냥 저냥 무난해요. 불행히도, 제 피부에는 잘 안 맞는지 자주 피부 트러블이 발생해서 급하게 외부에 나갈 때만 신속하게 사용하고 있네요.",발림성,"발림성이 좋고,",1,"[속성] 발림성 [문장] 발림성이 좋고,",0,발림성,unchanged
test,train,[속성] 기능/효과 [문장] 제 피부에는 잘 안 맞는지,593286,쇼핑몰,스킨케어,OO 그** 선 플러스 50ml 1개,"선크림을 저렴한 가격으로 구입해서 좋아요. 발림성이 좋고, 빠르게 흡수되며, 번들거림도 거의 없어요. 다만, 향은 그냥 저냥 무난해요. 불행히도, 제 피부에는 잘 안 맞는지 자주 피부 트러블이 발생해서 급하게 외부에 나갈 때만 신속하게 사용하고 있네요.",기능/효과,제 피부에는 잘 안 맞는지,-1,[속성] 기능/효과 [문장] 제 피부에는 잘 안 맞는지,1,기능/효과,unchanged
test,train,[속성] 자극성 [문장] 자극적이지 않고,587299,쇼핑몰,스킨케어,OO 멘** 포밍워시 200ml 2개,아침 세안 시 면도할 때 유용하게 씁니다. 예민한 피부에도 자극적이지 않고 향도 좋습니다. 거품이 쫀쫀하게 잘 나고 세안 후 당김도 덜합니다. 다만 눈 화장이 진할 때는 클렌징 밀크로 닦아낸 후 거품 세안이라 혹시나 세정이 약할까봐 이 제품으로 두 번 씻어냅니다. 이 제품 사용 후 트러블 없고 OO쇼핑 보다 저렴해요. 재구매 의사 있습니다.,자극성,자극적이지 않고,1,[속성] 자극성 [문장] 자극적이지 않고,0,자극성,unchanged
test,train,[속성] 향 [문장] 향도 좋습니다.,587299,쇼핑몰,스킨케어,OO 멘** 포밍워시 200ml 2개,아침 세안 시 면도할 때 유용하게 씁니다. 예민한 피부에도 자극적이지 않고 향도 좋습니다. 거품이 쫀쫀하게 잘 나고 세안 후 당김도 덜합니다. 다만 눈 화장이 진할 때는 클렌징 밀크로 닦아낸 후 거품 세안이라 혹시나 세정이 약할까봐 이 제품으로 두 번 씻어냅니다. 이 제품 사용 후 트러블 없고 OO쇼핑 보다 저렴해요. 재구매 의사 있습니다.,향,향도 좋습니다.,1,[속성] 향 [문장] 향도 좋습니다.,0,향,unchanged
test,validation,[속성] 보습력/수분감 [문장] 세안 후 당김도 덜합니다.,587299,쇼핑몰,스킨케어,OO 멘** 포밍워시 200ml 2개,아침 세안 시 면도할 때 유용하게 씁니다. 예민한 피부에도 자극적이지 않고 향도 좋습니다. 거품이 쫀쫀하게 잘 나고 세안 후 당김도 덜합니다. 다만 눈 화장이 진할 때는 클렌징 밀크로 닦아낸 후 거품 세안이라 혹시나 세정이 약할까봐 이 제품으로 두 번 씻어냅니다. 이 제품 사용 후 트러블 없고 OO쇼핑 보다 저렴해요. 재구매 의사 있습니다.,보습력/수분감,세안 후 당김도 덜합니다.,1,[속성] 보습력/수분감 [문장] 세안 후 당김도 덜합니다.,0,보습력/수분감,unchanged
test,train,[속성] 자극성 [문장] 트러블 없고,587299,쇼핑몰,스킨케어,OO 멘** 포밍워시 200ml 2개,아침 세안 시 면도할 때 유용하게 씁니다. 예민한 피부에도 자극적이지 않고 향도 좋습니다. 거품이 쫀쫀하게 잘 나고 세안 후 당김도 덜합니다. 다만 눈 화장이 진할 때는 클렌징 밀크로 닦아낸 후 거품 세안이라 혹시나 세정이 약할까봐 이 제품으로 두 번 씻어냅니다. 이 제품 사용 후 트러블 없고 OO쇼핑 보다 저렴해요. 재구매 의사 있습니다.,자극성,트러블 없고,1,[속성] 자극성 [문장] 트러블 없고,0,자극성,unchanged
test,train,[속성] 자극성 [문장] 순해서 좋네요.,586394,쇼핑몰,스킨케어,OO 해** 클렌징폼 200g 1개,"OOO클렌징폼 항상 이용하는 재구매상품이네요. 향이 살짝 강한 느낌이지만, 풍부한 거품으로 모공 속 피지와 묵은 각질 제거해 주고 여드름 피부인 아이들에게 순해서 좋네요. 강력추천합니다.",자극성,순해서 좋네요.,1,[속성] 자극성 [문장] 순해서 좋네요.,0,자극성,unchanged
test,validation,[속성] 기능/효과 [문장] 풍부한 거품으로,586394,쇼핑몰,스킨케어,OO 해** 클렌징폼 200g 1개,"OOO클렌징폼 항상 이용하는 재구매상품이네요. 향이 살짝 강한 느낌이지만, 풍부한 거품으로 모공 속 피지와 묵은 각질 제거해 주고 여드름 피부인 아이들에게 순해서 좋네요. 강력추천합니다.",기능/효과,풍부한 거품으로,1,[속성] 기능/효과 [문장] 풍부한 거품으로,0,기능/효과,unchanged
test,train,[속성] 흡수력 [문장] 잘 스며들고,598397,쇼핑몰,스킨케어,OO 카** 선스틱 22g 1개,저는 선크림을 좀 자주 덧바르는데 로션타입은 좀 두꺼워져서 불편해요 그런데 이건 바른 느낌도 없이 잘 스며들고 끈적임이 없어서 너무 좋아요 다만 양이 적어 빨리 쓰는게 흠이예요,흡수력,잘 스며들고,1,[속성] 흡수력 [문장] 잘 스며들고,0,흡수력,unchanged
test,train,[속성] 가격 [문장] 가격대비 좋아요.,598898,쇼핑몰,스킨케어,OO 멀티 선크림 70ml 1개,화장을 잘 하지 않는편인데 마스크써도 밖에 나갈땐 썬크림 바르고 나가요 가격대비 좋아요. 백탁현상 없고 끈적임도 없어요. 유통기한도 길어요.향은 별로예요.,가격,가격대비 좋아요.,1,[속성] 가격 [문장] 가격대비 좋아요.,0,가격,unchanged
test,train,[속성] 흡수력 [문장] 백탁현상 없고,598898,쇼핑몰,스킨케어,OO 멀티 선크림 70ml 1개,화장을 잘 하지 않는편인데 마스크써도 밖에 나갈땐 썬크림 바르고 나가요 가격대비 좋아요. 백탁현상 없고 끈적임도 없어요. 유통기한도 길어요.향은 별로예요.,흡수력,백탁현상 없고,1,[속성] 흡수력 [문장] 백탁현상 없고,0,흡수력,unchanged
test,train,[속성] 흡수력 [문장] 끈적임도 없어요.,598898,쇼핑몰,스킨케어,OO 멀티 선크림 70ml 1개,화장을 잘 하지 않는편인데 마스크써도 밖에 나갈땐 썬크림 바르고 나가요 가격대비 좋아요. 백탁현상 없고 끈적임도 없어요. 유통기한도 길어요.향은 별로예요.,흡수력,끈적임도 없어요.,1,[속성] 흡수력 [문장] 끈적임도 없어요.,0,흡수력,unchanged
test,train,[속성] 유통기한 [문장] 유통기한도 길어요.,598898,쇼핑몰,스킨케어,OO 멀티 선크림 70ml 1개,화장을 잘 하지 않는편인데 마스크써도 밖에 나갈땐 썬크림 바르고 나가요 가격대비 좋아요. 백탁현상 없고 끈적임도 없어요. 유통기한도 길어요.향은 별로예요.,유통기한,유통기한도 길어요.,1,[속성] 유통기한 [문장] 유통기한도 길어요.,0,유통기한,unchanged
test,train,[속성] 자극성 [문장] 자극없이,585016,쇼핑몰,스킨케어,OO 클** 클렌징젤 400ml 1개,자극없이 순하게 잘 닦이네요. 트러블이 많이 없어지는건 잘 모르겠네요. 더 써봐야 효과를 알거 같네요 . 샘플을 많이 받아서 좋은데 가격이 아쉽네요. 행사 자주 했으면 좋겠네요.,자극성,자극없이,1,[속성] 자극성 [문장] 자극없이,0,자극성,unchanged
test,train,[속성] 자극성 [문장] 순하게,585016,쇼핑몰,스킨케어,OO 클** 클렌징젤 400ml 1개,자극없이 순하게 잘 닦이네요. 트러블이 많이 없어지는건 잘 모르겠네요. 더 써봐야 효과를 알거 같네요 . 샘플을 많이 받아서 좋은데 가격이 아쉽네요. 행사 자주 했으면 좋겠네요.,자극성,순하게,1,[속성] 자극성 [문장] 순하게,0,자극성,unchanged
test,train,[속성] 기능/효과 [문장] 잘 닦이네요.,585016,쇼핑몰,스킨케어,OO 클** 클렌징젤 400ml 1개,자극없이 순하게 잘 닦이네요. 트러블이 많이 없어지는건 잘 모르겠네요. 더 써봐야 효과를 알거 같네요 . 샘플을 많이 받아서 좋은데 가격이 아쉽네요. 행사 자주 했으면 좋겠네요.,기능/효과,잘 닦이네요.,1,[속성] 기능/효과 [문장] 잘 닦이네요.,0,기능/효과,unchanged
test,train,[속성] 기능/효과 [문장] 깨끗하게 잘 지워지고,589632,쇼핑몰,스킨케어,OO 딥 클린 클렌저 175g 1개,매번 사용하는 제품이네요. 깨끗하게 잘 지워지고 건조하지 않아 좋아요. 선물용으로도 구매하는데 다들 좋아하네요. 가격이 더 저렴했으면 좋겠어요. 빠른 배송도 만족합니다.,기능/효과,깨끗하게 잘 지워지고,1,[속성] 기능/효과 [문장] 깨끗하게 잘 지워지고,0,기능/효과,unchanged
test,train,[속성] 가격 [문장] 가격이 더 저렴했으면 좋겠어요.,589632,쇼핑몰,스킨케어,OO 딥 클린 클렌저 175g 1개,매번 사용하는 제품이네요. 깨끗하게 잘 지워지고 건조하지 않아 좋아요. 선물용으로도 구매하는데 다들 좋아하네요. 가격이 더 저렴했으면 좋겠어요. 빠른 배송도 만족합니다.,가격,가격이 더 저렴했으면 좋겠어요.,-1,[속성] 가격 [문장] 가격이 더 저렴했으면 좋겠어요.,1,가격,unchanged
test,train,[속성] 흡수력 [문장] 끈적임이 심합니다,596933,쇼핑몰,스킨케어,OO 센** 선스틱 22g 1개,"끈적임이 덜 한 제품일까 샀는데 역시나 끈적임이 심합니다. 메이크업하고 위에는 덧바르니 뭉쳐서 사용하기 불편합니다. 외출했을 때 팔이랑 손, 목 등에 발라야겠네요",흡수력,끈적임이 심합니다,-1,[속성] 흡수력 [문장] 끈적임이 심합니다,1,흡수력,unchanged
test,train,[속성] 편의성/활용성 [문장] 사용하기 불편합니다,596933,쇼핑몰,스킨케어,OO 센** 선스틱 22g 1개,"끈적임이 덜 한 제품일까 샀는데 역시나 끈적임이 심합니다. 메이크업하고 위에는 덧바르니 뭉쳐서 사용하기 불편합니다. 외출했을 때 팔이랑 손, 목 등에 발라야겠네요",편의성/활용성,사용하기 불편합니다,-1,[속성] 편의성/활용성 [문장] 사용하기 불편합니다,1,편의성/활용성,unchanged
test,train,[속성] 발림성 [문장] 발림성 좋습니다.,596721,쇼핑몰,스킨케어,OO 브라이트닝 업 선 플러스 50ml 1개,발림성 좋습니다. 화사하게 보인다고 들었는데 그건 더 사용해야 알 것 같습니다. 바를때 뭉치지 않아 좋습니다.,발림성,발림성 좋습니다.,1,[속성] 발림성 [문장] 발림성 좋습니다.,0,발림성,unchanged
test,train,[속성] 향 [문장] 향은 별로지만,591315,쇼핑몰,스킨케어,OO 뉴** 에그팩 50g 6개,쓰고 안쓰고 차이가 은근히 있어서 계속 쓰게 되네요. 꾸준히 쓰면 모공 늘어진것도 어느정도 탄력 붙는 것 같아서 찾게되요. 향은 별로지만 좋은 가격에 구매해서 만족해요.,향,향은 별로지만,-1,[속성] 향 [문장] 향은 별로지만,1,향,unchanged
test,train,[속성] 자극성 [문장] 자극은 없습니다.,586445,쇼핑몰,스킨케어,OO 해** 클렌징폼 200g 1개,데일리로 아침에 쓰기 좋은 듯 합니다. 근데 피지 제거 효과는 없네요. 기능이 없는 세안용입니다. 자극은 없습니다. 거품이 부드럽게 잘 나고 잘 씻겨 내려가서 쓰기엔 편한 듯 합니다. 향도 좋고 저렴한 가격에 이 정도면 좋습니다.,자극성,자극은 없습니다.,1,[속성] 자극성 [문장] 자극은 없습니다.,0,자극성,unchanged
test,train,"[속성] 윤기/피부(톤) [문장] 피부가 부드럽고,",592505,쇼핑몰,스킨케어,OO 시** 클렌징폼 120g 1개,"주문한 다음날 배송 되었어요. 배송 무척 빠르네요. 기존에 사용하던 제품이라서 다시 구매했어요. 클렌징폼으로 말끔히 씻기면서도, 피부가 부드럽고, 촉촉한 상태를 유지되네요. 제조일자가 많이 지난 제품이고, 향도 아쉽습니다.",윤기/피부(톤),"피부가 부드럽고,",1,"[속성] 윤기/피부(톤) [문장] 피부가 부드럽고,",0,윤기/피부(톤),unchanged
test,train,[속성] 향 [문장] 향도 아쉽습니다.,592505,쇼핑몰,스킨케어,OO 시** 클렌징폼 120g 1개,"주문한 다음날 배송 되었어요. 배송 무척 빠르네요. 기존에 사용하던 제품이라서 다시 구매했어요. 클렌징폼으로 말끔히 씻기면서도, 피부가 부드럽고, 촉촉한 상태를 유지되네요. 제조일자가 많이 지난 제품이고, 향도 아쉽습니다.",향,향도 아쉽습니다.,-1,[속성] 향 [문장] 향도 아쉽습니다.,1,향,unchanged
test,validation,[속성] 편의성/활용성 [문장] 사용이 편리하고,586953,쇼핑몰,스킨케어,OO 멘** 포밍워시 200ml 2개,"여드름이 완화 됐습니다. 그렇지만 드라마틱한 효과는 아니구요. 사실 원래 피부가 엄청 안 좋지 않은 이상 느끼기 힘든 것 같아요, 용기가 거품으로 펌핑돼서 사용이 편리하고 향이 은은해서 좋아요. 세안이 뽀득뽀득 하면서도 보습력 있는 느낌이고, 아이가 좋아해서 샀어요.",편의성/활용성,사용이 편리하고,1,[속성] 편의성/활용성 [문장] 사용이 편리하고,0,편의성/활용성,unchanged
test,train,[속성] 가격 [문장] 가성비가 뛰어난 제품입니다.,599683,쇼핑몰,스킨케어,OO 더** 스킨 선로션 200ml 1개,사용감이 가볍고 부드러워 좋습니다. 보습력은 좀 아쉬워요. 가성비가 뛰어난 제품입니다. 대용량 제품 이라 막쓰기 좋아요. 썬크림효과가 그닥 있는거같진 않아요. 가성비는 좋습니다.,가격,가성비가 뛰어난 제품입니다.,1,[속성] 가격 [문장] 가성비가 뛰어난 제품입니다.,0,가격,unchanged
test,train,[속성] 가격 [문장] 가성비는 좋습니다.,599683,쇼핑몰,스킨케어,OO 더** 스킨 선로션 200ml 1개,사용감이 가볍고 부드러워 좋습니다. 보습력은 좀 아쉬워요. 가성비가 뛰어난 제품입니다. 대용량 제품 이라 막쓰기 좋아요. 썬크림효과가 그닥 있는거같진 않아요. 가성비는 좋습니다.,가격,가성비는 좋습니다.,1,[속성] 가격 [문장] 가성비는 좋습니다.,0,가격,unchanged
test,train,[속성] 흡수력 [문장] 흡수력도 좋아요.,600408,쇼핑몰,스킨케어,OO 밀** 상백 크림 50ml 1개,발림성도 좋고 향도 거의 없어서 마음에 들어요. 백탁현상도 별로 없네요. 흡수력도 좋아요. 단지 가격이 좀 높긴 해요. 가격만 빼면 마음에 드는 제품이에요.,흡수력,흡수력도 좋아요.,1,[속성] 흡수력 [문장] 흡수력도 좋아요.,0,흡수력,unchanged
test,train,[속성] 보습력/수분감 [문장] 건조하지도 않고,582464,쇼핑몰,스킨케어,OO 마** 퓨어 클렌징오일 200ml 1개,며칠 써보니 건성이 쓰기에 적당한것 같습니다. 유분이 남지도 않고 그렇다고 건조하지도 않고 사용 후 잔여물이 남지 않고 색조화장도 잘 지워져요. 지성피부에는 못 쓸 정도는 아니지만 베스트도 아닐 것 같아요. 가격은 다른 오일보다는 비싼 편이네요. 할인율도 크지 않아 아쉬워요.,보습력/수분감,건조하지도 않고,1,[속성] 보습력/수분감 [문장] 건조하지도 않고,0,보습력/수분감,unchanged
test,train,"[속성] 가격 [문장] 가격도 좋고,",597035,쇼핑몰,스킨케어,OO 메** UV 울트라 선 50ml 1개,"온 가족 함께 잘 사용하는 제품입니다. 가격도 좋고, 백탁 없고, 촉촉하네요. 순하고, 자극 없어서 부담 없고, 데일리로 사용합니다. 벌써 열통은 넘게 사용한 듯하네요. 우연히 지인에게 선물 받아 사용하게 된 후 좋아서 최애 아이템이 되었어요. 살짝 피부 톤이 환해지는 느낌도 있어서 여름에 마스크 하고 다닐 때는 따로 화장 안하고 OOO선크림에 림밥만 바르고 다니고 있어요. 건조하지도 않고, 트러블 피부에도 순해서 좋습니다.",가격,"가격도 좋고,",1,"[속성] 가격 [문장] 가격도 좋고,",0,가격,unchanged
test,train,[속성] 윤기/피부(톤) [문장] 부드럽고,593313,쇼핑몰,스킨케어,OO 그** 선 플러스 50ml 1개,발림성이 굉장히 좋아요. 부드럽고 기름지지 않고 뽀송합니다. 민감성 피부라 저자극 제품 찾다가 써봤는데 자극이 없진 않아요. 그렇지만 다른 제품에 비해 자극이 적어서 괜찮아요.,윤기/피부(톤),부드럽고,1,[속성] 윤기/피부(톤) [문장] 부드럽고,0,윤기/피부(톤),unchanged
test,train,[속성] 흡수력 [문장] 기름지지 않고,593313,쇼핑몰,스킨케어,OO 그** 선 플러스 50ml 1개,발림성이 굉장히 좋아요. 부드럽고 기름지지 않고 뽀송합니다. 민감성 피부라 저자극 제품 찾다가 써봤는데 자극이 없진 않아요. 그렇지만 다른 제품에 비해 자극이 적어서 괜찮아요.,흡수력,기름지지 않고,1,[속성] 흡수력 [문장] 기름지지 않고,0,흡수력,unchanged
test,train,[속성] 흡수력 [문장] 뽀송합니다.,593313,쇼핑몰,스킨케어,OO 그** 선 플러스 50ml 1개,발림성이 굉장히 좋아요. 부드럽고 기름지지 않고 뽀송합니다. 민감성 피부라 저자극 제품 찾다가 써봤는데 자극이 없진 않아요. 그렇지만 다른 제품에 비해 자극이 적어서 괜찮아요.,흡수력,뽀송합니다.,1,[속성] 흡수력 [문장] 뽀송합니다.,0,흡수력,unchanged
test,train,[속성] 발림성 [문장] 발림성이 좋아요,599745,쇼핑몰,스킨케어,OO 더** 스킨 선로션 200ml 1개,생각보다 촉촉하고 발림성이 좋아요. 예민한 피부에 적합하다고 해서 구입했는데 별 트러블 없이 잘 사용 중이네요. 양이 많아 충분히 사용하기 좋아요. 얼굴에 바르던 선크림 대신 이제품 발라봤는데 눈시림도 별로없고 만족합니다.,발림성,발림성이 좋아요,1,[속성] 발림성 [문장] 발림성이 좋아요,0,발림성,unchanged
test,train,[속성] 가격 [문장] 저렴해서 구매했는데,599221,쇼핑몰,스킨케어,OO 멀티 선크림 70ml 1개,손이나 발이나 옷입고 노출되는부위는 다 바르려고 저렴해서 구매했는데 발림성도 좋아요. 끈적임이 심하지는 않고 그래서 잘 사용중이예요,가격,저렴해서 구매했는데,1,[속성] 가격 [문장] 저렴해서 구매했는데,0,가격,unchanged
test,train,[속성] 제품구성 [문장] 샘플이 없어서 아쉽지만,589605,쇼핑몰,스킨케어,OO 딥 클린 클렌저 175g 1개,샘플이 없어서 아쉽지만 저렴하게 잘 샀습니다. 피부 트러블도 줄어들고 사용감이 산뜻해서 자주 사용합니다. 다 떨어지면 재구매할꺼에요. 향도 좋습니다.,제품구성,샘플이 없어서 아쉽지만,-1,[속성] 제품구성 [문장] 샘플이 없어서 아쉽지만,1,제품구성,unchanged
test,train,[속성] 발림성 [문장] 부드럽게 잘 발립니다.,582543,쇼핑몰,스킨케어,OO 마** 퓨어 클렌징오일 200ml 1개,세정력 나쁘지 않습니다. 피부자극도 나쁠 것 없네요. 리뷰에 뻑뻑하다고하는데 한펌프 썼을때 조금 덜 나와서 그런 것 같아 반펌프 정도 더 사용하면 충분히 오일리하고 부드럽게 잘 발립니다. 블랙헤드가 제거되거나 하지는 않지만 간단한 화장 지우기엔 무난해요. 나쁜 성분도 없고 무난하게 쓰기에 적당한 것 같아요. 1+1으로 싸게 샀어요. 다 쓰면 재구매 할께요,발림성,부드럽게 잘 발립니다.,1,[속성] 발림성 [문장] 부드럽게 잘 발립니다.,0,발림성,unchanged
test,train,[속성] 보습력/수분감 [문장] 피부가 건조해지네요.,593759,쇼핑몰,스킨케어,OO 그** 선 플러스 50ml 1개,끈적이지 않고 백탁 없고 보송한 마무리 감으로 민감한 피부에도 사용 가능한 순한 제품을 찾았는데 알맞게 잘 산 것 같아요! 건성 피부다 보니 보송한 사용감이 좀 매트 하긴 합니다. 피부가 건조해지네요. 기초 보습을 탄탄하게 해야겠네요. 눈시림이 약간 있는것 같습니다. 용량이 작아 두세번 덧바르면 금방 사용할것 같아요.,보습력/수분감,피부가 건조해지네요.,-1,[속성] 보습력/수분감 [문장] 피부가 건조해지네요.,1,보습력/수분감,unchanged
test,train,[속성] 흡수력 [문장] 백탁현상 없어요,594960,쇼핑몰,스킨케어,OO 선 메이트 70ml 1개,백탁현상 없어요 부드럽게 잘 발려요 바르고 난 뒤 끈적거림도 없고 차단지수도 높아서 야외활동 할때 좋을거 같네요 요즘 마스크 때문에 화장을 안하니 썬크림을 더 많이 사용하게 되요 가격이 좀 아쉽지만 잘 쓰겠습니다,흡수력,백탁현상 없어요,1,[속성] 흡수력 [문장] 백탁현상 없어요,0,흡수력,unchanged
test,train,[속성] 발림성 [문장] 부드럽게 잘 발려요,594960,쇼핑몰,스킨케어,OO 선 메이트 70ml 1개,백탁현상 없어요 부드럽게 잘 발려요 바르고 난 뒤 끈적거림도 없고 차단지수도 높아서 야외활동 할때 좋을거 같네요 요즘 마스크 때문에 화장을 안하니 썬크림을 더 많이 사용하게 되요 가격이 좀 아쉽지만 잘 쓰겠습니다,발림성,부드럽게 잘 발려요,1,[속성] 발림성 [문장] 부드럽게 잘 발려요,0,발림성,unchanged
test,train,[속성] 제형 [문장] 거품 제형도 부드럽고,587388,쇼핑몰,스킨케어,OO 멘** 포밍워시 200ml 2개,향도 은은한 레몬향이고 쓰기 편하다고 생각합니다. 거품 제형도 부드럽고 한번만 펌프해서 써도 충분하니 편리해요.,제형,거품 제형도 부드럽고,1,[속성] 제형 [문장] 거품 제형도 부드럽고,0,제형,unchanged
test,train,[속성] 자극성 [문장] 자극적이지 않습니다.,582704,쇼핑몰,스킨케어,OO 마** 퓨어 클렌징오일 200ml 1개,매번 사용하는 제품인데 OO쇼핑에서 할인을 많이 해서 샀습니다. 뽀득거리는 세정은 아니라서 아쉬워요. 자극적이지 않습니다. 자주 할인해 주시면 좋을 거 같아요. 다 써가는데 또 구매해야겠어요.,자극성,자극적이지 않습니다.,1,[속성] 자극성 [문장] 자극적이지 않습니다.,0,자극성,unchanged
test,train,[속성] 제형 [문장] 제형이 너무 묽어서,588358,쇼핑몰,스킨케어,OO 시** 오일 280ml 1개,가격은 저렴히 샀습니다. 하지만 제형이 너무 묽어서 얼굴에 문지르기 전에 손에서 다 흘러버리니 쓰기가 불편합니다. 얼굴에 대고 펌핑해야 해서 불편해요.,제형,제형이 너무 묽어서,-1,[속성] 제형 [문장] 제형이 너무 묽어서,1,제형,unchanged
test,train,[속성] 편의성/활용성 [문장] 불편해요.,588358,쇼핑몰,스킨케어,OO 시** 오일 280ml 1개,가격은 저렴히 샀습니다. 하지만 제형이 너무 묽어서 얼굴에 문지르기 전에 손에서 다 흘러버리니 쓰기가 불편합니다. 얼굴에 대고 펌핑해야 해서 불편해요.,편의성/활용성,불편해요.,-1,[속성] 편의성/활용성 [문장] 불편해요.,1,편의성/활용성,unchanged
test,train,"[속성] 가격 [문장] 가격은 싸지 않지만,",587103,쇼핑몰,스킨케어,OO 멘** 포밍워시 200ml 2개,"늘 구입해서 여드름에 사용하고 있는 제품입니다. 세안 후 촉촉함은 별로 없어서, 크림을 따로 발라주고 있어요. 심한 좁쌀 여드름에 지속적으로 사용했더니, 많이 좋아졌어요. 가격은 싸지 않지만, 계속 구매해서 사용할 듯합니다.",가격,"가격은 싸지 않지만,",-1,"[속성] 가격 [문장] 가격은 싸지 않지만,",1,가격,unchanged
test,train,[속성] 기능/효과 [문장] 피부에 잘 맞아서,586824,쇼핑몰,스킨케어,OO 멘** 포밍워시 200ml 2개,"OOO OO 계속해서 구입하는데, 묶음으로 저렴하게 구입했어요. 피부에 잘 맞아서 자주 구매하게 되는 제품이에요. 거품 제형이 단단하면서, 풍부해서 좋은 것 같아요. 용량은 좀 적은듯하네요.",기능/효과,피부에 잘 맞아서,1,[속성] 기능/효과 [문장] 피부에 잘 맞아서,0,기능/효과,unchanged
test,train,[속성] 용량/개수 [문장] 양도 많아서,599721,쇼핑몰,스킨케어,OO 더** 스킨 선로션 200ml 1개,"무난하게 잘 사용할 수 있는 상품입니다. 양도 많아서 여름철에 잘 바르고 있습니다. 어떤 제품은 바르고 나면 끈적거리고, 하얗게 겉돌기도 하는데, 이 제품은 끈적이지도 않고, 백탁현상도 없어서 좋습니다.",용량/개수,양도 많아서,1,[속성] 용량/개수 [문장] 양도 많아서,0,용량,merged_duplicate_label
test,train,"[속성] 발림성 [문장] 발림성 좋고,",600470,쇼핑몰,스킨케어,OO 밀** 상백 크림 50ml 1개,"몇 통째인지 모르겠어요. 처음에는 선물로 구매했는데, 한번 써 본 이후로 갈아타게 되었어요. OOO는 기름지다는 얘기를 많이 듣고 선입견을 갖고 있었던 것 같아요. 요즘처럼 코로나로 마스크만 쓸 때에 이런 톤업 크림이 쓰기에 좋은 듯합니다. 발림성 좋고, 미끌거리지 않아 좋아요. 가격이 비싸고, 양이 적아 부담스럽긴 하네요.",발림성,"발림성 좋고,",1,"[속성] 발림성 [문장] 발림성 좋고,",0,발림성,unchanged
test,train,[속성] 보습력/수분감 [문장] 당김이 없어요.,600115,쇼핑몰,스킨케어,OO 자** 선크림 50ml 1개,"타사제품 이것저것 다 써봤습니다. 수부지인 저에게 당김이 없어요. 로션타입이라 더 좋네요. 단, 커버력이 없어서 커버력 있는걸 좋아하시는 분들께는 추천하지 않습니다.",보습력/수분감,당김이 없어요.,1,[속성] 보습력/수분감 [문장] 당김이 없어요.,0,보습력/수분감,unchanged
test,train,[속성] 커버력 [문장] 커버력이 없어서,600115,쇼핑몰,스킨케어,OO 자** 선크림 50ml 1개,"타사제품 이것저것 다 써봤습니다. 수부지인 저에게 당김이 없어요. 로션타입이라 더 좋네요. 단, 커버력이 없어서 커버력 있는걸 좋아하시는 분들께는 추천하지 않습니다.",커버력,커버력이 없어서,-1,[속성] 커버력 [문장] 커버력이 없어서,1,커버력,unchanged
test,train,"[속성] 기능/효과 [문장] 거품도 잘나고,",587383,쇼핑몰,스킨케어,OO 멘** 포밍워시 200ml 2개,"여드름이 많은 피부에 늘 사용하는 제품입니다. 거품도 잘나고, 씻고 나면 피부가 깨끗하고, 개운한 느낌이 드네요. 애프터쉐이브한 것처럼 상쾌한 향도 느껴져요. 비누 대용으로 쓰기 좋습니다. 양은 좀 아쉽고 가격이 저렴해지면 좋을 것 같아요.",기능/효과,"거품도 잘나고,",1,"[속성] 기능/효과 [문장] 거품도 잘나고,",0,기능/효과,unchanged
test,train,[속성] 용량/개수 [문장] 양은 좀 아쉽고,587383,쇼핑몰,스킨케어,OO 멘** 포밍워시 200ml 2개,"여드름이 많은 피부에 늘 사용하는 제품입니다. 거품도 잘나고, 씻고 나면 피부가 깨끗하고, 개운한 느낌이 드네요. 애프터쉐이브한 것처럼 상쾌한 향도 느껴져요. 비누 대용으로 쓰기 좋습니다. 양은 좀 아쉽고 가격이 저렴해지면 좋을 것 같아요.",용량/개수,양은 좀 아쉽고,-1,[속성] 용량/개수 [문장] 양은 좀 아쉽고,1,용량,merged_duplicate_label
test,train,[속성] 가격 [문장] 가격이 저렴해지면 좋을 것 같아요.,587383,쇼핑몰,스킨케어,OO 멘** 포밍워시 200ml 2개,"여드름이 많은 피부에 늘 사용하는 제품입니다. 거품도 잘나고, 씻고 나면 피부가 깨끗하고, 개운한 느낌이 드네요. 애프터쉐이브한 것처럼 상쾌한 향도 느껴져요. 비누 대용으로 쓰기 좋습니다. 양은 좀 아쉽고 가격이 저렴해지면 좋을 것 같아요.",가격,가격이 저렴해지면 좋을 것 같아요.,-1,[속성] 가격 [문장] 가격이 저렴해지면 좋을 것 같아요.,1,가격,unchanged
test,train,[속성] 흡수력 [문장] 끈적이지 않고,598450,쇼핑몰,스킨케어,OO 카** 선스틱 22g 1개,썬스틱을 홈쇼핑에서 다른 브렌드 사서 썼었는데 지인이 ㅇㅇㅇ 썬 스틱이 좋다고 추천해서 발라봤는데 끈적이지 않고 발림도 부드럽고 매끈하게 발라져서 비싸지만 구매했습니다. 브랜드 이미지가 좋아서 믿고 구매했습니다.,흡수력,끈적이지 않고,1,[속성] 흡수력 [문장] 끈적이지 않고,0,흡수력,unchanged
test,train,[속성] 발림성 [문장] 발림도 부드럽고,598450,쇼핑몰,스킨케어,OO 카** 선스틱 22g 1개,썬스틱을 홈쇼핑에서 다른 브렌드 사서 썼었는데 지인이 ㅇㅇㅇ 썬 스틱이 좋다고 추천해서 발라봤는데 끈적이지 않고 발림도 부드럽고 매끈하게 발라져서 비싸지만 구매했습니다. 브랜드 이미지가 좋아서 믿고 구매했습니다.,발림성,발림도 부드럽고,1,[속성] 발림성 [문장] 발림도 부드럽고,0,발림성,unchanged
test,train,[속성] 흡수력 [문장] 끈적임이 없어요,598285,쇼핑몰,스킨케어,OO 카** 선스틱 22g 1개,바를때 제형이 부드러운 느낌입니다. . 여러번 덧 바르면 번들거리기는 합니다. 하지만 끈적임이 없어요 좋아요,흡수력,끈적임이 없어요,1,[속성] 흡수력 [문장] 끈적임이 없어요,0,흡수력,unchanged
test,train,[속성] 기능/효과 [문장] 세정력 좋고,587230,쇼핑몰,스킨케어,OO 멘** 포밍워시 200ml 2개,여드름피부에 잘 맞네요. 풍부한 거품으로 세정력 좋고 지성 피부에도 깔끔하고 시원한 느낌이라서 잘 사용하고 있습니다.,기능/효과,세정력 좋고,1,[속성] 기능/효과 [문장] 세정력 좋고,0,기능/효과,unchanged
test,validation,[속성] 기능/효과 [문장] 깔끔하고,587230,쇼핑몰,스킨케어,OO 멘** 포밍워시 200ml 2개,여드름피부에 잘 맞네요. 풍부한 거품으로 세정력 좋고 지성 피부에도 깔끔하고 시원한 느낌이라서 잘 사용하고 있습니다.,기능/효과,깔끔하고,1,[속성] 기능/효과 [문장] 깔끔하고,0,기능/효과,unchanged
test,train,[속성] 향 [문장] 향도 은은하고,582839,쇼핑몰,스킨케어,OO 마** 퓨어 클렌징오일 200ml 1개,세정력이 좋은데 발림도 매끄럽고 피부에 순해서 너무 좋아요. 순해서 사용에 부담도 없고 가격대도 합리적이고 품질도 정말 좋아서 계속 사용할 계획입니다. 주위에도 좋다고 추천 많이 하고 있어요. 누가 클렌징오일 산다고 하면 무조건 이 제품 추천합니다. 향도 은은하고 저렴해요. 아주 좋습니다.,향,향도 은은하고,1,[속성] 향 [문장] 향도 은은하고,0,향,unchanged
test,train,[속성] 가격 [문장] 저렴해요.,582839,쇼핑몰,스킨케어,OO 마** 퓨어 클렌징오일 200ml 1개,세정력이 좋은데 발림도 매끄럽고 피부에 순해서 너무 좋아요. 순해서 사용에 부담도 없고 가격대도 합리적이고 품질도 정말 좋아서 계속 사용할 계획입니다. 주위에도 좋다고 추천 많이 하고 있어요. 누가 클렌징오일 산다고 하면 무조건 이 제품 추천합니다. 향도 은은하고 저렴해요. 아주 좋습니다.,가격,저렴해요.,1,[속성] 가격 [문장] 저렴해요.,0,가격,unchanged
test,train,[속성] 제형 [문장] 제형이 무겁지 않고,587846,쇼핑몰,스킨케어,OO 시** 오일 280ml 1개,포장도 꼼꼼하네요. 타 브랜드 클렌징 오일 아무리 써봐도 OOO 클렌징을 따라가질 못하네요. 제형이 무겁지 않고 가벼우면서 왠만한 색조 다 잘 지워지고 사용해도 트러블이 없어요. 이런 착한 가격에 자주 판매해 주시면 좋겠어요.,제형,제형이 무겁지 않고,1,[속성] 제형 [문장] 제형이 무겁지 않고,0,제형,unchanged
test,train,[속성] 자극성 [문장] 트러블이 없어요.,587846,쇼핑몰,스킨케어,OO 시** 오일 280ml 1개,포장도 꼼꼼하네요. 타 브랜드 클렌징 오일 아무리 써봐도 OOO 클렌징을 따라가질 못하네요. 제형이 무겁지 않고 가벼우면서 왠만한 색조 다 잘 지워지고 사용해도 트러블이 없어요. 이런 착한 가격에 자주 판매해 주시면 좋겠어요.,자극성,트러블이 없어요.,1,[속성] 자극성 [문장] 트러블이 없어요.,0,자극성,unchanged
test,train,[속성] 용량/개수 [문장] 양도 많아,599772,쇼핑몰,스킨케어,OO 더** 스킨 선로션 200ml 1개,향이 강하지 않아 좋네요.아이도 함께 사용하는데 순해서 무리없이 잘 사용하고 있네요.썬로션은 물처럼 흐르는 제품도 있는데 이제품은 제형이 적당히 쫀득해서 발림성도 좋아요.양도 많아 부담없이 여기저기 바를 수 있네요.적극 추천해요.,용량/개수,양도 많아,1,[속성] 용량/개수 [문장] 양도 많아,0,용량,merged_duplicate_label
test,train,[속성] 사용감 [문장] 사용감도 좋고,582991,쇼핑몰,스킨케어,OO 마** 퓨어 클렌징오일 200ml 1개,향도 좋고 배송도 빠르고 제형이 너무 묽지 않아서 좋습니다. 사용감도 좋고 만족해요. 고민하시는 분들께 추천하고 싶습니다.,사용감,사용감도 좋고,1,[속성] 사용감 [문장] 사용감도 좋고,0,사용감,unchanged
test,train,[속성] 자극성 [문장] 피부 트러블도 없어서,582219,쇼핑몰,스킨케어,OO 순** 클렌징오일 200ml 1개,"순하고 부드럽습니다. 가격과 향은 맘에 들진 않지만, 잔여감 없이 색조 화장도 깔끔하게 지워주고 피부 트러블도 없어서 좋습니다.",자극성,피부 트러블도 없어서,1,[속성] 자극성 [문장] 피부 트러블도 없어서,0,자극성,unchanged
test,train,[속성] 성분 [문장] 성분도 나쁘지 않고,593889,쇼핑몰,스킨케어,OO 그** 선 플러스 50ml 1개,배송 빨라요. 상품은 가격대비 좋아요. 성분도 나쁘지 않고 제형이 뻑뻑한듯해도 잘 발리고 차단지수도 높아서 자외선 차단이 잘 되고 좋습니다.,성분,성분도 나쁘지 않고,1,[속성] 성분 [문장] 성분도 나쁘지 않고,0,성분,unchanged
test,train,[속성] 자극성 [문장] 눈도 따갑지 않고,595211,쇼핑몰,스킨케어,OO 선 메이트 70ml 1개,좋은 가격에 잘 구매했어요. 구성품도 넉넉하고 좋네요. 눈도 따갑지 않고 순하고 발림성도 좋습니다. 용량도 넉넉해서 만족스러워요. OO 선크림은 처음 사봤는데 만족스럽네요.,자극성,눈도 따갑지 않고,1,[속성] 자극성 [문장] 눈도 따갑지 않고,0,자극성,unchanged
test,validation,[속성] 자극성 [문장] 눈이 시리지 않고,593735,쇼핑몰,스킨케어,OO 그** 선 플러스 50ml 1개,눈이 시리지 않고 바르고 난뒤 피부톤 보정도 되네요. 끈적이지 않아서 좋습니다. 아주 순하고 피부 자극이 없어서 마음에 쏙 듭니다.,자극성,눈이 시리지 않고,1,[속성] 자극성 [문장] 눈이 시리지 않고,0,자극성,unchanged
test,train,[속성] 흡수력 [문장] 끈적이지 않아서 좋습니다.,593735,쇼핑몰,스킨케어,OO 그** 선 플러스 50ml 1개,눈이 시리지 않고 바르고 난뒤 피부톤 보정도 되네요. 끈적이지 않아서 좋습니다. 아주 순하고 피부 자극이 없어서 마음에 쏙 듭니다.,흡수력,끈적이지 않아서 좋습니다.,1,[속성] 흡수력 [문장] 끈적이지 않아서 좋습니다.,0,흡수력,unchanged
test,train,[속성] 용량/개수 [문장] 양은 작지만,597013,쇼핑몰,스킨케어,OO 센** 선스틱 22g 1개,양은 작지만 착한 가격에 구매해서 좋습니다. 꼼꼼한 포장으로 안전하게 잘 받았어요. 향도 상큼하고 싱그러운 향이라서 너무 좋습니다. 발라보니 끈적이지 않고 스틱으로 쓱 바르니 엄청 편하네요. 간편하게 들고 다니면서 수시로 덧바를 수 있어 좋아요. 열심히 발라서 자외선으로부터 피부를 보호하여 깨끗한 피부 유지하겠습니다. 감사해요.,용량/개수,양은 작지만,-1,[속성] 용량/개수 [문장] 양은 작지만,1,용량,merged_duplicate_label
test,train,[속성] 가격 [문장] 착한 가격에 구매해서 좋습니다.,597013,쇼핑몰,스킨케어,OO 센** 선스틱 22g 1개,양은 작지만 착한 가격에 구매해서 좋습니다. 꼼꼼한 포장으로 안전하게 잘 받았어요. 향도 상큼하고 싱그러운 향이라서 너무 좋습니다. 발라보니 끈적이지 않고 스틱으로 쓱 바르니 엄청 편하네요. 간편하게 들고 다니면서 수시로 덧바를 수 있어 좋아요. 열심히 발라서 자외선으로부터 피부를 보호하여 깨끗한 피부 유지하겠습니다. 감사해요.,가격,착한 가격에 구매해서 좋습니다.,1,[속성] 가격 [문장] 착한 가격에 구매해서 좋습니다.,0,가격,unchanged
test,train,[속성] 흡수력 [문장] 끈적거리네요.,599812,쇼핑몰,스킨케어,OO 더** 스킨 선로션 200ml 1개,제형이 로션이라고 해서 안 끈적거리는 줄 알았는데 조금 끈적거리네요. 그래도 타사 제품 선크림보다는 끈적임이 덜 하긴 합니다.,흡수력,끈적거리네요.,-1,[속성] 흡수력 [문장] 끈적거리네요.,1,흡수력,unchanged
test,train,[속성] 윤기/피부(톤) [문장] 피부가 매끈해지고,583255,쇼핑몰,스킨케어,OO 마** 퓨어 클렌징오일 200ml 1개,요철이라도 없애보고자 거의 매일 사용중입니다. 드라마틱한 효과는 없으나 피지있는 곳을 계속 문질문질하면 피부가 매끈해지고 피지는 녹아서 없어지네요. 블랙헤드를 완전 없애기는 부족하지만 이정도 효과만으로도 만족스럽습니다. 오일 양이 좀 작아서 아쉽긴 하네요.,윤기/피부(톤),피부가 매끈해지고,1,[속성] 윤기/피부(톤) [문장] 피부가 매끈해지고,0,윤기/피부(톤),unchanged
test,train,[속성] 발림성 [문장] 잘 안 발려요.,594705,쇼핑몰,스킨케어,OO 카** 더블쉴드 선스틱 22g 1개,원래 이 제품 말고 다른 스틱 제품을 썼었는데 좀 번들거리길래 매트한 제품으로 구매해 봤습니다. 근데 매트하게 마무리되는 건 좋은데 잘 안 발려요. 밀리네요.,발림성,잘 안 발려요.,-1,[속성] 발림성 [문장] 잘 안 발려요.,1,발림성,unchanged
test,train,[속성] 발림성 [문장] 밀리네요.,594705,쇼핑몰,스킨케어,OO 카** 더블쉴드 선스틱 22g 1개,원래 이 제품 말고 다른 스틱 제품을 썼었는데 좀 번들거리길래 매트한 제품으로 구매해 봤습니다. 근데 매트하게 마무리되는 건 좋은데 잘 안 발려요. 밀리네요.,발림성,밀리네요.,-1,[속성] 발림성 [문장] 밀리네요.,1,발림성,unchanged
test,train,[속성] 자극성 [문장] 트러블 없이,586726,쇼핑몰,스킨케어,OO 멘** 포밍워시 200ml 2개,문제성 피부에 사용중인데 트러블 없이 잘 사용하고 있습니다. 세안도 깨끗하게 잘 되고 거품도 부드러운 편입니다. 세일할 때마다 몇 개씩 구매해둬요. 가격대비 양도 괜찮습니다.,자극성,트러블 없이,1,[속성] 자극성 [문장] 트러블 없이,0,자극성,unchanged
test,train,[속성] 자극성 [문장] 자극이 없네요.,589433,쇼핑몰,스킨케어,OO 딥 클린 클렌저 175g 1개,진주펄같은 은백색이고 상쾌한 향이 진하지 않아서 좋습니다. 제형이 묽지도 꾸덕하지도 않고 거품이 잘 나와서 클렌징하기 편하고 좋습니다. 쫀쫀한 거품제형으로 세안하니 순해서 자극이 없네요. 피부가 건성이라 세안 후 바로 건조해지는 편인데 피부가 당기거나 건조함이 없어 만족해요.,자극성,자극이 없네요.,1,[속성] 자극성 [문장] 자극이 없네요.,0,자극성,unchanged
test,train,[속성] 자극성 [문장] 저자극으로,591781,쇼핑몰,스킨케어,OO 클렌징 폼 150ml 1개,"손안에 묵직하게 들어오는 200g의 대용량 폼이네요. 연두색 내용물에 미세한 알갱이가 들어있는데, 저자극으로 필링이 되는 느낌이 드네요. 데일리로 각질케어하기 좋을것 같네요. 인공적인 향이 아니어서 좋고 세안 후 사용감이 개운하다는 느낌이 들었어요. 토너를 적신 화장솜으로 닦아낼 때 잔여물이 전혀 나오지 않아서 감동했네요. 요즘 미세먼지에 기온까지 오르면서 마스크 속 피부가 잠잠할날이 없었는데 깨끗한 세안으로 피부 관리해보려고요.",자극성,저자극으로,1,[속성] 자극성 [문장] 저자극으로,0,자극성,unchanged
test,train,[속성] 보습력/수분감 [문장] 촉촉하고 좋습니다,583175,쇼핑몰,스킨케어,OO 마** 퓨어 클렌징오일 200ml 1개,피부가 건성이라 오일이 엄청 촉촉하고 좋습니다. 재구매했어요. 노폐물 먼지 화장 말끔히 지워주는거 같아서 좋아요.,보습력/수분감,촉촉하고 좋습니다,1,[속성] 보습력/수분감 [문장] 촉촉하고 좋습니다,0,보습력/수분감,unchanged
test,validation,[속성] 용량/개수 [문장] 양이 작아서 아쉽지만,597054,쇼핑몰,스킨케어,OO 메** UV 울트라 선 50ml 1개,발림성도 좋고 잘 스며들고 피부톤 보정도 되고 정말 좋습니다. 양이 작아서 아쉽지만 촉촉해서 이 제품만 쓰게 됩니다.,용량/개수,양이 작아서 아쉽지만,-1,[속성] 용량/개수 [문장] 양이 작아서 아쉽지만,1,용량,merged_duplicate_label
test,train,[속성] 발림성 [문장] 발림성도 좋아요,598706,쇼핑몰,스킨케어,OO 멀티 선크림 70ml 1개,가격이 저렴해서 사 봤어요. 발라보니 끈적이지도 않고 발림성도 좋아요. 썬 크림이 비싼 것도 끈적거리고 두텁게 느껴져서 바르는게 부담스러웠는데 가격이 싸도 가볍게 느껴지고 괜찮습니다.,발림성,발림성도 좋아요,1,[속성] 발림성 [문장] 발림성도 좋아요,0,발림성,unchanged
test,train,[속성] 가격 [문장] 비싸게 구매했어요.,585736,쇼핑몰,스킨케어,OO 클** 클렌징젤 400ml 1개,비싸게 구매했어요. 거품 잘나고 제형이 부드럽고 순해서 좋습니다. 향이 강하지 않아서 좋고 용량 넉넉해서 오래 사용하겠습니다. 세안 후 당김은 없는데 촉촉함은 못 느끼겠어요.,가격,비싸게 구매했어요.,-1,[속성] 가격 [문장] 비싸게 구매했어요.,1,가격,unchanged
test,train,[속성] 용량/개수 [문장] 용량이 작아 아쉽지만,591133,쇼핑몰,스킨케어,OO 뉴** 에그팩 50g 6개,홈쇼핑에서는 많은 양을 팔아서 OOO를 통해 구입하게 되었네요. 용량이 작아 아쉽지만 향기도 좋고 사용하고나면 피부가 매끈해지네요. 이 비누를 추천하네요.,용량/개수,용량이 작아 아쉽지만,-1,[속성] 용량/개수 [문장] 용량이 작아 아쉽지만,1,용량,merged_duplicate_label
test,train,[속성] 보습력/수분감 [문장] 촉촉하네요,584946,쇼핑몰,스킨케어,OO 클** 클렌징젤 400ml 1개,겨울철에 속당김이 심해서 이것저것 사용해봤는데 다른 후기들처럼 촉촉하네요. 세정력은 아쉬워요. 화장한 얼굴에 일차 클렌징 따로 하고 사용했습니다. 아침세안이랑 기본 세안은 당김이 덜해서 좋습니다. 향은 좀 거슬리긴 하는데 사용감이 좋아서 잘 쓰고 있어요.,보습력/수분감,촉촉하네요,1,[속성] 보습력/수분감 [문장] 촉촉하네요,0,보습력/수분감,unchanged
test,train,[속성] 자극성 [문장] 피부자극 없고,584461,쇼핑몰,스킨케어,OO 이** 모공 폼 300ml 1개,늘 쓰던 제품인데 좋습니다. 대용량에 가격도 좋아요. 피부자극 없고 세정력도 좋습니다. 포장도 꼼꼼하고 배송도 빨라서 만족해요.,자극성,피부자극 없고,1,[속성] 자극성 [문장] 피부자극 없고,0,자극성,unchanged
test,train,[속성] 기능/효과 [문장] 세정력도 좋습니다.,584461,쇼핑몰,스킨케어,OO 이** 모공 폼 300ml 1개,늘 쓰던 제품인데 좋습니다. 대용량에 가격도 좋아요. 피부자극 없고 세정력도 좋습니다. 포장도 꼼꼼하고 배송도 빨라서 만족해요.,기능/효과,세정력도 좋습니다.,1,[속성] 기능/효과 [문장] 세정력도 좋습니다.,0,기능/효과,unchanged
test,train,[속성] 향 [문장] 향은 좋습니다.,595395,쇼핑몰,스킨케어,OO 선 메이트 70ml 1개,용기 디자인이 바꼈어요. 선크림 효과가 좋은지는 아직 모르겠어요. 피부에 바르면 끈적임이 없고 향은 좋습니다.,향,향은 좋습니다.,1,[속성] 향 [문장] 향은 좋습니다.,0,향,unchanged
test,train,[속성] 보습력/수분감 [문장] 건조하지 않아요.,597137,쇼핑몰,스킨케어,OO 메** UV 울트라 선 50ml 1개,향이 약간 독한 느낌이 있어요. 그렇지만 부드럽게 잘 발리고 건조하지 않아요. 하얗게 뜨는 것도 없습니다. 양이 적어서 아쉽지만 비싸지 않은 가격으로 잘 샀어요.,보습력/수분감,건조하지 않아요.,1,[속성] 보습력/수분감 [문장] 건조하지 않아요.,0,보습력/수분감,unchanged
test,train,[속성] 용량/개수 [문장] 양이 적어서 아쉽지만,597137,쇼핑몰,스킨케어,OO 메** UV 울트라 선 50ml 1개,향이 약간 독한 느낌이 있어요. 그렇지만 부드럽게 잘 발리고 건조하지 않아요. 하얗게 뜨는 것도 없습니다. 양이 적어서 아쉽지만 비싸지 않은 가격으로 잘 샀어요.,용량/개수,양이 적어서 아쉽지만,-1,[속성] 용량/개수 [문장] 양이 적어서 아쉽지만,1,용량,merged_duplicate_label
test,validation,[속성] 흡수력 [문장] 끈적임이 있지만,599782,쇼핑몰,스킨케어,OO 더** 스킨 선로션 200ml 1개,"향은 파우더리한 향이라고 했는데, 그런 것 같지 않습니다. 인공적인 향이 나고 바르고 나면 살짝 끈적임이 있지만 타사 바디용 자외선 차단제 보단 보송한 것 같습니다. 피부가 잘 타는 타입이라 여름철 실내에서도 꼭 발라야 해서 잘 사용하고 있습니다.",흡수력,끈적임이 있지만,-1,[속성] 흡수력 [문장] 끈적임이 있지만,1,흡수력,unchanged
test,train,[속성] 보습력/수분감 [문장] 촉촉하지도 않습니다.,595149,쇼핑몰,스킨케어,OO 선 메이트 70ml 1개,잘 받았어요. OOO 워터프루프는 처음 사용하는데 부드럽지도 않고 촉촉하지도 않습니다. 괜히 구매한 거 같아요. 백탁도 있어요. 저에겐 안 맞네요. 세정은 잘 되는지 모르겠어요. 추가 구성품도 없고 비싸요.,보습력/수분감,촉촉하지도 않습니다.,-1,[속성] 보습력/수분감 [문장] 촉촉하지도 않습니다.,1,보습력/수분감,unchanged
test,train,[속성] 가격 [문장] 비싸요.,595149,쇼핑몰,스킨케어,OO 선 메이트 70ml 1개,잘 받았어요. OOO 워터프루프는 처음 사용하는데 부드럽지도 않고 촉촉하지도 않습니다. 괜히 구매한 거 같아요. 백탁도 있어요. 저에겐 안 맞네요. 세정은 잘 되는지 모르겠어요. 추가 구성품도 없고 비싸요.,가격,비싸요.,-1,[속성] 가격 [문장] 비싸요.,1,가격,unchanged
test,train,[속성] 기능/효과 [문장] 저에겐 안 맞네요.,595149,쇼핑몰,스킨케어,OO 선 메이트 70ml 1개,잘 받았어요. OOO 워터프루프는 처음 사용하는데 부드럽지도 않고 촉촉하지도 않습니다. 괜히 구매한 거 같아요. 백탁도 있어요. 저에겐 안 맞네요. 세정은 잘 되는지 모르겠어요. 추가 구성품도 없고 비싸요.,기능/효과,저에겐 안 맞네요.,-1,[속성] 기능/효과 [문장] 저에겐 안 맞네요.,1,기능/효과,unchanged
test,train,[속성] 가격 [문장] 저렴하게 구입했네요.,597663,쇼핑몰,스킨케어,OO 카** 선스틱 22g 1개,동생이 선물로 샀었는데 작은 사이즈를 비싸게 샀었네요. 발림성이 좋은데 용량이 작아서 빨리 써서 이번에는 큰 사이즈로 저렴하게 구입했네요.,가격,저렴하게 구입했네요.,1,[속성] 가격 [문장] 저렴하게 구입했네요.,0,가격,unchanged
test,train,[속성] 가격 [문장] 가격도 저렴하게,599842,쇼핑몰,스킨케어,OO 더** 스킨 선로션 200ml 1개,"가볍게 사용하기 좋은 제품이고, 가격도 저렴하게 구매하여 좋습니다. 끈적임 많지 않고, 향도 진하지 않지만, 선호하는 향은 아니에요. 온 가족이 함께 쓰기 좋은 듯합니다.",가격,가격도 저렴하게,1,[속성] 가격 [문장] 가격도 저렴하게,0,가격,unchanged
test,train,[속성] 향 [문장] 향은 은은하고,586911,쇼핑몰,스킨케어,OO 멘** 포밍워시 200ml 2개,향은 은은하고 거품도 풍성하고 세정력도 좋습니다. 보습력은 다른 제품들과 비슷합니다. 여드름때문에 구입 했는데 좋아지진 않았어요. 양이 적은건지 너무 금방 쓰네요. 효과가 미미해 개인적으로 또 구입은 안할 것 같습니다.,향,향은 은은하고,1,[속성] 향 [문장] 향은 은은하고,0,향,unchanged
test,train,[속성] 보습력/수분감 [문장] 촉촉해요,582206,쇼핑몰,스킨케어,OO 순** 클렌징오일 200ml 1개,샘플 써보고 만족해서 본품 구매했습니다. 세정력이 우수하고 세안 후 얼굴이 당기지 않고 촉촉해요. 꾸준히 사용하니 각질도 많이 가라앉고 피부가 전반적으로 매끈해졌습니다. 성분이 순하지만 세정력은 우수합니다.,보습력/수분감,촉촉해요,1,[속성] 보습력/수분감 [문장] 촉촉해요,0,보습력/수분감,unchanged
test,train,[속성] 자극성 [문장] 자극 없이,587685,쇼핑몰,스킨케어,OO 시** 오일 280ml 1개,다른 제품 안 쓰고 이것만 쓴 지 몇 년 됐습니다. 얼굴에 잘 펴바르고 부드럽게 문지르면 자극 없이 피부에 스며들어 촉촉해져요. 닦아내면 피부가 부드러워지고 세정도 말끔하게 잘 됩니다.,자극성,자극 없이,1,[속성] 자극성 [문장] 자극 없이,0,자극성,unchanged
test,train,[속성] 흡수력 [문장] 피부에 스며들어,587685,쇼핑몰,스킨케어,OO 시** 오일 280ml 1개,다른 제품 안 쓰고 이것만 쓴 지 몇 년 됐습니다. 얼굴에 잘 펴바르고 부드럽게 문지르면 자극 없이 피부에 스며들어 촉촉해져요. 닦아내면 피부가 부드러워지고 세정도 말끔하게 잘 됩니다.,흡수력,피부에 스며들어,1,[속성] 흡수력 [문장] 피부에 스며들어,0,흡수력,unchanged
test,train,[속성] 보습력/수분감 [문장] 촉촉해져요.,587685,쇼핑몰,스킨케어,OO 시** 오일 280ml 1개,다른 제품 안 쓰고 이것만 쓴 지 몇 년 됐습니다. 얼굴에 잘 펴바르고 부드럽게 문지르면 자극 없이 피부에 스며들어 촉촉해져요. 닦아내면 피부가 부드러워지고 세정도 말끔하게 잘 됩니다.,보습력/수분감,촉촉해져요.,1,[속성] 보습력/수분감 [문장] 촉촉해져요.,0,보습력/수분감,unchanged
test,train,[속성] 윤기/피부(톤) [문장] 피부가 부드러워지고,587685,쇼핑몰,스킨케어,OO 시** 오일 280ml 1개,다른 제품 안 쓰고 이것만 쓴 지 몇 년 됐습니다. 얼굴에 잘 펴바르고 부드럽게 문지르면 자극 없이 피부에 스며들어 촉촉해져요. 닦아내면 피부가 부드러워지고 세정도 말끔하게 잘 됩니다.,윤기/피부(톤),피부가 부드러워지고,1,[속성] 윤기/피부(톤) [문장] 피부가 부드러워지고,0,윤기/피부(톤),unchanged
test,validation,[속성] 기능/효과 [문장] 깔끔하게 씻기고,587245,쇼핑몰,스킨케어,OO 멘** 포밍워시 200ml 2개,얼굴에 뾰루지 났을 때 효과가 좋습니다. 꼼꼼히 마사지하고 헹궈내면 깔끔하게 씻기고 진정효과가 있어요. 뽀드득 소리가 날 정도로 닦여서 수분은 좀 부족한 편이에요. 건성피부인 분들께는 너무 건조할 것 같네요.,기능/효과,깔끔하게 씻기고,1,[속성] 기능/효과 [문장] 깔끔하게 씻기고,0,기능/효과,unchanged
test,train,[속성] 향 [문장] 향이 별로지만,596633,쇼핑몰,스킨케어,OO 브라이트닝 업 선 플러스 50ml 1개,가격이 저렴해서 궁금했는데 향이 별로지만 눈도 따갑지 않고 번들거림도 없어요. 얼굴빛도 환해보이고 좋습니다.,향,향이 별로지만,-1,[속성] 향 [문장] 향이 별로지만,1,향,unchanged
test,train,[속성] 용량/개수 [문장] 양도 많은 편이고,589660,쇼핑몰,스킨케어,OO 딥 클린 클렌저 175g 1개,뽀득 잘 씻겨지고 건조하지 않아서 좋습니다. 양도 많은 편이고 세정력도 좋은 편이라 효과를 기대하며 꾸준히 사용하겠습니다. 저렴한 폼클렌징을 찾고 있으면 추천합니다. 저렴하게 할인 할 때 잘 산 것 같습니다.,용량/개수,양도 많은 편이고,1,[속성] 용량/개수 [문장] 양도 많은 편이고,0,용량,merged_duplicate_label
test,train,[속성] 기능/효과 [문장] 효과를 기대하며,589660,쇼핑몰,스킨케어,OO 딥 클린 클렌저 175g 1개,뽀득 잘 씻겨지고 건조하지 않아서 좋습니다. 양도 많은 편이고 세정력도 좋은 편이라 효과를 기대하며 꾸준히 사용하겠습니다. 저렴한 폼클렌징을 찾고 있으면 추천합니다. 저렴하게 할인 할 때 잘 산 것 같습니다.,기능/효과,효과를 기대하며,0,[속성] 기능/효과 [문장] 효과를 기대하며,2,기능/효과,unchanged
test,train,[속성] 가격 [문장] 여기가 제일 저렴해서,586937,쇼핑몰,스킨케어,OO 멘** 포밍워시 200ml 2개,"여기가 제일 저렴해서 정기적으로 구매하고 있습니다. 자주 품절되서 아쉬움이 있어요. 품절되지 않게 자주 구비해 주셨으면 좋을 듯합니다. 여드름 피부에 사용시 염증이 가라앉고, 화끈거림을 줄여줘서 좋아요. 일년 이상 꾸준히 사용해오고 있는 제품이에요. OOO 보다도 저렴하게 구입할 수 있어 자주 이용하고 있어요. 향은 별로에요.",가격,여기가 제일 저렴해서,1,[속성] 가격 [문장] 여기가 제일 저렴해서,0,가격,unchanged
test,train,[속성] 향 [문장] 향은 별로에요.,586937,쇼핑몰,스킨케어,OO 멘** 포밍워시 200ml 2개,"여기가 제일 저렴해서 정기적으로 구매하고 있습니다. 자주 품절되서 아쉬움이 있어요. 품절되지 않게 자주 구비해 주셨으면 좋을 듯합니다. 여드름 피부에 사용시 염증이 가라앉고, 화끈거림을 줄여줘서 좋아요. 일년 이상 꾸준히 사용해오고 있는 제품이에요. OOO 보다도 저렴하게 구입할 수 있어 자주 이용하고 있어요. 향은 별로에요.",향,향은 별로에요.,-1,[속성] 향 [문장] 향은 별로에요.,1,향,unchanged
test,train,[속성] 기능/효과 [문장] 세정력이 좋고,583063,쇼핑몰,스킨케어,OO 마** 퓨어 클렌징오일 200ml 1개,매번 구매합니다. 세정력이 좋고 자극도 적어서 매일 사용 합니다. 모든 피부타입에 상관없이 잘 맞습니다. 다만 가격이 조금 더 저렴하면 좋겠습니다.,기능/효과,세정력이 좋고,1,[속성] 기능/효과 [문장] 세정력이 좋고,0,기능/효과,unchanged
test,validation,[속성] 가격 [문장] 가격이 조금 더 저렴하면 좋겠습니다.,583063,쇼핑몰,스킨케어,OO 마** 퓨어 클렌징오일 200ml 1개,매번 구매합니다. 세정력이 좋고 자극도 적어서 매일 사용 합니다. 모든 피부타입에 상관없이 잘 맞습니다. 다만 가격이 조금 더 저렴하면 좋겠습니다.,가격,가격이 조금 더 저렴하면 좋겠습니다.,-1,[속성] 가격 [문장] 가격이 조금 더 저렴하면 좋겠습니다.,1,가격,unchanged
test,train,[속성] 가격 [문장] 가성비도 좋습니다.,599702,쇼핑몰,스킨케어,OO 더** 스킨 선로션 200ml 1개,"악건성이라 가을, 겨울 고보습로션을 사용합니다. 고보습인 제품입니다. 여름철엔 바르기 힘들 듯 해요. 향은 거의 무향이라 향 좋아하시는분들은 추천하지 않습니다. ㅇㅇㅇ제품은 가성비도 좋습니다.",가격,가성비도 좋습니다.,1,[속성] 가격 [문장] 가성비도 좋습니다.,0,가격,unchanged
test,validation,[속성] 흡수력 [문장] 끈적임 전혀 없네요.,594731,쇼핑몰,스킨케어,OO 카** 더블쉴드 선스틱 22g 1개,저렴하게 구매한 신상 선스틱입니다. 끈적임 전혀 없네요. 사용감 가볍고 좋아요. 가볍게 발리고 백탁 없는 투명색이에요. 선스틱 많이 써봤는데 좋아요. 다른 거 할인도 많이 하던데 선뜻 못 사겠네요. 이게 너무 좋아서요.,흡수력,끈적임 전혀 없네요.,1,[속성] 흡수력 [문장] 끈적임 전혀 없네요.,0,흡수력,unchanged
test,train,[속성] 발림성 [문장] 가볍게 발리고,594731,쇼핑몰,스킨케어,OO 카** 더블쉴드 선스틱 22g 1개,저렴하게 구매한 신상 선스틱입니다. 끈적임 전혀 없네요. 사용감 가볍고 좋아요. 가볍게 발리고 백탁 없는 투명색이에요. 선스틱 많이 써봤는데 좋아요. 다른 거 할인도 많이 하던데 선뜻 못 사겠네요. 이게 너무 좋아서요.,발림성,가볍게 발리고,1,[속성] 발림성 [문장] 가볍게 발리고,0,발림성,unchanged
test,train,[속성] 흡수력 [문장] 끈적거리지 않고,594113,쇼핑몰,스킨케어,OO 카** 더블쉴드 선스틱 22g 1개,"끈적거리지 않고 바르기도 편해서 바디용으로 사용하기 좋아요. 휠을 돌리는 게 편하지는 않은데, 사용하다보면 익숙해서 크게 불편한 점은 없어요. 휴대하기도 좋고 덧바르기에도 간편해서 좋네요.향은 별로네요.",흡수력,끈적거리지 않고,1,[속성] 흡수력 [문장] 끈적거리지 않고,0,흡수력,unchanged
test,train,[속성] 편의성/활용성 [문장] 바르기도 편해서,594113,쇼핑몰,스킨케어,OO 카** 더블쉴드 선스틱 22g 1개,"끈적거리지 않고 바르기도 편해서 바디용으로 사용하기 좋아요. 휠을 돌리는 게 편하지는 않은데, 사용하다보면 익숙해서 크게 불편한 점은 없어요. 휴대하기도 좋고 덧바르기에도 간편해서 좋네요.향은 별로네요.",편의성/활용성,바르기도 편해서,1,[속성] 편의성/활용성 [문장] 바르기도 편해서,0,편의성/활용성,unchanged
test,train,[속성] 편의성/활용성 [문장] 휴대하기도 좋고,594113,쇼핑몰,스킨케어,OO 카** 더블쉴드 선스틱 22g 1개,"끈적거리지 않고 바르기도 편해서 바디용으로 사용하기 좋아요. 휠을 돌리는 게 편하지는 않은데, 사용하다보면 익숙해서 크게 불편한 점은 없어요. 휴대하기도 좋고 덧바르기에도 간편해서 좋네요.향은 별로네요.",편의성/활용성,휴대하기도 좋고,1,[속성] 편의성/활용성 [문장] 휴대하기도 좋고,0,편의성/활용성,unchanged
test,train,[속성] 향 [문장] 향은 별로네요.,594113,쇼핑몰,스킨케어,OO 카** 더블쉴드 선스틱 22g 1개,"끈적거리지 않고 바르기도 편해서 바디용으로 사용하기 좋아요. 휠을 돌리는 게 편하지는 않은데, 사용하다보면 익숙해서 크게 불편한 점은 없어요. 휴대하기도 좋고 덧바르기에도 간편해서 좋네요.향은 별로네요.",향,향은 별로네요.,-1,[속성] 향 [문장] 향은 별로네요.,1,향,unchanged
test,train,[속성] 향 [문장] 향이 좋아서,587290,쇼핑몰,스킨케어,OO 멘** 포밍워시 200ml 2개,전에 쓰던 여드름피부용 폼클렌저보다 향이 좋아서 갈아탔어요. 제형이 부드럽고 순하고 향도 거부감 없어 좋습니다. 가성비도 이게 더 뛰어난 듯해요.,향,향이 좋아서,1,[속성] 향 [문장] 향이 좋아서,0,향,unchanged
test,train,[속성] 흡수력 [문장] 산뜻합니다.,600672,쇼핑몰,스킨케어,OO 선** 선크림 55ml 1개,백탁현상이 없는게 가장 좋습니다. 뷰라벨 선정 이후 이 제품이 믿음이 가서 이것만 써요. 가격에 비해 품질 아주 좋습니다. 화장 전 발라도 빨리 스며들고 촉촉하고 산뜻합니다.,흡수력,산뜻합니다.,1,[속성] 흡수력 [문장] 산뜻합니다.,0,흡수력,unchanged
test,train,[속성] 가격 [문장] 돈이 아까워요,598325,쇼핑몰,스킨케어,OO 카** 선스틱 22g 1개,사용해보니 제형이 미끄덩거리고 예민한 제피부에는 안 맞아요 트러블만 많이 생겼어요 돈이 아까워요,가격,돈이 아까워요,-1,[속성] 가격 [문장] 돈이 아까워요,1,가격,unchanged
test,validation,[속성] 흡수력 [문장] 번들거림도 적고,600476,쇼핑몰,스킨케어,OO 밀** 상백 크림 50ml 1개,두번째 구매하는데요. 자외선차단제로 물론이고 가볍게 외출할때 화장하기 번거로울때 간편하게 바르고 나가기 좋아요. 번들거림도 적고 저는 아주 만족하지만 샘플이 적게 와서 아쉬워요,흡수력,번들거림도 적고,1,[속성] 흡수력 [문장] 번들거림도 적고,0,흡수력,unchanged
test,train,[속성] 기능/효과 [문장] 거품도 풍부해서,586152,쇼핑몰,스킨케어,OO 시** 퍼펙트 휩 150ml 4개,향도 좋고 거품도 풍부해서 잘 세정 되니 좋습니다. 보습력도 뛰어나고 피부가 촉촉합니다. 이 제품 잘 샀어요.,기능/효과,거품도 풍부해서,1,[속성] 기능/효과 [문장] 거품도 풍부해서,0,기능/효과,unchanged
test,train,[속성] 보습력/수분감 [문장] 보습력도 뛰어나고,586152,쇼핑몰,스킨케어,OO 시** 퍼펙트 휩 150ml 4개,향도 좋고 거품도 풍부해서 잘 세정 되니 좋습니다. 보습력도 뛰어나고 피부가 촉촉합니다. 이 제품 잘 샀어요.,보습력/수분감,보습력도 뛰어나고,1,[속성] 보습력/수분감 [문장] 보습력도 뛰어나고,0,보습력/수분감,unchanged
test,train,[속성] 보습력/수분감 [문장] 피부가 촉촉합니다,586152,쇼핑몰,스킨케어,OO 시** 퍼펙트 휩 150ml 4개,향도 좋고 거품도 풍부해서 잘 세정 되니 좋습니다. 보습력도 뛰어나고 피부가 촉촉합니다. 이 제품 잘 샀어요.,보습력/수분감,피부가 촉촉합니다,1,[속성] 보습력/수분감 [문장] 피부가 촉촉합니다,0,보습력/수분감,unchanged
test,train,[속성] 자극성 [문장] 자극적이지 않아서,587052,쇼핑몰,스킨케어,OO 멘** 포밍워시 200ml 2개,몇 년째 데일리용 세정제로 사용중이에요. 이 제품 쓴다고 여드름이 안 생기는 건 아니지만 자극적이지 않아서 매일 사용합니다. 촉촉하지도 않지만 아주 건조하지도 않아서 괜찮네요.,자극성,자극적이지 않아서,1,[속성] 자극성 [문장] 자극적이지 않아서,0,자극성,unchanged
test,train,[속성] 흡수력 [문장] 백탁 현상도 없고,593398,쇼핑몰,스킨케어,OO 그** 선 플러스 50ml 1개,잘 발려서 바르기 좋습니다. 백탁 현상도 없고 향은 별로지만 순한 것 같습니다. 무기자차 성분이라 눈가에 발라도 눈 시림도 없어요. 용량이 작아서 아쉽지만 추천해요.,흡수력,백탁 현상도 없고,1,[속성] 흡수력 [문장] 백탁 현상도 없고,0,흡수력,unchanged
test,train,[속성] 자극성 [문장] 순한 것 같습니다.,593398,쇼핑몰,스킨케어,OO 그** 선 플러스 50ml 1개,잘 발려서 바르기 좋습니다. 백탁 현상도 없고 향은 별로지만 순한 것 같습니다. 무기자차 성분이라 눈가에 발라도 눈 시림도 없어요. 용량이 작아서 아쉽지만 추천해요.,자극성,순한 것 같습니다.,1,[속성] 자극성 [문장] 순한 것 같습니다.,0,자극성,unchanged
test,train,[속성] 성분 [문장] 무기자차 성분이라,593398,쇼핑몰,스킨케어,OO 그** 선 플러스 50ml 1개,잘 발려서 바르기 좋습니다. 백탁 현상도 없고 향은 별로지만 순한 것 같습니다. 무기자차 성분이라 눈가에 발라도 눈 시림도 없어요. 용량이 작아서 아쉽지만 추천해요.,성분,무기자차 성분이라,1,[속성] 성분 [문장] 무기자차 성분이라,0,성분,unchanged
test,validation,[속성] 흡수력 [문장] 백탁현상은 없네요,593976,쇼핑몰,스킨케어,OO 카** 더블쉴드 선스틱 22g 1개,은은한 레몬향도 좋고 향이 금방 날아가서 좋습니다. 발림성이 부드럽지는 않지만 번들거리지 않아서 좋네요. 백탁현상은 없네요 용기 윗부분이 길쭉하게 생겨서 바르기가 편합니다.,흡수력,백탁현상은 없네요,1,[속성] 흡수력 [문장] 백탁현상은 없네요,0,흡수력,unchanged
test,train,[속성] 흡수력 [문장] 번들거리지 않아서 좋네요.,593976,쇼핑몰,스킨케어,OO 카** 더블쉴드 선스틱 22g 1개,은은한 레몬향도 좋고 향이 금방 날아가서 좋습니다. 발림성이 부드럽지는 않지만 번들거리지 않아서 좋네요. 백탁현상은 없네요 용기 윗부분이 길쭉하게 생겨서 바르기가 편합니다.,흡수력,번들거리지 않아서 좋네요.,1,[속성] 흡수력 [문장] 번들거리지 않아서 좋네요.,0,흡수력,unchanged
test,train,[속성] 향 [문장] 냄새도 괜찮고,598186,쇼핑몰,스킨케어,OO 카** 선스틱 22g 1개,이 제품군중 OOO가 덜 끈적이다해서 선물할것까지 4개 주문했네요. 지성에겐 한 여름에 바르긴 조금 유분기있고 끈적임 있을거 같네요. 전 복합성인데 바른후 두드려서 흡수해주면 마무리감은 뽀송하네요. 피부에 맞는지는 좀더 써봐야 알겠지만 냄새도 괜찮고 만족하네요.,향,냄새도 괜찮고,1,[속성] 향 [문장] 냄새도 괜찮고,0,향,unchanged
test,train,[속성] 발림성 [문장] 발림성좋고,599214,쇼핑몰,스킨케어,OO 멀티 선크림 70ml 1개,매번 쓰는거라 여름마다 구매해요. 발림성좋고 백탁현상도 없고 좋네요.향은 별로네요.,발림성,발림성좋고,1,[속성] 발림성 [문장] 발림성좋고,0,발림성,unchanged
test,train,[속성] 향 [문장] 향은 무향이고,587687,쇼핑몰,스킨케어,OO 시** 오일 280ml 1개,오랫동안 사용하고 있습니다. 건성 피부라 다른 제품보다 사용 후 느낌이 피부가 보호되는 느낌입니다. 향은 무향이고 가격은 저렴한 편은 아닌 것 같습니다.,향,향은 무향이고,0,[속성] 향 [문장] 향은 무향이고,2,향,unchanged
test,train,[속성] 흡수력 [문장] 끈적임 없습니다.,598034,쇼핑몰,스킨케어,OO 카** 선스틱 22g 1개,"물에 잘 지워지지 않는 제품 찾다 샀는데, 발림성 좋고 끈적임 없습니다. 다른 제품에 비해 잘 지워지진 않지만 확실히는 모르겠습니다.",흡수력,끈적임 없습니다.,1,[속성] 흡수력 [문장] 끈적임 없습니다.,0,흡수력,unchanged
test,train,[속성] 밀착력/접착력 [문장] 묻어나지 않아서 좋습니다.,597563,쇼핑몰,스킨케어,OO 카** 선스틱 22g 1개,오일리하지 않아서 좋습니다. 얼굴에 발라도 흡수가 빨라서 답답하지 않고 몸에 발라도 묻어나지 않아서 좋습니다. 향은 조금 있지만 거슬리지 않네요. 백탁 현상도 전혀 없어요. 다만 용량이 작아서 아쉽네요.,밀착력/접착력,묻어나지 않아서 좋습니다.,1,[속성] 밀착력/접착력 [문장] 묻어나지 않아서 좋습니다.,0,밀착력/접착력,unchanged
test,train,[속성] 흡수력 [문장] 백탁 현상도 전혀 없어요.,597563,쇼핑몰,스킨케어,OO 카** 선스틱 22g 1개,오일리하지 않아서 좋습니다. 얼굴에 발라도 흡수가 빨라서 답답하지 않고 몸에 발라도 묻어나지 않아서 좋습니다. 향은 조금 있지만 거슬리지 않네요. 백탁 현상도 전혀 없어요. 다만 용량이 작아서 아쉽네요.,흡수력,백탁 현상도 전혀 없어요.,1,[속성] 흡수력 [문장] 백탁 현상도 전혀 없어요.,0,흡수력,unchanged
test,train,[속성] 용량/개수 [문장] 용량이 작아서 아쉽네요.,597563,쇼핑몰,스킨케어,OO 카** 선스틱 22g 1개,오일리하지 않아서 좋습니다. 얼굴에 발라도 흡수가 빨라서 답답하지 않고 몸에 발라도 묻어나지 않아서 좋습니다. 향은 조금 있지만 거슬리지 않네요. 백탁 현상도 전혀 없어요. 다만 용량이 작아서 아쉽네요.,용량/개수,용량이 작아서 아쉽네요.,-1,[속성] 용량/개수 [문장] 용량이 작아서 아쉽네요.,1,용량,merged_duplicate_label
test,train,[속성] 흡수력 [문장] 보송하고,597497,쇼핑몰,스킨케어,OO 메** UV 울트라 선 50ml 1개,이것만 벌써 3통째 사용하고 있습니다. 향은 별로지만 백탁도 적당하고 트러블도 안 나서 좋아요. 보송하고 흡수가 빨라서 화장도 잘 먹네요.,흡수력,보송하고,1,[속성] 흡수력 [문장] 보송하고,0,흡수력,unchanged
test,train,[속성] 향 [문장] 향이 산뜻하고,589500,쇼핑몰,스킨케어,OO 딥 클린 클렌저 175g 1개,수분감 느껴지고 트러블에 좋은 클렌저라 매일 써도 부담이 없네요. 촉촉한 제형으로 향이 산뜻하고 거품이 잘 나와서 산뜻하게 마무리 되는 사용감이 좋아요.,향,향이 산뜻하고,1,[속성] 향 [문장] 향이 산뜻하고,0,향,unchanged
test,validation,[속성] 기능/효과 [문장] 거품이 잘 나와서,589500,쇼핑몰,스킨케어,OO 딥 클린 클렌저 175g 1개,수분감 느껴지고 트러블에 좋은 클렌저라 매일 써도 부담이 없네요. 촉촉한 제형으로 향이 산뜻하고 거품이 잘 나와서 산뜻하게 마무리 되는 사용감이 좋아요.,기능/효과,거품이 잘 나와서,1,[속성] 기능/효과 [문장] 거품이 잘 나와서,0,기능/효과,unchanged
test,validation,[속성] 제형 [문장] 제형이 쫀쫀하고,592468,쇼핑몰,스킨케어,OO 시** 클렌징폼 120g 1개,늘 사용하는 제품인데요. 저렴한 가격에 효과는 최고예요. 적은 양으로도 거품 풍성하게 나고 제형이 쫀쫀하고 세안후 건조하지도 않고 좋습니다. 샘플이 별로 없어서 아쉬워요.,제형,제형이 쫀쫀하고,1,[속성] 제형 [문장] 제형이 쫀쫀하고,0,제형,unchanged
test,train,[속성] 편의성/활용성 [문장] 바르기 편해요.,594519,쇼핑몰,스킨케어,OO 카** 더블쉴드 선스틱 22g 1개,운동할 때 쓰려고 구매했어요. 운동할 때 크림 타입은 손이 미끌미끌해서 불편해서 스틱형으로 주문했는데 양이 작아서 아쉽지만 바르기 편해요. 유효기간도 많이 남아서 충분히 사용할 것 같아요.,편의성/활용성,바르기 편해요.,1,[속성] 편의성/활용성 [문장] 바르기 편해요.,0,편의성/활용성,unchanged
test,train,[속성] 편의성/활용성 [문장] 바르기 편하고,598003,쇼핑몰,스킨케어,OO 카** 선스틱 22g 1개,바르기 편하고 끈적임이 없어서 좋습니다. 좋은가격으로 잘 구입했습니다. 지속도 좋고 덧발라도 괜찮습니다. 팔 다리용으로 사용하기 좋습니다.,편의성/활용성,바르기 편하고,1,[속성] 편의성/활용성 [문장] 바르기 편하고,0,편의성/활용성,unchanged
test,train,[속성] 흡수력 [문장] 끈적임이 없어서 좋습니다.,598003,쇼핑몰,스킨케어,OO 카** 선스틱 22g 1개,바르기 편하고 끈적임이 없어서 좋습니다. 좋은가격으로 잘 구입했습니다. 지속도 좋고 덧발라도 괜찮습니다. 팔 다리용으로 사용하기 좋습니다.,흡수력,끈적임이 없어서 좋습니다.,1,[속성] 흡수력 [문장] 끈적임이 없어서 좋습니다.,0,흡수력,unchanged
test,train,[속성] 가격 [문장] 가성비 최고의 상품입니다.,594757,쇼핑몰,스킨케어,OO 카** 더블쉴드 선스틱 22g 1개,양이 작아서 아쉽지만 가성비 최고의 상품입니다. 휴대하면서 수시로 사용하기 편해요. 끈적임이 없어 괜찮은 것 같습니다.,가격,가성비 최고의 상품입니다.,1,[속성] 가격 [문장] 가성비 최고의 상품입니다.,0,가격,unchanged
test,train,[속성] 흡수력 [문장] 흡수력이 좋아서,600273,쇼핑몰,스킨케어,OO 밀** 상백 크림 50ml 1개,"피부가 민감해서 트러블이 생기기 쉬운 피부라 조심스러운데 이 제품은 자극없고, 발림성 좋고, 흡수력이 좋아서 오랫동안 이것만 사용하고 있습니다. 가격만 좀 더저렴하면 좋을 것 같아요. 그거 빼고는 다 좋네요.",흡수력,흡수력이 좋아서,1,[속성] 흡수력 [문장] 흡수력이 좋아서,0,흡수력,unchanged
test,train,[속성] 향 [문장] 향기도 좋습니다,595428,쇼핑몰,스킨케어,OO 선 메이트 70ml 1개,자외선 차단이 잘돼 얼굴은 잘 발라서 하나도 안탔는데 안바른 손등은 다 탔어요. 백탁 없고요 금방 스며들어요 끈적거리지 않고 건조함이 없네요. 향기도 좋습니다 자외선 차단 제대로 해줍니다 가격대는 좀 아쉽네요,향,향기도 좋습니다,1,[속성] 향 [문장] 향기도 좋습니다,0,향,unchanged
test,train,[속성] 피부타입 [문장] 민감성 피부에도 좋고,589563,쇼핑몰,스킨케어,OO 딥 클린 클렌저 175g 1개,OOO 폼클렌징은 떨어지지 않게 구매하는 제품이에요. 여드름 피부에도 자극이 없어서 좋고 민감성 피부에도 좋고 트러블이 안 생겨 만족합니다. 할인해서 샀는데 증정품까지 주셔서 기분이 좋습니다.,피부타입,민감성 피부에도 좋고,1,[속성] 피부타입 [문장] 민감성 피부에도 좋고,0,피부타입,unchanged
test,validation,[속성] 기능/효과 [문장] 자외선 차단 효과도 기대해 봅니다.,595390,쇼핑몰,스킨케어,OO 선 메이트 70ml 1개,더운 여름엔 썬크림이 끈적끈적한게 싫어서 어떤게 좋을지 고민하다 지인이 쓰는걸 써보고 좋아서 구매했어요. 용량은 적지만 발림도 좋고 끈적이지 않고 좋습니다. 자외선 차단 효과도 기대해 봅니다.,기능/효과,자외선 차단 효과도 기대해 봅니다.,0,[속성] 기능/효과 [문장] 자외선 차단 효과도 기대해 봅니다.,2,기능/효과,unchanged
test,train,[속성] 향 [문장] 무향이고,583192,쇼핑몰,스킨케어,OO 마** 퓨어 클렌징오일 200ml 1개,부드럽게 롤링되어 메이크업이 잘지워지네요. 2번 펌핑하면 싹 지워져서 오래 쓸 것 같아요. 무향이고 바른뒤 문지르고 물 살짝 손에 묻혀 문지르고 물세안후 2차 세안 하면 깔끔하게 지워지네요.,향,무향이고,0,[속성] 향 [문장] 무향이고,2,향,unchanged
test,train,[속성] 제형 [문장] 제형이 부드럽습니다.,585685,쇼핑몰,스킨케어,OO 클** 클렌징젤 400ml 1개,촉촉하고 제형이 부드럽습니다. 그런데 냄새가 남성용 스킨 같아요. 요즘은 남자들도 이런 향 안 쓸 것 같은데 아빠 세대의 스킨향 같네요. 향이 너무 독해요. 향을 알았으면 안 샀을 텐데요. 샀으니 써야지 어쩌겠어요.,제형,제형이 부드럽습니다.,1,[속성] 제형 [문장] 제형이 부드럽습니다.,0,제형,unchanged
test,train,[속성] 편의성/활용성 [문장] 바르기 편합니다.,598488,쇼핑몰,스킨케어,OO 카** 선스틱 22g 1개,튜브타입만 쓰다가 편할 거 같아서 샀는데 바르기 편합니다. 다만 얼굴에 바르고 다음날부터 피부 트러블이 생겨서 안 쓰고 있어요. 얼굴에 자극이 있어 몸에만 발라야 될 것 같아요.,편의성/활용성,바르기 편합니다.,1,[속성] 편의성/활용성 [문장] 바르기 편합니다.,0,편의성/활용성,unchanged
test,train,"[속성] 향 [문장] 향은 좀 아쉽고,",589676,쇼핑몰,스킨케어,OO 딥 클린 클렌저 175g 1개,"여드름이 수시로 나서 사용하는 제품입니다. 지금까지 사용해 본 클렌징 제품 중에서 가장 좋다고 합니다. 사용 후 깔끔한 느낌과 놀라울 만큼 맑은 피부가 된 듯합니다. 물론 식생활 개선과 함께한 효과인 듯합니다. 향은 좀 아쉽고, 건성피부에는 추천하지 않습니다.",향,"향은 좀 아쉽고,",-1,"[속성] 향 [문장] 향은 좀 아쉽고,",1,향,unchanged
test,train,[속성] 기능/효과 [문장] 저한테는 안맞아요.,582723,쇼핑몰,스킨케어,OO 마** 퓨어 클렌징오일 200ml 1개,저한테는 안맞아요. 향이나 발림성은 괜찮은데 얼굴에 뭐가 납니다. 자극적인 성분이 들었나봐요. 순하게 잘 제거되면 좋겠는데 아쉽네요.,기능/효과,저한테는 안맞아요.,-1,[속성] 기능/효과 [문장] 저한테는 안맞아요.,1,기능/효과,unchanged
test,train,[속성] 발림성 [문장] 발림성은 괜찮은데,582723,쇼핑몰,스킨케어,OO 마** 퓨어 클렌징오일 200ml 1개,저한테는 안맞아요. 향이나 발림성은 괜찮은데 얼굴에 뭐가 납니다. 자극적인 성분이 들었나봐요. 순하게 잘 제거되면 좋겠는데 아쉽네요.,발림성,발림성은 괜찮은데,1,[속성] 발림성 [문장] 발림성은 괜찮은데,0,발림성,unchanged
test,train,[속성] 기능/효과 [문장] 거품도 풍부하고,586208,쇼핑몰,스킨케어,OO 시** 퍼펙트 휩 150ml 4개,거품도 풍부하고 세정력이 좋습니다. 잘 씻겨나가서 피부가 뽀득해서 좋습니다. 효과 기대해보겠습니다.,기능/효과,거품도 풍부하고,1,[속성] 기능/효과 [문장] 거품도 풍부하고,0,기능/효과,unchanged
test,train,[속성] 기능/효과 [문장] 효과 기대해보겠습니다.,586208,쇼핑몰,스킨케어,OO 시** 퍼펙트 휩 150ml 4개,거품도 풍부하고 세정력이 좋습니다. 잘 씻겨나가서 피부가 뽀득해서 좋습니다. 효과 기대해보겠습니다.,기능/효과,효과 기대해보겠습니다.,0,[속성] 기능/효과 [문장] 효과 기대해보겠습니다.,2,기능/효과,unchanged
test,train,[속성] 흡수력 [문장] 끈적임도 없고,597876,쇼핑몰,스킨케어,OO 카** 선스틱 22g 1개,낱개로 구입 해봤는데 향이 정말 좋습니다. 피부톤이 밝아져요. 광이 나는지 반짝거리네요. 끈적임도 없고 피부가 부드럽네요. 아주 맘에 들어요.,흡수력,끈적임도 없고,1,[속성] 흡수력 [문장] 끈적임도 없고,0,흡수력,unchanged
test,train,[속성] 윤기/피부(톤) [문장] 피부가 부드럽네요,597876,쇼핑몰,스킨케어,OO 카** 선스틱 22g 1개,낱개로 구입 해봤는데 향이 정말 좋습니다. 피부톤이 밝아져요. 광이 나는지 반짝거리네요. 끈적임도 없고 피부가 부드럽네요. 아주 맘에 들어요.,윤기/피부(톤),피부가 부드럽네요,1,[속성] 윤기/피부(톤) [문장] 피부가 부드럽네요,0,윤기/피부(톤),unchanged
test,train,[속성] 가격 [문장] 가격이 저렴해서 좋습니다.,596960,쇼핑몰,스킨케어,OO 센** 선스틱 22g 1개,평이 좋아서 구매했습니다. 사용하고 더 주문하려 추가 구매했습니다. 다른 곳에 비해 가격이 저렴해서 좋습니다. 얼굴에 바르면 쿨감이 느껴서 좋고 햇볕 있다가 바르니까 시원해져서 좋습니다. 향도 없고 용량이 작아서 금방 사용해서 재주문 할겁니다.,가격,가격이 저렴해서 좋습니다.,1,[속성] 가격 [문장] 가격이 저렴해서 좋습니다.,0,가격,unchanged
test,train,[속성] 향 [문장] 향도 없고,596960,쇼핑몰,스킨케어,OO 센** 선스틱 22g 1개,평이 좋아서 구매했습니다. 사용하고 더 주문하려 추가 구매했습니다. 다른 곳에 비해 가격이 저렴해서 좋습니다. 얼굴에 바르면 쿨감이 느껴서 좋고 햇볕 있다가 바르니까 시원해져서 좋습니다. 향도 없고 용량이 작아서 금방 사용해서 재주문 할겁니다.,향,향도 없고,0,[속성] 향 [문장] 향도 없고,2,향,unchanged
test,train,[속성] 용량/개수 [문장] 용량이 작아서,596960,쇼핑몰,스킨케어,OO 센** 선스틱 22g 1개,평이 좋아서 구매했습니다. 사용하고 더 주문하려 추가 구매했습니다. 다른 곳에 비해 가격이 저렴해서 좋습니다. 얼굴에 바르면 쿨감이 느껴서 좋고 햇볕 있다가 바르니까 시원해져서 좋습니다. 향도 없고 용량이 작아서 금방 사용해서 재주문 할겁니다.,용량/개수,용량이 작아서,-1,[속성] 용량/개수 [문장] 용량이 작아서,1,용량,merged_duplicate_label
test,train,[속성] 향 [문장] 향도 은은하니 좋고,597571,쇼핑몰,스킨케어,OO 카** 선스틱 22g 1개,발림성도 좋고 향도 은은하니 좋고 사용하기도 편합니다. 야외 활동시 자외선 차단 효과를 기대하며 아이들도 발라주고 있습니다.,향,향도 은은하니 좋고,1,[속성] 향 [문장] 향도 은은하니 좋고,0,향,unchanged
test,train,[속성] 편의성/활용성 [문장] 사용하기도 편합니다.,597571,쇼핑몰,스킨케어,OO 카** 선스틱 22g 1개,발림성도 좋고 향도 은은하니 좋고 사용하기도 편합니다. 야외 활동시 자외선 차단 효과를 기대하며 아이들도 발라주고 있습니다.,편의성/활용성,사용하기도 편합니다.,1,[속성] 편의성/활용성 [문장] 사용하기도 편합니다.,0,편의성/활용성,unchanged
test,train,[속성] 가격 [문장] 가격이 부담되네요.,593892,쇼핑몰,스킨케어,OO 그** 선 플러스 50ml 1개,썬크림은 이 제품이 눈시림이나 따가움 없어 좋습니다. 바르면 처음엔 백탁현상 있지만 시간이 지나면 괜찮아집니다. 많이 발라서 빨리 사용하니 가격이 부담되네요. 양도 적습니다.,가격,가격이 부담되네요.,-1,[속성] 가격 [문장] 가격이 부담되네요.,1,가격,unchanged
test,train,[속성] 발림성 [문장] 발림이 좋습니다.,600790,쇼핑몰,스킨케어,OO 선** 선크림 55ml 1개,"보송한 느낌이 좋아요. 지인 추천으로 구매해 써봤는데, 발림이 좋습니다. 근데 커버력은 아쉬운 제품이네요. 커버력을 기대하시는 분은 별로 일 듯합니다. 끈적임을 싫어하시는 분은 잘 맞을 듯하네요. 사용기간이 좀 짧아요.",발림성,발림이 좋습니다.,1,[속성] 발림성 [문장] 발림이 좋습니다.,0,발림성,unchanged
test,train,[속성] 보습력/수분감 [문장] 유분기가 없어서,600740,쇼핑몰,스킨케어,OO 선** 선크림 55ml 1개,"OOO이랑 같이 구매했는데, OOO보다 자극도 덜하고, 밀림도 없어서 사용하기 좋아요. 유분기가 없어서, 지성 피부에도 부담 없을 듯합니다. 덧발라보지는 않았지만 수정할 땐 수분크림 바르고 바르는 게 나을 듯 하네요. 양은 많이 아쉽지만, 재구매할 계획입니다.",보습력/수분감,유분기가 없어서,1,[속성] 보습력/수분감 [문장] 유분기가 없어서,0,보습력/수분감,unchanged
test,train,[속성] 자극성 [문장] 자극이 적어서,593908,쇼핑몰,스킨케어,OO 그** 선 플러스 50ml 1개,발림성이 좋고 자극이 적어서 가족이 모두 같이 사용하기에도 부담이 없네요. 피부 톤 보정 효과가 있어요. 그래서 얼굴 톤 조정 효과가 있어서 더욱 만족스러워요.,자극성,자극이 적어서,1,[속성] 자극성 [문장] 자극이 적어서,0,자극성,unchanged
test,train,[속성] 향 [문장] 향이 제 취향은 아니네요.,593936,쇼핑몰,스킨케어,OO 그** 선 플러스 50ml 1개,석유냄새 같은 향이 나네요. 진한 꽃향기도 별로지만 이런 향은 더 아닙니다. 다행히 바르고 날아가긴 했는데 원래 이런건지 아니면 제품에 이상이 있는건지 모르겠습니다. 향이 제 취향은 아니네요.,향,향이 제 취향은 아니네요.,-1,[속성] 향 [문장] 향이 제 취향은 아니네요.,1,향,unchanged
test,train,[속성] 편의성/활용성 [문장] 사용하기 편해서 좋다고 합니다.,587029,쇼핑몰,스킨케어,OO 멘** 포밍워시 200ml 2개,"여드름 피부에 좋은 제품인 듯합니다. 다른 제품은 거품을 충분히 내지 않고 세안 하면 미끄러운 느낌 드는데, 이 제품은 거품 제형이 미세하고 풍성해서 사용하기 편해서 좋다고 합니다. 가족이 함께 쓰기에도 좋아요. 성분도 착하고, OOO보다 가격도 저렴해요. 향은 별로인 듯합니다.",편의성/활용성,사용하기 편해서 좋다고 합니다.,1,[속성] 편의성/활용성 [문장] 사용하기 편해서 좋다고 합니다.,0,편의성/활용성,unchanged
test,train,[속성] 향 [문장] 향은 별로인 듯합니다.,587029,쇼핑몰,스킨케어,OO 멘** 포밍워시 200ml 2개,"여드름 피부에 좋은 제품인 듯합니다. 다른 제품은 거품을 충분히 내지 않고 세안 하면 미끄러운 느낌 드는데, 이 제품은 거품 제형이 미세하고 풍성해서 사용하기 편해서 좋다고 합니다. 가족이 함께 쓰기에도 좋아요. 성분도 착하고, OOO보다 가격도 저렴해요. 향은 별로인 듯합니다.",향,향은 별로인 듯합니다.,-1,[속성] 향 [문장] 향은 별로인 듯합니다.,1,향,unchanged
test,train,"[속성] 흡수력 [문장] 끈적임이 없고,",598418,쇼핑몰,스킨케어,OO 카** 선스틱 22g 1개,"끈적거리려나 걱정했는데 진짜 보송해요 팔꿈치 안쪽에 바르고 하루 다녀봤지만 끈적임이 없고, 바른 후 무거운 느낌이 전혀 없네요 대만족합니다 샘플이 없어 아쉬워요",흡수력,"끈적임이 없고,",1,"[속성] 흡수력 [문장] 끈적임이 없고,",0,흡수력,unchanged
test,train,[속성] 품질 [문장] 상품 품질이 좋습니다.,594881,쇼핑몰,스킨케어,OO 선 메이트 70ml 1개,상품 품질이 좋습니다. 원래 사용했는데 신제품이 나왔다해서 구매해 봤습니다. 기존 제품보다 유분감이 덜하고 향이 약해진 것 같습니다. 여름에 쓰기에 더 적합한 것 같습니다.,품질,상품 품질이 좋습니다.,1,[속성] 품질 [문장] 상품 품질이 좋습니다.,0,품질,unchanged
test,train,[속성] 보습력/수분감 [문장] 너무 건조해서,587231,쇼핑몰,스킨케어,OO 멘** 포밍워시 200ml 2개,뽀드득뽀드득 할 정도로 세정력은 좋습니다. 그런데 겨울이라서 그런지 세안 후 바로 기초화장품 바르지 않으면 당기다 못해 따가워요. 얼굴 전체에 쓰기엔 너무 건조해서 뾰루지 나는 부분만 이걸로 세안하면 완화되는 효과가 있습니다.,보습력/수분감,너무 건조해서,-1,[속성] 보습력/수분감 [문장] 너무 건조해서,1,보습력/수분감,unchanged
test,train,[속성] 흡수력 [문장] 백탁이 있고,593066,쇼핑몰,스킨케어,OO 그** 선 플러스 50ml 1개,발림성도 좋고 다 좋은데 백탁이 있고 건조해서 기초보습제품을 먼저 잘 발라야 합니다. 촉촉하기보단 보송한 마무리감이라서 바르고 나면 쉽게 건조해져요. 그래서 여름에 쓰기 딱 좋습니다.,흡수력,백탁이 있고,-1,[속성] 흡수력 [문장] 백탁이 있고,1,흡수력,unchanged
test,train,[속성] 제품구성 [문장] 샘플까지 주셔서 감사해요,598482,쇼핑몰,스킨케어,OO 카** 선스틱 22g 1개,이번 여름 휴가때 쓰려고 가족 숫자에 맞추어서 구매했어요 22g이라 크기가 클것 같아 걱정했는데 휴대하고 다니기 적당한 크기여서 좋았어요. 작년 모델은 얼굴에 두껍게 발려서 불편했는데 이번거는 산뜻하고 좋네요. 향은 좀 별로예요. 가격도 저렴하게 잘 샀는데 샘플까지 주셔서 감사해요,제품구성,샘플까지 주셔서 감사해요,1,[속성] 제품구성 [문장] 샘플까지 주셔서 감사해요,0,제품구성,unchanged
test,train,[속성] 보습력/수분감 [문장] 촉촉하지는 않네요.,587413,쇼핑몰,스킨케어,OO 멘** 포밍워시 200ml 2개,두세번 펌핑으로 나온 거품은 묽은 듯하나 손으로 비비면 거품이 쫀쫀해집니다. 첫 향은 약간 시원한 느낌이고 사용후엔 향이 많이 남지 않아 좋습니다. 세정력도 무난하고 당기는 느낌도 적으나 촉촉하지는 않네요. 사용감 좋아요,보습력/수분감,촉촉하지는 않네요.,-1,[속성] 보습력/수분감 [문장] 촉촉하지는 않네요.,1,보습력/수분감,unchanged
test,train,[속성] 사용감 [문장] 사용감 좋아요,587413,쇼핑몰,스킨케어,OO 멘** 포밍워시 200ml 2개,두세번 펌핑으로 나온 거품은 묽은 듯하나 손으로 비비면 거품이 쫀쫀해집니다. 첫 향은 약간 시원한 느낌이고 사용후엔 향이 많이 남지 않아 좋습니다. 세정력도 무난하고 당기는 느낌도 적으나 촉촉하지는 않네요. 사용감 좋아요,사용감,사용감 좋아요,1,[속성] 사용감 [문장] 사용감 좋아요,0,사용감,unchanged
test,train,[속성] 자극성 [문장] 트러블도 없고,585945,쇼핑몰,스킨케어,OO 시** 퍼펙트 휩 150ml 4개,쫀쫀한 제형의 거품이 한번 펌프로 나오니 편하고 순해서 트러블도 없고 피부에 자극도 없어 좋습니다. 이번엔 구성에 비해 가격이 아쉽네요.,자극성,트러블도 없고,1,[속성] 자극성 [문장] 트러블도 없고,0,자극성,unchanged
test,train,[속성] 향 [문장] 향은 제 취향이 아니지만,596038,쇼핑몰,스킨케어,OO 브라이트닝 업 선 플러스 50ml 1개,썬크림 고르기가 힘든데 ○○○에서 구입해 써봤네요.그런데 ○○는 눈밑까지 바르고 운동하면서 땀흘리고 해도 따끔거림도 없고 자극이 없어 눈물도 안나더라고요. 향은 제 취향이 아니지만 추가 구매했네요.이제는 이제품만 쓰려구요,향,향은 제 취향이 아니지만,-1,[속성] 향 [문장] 향은 제 취향이 아니지만,1,향,unchanged
test,train,[속성] 용량/개수 [문장] 용량이 작아서 아쉬워요.,589440,쇼핑몰,스킨케어,OO 딥 클린 클렌저 175g 1개,항상 성인 뾰루지로 고민인데 몇일 클렌징으로 꼼꼼히 세안 했더니 뾰루지가 가라앉고 피부톤이 밝아졌습니다. 용량이 작아서 아쉬워요.,용량/개수,용량이 작아서 아쉬워요.,-1,[속성] 용량/개수 [문장] 용량이 작아서 아쉬워요.,1,용량,merged_duplicate_label
test,train,[속성] 기능/효과 [문장] 잘 지워집니다,582632,쇼핑몰,스킨케어,OO 마** 퓨어 클렌징오일 200ml 1개,딸이 좋다고 다시 사달라고 했어요. 건성인 사람이 써도 건조하지 않고 잘 지워집니다 잘쓸께요.,기능/효과,잘 지워집니다,1,[속성] 기능/효과 [문장] 잘 지워집니다,0,기능/효과,unchanged
test,train,[속성] 자극성 [문장] 순해서 좋아요,587479,쇼핑몰,스킨케어,OO 멘** 포밍워시 200ml 2개,여드름나는 아이 위해 샀는데요. 거품도 잘나고 순해서 좋아요 여드름이 없어지는 드라마틱한 효과는 없어요. 더 나빠지지 않는데 도움이 되는 것 같아요 저도 써보니 세수하고 조금 당기는 느낌은 있지만 매끈한 느낌은 확실히 있습니다. 거품 풍부하고 입자가 고와서 부드러워요. 화장이 잘 지워지는것 같지는 않습니다. 향은 자극이 없네요.,자극성,순해서 좋아요,1,[속성] 자극성 [문장] 순해서 좋아요,0,자극성,unchanged
test,train,[속성] 향 [문장] 향도 별로인 것 같아요.,585362,쇼핑몰,스킨케어,OO 클** 클렌징젤 400ml 1개,"거품이 생각보다 잘 나요. 한번 눌러도 충분히 쓸 거품이 나오네요. 대신에 좀 미끌거리는 감이 있어서 겉도는 느낌이고, 향도 별로인 것 같아요. 피부가 민감성 피부인데 자극적이지 않아 잘 쓰고 있어요.",향,향도 별로인 것 같아요.,-1,[속성] 향 [문장] 향도 별로인 것 같아요.,1,향,unchanged
test,train,[속성] 보습력/수분감 [문장] 보습이 약해서,587097,쇼핑몰,스킨케어,OO 멘** 포밍워시 200ml 2개,여드름이 심해서 구매했는데 아직 쓴 지 얼마 안 돼서 효과를 말하긴 일러요. 효과가 나타날 때까지 꾸준히 써봐야겠어요. 보습이 약해서 건성이나 중성 피부인 사람이 쓰긴 많이 건조할 것 같아요. 겨울에는 누구나 건조할 것 같고요.,보습력/수분감,보습이 약해서,-1,[속성] 보습력/수분감 [문장] 보습이 약해서,1,보습력/수분감,unchanged
test,train,[속성] 자극성 [문장] 자극이 적고,589556,쇼핑몰,스킨케어,OO 딥 클린 클렌저 175g 1개,자극이 적고 세정력이 뛰어나서 데일리로 사용합니다. 가격이 저렴하지 않아 세일 할 때 살 예정입니다. 가격만 저렴해지면 좋겠습니다.,자극성,자극이 적고,1,[속성] 자극성 [문장] 자극이 적고,0,자극성,unchanged
test,train,[속성] 가격 [문장] 가격이 저렴하지 않아,589556,쇼핑몰,스킨케어,OO 딥 클린 클렌저 175g 1개,자극이 적고 세정력이 뛰어나서 데일리로 사용합니다. 가격이 저렴하지 않아 세일 할 때 살 예정입니다. 가격만 저렴해지면 좋겠습니다.,가격,가격이 저렴하지 않아,-1,[속성] 가격 [문장] 가격이 저렴하지 않아,1,가격,unchanged
test,train,[속성] 유통기한 [문장] 유통기한도 넉넉하고,593407,쇼핑몰,스킨케어,OO 그** 선 플러스 50ml 1개,유통기한도 넉넉하고 저렴하게 구입했어요. 예전에도 써봤는데 순하고 좋아서 재구매합니다.,유통기한,유통기한도 넉넉하고,1,[속성] 유통기한 [문장] 유통기한도 넉넉하고,0,유통기한,unchanged
test,train,[속성] 가격 [문장] 저렴하게 구입했어요.,593407,쇼핑몰,스킨케어,OO 그** 선 플러스 50ml 1개,유통기한도 넉넉하고 저렴하게 구입했어요. 예전에도 써봤는데 순하고 좋아서 재구매합니다.,가격,저렴하게 구입했어요.,1,[속성] 가격 [문장] 저렴하게 구입했어요.,0,가격,unchanged
test,train,[속성] 자극성 [문장] 순하고 좋아서,593407,쇼핑몰,스킨케어,OO 그** 선 플러스 50ml 1개,유통기한도 넉넉하고 저렴하게 구입했어요. 예전에도 써봤는데 순하고 좋아서 재구매합니다.,자극성,순하고 좋아서,1,[속성] 자극성 [문장] 순하고 좋아서,0,자극성,unchanged
test,train,[속성] 기능/효과 [문장] 화장이 깨끗하게 지워지고,583104,쇼핑몰,스킨케어,OO 마** 퓨어 클렌징오일 200ml 1개,클레징을 이제품 썼다 저제품 썼다 하는데 클렌징 오일이 만족스러웠던건 처음입니다. 후기가 단순히 좋아서 뭐지 했는데 후기가 대부분 진심이 느껴졌어요. 그래서 왜 리뷰를 정성스럽게 쓰는지 알 것 같아요. 화장이 깨끗하게 지워지고 사용 후 건조해지지도 않아요. 백프로 만족입니다.,기능/효과,화장이 깨끗하게 지워지고,1,[속성] 기능/효과 [문장] 화장이 깨끗하게 지워지고,0,기능/효과,unchanged
test,train,[속성] 용량/개수 [문장] 용량도 적은데,596968,쇼핑몰,스킨케어,OO 센** 선스틱 22g 1개,일단 패키지도 이쁘고 발림성도 좋습니다. 살짝 시원하게 느껴집니다. 용량도 적은데 위쪽 안 뚜껑이 불편합니다.,용량/개수,용량도 적은데,-1,[속성] 용량/개수 [문장] 용량도 적은데,1,용량,merged_duplicate_label
test,train,[속성] 가격 [문장] 가격도 좋고,585257,쇼핑몰,스킨케어,OO 클** 클렌징젤 400ml 1개,"꾸준하게 사용하고 있습니다. 용량도 넉넉하고, 여드름피부에 지성피부라서 나한테 맞다 이런 정도는 아니지만 무난하게 쓰고 있습니다. 가격도 좋고 배송도 빠르네요.",가격,가격도 좋고,1,[속성] 가격 [문장] 가격도 좋고,0,가격,unchanged
test,train,[속성] 흡수력 [문장] 무겁게 느껴져요.,599784,쇼핑몰,스킨케어,OO 더** 스킨 선로션 200ml 1개,자외선 차단은 잘 되길 기대합니다. 피부가 많이 미끌거려서 무겁게 느껴져요. 환절기에 쓰기는 좋지만 여름에는 끈적여서 사용하기 힘들어요.바디용으로도 사용가능이라 여름에는 얼굴 대신 바디용으로 쓰려고 합니다.,흡수력,무겁게 느껴져요.,-1,[속성] 흡수력 [문장] 무겁게 느껴져요.,1,흡수력,unchanged
test,train,[속성] 흡수력 [문장] 끈적여서,599784,쇼핑몰,스킨케어,OO 더** 스킨 선로션 200ml 1개,자외선 차단은 잘 되길 기대합니다. 피부가 많이 미끌거려서 무겁게 느껴져요. 환절기에 쓰기는 좋지만 여름에는 끈적여서 사용하기 힘들어요.바디용으로도 사용가능이라 여름에는 얼굴 대신 바디용으로 쓰려고 합니다.,흡수력,끈적여서,-1,[속성] 흡수력 [문장] 끈적여서,1,흡수력,unchanged
test,train,[속성] 흡수력 [문장] 산뜻한 느낌입니다.,600713,쇼핑몰,스킨케어,OO 선** 선크림 55ml 1개,OOO OO 선크림은 처음 써봅니다. 일단 배송 빨라서 좋습니다. 용기도 디자인도 예뻐서 마음에 듭니다. 한 손에 잡히는 크기라서 들고 다니기 좋습니다. 가격대비 양도 많이 들어요. 후기도 괜찮길래 믿고 구매했어요. 직접 발라보니 얼굴이나 팔 모두 산뜻한 느낌입니다. 제형의 묽기도 괜찮아요. 사계절 내내 사용해야 하는 선크림인 만큼 효과가 좋으면 사계절 내내 사용하겠습니다. 감사해요.,흡수력,산뜻한 느낌입니다.,1,[속성] 흡수력 [문장] 산뜻한 느낌입니다.,0,흡수력,unchanged
test,train,[속성] 가격 [문장] 가격이 저렴해,598982,쇼핑몰,스킨케어,OO 멀티 선크림 70ml 1개,가격이 저렴해 큰 기대안하고 구매해서 사용했는데 발림성도 좋고 효과도 좋았어요 그래서 계속 주문해서 사용중이예요 향은 별로지만 잘 사용할게요 고맙습니다,가격,가격이 저렴해,1,[속성] 가격 [문장] 가격이 저렴해,0,가격,unchanged
test,train,[속성] 기능/효과 [문장] 각질 제거도 잘 되고,591365,쇼핑몰,스킨케어,OO 뉴** 에그팩 50g 6개,"ㅇㅇㅇ 쓰면서 각질 제거도 잘 되고 피부결도 매끈해져서 아주 마음에 들어요. 여러 번 재구매중인데, 가성비가 제일 좋습니다.",기능/효과,각질 제거도 잘 되고,1,[속성] 기능/효과 [문장] 각질 제거도 잘 되고,0,기능/효과,unchanged
test,train,[속성] 가격 [문장] 가격도 합리적이고,587339,쇼핑몰,스킨케어,OO 멘** 포밍워시 200ml 2개,여드름 피부에 좋아요. 가격도 합리적이고 여드름에 효과를 봐서 사용하고 있습니다. 지성 피부나 트러블이 심한 피부에는 좋은 제품이에요. 거품도 풍부하고 제형이 부드러워서 세정이 잘 돼요.,가격,가격도 합리적이고,1,[속성] 가격 [문장] 가격도 합리적이고,0,가격,unchanged
test,train,[속성] 흡수력 [문장] 번들거리지 않습니다.,594815,쇼핑몰,스킨케어,OO 카** 더블쉴드 선스틱 22g 1개,"OOO의 이전 선스틱도 써봤지만 이번 제품은 진짜 번들거리지 않습니다. 평소에는 안 쓰고 액티비티용으로 샀는데 좋습니다. 일단 발림성 좋습니다. 아이와 여행가서 쓸려고 산거라 아이한테도 발라는데, 아토피 있어 아무거나 사용하지 못하는데 괜찮습니다.",흡수력,번들거리지 않습니다.,1,[속성] 흡수력 [문장] 번들거리지 않습니다.,0,흡수력,unchanged
test,train,[속성] 흡수력 [문장] 백탁 없고,600721,쇼핑몰,스킨케어,OO 선** 선크림 55ml 1개,배송이 빠르네요. 오랫동안 써온 제품이에요. 세일할 때마다 여러개씩 사둬요. 마감이 뽀송하고 백탁 없고 발림이 좋고 눈시림도 없어요. 그런데 요즘 얼굴이 건조해졌는지 겨울에 바르면 당기네요. 지성분에게 추천합니다.,흡수력,백탁 없고,1,[속성] 흡수력 [문장] 백탁 없고,0,흡수력,unchanged
test,train,[속성] 발림성 [문장] 발림이 좋고,600721,쇼핑몰,스킨케어,OO 선** 선크림 55ml 1개,배송이 빠르네요. 오랫동안 써온 제품이에요. 세일할 때마다 여러개씩 사둬요. 마감이 뽀송하고 백탁 없고 발림이 좋고 눈시림도 없어요. 그런데 요즘 얼굴이 건조해졌는지 겨울에 바르면 당기네요. 지성분에게 추천합니다.,발림성,발림이 좋고,1,[속성] 발림성 [문장] 발림이 좋고,0,발림성,unchanged
test,train,[속성] 자극성 [문장] 눈시림도 없어요.,600721,쇼핑몰,스킨케어,OO 선** 선크림 55ml 1개,배송이 빠르네요. 오랫동안 써온 제품이에요. 세일할 때마다 여러개씩 사둬요. 마감이 뽀송하고 백탁 없고 발림이 좋고 눈시림도 없어요. 그런데 요즘 얼굴이 건조해졌는지 겨울에 바르면 당기네요. 지성분에게 추천합니다.,자극성,눈시림도 없어요.,1,[속성] 자극성 [문장] 눈시림도 없어요.,0,자극성,unchanged
test,train,[속성] 보습력/수분감 [문장] 당기네요.,600721,쇼핑몰,스킨케어,OO 선** 선크림 55ml 1개,배송이 빠르네요. 오랫동안 써온 제품이에요. 세일할 때마다 여러개씩 사둬요. 마감이 뽀송하고 백탁 없고 발림이 좋고 눈시림도 없어요. 그런데 요즘 얼굴이 건조해졌는지 겨울에 바르면 당기네요. 지성분에게 추천합니다.,보습력/수분감,당기네요.,-1,[속성] 보습력/수분감 [문장] 당기네요.,1,보습력/수분감,unchanged
test,train,[속성] 보습력/수분감 [문장] 당김도 없고,583139,쇼핑몰,스킨케어,OO 마** 퓨어 클렌징오일 200ml 1개,롤링시 제형 알갱이가 느껴지고 당김도 없고 자극도 없고 무난하게 사용하고 있습니다. 세정력이 좋은건지는 모르겠으나 다음날 촉촉함은 있는 것 같네요.,보습력/수분감,당김도 없고,1,[속성] 보습력/수분감 [문장] 당김도 없고,0,보습력/수분감,unchanged
test,train,[속성] 자극성 [문장] 순해요,585254,쇼핑몰,스킨케어,OO 클** 클렌징젤 400ml 1개,"다른 폼클렌징들보다 덜 당기고 순해요. 거품이 적은편인데, 세정력은 또 좋은 것 같아서 3통째 구매했어요. 블랙헤드, 화이트헤드 관리도 잘 되고 각질제거 관리까지 할 수 있어서 좋아요.",자극성,순해요,1,[속성] 자극성 [문장] 순해요,0,자극성,unchanged
test,train,[속성] 흡수력 [문장] 백탁없고,600034,쇼핑몰,스킨케어,OO 자** 선크림 50ml 1개,동생꺼 써보고 좋아서 구매했습니다. 어머니께서 써보시더니 백탁없고 미끌거림 없으니 사달라고 하시네요. 눈 따가움도 없어요 사용기간이 여유가 있었으면 좋을듯 합니다.,흡수력,백탁없고,1,[속성] 흡수력 [문장] 백탁없고,0,흡수력,unchanged
test,train,[속성] 자극성 [문장] 자극이 덜하고,582936,쇼핑몰,스킨케어,OO 마** 퓨어 클렌징오일 200ml 1개,"체험딜 때 사서 써보니 좋아서 대용량 구매했어요. 건성 피부라 자극이 덜하고 티존 부위의 블랙헤드와 화이트헤드 제거에도 도움 되었어요. 향이 좀 아쉽긴 하지만, 앞으로 계속 사용할 것 같아요.",자극성,자극이 덜하고,1,[속성] 자극성 [문장] 자극이 덜하고,0,자극성,unchanged
test,train,[속성] 편의성/활용성 [문장] 편하기도 하고,587131,쇼핑몰,스킨케어,OO 멘** 포밍워시 200ml 2개,식구들 중에 여드름피부가 있어서 샀는데 다들 만족스러워하고 저도 잘 쓰고 있습니다. 거품을 만들 필요가 없으니 편하기도 하고 거품이 부드러워서 자극도 없고 향도 나쁘지 않습니다.,편의성/활용성,편하기도 하고,1,[속성] 편의성/활용성 [문장] 편하기도 하고,0,편의성/활용성,unchanged
test,train,[속성] 발림성 [문장] 발림성이 부드럽고 좋습니다.,599648,쇼핑몰,스킨케어,OO 더** 스킨 선로션 200ml 1개,예전에 사용했던 제품이라 재구입을 했습니다. 얼굴 피부가 예민한 편이라 컨디션이 안 좋거나 여러 이유들로 자주 뒤집어지는데 이 제품은 트러블도 안 나고 발림성이 부드럽고 좋습니다. 아침마다 잘 쓰고 있답니다. 다만 샘플이 없어서 아쉽네요.,발림성,발림성이 부드럽고 좋습니다.,1,[속성] 발림성 [문장] 발림성이 부드럽고 좋습니다.,0,발림성,unchanged
test,train,[속성] 제품구성 [문장] 샘플이 없어서 아쉽네요.,599648,쇼핑몰,스킨케어,OO 더** 스킨 선로션 200ml 1개,예전에 사용했던 제품이라 재구입을 했습니다. 얼굴 피부가 예민한 편이라 컨디션이 안 좋거나 여러 이유들로 자주 뒤집어지는데 이 제품은 트러블도 안 나고 발림성이 부드럽고 좋습니다. 아침마다 잘 쓰고 있답니다. 다만 샘플이 없어서 아쉽네요.,제품구성,샘플이 없어서 아쉽네요.,-1,[속성] 제품구성 [문장] 샘플이 없어서 아쉽네요.,1,제품구성,unchanged
test,train,[속성] 자극성 [문장] 자극적이지 않아서 좋습니다.,586447,쇼핑몰,스킨케어,OO 해** 클렌징폼 200g 1개,자극적이지 않아서 좋습니다. 세정한 후 건조하면 쓰기 힘든데 이 제품은 건조하지 않아서 데일리용으로 사용하기 좋습니다. 제형은 묽지도 않고 적당합니다. 어성초 성분이라 그런지 트러블도 안 생기네요. 가격 대비 괜찮아요.,자극성,자극적이지 않아서 좋습니다.,1,[속성] 자극성 [문장] 자극적이지 않아서 좋습니다.,0,자극성,unchanged
test,train,[속성] 기능/효과 [문장] 데일리용으로 사용하기 좋습니다.,586447,쇼핑몰,스킨케어,OO 해** 클렌징폼 200g 1개,자극적이지 않아서 좋습니다. 세정한 후 건조하면 쓰기 힘든데 이 제품은 건조하지 않아서 데일리용으로 사용하기 좋습니다. 제형은 묽지도 않고 적당합니다. 어성초 성분이라 그런지 트러블도 안 생기네요. 가격 대비 괜찮아요.,기능/효과,데일리용으로 사용하기 좋습니다.,1,[속성] 기능/효과 [문장] 데일리용으로 사용하기 좋습니다.,0,기능/효과,unchanged
test,train,[속성] 자극성 [문장] 트러블도 안 생기네요.,586447,쇼핑몰,스킨케어,OO 해** 클렌징폼 200g 1개,자극적이지 않아서 좋습니다. 세정한 후 건조하면 쓰기 힘든데 이 제품은 건조하지 않아서 데일리용으로 사용하기 좋습니다. 제형은 묽지도 않고 적당합니다. 어성초 성분이라 그런지 트러블도 안 생기네요. 가격 대비 괜찮아요.,자극성,트러블도 안 생기네요.,1,[속성] 자극성 [문장] 트러블도 안 생기네요.,0,자극성,unchanged
test,train,[속성] 가격 [문장] 가격 대비 괜찮아요.,586447,쇼핑몰,스킨케어,OO 해** 클렌징폼 200g 1개,자극적이지 않아서 좋습니다. 세정한 후 건조하면 쓰기 힘든데 이 제품은 건조하지 않아서 데일리용으로 사용하기 좋습니다. 제형은 묽지도 않고 적당합니다. 어성초 성분이라 그런지 트러블도 안 생기네요. 가격 대비 괜찮아요.,가격,가격 대비 괜찮아요.,1,[속성] 가격 [문장] 가격 대비 괜찮아요.,0,가격,unchanged
test,train,[속성] 흡수력 [문장] 끈적임도 없습니다.,596740,쇼핑몰,스킨케어,OO 브라이트닝 업 선 플러스 50ml 1개,"지금까지 쓰던 선블럭 중 다 비우고 재구매한 유일한 제품입니다. 피부톤 보정 자연스럽고, 베이스 대용으로 쓰면 찰떡이에요. 끈적임도 없습니다. 이 제품 때문에 OOO 다른 제품도 알게됐는데, 다른 제품도 좋지만 이건 OOO 최애템이에요.",흡수력,끈적임도 없습니다.,1,[속성] 흡수력 [문장] 끈적임도 없습니다.,0,흡수력,unchanged
test,train,[속성] 제품구성 [문장] 샘플이 없어서 아쉽습니다.,587189,쇼핑몰,스킨케어,OO 멘** 포밍워시 200ml 2개,"얼굴에 뾰로지가 나기 시작하더니, 잘 사용하던 폼클렌징도 트러블이 생기기 시작했어요. 이것저것 바꾸어 사용하다가 이 제품을 만나 트러블 없이 잘 사용 중이에요. 만족하며 잘 쓰고 있습니다. 다만 샘플이 없어서 아쉽습니다.",제품구성,샘플이 없어서 아쉽습니다.,-1,[속성] 제품구성 [문장] 샘플이 없어서 아쉽습니다.,1,제품구성,unchanged
test,train,[속성] 유통기한 [문장] 사용기한도 충분하고,596084,쇼핑몰,스킨케어,OO 브라이트닝 업 선 플러스 50ml 1개,용량이 작아서 별로인데 사용기한도 충분하고 가격도 좋아요. 잘 쓰겠습니다. 감사합니다!,유통기한,사용기한도 충분하고,1,[속성] 유통기한 [문장] 사용기한도 충분하고,0,유통기한,unchanged
test,train,[속성] 가격 [문장] 가격 저렴하게 잘 샀습니다.,596434,쇼핑몰,스킨케어,OO 브라이트닝 업 선 플러스 50ml 1개,가격 저렴하게 잘 샀습니다. 선크림 기능도 너무 좋습니다. 특히 민감한 제 피부에도 사용하기 너무 좋아요. 향은 별로지만 제형이 부드럽고 톤업효과는 과하지 않게 있어요. 재구매 예정입니다.,가격,가격 저렴하게 잘 샀습니다.,1,[속성] 가격 [문장] 가격 저렴하게 잘 샀습니다.,0,가격,unchanged
test,train,[속성] 기능/효과 [문장] 풍성한 거품으로,591772,쇼핑몰,스킨케어,OO 클렌징 폼 150ml 1개,OOO OO폼은 착한성분 약산성 클렌징으로 피부에 저자극이어서 좋습니다. 클렌징 이후 당김도 없고 풍성한 거품으로 세정력도 좋네요. 냄새는 좀 별로인 듯합니다.,기능/효과,풍성한 거품으로,1,[속성] 기능/효과 [문장] 풍성한 거품으로,0,기능/효과,unchanged
test,train,[속성] 기능/효과 [문장] 세정력도 좋네요.,591772,쇼핑몰,스킨케어,OO 클렌징 폼 150ml 1개,OOO OO폼은 착한성분 약산성 클렌징으로 피부에 저자극이어서 좋습니다. 클렌징 이후 당김도 없고 풍성한 거품으로 세정력도 좋네요. 냄새는 좀 별로인 듯합니다.,기능/효과,세정력도 좋네요.,1,[속성] 기능/효과 [문장] 세정력도 좋네요.,0,기능/효과,unchanged
test,train,[속성] 지속력/유지력 [문장] 지속력이 길지 않아,593756,쇼핑몰,스킨케어,OO 그** 선 플러스 50ml 1개,유해 성분 하나도 없고 자외선 차단 효과가 좋아서 계속 쓰고 있습니다. 발림성 좋지만 지속력이 길지 않아 서너시간 지나면 덧발라 주어야 합니다.,지속력/유지력,지속력이 길지 않아,-1,[속성] 지속력/유지력 [문장] 지속력이 길지 않아,1,지속력,merged_duplicate_label
test,train,[속성] 발림성 [문장] 발림성 좋지만,593756,쇼핑몰,스킨케어,OO 그** 선 플러스 50ml 1개,유해 성분 하나도 없고 자외선 차단 효과가 좋아서 계속 쓰고 있습니다. 발림성 좋지만 지속력이 길지 않아 서너시간 지나면 덧발라 주어야 합니다.,발림성,발림성 좋지만,1,[속성] 발림성 [문장] 발림성 좋지만,0,발림성,unchanged
test,train,[속성] 기능/효과 [문장] 효과는 잘 모르겠습니다.,586769,쇼핑몰,스킨케어,OO 멘** 포밍워시 200ml 2개,여드름이 많이 나서 구입했는데 아직 효과는 잘 모르겠습니다. 써보니 향은 별로지만 사용하기도 편하고 세정력도 좋아서 재구매했어요.,기능/효과,효과는 잘 모르겠습니다.,0,[속성] 기능/효과 [문장] 효과는 잘 모르겠습니다.,2,기능/효과,unchanged
test,train,[속성] 편의성/활용성 [문장] 사용하기도 편하고,586769,쇼핑몰,스킨케어,OO 멘** 포밍워시 200ml 2개,여드름이 많이 나서 구입했는데 아직 효과는 잘 모르겠습니다. 써보니 향은 별로지만 사용하기도 편하고 세정력도 좋아서 재구매했어요.,편의성/활용성,사용하기도 편하고,1,[속성] 편의성/활용성 [문장] 사용하기도 편하고,0,편의성/활용성,unchanged
test,train,[속성] 용량/개수 [문장] 용량도 넉넉해서,582445,쇼핑몰,스킨케어,OO 마** 퓨어 클렌징오일 200ml 1개,ㅇㅇㅇ오일 순하고 좋습니다. 세안 할 때 사용하고 있어요. 진한 메이크업을 하지 않아서 인지 가볍게 세정 하기 좋습니다. 오일이라 피부도 좋아지는 기분이 듭니다. ㅇㅇㅇ 제품 중 제일 애정하는 제품이에요. 용량도 넉넉해서 잘 사용하고 있습니다.,용량/개수,용량도 넉넉해서,1,[속성] 용량/개수 [문장] 용량도 넉넉해서,0,용량,merged_duplicate_label
test,train,"[속성] 발림성 [문장] 부드럽게 발리고,",597422,쇼핑몰,스킨케어,OO 메** UV 울트라 선 50ml 1개,"주변에서 ㅇㅇㅇ 선크림 좋다고 해서 구매하고 배송 받고 바로 발랐는데 부드럽게 발리고, 피부톤이 맑아져서 좋습니다. 향도 좋고 끈적임도 없고 백탁도 없고 다 만족합니다. 이제껏 이 제품을 몰랐다니 이제라도 알아서 다행입니다.",발림성,"부드럽게 발리고,",1,"[속성] 발림성 [문장] 부드럽게 발리고,",0,발림성,unchanged
test,train,[속성] 흡수력 [문장] 백탁도 없고,597422,쇼핑몰,스킨케어,OO 메** UV 울트라 선 50ml 1개,"주변에서 ㅇㅇㅇ 선크림 좋다고 해서 구매하고 배송 받고 바로 발랐는데 부드럽게 발리고, 피부톤이 맑아져서 좋습니다. 향도 좋고 끈적임도 없고 백탁도 없고 다 만족합니다. 이제껏 이 제품을 몰랐다니 이제라도 알아서 다행입니다.",흡수력,백탁도 없고,1,[속성] 흡수력 [문장] 백탁도 없고,0,흡수력,unchanged
test,train,"[속성] 발림성 [문장] 발림도 좋고,",598620,쇼핑몰,스킨케어,OO 멀티 선크림 70ml 1개,"선크림 두 가지 종류로 쓰고 있어요. 얼굴 집중용과 팔다리용으로 쓰는데, 이 제품은 저렴하지만, 얼굴과 팔다리 다 사용해도 좋네요. 발림도 좋고, 백탹현상이 없어 좋은 듯합니다. 가성비 끝내주네요. 사용기간만 넉넉하면 좋을 것 같아요.",발림성,"발림도 좋고,",1,"[속성] 발림성 [문장] 발림도 좋고,",0,발림성,unchanged
test,train,[속성] 자극성 [문장] 피부에 순하게,589490,쇼핑몰,스킨케어,OO 딥 클린 클렌저 175g 1개,여드름 피부로 고민이 많아 체험단 신청했습니다. 받자마자 저녁부터 세안 했는데 다음날 아침에 상쾌하다고 하네요. 과잉 각질과 피지를 잡아주는 효과가 있습니다. 여드름 유발균을 완화해줘서 좋습니다. 피부에 순하게 자극 없이 세안 되면서 건조하지 않고 깨끗하게 세정되어 좋습니다.,자극성,피부에 순하게,1,[속성] 자극성 [문장] 피부에 순하게,0,자극성,unchanged
test,train,[속성] 자극성 [문장] 자극적이지 않으면서,584688,쇼핑몰,스킨케어,OO 이** 모공 폼 300ml 1개,개운한 사용감이 좋습니다. 화산 송이의 강력한 피지 흡착 기능이 최고입니다. 복합성 피부라 여름이면 땀과 유분에 취약해서 메이크업 제품이랑 엉겨붙는 느낌입니다. 이 폼은 거품이 풍성하게 만들어져서 세안하면 모공 속 노폐물도 제거를 잘 해줍니다. 클렌징도 말끔하게 되고 자극적이지 않으면서 세안 후에는 촉촉하고 모공도 조여 주고 산뜻한 사용감이 좋습니다. 다만 가격이 좀 아쉬워 세일할 때 모공을 위해 재구매하겠습니다.,자극성,자극적이지 않으면서,1,[속성] 자극성 [문장] 자극적이지 않으면서,0,자극성,unchanged
test,train,[속성] 자극성 [문장] 순한것 같네요.,591855,쇼핑몰,스킨케어,OO 클렌징 폼 150ml 1개,"ㅇㅇㅇ 처음 써 보는데 아이리무버, 클렌징 오일로 하고 마지막 세안단계에서 사용하는데 피부에 자극적이지 않고 순한것 같네요. 저한테 맞는 것 같아요. 노폐물이 사라지는 느낌이 들어요. 이번엔 유통기한이 좀 짧은걸로 왔는데 다음에는 유통기한 긴 걸로 받고 싶어요.",자극성,순한것 같네요.,1,[속성] 자극성 [문장] 순한것 같네요.,0,자극성,unchanged
test,train,[속성] 발림성 [문장] 발림도 좋습니다,600802,쇼핑몰,스킨케어,OO 선** 선크림 55ml 1개,주위에서 좋은 선크림이라 해서 사봤는데 바를 때 밀림 없고 제형이 묽어서 발림도 좋습니다. 바르고 나면 너무 매트해서 건성피부에는 제품이 잘 안 맞는 것 같습니다..,발림성,발림도 좋습니다,1,[속성] 발림성 [문장] 발림도 좋습니다,0,발림성,unchanged
test,train,[속성] 가격 [문장] 가격은 저렴하지만,599579,쇼핑몰,스킨케어,OO 더** 스킨 선로션 200ml 1개,운동할 때 매일 바르고 있네요 얼굴하고 목하고 주로 바르고 있습니다 가격은 저렴하지만 품질이 좋습니다 백탁현상 없이 운동하러가기전에 바르면 좋아요,가격,가격은 저렴하지만,1,[속성] 가격 [문장] 가격은 저렴하지만,0,가격,unchanged
test,train,[속성] 품질 [문장] 품질이 좋습니다,599579,쇼핑몰,스킨케어,OO 더** 스킨 선로션 200ml 1개,운동할 때 매일 바르고 있네요 얼굴하고 목하고 주로 바르고 있습니다 가격은 저렴하지만 품질이 좋습니다 백탁현상 없이 운동하러가기전에 바르면 좋아요,품질,품질이 좋습니다,1,[속성] 품질 [문장] 품질이 좋습니다,0,품질,unchanged
test,train,[속성] 흡수력 [문장] 백탁현상 없이,599579,쇼핑몰,스킨케어,OO 더** 스킨 선로션 200ml 1개,운동할 때 매일 바르고 있네요 얼굴하고 목하고 주로 바르고 있습니다 가격은 저렴하지만 품질이 좋습니다 백탁현상 없이 운동하러가기전에 바르면 좋아요,흡수력,백탁현상 없이,1,[속성] 흡수력 [문장] 백탁현상 없이,0,흡수력,unchanged
test,train,[속성] 편의성/활용성 [문장] 쓰기 편합니다.,587308,쇼핑몰,스킨케어,OO 멘** 포밍워시 200ml 2개,"아이가 여드름피부라 구입했습니다. 펌핑하면 바로 풍성한 거품이 나오니까 쓰기 편합니다. 거품 제형도 쫀득하고 부드러워 세안시 기분 좋습니다. 세안 후에 뽀득거리거나 미끈거리지 않는 느낌도 좋습니다. 향은 시트러스계열이라 상쾌한 느낌이긴한데, 무향이었으면 더 좋을 거 같습니다.",편의성/활용성,쓰기 편합니다.,1,[속성] 편의성/활용성 [문장] 쓰기 편합니다.,0,편의성/활용성,unchanged
test,validation,[속성] 기능/효과 [문장] 부드럽게 잘 씻기고,586934,쇼핑몰,스킨케어,OO 멘** 포밍워시 200ml 2개,여드름성 피부인데 마스크를 오랫동안 쓰고 있다 보니 피부에 뾰루지가 나서 폼 클렌징 찾다가 예전에 썼던 생각이 나서 다시 구입했어요. 부드럽게 잘 씻기고 피부 진정 효과도 되는 것 같아서 다시 구입 하고 싶네요. 계속 사용해서 여드름 진정 효과가 있으면 좋겠습니다.,기능/효과,부드럽게 잘 씻기고,1,[속성] 기능/효과 [문장] 부드럽게 잘 씻기고,0,기능/효과,unchanged
test,train,[속성] 흡수력 [문장] 번들거리지 않아서,593915,쇼핑몰,스킨케어,OO 그** 선 플러스 50ml 1개,OO OOO선크림이 순하다고 해서 구매했습니다. 처음에는 지성인 남편만 쓰다가 좋다고 해서 건성인 저도 쓰는데 자극이 없고 좋네요. 발림성도 두껍지 않고 얇게 발리고 번들거리지 않아서 누구에게나 부담이 없습니다. 피부톤 보정되는 제품이 아니라서 얼굴이 뽀얘지지 않아요. 화장 전에 발라도 괜찮습니다.,흡수력,번들거리지 않아서,1,[속성] 흡수력 [문장] 번들거리지 않아서,0,흡수력,unchanged
test,train,[속성] 기능/효과 [문장] 피부진정효과도 있고,587094,쇼핑몰,스킨케어,OO 멘** 포밍워시 200ml 2개,여드름성 피부에 필수템이네요. 피부진정효과도 있고 거품이 풍성하게 납니다. 은은하게 상큼한 레몬향도 나고. 세수 후 피부 많이 당기지 않고 데일리로 쓰는데 이 가격이면 훌륭하네요. 여러번 구매 후 효과 좋기를 바라며 사용중 입니다.,기능/효과,피부진정효과도 있고,1,[속성] 기능/효과 [문장] 피부진정효과도 있고,0,기능/효과,unchanged
test,train,[속성] 자극성 [문장] 자극없고,586974,쇼핑몰,스킨케어,OO 멘** 포밍워시 200ml 2개,OO 포밍워시는 여드름으로 고민하다가 친구 추천으로 사용하게 되었는데 자극없고 개운하게 씻겨서 좋습니다. 가격이 좀 나가지만 만족합니다.,자극성,자극없고,1,[속성] 자극성 [문장] 자극없고,0,자극성,unchanged
test,train,[속성] 기능/효과 [문장] 세정력도 괜찮고,582990,쇼핑몰,스킨케어,OO 마** 퓨어 클렌징오일 200ml 1개,원래 다른제품 쓰다가 이 제품으로 바꿨는데 허브향이 진한것 빼고는 세정력도 괜찮고 트러블 없이 잘 닦이는 편입니다. 하나 남긴 했는데 사은품 더 주셔서 또 구매했네요.,기능/효과,세정력도 괜찮고,1,[속성] 기능/효과 [문장] 세정력도 괜찮고,0,기능/효과,unchanged
test,train,"[속성] 향 [문장] 향도 순하고,",599121,쇼핑몰,스킨케어,OO 멀티 선크림 70ml 1개,"저렴한데 고가 제품이나 기능성이 떨어지지 않아서 주문했어요. 팔, 다리용으로 샀는데 얼굴에 발라도 좋을 것 같아요. 향도 순하고, 유통기간도 길어서 두개 다 2023년 중순까지네요.",향,"향도 순하고,",1,"[속성] 향 [문장] 향도 순하고,",0,향,unchanged
test,train,[속성] 유통기한 [문장] 유통기간도 길어서,599121,쇼핑몰,스킨케어,OO 멀티 선크림 70ml 1개,"저렴한데 고가 제품이나 기능성이 떨어지지 않아서 주문했어요. 팔, 다리용으로 샀는데 얼굴에 발라도 좋을 것 같아요. 향도 순하고, 유통기간도 길어서 두개 다 2023년 중순까지네요.",유통기한,유통기간도 길어서,1,[속성] 유통기한 [문장] 유통기간도 길어서,0,유통기한,unchanged
test,train,[속성] 흡수력 [문장] 백탁현상도 없어서,596130,쇼핑몰,스킨케어,OO 브라이트닝 업 선 플러스 50ml 1개,피부 자극도 없고 백탁현상도 없어서 늘 사용하는 선크림이네요. 사은품 구성이 좋고 가격 할인해서 싸게 구입했네요,흡수력,백탁현상도 없어서,1,[속성] 흡수력 [문장] 백탁현상도 없어서,0,흡수력,unchanged
test,validation,[속성] 색상 [문장] 무색이고,597896,쇼핑몰,스킨케어,OO 카** 선스틱 22g 1개,외출했을 때 손에 안 묻히고 바를 수 있어서 좋습니다. 양이 작아서 아쉽지만 무색이고 번들거리지 않고 피부 속당김도 없고 만족합니다.,색상,무색이고,0,[속성] 색상 [문장] 무색이고,2,색상,unchanged
test,train,[속성] 가격 [문장] 돈이 아깝네요.,598647,쇼핑몰,스킨케어,OO 멀티 선크림 70ml 1개,톤보정 메이크업 베이스 기능이 있다하여 사용해보니 별로네요.피부톤 보정도 안되고 얼굴만 번질번질하고 전혀 효과없네요.기대하고 구매했는데 돈이 아깝네요.,가격,돈이 아깝네요.,-1,[속성] 가격 [문장] 돈이 아깝네요.,1,가격,unchanged
test,train,[속성] 용량/개수 [문장] 양도 많지 않지만,600465,쇼핑몰,스킨케어,OO 밀** 상백 크림 50ml 1개,좀 비싸고 양도 많지 않지만 생각보다 오래 씁니다. 조금만 발라도 발림이 오래가고 생각보다 피부톤도 정리되어 환해 보입니다. 색상이 저한테는 살짝 밝아서 다음엔 다른 색상으로 바꿔 보려고 해요.,용량/개수,양도 많지 않지만,-1,[속성] 용량/개수 [문장] 양도 많지 않지만,1,용량,merged_duplicate_label
test,train,[속성] 향 [문장] 향이 너무 안 좋습니다.,582468,쇼핑몰,스킨케어,OO 마** 퓨어 클렌징오일 200ml 1개,문지를 때 쉽게 발리지 않고 좀 빡빡하게 발려요. 무엇보다도 향이 너무 안 좋습니다. 상큼한 향이 아니고 연고 냄새 같기도 하고 향이 너무 별로예요. 향 때문에 다시 사지 않을 듯해요.,향,향이 너무 안 좋습니다.,-1,[속성] 향 [문장] 향이 너무 안 좋습니다.,1,향,unchanged
test,train,[속성] 향 [문장] 상큼한 향이 아니고,582468,쇼핑몰,스킨케어,OO 마** 퓨어 클렌징오일 200ml 1개,문지를 때 쉽게 발리지 않고 좀 빡빡하게 발려요. 무엇보다도 향이 너무 안 좋습니다. 상큼한 향이 아니고 연고 냄새 같기도 하고 향이 너무 별로예요. 향 때문에 다시 사지 않을 듯해요.,향,상큼한 향이 아니고,-1,[속성] 향 [문장] 상큼한 향이 아니고,1,향,unchanged
test,train,[속성] 향 [문장] 향이 너무 별로예요.,582468,쇼핑몰,스킨케어,OO 마** 퓨어 클렌징오일 200ml 1개,문지를 때 쉽게 발리지 않고 좀 빡빡하게 발려요. 무엇보다도 향이 너무 안 좋습니다. 상큼한 향이 아니고 연고 냄새 같기도 하고 향이 너무 별로예요. 향 때문에 다시 사지 않을 듯해요.,향,향이 너무 별로예요.,-1,[속성] 향 [문장] 향이 너무 별로예요.,1,향,unchanged
test,train,[속성] 발림성 [문장] 부드럽게 발리는데,594698,쇼핑몰,스킨케어,OO 카** 더블쉴드 선스틱 22g 1개,발랐을 때 끈적이지도 매트하지도 않고 딱 적당해요.. 부드럽게 발리는데 제형이 투명해서 바른 곳 안 바른 곳 구분은 잘 안 되니 사용하기 불편합니다. 백탁현상 없어 부담 없이 바를 수 있어 좋습니다.,발림성,부드럽게 발리는데,1,[속성] 발림성 [문장] 부드럽게 발리는데,0,발림성,unchanged
test,train,[속성] 유통기한 [문장] 유통기한이 길어서 좋습니다.,595976,쇼핑몰,스킨케어,OO 브라이트닝 업 선 플러스 50ml 1개,착한 가격에 감사합니다. 유통기한이 길어서 좋습니다. 자외선 차단 효과가 좋으면 재구매할께요,유통기한,유통기한이 길어서 좋습니다.,1,[속성] 유통기한 [문장] 유통기한이 길어서 좋습니다.,0,유통기한,unchanged
test,train,[속성] 기능/효과 [문장] 세정력도 좋고,589452,쇼핑몰,스킨케어,OO 딥 클린 클렌저 175g 1개,"쫀득쫀득하고 부드러운 제형으로 거품도 잘나며 기본적인 베이스 메이크업 정도는 깔끔하게 세정됐어요. 약산성인 제품은 세정력이 약한 경우가 많은데 거품도 잘나고 세정력도 좋고 여드름 유발균을 억제하는 성분도 함유하고 있어서 여드름, 지성 피부가 사용하기에 너무 좋은 것 같습니다.",기능/효과,세정력도 좋고,1,[속성] 기능/효과 [문장] 세정력도 좋고,0,기능/효과,unchanged
test,train,[속성] 제형 [문장] 부드러운 제형으로,589452,쇼핑몰,스킨케어,OO 딥 클린 클렌저 175g 1개,"쫀득쫀득하고 부드러운 제형으로 거품도 잘나며 기본적인 베이스 메이크업 정도는 깔끔하게 세정됐어요. 약산성인 제품은 세정력이 약한 경우가 많은데 거품도 잘나고 세정력도 좋고 여드름 유발균을 억제하는 성분도 함유하고 있어서 여드름, 지성 피부가 사용하기에 너무 좋은 것 같습니다.",제형,부드러운 제형으로,1,[속성] 제형 [문장] 부드러운 제형으로,0,제형,unchanged
test,train,[속성] 발림성 [문장] 부드럽게 발라지는 제품입니다.,599670,쇼핑몰,스킨케어,OO 더** 스킨 선로션 200ml 1개,"부드럽게 발라지는 제품입니다. 생각보다 제형이 묽어 흘러내림으로 사용감이 불편할 수 있어요. 적당량을 덜어가며 사용하는 게 좋을 듯합니다. 가격 대비 양은 많지만, 향은 비누 냄새 같기도 하고 별로네요.",발림성,부드럽게 발라지는 제품입니다.,1,[속성] 발림성 [문장] 부드럽게 발라지는 제품입니다.,0,발림성,unchanged
test,train,[속성] 가격 [문장] 가격만 저렴하면 더 좋겠어요.,600507,쇼핑몰,스킨케어,OO 밀** 상백 크림 50ml 1개,썬크림으로 사용하고 있는데 화장 전에 바르면 자외선 차단효과가 좋아서 안심입니다. 메이크업베이스 겸용으로 사용하기도 좋고 끈적이지 않아서 화장하는데 부담이 없어서 좋습니다. 가격만 저렴하면 더 좋겠어요.,가격,가격만 저렴하면 더 좋겠어요.,-1,[속성] 가격 [문장] 가격만 저렴하면 더 좋겠어요.,1,가격,unchanged
test,train,[속성] 윤기/피부(톤) [문장] 톤업도 되고,596811,쇼핑몰,스킨케어,OO 브라이트닝 업 선 플러스 50ml 1개,여러가지 제품 사용해 봤지만 개인적으로 이 제품이 좋은것 같네요 .바르면 보송하고 톤업도 되고 가격이 비싸지만 이번에 세일해서 기회다 싶어 두세트 주문 했습니다. 사은품도 두루 챙겨 주시고 이런 세일 자주 했으면 좋겠습니다.,윤기/피부(톤),톤업도 되고,1,[속성] 윤기/피부(톤) [문장] 톤업도 되고,0,윤기/피부(톤),unchanged
test,validation,[속성] 용량/개수 [문장] 양이 적어 아쉽지만,593328,쇼핑몰,스킨케어,OO 그** 선 플러스 50ml 1개,"피부톤이 어두운 편인데, 바르면 화사해지니 너무 좋네요. 양이 적어 아쉽지만 끈적임도 덜하고 순해서 트러블없이 잘 사용하고 있네요.",용량/개수,양이 적어 아쉽지만,-1,[속성] 용량/개수 [문장] 양이 적어 아쉽지만,1,용량,merged_duplicate_label
test,train,[속성] 흡수력 [문장] 끈적임도 덜하고,593328,쇼핑몰,스킨케어,OO 그** 선 플러스 50ml 1개,"피부톤이 어두운 편인데, 바르면 화사해지니 너무 좋네요. 양이 적어 아쉽지만 끈적임도 덜하고 순해서 트러블없이 잘 사용하고 있네요.",흡수력,끈적임도 덜하고,1,[속성] 흡수력 [문장] 끈적임도 덜하고,0,흡수력,unchanged
test,train,[속성] 용량/개수 [문장] 양은 좀 아쉽네요.,593527,쇼핑몰,스킨케어,OO 그** 선 플러스 50ml 1개,"향이 무척 좋아요. 제형 질감이 부드럽고, 자극이 하나도 없어서 예민한 피부에 트러블이 일어나지 않네요. 데일리용으로 추천 드려요. 가격대랑 향 모두 무난하고 좋습니다. 양은 좀 아쉽네요.",용량/개수,양은 좀 아쉽네요.,-1,[속성] 용량/개수 [문장] 양은 좀 아쉽네요.,1,용량,merged_duplicate_label
test,train,[속성] 자극성 [문장] 자극적이지 않아 좋습니다.,587031,쇼핑몰,스킨케어,OO 멘** 포밍워시 200ml 2개,"민감한 피부에 잘 맞는 제품이네요. 거품이 풍성해서 씻기도 부담 없고 자극적이지 않아 좋습니다. 단점은 양이 적어 금방 쓴다는게 아쉽네요. 가격 부담이 있어, 가격 할인이나 1+1 행사할때 지나치지 않고 구매하고 있어요. 유통기간이 좀 길어야 할 듯합니다.",자극성,자극적이지 않아 좋습니다.,1,[속성] 자극성 [문장] 자극적이지 않아 좋습니다.,0,자극성,unchanged
test,train,[속성] 가격 [문장] 가격도 싸고,598060,쇼핑몰,스킨케어,OO 카** 선스틱 22g 1개,끈적이거나 번들거리지도 않고 뽀송뽀송 아주 좋습니다. 가격도 싸고 구매 수량 한정 되어있어서 아쉽습니다. 제품 완전 강추합니다.,가격,가격도 싸고,1,[속성] 가격 [문장] 가격도 싸고,0,가격,unchanged
test,train,[속성] 보습력/수분감 [문장] 촉촉해서,585071,쇼핑몰,스킨케어,OO 클** 클렌징젤 400ml 1개,한달동안 꾸준히 사용했는데 세정력도 좋고 건조하지 않고 촉촉해서 사용 잘 하고 있어요. 추천합니다.,보습력/수분감,촉촉해서,1,[속성] 보습력/수분감 [문장] 촉촉해서,0,보습력/수분감,unchanged
test,train,[속성] 흡수력 [문장] 번들거림이 덜하고,598020,쇼핑몰,스킨케어,OO 카** 선스틱 22g 1개,간편하게 쓱 문지르면 되니까 너무 편합니다. 생각보다 용량이 작아 아쉽네요. 번들거림이 덜하고 끈적임이 덜해 머리카락도 덜 붙어서 좋습니다.,흡수력,번들거림이 덜하고,1,[속성] 흡수력 [문장] 번들거림이 덜하고,0,흡수력,unchanged
test,train,[속성] 기능/효과 [문장] 거품도 많고,591792,쇼핑몰,스킨케어,OO 클렌징 폼 150ml 1개,순해서 좋습니다. 향도 좋아요. 기존에 밤제품 이용중이였는데 확실히 밤제품에 비해 거품도 많고 제형이 부드러워서 좋았어요. 세안 후 건조함은 살짝 있네요. 피부가 민감해서 트러블 생길까봐 걱정했는데 순해서 그런지 아무 이상 없네요. 만족합니다.,기능/효과,거품도 많고,1,[속성] 기능/효과 [문장] 거품도 많고,0,기능/효과,unchanged
test,train,[속성] 보습력/수분감 [문장] 피부가 시원하고,589631,쇼핑몰,스킨케어,OO 딥 클린 클렌저 175g 1개,피부에 정말 좋은 세안제이예요 사용후 세정력이 좋아서인지 피부가 시원하고 깨끗해지는 기분이 드네요 가격도 적당하고 용량이 넉넉해서 오래 사용할수 있어요 ○○○ 오래 사용했는데 이번 제품도 참 마음에 듭니다,보습력/수분감,피부가 시원하고,1,[속성] 보습력/수분감 [문장] 피부가 시원하고,0,보습력/수분감,unchanged
test,train,[속성] 용량/개수 [문장] 용량이 넉넉해서,589631,쇼핑몰,스킨케어,OO 딥 클린 클렌저 175g 1개,피부에 정말 좋은 세안제이예요 사용후 세정력이 좋아서인지 피부가 시원하고 깨끗해지는 기분이 드네요 가격도 적당하고 용량이 넉넉해서 오래 사용할수 있어요 ○○○ 오래 사용했는데 이번 제품도 참 마음에 듭니다,용량/개수,용량이 넉넉해서,1,[속성] 용량/개수 [문장] 용량이 넉넉해서,0,용량,merged_duplicate_label
test,train,[속성] 보습력/수분감 [문장] 전혀 안당기고,589524,쇼핑몰,스킨케어,OO 딥 클린 클렌저 175g 1개,가려움증 때문에 얼굴을 자주 씻는 편이에요. 툭하면 여드름이 나는 지성피부여서 세안을 정말 꼼꼼하게 해야 해요. 그런데 지성용 세안제들은 사용감이 지나치게 건조해서 늘 불만스러웠어요. 그렇다고 순하고 촉촉한 제품을 써보면 미끌거려서 안 씻은 느낌이라 못 쓰고요. 이 제품은 여드름성피부 전용이라 그런지 사용감이 남달라요. 전혀 안당기고 진짜 촉촉하네요. 수시로 씻어도 자극없이 딥클렌징이 되는 게 느껴져서 너무 좋습니다. 향도 은은하고 풍성한 거품이 쫀쫀해서 거품마사지 하기도 좋고 잔여감이 미끌거리지 않아서 기분 좋아요.,보습력/수분감,전혀 안당기고,1,[속성] 보습력/수분감 [문장] 전혀 안당기고,0,보습력/수분감,unchanged
test,train,[속성] 가격 [문장] 가격은 비싼 듯하네요.,587182,쇼핑몰,스킨케어,OO 멘** 포밍워시 200ml 2개,"몇 달째 사용중인 제품입니다. 코에 있던 피지들이 확실히 사라지는게 느껴지네요. 성인 여드름이라 볼주변과 입주변은 크게 나아지는 것 같진 않네요. 코피지는 확실히 잡아주는 것 같아 쓰고 있습니다. 효과가 좋아서 쓰고는 있지만, 이런 성분의 국내산 다른 제품이 있으면 바꾸고 싶어요. 용량은 적고, 가격은 비싼 듯하네요.",가격,가격은 비싼 듯하네요.,-1,[속성] 가격 [문장] 가격은 비싼 듯하네요.,1,가격,unchanged
test,train,[속성] 흡수력 [문장] 흡수력도 좋습니다.,600218,쇼핑몰,스킨케어,OO 밀** 상백 크림 50ml 1개,"요즘 산책 갈 때 이 제품만 바르고 나가도 괜찮은 듯합니다. 많이 번들거리지 않고, 흡수력도 좋습니다. 은은한 향이 아니라서 아쉽고, 제품 좋은 건 알지만 가격이 너무 비싸요.",흡수력,흡수력도 좋습니다.,1,[속성] 흡수력 [문장] 흡수력도 좋습니다.,0,흡수력,unchanged
test,train,[속성] 가격 [문장] 가격이 너무 비싸요.,600218,쇼핑몰,스킨케어,OO 밀** 상백 크림 50ml 1개,"요즘 산책 갈 때 이 제품만 바르고 나가도 괜찮은 듯합니다. 많이 번들거리지 않고, 흡수력도 좋습니다. 은은한 향이 아니라서 아쉽고, 제품 좋은 건 알지만 가격이 너무 비싸요.",가격,가격이 너무 비싸요.,-1,[속성] 가격 [문장] 가격이 너무 비싸요.,1,가격,unchanged
test,train,[속성] 커버력 [문장] 커버력이 좋아,595374,쇼핑몰,스킨케어,OO 선 메이트 70ml 1개,디자인이 예쁘네요 커버력이 좋아 메이크업 베이스를 대신할 수 있어 편리해요 꾸준히 애용하는 제품이예요 샘플이 적어 좀 아쉽네요,커버력,커버력이 좋아,1,[속성] 커버력 [문장] 커버력이 좋아,0,커버력,unchanged
test,train,[속성] 흡수력 [문장] 흡수력이 좋습니다.,599780,쇼핑몰,스킨케어,OO 더** 스킨 선로션 200ml 1개,"제형이 끈적이지 않고, 흡수력이 좋습니다. 가격대비 품질과 양이 많아요. 가성비가 좋은 제품이라 재 구매할 계획입니다.",흡수력,흡수력이 좋습니다.,1,[속성] 흡수력 [문장] 흡수력이 좋습니다.,0,흡수력,unchanged
test,train,[속성] 용량/개수 [문장] 양이 많아요.,599780,쇼핑몰,스킨케어,OO 더** 스킨 선로션 200ml 1개,"제형이 끈적이지 않고, 흡수력이 좋습니다. 가격대비 품질과 양이 많아요. 가성비가 좋은 제품이라 재 구매할 계획입니다.",용량/개수,양이 많아요.,1,[속성] 용량/개수 [문장] 양이 많아요.,0,용량,merged_duplicate_label
test,train,[속성] 용량/개수 [문장] 양이 많아 좋습니다.,587931,쇼핑몰,스킨케어,OO 시** 오일 280ml 1개,배송이 굉장히 빠르네요. 전에 쓰던 제품이 너무 오래 써서 질려서 새로운 걸 써보려고 주문했는데 우선 양이 많아 좋습니다. 여름이라 선크림을 쓰니 화장 안 해도 클렌징 오일이 필요한데 대용량이라 우선 마음에 들어요. 처음 사용할 때 향이 약간은 거부감 들었는데 쓰다보니 무향에 가깝게 느껴지네요. 전에 쓰던 오일보다 제형이 조금 가벼운 느낌이에요. 가볍게 발리는 느낌이 들어요. 세정력은 특별히 다른 제품에 비해 좋지도 나쁘지도 않아요. 선크림 지우는 용도로는 세정력은 괜찮은 거 같아요. 저렴하게 부담 없이 쓰기에 무난한 제품입니다.,용량/개수,양이 많아 좋습니다.,1,[속성] 용량/개수 [문장] 양이 많아 좋습니다.,0,용량,merged_duplicate_label
test,train,[속성] 가격 [문장] 저렴하게,587931,쇼핑몰,스킨케어,OO 시** 오일 280ml 1개,배송이 굉장히 빠르네요. 전에 쓰던 제품이 너무 오래 써서 질려서 새로운 걸 써보려고 주문했는데 우선 양이 많아 좋습니다. 여름이라 선크림을 쓰니 화장 안 해도 클렌징 오일이 필요한데 대용량이라 우선 마음에 들어요. 처음 사용할 때 향이 약간은 거부감 들었는데 쓰다보니 무향에 가깝게 느껴지네요. 전에 쓰던 오일보다 제형이 조금 가벼운 느낌이에요. 가볍게 발리는 느낌이 들어요. 세정력은 특별히 다른 제품에 비해 좋지도 나쁘지도 않아요. 선크림 지우는 용도로는 세정력은 괜찮은 거 같아요. 저렴하게 부담 없이 쓰기에 무난한 제품입니다.,가격,저렴하게,1,[속성] 가격 [문장] 저렴하게,0,가격,unchanged
test,train,[속성] 흡수력 [문장] 백탁현상도 없고,600387,쇼핑몰,스킨케어,OO 밀** 상백 크림 50ml 1개,ㅇㅇㅇ ㅇㅇ크림 한번 써보고 좋아서 주변 선물로 구입합니다. 백탁현상도 없고 마무리감도 보송하고 발림성 흡수력 다 좋네요. 데일리용으로 좋아요.,흡수력,백탁현상도 없고,1,[속성] 흡수력 [문장] 백탁현상도 없고,0,흡수력,unchanged
test,train,[속성] 기능/효과 [문장] 데일리용으로 좋아요.,600387,쇼핑몰,스킨케어,OO 밀** 상백 크림 50ml 1개,ㅇㅇㅇ ㅇㅇ크림 한번 써보고 좋아서 주변 선물로 구입합니다. 백탁현상도 없고 마무리감도 보송하고 발림성 흡수력 다 좋네요. 데일리용으로 좋아요.,기능/효과,데일리용으로 좋아요.,1,[속성] 기능/효과 [문장] 데일리용으로 좋아요.,0,기능/효과,unchanged
test,validation,"[속성] 향 [문장] 좋아하는 향은 아니지만,",599627,쇼핑몰,스킨케어,OO 더** 스킨 선로션 200ml 1개,"백탁현상 좀 있는데, 바르고 좀 지나면 흡수되어 원래 피부처럼 보여서 괜찮아요. 좋아하는 향은 아니지만, 저렴한 가격에 다음에도 구매할 듯합니다.",향,"좋아하는 향은 아니지만,",-1,"[속성] 향 [문장] 좋아하는 향은 아니지만,",1,향,unchanged
test,train,[속성] 제형 [문장] 제형이 부드러워서 좋고,585428,쇼핑몰,스킨케어,OO 클** 클렌징젤 400ml 1개,한통 다 쓰고 저렴한 온라인으로 샀어요. 순하고 제형이 부드러워서 좋고 깨끗하게 닦이는 느낌이라 좋아요. 바디겸용으로 써도 너무 좋습니다.,제형,제형이 부드러워서 좋고,1,[속성] 제형 [문장] 제형이 부드러워서 좋고,0,제형,unchanged
test,train,[속성] 보습력/수분감 [문장] 촉촉하구요.,600591,쇼핑몰,스킨케어,OO 카** 선스틱 22g 1개,항상 이 제품만 사용해요. 발림성 좋고 끈적거림은 덜하네요. 촉촉하구요. 백탁이 조금 있어 톤업도 되어 좋습니다.,보습력/수분감,촉촉하구요.,1,[속성] 보습력/수분감 [문장] 촉촉하구요.,0,보습력/수분감,unchanged
test,train,[속성] 흡수력 [문장] 끈적하고,600490,쇼핑몰,스킨케어,OO 밀** 상백 크림 50ml 1개,예전에 샘플 써보고 좋아서 구입했는데 리뉴얼이 되었나봐요. 전혀 이 가격대 품질이 아닙니다. 빨리 흡수도 안 되고 끈적하고 톤업도 안 되네요. 백탁만 없습니다. 톤업 되는 거면 백탁이 적당히 되어야 하는 것 같은데 말이죠. 톤업은 포기하더라도 산뜻함 없는 사용감이 너무 안 좋아요. 선물용이었는데 화장이 뜨는 것 같아 그냥 제가 쓰고 있습니다.,흡수력,끈적하고,-1,[속성] 흡수력 [문장] 끈적하고,1,흡수력,unchanged
test,train,[속성] 보습력/수분감 [문장] 촉촉하니,597039,쇼핑몰,스킨케어,OO 메** UV 울트라 선 50ml 1개,자외선 차단이 강력한 제품을 찾고 있었습니다. 후기들 참고한 후 사용해 보았는데 OOO가 다른 선크림보다 저에게 더 잘 맞는 것 같아서 계속 구매할 생각이에요. 백탁현상은 좀 있지만 몇 번 두드리면 잘 흡수되고 촉촉하니 잘 발립니다. 마스크를 쓰다보니 묻어남은 어쩔 수 없지만 마음에 들어요.,보습력/수분감,촉촉하니,1,[속성] 보습력/수분감 [문장] 촉촉하니,0,보습력/수분감,unchanged
test,train,[속성] 발림성 [문장] 잘 발립니다.,597039,쇼핑몰,스킨케어,OO 메** UV 울트라 선 50ml 1개,자외선 차단이 강력한 제품을 찾고 있었습니다. 후기들 참고한 후 사용해 보았는데 OOO가 다른 선크림보다 저에게 더 잘 맞는 것 같아서 계속 구매할 생각이에요. 백탁현상은 좀 있지만 몇 번 두드리면 잘 흡수되고 촉촉하니 잘 발립니다. 마스크를 쓰다보니 묻어남은 어쩔 수 없지만 마음에 들어요.,발림성,잘 발립니다.,1,[속성] 발림성 [문장] 잘 발립니다.,0,발림성,unchanged
test,train,[속성] 피부타입 [문장] 건성피부에 좋습니다.,582831,쇼핑몰,스킨케어,OO 마** 퓨어 클렌징오일 200ml 1개,블랙헤드 제거에 탁월합니다. 겨울에 비누나 폼클렌징 안하고 이 제품만 사용해도 건성피부에 좋습니다. 가격도 저렴하게 샀어요. 증정용사은품도 받아서 좋습니다. 사용기한이 좀 아쉽네요.,피부타입,건성피부에 좋습니다.,1,[속성] 피부타입 [문장] 건성피부에 좋습니다.,0,피부타입,unchanged
test,train,[속성] 사용감 [문장] 사용감이 좋습니다.,596320,쇼핑몰,스킨케어,OO 브라이트닝 업 선 플러스 50ml 1개,자외선 차단제 다른 제품 사용 중에 눈이 따가워서 불편을 겪다가 이 제품을 찾았어요. 눈이 따갑지 않아서 잘 사용하고 있습니다. 다른 제품보다 흡수되는 느낌이 가볍고 사용감이 좋습니다. 다만 유통기한이 짧아서 아쉽네요.,사용감,사용감이 좋습니다.,1,[속성] 사용감 [문장] 사용감이 좋습니다.,0,사용감,unchanged
test,train,[속성] 유통기한 [문장] 유통기한이 짧아서 아쉽네요.,596320,쇼핑몰,스킨케어,OO 브라이트닝 업 선 플러스 50ml 1개,자외선 차단제 다른 제품 사용 중에 눈이 따가워서 불편을 겪다가 이 제품을 찾았어요. 눈이 따갑지 않아서 잘 사용하고 있습니다. 다른 제품보다 흡수되는 느낌이 가볍고 사용감이 좋습니다. 다만 유통기한이 짧아서 아쉽네요.,유통기한,유통기한이 짧아서 아쉽네요.,-1,[속성] 유통기한 [문장] 유통기한이 짧아서 아쉽네요.,1,유통기한,unchanged
test,train,[속성] 가격 [문장] 가격대가 좀 있어서,587138,쇼핑몰,스킨케어,OO 멘** 포밍워시 200ml 2개,가격대가 좀 있어서 다른 제품을 기웃거리다가도 이걸로 되돌아오게 됩니다. 자극도 없고 좋습니다. 조금 더 저렴하기만 하면 좋을 텐데요. 아니면 대용량을 판매하든지요.,가격,가격대가 좀 있어서,-1,[속성] 가격 [문장] 가격대가 좀 있어서,1,가격,unchanged
test,train,[속성] 자극성 [문장] 자극도 없고 좋습니다.,587138,쇼핑몰,스킨케어,OO 멘** 포밍워시 200ml 2개,가격대가 좀 있어서 다른 제품을 기웃거리다가도 이걸로 되돌아오게 됩니다. 자극도 없고 좋습니다. 조금 더 저렴하기만 하면 좋을 텐데요. 아니면 대용량을 판매하든지요.,자극성,자극도 없고 좋습니다.,1,[속성] 자극성 [문장] 자극도 없고 좋습니다.,0,자극성,unchanged
test,train,[속성] 발림성 [문장] 부드럽게 발립니다.,596893,쇼핑몰,스킨케어,OO 센** 선스틱 22g 1개,마데카에서 만든거라 향은 은은해서 좋네요. 발림성도 좋아서 부드럽게 발립니다. 코와 뺨있는 부분인 굴곡진 부분을 바를때 스틱에 내용물이 약간씩 떨어져서 붙어서 불편해요. 시원한 느낌은 잘 못 느꼈어요. 바른 후엔 끈적임이 다른선스틱보다는 덜 했는데 끈적임은 있었고 번들거림도 약간은 있었네요. 스틱을 다돌려서 확인해보았는데 용량이 실망스러울 정도로 작았어요.,발림성,부드럽게 발립니다.,1,[속성] 발림성 [문장] 부드럽게 발립니다.,0,발림성,unchanged
test,train,[속성] 흡수력 [문장] 무겁지 않고,600640,쇼핑몰,스킨케어,OO 선** 선크림 55ml 1개,무겁지 않고 백탁현상도 없어서 용량대로 바를수 있어서 좋습니다. 선크림은 일년 내내 쓰는 제품이라 넉넉히 주문했습니다.,흡수력,무겁지 않고,1,[속성] 흡수력 [문장] 무겁지 않고,0,흡수력,unchanged
test,train,[속성] 사용감 [문장] 사용감이 편안합니다.,585890,쇼핑몰,스킨케어,OO 클** 클렌징젤 400ml 1개,수부지 여드름 피부에 잘 맞습니다. 약산성 제품 중 이만큼 좋은 것은 못 봤습니다. 이 제품을 사용하면 피부가 보들보들해지고 사용감이 편안합니다. 거품을 충분히 내서 살살 씻어주면 피부에 자극도 없어 좋습니다. 배송도 빠르고 쿠폰도 줘서 저렴하게 주문했는데 샘플까지 좋아서 재구매할 생각입니다. 효과 기대보겠습니다.,사용감,사용감이 편안합니다.,1,[속성] 사용감 [문장] 사용감이 편안합니다.,0,사용감,unchanged
test,train,[속성] 보습력/수분감 [문장] 당김도 덜하고,587603,쇼핑몰,스킨케어,OO 시** 오일 280ml 1개,상품후기가 많아서 저도 써보려고 주문했습니다. 제형이 기름기 많지 않고 세정 잘 됩니다. 세안 후 당김도 덜하고 잘 닦여요. 메이크업도 잘 지워지는 편이네요.,보습력/수분감,당김도 덜하고,1,[속성] 보습력/수분감 [문장] 당김도 덜하고,0,보습력/수분감,unchanged
test,validation,[속성] 기능/효과 [문장] 뽀득한 느낌은 없지만,585001,쇼핑몰,스킨케어,OO 클** 클렌징젤 400ml 1개,세안 후 뽀득한 느낌은 없지만 당기지 않아서 좋네요. 대용량이어서 오래 쓸 수 있고 세안 뿐 아니라 바디용으로 샤워 할 때도 사용할 수 있어서 좋네요. ㅇㅇㅇ 하나로 다 해결 가능합니다. 촉촉한 느낌 있어요. ㅇㅇㅇ 젤 사용하다가 다른 제품 사용하면 당기는 느낌이 너무 심해서 다시 정착하게 되는 제품이에요. 대용량이라 언제 다 사용 할지 모르겠지만 재 구매 하려고 합니다. ㅇㅇ이나 ㅇㅇㅇ에서 구입 하는 것 보다 인터넷 주문 시 가격이 더 좋아서 또 재 구매 하러 올께요.,기능/효과,뽀득한 느낌은 없지만,-1,[속성] 기능/효과 [문장] 뽀득한 느낌은 없지만,1,기능/효과,unchanged
test,train,[속성] 용량/개수 [문장] 용량이 많아서 좋아요.,599655,쇼핑몰,스킨케어,OO 더** 스킨 선로션 200ml 1개,저렴한 가격에 좋은 품질이라 만족하는 제품입니다. 용량이 많아서 좋아요. 제형이 묽은 로션 같은 느낌이라 한번 바를 때 많이 바르게 되네요.,용량/개수,용량이 많아서 좋아요.,1,[속성] 용량/개수 [문장] 용량이 많아서 좋아요.,0,용량,merged_duplicate_label
test,train,[속성] 보습력/수분감 [문장] 촉촉한 편이에요.,587706,쇼핑몰,스킨케어,OO 시** 오일 280ml 1개,오래 롤링하면 코 블랙헤드 제거가 잘됩니다. 중요한 세정력도 좋아서 클렌징 오일은 이걸로 사용하려고 합니다. 파란색 제품도 있던데 젖은 손으로 클렌징한다는 생각을 안 해봐서 이 제품이 저에게 맞아요. 이 제품보다 나은 제품 못 찾으면 몇 통이나 재구매할 것 같네요. 몇 번 반복해서 화장을 지우는 편인데 눈과 피부가 따갑거나 자극되는 느낌이 없습니다. 단지 씻은 후 뽀드득한 사용감이 들지는 않고 촉촉한 편이에요. 평소에 진한 화장은 하지 않아서 포인트 화장도 OOO 하나로 지우는데 잘 지워져요. 유화도 잘됩니다.,보습력/수분감,촉촉한 편이에요.,1,[속성] 보습력/수분감 [문장] 촉촉한 편이에요.,0,보습력/수분감,unchanged
test,train,[속성] 흡수력 [문장] 번들거리지 않아 좋습니다.,598057,쇼핑몰,스킨케어,OO 카** 선스틱 22g 1개,"스틱 면적이 넓어서 한번에 발라져서 좋아요. 눈에 들어가도 따끔한 느낌도 없고, 번들거리지 않아 좋습니다. 가격도 저렴해서 여기저기 생각날 때마다 바르려고 구매했어요. 크림 타입 제형 보다 훨씬 사용하기 편하네요.",흡수력,번들거리지 않아 좋습니다.,1,[속성] 흡수력 [문장] 번들거리지 않아 좋습니다.,0,흡수력,unchanged
test,train,[속성] 보습력/수분감 [문장] 촉촉하니 좋습니다.,597918,쇼핑몰,스킨케어,OO 카** 선스틱 22g 1개,기초화장 후 선크림 바른 후 이 제품으로 덧발랐는데 잘 발리고 촉촉하니 좋습니다. 양이 작아서 아쉽지만 효과를 기대하며 사용해 보고 좋으면 계속 재구매할꺼예요.,보습력/수분감,촉촉하니 좋습니다.,1,[속성] 보습력/수분감 [문장] 촉촉하니 좋습니다.,0,보습력/수분감,unchanged
test,train,[속성] 유통기한 [문장] 유통기한이 더 길었으면 좋겠어요.,591785,쇼핑몰,스킨케어,OO 클렌징 폼 150ml 1개,시원한 향에 대한 후기가 좋던데 그 이유를 알겠어요. 세안 할때 시원하고 청량감 있습니다. 성분도 좋은 것 같고 소다 성분이 첨가되어 피지나 노폐물을 씻어준다고 해서 좋습니다. 쌓여 있던 노폐물들을 깔끔히 제거해 주네요. 모공까지 씻어내면서 줄어들게 해주는 것 같아요. 메이크업을 하지 않는 분들께 주는 선물용으로도 괜찮을 듯 합니다. 썬크림 정도는 깔끔하게 지워주는 OOO 폼이라서 좋아요. 확실히 향도 시원해서 누구나 좋아할 듯 합니다. 좋은 제품 감사해요. 다만 유통기한이 더 길었으면 좋겠어요.,유통기한,유통기한이 더 길었으면 좋겠어요.,-1,[속성] 유통기한 [문장] 유통기한이 더 길었으면 좋겠어요.,1,유통기한,unchanged
test,train,[속성] 가격 [문장] 가격은 저렴하게 샀습니다.,598145,쇼핑몰,스킨케어,OO 카** 선스틱 22g 1개,유분이 적다고 해서 기대했지만 별 차이는 못 느끼겠네요. 날이 너무 더워서 그럴지도 모르지만 사용하기 편하니까 선스틱은 계속 쓰는 걸로 해요. 다른 곳보다 가격은 저렴하게 샀습니다.,가격,가격은 저렴하게 샀습니다.,1,[속성] 가격 [문장] 가격은 저렴하게 샀습니다.,0,가격,unchanged
test,train,[속성] 기능/효과 [문장] 미끈거리지 않고,585633,쇼핑몰,스킨케어,OO 클** 클렌징젤 400ml 1개,처음에는 용량이 넉넉해서 구매했는데 실제로 사용하고 보니 세정력도 좋고 순해서 마음에 드네요. 세안하고 나면 아주 뽀드득한 느낌이 드는 것은 아니지만 미끈거리지 않고 오히려 수분이 남아 있어 촉촉하네요.가격이 비싸 아쉬워요.,기능/효과,미끈거리지 않고,1,[속성] 기능/효과 [문장] 미끈거리지 않고,0,기능/효과,unchanged
test,train,[속성] 자극성 [문장] 피부에 자극도 없고,582699,쇼핑몰,스킨케어,OO 마** 퓨어 클렌징오일 200ml 1개,피부에 자극도 없고 순하고 좋습니다. 보통 오일로 클렌징을 하는 편이라 많은 제품을 사용해 봤는데 이 제품은 평균 이상이네요. 구성은 아쉽지만 가성비 좋아서 추가 구매 생각합니다.,자극성,피부에 자극도 없고,1,[속성] 자극성 [문장] 피부에 자극도 없고,0,자극성,unchanged
test,train,[속성] 제품구성 [문장] 구성은 아쉽지만,582699,쇼핑몰,스킨케어,OO 마** 퓨어 클렌징오일 200ml 1개,피부에 자극도 없고 순하고 좋습니다. 보통 오일로 클렌징을 하는 편이라 많은 제품을 사용해 봤는데 이 제품은 평균 이상이네요. 구성은 아쉽지만 가성비 좋아서 추가 구매 생각합니다.,제품구성,구성은 아쉽지만,-1,[속성] 제품구성 [문장] 구성은 아쉽지만,1,제품구성,unchanged
test,train,[속성] 가격 [문장] 가성비 좋아서,582699,쇼핑몰,스킨케어,OO 마** 퓨어 클렌징오일 200ml 1개,피부에 자극도 없고 순하고 좋습니다. 보통 오일로 클렌징을 하는 편이라 많은 제품을 사용해 봤는데 이 제품은 평균 이상이네요. 구성은 아쉽지만 가성비 좋아서 추가 구매 생각합니다.,가격,가성비 좋아서,1,[속성] 가격 [문장] 가성비 좋아서,0,가격,unchanged
test,train,[속성] 커버력 [문장] 피부 커버도 되고,595883,쇼핑몰,스킨케어,OO 브라이트닝 업 선 플러스 50ml 1개,썬크림이지만 피부 커버도 되고 발림성도 좋습니다. 여름에 사용감이 답답한 감은 있습니다. 민감성 피부라 저에게는 잘 맞아 이 제품만 사용합니다. 휴대하기 좋게 출시 되었으면 좋겠습니다.,커버력,피부 커버도 되고,1,[속성] 커버력 [문장] 피부 커버도 되고,0,커버력,unchanged
test,train,[속성] 발림성 [문장] 발림이 좋아,595002,쇼핑몰,스킨케어,OO 선 메이트 70ml 1개,생각한것보다 용기가 큽니다. 양이 많아요. 제형이 흐르는 제형은 아닌데 발림이 좋아 잘 스며들고 좋아요. 향도 은은한 느낌이라 좋네요. 일단 바르고 자외선 차단이 잘돼 피부가 타지 않아서 좋아요.샘플이 작아 아쉽네요.,발림성,발림이 좋아,1,[속성] 발림성 [문장] 발림이 좋아,0,발림성,unchanged
test,train,[속성] 보습력/수분감 [문장] 당김도 없네요.,585861,쇼핑몰,스킨케어,OO 클** 클렌징젤 400ml 1개,여드름 피부라 오랫동안 사용하고 있는데 좋습니다. 피지가 줄어든다던가 하는건 없지만 얼굴에 각질이 많이 정리되고 얼굴 당김도 없네요. 유통기한이 좀 더 길면 좋을 것 같습니다.,보습력/수분감,당김도 없네요.,1,[속성] 보습력/수분감 [문장] 당김도 없네요.,0,보습력/수분감,unchanged
test,train,[속성] 보습력/수분감 [문장] 촉촉하면서도,585294,쇼핑몰,스킨케어,OO 클** 클렌징젤 400ml 1개,늘 써오던 제품인데 세정력 뛰어나고 세수후 모공 정리가 되면서 촉촉하면서도 탱탱해집니다. 잘 씻겨서 산뜻하게 피부가 정리되는 느낌 상쾌해요.,보습력/수분감,촉촉하면서도,1,[속성] 보습력/수분감 [문장] 촉촉하면서도,0,보습력/수분감,unchanged
test,train,[속성] 가격 [문장] 가격이 저렴해서 사용합니다.,598530,쇼핑몰,스킨케어,OO 멀티 선크림 70ml 1개,"제형이 많이 묽네요. 흡수력이 좋아 바른지 안바른지 모르겠네요. 백탁현상은 전혀 없고, 가격이 저렴해서 사용합니다.",가격,가격이 저렴해서 사용합니다.,1,[속성] 가격 [문장] 가격이 저렴해서 사용합니다.,0,가격,unchanged
test,train,[속성] 가격 [문장] 좋은 가격에 잘 샀습니다.,596870,쇼핑몰,스킨케어,OO 센** 선스틱 22g 1개,편하게 바를 수 있어서 좋습니다. 생각보다 시원한 느낌이 없습니다. 효과는 보통 썬스틱 같습니다. 좋은 가격에 잘 샀습니다.,가격,좋은 가격에 잘 샀습니다.,1,[속성] 가격 [문장] 좋은 가격에 잘 샀습니다.,0,가격,unchanged
test,train,[속성] 가격 [문장] 저렴한 가격으로 구매했습니다.,600818,쇼핑몰,스킨케어,OO 선** 선크림 55ml 1개,"선크림 저렴한 가격으로 구매했습니다. 발림성도 좋지만, 양은 생각보다 적네요. 많이 파십시요.",가격,저렴한 가격으로 구매했습니다.,1,[속성] 가격 [문장] 저렴한 가격으로 구매했습니다.,0,가격,unchanged
test,train,[속성] 흡수력 [문장] 보송해서 좋습니다.,594697,쇼핑몰,스킨케어,OO 카** 더블쉴드 선스틱 22g 1개,보송해서 좋습니다. 무색이라 어디가 발렸는지 보이진 않지만 문질문질해서 잘 쓰고 있습니다. 양이 작아서 아쉽지만 화장이 뜨지 않아 좋아요. 추천합니다.,흡수력,보송해서 좋습니다.,1,[속성] 흡수력 [문장] 보송해서 좋습니다.,0,흡수력,unchanged
test,train,[속성] 편의성/활용성 [문장] 사용하기 편리해서 좋습니다.,594261,쇼핑몰,스킨케어,OO 카** 더블쉴드 선스틱 22g 1개,써보고 좋아서 주문했어요. 용량도 넉넉하고 좋은거 같습니다. 발림성도 좋고 사용하기 편리해서 좋습니다.,편의성/활용성,사용하기 편리해서 좋습니다.,1,[속성] 편의성/활용성 [문장] 사용하기 편리해서 좋습니다.,0,편의성/활용성,unchanged
test,train,[속성] 흡수력 [문장] 끈적임없고,593578,쇼핑몰,스킨케어,OO 그** 선 플러스 50ml 1개,끈적임없고 발림성이 좋습니다. 순해서 사용하기 좋고요. 가성비 좋네요.,흡수력,끈적임없고,1,[속성] 흡수력 [문장] 끈적임없고,0,흡수력,unchanged
test,train,[속성] 가격 [문장] 가성비 좋네요.,593578,쇼핑몰,스킨케어,OO 그** 선 플러스 50ml 1개,끈적임없고 발림성이 좋습니다. 순해서 사용하기 좋고요. 가성비 좋네요.,가격,가성비 좋네요.,1,[속성] 가격 [문장] 가성비 좋네요.,0,가격,unchanged
test,train,[속성] 발림성 [문장] 발림성도 괜찮고,599559,쇼핑몰,스킨케어,OO 더** 스킨 선로션 200ml 1개,바디용으로 구입한 썬크림이라 큰 기대는 안하고 얼굴만 바르고 다니다보니 팔다리가 타는 걸 별로 신경 안 썼습니다 OOO는 이름값은 하니까 괜찮겠다 싶어 주문했습니다 발림성도 괜찮고 흡수력도 괜찮고 향기도 괜찮고 모든면에 중상은 되는 제품입니다,발림성,발림성도 괜찮고,1,[속성] 발림성 [문장] 발림성도 괜찮고,0,발림성,unchanged
test,train,[속성] 흡수력 [문장] 흡수력도 괜찮고,599559,쇼핑몰,스킨케어,OO 더** 스킨 선로션 200ml 1개,바디용으로 구입한 썬크림이라 큰 기대는 안하고 얼굴만 바르고 다니다보니 팔다리가 타는 걸 별로 신경 안 썼습니다 OOO는 이름값은 하니까 괜찮겠다 싶어 주문했습니다 발림성도 괜찮고 흡수력도 괜찮고 향기도 괜찮고 모든면에 중상은 되는 제품입니다,흡수력,흡수력도 괜찮고,1,[속성] 흡수력 [문장] 흡수력도 괜찮고,0,흡수력,unchanged
test,train,[속성] 향 [문장] 향기도 괜찮고,599559,쇼핑몰,스킨케어,OO 더** 스킨 선로션 200ml 1개,바디용으로 구입한 썬크림이라 큰 기대는 안하고 얼굴만 바르고 다니다보니 팔다리가 타는 걸 별로 신경 안 썼습니다 OOO는 이름값은 하니까 괜찮겠다 싶어 주문했습니다 발림성도 괜찮고 흡수력도 괜찮고 향기도 괜찮고 모든면에 중상은 되는 제품입니다,향,향기도 괜찮고,1,[속성] 향 [문장] 향기도 괜찮고,0,향,unchanged
test,train,[속성] 성분 [문장] 성분이 순하고,593464,쇼핑몰,스킨케어,OO 그** 선 플러스 50ml 1개,항상 사용하는 선크림이네요. 성분이 순하고 눈시림이 없어서 사용합니다. 자외선 차단 효과도 높고 발림성과 보송함이 마음에 들어요. 용량만 조금 더 컸으면 좋았겠어요.,성분,성분이 순하고,1,[속성] 성분 [문장] 성분이 순하고,0,성분,unchanged
test,train,[속성] 보습력/수분감 [문장] 당김없고,587192,쇼핑몰,스킨케어,OO 멘** 포밍워시 200ml 2개,자극 없고 데일리 세정용으로 만족합니다. 클렌징폼은 아니여서 세수 할때 사용하면 당김없고 피부도 촉촉해집니다. 향도 자극적이지 않아요. 양이 많지 않아 아쉬워요.,보습력/수분감,당김없고,1,[속성] 보습력/수분감 [문장] 당김없고,0,보습력/수분감,unchanged
test,validation,[속성] 향 [문장] 향도 자극적이지 않아요.,587192,쇼핑몰,스킨케어,OO 멘** 포밍워시 200ml 2개,자극 없고 데일리 세정용으로 만족합니다. 클렌징폼은 아니여서 세수 할때 사용하면 당김없고 피부도 촉촉해집니다. 향도 자극적이지 않아요. 양이 많지 않아 아쉬워요.,향,향도 자극적이지 않아요.,1,[속성] 향 [문장] 향도 자극적이지 않아요.,0,향,unchanged
test,train,[속성] 기능/효과 [문장] 거품도 풍성해서,591783,쇼핑몰,스킨케어,OO 클렌징 폼 150ml 1개,"일주일 사용 후기에요. 옥수수 첨가물도 그렇고 피부에 무해한 성분들로 구성되어 있어서 저자극에 세척력은 별로겠다고 생각했어요. 생각과는 전혀 다르게 세척력도 좋고, 거품도 풍성해서 다른 오일 밤 같은 걸 사용 안해도 되는 듯합니다. 확실히 세척후에도 피부 당기는 느낌이 없고, 쓰기 적합한 제품인 거 같아 좋아요. 향은 별로인듯하고, 쓰다 보니 양은 좀 아쉽네요.",기능/효과,거품도 풍성해서,1,[속성] 기능/효과 [문장] 거품도 풍성해서,0,기능/효과,unchanged
test,train,[속성] 윤기/피부(톤) [문장] 매끈합니다.,590711,쇼핑몰,스킨케어,OO 뉴** 에그팩 50g 6개,수 년째 쓰고 있습니다. 피지는 잘 씻깁니다. 예전엔 코에 피지로 울퉁불퉁했는데 지금은 매끈합니다. 다만 향은 별로네요.,윤기/피부(톤),매끈합니다.,1,[속성] 윤기/피부(톤) [문장] 매끈합니다.,0,윤기/피부(톤),unchanged
test,train,"[속성] 용량/개수 [문장] 용량도 많고,",599678,쇼핑몰,스킨케어,OO 더** 스킨 선로션 200ml 1개,"야외운동시 잘 사용하는 제품입니다. 용량도 많고, 가격도 좋아 OOO 선크림 추천합니다. 선호하는 향이 아니라 아쉽지만, 다시 구매할 예정입니다. 할인할 때 구매하면 좋을 것 같아요.",용량/개수,"용량도 많고,",1,"[속성] 용량/개수 [문장] 용량도 많고,",0,용량,merged_duplicate_label
test,train,[속성] 가격 [문장] 가격도 좋아,599678,쇼핑몰,스킨케어,OO 더** 스킨 선로션 200ml 1개,"야외운동시 잘 사용하는 제품입니다. 용량도 많고, 가격도 좋아 OOO 선크림 추천합니다. 선호하는 향이 아니라 아쉽지만, 다시 구매할 예정입니다. 할인할 때 구매하면 좋을 것 같아요.",가격,가격도 좋아,1,[속성] 가격 [문장] 가격도 좋아,0,가격,unchanged
test,train,[속성] 자극성 [문장] 트러블은 없어요.,582288,쇼핑몰,스킨케어,OO 순** 클렌징오일 200ml 1개,성분이 오일이라서 피부 트러블 생길까 걱정 했는데 트러블은 없어요. 세안 후 피부가 보송해요. 세정력도 우수하고 피부 당김도 전혀 없어요. 좋은 가격에 잘 구매했어요. 보내주신 샘플도 잘 쓰고 있습니다.,자극성,트러블은 없어요.,1,[속성] 자극성 [문장] 트러블은 없어요.,0,자극성,unchanged
test,train,[속성] 기능/효과 [문장] 세정력도 우수하고,582288,쇼핑몰,스킨케어,OO 순** 클렌징오일 200ml 1개,성분이 오일이라서 피부 트러블 생길까 걱정 했는데 트러블은 없어요. 세안 후 피부가 보송해요. 세정력도 우수하고 피부 당김도 전혀 없어요. 좋은 가격에 잘 구매했어요. 보내주신 샘플도 잘 쓰고 있습니다.,기능/효과,세정력도 우수하고,1,[속성] 기능/효과 [문장] 세정력도 우수하고,0,기능/효과,unchanged
test,train,[속성] 가격 [문장] 좋은 가격에 잘 구매했어요,582288,쇼핑몰,스킨케어,OO 순** 클렌징오일 200ml 1개,성분이 오일이라서 피부 트러블 생길까 걱정 했는데 트러블은 없어요. 세안 후 피부가 보송해요. 세정력도 우수하고 피부 당김도 전혀 없어요. 좋은 가격에 잘 구매했어요. 보내주신 샘플도 잘 쓰고 있습니다.,가격,좋은 가격에 잘 구매했어요,1,[속성] 가격 [문장] 좋은 가격에 잘 구매했어요,0,가격,unchanged
test,train,[속성] 기능/효과 [문장] 거품이 잘나서,589502,쇼핑몰,스킨케어,OO 딥 클린 클렌저 175g 1개,민감한 복합성피부입니다. 피지 때문에 트러블이 있어서 써보게 됐어요. 제형은 약간 묽은 제형이라 부드럽고 풍성한 거품이 잘 납니다. 향은 흔한 향이네요. 무향이면 더 좋겠지만 나쁜 향은 아니에요. 화장 진하게 한 날에 색조화장을 지워보니 완벽하게 지워지지는 않았어요. 그래도 쫀쫀한 거품이 잘나서 부드럽게 세안이 잘 돼요.,기능/효과,거품이 잘나서,1,[속성] 기능/효과 [문장] 거품이 잘나서,0,기능/효과,unchanged
test,validation,[속성] 가격 [문장] 가격만 저렴하면 더 좋을 듯 합니다.,600539,쇼핑몰,스킨케어,OO 밀** 상백 크림 50ml 1개,선크림인데 메이크업 베이스 같아서 활용성이 높아요. 톤 보정도 되고 발림성도 좋고 저자극 제품이라 더 좋은데 가격만 저렴하면 더 좋을 듯 합니다.,가격,가격만 저렴하면 더 좋을 듯 합니다.,-1,[속성] 가격 [문장] 가격만 저렴하면 더 좋을 듯 합니다.,1,가격,unchanged
test,train,[속성] 품질 [문장] 상품 품질이 좋아,595990,쇼핑몰,스킨케어,OO 브라이트닝 업 선 플러스 50ml 1개,상품 품질이 좋아 마음에 듭니다. 눈에 자극이 없어 잘 씁니다. 양도 넉넉해서 좋네요. 샘플도 잘 쓸게요.,품질,상품 품질이 좋아,1,[속성] 품질 [문장] 상품 품질이 좋아,0,품질,unchanged
test,train,[속성] 용량/개수 [문장] 양도 넉넉해서 좋네요.,595990,쇼핑몰,스킨케어,OO 브라이트닝 업 선 플러스 50ml 1개,상품 품질이 좋아 마음에 듭니다. 눈에 자극이 없어 잘 씁니다. 양도 넉넉해서 좋네요. 샘플도 잘 쓸게요.,용량/개수,양도 넉넉해서 좋네요.,1,[속성] 용량/개수 [문장] 양도 넉넉해서 좋네요.,0,용량,merged_duplicate_label
test,train,[속성] 자극성 [문장] 저자극이라,600512,쇼핑몰,스킨케어,OO 밀** 상백 크림 50ml 1개,피부톤 보정효과도 있는 메이크업 베이스 겸용이라 좋습니다. 잘 사용하고 있어요. 저자극이라 눈도 편안해서 더 마음에 듭니다.,자극성,저자극이라,1,[속성] 자극성 [문장] 저자극이라,0,자극성,unchanged
test,train,[속성] 흡수력 [문장] 뽀송뽀송하고,594504,쇼핑몰,스킨케어,OO 카** 더블쉴드 선스틱 22g 1개,선스틱 발라도 뭉치지 않습니다. 마무리도 뽀송뽀송하고 끈적임이 없어 달라붙지 않아서 좋습니다. 용량이 가격대비 적습니다.,흡수력,뽀송뽀송하고,1,[속성] 흡수력 [문장] 뽀송뽀송하고,0,흡수력,unchanged
test,train,[속성] 보습력/수분감 [문장] 시원해서 좋습니다.,598294,쇼핑몰,스킨케어,OO 카** 선스틱 22g 1개,다른 선스틱은 유분기가 많고 찐득했는데 이번에 구입한 이 제품은 촉촉한 느낌이 있고 시원해서 좋습니다. 구성이 좋지 않아서 많이 구매하지 못한 것이 아쉽습니다.,보습력/수분감,시원해서 좋습니다.,1,[속성] 보습력/수분감 [문장] 시원해서 좋습니다.,0,보습력/수분감,unchanged
test,train,[속성] 제품구성 [문장] 구성이 좋지 않아서,598294,쇼핑몰,스킨케어,OO 카** 선스틱 22g 1개,다른 선스틱은 유분기가 많고 찐득했는데 이번에 구입한 이 제품은 촉촉한 느낌이 있고 시원해서 좋습니다. 구성이 좋지 않아서 많이 구매하지 못한 것이 아쉽습니다.,제품구성,구성이 좋지 않아서,-1,[속성] 제품구성 [문장] 구성이 좋지 않아서,1,제품구성,unchanged
test,train,"[속성] 기능/효과 [문장] 진정 효과도 있고,",587000,쇼핑몰,스킨케어,OO 멘** 포밍워시 200ml 2개,"여드름 시작되는 피부에 사용해봤는데, 진정 효과도 있고, 제형이 거품형이라 사용하기 편한 제품 입니다. 용량이 좀 적은듯하고, 유통기간도 짧은 듯해서 아쉽네요.",기능/효과,"진정 효과도 있고,",1,"[속성] 기능/효과 [문장] 진정 효과도 있고,",0,기능/효과,unchanged
test,train,[속성] 자극성 [문장] 자극이 없어,587288,쇼핑몰,스킨케어,OO 멘** 포밍워시 200ml 2개,마스크가 일상화된 이후로 얼굴에 뾰루지들이 올라와 40대의 나이에 여드름 제품을 사서 사용해봤어요. 세정력은 아주 훌륭해요. 피지제거는 확실하네요. 자극이 없어 아침 저녁 하루 두번씩 데일리로 사용중이에요. 포밍워시 타입이라 따로 거품 내지않고 편하게 사용할 수 있어 좋아요. 양도 넉넉하고 마지막 사용할때까지 거품양이 거의 일정하게 나오네요. 아주 저렴한 가격에 이정도면 가성비 괜찮다고 생각합니다. 하지만 개인적으로 드라마틱한 효과는 보지 못했어요. 피지제거가 탁월해서인지 보습력이 떨어져 세안후에 바로 당김이 와서 보습제품은 필수로 함께 사용해야 합니다.,자극성,자극이 없어,1,[속성] 자극성 [문장] 자극이 없어,0,자극성,unchanged
test,train,[속성] 용량/개수 [문장] 양도 넉넉하고,587288,쇼핑몰,스킨케어,OO 멘** 포밍워시 200ml 2개,마스크가 일상화된 이후로 얼굴에 뾰루지들이 올라와 40대의 나이에 여드름 제품을 사서 사용해봤어요. 세정력은 아주 훌륭해요. 피지제거는 확실하네요. 자극이 없어 아침 저녁 하루 두번씩 데일리로 사용중이에요. 포밍워시 타입이라 따로 거품 내지않고 편하게 사용할 수 있어 좋아요. 양도 넉넉하고 마지막 사용할때까지 거품양이 거의 일정하게 나오네요. 아주 저렴한 가격에 이정도면 가성비 괜찮다고 생각합니다. 하지만 개인적으로 드라마틱한 효과는 보지 못했어요. 피지제거가 탁월해서인지 보습력이 떨어져 세안후에 바로 당김이 와서 보습제품은 필수로 함께 사용해야 합니다.,용량/개수,양도 넉넉하고,1,[속성] 용량/개수 [문장] 양도 넉넉하고,0,용량,merged_duplicate_label
test,train,[속성] 보습력/수분감 [문장] 보습력이 떨어져,587288,쇼핑몰,스킨케어,OO 멘** 포밍워시 200ml 2개,마스크가 일상화된 이후로 얼굴에 뾰루지들이 올라와 40대의 나이에 여드름 제품을 사서 사용해봤어요. 세정력은 아주 훌륭해요. 피지제거는 확실하네요. 자극이 없어 아침 저녁 하루 두번씩 데일리로 사용중이에요. 포밍워시 타입이라 따로 거품 내지않고 편하게 사용할 수 있어 좋아요. 양도 넉넉하고 마지막 사용할때까지 거품양이 거의 일정하게 나오네요. 아주 저렴한 가격에 이정도면 가성비 괜찮다고 생각합니다. 하지만 개인적으로 드라마틱한 효과는 보지 못했어요. 피지제거가 탁월해서인지 보습력이 떨어져 세안후에 바로 당김이 와서 보습제품은 필수로 함께 사용해야 합니다.,보습력/수분감,보습력이 떨어져,-1,[속성] 보습력/수분감 [문장] 보습력이 떨어져,1,보습력/수분감,unchanged
test,train,[속성] 기능/효과 [문장] 자외선 차단 효과도 좋았으면 좋겠네요.,596264,쇼핑몰,스킨케어,OO 브라이트닝 업 선 플러스 50ml 1개,눈에 보이게 톤업이 되는 것은 아니지만 선크림 치고는 보습과 발림성도 부드러워서 맘에 들어요. 자외선 차단 효과도 좋았으면 좋겠네요.,기능/효과,자외선 차단 효과도 좋았으면 좋겠네요.,0,[속성] 기능/효과 [문장] 자외선 차단 효과도 좋았으면 좋겠네요.,2,기능/효과,unchanged
test,train,[속성] 기능/효과 [문장] 세정도 잘 되고,591775,쇼핑몰,스킨케어,OO 클렌징 폼 150ml 1개,"거품 제형도 부드럽고 세정도 잘 되고 사용감이 개운하면서 촉촉하네요. 미끌거리는 느낌도 없고, 향도 천연향이라 기분까지 맑아지는 느낌이네요. 작은 알갱이가 있는데 스크럽은 아니고 문지르면 사르르 없어지네요. 무엇보다 5개월이내 사용하라고 써 있어서 천연성분에 방부제가 없다는 설명에 감동했네요.사용기간이 짧은게 아쉽긴하네요. 세안을 하고 나면 피부가 맑고 부드러워서 진짜 다른 제품들하고 확 차이나네요. 앞으로 요거만 쓸거예요.",기능/효과,세정도 잘 되고,1,[속성] 기능/효과 [문장] 세정도 잘 되고,0,기능/효과,unchanged
test,train,[속성] 윤기/피부(톤) [문장] 부드러워서,591775,쇼핑몰,스킨케어,OO 클렌징 폼 150ml 1개,"거품 제형도 부드럽고 세정도 잘 되고 사용감이 개운하면서 촉촉하네요. 미끌거리는 느낌도 없고, 향도 천연향이라 기분까지 맑아지는 느낌이네요. 작은 알갱이가 있는데 스크럽은 아니고 문지르면 사르르 없어지네요. 무엇보다 5개월이내 사용하라고 써 있어서 천연성분에 방부제가 없다는 설명에 감동했네요.사용기간이 짧은게 아쉽긴하네요. 세안을 하고 나면 피부가 맑고 부드러워서 진짜 다른 제품들하고 확 차이나네요. 앞으로 요거만 쓸거예요.",윤기/피부(톤),부드러워서,1,[속성] 윤기/피부(톤) [문장] 부드러워서,0,윤기/피부(톤),unchanged
test,validation,[속성] 기능/효과 [문장] 세정력이 좋아,591747,쇼핑몰,스킨케어,OO 클렌징 폼 150ml 1개,"처음 클렌징 폼을 사용했을 때, 세정력이 좋아 가벼운 각질 제거로 사용하기 좋다고 생각했어요. 화장한 날에는 클렌징폼 만으로는 힘들고 ㅇㅇㅇ 클렌징오일 같이 사용해주면 깨끗해지고 좋아요. 미백 기능 있는 선크림 사용한 후에는 한 번으로는 세정이 부족했습니다. 하지만 맨 얼굴에는 가벼운 각질 제거와 클렌징이 충분하다고 생각합니다. 클렌징 폼 사용하고나서 바로 미스트 사용 후 스킨단계로 가기 때문에 딱히 건조하다고 느끼지 못했어요. 세정력도 좋고 촉촉하다고 생각이 듭니다. 재구매의사는 있어요.",기능/효과,세정력이 좋아,1,[속성] 기능/효과 [문장] 세정력이 좋아,0,기능/효과,unchanged
test,train,[속성] 발림성 [문장] 발림성도 너무 좋습니다.,596708,쇼핑몰,스킨케어,OO 브라이트닝 업 선 플러스 50ml 1개,마스크를 써야 해서 썬크림만 발라서 구매했습니다. 아주 저렴하게 구매해서 만족하고 발림성도 너무 좋습니다. 효과도 기대해볼게요.,발림성,발림성도 너무 좋습니다.,1,[속성] 발림성 [문장] 발림성도 너무 좋습니다.,0,발림성,unchanged
test,train,[속성] 기능/효과 [문장] 효과도 기대해볼게요.,596708,쇼핑몰,스킨케어,OO 브라이트닝 업 선 플러스 50ml 1개,마스크를 써야 해서 썬크림만 발라서 구매했습니다. 아주 저렴하게 구매해서 만족하고 발림성도 너무 좋습니다. 효과도 기대해볼게요.,기능/효과,효과도 기대해볼게요.,0,[속성] 기능/효과 [문장] 효과도 기대해볼게요.,2,기능/효과,unchanged
test,train,[속성] 흡수력 [문장] 끈적임 없고,597045,쇼핑몰,스킨케어,OO 메** UV 울트라 선 50ml 1개,가족 모두 사용하기 좋네요.끈적임 없고 백탁이 없어 남자들도 OOO만 쓰고 있네요. 피부에 자극없이 흡수도 잘되며 가격도 합리적이고 오프라인보다 가격도 좋아서 늘 OOO 에서 구매하게 되네요.,흡수력,끈적임 없고,1,[속성] 흡수력 [문장] 끈적임 없고,0,흡수력,unchanged
test,train,[속성] 자극성 [문장] 피부에 자극없이,597045,쇼핑몰,스킨케어,OO 메** UV 울트라 선 50ml 1개,가족 모두 사용하기 좋네요.끈적임 없고 백탁이 없어 남자들도 OOO만 쓰고 있네요. 피부에 자극없이 흡수도 잘되며 가격도 합리적이고 오프라인보다 가격도 좋아서 늘 OOO 에서 구매하게 되네요.,자극성,피부에 자극없이,1,[속성] 자극성 [문장] 피부에 자극없이,0,자극성,unchanged
test,train,[속성] 가격 [문장] 가격도 좋아서,597045,쇼핑몰,스킨케어,OO 메** UV 울트라 선 50ml 1개,가족 모두 사용하기 좋네요.끈적임 없고 백탁이 없어 남자들도 OOO만 쓰고 있네요. 피부에 자극없이 흡수도 잘되며 가격도 합리적이고 오프라인보다 가격도 좋아서 늘 OOO 에서 구매하게 되네요.,가격,가격도 좋아서,1,[속성] 가격 [문장] 가격도 좋아서,0,가격,unchanged
test,train,[속성] 편의성/활용성 [문장] 가족 모두 사용하기 좋네요.,597045,쇼핑몰,스킨케어,OO 메** UV 울트라 선 50ml 1개,가족 모두 사용하기 좋네요.끈적임 없고 백탁이 없어 남자들도 OOO만 쓰고 있네요. 피부에 자극없이 흡수도 잘되며 가격도 합리적이고 오프라인보다 가격도 좋아서 늘 OOO 에서 구매하게 되네요.,편의성/활용성,가족 모두 사용하기 좋네요.,1,[속성] 편의성/활용성 [문장] 가족 모두 사용하기 좋네요.,0,편의성/활용성,unchanged
test,train,[속성] 자극성 [문장] 피부자극도 없고,586476,쇼핑몰,스킨케어,OO 해** 클렌징폼 200g 1개,순하다고 해서 구매했는데 잘 사용하고 있습니다. 항도 시원하고 거품도 잘 나고 피부자극도 없고 무난히 편하게 사용할 수 있는 세안제네요. 앞으로도 애용하게 될 것 같아요.,자극성,피부자극도 없고,1,[속성] 자극성 [문장] 피부자극도 없고,0,자극성,unchanged
test,train,[속성] 품질 [문장] 상품 품질이 좋아요.,596821,쇼핑몰,스킨케어,OO 브라이트닝 업 선 플러스 50ml 1개,상품 품질이 좋아요. 마음에 듭니다. 오랫동안 사용하고 있는 썬크림인데요. 발림성 좋고 끈적임없이 너무 좋습니다. 제가 추천해서 가족들이 다 사용하고 있네요 써보시면 후회 하지 않아요.,품질,상품 품질이 좋아요.,1,[속성] 품질 [문장] 상품 품질이 좋아요.,0,품질,unchanged
test,train,[속성] 향 [문장] 냄새는 별로입니다.,591931,쇼핑몰,스킨케어,OO 클렌징 폼 150ml 1개,냄새는 별로입니다. 거품 잘 나고 씻고 나면 상쾌한 느낌이 들어요. 피부 당김이 심하지 않은 거 보니 순한 거 같습니다. 다만 샘플이 없어 아쉬워요.,향,냄새는 별로입니다.,-1,[속성] 향 [문장] 냄새는 별로입니다.,1,향,unchanged
test,train,[속성] 기능/효과 [문장] 거품 잘 나고,591931,쇼핑몰,스킨케어,OO 클렌징 폼 150ml 1개,냄새는 별로입니다. 거품 잘 나고 씻고 나면 상쾌한 느낌이 들어요. 피부 당김이 심하지 않은 거 보니 순한 거 같습니다. 다만 샘플이 없어 아쉬워요.,기능/효과,거품 잘 나고,1,[속성] 기능/효과 [문장] 거품 잘 나고,0,기능/효과,unchanged
test,train,[속성] 발림성 [문장] 부드럽게 발려요,598363,쇼핑몰,스킨케어,OO 카** 선스틱 22g 1개,타사 스틱 제품은 끈적끈적하니 발림도 별로였는데 이 제품은 아주 산뜻하고 부드럽게 발려요. 립밤 제형처럼 부드럽게 잘 발리는 제품이라 좋습니다. 만족합니다. 썬 크림을 싫어하는데 이 제품은 잘 쓰고 있어요.,발림성,부드럽게 발려요,1,[속성] 발림성 [문장] 부드럽게 발려요,0,발림성,unchanged
test,train,[속성] 발림성 [문장] 발림성 좋긴한데,594263,쇼핑몰,스킨케어,OO 카** 더블쉴드 선스틱 22g 1개,쓰던거라 믿고 또 샀습니다. 바르기 편하고 발림성 좋긴한데 아무래도 번들거림은 좀 있습니다. 그렇지만 화장해도 밀리는 것은 아니라 잘 쓰고 있습니다. 다만 다 쓰고 나서 용기 밑에 남는 부분이 아깝습니다.,발림성,발림성 좋긴한데,1,[속성] 발림성 [문장] 발림성 좋긴한데,0,발림성,unchanged
test,validation,[속성] 기능/효과 [문장] 세정력도 좋은 거 같아요.,587100,쇼핑몰,스킨케어,OO 멘** 포밍워시 200ml 2개,여드름 피부라서 고민하고 다른 제품들도 써봤어요. 자극 없는 제품으로 여러 번 바꿔 써보다가 예전에 이 제품이 괜찮았던 기억이 있어서 다시 구매했습니다. 그런대로 괜찮은 거 같긴 해요. 거품도 잘 나는 거 같고 지성피부라 세정력도 좋은 거 같아요. 그런대로 무난한 거 같은데 효과는 더 써봐야 알 것 같아요. 일단 좋은 거 같습니다.,기능/효과,세정력도 좋은 거 같아요.,1,[속성] 기능/효과 [문장] 세정력도 좋은 거 같아요.,0,기능/효과,unchanged
test,train,[속성] 기능/효과 [문장] 효과는 더 써봐야 알 것 같아요.,587100,쇼핑몰,스킨케어,OO 멘** 포밍워시 200ml 2개,여드름 피부라서 고민하고 다른 제품들도 써봤어요. 자극 없는 제품으로 여러 번 바꿔 써보다가 예전에 이 제품이 괜찮았던 기억이 있어서 다시 구매했습니다. 그런대로 괜찮은 거 같긴 해요. 거품도 잘 나는 거 같고 지성피부라 세정력도 좋은 거 같아요. 그런대로 무난한 거 같은데 효과는 더 써봐야 알 것 같아요. 일단 좋은 거 같습니다.,기능/효과,효과는 더 써봐야 알 것 같아요.,0,[속성] 기능/효과 [문장] 효과는 더 써봐야 알 것 같아요.,2,기능/효과,unchanged
test,train,[속성] 편의성/활용성 [문장] 사용하기 간편하고,588344,쇼핑몰,스킨케어,OO 시** 오일 280ml 1개,저렴한 가격에 잘 구매한 것 같습니다. 항상 사용하는 제품이라 역시 좋습니다. 제형이 끈적끈적한 오일인데 화장도 잘 지워지고 사용하기 간편하고 피부에도 좋은 것 같습니다. 모공 케어에 효과가 좋다하니 꾸준히 사용하겠습니다. 좋은 상품 싸게 구매할 수 있어서 좋습니다. 두 개 구매해서 오래 사용할 것 같습니다.,편의성/활용성,사용하기 간편하고,1,[속성] 편의성/활용성 [문장] 사용하기 간편하고,0,편의성/활용성,unchanged
test,validation,[속성] 윤기/피부(톤) [문장] 피부에도 좋은 것 같습니다.,588344,쇼핑몰,스킨케어,OO 시** 오일 280ml 1개,저렴한 가격에 잘 구매한 것 같습니다. 항상 사용하는 제품이라 역시 좋습니다. 제형이 끈적끈적한 오일인데 화장도 잘 지워지고 사용하기 간편하고 피부에도 좋은 것 같습니다. 모공 케어에 효과가 좋다하니 꾸준히 사용하겠습니다. 좋은 상품 싸게 구매할 수 있어서 좋습니다. 두 개 구매해서 오래 사용할 것 같습니다.,윤기/피부(톤),피부에도 좋은 것 같습니다.,1,[속성] 윤기/피부(톤) [문장] 피부에도 좋은 것 같습니다.,0,윤기/피부(톤),unchanged
test,train,[속성] 제형 [문장] 제형의 끈적임 없이,596595,쇼핑몰,스킨케어,OO 브라이트닝 업 선 플러스 50ml 1개,생각보다 용량이 작습니다. 여름철에 필수품이고 제형의 끈적임 없이 발림성 좋고 바르기도 편합니다. 자외선 차단도 기대해봅니다.,제형,제형의 끈적임 없이,1,[속성] 제형 [문장] 제형의 끈적임 없이,0,제형,unchanged
test,train,[속성] 편의성/활용성 [문장] 바르기도 편합니다.,596595,쇼핑몰,스킨케어,OO 브라이트닝 업 선 플러스 50ml 1개,생각보다 용량이 작습니다. 여름철에 필수품이고 제형의 끈적임 없이 발림성 좋고 바르기도 편합니다. 자외선 차단도 기대해봅니다.,편의성/활용성,바르기도 편합니다.,1,[속성] 편의성/활용성 [문장] 바르기도 편합니다.,0,편의성/활용성,unchanged
test,train,[속성] 기능/효과 [문장] 건조한 피부에 딱이에요,587608,쇼핑몰,스킨케어,OO 시** 오일 280ml 1개,항상 사용하는 제품이에요 건조한 피부에 딱이에요 세안후에 촉촉함이 느껴지고 이중세안용으로 폼사용전에 사용하고 있습니다. 가격이 좀 저렴했으면 좋겠어요.,기능/효과,건조한 피부에 딱이에요,1,[속성] 기능/효과 [문장] 건조한 피부에 딱이에요,0,기능/효과,unchanged
test,train,[속성] 기능/효과 [문장] 피부에 잘 맞아,586688,쇼핑몰,스킨케어,OO 멘** 포밍워시 200ml 2개,피부에 잘 맞아 오랫동안 트러블 없이 사용하고 있습니다. 사은품으로 보내주신 립밤 3개는 유통기한이 짧아서 아쉽네요 개인적으로 사은품으로는 여행용 키트나 미니 파우치가 더 좋을 것 같습니다. 이번 구성은 좀 아쉽네요.,기능/효과,피부에 잘 맞아,1,[속성] 기능/효과 [문장] 피부에 잘 맞아,0,기능/효과,unchanged
test,train,"[속성] 용량/개수 [문장] 양도 많고,",589603,쇼핑몰,스킨케어,OO 딥 클린 클렌저 175g 1개,"여드름이 많아지기 시작해서 폼클렌저를 이것저것 바꿔가며 써보다 정착하게 되었어요. 가격도 비싸지 않은데, 양도 많고, 매일 두 번씩 이 제품으로 세안하고 있어요. 향은 살짝 아쉽고, 유통기간이 얼마 안 남은 제품을 보내 주셨네요.",용량/개수,"양도 많고,",1,"[속성] 용량/개수 [문장] 양도 많고,",0,용량,merged_duplicate_label
test,train,[속성] 자극성 [문장] 피부 트러블도 안 생기고,585591,쇼핑몰,스킨케어,OO 클** 클렌징젤 400ml 1개,세수할때 샤워할때 몸에도 사용하고 있습니다. 피부 트러블도 안 생기고 세안 후 피부가 건조하지도 않아서 좋아요.,자극성,피부 트러블도 안 생기고,1,[속성] 자극성 [문장] 피부 트러블도 안 생기고,0,자극성,unchanged
test,train,[속성] 흡수력 [문장] 끈적이고,599547,쇼핑몰,스킨케어,OO 더** 스킨 선로션 200ml 1개,바디 사용이라 다행이네요 끈적이고 흡수가 잘 되지 않아 흰 티셔츠에 묻어나네요 페이스용 구매하려는데 고민되네요,흡수력,끈적이고,-1,[속성] 흡수력 [문장] 끈적이고,1,흡수력,unchanged
test,train,[속성] 편의성/활용성 [문장] 바르기 편하네요.,594557,쇼핑몰,스킨케어,OO 카** 더블쉴드 선스틱 22g 1개,잘 받았어요. 끈적임 덜한 썬스틱이 필요해서 샀어요.스틱부분이 슬림해서 바르기 편하네요. 미백이나 주름개선도 기대해봐요.,편의성/활용성,바르기 편하네요.,1,[속성] 편의성/활용성 [문장] 바르기 편하네요.,0,편의성/활용성,unchanged
test,train,[속성] 지속력/유지력 [문장] 지속력도 좋구요.,596587,쇼핑몰,스킨케어,OO 브라이트닝 업 선 플러스 50ml 1개,피부 자극이 없고 순하네요. 바르면 피부톤이 좀 밝아진 느낌이고 지속력도 좋구요. 제가 쓰기 시작해서 좋다고 하니 지금은 가족 모두 사용하고 있어요.,지속력/유지력,지속력도 좋구요.,1,[속성] 지속력/유지력 [문장] 지속력도 좋구요.,0,지속력,merged_duplicate_label
test,train,[속성] 향 [문장] 무향입니다.,593561,쇼핑몰,스킨케어,OO 그** 선 플러스 50ml 1개,성분때문에 선크림이 있음에도 구매했어요. 저한테는 건조한 감이 있습니다. 건성이라 백탁현상이 많은 것 같지는 않습니다. 무향입니다.,향,무향입니다.,0,[속성] 향 [문장] 무향입니다.,2,향,unchanged
test,train,[속성] 자극성 [문장] 트러블도 안 생기고,588371,쇼핑몰,스킨케어,OO 시** 오일 280ml 1개,처음 써보는 클렌징 오일입니다. 이중 세안 안 하고 폼클렌징만 쓰다가 오일 쓰기 시작했어요. 그래서 다른 거랑 비교는 안되지만 쓰고 나서 트러블도 안 생기고 향은 별로지만 매끈하게 잘 씻겨지고 틴트도 모두 잘 지워지는 거 같아서 좋아요.,자극성,트러블도 안 생기고,1,[속성] 자극성 [문장] 트러블도 안 생기고,0,자극성,unchanged
test,train,[속성] 자극성 [문장] 독하지 않고,585410,쇼핑몰,스킨케어,OO 클** 클렌징젤 400ml 1개,세정력도 좋은데 독하지 않고 순한 편인 거 같아 좋습니다. 냄새는 썩 좋진 않은데 나쁘지도 않고 특별하지 않아요. 용량 큰 것도 대만족입니다. 몸 겸용이라 더 좋습니다.,자극성,독하지 않고,1,[속성] 자극성 [문장] 독하지 않고,0,자극성,unchanged
test,train,[속성] 유통기한 [문장] 유통기한이 짧아서 아쉬워요.,587361,쇼핑몰,스킨케어,OO 멘** 포밍워시 200ml 2개,여드름용이지만 건조하지 않아 매일 사용해도 순해서 피부에 부담없고 깨끗하게 씻기는 느낌이라 너무 개운하고 좋습니다. 세일 할 때마다 사서 모아놓고 쓰네요. 이번에 온건 유통기한이 짧아서 아쉬워요.,유통기한,유통기한이 짧아서 아쉬워요.,-1,[속성] 유통기한 [문장] 유통기한이 짧아서 아쉬워요.,1,유통기한,unchanged
test,train,[속성] 보습력/수분감 [문장] 건조하지 않아,587361,쇼핑몰,스킨케어,OO 멘** 포밍워시 200ml 2개,여드름용이지만 건조하지 않아 매일 사용해도 순해서 피부에 부담없고 깨끗하게 씻기는 느낌이라 너무 개운하고 좋습니다. 세일 할 때마다 사서 모아놓고 쓰네요. 이번에 온건 유통기한이 짧아서 아쉬워요.,보습력/수분감,건조하지 않아,1,[속성] 보습력/수분감 [문장] 건조하지 않아,0,보습력/수분감,unchanged
test,train,"[속성] 윤기/피부(톤) [문장] 부드럽고,",599751,쇼핑몰,스킨케어,OO 더** 스킨 선로션 200ml 1개,"피부가 번들거리지 않고, 부드럽고, 사용감이 산뜻하네요. 가족이 함께 쓰려고 구입했는데, 양이 많아서 오래 쓸 수 있을 듯합니다.",윤기/피부(톤),"부드럽고,",1,"[속성] 윤기/피부(톤) [문장] 부드럽고,",0,윤기/피부(톤),unchanged
test,validation,[속성] 사용감 [문장] 사용감이 산뜻하네요.,599751,쇼핑몰,스킨케어,OO 더** 스킨 선로션 200ml 1개,"피부가 번들거리지 않고, 부드럽고, 사용감이 산뜻하네요. 가족이 함께 쓰려고 구입했는데, 양이 많아서 오래 쓸 수 있을 듯합니다.",사용감,사용감이 산뜻하네요.,1,[속성] 사용감 [문장] 사용감이 산뜻하네요.,0,사용감,unchanged
test,train,[속성] 용량/개수 [문장] 양이 많아서,599751,쇼핑몰,스킨케어,OO 더** 스킨 선로션 200ml 1개,"피부가 번들거리지 않고, 부드럽고, 사용감이 산뜻하네요. 가족이 함께 쓰려고 구입했는데, 양이 많아서 오래 쓸 수 있을 듯합니다.",용량/개수,양이 많아서,1,[속성] 용량/개수 [문장] 양이 많아서,0,용량,merged_duplicate_label
test,train,[속성] 흡수력 [문장] 백탁현상이 없고,593772,쇼핑몰,스킨케어,OO 그** 선 플러스 50ml 1개,"점 빼고 예민해진 피부엔 무기자차가 좋을 것 같아 구매했는데, 눈이 시린 유기자차보다 편안하네요. 백탁현상이 없고 사용감이 뻑뻑한것도 없고 데일리로 사용하기 좋아요. 유통기한이 좀 더 길면 좋을 것 같습니다.",흡수력,백탁현상이 없고,1,[속성] 흡수력 [문장] 백탁현상이 없고,0,흡수력,unchanged
test,train,[속성] 기능/효과 [문장] 효과도 좋았으면 좋겠어요.,593306,쇼핑몰,스킨케어,OO 그** 선 플러스 50ml 1개,얇게 잘 발려 발림성이 좋아서 데일리로 사용하기 좋습니다. 성분도 좋은 걸로 알고 있어서 마음에 듭니다. 효과도 좋았으면 좋겠어요.,기능/효과,효과도 좋았으면 좋겠어요.,0,[속성] 기능/효과 [문장] 효과도 좋았으면 좋겠어요.,2,기능/효과,unchanged
test,train,"[속성] 가격 [문장] 가격이 비싸지만,",585529,쇼핑몰,스킨케어,OO 클** 클렌징젤 400ml 1개,"배송 빠르네요. 매번 쓰는 제품이라서 벌써 네 통째 구매했어요. 거품이 많지 않고, 제형이 부드러워서 저녁 세안 보다는 아침 세안에 적합한 제품인 듯해요. 용량도 넉넉해서 2달 정도 쓸 수 있어요. 가격이 비싸지만, 다 쓰고 재구매할 것 같아요.",가격,"가격이 비싸지만,",-1,"[속성] 가격 [문장] 가격이 비싸지만,",1,가격,unchanged
test,train,[속성] 기능/효과 [문장] 효과를 기대해봅니다,584385,쇼핑몰,스킨케어,OO 이** 모공 폼 300ml 1개,개인적으로 만족하는 제품이예요 제품 안에 알갱이제형이 있어 자극적인가 싶지만 부담스럽지는 않네요 효과를 기대해봅니다,기능/효과,효과를 기대해봅니다,0,[속성] 기능/효과 [문장] 효과를 기대해봅니다,2,기능/효과,unchanged
test,train,[속성] 유통기한 [문장] 유통기한이 짧네요.,597176,쇼핑몰,스킨케어,OO 메** UV 울트라 선 50ml 1개,기존에 쓰던 제품이라 주문하기 전에 제품 제조일자를 문의하고 주문했습니다. 답변과 다르게 유통기한이 짧네요. 제가 올 봄에 주문해서 사용하고 있는 기존 제품이랑 유통기한이 차이가 없어요. 썬크림은 유통기한이 3년인데 유통기한이 남아있어도 제조 직후부터 차단력이 점점 감소한다는 전문가의 설명을 예전에 들었어요. 최대한 최근 제조한 제품으로 주문하려구 한건데 유통기한이 길지 않아 실망입니다. 제조일자 문의에 대한 답변은 거짓말이었네요.,유통기한,유통기한이 짧네요.,-1,[속성] 유통기한 [문장] 유통기한이 짧네요.,1,유통기한,unchanged
test,train,[속성] 향 [문장] 향도 강하지 않아요.,598889,쇼핑몰,스킨케어,OO 멀티 선크림 70ml 1개,"발림성이 좋고, 향도 강하지 않아요. 화장도 밀리지 않고, 가격도 저렴하고, 너무 좋아요. 강추해요.",향,향도 강하지 않아요.,1,[속성] 향 [문장] 향도 강하지 않아요.,0,향,unchanged
test,train,"[속성] 가격 [문장] 가격도 저렴하고,",598889,쇼핑몰,스킨케어,OO 멀티 선크림 70ml 1개,"발림성이 좋고, 향도 강하지 않아요. 화장도 밀리지 않고, 가격도 저렴하고, 너무 좋아요. 강추해요.",가격,"가격도 저렴하고,",1,"[속성] 가격 [문장] 가격도 저렴하고,",0,가격,unchanged
test,train,[속성] 흡수력 [문장] 번들거림도 없고,593952,쇼핑몰,스킨케어,OO 그** 선 플러스 50ml 1개,가격도 저렴하고 지성 피부에 쓰기 좋은 것 같습니다. 향은 별로지만 번들거림도 없고 산뜻합니다.,흡수력,번들거림도 없고,1,[속성] 흡수력 [문장] 번들거림도 없고,0,흡수력,unchanged
test,train,[속성] 향 [문장] 향도 괜찮아요.,587144,쇼핑몰,스킨케어,OO 멘** 포밍워시 200ml 2개,"여드름이 심해져서 구매했어요. 거품 제형이 쫀쫀하고, 향도 괜찮아요. 여드름이 좋아지는 것 같지는 않네요. 가격도 저렴하지 않은데, 그냥 폼클렌저네요.",향,향도 괜찮아요.,1,[속성] 향 [문장] 향도 괜찮아요.,0,향,unchanged
test,train,[속성] 자극성 [문장] 트러블이 생겨서,595860,쇼핑몰,스킨케어,OO 브라이트닝 업 선 플러스 50ml 1개,이 제품 바르니 피부 트러블이 생겼어요. 얼굴이 밝아 보여 좋은데 트러블이 생겨서 이 제품은 제 피부와 안 맞는 것 같아요.,자극성,트러블이 생겨서,-1,[속성] 자극성 [문장] 트러블이 생겨서,1,자극성,unchanged
test,train,[속성] 기능/효과 [문장] 제 피부와 안 맞는 것 같아요.,595860,쇼핑몰,스킨케어,OO 브라이트닝 업 선 플러스 50ml 1개,이 제품 바르니 피부 트러블이 생겼어요. 얼굴이 밝아 보여 좋은데 트러블이 생겨서 이 제품은 제 피부와 안 맞는 것 같아요.,기능/효과,제 피부와 안 맞는 것 같아요.,-1,[속성] 기능/효과 [문장] 제 피부와 안 맞는 것 같아요.,1,기능/효과,unchanged
test,validation,[속성] 가격 [문장] 가격은 조금 나가지만,587400,쇼핑몰,스킨케어,OO 멘** 포밍워시 200ml 2개,청소년 자녀들이 사용합니다. 당김이 있지만 향이 무난하고 깨끗하게 닦인다고 하네요. 가격은 조금 나가지만 여드름 전용 세정제라 하여서 구매했고 자녀들은 만족한다고 합니다.,가격,가격은 조금 나가지만,-1,[속성] 가격 [문장] 가격은 조금 나가지만,1,가격,unchanged
test,validation,[속성] 가격 [문장] 가격이 비싸서,600406,쇼핑몰,스킨케어,OO 밀** 상백 크림 50ml 1개,"늘 사용합니다. 남편도 같이 쓰고 있는데 떨어질 것 같으면 바로 주문하래요. 바르고 안발랐을때 효과 차이가 엄청 크다네요. 썬크림을 두번 바르는듯한 효과도 있고 피부톤이 티안나게 살짝 톤업이 된다는 점에서 스킨, 로션, 썬크림 후 마지막으로 ㅇㅇ크림을 바르고 있어요. 진짜 티안나게 톤업해주는 제품이라 저도 좋아하는 크림이구요. 가격이 비싸서 할인 할 때 또 주문할 예정이에요.",가격,가격이 비싸서,-1,[속성] 가격 [문장] 가격이 비싸서,1,가격,unchanged
test,validation,[속성] 편의성/활용성 [문장] 쓰기 편합니다,585989,쇼핑몰,스킨케어,OO 시** 퍼펙트 휩 150ml 4개,펌핑하면 바로 거품이 나오는 용기라 쓰기 편합니다 일반 폼 타입보다 더 촉촉하게 세안이 되어서 아침에 쓰거나 간편하게 세수할 때 쓰기 좋아요 가격은 조금 있는 편인거같네요,편의성/활용성,쓰기 편합니다,1,[속성] 편의성/활용성 [문장] 쓰기 편합니다,0,편의성/활용성,unchanged
test,train,[속성] 자극성 [문장] 피부에 자극적이지 않고,586967,쇼핑몰,스킨케어,OO 멘** 포밍워시 200ml 2개,피부에 자극적이지 않고 세정력이 좋네요. 무엇보다도 용기가 누르면 바로 거품이 나와서 간편해서 좋습니다. 효과도 기대해보겠습니다. 다 쓰면 재구매하려고 하겠습니다.,자극성,피부에 자극적이지 않고,1,[속성] 자극성 [문장] 피부에 자극적이지 않고,0,자극성,unchanged
test,train,[속성] 기능/효과 [문장] 세정력이 좋네요.,586967,쇼핑몰,스킨케어,OO 멘** 포밍워시 200ml 2개,피부에 자극적이지 않고 세정력이 좋네요. 무엇보다도 용기가 누르면 바로 거품이 나와서 간편해서 좋습니다. 효과도 기대해보겠습니다. 다 쓰면 재구매하려고 하겠습니다.,기능/효과,세정력이 좋네요.,1,[속성] 기능/효과 [문장] 세정력이 좋네요.,0,기능/효과,unchanged
test,train,[속성] 기능/효과 [문장] 효과도 기대해보겠습니다.,586967,쇼핑몰,스킨케어,OO 멘** 포밍워시 200ml 2개,피부에 자극적이지 않고 세정력이 좋네요. 무엇보다도 용기가 누르면 바로 거품이 나와서 간편해서 좋습니다. 효과도 기대해보겠습니다. 다 쓰면 재구매하려고 하겠습니다.,기능/효과,효과도 기대해보겠습니다.,0,[속성] 기능/효과 [문장] 효과도 기대해보겠습니다.,2,기능/효과,unchanged
test,train,[속성] 편의성/활용성 [문장] 간편해서 좋습니다.,586967,쇼핑몰,스킨케어,OO 멘** 포밍워시 200ml 2개,피부에 자극적이지 않고 세정력이 좋네요. 무엇보다도 용기가 누르면 바로 거품이 나와서 간편해서 좋습니다. 효과도 기대해보겠습니다. 다 쓰면 재구매하려고 하겠습니다.,편의성/활용성,간편해서 좋습니다.,1,[속성] 편의성/활용성 [문장] 간편해서 좋습니다.,0,편의성/활용성,unchanged
test,train,[속성] 향 [문장] 향은 강하지 않고,589486,쇼핑몰,스킨케어,OO 딥 클린 클렌저 175g 1개,향은 강하지 않고 거품이 잘 나네요. 세정력이 좋아서 씻을때 사용감이 개운하고 물기닦고 나오면 당기거나 갈라지지는 않네요. 가격이 좀 부담되지만 데일리로 쓰기 좋은 클렌징폼같네요.,향,향은 강하지 않고,1,[속성] 향 [문장] 향은 강하지 않고,0,향,unchanged
test,train,[속성] 기능/효과 [문장] 거품이 잘 나네요.,589486,쇼핑몰,스킨케어,OO 딥 클린 클렌저 175g 1개,향은 강하지 않고 거품이 잘 나네요. 세정력이 좋아서 씻을때 사용감이 개운하고 물기닦고 나오면 당기거나 갈라지지는 않네요. 가격이 좀 부담되지만 데일리로 쓰기 좋은 클렌징폼같네요.,기능/효과,거품이 잘 나네요.,1,[속성] 기능/효과 [문장] 거품이 잘 나네요.,0,기능/효과,unchanged
test,validation,[속성] 향 [문장] 향은 제취향이 아니네요.,599108,쇼핑몰,스킨케어,OO 멀티 선크림 70ml 1개,가격이 저렴해서 기대안하고 샀는데 여름에 쓰기 좋네요. 얼굴은 화장을 한 상태라 팔다리에 아낌없이 바르기용으로 잘 선택한 것 같네요. 향은 제취향이 아니네요.유통기한이 길어 내년에도 잘 쓸 예정입니다.,향,향은 제취향이 아니네요.,-1,[속성] 향 [문장] 향은 제취향이 아니네요.,1,향,unchanged
test,train,[속성] 색상 [문장] 제형이 흰색이라,597499,쇼핑몰,스킨케어,OO 메** UV 울트라 선 50ml 1개,화장 안하고 선크림 하나만 바르는 편인데 바른 후 촉촉하고 피부톤을 살짝 잡아주는 느낌이 있어서 잘 사용하고 있습니다. 제형이 흰색이라 백탁현상이 조금 있는데 좀 지나고 보면 없어지기는 합니다.,색상,제형이 흰색이라,0,[속성] 색상 [문장] 제형이 흰색이라,2,색상,unchanged
test,train,[속성] 흡수력 [문장] 번들거림이 없고,593510,쇼핑몰,스킨케어,OO 그** 선 플러스 50ml 1개,피부가 흰 편에 잡티가 있고 붉은 기도 살짝 있고 평소에 화장 잘 안 하는 스타일입니다. 이 제품은 번들거림이 없고 유분기도 약해서 좋고 끈적임도 별로 없어요. 흡수가 잘 되어 가벼운 느낌입니다. 얼굴 톤이 정리되고 톤업도 됩니다. 여름에는 어느 제품이건 답답하게 느껴지는데 이 제품은 대체로 만족합니다. 다만 향이 별로이고 유통기한이 2023년 12월 1일까지로 짧아서 아쉬워요.,흡수력,번들거림이 없고,1,[속성] 흡수력 [문장] 번들거림이 없고,0,흡수력,unchanged
test,train,[속성] 흡수력 [문장] 피부에 흡수가 잘되고,599622,쇼핑몰,스킨케어,OO 더** 스킨 선로션 200ml 1개,로션과 썬크림 기능이 같이 있어서 구입했어요. 발라보았는데 피부에 흡수가 잘되고 발림성이 좋아 만족스러워요. 배송 빠르고 유통기한도 내년 7월이라 길어서 좋아요.,흡수력,피부에 흡수가 잘되고,1,[속성] 흡수력 [문장] 피부에 흡수가 잘되고,0,흡수력,unchanged
test,train,[속성] 기능/효과 [문장] 제 피부에 잘 맞습니다.,582473,쇼핑몰,스킨케어,OO 마** 퓨어 클렌징오일 200ml 1개,세정력이 우수한 느낌은 아니지만 제 피부에 잘 맞습니다. 피부가 이 제품 사용한 뒤 트러블이 많이 가라앉았습니다.,기능/효과,제 피부에 잘 맞습니다.,1,[속성] 기능/효과 [문장] 제 피부에 잘 맞습니다.,0,기능/효과,unchanged
test,train,[속성] 향 [문장] 향은 아쉽네요.,585576,쇼핑몰,스킨케어,OO 클** 클렌징젤 400ml 1개,제일 저렴한 가격이었어요. 등에 난 여드름도 없앨 수 있어서 샤워할 때 쓰기 좋아요. 향은 아쉽네요. 화한 냄새라 별로예요.,향,향은 아쉽네요.,-1,[속성] 향 [문장] 향은 아쉽네요.,1,향,unchanged
test,train,[속성] 사용감 [문장] 사용감이 부드럽고,587060,쇼핑몰,스킨케어,OO 멘** 포밍워시 200ml 2개,ㅇㅇㅇ 클렌징은 유명한 상품입니다. ㅇㅇ 행사 때 저렴하게 구매 했습니다. 사용감이 부드럽고 데일리로 사용하기 좋은 상품이에요. 2개 묶음 상품이라서 제품구성 중 1개는 운동할 때 사용해요.,사용감,사용감이 부드럽고,1,[속성] 사용감 [문장] 사용감이 부드럽고,0,사용감,unchanged
test,train,[속성] 가격 [문장] 가격은 좀 비싸요.,585631,쇼핑몰,스킨케어,OO 클** 클렌징젤 400ml 1개,"유분이 많은 피부에 좋은 제품인 것 같아요. 씻고 나면 개운한 느낌과 유분기도 덜 느껴지고, 여드름피부에 좋습니다. 피부 트러블에도 좋은 듯합니다. 가격은 좀 비싸요.",가격,가격은 좀 비싸요.,-1,[속성] 가격 [문장] 가격은 좀 비싸요.,1,가격,unchanged
test,train,[속성] 편의성/활용성 [문장] 손에 묻히지 않고 바를 수 있어 좋아요.,594523,쇼핑몰,스킨케어,OO 카** 더블쉴드 선스틱 22g 1개,선크림이나 팩트보다 휴대가 편할 것 같아 구매했는데 생각보다는 커서 휴대하기 별로네요. 대신 손에 묻히지 않고 바를 수 있어 좋아요. 바르고 하얗게 되지 않아서 좋습니다.,편의성/활용성,손에 묻히지 않고 바를 수 있어 좋아요.,1,[속성] 편의성/활용성 [문장] 손에 묻히지 않고 바를 수 있어 좋아요.,0,편의성/활용성,unchanged
test,train,[속성] 유통기한 [문장] 사용기한도 길고,584601,쇼핑몰,스킨케어,OO 이** 모공 폼 300ml 1개,사용기한도 길고 양도 넉넉해서 좋습니다. 매번 사용하던 제품인데 잘 산것 같습니다. 만족합니다.,유통기한,사용기한도 길고,1,[속성] 유통기한 [문장] 사용기한도 길고,0,유통기한,unchanged
test,train,[속성] 용량/개수 [문장] 양도 넉넉해서 좋습니다.,584601,쇼핑몰,스킨케어,OO 이** 모공 폼 300ml 1개,사용기한도 길고 양도 넉넉해서 좋습니다. 매번 사용하던 제품인데 잘 산것 같습니다. 만족합니다.,용량/개수,양도 넉넉해서 좋습니다.,1,[속성] 용량/개수 [문장] 양도 넉넉해서 좋습니다.,0,용량,merged_duplicate_label
test,train,[속성] 가격 [문장] 가격이 비싸네요.,594822,쇼핑몰,스킨케어,OO 카** 더블쉴드 선스틱 22g 1개,향이 거의 없는게 좋고 끈적임 없어 만족해요. 신제품이라 가격이 비싸네요. 배송 빨라 좋네요.,가격,가격이 비싸네요.,-1,[속성] 가격 [문장] 가격이 비싸네요.,1,가격,unchanged
test,validation,[속성] 윤기/피부(톤) [문장] 피부가 깨끗한 느낌입니다.,582412,쇼핑몰,스킨케어,OO 마** 퓨어 클렌징오일 200ml 1개,사용해보니 폼클렌징만 하는 것보다 피부가 깨끗한 느낌입니다. 향은 별로지만 건조하지는 않네요. 썬크림만 바르고 다녀서 스킨으로만 닦고 폼클렌징 사용했는데 앞으로는 클렌징 오일도 계속 써봐야겠습니다.,윤기/피부(톤),피부가 깨끗한 느낌입니다.,1,[속성] 윤기/피부(톤) [문장] 피부가 깨끗한 느낌입니다.,0,윤기/피부(톤),unchanged
test,train,[속성] 흡수력 [문장] 끈적임이 없어서,596939,쇼핑몰,스킨케어,OO 센** 선스틱 22g 1개,쿨링감은 잘 모르겠습니다.다른 스틱에 비해 끈적임이 없어서 좋아요. 휴대도 간편해서 늘 갖고 다니며 쓱 발라야겠네요.,흡수력,끈적임이 없어서,1,[속성] 흡수력 [문장] 끈적임이 없어서,0,흡수력,unchanged
test,validation,[속성] 향 [문장] 향은 좀 별로네요,599664,쇼핑몰,스킨케어,OO 더** 스킨 선로션 200ml 1개,여름에 자외선차단용으로 사용하는데 효과 좋네요 일단 제형이 부드럽고 괜찮아요 대체로 괜찮은 제품인것같아요 향은 좀 별로네요,향,향은 좀 별로네요,-1,[속성] 향 [문장] 향은 좀 별로네요,1,향,unchanged
test,train,[속성] 흡수력 [문장] 끈적거림도 없어서,598046,쇼핑몰,스킨케어,OO 카** 선스틱 22g 1개,여름철에 사용하기 좋은 제품 인 것 같아요. 산뜻하고 끈적거림도 없어서 좋은 것 같아요. 건조한 날에는 수분감이 부족해서 피부가 땡겨서 적합하지는 않아요.,흡수력,끈적거림도 없어서,1,[속성] 흡수력 [문장] 끈적거림도 없어서,0,흡수력,unchanged
test,train,[속성] 보습력/수분감 [문장] 수분감이 부족해서,598046,쇼핑몰,스킨케어,OO 카** 선스틱 22g 1개,여름철에 사용하기 좋은 제품 인 것 같아요. 산뜻하고 끈적거림도 없어서 좋은 것 같아요. 건조한 날에는 수분감이 부족해서 피부가 땡겨서 적합하지는 않아요.,보습력/수분감,수분감이 부족해서,-1,[속성] 보습력/수분감 [문장] 수분감이 부족해서,1,보습력/수분감,unchanged
test,train,[속성] 기능/효과 [문장] 효과가 좋네요.,600205,쇼핑몰,스킨케어,OO 밀** 상백 크림 50ml 1개,"다른 제품 사용하다가 ㅇㅇㅇ를 접한 이후론 ㅇㅇㅇ만 쓰고 있습니다. 전에 사용하던 제품도 좋았지만 ㅇㅇㅇ를 사용한 이후로는 피부가 화사해보여 너무 좋아요. 전에 사용했던 제품이랑 비슷하게 부드러운 제형과 지속력도 좋고, 윤기 등 다앙한 면에서 효과가 좋네요. ㅇㅇㅇ는 여기에 화사함까지 더하네요.",기능/효과,효과가 좋네요.,1,[속성] 기능/효과 [문장] 효과가 좋네요.,0,기능/효과,unchanged
test,train,[속성] 향 [문장] 향은 좀 별로네요.,594348,쇼핑몰,스킨케어,OO 카** 더블쉴드 선스틱 22g 1개,썬스틱이 옷에 묻지 않아서 좋네요. 작고 가벼워서 휴대하기 좋고 가방에 하나씩 넣어두면 챙기는 걸 잊어버려도 상관없네요.향은 좀 별로네요.,향,향은 좀 별로네요.,-1,[속성] 향 [문장] 향은 좀 별로네요.,1,향,unchanged
test,validation,[속성] 자극성 [문장] 순한 제품이라,586440,쇼핑몰,스킨케어,OO 해** 클렌징폼 200g 1개,1+1으로 저렴하게 구입한 상품이라 기대없이 사용했어요. 그런데 써보니까 예민한 피부에 자극이 없다는 게 놀라웠습니다. 그리고 거품이 쫀쫀하게 잘 나서 세정력도 좋았답니다. 순한 제품이라 아이들이랑 같이 써도 될 것 같아요.,자극성,순한 제품이라,1,[속성] 자극성 [문장] 순한 제품이라,0,자극성,unchanged
test,train,[속성] 용량/개수 [문장] 양이 많아,586691,쇼핑몰,스킨케어,OO 멘** 포밍워시 200ml 2개,사용하는 제품인데 ㅇㅇㅇ에서 행사해서 좋은 가격에 득템 했어요 하나 사면 오래 쓰는데 양이 많아 온가족이 부담없이 잘 쓸 수 있어요. 제형이 거품으로 나와서 편하고 얼굴 기름 제거에 탁월해서 세안 후 얼굴이 건조해집니다.,용량/개수,양이 많아,1,[속성] 용량/개수 [문장] 양이 많아,0,용량,merged_duplicate_label
test,train,[속성] 가격 [문장] 가격이 좀 비싼데,599636,쇼핑몰,스킨케어,OO 더** 스킨 선로션 200ml 1개,오랫동안 사용하고 있어요. 가족들도 같이 공용으로 써서 간편하고 좋네요. 피부가 민감성인데 계속 써도 따끔거리거나 불편한 느낌 없는 것 같아요. 화장품 가격이 좀 비싼데 참 좋은 제품인것 같아요. 보습력이 꽤 있어서 여름에 외출할 때는 거의 이거 하나만 바르고 다녀요. 겨울에는 스킨 로션 바르고 마무리합니다. 얇게 여러번 덧바르면 화장도 밀리지 않고 좋네요.,가격,가격이 좀 비싼데,-1,[속성] 가격 [문장] 가격이 좀 비싼데,1,가격,unchanged
test,train,[속성] 용량/개수 [문장] 가격대비 양은 좀 아쉽네요.,593224,쇼핑몰,스킨케어,OO 그** 선 플러스 50ml 1개,"민감한 피부라 다른 제품 바르고 가려워서 몇 개 버렸는데, 이 제품은 트러블 없어서 좋습니다. 유분기가 거의 없어 여름에 바르면 좋을 듯합니다. 가격대비 양은 좀 아쉽네요. 유분기 많은 겨울용도 찾아봐야 할 것 같아요.",용량/개수,가격대비 양은 좀 아쉽네요.,-1,[속성] 용량/개수 [문장] 가격대비 양은 좀 아쉽네요.,1,용량,merged_duplicate_label
test,train,[속성] 흡수력 [문장] 끈적임이 없어,596876,쇼핑몰,스킨케어,OO 센** 선스틱 22g 1개,발림성이 좋고 끈적임이 없어 자주 바릅니다. 외출시 빨리 바를 수 있어 편리합니다. 스틱이 굵어서 넓은 피부에 빠르게 바를 수 있고 은은한 향이 나서 더 좋네요. 쿨링감은 별로 안 느껴지는데 잘 이용하고 있습니다. 배송도 빠르고 포장도 잘 돼서 왔어요.,흡수력,끈적임이 없어,1,[속성] 흡수력 [문장] 끈적임이 없어,0,흡수력,unchanged
test,train,[속성] 성분 [문장] 성분이 순해서,596123,쇼핑몰,스킨케어,OO 브라이트닝 업 선 플러스 50ml 1개,배송이 빠르게 도착해서 잘 사용중입니다.성분이 순해서 트러블없이 잘 발리고 톤업 효과도 있어서 화사해지고 발림성도 매우 좋아요.강추해요.,성분,성분이 순해서,1,[속성] 성분 [문장] 성분이 순해서,0,성분,unchanged
test,train,[속성] 자극성 [문장] 트러블없이,596123,쇼핑몰,스킨케어,OO 브라이트닝 업 선 플러스 50ml 1개,배송이 빠르게 도착해서 잘 사용중입니다.성분이 순해서 트러블없이 잘 발리고 톤업 효과도 있어서 화사해지고 발림성도 매우 좋아요.강추해요.,자극성,트러블없이,1,[속성] 자극성 [문장] 트러블없이,0,자극성,unchanged
test,train,[속성] 기능/효과 [문장] 톤업 효과도 있어서,596123,쇼핑몰,스킨케어,OO 브라이트닝 업 선 플러스 50ml 1개,배송이 빠르게 도착해서 잘 사용중입니다.성분이 순해서 트러블없이 잘 발리고 톤업 효과도 있어서 화사해지고 발림성도 매우 좋아요.강추해요.,기능/효과,톤업 효과도 있어서,1,[속성] 기능/효과 [문장] 톤업 효과도 있어서,0,기능/효과,unchanged
test,train,[속성] 윤기/피부(톤) [문장] 화사해지고,596123,쇼핑몰,스킨케어,OO 브라이트닝 업 선 플러스 50ml 1개,배송이 빠르게 도착해서 잘 사용중입니다.성분이 순해서 트러블없이 잘 발리고 톤업 효과도 있어서 화사해지고 발림성도 매우 좋아요.강추해요.,윤기/피부(톤),화사해지고,1,[속성] 윤기/피부(톤) [문장] 화사해지고,0,윤기/피부(톤),unchanged
test,train,[속성] 사용감 [문장] 사용감이 개운합니다.,585011,쇼핑몰,스킨케어,OO 클** 클렌징젤 400ml 1개,이 제품만 사용 하네요. 자극도 없고 순하고 거품도 잘 나고 쓰고 나면 사용감이 개운합니다. 가격 할인과 구성 샘플이 좋습니다. 계속 이 제품 사용할겁니다.,사용감,사용감이 개운합니다.,1,[속성] 사용감 [문장] 사용감이 개운합니다.,0,사용감,unchanged
test,train,[속성] 보습력/수분감 [문장] 유분기가 있어,593018,쇼핑몰,스킨케어,OO 그** 선 플러스 50ml 1개,작년부터 사용하기 시작했는데 발림성이 좋고 유분기가 있어 건성피부인 저에게 잘 맞네요,보습력/수분감,유분기가 있어,1,[속성] 보습력/수분감 [문장] 유분기가 있어,0,보습력/수분감,unchanged
test,train,[속성] 기능/효과 [문장] 저에게 잘 맞네요,593018,쇼핑몰,스킨케어,OO 그** 선 플러스 50ml 1개,작년부터 사용하기 시작했는데 발림성이 좋고 유분기가 있어 건성피부인 저에게 잘 맞네요,기능/효과,저에게 잘 맞네요,1,[속성] 기능/효과 [문장] 저에게 잘 맞네요,0,기능/효과,unchanged
test,validation,[속성] 제형 [문장] 제형이 매트해서,596426,쇼핑몰,스킨케어,OO 브라이트닝 업 선 플러스 50ml 1개,제형이 매트해서 지성 피부나 여름에 사용하기 좋습니다. 자외선 차단제 하나로 자외선 차단 뿐만아니라 피부보정도 되어서 편하고 좋습니다. 유효기간이 23년 6월 8일 까지 좀 짧네요.,제형,제형이 매트해서,0,[속성] 제형 [문장] 제형이 매트해서,2,제형,unchanged
test,train,[속성] 기능/효과 [문장] 여름에 사용하기 좋습니다.,596426,쇼핑몰,스킨케어,OO 브라이트닝 업 선 플러스 50ml 1개,제형이 매트해서 지성 피부나 여름에 사용하기 좋습니다. 자외선 차단제 하나로 자외선 차단 뿐만아니라 피부보정도 되어서 편하고 좋습니다. 유효기간이 23년 6월 8일 까지 좀 짧네요.,기능/효과,여름에 사용하기 좋습니다.,1,[속성] 기능/효과 [문장] 여름에 사용하기 좋습니다.,0,기능/효과,unchanged
test,train,[속성] 유통기한 [문장] 유통기한도 길어요,597838,쇼핑몰,스킨케어,OO 카** 선스틱 22g 1개,유통기한도 길어요. 몸에 부담 없이 바르기 편해요. 끈적임은 좀 있고 흡수가 빠르진 않습니다. 그래도 자외선 차단은 잘 됩니다. 여기 가격이 가장 저렴해요. 다 쓰면 또 구입하겠습니다.,유통기한,유통기한도 길어요,1,[속성] 유통기한 [문장] 유통기한도 길어요,0,유통기한,unchanged
test,train,[속성] 흡수력 [문장] 끈적거리지 않아서,593522,쇼핑몰,스킨케어,OO 그** 선 플러스 50ml 1개,"적당히 매트하고, 끈적거리지 않아서 여름에 바르기에 좋은 것 같아요. 겨울에는 약간 건조할 듯합니다. 가격 대비 양은 적네요. 유통기간은 너무 짧아요.",흡수력,끈적거리지 않아서,1,[속성] 흡수력 [문장] 끈적거리지 않아서,0,흡수력,unchanged
test,train,[속성] 용량/개수 [문장] 가격 대비 양은 적네요.,593522,쇼핑몰,스킨케어,OO 그** 선 플러스 50ml 1개,"적당히 매트하고, 끈적거리지 않아서 여름에 바르기에 좋은 것 같아요. 겨울에는 약간 건조할 듯합니다. 가격 대비 양은 적네요. 유통기간은 너무 짧아요.",용량/개수,가격 대비 양은 적네요.,-1,[속성] 용량/개수 [문장] 가격 대비 양은 적네요.,1,용량,merged_duplicate_label
test,train,[속성] 향 [문장] 향도 별로에요.,587035,쇼핑몰,스킨케어,OO 멘** 포밍워시 200ml 2개,"OOO 제품은 순해서 자극 없고, 데일리용으로 사용하고 있습니다. 제형이 거품형이라 간편해서 잘 사용하고 있어요. 가격 대비 용량이 적어 아쉽네요. 향도 별로에요.",향,향도 별로에요.,-1,[속성] 향 [문장] 향도 별로에요.,1,향,unchanged
test,train,[속성] 향 [문장] 향은 은은하니 좋습니다.,600209,쇼핑몰,스킨케어,OO 밀** 상백 크림 50ml 1개,"발림성이나 향은 은은하니 좋습니다. 미백효과가 오래지속 되진 않아 아쉽고, 가격이 비싼 듯합니다.",향,향은 은은하니 좋습니다.,1,[속성] 향 [문장] 향은 은은하니 좋습니다.,0,향,unchanged
test,train,[속성] 발림성 [문장] 잘 발리네요.,600402,쇼핑몰,스킨케어,OO 밀** 상백 크림 50ml 1개,OOO 썬블록은 눈이 넘 따가웠는데 이건 눈 따가움없이 잘발리네요. OO선블록이 너무 비싸서 대체품으로 선택했는데 만족하네요. 제 피부가 워낙 흡수가 잘 안되는데 흡수력은 부족하네요. 다른 제품들이랑 크게 다를바 없네요.,발림성,잘 발리네요.,1,[속성] 발림성 [문장] 잘 발리네요.,0,발림성,unchanged
test,train,[속성] 흡수력 [문장] 번들거림 없이,588153,쇼핑몰,스킨케어,OO 시** 오일 280ml 1개,유명해서 구매해 봤습니다. 발라보니 번들거림 없이 얇게 잘 발려서 너무 좋습니다. 향은 별로지만 유분기도 없어서 좋고 지성인 제 피부에 딱입니다. OOO 선크림만 사용할 듯합니다. 다만 유통기한이 짧아서 아쉬워요.,흡수력,번들거림 없이,1,[속성] 흡수력 [문장] 번들거림 없이,0,흡수력,unchanged
test,train,[속성] 기능/효과 [문장] 제 피부에 딱입니다.,588153,쇼핑몰,스킨케어,OO 시** 오일 280ml 1개,유명해서 구매해 봤습니다. 발라보니 번들거림 없이 얇게 잘 발려서 너무 좋습니다. 향은 별로지만 유분기도 없어서 좋고 지성인 제 피부에 딱입니다. OOO 선크림만 사용할 듯합니다. 다만 유통기한이 짧아서 아쉬워요.,기능/효과,제 피부에 딱입니다.,1,[속성] 기능/효과 [문장] 제 피부에 딱입니다.,0,기능/효과,unchanged
test,train,[속성] 보습력/수분감 [문장] 당김 없고,587158,쇼핑몰,스킨케어,OO 멘** 포밍워시 200ml 2개,당김 없고 세안 후 촉촉하네요. 가격도 부담 없어 온 가족이 사용하기 좋아요. 세정력이 나쁜 건 아니지만 메이크업은 이걸로 안 지워져서 이중세안 해야 합니다.,보습력/수분감,당김 없고,1,[속성] 보습력/수분감 [문장] 당김 없고,0,보습력/수분감,unchanged
test,train,[속성] 편의성/활용성 [문장] 온 가족이 사용하기 좋아요.,587158,쇼핑몰,스킨케어,OO 멘** 포밍워시 200ml 2개,당김 없고 세안 후 촉촉하네요. 가격도 부담 없어 온 가족이 사용하기 좋아요. 세정력이 나쁜 건 아니지만 메이크업은 이걸로 안 지워져서 이중세안 해야 합니다.,편의성/활용성,온 가족이 사용하기 좋아요.,1,[속성] 편의성/활용성 [문장] 온 가족이 사용하기 좋아요.,0,편의성/활용성,unchanged
test,train,[속성] 보습력/수분감 [문장] 피부가 촉촉하네요.,586241,쇼핑몰,스킨케어,OO 시** 퍼펙트 휩 150ml 4개,향도 은은해서 좋고 거품도 풍부해서 잘 세정되요. 보습력도 뛰어나고 피부가 촉촉하네요. 이제품 잘샀어요. 좋습니다.,보습력/수분감,피부가 촉촉하네요.,1,[속성] 보습력/수분감 [문장] 피부가 촉촉하네요.,0,보습력/수분감,unchanged
test,train,[속성] 가격 [문장] 다른 곳보다 저렴하게 구입했습니다.,598298,쇼핑몰,스킨케어,OO 카** 선스틱 22g 1개,"다른 곳보다 저렴하게 구입했습니다. 잘 안 바르던 제품이라 그런지, 뽀송하지는 않은 것 같아요. 냄새도 별로네요.",가격,다른 곳보다 저렴하게 구입했습니다.,1,[속성] 가격 [문장] 다른 곳보다 저렴하게 구입했습니다.,0,가격,unchanged
test,validation,[속성] 발림성 [문장] 잘 발라지는데,597357,쇼핑몰,스킨케어,OO 메** UV 울트라 선 50ml 1개,리뷰에 좋다해서 샀습니다. 개인차가 있겠지만 백탁이 조금 있어요. 잘 발라지는데 유분기가 많아 기름지네요. 재구매 의사 없습니다.,발림성,잘 발라지는데,1,[속성] 발림성 [문장] 잘 발라지는데,0,발림성,unchanged
test,train,[속성] 보습력/수분감 [문장] 유분기가 많아,597357,쇼핑몰,스킨케어,OO 메** UV 울트라 선 50ml 1개,리뷰에 좋다해서 샀습니다. 개인차가 있겠지만 백탁이 조금 있어요. 잘 발라지는데 유분기가 많아 기름지네요. 재구매 의사 없습니다.,보습력/수분감,유분기가 많아,-1,[속성] 보습력/수분감 [문장] 유분기가 많아,1,보습력/수분감,unchanged
test,train,[속성] 흡수력 [문장] 기름지네요.,597357,쇼핑몰,스킨케어,OO 메** UV 울트라 선 50ml 1개,리뷰에 좋다해서 샀습니다. 개인차가 있겠지만 백탁이 조금 있어요. 잘 발라지는데 유분기가 많아 기름지네요. 재구매 의사 없습니다.,흡수력,기름지네요.,-1,[속성] 흡수력 [문장] 기름지네요.,1,흡수력,unchanged
test,train,"[속성] 발림성 [문장] 부드럽게 잘 발리고,",598148,쇼핑몰,스킨케어,OO 카** 선스틱 22g 1개,"부드럽게 잘 발리고, 제형이 투명해서 여러 번 덧발라도 얼굴이 하얗게 되지 않아 좋아요. 저렴한 가격에 구매해서 좋습니다. 냄새는 좀 별로네요.",발림성,"부드럽게 잘 발리고,",1,"[속성] 발림성 [문장] 부드럽게 잘 발리고,",0,발림성,unchanged
test,train,[속성] 향 [문장] 냄새는 좀 별로네요.,598148,쇼핑몰,스킨케어,OO 카** 선스틱 22g 1개,"부드럽게 잘 발리고, 제형이 투명해서 여러 번 덧발라도 얼굴이 하얗게 되지 않아 좋아요. 저렴한 가격에 구매해서 좋습니다. 냄새는 좀 별로네요.",향,냄새는 좀 별로네요.,-1,[속성] 향 [문장] 냄새는 좀 별로네요.,1,향,unchanged
test,train,[속성] 기능/효과 [문장] 뽀드득한 느낌입니다.,591767,쇼핑몰,스킨케어,OO 클렌징 폼 150ml 1개,"늘 사용하는 제품이에요. 세안 후에 촉촉한 느낌은 없고 뽀드득한 느낌입니다. 거품은 적당히 잘 나고 향은 자극적이지 않아 좋아요. 노폐물이나 화이트헤드, 블랙헤드 등이 깨끗하게 씻기지는 않아요.",기능/효과,뽀드득한 느낌입니다.,1,[속성] 기능/효과 [문장] 뽀드득한 느낌입니다.,0,기능/효과,unchanged
test,train,[속성] 기능/효과 [문장] 저한테는 잘 맞네요.,582462,쇼핑몰,스킨케어,OO 마** 퓨어 클렌징오일 200ml 1개,얼굴 피지가 많아서 다른 오일 쓰다가 다시 이 제품 구입했어요. 화장을 가볍게 하는 편임에도 불구하고 오일로 1차 세안 하지 않으면 안 씻은 느낌이었는데 약간은 묵직한 제형의 질감이 저한테는 잘 맞네요. 피지가 개선되는 효과도 기대해 봅니다.,기능/효과,저한테는 잘 맞네요.,1,[속성] 기능/효과 [문장] 저한테는 잘 맞네요.,0,기능/효과,unchanged
test,train,[속성] 기능/효과 [문장] 잘 닦이고,589516,쇼핑몰,스킨케어,OO 딥 클린 클렌저 175g 1개,좁쌀 여드름과 마스크만 착용하면 올라오는 뾰루지들 때문에 사용을 시작했네요. 일단 효과는 진짜 좋아요. 뾰루지 올라올 것 같으면 바로 세안할 때 사용하면 금새 없어져요. 좁쌀 여드름에 어성초비누가 좋다길래 두달 정도 사용해봤지만 딱히 효과를 보기는 커녕 피부 상태가 더 안좋아져가는게 눈에 보여서 급히 ○○○를 주문했는데 구매하길 잘 했어요. 너무 좋아요. 잘 닦이고 이마쪽과 눈 아래 수시로 올라오던 뾰루지 다 가라앉았네요.,기능/효과,잘 닦이고,1,[속성] 기능/효과 [문장] 잘 닦이고,0,기능/효과,unchanged
test,train,[속성] 윤기/피부(톤) [문장] 부드럽지도 않아요.,582425,쇼핑몰,스킨케어,OO 마** 퓨어 클렌징오일 200ml 1개,바를 때 뻑뻑합니다. 물을 바르면 제형이 너무 묽어져 흐르니 바르기가 안 좋고 씻고 나서 부드럽지도 않아요. 전반적으로 사용감이 기대에 못미쳐요. 품질이 제값을 못하네요.,윤기/피부(톤),부드럽지도 않아요.,-1,[속성] 윤기/피부(톤) [문장] 부드럽지도 않아요.,1,윤기/피부(톤),unchanged
test,train,[속성] 흡수력 [문장] 끈적임 살짝 있지만,595742,쇼핑몰,스킨케어,OO 선 메이트 70ml 1개,상품평이 좋아서 구매했습니다. 발라보니 향도 좋고 끈적임 살짝 있지만 흡수력 좋고 얇게 발려서 좋습니다. OOO선크림 처음인데 좋습니다,흡수력,끈적임 살짝 있지만,-1,[속성] 흡수력 [문장] 끈적임 살짝 있지만,1,흡수력,unchanged
test,train,[속성] 흡수력 [문장] 흡수력 좋고,595742,쇼핑몰,스킨케어,OO 선 메이트 70ml 1개,상품평이 좋아서 구매했습니다. 발라보니 향도 좋고 끈적임 살짝 있지만 흡수력 좋고 얇게 발려서 좋습니다. OOO선크림 처음인데 좋습니다,흡수력,흡수력 좋고,1,[속성] 흡수력 [문장] 흡수력 좋고,0,흡수력,unchanged
test,train,[속성] 발림성 [문장] 얇게 발려서 좋습니다.,595742,쇼핑몰,스킨케어,OO 선 메이트 70ml 1개,상품평이 좋아서 구매했습니다. 발라보니 향도 좋고 끈적임 살짝 있지만 흡수력 좋고 얇게 발려서 좋습니다. OOO선크림 처음인데 좋습니다,발림성,얇게 발려서 좋습니다.,1,[속성] 발림성 [문장] 얇게 발려서 좋습니다.,0,발림성,unchanged
test,validation,[속성] 보습력/수분감 [문장] 촉촉한 느낌도 좋아요.,591853,쇼핑몰,스킨케어,OO 클렌징 폼 150ml 1개,잡지에서 추천제품으로 나와서 사봤는데 괜찮았습니다. 거품도 잘 나고 세정력도 좋고 쓰고 나면 촉촉한 느낌도 좋아요. 하지만 특유의 살짝 시큼한 향이 아쉽습니다. 향을 좀 달달하게 바꿔주시면 좋겠어요. 아니면 차라리 무향이 나을 것 같아요.,보습력/수분감,촉촉한 느낌도 좋아요.,1,[속성] 보습력/수분감 [문장] 촉촉한 느낌도 좋아요.,0,보습력/수분감,unchanged
test,train,[속성] 사용감 [문장] 사용감이 산뜻해서,587442,쇼핑몰,스킨케어,OO 멘** 포밍워시 200ml 2개,여드름이 있는 아이를 위해 샀는데 남편도 거품도 잘나고 제형이 부드럽고 세정도 잘 된다고 하네요. 사용감이 산뜻해서 같이 쓰고 있어요. 너무 건조해지지도 않고 세정력이 좋아 기름기 많은 남자들이 써도 좋은 것 같아요. 샘플이 없어서 아쉽긴 하네요.,사용감,사용감이 산뜻해서,1,[속성] 사용감 [문장] 사용감이 산뜻해서,0,사용감,unchanged
test,train,[속성] 용량/개수 [문장] 양도 많아요.,585141,쇼핑몰,스킨케어,OO 클** 클렌징젤 400ml 1개,몇 년째 온 가족이 사용하고 있는데 좋습니다. 자극 없이 순하고 양도 많아요. 트러블 피부에도 효과가 좋습니다. 거품도 잘나고 세정력도 좋아요. 아이들도 잘 쓰고 있습니다.,용량/개수,양도 많아요.,1,[속성] 용량/개수 [문장] 양도 많아요.,0,용량,merged_duplicate_label
test,train,[속성] 기능/효과 [문장] 세정력도 좋아요.,585141,쇼핑몰,스킨케어,OO 클** 클렌징젤 400ml 1개,몇 년째 온 가족이 사용하고 있는데 좋습니다. 자극 없이 순하고 양도 많아요. 트러블 피부에도 효과가 좋습니다. 거품도 잘나고 세정력도 좋아요. 아이들도 잘 쓰고 있습니다.,기능/효과,세정력도 좋아요.,1,[속성] 기능/효과 [문장] 세정력도 좋아요.,0,기능/효과,unchanged
test,train,[속성] 향 [문장] 향은 괜찮습니다.,600332,쇼핑몰,스킨케어,OO 밀** 상백 크림 50ml 1개,마스크에 잘 안 묻어나는 화장품이라고 해서 구입해봤어요. 몇 주는 사용해봐야 효과가 좋은지 알겠지만 발림성이랑 향은 괜찮습니다.,향,향은 괜찮습니다.,1,[속성] 향 [문장] 향은 괜찮습니다.,0,향,unchanged
test,train,[속성] 향 [문장] 향도 무향이고,593639,쇼핑몰,스킨케어,OO 그** 선 플러스 50ml 1개,피부염이 생겨서 고생했는데 무기자차 선크림이 좋다하여 이 제품으로 구매해봤어요. 가격도 착하고 배송도 빨라요. 향도 무향이고 흡수가 좋습니다. 적당히 촉촉하니 어떤 피부타입도 무난하게 사용할 수 있어 좋아요,향,향도 무향이고,0,[속성] 향 [문장] 향도 무향이고,2,향,unchanged
test,train,[속성] 가격 [문장] 가성비 좋아요.,599565,쇼핑몰,스킨케어,OO 더** 스킨 선로션 200ml 1개,"발림성 좋고, 가성비 좋아요. 유통기한도 길어서 좋은데, 살짝 번들거림은 있어요. 자외선 차단 효과는 좀 더 써봐야 할 것 같아요. 내년 여름까지 쓸 수 있을 듯하네요.",가격,가성비 좋아요.,1,[속성] 가격 [문장] 가성비 좋아요.,0,가격,unchanged
test,train,[속성] 기능/효과 [문장] 자외선 차단 효과는 좀 더 써봐야 할 것 같아요.,599565,쇼핑몰,스킨케어,OO 더** 스킨 선로션 200ml 1개,"발림성 좋고, 가성비 좋아요. 유통기한도 길어서 좋은데, 살짝 번들거림은 있어요. 자외선 차단 효과는 좀 더 써봐야 할 것 같아요. 내년 여름까지 쓸 수 있을 듯하네요.",기능/효과,자외선 차단 효과는 좀 더 써봐야 할 것 같아요.,0,[속성] 기능/효과 [문장] 자외선 차단 효과는 좀 더 써봐야 할 것 같아요.,2,기능/효과,unchanged
test,train,[속성] 제품구성 [문장] 샘플도 많이 와서 좋아요.,596692,쇼핑몰,스킨케어,OO 브라이트닝 업 선 플러스 50ml 1개,원래 다른브랜드 선크림쓰다가 OOO가 순하고 좋다고 해서 사봤습니다. 피부가 약한 편인데 순하고 괜찮아요. 향은 별로지만 백탁 현상은 전혀 없습니다. 데일리로 쓰기 아주 좋아요. 주변에도 추천하고 있습니다. 샘플도 많이 와서 좋아요.,제품구성,샘플도 많이 와서 좋아요.,1,[속성] 제품구성 [문장] 샘플도 많이 와서 좋아요.,0,제품구성,unchanged
test,train,[속성] 자극성 [문장] 자극 없고 좋습니다.,586653,쇼핑몰,스킨케어,OO 멘** 포밍워시 200ml 2개,좋습니다. 여드름 피부에 효과가 좋아요. 아이와 같이 사용하기 좋고 복합성 피부에도 당김이나 쪼임 없습니다. 부드럽게 세정도 잘됩니다. 자극 없고 좋습니다. 두 번째 구매해서 쓰는데 괜찮네요.,자극성,자극 없고 좋습니다.,1,[속성] 자극성 [문장] 자극 없고 좋습니다.,0,자극성,unchanged
test,train,[속성] 보습력/수분감 [문장] 금방 건조해져서,587393,쇼핑몰,스킨케어,OO 멘** 포밍워시 200ml 2개,얼굴이 건조해지는 느낌이에요 피부에 쌓인 노폐물을 깨끗하게 닦아줘서 피부가 맑아지는 것 같은 느낌이 드는데 금방 건조해져서 보습을 해 줘야 합니다 수건으로 닦지 않고 젖은 상태에서 스킨 바르고 로션 발라주네요,보습력/수분감,금방 건조해져서,-1,[속성] 보습력/수분감 [문장] 금방 건조해져서,1,보습력/수분감,unchanged
test,train,[속성] 향 [문장] 향도 괜찮아서,600405,쇼핑몰,스킨케어,OO 밀** 상백 크림 50ml 1개,ㅇㅇㅇ 제품은 가격이나 효과 면에서 참 무난한 듯 해요. 백탁현상도 없고 향도 괜찮아서 쭉 쓰고 있습니다. 샘플이 적게 와서 늘 아쉬운데 좀 넉넉히 주세요.,향,향도 괜찮아서,1,[속성] 향 [문장] 향도 괜찮아서,0,향,unchanged
test,train,[속성] 흡수력 [문장] 뽀송뽀송하게,593874,쇼핑몰,스킨케어,OO 그** 선 플러스 50ml 1개,처음 사용할때는 하얀 듯한데 조금 있으면 백탁현상이 괜찮아지네요. 기름지지도 않고 뽀송뽀송하게 하루종일 보습력이 유지됩니다. 가격대비 훌륭한 제품입니다.,흡수력,뽀송뽀송하게,1,[속성] 흡수력 [문장] 뽀송뽀송하게,0,흡수력,unchanged
test,train,[속성] 가격 [문장] 가격대비 훌륭한 제품입니다.,593874,쇼핑몰,스킨케어,OO 그** 선 플러스 50ml 1개,처음 사용할때는 하얀 듯한데 조금 있으면 백탁현상이 괜찮아지네요. 기름지지도 않고 뽀송뽀송하게 하루종일 보습력이 유지됩니다. 가격대비 훌륭한 제품입니다.,가격,가격대비 훌륭한 제품입니다.,1,[속성] 가격 [문장] 가격대비 훌륭한 제품입니다.,0,가격,unchanged
test,validation,[속성] 보습력/수분감 [문장] 건조해지지 않고,585123,쇼핑몰,스킨케어,OO 클** 클렌징젤 400ml 1개,"클렌징 워터, 오일 등 사용해 봤는데 세정 후에 너무 건조해져서 싫더라고요. 이건 건조해지지 않고 부드럽게 잘 닦아낼 수 있어서 좋습니다. 이번에 400ml만 4번째 샀어요. 대체할 수 있는 다른 제품을 찾게 되지 않는 한 계속 사용할 거 같습니다.",보습력/수분감,건조해지지 않고,1,[속성] 보습력/수분감 [문장] 건조해지지 않고,0,보습력/수분감,unchanged
test,train,[속성] 제형 [문장] 제형이 뻑뻑하지 않고,600187,쇼핑몰,스킨케어,OO 밀** 상백 크림 50ml 1개,썬크림이든 bb크림이든 메이크업 베이스 든 가장 중요하게 생각하는건 발림성인데요. 이 제품은 제형이 뻑뻑하지 않고 부드럽게 발리고 눈이 따갑거나 하지 않아서 좋네요. 약간의 컬러가 들어있어서 좋네요.,제형,제형이 뻑뻑하지 않고,1,[속성] 제형 [문장] 제형이 뻑뻑하지 않고,0,제형,unchanged
test,train,[속성] 자극성 [문장] 저자극에,584951,쇼핑몰,스킨케어,OO 클** 클렌징젤 400ml 1개,저자극에 세정력도 맘에 들어서 챙겨두고 쓰네요. 추천합니다. 마스카라는 별도로 다른 클렌징을 사용해야 하지만 피부화장 정도는 꼼꼼하게 잘 지워져 만족하고 쓰고 있네요.,자극성,저자극에,1,[속성] 자극성 [문장] 저자극에,0,자극성,unchanged
test,train,[속성] 가격 [문장] 가격이 저렴하지는 않지만,582865,쇼핑몰,스킨케어,OO 마** 퓨어 클렌징오일 200ml 1개,다른 제품 사용하다가 다시 이 제품으로 돌아왔어요. 다른 제품 써보니 OOO클린징오일이 더 좋다는 걸 알게 되는 것 같습니다. 가격이 저렴하지는 않지만 깨끗하게 씻기고 촉촉해서 좋습니다.,가격,가격이 저렴하지는 않지만,-1,[속성] 가격 [문장] 가격이 저렴하지는 않지만,1,가격,unchanged
test,train,[속성] 향 [문장] 향이 강하네요.,585069,쇼핑몰,스킨케어,OO 클** 클렌징젤 400ml 1개,다른데서 향이 별로란 평을 봤는데 사용해보니 향이 강하네요. 세안 후 피부가 매끈한 느낌이 나서 좋습니다.,향,향이 강하네요.,-1,[속성] 향 [문장] 향이 강하네요.,1,향,unchanged
test,train,[속성] 용량/개수 [문장] 대용량이라 좋아요.,587414,쇼핑몰,스킨케어,OO 멘** 포밍워시 200ml 2개,사춘기 딸이 후기보고 구입했는데 여드름에 효과있어요. 아이가 세안할때 한번 누르기만하면 거품이 풍부하게 나와서 시간도 단축되고 사용하기 편리해서 다른 제품보다 이 제품에 손이 가네요. 헹굴때도 미끌거리지 않고 잘 헹궈져서 좋아요. 단점은 소독할때 나는 알콜향이 나고 지성인 부분외에 다른 피부를 건조하게 하네요. 가격도 다른 여드름 상품치고는 비싸지 않은 편이고 대용량이라 좋아요. 붉은 여드름에도 진정효과가 있지만 블랙헤드에는 효과가 없어요. 눈가는 피해서 폼을 사용해야 해요.,용량/개수,대용량이라 좋아요.,1,[속성] 용량/개수 [문장] 대용량이라 좋아요.,0,용량,merged_duplicate_label
test,train,[속성] 기능/효과 [문장] 사계절 쓰기 좋아요,596040,쇼핑몰,스킨케어,OO 브라이트닝 업 선 플러스 50ml 1개,자연스러운 톤업 효과가 좋아 쓰기 시작했네요. 몇년째 사용중인데 사계절 쓰기 좋아요 겨울엔 당김이 약간 느껴지는데 크림 바르고 바르면 괜찮네요 적당히 촉촉하고 보송한 느낌이라 개인적으론 잘 맞아서 이것만 쓰고 있네요 샘플이 적어 아쉽네요,기능/효과,사계절 쓰기 좋아요,1,[속성] 기능/효과 [문장] 사계절 쓰기 좋아요,0,기능/효과,unchanged
test,train,[속성] 보습력/수분감 [문장] 적당히 촉촉하고,596040,쇼핑몰,스킨케어,OO 브라이트닝 업 선 플러스 50ml 1개,자연스러운 톤업 효과가 좋아 쓰기 시작했네요. 몇년째 사용중인데 사계절 쓰기 좋아요 겨울엔 당김이 약간 느껴지는데 크림 바르고 바르면 괜찮네요 적당히 촉촉하고 보송한 느낌이라 개인적으론 잘 맞아서 이것만 쓰고 있네요 샘플이 적어 아쉽네요,보습력/수분감,적당히 촉촉하고,1,[속성] 보습력/수분감 [문장] 적당히 촉촉하고,0,보습력/수분감,unchanged
test,validation,[속성] 제품구성 [문장] 샘플이 적어 아쉽네요,596040,쇼핑몰,스킨케어,OO 브라이트닝 업 선 플러스 50ml 1개,자연스러운 톤업 효과가 좋아 쓰기 시작했네요. 몇년째 사용중인데 사계절 쓰기 좋아요 겨울엔 당김이 약간 느껴지는데 크림 바르고 바르면 괜찮네요 적당히 촉촉하고 보송한 느낌이라 개인적으론 잘 맞아서 이것만 쓰고 있네요 샘플이 적어 아쉽네요,제품구성,샘플이 적어 아쉽네요,-1,[속성] 제품구성 [문장] 샘플이 적어 아쉽네요,1,제품구성,unchanged
test,train,[속성] 제품구성 [문장] 사은품도 좋습니다.,582267,쇼핑몰,스킨케어,OO 순** 클렌징오일 200ml 1개,"제품 성분이 순해서 정말 좋습니다. 사용 기한 넉넉하고, 배송 빨라서 좋아요. 함께 오는 사은품도 좋습니다. 향이 제 취향은 아닙니다.",제품구성,사은품도 좋습니다.,1,[속성] 제품구성 [문장] 사은품도 좋습니다.,0,제품구성,unchanged
test,train,[속성] 향 [문장] 향이 제 취향은 아닙니다.,582267,쇼핑몰,스킨케어,OO 순** 클렌징오일 200ml 1개,"제품 성분이 순해서 정말 좋습니다. 사용 기한 넉넉하고, 배송 빨라서 좋아요. 함께 오는 사은품도 좋습니다. 향이 제 취향은 아닙니다.",향,향이 제 취향은 아닙니다.,-1,[속성] 향 [문장] 향이 제 취향은 아닙니다.,1,향,unchanged
test,train,[속성] 보습력/수분감 [문장] 건조해지지 않아,587835,쇼핑몰,스킨케어,OO 시** 오일 280ml 1개,화장이 깨끗하게 지워집니다. 세안 후 건조해지지 않아 얼굴이 당기지 않아서 너무 좋습니다. 사용 후 재구매할게요. 많이 파시기 바래요.,보습력/수분감,건조해지지 않아,1,[속성] 보습력/수분감 [문장] 건조해지지 않아,0,보습력/수분감,unchanged
test,train,[속성] 기능/효과 [문장] 거품도 많이 나고,587287,쇼핑몰,스킨케어,OO 멘** 포밍워시 200ml 2개,여드름이 많이 나서 구매하게 되었네요 .다만 가격은 좀 있어요.예전보다 여드름이 심하게는 나지않고 효과좋아 아이가 좋아합니다. 세정력도 좋고 거품도 많이 나고 사용하기 좋습니다.,기능/효과,거품도 많이 나고,1,[속성] 기능/효과 [문장] 거품도 많이 나고,0,기능/효과,unchanged
test,train,[속성] 흡수력 [문장] 흡수도 잘되고,597048,쇼핑몰,스킨케어,OO 메** UV 울트라 선 50ml 1개,OOO 선크림은 항상 사용하는 제품입니다. 벌써 몇 통째 몇 년째 사용 중인지 모르겠어요. 그만큼 항상 사용 중인 OOO OO 선블록입니다. 백탁현상도 없고 제형이 부드러운 질감이라 잘 발려서 흡수도 잘되고 무엇보다 피부 톤이 자연스럽게 톤업 되는 듯해서 너무 좋습니다. 자극 없는 순한 제품이라 트러블 없어서 마음에 들어요. 같은 OOO 선크림이라도 OO 선크림이 제 피부에 잘 맞답니다. 앞으로도 OOO OO 선크림 사용할 예정이에요. 만족합니다. 이 제품은 단종되지 말고 계속 나왔으면 좋겠어요. 요즘같이 마스크 쓸 때에는 OOO 선크림만 바르고 다녀도 이마 쪽이 환한 느낌이라 화장을 따로 하지 않고 다니고 있어요.,흡수력,흡수도 잘되고,1,[속성] 흡수력 [문장] 흡수도 잘되고,0,흡수력,unchanged
test,train,[속성] 자극성 [문장] 자극 없는,597048,쇼핑몰,스킨케어,OO 메** UV 울트라 선 50ml 1개,OOO 선크림은 항상 사용하는 제품입니다. 벌써 몇 통째 몇 년째 사용 중인지 모르겠어요. 그만큼 항상 사용 중인 OOO OO 선블록입니다. 백탁현상도 없고 제형이 부드러운 질감이라 잘 발려서 흡수도 잘되고 무엇보다 피부 톤이 자연스럽게 톤업 되는 듯해서 너무 좋습니다. 자극 없는 순한 제품이라 트러블 없어서 마음에 들어요. 같은 OOO 선크림이라도 OO 선크림이 제 피부에 잘 맞답니다. 앞으로도 OOO OO 선크림 사용할 예정이에요. 만족합니다. 이 제품은 단종되지 말고 계속 나왔으면 좋겠어요. 요즘같이 마스크 쓸 때에는 OOO 선크림만 바르고 다녀도 이마 쪽이 환한 느낌이라 화장을 따로 하지 않고 다니고 있어요.,자극성,자극 없는,1,[속성] 자극성 [문장] 자극 없는,0,자극성,unchanged
test,train,[속성] 자극성 [문장] 자극도 없어서,583312,쇼핑몰,스킨케어,OO 마** 퓨어 클렌징오일 200ml 1개,복합성 피부입니다. 지인이 추천해줘서 구매했는데 만족입니다. 크게 기대하지 않았는데 세정력 좋고 자극도 없어서 데일리로 계속 사용합니다. 꾸준히 사용하면 피부가 좋아지는 효과 기대해봅니다.,자극성,자극도 없어서,1,[속성] 자극성 [문장] 자극도 없어서,0,자극성,unchanged
test,train,[속성] 향 [문장] 향도 좋구요,585086,쇼핑몰,스킨케어,OO 클** 클렌징젤 400ml 1개,매일 쓰는 폼클렌징입니다. 세일 가격에 구매해서 좋아요. 메이컵은 마무리 세안으로 아침 세안은 무조건 합니다. 향도 좋구요 용량이 커서 좋아요.,향,향도 좋구요,1,[속성] 향 [문장] 향도 좋구요,0,향,unchanged
test,train,[속성] 용량/개수 [문장] 용량이 커서 좋아요.,585086,쇼핑몰,스킨케어,OO 클** 클렌징젤 400ml 1개,매일 쓰는 폼클렌징입니다. 세일 가격에 구매해서 좋아요. 메이컵은 마무리 세안으로 아침 세안은 무조건 합니다. 향도 좋구요 용량이 커서 좋아요.,용량/개수,용량이 커서 좋아요.,1,[속성] 용량/개수 [문장] 용량이 커서 좋아요.,0,용량,merged_duplicate_label
test,train,[속성] 보습력/수분감 [문장] 건조함 없이,591883,쇼핑몰,스킨케어,OO 클렌징 폼 150ml 1개,"성분도 너무 좋고, 사용 후 미끌거림이나 건조함 없이 상쾌해서 믿고 씁니다. 향은 호불호가 있을 수 있는데 저도 처음엔 향이 이상하다고 생각했지만 지금은 계속 맡다 보니 향에 거부감이 좀 줄었습니다.",보습력/수분감,건조함 없이,1,[속성] 보습력/수분감 [문장] 건조함 없이,0,보습력/수분감,unchanged
test,train,[속성] 흡수력 [문장] 피부가 번들거리지 않고,596889,쇼핑몰,스킨케어,OO 센** 선스틱 22g 1개,피부에 닿았을 때 시원하고 부드럽게 잘 발립니다. 피부가 번들거리지 않고 유분기 있는 것은 아니지만 만졌을 때 보송한 것은 아닙니다. 외출 할 때 간단하고 편하게 바를 것 같습니다. 효과는 아직 잘 모르겠습니다.,흡수력,피부가 번들거리지 않고,1,[속성] 흡수력 [문장] 피부가 번들거리지 않고,0,흡수력,unchanged
test,train,[속성] 향 [문장] 향이 너무 좋아요.,593894,쇼핑몰,스킨케어,OO 그** 선 플러스 50ml 1개,촉촉합니다. 양이 넉넉해서 얼굴과 목에 많이 바르고 있어요. 특히 향이 너무 좋아요. 샘플이 없어서 아쉽지만 잘 받았습니다.,향,향이 너무 좋아요.,1,[속성] 향 [문장] 향이 너무 좋아요.,0,향,unchanged
test,train,[속성] 향 [문장] 향이 좋습니다.,582798,쇼핑몰,스킨케어,OO 마** 퓨어 클렌징오일 200ml 1개,향이 좋습니다. 저번에 산 오일은 처음 사용할 때 트러블이 났었는데 이 제품은 순해서 그런지 트러블 없이 사용하고 있습니다. 가격도 괜찮습니다. 피지에도 효과 기대하며 꾸준히 사용해 보겠습니다.,향,향이 좋습니다.,1,[속성] 향 [문장] 향이 좋습니다.,0,향,unchanged
test,train,[속성] 가격 [문장] 가격도 괜찮습니다.,582798,쇼핑몰,스킨케어,OO 마** 퓨어 클렌징오일 200ml 1개,향이 좋습니다. 저번에 산 오일은 처음 사용할 때 트러블이 났었는데 이 제품은 순해서 그런지 트러블 없이 사용하고 있습니다. 가격도 괜찮습니다. 피지에도 효과 기대하며 꾸준히 사용해 보겠습니다.,가격,가격도 괜찮습니다.,1,[속성] 가격 [문장] 가격도 괜찮습니다.,0,가격,unchanged
test,train,[속성] 기능/효과 [문장] 잘 지워지고,582416,쇼핑몰,스킨케어,OO 마** 퓨어 클렌징오일 200ml 1개,여행 갔다가 친구 거 써보고 좋아서 저도 구매했어요. 잘 지워지고 잘 세정되고 깨끗하게 세정되는 것 같아요.,기능/효과,잘 지워지고,1,[속성] 기능/효과 [문장] 잘 지워지고,0,기능/효과,unchanged
test,train,[속성] 흡수력 [문장] 끈적임도 적고,597981,쇼핑몰,스킨케어,OO 카** 선스틱 22g 1개,좋아요 정말 편하게 사용하고는 있지만 용량이 넘 작아서 정말 금방 다 써요. 스틱용기 단점입니다. 그래도 손에 안 묻게 바를 수 있고 편합니다. 이 제품은 끈적임도 적고 간편해서 좋아요.,흡수력,끈적임도 적고,1,[속성] 흡수력 [문장] 끈적임도 적고,0,흡수력,unchanged
test,train,[속성] 흡수력 [문장] 끈적이지만,600483,쇼핑몰,스킨케어,OO 밀** 상백 크림 50ml 1개,샘플 써보고 구매합니다. 백탁 심한 선크림도 많은데 이건 그냥 딱 자연스럽게 톤을 보정해주는 느낌이라 좋아요. 근데 여름이라 좀 끈적이지만 건조한 날씨에는 좋습니다. 이거 하나만 발라도 톤업이 되요. 용량이 좀 작아서 아쉽지만 그래도 좋아요.,흡수력,끈적이지만,-1,[속성] 흡수력 [문장] 끈적이지만,1,흡수력,unchanged
test,validation,[속성] 용량/개수 [문장] 용량이 좀 작아서 아쉽지만,600483,쇼핑몰,스킨케어,OO 밀** 상백 크림 50ml 1개,샘플 써보고 구매합니다. 백탁 심한 선크림도 많은데 이건 그냥 딱 자연스럽게 톤을 보정해주는 느낌이라 좋아요. 근데 여름이라 좀 끈적이지만 건조한 날씨에는 좋습니다. 이거 하나만 발라도 톤업이 되요. 용량이 좀 작아서 아쉽지만 그래도 좋아요.,용량/개수,용량이 좀 작아서 아쉽지만,-1,[속성] 용량/개수 [문장] 용량이 좀 작아서 아쉽지만,1,용량,merged_duplicate_label
test,train,[속성] 가격 [문장] 가격이 좀 비싸긴 하지만,600256,쇼핑몰,스킨케어,OO 밀** 상백 크림 50ml 1개,바르고 난 후 얼굴이 하얗게 되지 않아 따로 피부메이크업이 필요하지 않네요. 피부 결을 따라 발라주면 피부톤이 깨끗하게 정돈 되며 마무리감이 산뜻했어요. 은은한 향기가 부담스럽지 많아 만족합니다. 가격이 좀 비싸긴 하지만 좋아요.,가격,가격이 좀 비싸긴 하지만,-1,[속성] 가격 [문장] 가격이 좀 비싸긴 하지만,1,가격,unchanged
test,train,[속성] 자극성 [문장] 피부 자극이 없이,586051,쇼핑몰,스킨케어,OO 시** 퍼펙트 휩 150ml 4개,피부 자극이 없이 여드름 피부가 깨끗해질 정도로 좋아서 추천해요. 잠들기 전에 세안하고 잠들면 피부가 촉촉해서 좋네요. 어른들에게도 청소년에게도 좋을 듯 합니다. 가족이 같이 쓰기에 좋아요. 용량과 가격은 좀 아쉽네요.,자극성,피부 자극이 없이,1,[속성] 자극성 [문장] 피부 자극이 없이,0,자극성,unchanged
test,train,[속성] 보습력/수분감 [문장] 피부가 촉촉해서 좋네요.,586051,쇼핑몰,스킨케어,OO 시** 퍼펙트 휩 150ml 4개,피부 자극이 없이 여드름 피부가 깨끗해질 정도로 좋아서 추천해요. 잠들기 전에 세안하고 잠들면 피부가 촉촉해서 좋네요. 어른들에게도 청소년에게도 좋을 듯 합니다. 가족이 같이 쓰기에 좋아요. 용량과 가격은 좀 아쉽네요.,보습력/수분감,피부가 촉촉해서 좋네요.,1,[속성] 보습력/수분감 [문장] 피부가 촉촉해서 좋네요.,0,보습력/수분감,unchanged
test,train,[속성] 발림성 [문장] 부드럽게 잘 발리네요.,593842,쇼핑몰,스킨케어,OO 그** 선 플러스 50ml 1개,부드럽게 잘 발리네요. 바르고 있는지도 모르게 잘 발려요. 추운날 바르고 나가도 피부 당김 없어요. 단 보정효과는 없네요. 브라이트닝정도는 아니네요.,발림성,부드럽게 잘 발리네요.,1,[속성] 발림성 [문장] 부드럽게 잘 발리네요.,0,발림성,unchanged
test,train,[속성] 흡수력 [문장] 피부가 미끈거리지 않고,596476,쇼핑몰,스킨케어,OO 브라이트닝 업 선 플러스 50ml 1개,상품 품질이 좋아요. 마음에 드네요 피부가 미끈거리지 않고 민감성인데도 자극이 적어 사용하는 제품이예요.샘플이 없어 아쉽네요.,흡수력,피부가 미끈거리지 않고,1,[속성] 흡수력 [문장] 피부가 미끈거리지 않고,0,흡수력,unchanged
test,train,[속성] 성분 [문장] 성분이 순하다고 해서,586984,쇼핑몰,스킨케어,OO 멘** 포밍워시 200ml 2개,ㅇㅇㅇ가 성분이 순하다고 해서 샀어요. 포밍워시가 사용하기 편하기는 합니다. 용량이 크지 않아서 금세 다 써버리게 되는 점이 안 좋아요.,성분,성분이 순하다고 해서,1,[속성] 성분 [문장] 성분이 순하다고 해서,0,성분,unchanged
test,train,[속성] 용량/개수 [문장] 용량이 크지 않아서,586984,쇼핑몰,스킨케어,OO 멘** 포밍워시 200ml 2개,ㅇㅇㅇ가 성분이 순하다고 해서 샀어요. 포밍워시가 사용하기 편하기는 합니다. 용량이 크지 않아서 금세 다 써버리게 되는 점이 안 좋아요.,용량/개수,용량이 크지 않아서,-1,[속성] 용량/개수 [문장] 용량이 크지 않아서,1,용량,merged_duplicate_label
test,train,[속성] 자극성 [문장] 피부 자극없이,589465,쇼핑몰,스킨케어,OO 딥 클린 클렌저 175g 1개,여드름으로 고민중이었는데 체험 해볼수 있어 좋았어요.저자극 약산성이라 민감한 피부도 자극없이 안심하고 쓸 수 있었습니다. 피부 유분은 잡아주면서 건조하지 않고 촉촉함은 남겨줘 피부 자극없이 깨끗히 클렌징 할수 있었습니다. 제형이 부드럽고 거품도 제법나서 클렌징하기 좋았습니다. 다쓰면 대용량으로 구매해 볼 생각입니다. 자극없이 순한 클렌징으로 추천하고 싶어요.,자극성,피부 자극없이,1,[속성] 자극성 [문장] 피부 자극없이,0,자극성,unchanged
test,train,[속성] 발림성 [문장] 발림성도 괜찮네요.,597780,쇼핑몰,스킨케어,OO 카** 선스틱 22g 1개,"OO의 다른 기초제품들을 먼저 써보고 좋아서 꾸준히 사용했는데, 선스틱은 다른 브랜드 제품 쓰다가 OO 것도 좋은지 궁금해서 구매해봤습니다. 끈적임 없고 발림성도 괜찮네요. 다른 선스틱은 약간 번들거렸는데 이 제품은 번들거리지 않아요. 자외선 차단 효과도 기대됩니다. 써보고 효과가 좋으면 재구매할게요.",발림성,발림성도 괜찮네요.,1,[속성] 발림성 [문장] 발림성도 괜찮네요.,0,발림성,unchanged
test,train,[속성] 흡수력 [문장] 번들거리지 않아요.,597780,쇼핑몰,스킨케어,OO 카** 선스틱 22g 1개,"OO의 다른 기초제품들을 먼저 써보고 좋아서 꾸준히 사용했는데, 선스틱은 다른 브랜드 제품 쓰다가 OO 것도 좋은지 궁금해서 구매해봤습니다. 끈적임 없고 발림성도 괜찮네요. 다른 선스틱은 약간 번들거렸는데 이 제품은 번들거리지 않아요. 자외선 차단 효과도 기대됩니다. 써보고 효과가 좋으면 재구매할게요.",흡수력,번들거리지 않아요.,1,[속성] 흡수력 [문장] 번들거리지 않아요.,0,흡수력,unchanged
test,train,[속성] 기능/효과 [문장] 써보고 효과가 좋으면 재구매할게요.,597780,쇼핑몰,스킨케어,OO 카** 선스틱 22g 1개,"OO의 다른 기초제품들을 먼저 써보고 좋아서 꾸준히 사용했는데, 선스틱은 다른 브랜드 제품 쓰다가 OO 것도 좋은지 궁금해서 구매해봤습니다. 끈적임 없고 발림성도 괜찮네요. 다른 선스틱은 약간 번들거렸는데 이 제품은 번들거리지 않아요. 자외선 차단 효과도 기대됩니다. 써보고 효과가 좋으면 재구매할게요.",기능/효과,써보고 효과가 좋으면 재구매할게요.,0,[속성] 기능/효과 [문장] 써보고 효과가 좋으면 재구매할게요.,2,기능/효과,unchanged
test,train,[속성] 발림성 [문장] 부드럽게 발려서,585500,쇼핑몰,스킨케어,OO 클** 클렌징젤 400ml 1개,세안용으로 샀는데 병에는 바디용으로 적혀있네요. 뒷면에 세안용도 겸한다고 한글 설명서가 있지만 의구심을 가지고 세안용으로 쓰고 있습니다. 자극이 없이 부드럽게 발려서 쓰기 좋습니다. 아주 깔끔하게 확 씻어지는 느낌은 아니라 아침용으로 사용합니다. 저녁에는 다른 제품과 병행해서 사용합니다.,발림성,부드럽게 발려서,1,[속성] 발림성 [문장] 부드럽게 발려서,0,발림성,unchanged
test,train,[속성] 유통기한 [문장] 유통기한도 길어서 좋아요.,592336,쇼핑몰,스킨케어,OO 시** 클렌징폼 120g 1개,"매번 구입하는 제품이에요. 클렌징폼으로 충분히 제 기능을 하는 제품입니다. 가격대비 양은 좀 아쉽지만, 재구매 의사 있어요. 유통기한도 길어서 좋아요.",유통기한,유통기한도 길어서 좋아요.,1,[속성] 유통기한 [문장] 유통기한도 길어서 좋아요.,0,유통기한,unchanged
test,validation,[속성] 윤기/피부(톤) [문장] 자연스러운 톤업이 됩니다.,597052,쇼핑몰,스킨케어,OO 메** UV 울트라 선 50ml 1개,몇년째 몇통째 사용중인지 인생 최애 썬크림이에요. 아이들과 같이 사용중인데 가격도 합리적이고 트러블없이 순하고 백탁없고 자연스러운 톤업이 됩니다. 부드럽게 발려져서 바르기도 편리하네요. 계속 사용할 예정이네요. 효과가 좋기를 기대해봅니다.,윤기/피부(톤),자연스러운 톤업이 됩니다.,1,[속성] 윤기/피부(톤) [문장] 자연스러운 톤업이 됩니다.,0,윤기/피부(톤),unchanged
test,train,[속성] 기능/효과 [문장] 효과가 좋기를 기대해봅니다.,597052,쇼핑몰,스킨케어,OO 메** UV 울트라 선 50ml 1개,몇년째 몇통째 사용중인지 인생 최애 썬크림이에요. 아이들과 같이 사용중인데 가격도 합리적이고 트러블없이 순하고 백탁없고 자연스러운 톤업이 됩니다. 부드럽게 발려져서 바르기도 편리하네요. 계속 사용할 예정이네요. 효과가 좋기를 기대해봅니다.,기능/효과,효과가 좋기를 기대해봅니다.,0,[속성] 기능/효과 [문장] 효과가 좋기를 기대해봅니다.,2,기능/효과,unchanged
test,train,[속성] 자극성 [문장] 순해서 좋습니다.,586847,쇼핑몰,스킨케어,OO 멘** 포밍워시 200ml 2개,사용하기 편하고 순해서 좋습니다.용량이 작아 금방 쓸 것 같은데 생각보다 오래 사용해서 좋네요. 여드름 많은 딸아이와 함께 쓰는데 피부가 깨끗해지고 보습력도 있어서 좋네요. 세일할때마다 쟁여두고 있어요. 자주 세일했으면 좋겠네요.,자극성,순해서 좋습니다.,1,[속성] 자극성 [문장] 순해서 좋습니다.,0,자극성,unchanged
test,train,[속성] 흡수력 [문장] 끈적임 없는,596290,쇼핑몰,스킨케어,OO 브라이트닝 업 선 플러스 50ml 1개,"쟁여두고 쓰고 있어요. 피부 톤을 화사하게 보정해 줍니다. 끈적임 없는 사용감으로 보송하게 마무리되는 자외선 차단제예요. 가격도 너무 저렴해서 부담없이 온가족이 사용하고 있습니다. OOO 다른 제품과 같이 사용하시면 너무 좋습니다. 외출할 때 이거 하나만 바르고 나가도 괜찮을 정도로 화사한 톤을 만들어 줍니다. 발림성 좋아서 적극 추천해요. SPF50+, PA+++이고 전체적으로 피부 미백에 많은 도움을 준답니다. OOO 제품은 항상 믿고 쓰게 되네요.",흡수력,끈적임 없는,1,[속성] 흡수력 [문장] 끈적임 없는,0,흡수력,unchanged
test,train,[속성] 기능/효과 [문장] 데일리로 쓰기에 좋습니다.,591970,쇼핑몰,스킨케어,OO 시** 클렌징폼 120g 1개,가격대비 데일리로 쓰기에 좋습니다. 거품도 조금만 짜도 풍성하게 나오고 씻고 나면 개운하고 보들보들한게 피부가 당기지도 않고 좋습니다.,기능/효과,데일리로 쓰기에 좋습니다.,1,[속성] 기능/효과 [문장] 데일리로 쓰기에 좋습니다.,0,기능/효과,unchanged
test,train,[속성] 품질 [문장] 품질 좋네요,589551,쇼핑몰,스킨케어,OO 딥 클린 클렌저 175g 1개,배송 빠르고 품질 좋네요 피부에 여러가지로 효과가 좋은거 같아요.사용하기 간편해요.,품질,품질 좋네요,1,[속성] 품질 [문장] 품질 좋네요,0,품질,unchanged
test,train,[속성] 편의성/활용성 [문장] 사용하기 간편해요.,589551,쇼핑몰,스킨케어,OO 딥 클린 클렌저 175g 1개,배송 빠르고 품질 좋네요 피부에 여러가지로 효과가 좋은거 같아요.사용하기 간편해요.,편의성/활용성,사용하기 간편해요.,1,[속성] 편의성/활용성 [문장] 사용하기 간편해요.,0,편의성/활용성,unchanged
test,train,[속성] 흡수력 [문장] 백탁도 없어서,599913,쇼핑몰,스킨케어,OO 자** 선크림 50ml 1개,"화장품 바르면 매번 유분기 많아서 미끌거리는게 싫었는데, 이 제품은 유분기가 적당하고 미끌거리지 않으며 백탁도 없어서 선크림 같지 않고, 일반 로션 같아요. 사용기한이 여유가 있음 좋을듯 합니다.",흡수력,백탁도 없어서,1,[속성] 흡수력 [문장] 백탁도 없어서,0,흡수력,unchanged
test,validation,[속성] 유통기한 [문장] 사용기한이 여유가 있음 좋을듯 합니다.,599913,쇼핑몰,스킨케어,OO 자** 선크림 50ml 1개,"화장품 바르면 매번 유분기 많아서 미끌거리는게 싫었는데, 이 제품은 유분기가 적당하고 미끌거리지 않으며 백탁도 없어서 선크림 같지 않고, 일반 로션 같아요. 사용기한이 여유가 있음 좋을듯 합니다.",유통기한,사용기한이 여유가 있음 좋을듯 합니다.,-1,[속성] 유통기한 [문장] 사용기한이 여유가 있음 좋을듯 합니다.,1,유통기한,unchanged
test,train,"[속성] 편의성/활용성 [문장] 사용하기 편하고,",586740,쇼핑몰,스킨케어,OO 멘** 포밍워시 200ml 2개,"OOO 제품은 제형이 거품으로 나와서 사용하기 편하고, 향도 좋은 듯하네요. 전에 써봤는데 좋아서 재구매 했습니다. 가격도 좋고, 사은품으로 주신 립밤과 스킨, 스킨패드 2장이도 좋네요. 가격 대비 용량이 많지 않네요.",편의성/활용성,"사용하기 편하고,",1,"[속성] 편의성/활용성 [문장] 사용하기 편하고,",0,편의성/활용성,unchanged
test,train,[속성] 편의성/활용성 [문장] 쓰기도 편하고,587256,쇼핑몰,스킨케어,OO 멘** 포밍워시 200ml 2개,여드름용 제품이지만 사용감이 지나치게 뽀드득하기보다는 부드럽게 씻기면서 개운한 느낌입니다. 용기가 펌프형이라서 쓰기도 편하고 마음에 듭니다. 다만 향이 없어서 아쉽네요. 향긋한 게 좋은데 그렇지는 않아요.,편의성/활용성,쓰기도 편하고,1,[속성] 편의성/활용성 [문장] 쓰기도 편하고,0,편의성/활용성,unchanged
test,train,[속성] 가격 [문장] 제일 저렴합니다.,587198,쇼핑몰,스킨케어,OO 멘** 포밍워시 200ml 2개,얼굴에 좁쌀 같은 게 올라왔었는데 쏙 들어갔습니다. 눈에 보이게 깨끗해지니 만족스러워요. OO쇼핑이 제일 저렴합니다.,가격,제일 저렴합니다.,1,[속성] 가격 [문장] 제일 저렴합니다.,0,가격,unchanged
test,train,[속성] 디자인 [문장] 디자인도 나쁘지 않네요.,813351,쇼핑몰,헤어/바디케어,OO 시** 드라이 스킨 핸드크림 150ml 1개,보습력도 좋고 향기도 너무 좋아서 기분이 좋아요. 디자인도 나쁘지 않네요. 역시 핸드크림은 OOO이 좋아요.,디자인,디자인도 나쁘지 않네요.,0,[속성] 디자인 [문장] 디자인도 나쁘지 않네요.,2,디자인,unchanged
test,train,[속성] 가격 [문장] 가격도 싸요.,802241,쇼핑몰,헤어/바디케어,OO 바** 맨 리페어링 모이스처 로션 450ml 2개,다른 브랜드 웬만한 건 다 써봤는데 가성비 이만한 제품이 없어요. 이게 제일 트러블도 없고 좋아요. 가격도 싸요. 용량도 넉넉해서 부담없이 쓸 수 있어요. 몸뿐만 아니라 손에 바르기도 좋고 겨울내내 쓰기 좋아요.,가격,가격도 싸요.,1,[속성] 가격 [문장] 가격도 싸요.,0,가격,unchanged
test,train,[속성] 윤기/피부(톤) [문장] 매끈하고,807566,쇼핑몰,헤어/바디케어,OO 인** 리페어 핸드크림 56g 1개,건조하고 찬바람 불어서 튼살에 발라주니 좋습니다. 매끈하고 촉촉하게 살아납니다. 보습력이 정말 좋아요.,윤기/피부(톤),매끈하고,1,[속성] 윤기/피부(톤) [문장] 매끈하고,0,윤기/피부(톤),unchanged
test,train,[속성] 보습력/수분감 [문장] 보습력이 정말 좋아요.,807566,쇼핑몰,헤어/바디케어,OO 인** 리페어 핸드크림 56g 1개,건조하고 찬바람 불어서 튼살에 발라주니 좋습니다. 매끈하고 촉촉하게 살아납니다. 보습력이 정말 좋아요.,보습력/수분감,보습력이 정말 좋아요.,1,[속성] 보습력/수분감 [문장] 보습력이 정말 좋아요.,0,보습력/수분감,unchanged
test,train,[속성] 가격 [문장] 가격 대비 좋아요.,812173,쇼핑몰,헤어/바디케어,OO 카** 클래식 핸드 앤 네일크림 100ml 1개,발림성이 좋고 오래 보습되어 좋습니다. 가격 대비 좋아요. 가격 세일해서 쟁여 뒀습니다. 만족해요.,가격,가격 대비 좋아요.,1,[속성] 가격 [문장] 가격 대비 좋아요.,0,가격,unchanged
test,validation,[속성] 가격 [문장] 가격 세일해서,812173,쇼핑몰,헤어/바디케어,OO 카** 클래식 핸드 앤 네일크림 100ml 1개,발림성이 좋고 오래 보습되어 좋습니다. 가격 대비 좋아요. 가격 세일해서 쟁여 뒀습니다. 만족해요.,가격,가격 세일해서,1,[속성] 가격 [문장] 가격 세일해서,0,가격,unchanged
test,train,[속성] 지속력/유지력 [문장] 오래 유지되네요.,808504,쇼핑몰,헤어/바디케어,OO 인** 리페어 핸드크림 56g 1개,OOO 핸드크림은 보습력이 좋은 제품입니다. 손을 너무 자주 씻어 건조하고 벗겨지는 손에 이 제품을 바르게 되면 다른 제품에 비해 보습력이 월등해서 벗겨진 피부 회복력도 좋을 뿐만아니라 조금만 발라도 보습효과가 오래 유지되네요. 자주 좋은 행사 부탁드려요.,지속력/유지력,오래 유지되네요.,1,[속성] 지속력/유지력 [문장] 오래 유지되네요.,0,지속력/유지력,unchanged
test,train,[속성] 편의성/활용성 [문장] 데일리용으로 사용하기 좋아요.,801679,쇼핑몰,헤어/바디케어,OO 세** 모이스춰라이징 크림 구형 550g 1개,촉촉하고 잘 발립니다. 흡수력도 좋고 보습용으로 좋아요. 피부결도 잘 정돈되고 무향이라 좋습니다. 자극도 없고 상쾌하고 산뜻한 느낌입니다. 데일리용으로 사용하기 좋아요.,편의성/활용성,데일리용으로 사용하기 좋아요.,1,[속성] 편의성/활용성 [문장] 데일리용으로 사용하기 좋아요.,0,편의성/활용성,unchanged
test,train,[속성] 보습력/수분감 [문장] 피부가 부드럽고 좋습니다.,806651,쇼핑몰,헤어/바디케어,OO 아** 모이스춰라이저 400ml 1개,예전에 구매해서 다 사용하여 다시 주문했습니다. 손이 너무 거칠어서 바르고 하면 흡수는 좀 느려도 피부가 부드럽고 좋습니다.,보습력/수분감,피부가 부드럽고 좋습니다.,1,[속성] 보습력/수분감 [문장] 피부가 부드럽고 좋습니다.,0,보습력/수분감,unchanged
test,train,[속성] 흡수력 [문장] 미끌거림이 있습니다.,807654,쇼핑몰,헤어/바디케어,OO 인** 리페어 핸드크림 56g 1개,가격이 저렴하고 배송도 빨라요. 그런데 벌크처럼 박스는 없습니다. 용량은 생각보다 작은 듯하고 미끌거림이 있습니다.,흡수력,미끌거림이 있습니다.,-1,[속성] 흡수력 [문장] 미끌거림이 있습니다.,1,흡수력,unchanged
test,train,[속성] 보습력/수분감 [문장] 보습력이 우수합니다.,809259,쇼핑몰,헤어/바디케어,OO 바** 카모마일 크림 250ml 1개,평소 늘 쓰던 제품인데 너무 좋습니다. 습진이 잘 생기는 피부인데 부드러워지고 보습력이 우수합니다. 강력 추천해요. 가격 대비 대만족입니다.,보습력/수분감,보습력이 우수합니다.,1,[속성] 보습력/수분감 [문장] 보습력이 우수합니다.,0,보습력/수분감,unchanged
test,train,[속성] 가격 [문장] 저렴하게 구입해서 좋아요.,809530,쇼핑몰,헤어/바디케어,OO 바** 카모마일 크림 250ml 1개,잘 받았어요. 저렴하게 구입해서 좋아요. 보습력이 뛰어나서 손이나 발뒤꿈치가 매끈해지고 매우 촉촉해요. 자극적이지 않고 촉감이 부드러우며 향이 진하지 않아서 좋아요.,가격,저렴하게 구입해서 좋아요.,1,[속성] 가격 [문장] 저렴하게 구입해서 좋아요.,0,가격,unchanged
test,train,[속성] 기능/효과 [문장] 겨울에 사용하기 좋습니다.,812489,쇼핑몰,헤어/바디케어,OO 카** 클래식 핸드 앤 네일크림 100ml 1개,이 핸드크림은 겨울에 사용하기 좋습니다. 코로나로 인해 손 소독제를 많이 써서 꼭 필요한 것 같습니다. 손에 바르면 빠르게 흡수가 되고 끈적거리지 않아서 좋은 것 같습니다. 이번 겨울에만 여러 통 쓰고 있습니다. 손이 건조할 때 바르면 촉촉해집니다.,기능/효과,겨울에 사용하기 좋습니다.,1,[속성] 기능/효과 [문장] 겨울에 사용하기 좋습니다.,0,기능/효과,unchanged
test,train,[속성] 보습력/수분감 [문장] 보습용으로 아주 좋습니다.,808516,쇼핑몰,헤어/바디케어,OO 인** 리페어 핸드크림 56g 1개,거친 손을 위해 보습용으로 아주 좋습니다. 향도 무난하고 데일리로 쓰기 좋아요.,보습력/수분감,보습용으로 아주 좋습니다.,1,[속성] 보습력/수분감 [문장] 보습용으로 아주 좋습니다.,0,보습력/수분감,unchanged
test,train,[속성] 편의성/활용성 [문장] 데일리로 쓰기 좋아요.,808516,쇼핑몰,헤어/바디케어,OO 인** 리페어 핸드크림 56g 1개,거친 손을 위해 보습용으로 아주 좋습니다. 향도 무난하고 데일리로 쓰기 좋아요.,편의성/활용성,데일리로 쓰기 좋아요.,1,[속성] 편의성/활용성 [문장] 데일리로 쓰기 좋아요.,0,편의성/활용성,unchanged
test,train,[속성] 보습력/수분감 [문장] 바르면 촉촉하고,806819,쇼핑몰,헤어/바디케어,OO 아** 모이스춰라이저 400ml 1개,OOO배송이라 편하고 가격 대비 용량이 많아요. 바르면 촉촉하고 부드러워요. 용기 펌핑은 잘 안되서 사용하기 불편합니다.,보습력/수분감,바르면 촉촉하고,1,[속성] 보습력/수분감 [문장] 바르면 촉촉하고,0,보습력/수분감,unchanged
test,train,[속성] 보습력/수분감 [문장] 부드러워요.,806819,쇼핑몰,헤어/바디케어,OO 아** 모이스춰라이저 400ml 1개,OOO배송이라 편하고 가격 대비 용량이 많아요. 바르면 촉촉하고 부드러워요. 용기 펌핑은 잘 안되서 사용하기 불편합니다.,보습력/수분감,부드러워요.,1,[속성] 보습력/수분감 [문장] 부드러워요.,0,보습력/수분감,unchanged
test,train,[속성] 보습력/수분감 [문장] 건조하지도 않습니다.,817697,쇼핑몰,헤어/바디케어,OO 랩** 센서티브 포밍 핸드워시 250ml 1개,향도 좋고 세정력도 좋은데 건조하지도 않습니다. 제품이 아주 마음에 드는데 용량이 작아서 아쉽네요. 용량이 더 컸으면 좋겠습니다.,보습력/수분감,건조하지도 않습니다.,1,[속성] 보습력/수분감 [문장] 건조하지도 않습니다.,0,보습력/수분감,unchanged
test,train,[속성] 기능/효과 [문장] 겨울철 필수템입니다.,801532,쇼핑몰,헤어/바디케어,OO 세** 모이스춰라이징 크림 구형 550g 1개,겨울에는 가족 수 만큼 사 놓고 사용합니다. 다른 로션보다 이 제품이 겨울에 보습이 잘 되어 사용하기 좋습니다. 겨울철 필수템입니다. 향도 자극적이지 않고 보습력이 너무 좋습니다. 용기가 펌프형이 아니라 더 좋은 것 같아요.,기능/효과,겨울철 필수템입니다.,1,[속성] 기능/효과 [문장] 겨울철 필수템입니다.,0,기능/효과,unchanged
test,train,[속성] 보습력/수분감 [문장] 보습력이 너무 좋습니다.,801532,쇼핑몰,헤어/바디케어,OO 세** 모이스춰라이징 크림 구형 550g 1개,겨울에는 가족 수 만큼 사 놓고 사용합니다. 다른 로션보다 이 제품이 겨울에 보습이 잘 되어 사용하기 좋습니다. 겨울철 필수템입니다. 향도 자극적이지 않고 보습력이 너무 좋습니다. 용기가 펌프형이 아니라 더 좋은 것 같아요.,보습력/수분감,보습력이 너무 좋습니다.,1,[속성] 보습력/수분감 [문장] 보습력이 너무 좋습니다.,0,보습력/수분감,unchanged
test,train,[속성] 가격 [문장] 가격은 좀 비싸고,805570,쇼핑몰,헤어/바디케어,OO 아** 폼 핸드솝 레몬향 250ml 1개,배송이 아주 빠르네요. 가격은 좀 비싸고 용량은 많지 않아요.,가격,가격은 좀 비싸고,-1,[속성] 가격 [문장] 가격은 좀 비싸고,1,가격,unchanged
test,train,[속성] 가격 [문장] 가격도 비싼 것 같습니다.,802515,쇼핑몰,헤어/바디케어,OO 바** 맨 리페어링 모이스처 로션 450ml 2개,온 가족이 피부가 건조해져서 구매했습니다. 날이 쌀쌀해져서 더 그런 것 같습니다. 배송도 느리고 가격도 비싼 것 같습니다. 보습력도 없네요.,가격,가격도 비싼 것 같습니다.,-1,[속성] 가격 [문장] 가격도 비싼 것 같습니다.,1,가격,unchanged
test,train,[속성] 성분 [문장] 성분이 좋고,811158,쇼핑몰,헤어/바디케어,OO 세** 항균 핸드워시 레몬향 3500ml 1개,믿고 쓰는 제품이에요. 성분이 좋고 신뢰가 가는 회사에서 만든 제품이라 믿고 구매했습니다. 다른 제품 쓰다가 OOO로 넘어왔어요. 잘 씻기네요. 앞으로도 좋은 제품 많이 만들어 주시면 좋겠어요.,성분,성분이 좋고,1,[속성] 성분 [문장] 성분이 좋고,0,성분,unchanged
test,train,[속성] 보습력/수분감 [문장] 보습력이 좋습니다.,803472,쇼핑몰,헤어/바디케어,OO 온** 퓨어 시카 쉐어 바디로션 1000ml 1개,보습력이 좋습니다. 대용량이라 부담 없이 잘 쓰고 있습니다. 건성 피부인데 이거 바르면 건조함이 덜합니다. 발림성이 좋고 얇게 펴 발라져서 마음에 듭니다. 향이 독하지 않아서 좋은 것 같습니다.,보습력/수분감,보습력이 좋습니다.,1,[속성] 보습력/수분감 [문장] 보습력이 좋습니다.,0,보습력/수분감,unchanged
test,train,[속성] 지속력/유지력 [문장] 오래 지속되어,808335,쇼핑몰,헤어/바디케어,OO 인** 리페어 핸드크림 56g 1개,"늘 사용하는 제품이에요. 마침 행사를 해서 저렴하게 구매할 수 있어서 좋았습니다. 용량이 적어서 아쉽지만, 보습력도 좋고 시간이 지나도 촉촉함이 오래 지속되어 바르고 자면 부드러움을 느낄 수 있습니다.",지속력/유지력,오래 지속되어,1,[속성] 지속력/유지력 [문장] 오래 지속되어,0,지속력/유지력,unchanged
test,train,[속성] 보습력/수분감 [문장] 촉촉해서 정말 좋습니다.,801818,쇼핑몰,헤어/바디케어,OO 바** 맨 리페어링 모이스처 로션 450ml 2개,이 바디로션은 늘 좋아해서 재구매하는 제품입니다. 끈적이지 않고 촉촉해서 정말 좋습니다. 본 품 이외에 예상 밖으로 함께 넣어주신 티백도 잘 마시겠습니다. 늘 대박 나시길 바랍니다.,보습력/수분감,촉촉해서 정말 좋습니다.,1,[속성] 보습력/수분감 [문장] 촉촉해서 정말 좋습니다.,0,보습력/수분감,unchanged
test,train,[속성] 기능/효과 [문장] 효과가 없습니다.,808960,쇼핑몰,헤어/바디케어,OO 바** 카모마일 크림 250ml 1개,겨울철에 핸드크림은 필수라서 구입했습니다. 손이 거칠어졌을 때 사용했는데 별 효과가 없습니다. 광고에서는 자기 전에 발뒷꿈치에 바르면 좋다고 했지만 보습력이 너무 별로네요. 딱딱하고 굳은 살에는 효과가 없습니다.,기능/효과,효과가 없습니다.,-1,[속성] 기능/효과 [문장] 효과가 없습니다.,1,기능/효과,unchanged
test,train,[속성] 보습력/수분감 [문장] 보습력 좋습니다,801389,쇼핑몰,헤어/바디케어,OO 세** 모이스춰라이징 크림 구형 550g 1개,가성비 아주 좋아요. 세일할때 저렴하게 구매해서 좋습니다. 품절이라 반 정도만 배송 되었어요. 너무 아쉬웠습니다. 집에서 배송 받으니 어쩔수 없지요. 보습력 좋습니다. 발림도 좋고요. 로션보단 크림제형이라 더 좋아요.,보습력/수분감,보습력 좋습니다,1,[속성] 보습력/수분감 [문장] 보습력 좋습니다,0,보습력/수분감,unchanged
test,validation,[속성] 보습력/수분감 [문장] 촉촉함이 오래 지속되어 좋습니다.,812110,쇼핑몰,헤어/바디케어,OO 카** 클래식 핸드 앤 네일크림 100ml 1개,늘 쓰는 핸드크림입니다. 촉촉함이 오래 지속되어 좋습니다. 끈적임이 없어서 사무실에서 잘 쓰고 있습니다. 가격도 세일할 때 저렴하게 구매했어요. 단 이 제품은 세일을 잘 안하는 것 같습니다. OOO에서만 샀었는데 OO배송으로도 만나볼 수 있어서 좋습니다.,보습력/수분감,촉촉함이 오래 지속되어 좋습니다.,1,[속성] 보습력/수분감 [문장] 촉촉함이 오래 지속되어 좋습니다.,0,보습력/수분감,unchanged
test,train,[속성] 지속력/유지력 [문장] 오래 지속되어 좋습니다.,812110,쇼핑몰,헤어/바디케어,OO 카** 클래식 핸드 앤 네일크림 100ml 1개,늘 쓰는 핸드크림입니다. 촉촉함이 오래 지속되어 좋습니다. 끈적임이 없어서 사무실에서 잘 쓰고 있습니다. 가격도 세일할 때 저렴하게 구매했어요. 단 이 제품은 세일을 잘 안하는 것 같습니다. OOO에서만 샀었는데 OO배송으로도 만나볼 수 있어서 좋습니다.,지속력/유지력,오래 지속되어 좋습니다.,1,[속성] 지속력/유지력 [문장] 오래 지속되어 좋습니다.,0,지속력/유지력,unchanged
test,train,[속성] 흡수력 [문장] 흡수가 잘 안되네요.,806562,쇼핑몰,헤어/바디케어,OO 아** 모이스춰라이저 400ml 1개,처음 써보는데 흡수가 잘 안되네요. 향도 좀 강한 것 같아서 별로예요. 재구매 의사 없습니다.,흡수력,흡수가 잘 안되네요.,-1,[속성] 흡수력 [문장] 흡수가 잘 안되네요.,1,흡수력,unchanged
test,train,[속성] 가격 [문장] 가격 저렴한데,808779,쇼핑몰,헤어/바디케어,OO 바** 카모마일 크림 250ml 1개,남편이 제가 사용하는 핸드크림에 들어있는 시어버터 성분에 알러지가 있어서 시어버터가 안들어 있는 상품 이것저것 써보다가 정착하게된 제품이에요. 일단 가격 저렴한데 양도 많아서 아낌없이 퍽퍽 사용할 수 있어서 만족합니다. 또 유분감이 높아서 전 발뒤꿈치에도 종종 발라요. 벌써 두통째인데 우리집 필수템입니다.,가격,가격 저렴한데,1,[속성] 가격 [문장] 가격 저렴한데,0,가격,unchanged
test,train,[속성] 흡수력 [문장] 흡수도 잘 되고,809097,쇼핑몰,헤어/바디케어,OO 바** 카모마일 크림 250ml 1개,몇 만원 짜리 이상 비싼 제품도 사 봤는데 결벽증 있어서 손을 뭐만 만지면 씻어서 건조했습니다. 이 핸드크림은 흡수도 잘 되고 향도 없어서 좋아요. 가성비 최고인 제품이네요.,흡수력,흡수도 잘 되고,1,[속성] 흡수력 [문장] 흡수도 잘 되고,0,흡수력,unchanged
test,train,[속성] 디자인 [문장] 디자인이 예쁘지 않아요.,809690,쇼핑몰,헤어/바디케어,OO 크** 폼 솝 그린 플로럴향 4000ml 1개,로즈향 쓰다가 바꿔봤습니다. 비누를 잘 안 쓰고 핸드워시를 주로 쓰고 있어서 대용량으로 구매했어요. 소분해서 사용하기 좋지만 유통기한이 길지 않아서 아쉽네요. 구성품으로 리필용기가 와서 좋은데 디자인이 예쁘지 않아요.,디자인,디자인이 예쁘지 않아요.,-1,[속성] 디자인 [문장] 디자인이 예쁘지 않아요.,1,디자인,unchanged
test,train,[속성] 편의성/활용성 [문장] 아이들이 사용하기 좋지 않습니다.,801723,쇼핑몰,헤어/바디케어,OO 세** 모이스춰라이징 크림 구형 550g 1개,이 제품은 보습이 좋은 것 같지 않습니다. 아이들이 사용하기 좋지 않습니다. 구성도 좋은 편이 아니네요. 로션 제형이 너무 묽어서 아쉽습니다. 한 달 정도 사용했는데 좋지 않아서 이제 사용하고 싶지 않습니다. 가격도 비싼 편에 속해서 그냥 마트에서 다른 싼 제품 사서 쓰시는 것이 좋습니다.,편의성/활용성,아이들이 사용하기 좋지 않습니다.,-1,[속성] 편의성/활용성 [문장] 아이들이 사용하기 좋지 않습니다.,1,편의성/활용성,unchanged
test,train,[속성] 가격 [문장] 가격도 비싼 편에 속해서,801723,쇼핑몰,헤어/바디케어,OO 세** 모이스춰라이징 크림 구형 550g 1개,이 제품은 보습이 좋은 것 같지 않습니다. 아이들이 사용하기 좋지 않습니다. 구성도 좋은 편이 아니네요. 로션 제형이 너무 묽어서 아쉽습니다. 한 달 정도 사용했는데 좋지 않아서 이제 사용하고 싶지 않습니다. 가격도 비싼 편에 속해서 그냥 마트에서 다른 싼 제품 사서 쓰시는 것이 좋습니다.,가격,가격도 비싼 편에 속해서,-1,[속성] 가격 [문장] 가격도 비싼 편에 속해서,1,가격,unchanged
test,train,[속성] 보습력/수분감 [문장] 촉촉해서 좋습니다,801392,쇼핑몰,헤어/바디케어,OO 세** 모이스춰라이징 크림 구형 550g 1개,계속 사용하던 거에요. 건조해진 피부에 바르니 촉촉해서 좋습니다. 세일도 해서 저렴하게 구입했습니다. 강력 추천합니다. 아이들도 바르고 온 가족이 다 바를수 있어 정말 좋네요. 세일해서 가격도 저렴하고 피부에 발림도 좋습니다.,보습력/수분감,촉촉해서 좋습니다,1,[속성] 보습력/수분감 [문장] 촉촉해서 좋습니다,0,보습력/수분감,unchanged
test,train,[속성] 보습력/수분감 [문장] 보습력이 뛰어나네요.,808923,쇼핑몰,헤어/바디케어,OO 바** 카모마일 크림 250ml 1개,발림성이 좋고 보습력이 뛰어나네요. 이만한 핸드크림 없는 듯하네요. 저렴하고 양도 많아 더 좋아요. 다음에도 또 사서 쓸 예정이네요.,보습력/수분감,보습력이 뛰어나네요.,1,[속성] 보습력/수분감 [문장] 보습력이 뛰어나네요.,0,보습력/수분감,unchanged
test,train,[속성] 유통기한 [문장] 유통기한 넉넉하고,813104,쇼핑몰,헤어/바디케어,OO 해** 버블 핸드워시 250ml 1개,유치원 생일 선물로 구매했는데 빠른 배송 감사드립니다. 유통기한 넉넉하고 향도 나름 산뜻하고 개인적으로 마음에 듭니다. 저렴하게 구매해서 가성비 좋아서 만족합니다.,유통기한,유통기한 넉넉하고,1,[속성] 유통기한 [문장] 유통기한 넉넉하고,0,유통기한,unchanged
test,train,[속성] 가격 [문장] 가성비 좋은 제품입니다.,810054,쇼핑몰,헤어/바디케어,OO 바** 크림 75ml 4개,여기저기 두고 시도 때도 없이 바르기 좋아요. 작아서 들고 다니기도 편합니다. 휴대성이 좋아요. 가성비 좋은 제품입니다. 향도 나쁘지 않아요.,가격,가성비 좋은 제품입니다.,1,[속성] 가격 [문장] 가성비 좋은 제품입니다.,0,가격,unchanged
test,train,[속성] 유통기한 [문장] 유통기한이 넉넉하고,804433,쇼핑몰,헤어/바디케어,OO 데일리 바디로션 450ml 2개,행사 기간이 아니라서 비싸게 구매한 거 같아요. 유통기한이 넉넉하고 품질은 나쁘지 않은 거 같습니다. 포장도 꼼꼼하게 해주시고 빨리 배송해 주셔서 감사합니다.,유통기한,유통기한이 넉넉하고,1,[속성] 유통기한 [문장] 유통기한이 넉넉하고,0,유통기한,unchanged
test,train,[속성] 보습력/수분감 [문장] 촉촉함이 부족하네요.,813417,쇼핑몰,헤어/바디케어,OO 시** 드라이 스킨 핸드크림 150ml 1개,손이 건조해서 주문했습니다. 건조한 손에 바르니 촉촉함이 부족하네요. 향도 진해서 제 취향은 아니네요.,보습력/수분감,촉촉함이 부족하네요.,-1,[속성] 보습력/수분감 [문장] 촉촉함이 부족하네요.,1,보습력/수분감,unchanged
test,validation,[속성] 발림성 [문장] 발림성 정말 좋아요,809042,쇼핑몰,헤어/바디케어,OO 바** 카모마일 크림 250ml 1개,ㅇㅇ를 계속 썼는데 ㅇㅇ는 뻑뻑함이 심했어요. 바를때 퍼짐성이 그닥 좋지 않아 이번에 갈아탔습니다. 양도 많아요. 크림 녹듯이 쫘악 퍼지면서 잘 발려요. 흡수도 잘 됩니다. 손을 많이 쓰는 탓으로 자주 발라야해서 적은양은 강당이 안되는데 양도 적당합니다. 향도 좋고 발림성 정말 좋아요. 단지 조금 아쉬운점은 좀 더 보습력이 오래 갔으면 하는 바램이에요. 손도 바르고 팔꿈치 뒷 꿈치 두루두루 바릅니다. 가성비 좋아요. 환절기에 없어서 안되는 저의 최애정제품입니다.,발림성,발림성 정말 좋아요,1,[속성] 발림성 [문장] 발림성 정말 좋아요,0,발림성,unchanged
test,train,[속성] 가격 [문장] 가성비 좋아요,809042,쇼핑몰,헤어/바디케어,OO 바** 카모마일 크림 250ml 1개,ㅇㅇ를 계속 썼는데 ㅇㅇ는 뻑뻑함이 심했어요. 바를때 퍼짐성이 그닥 좋지 않아 이번에 갈아탔습니다. 양도 많아요. 크림 녹듯이 쫘악 퍼지면서 잘 발려요. 흡수도 잘 됩니다. 손을 많이 쓰는 탓으로 자주 발라야해서 적은양은 강당이 안되는데 양도 적당합니다. 향도 좋고 발림성 정말 좋아요. 단지 조금 아쉬운점은 좀 더 보습력이 오래 갔으면 하는 바램이에요. 손도 바르고 팔꿈치 뒷 꿈치 두루두루 바릅니다. 가성비 좋아요. 환절기에 없어서 안되는 저의 최애정제품입니다.,가격,가성비 좋아요,1,[속성] 가격 [문장] 가성비 좋아요,0,가격,unchanged
test,train,[속성] 흡수력 [문장] 빠르게 잘 흡수되고,802355,쇼핑몰,헤어/바디케어,OO 바** 맨 리페어링 모이스처 로션 450ml 2개,"이 제품을 좋아합니다. 빠르게 잘 흡수되고 유분기가 많지 않아서 좋습니다. 집에 쟁여놓은 핸드로션은 많지만, 착한 가격이라 주문했습니다. 빠른 배송도 감사합니다.",흡수력,빠르게 잘 흡수되고,1,[속성] 흡수력 [문장] 빠르게 잘 흡수되고,0,흡수력,unchanged
test,train,[속성] 가격 [문장] 착한 가격이라,802355,쇼핑몰,헤어/바디케어,OO 바** 맨 리페어링 모이스처 로션 450ml 2개,"이 제품을 좋아합니다. 빠르게 잘 흡수되고 유분기가 많지 않아서 좋습니다. 집에 쟁여놓은 핸드로션은 많지만, 착한 가격이라 주문했습니다. 빠른 배송도 감사합니다.",가격,착한 가격이라,1,[속성] 가격 [문장] 착한 가격이라,0,가격,unchanged
test,train,[속성] 보습력/수분감 [문장] 피부 당김이 없어,803154,쇼핑몰,헤어/바디케어,OO 온** 퓨어 시카 쉐어 바디로션 1000ml 1개,OOO 바디로션은 리뷰 보고 구매하게 되었어요. 온 가족이 사용하기 적당한 용량인 것 같고 발림성도 좋아요. 향도 부담스럽지 않게 은은하고 피부에 바르고 난 후에도 피부 당김이 없어 사용감이 좋아요. 다 사용한 후 재구매 할 것 같습니다.,보습력/수분감,피부 당김이 없어,1,[속성] 보습력/수분감 [문장] 피부 당김이 없어,0,보습력/수분감,unchanged
test,train,[속성] 사용감 [문장] 사용감이 좋아요.,803154,쇼핑몰,헤어/바디케어,OO 온** 퓨어 시카 쉐어 바디로션 1000ml 1개,OOO 바디로션은 리뷰 보고 구매하게 되었어요. 온 가족이 사용하기 적당한 용량인 것 같고 발림성도 좋아요. 향도 부담스럽지 않게 은은하고 피부에 바르고 난 후에도 피부 당김이 없어 사용감이 좋아요. 다 사용한 후 재구매 할 것 같습니다.,사용감,사용감이 좋아요.,1,[속성] 사용감 [문장] 사용감이 좋아요.,0,사용감,unchanged
test,train,[속성] 흡수력 [문장] 끈적임이 있어,807090,쇼핑몰,헤어/바디케어,OO 아** 모이스춰라이저 400ml 1개,건조한 피부용으로 샀는데 겨울에 써야 좋을거 같아요. 끈적임이 있어 요즘 날씨는 사용하기 힘들꺼 같아요.,흡수력,끈적임이 있어,-1,[속성] 흡수력 [문장] 끈적임이 있어,1,흡수력,unchanged
test,train,[속성] 가격 [문장] 할인해서 저렴하게 구입했습니다.,804738,쇼핑몰,헤어/바디케어,OO 데일리 바디로션 450ml 2개,바디로션이 새로 필요해서 보습력 좋은 OO 바디로션을 할인해서 저렴하게 구입했습니다. 사은품까지 있고 좋습니다.,가격,할인해서 저렴하게 구입했습니다.,1,[속성] 가격 [문장] 할인해서 저렴하게 구입했습니다.,0,가격,unchanged
test,train,[속성] 보습력/수분감 [문장] 보습력도 뛰어납니다.,808438,쇼핑몰,헤어/바디케어,OO 인** 리페어 핸드크림 56g 1개,겨울철 손이 많이 건조할 때 이 핸드크림을 발라주면 금방 회복됩니다. 손이 부들부들해져요. 보습력도 뛰어납니다. 핸드크림은 몇 년 째 ㅇㅇㅇ 핸드크림만 사용하고 있습니다. 추천합니다.,보습력/수분감,보습력도 뛰어납니다.,1,[속성] 보습력/수분감 [문장] 보습력도 뛰어납니다.,0,보습력/수분감,unchanged
test,train,[속성] 보습력/수분감 [문장] 촉촉함이 더 좋습니다.,803978,쇼핑몰,헤어/바디케어,OO 데일리 바디로션 450ml 2개,늘 사용하던 제품이라 재구매 했어요. 바디로션 역시 OOO나가 제일 좋은 거 같네요. 바디오일과 함께 바르면 건조한 피부에 촉촉함이 더 좋습니다. 추천합니다.,보습력/수분감,촉촉함이 더 좋습니다.,1,[속성] 보습력/수분감 [문장] 촉촉함이 더 좋습니다.,0,보습력/수분감,unchanged
test,train,[속성] 기능/효과 [문장] 겨울에 사용하기 좋은 제품입니다.,809405,쇼핑몰,헤어/바디케어,OO 바** 카모마일 크림 250ml 1개,겨울에 사용하기 좋은 제품입니다. 핸드크림 여러가지 사용해 본 중에 이건 지속력이 좀 긴 편입니다. 겨울에 여기저기 바르기 좋았습니다. 극건성인 피부에는 안 맞고 그 외 모든 피부타입에 적당합니다.,기능/효과,겨울에 사용하기 좋은 제품입니다.,1,[속성] 기능/효과 [문장] 겨울에 사용하기 좋은 제품입니다.,0,기능/효과,unchanged
test,train,[속성] 가격 [문장] 저렴하게 구매했어요.,808467,쇼핑몰,헤어/바디케어,OO 인** 리페어 핸드크림 56g 1개,핸드크림이 다 떨어졌는데 마침 1+1 행사가 있어 저렴하게 구매했어요. 여러가지 핸드크림을 사용해 봐도 이 핸드크림이 보습력이 가장 뛰어나고 향도 진하지 않아 가장 좋은 것 같네요.,가격,저렴하게 구매했어요.,1,[속성] 가격 [문장] 저렴하게 구매했어요.,0,가격,unchanged
test,train,[속성] 보습력/수분감 [문장] 보습력이 좋아,808773,쇼핑몰,헤어/바디케어,OO 바** 카모마일 크림 250ml 1개,보습력이 좋아 자주 구입하네요. 발림성도 좋습니다. 손바닥이 많이 건조한데 다른 로션보다는 이 크림이 훨씬 효과가 있습니다. 그래서 계속 구입하게 되는 것 같습니다. 이번 겨울에 손을 이 제품으로 보호 할 수 있습니다. 앞으로도 쭉 사용 할 것 같은 제품이네요. 보습력 좋고 발림성 좋고 가격도 착하고 용량도 커서 계속 기대가 되는 제품이네요.,보습력/수분감,보습력이 좋아,1,[속성] 보습력/수분감 [문장] 보습력이 좋아,0,보습력/수분감,unchanged
test,train,[속성] 보습력/수분감 [문장] 보습력이 뛰어나고,801699,쇼핑몰,헤어/바디케어,OO 세** 모이스춰라이징 크림 구형 550g 1개,보습력이 뛰어나고 자극도 없어서 너무 좋습니다. 찬바람 불면 제일 먼저 손이 가는 크림입니다. 너무 좋고 가격만 더 저렴해지면 좋겠습니다.,보습력/수분감,보습력이 뛰어나고,1,[속성] 보습력/수분감 [문장] 보습력이 뛰어나고,0,보습력/수분감,unchanged
test,train,[속성] 가격 [문장] 가격만 더 저렴해지면 좋겠습니다.,801699,쇼핑몰,헤어/바디케어,OO 세** 모이스춰라이징 크림 구형 550g 1개,보습력이 뛰어나고 자극도 없어서 너무 좋습니다. 찬바람 불면 제일 먼저 손이 가는 크림입니다. 너무 좋고 가격만 더 저렴해지면 좋겠습니다.,가격,가격만 더 저렴해지면 좋겠습니다.,-1,[속성] 가격 [문장] 가격만 더 저렴해지면 좋겠습니다.,1,가격,unchanged
test,train,[속성] 지속력/유지력 [문장] 지속력은 좋습니다.,804509,쇼핑몰,헤어/바디케어,OO 데일리 바디로션 450ml 2개,배송은 빨라서 좋았어요. 처음으로 구매했어요. 향에 예민하신 분은 향이 별로라고 생각할 수 있을 같아요. 그런데 저는 향이 괜찮은 거 같습니다. 향이 너무 강하지 않아서 그나마 괜찮네요. 끈적임 없고 촉촉하고 지속력은 좋습니다.,지속력/유지력,지속력은 좋습니다.,1,[속성] 지속력/유지력 [문장] 지속력은 좋습니다.,0,지속력/유지력,unchanged
test,train,[속성] 편의성/활용성 [문장] 휴대하기 좋습니다.,810140,쇼핑몰,헤어/바디케어,OO 바** 크림 75ml 4개,OOO 크림은 휴대용으로 가방에 넣고 다니며 사용하기 좋아요. 보습력도 좋고 휴대하기 좋습니다. 향도 나쁘지 않아요.,편의성/활용성,휴대하기 좋습니다.,1,[속성] 편의성/활용성 [문장] 휴대하기 좋습니다.,0,편의성/활용성,unchanged
test,train,[속성] 지속력/유지력 [문장] 오래가서,808358,쇼핑몰,헤어/바디케어,OO 인** 리페어 핸드크림 56g 1개,흡수력은 떨어지지만 그래도 겨울에는 사용하기 이만한게 없습니다. 촉촉하고 오래가서 항상 잘쓰고 있어요.,지속력/유지력,오래가서,1,[속성] 지속력/유지력 [문장] 오래가서,0,지속력/유지력,unchanged
test,train,[속성] 보습력/수분감 [문장] 부드럽고,803641,쇼핑몰,헤어/바디케어,OO 온** 퓨어 시카 쉐어 바디로션 1000ml 1개,감사해요. 피부가 촉촉하고 부드럽고 발림성도 너무 좋습니다. 향도 너무 좋아요. 향이 오래가서 너무 좋은거 같습니다. 잘 쓸께요. 또 구매하려구요 감사해요. 고마워요.,보습력/수분감,부드럽고,1,[속성] 보습력/수분감 [문장] 부드럽고,0,보습력/수분감,unchanged
test,train,[속성] 보습력/수분감 [문장] 보습력도 마음에 듭니다.,812399,쇼핑몰,헤어/바디케어,OO 카** 클래식 핸드 앤 네일크림 100ml 1개,"수년 전부터 핸드크림은 이걸로 정착했습니다. 집, 차, 사무실에 하나씩 두고 사용합니다. 향도 마음에 들고 보습력도 마음에 듭니다. 너무 많이 찐득하지 않으면서도 보습력이 적당하니 아쉬움이 없습니다. 앞으로도 계속 재구매할 것 같습니다. 모든 향이 다 마음에 들더라고요.",보습력/수분감,보습력도 마음에 듭니다.,1,[속성] 보습력/수분감 [문장] 보습력도 마음에 듭니다.,0,보습력/수분감,unchanged
test,train,[속성] 발림성 [문장] 발림이 퍽퍽하고,808098,쇼핑몰,헤어/바디케어,OO 인** 리페어 핸드크림 56g 1개,OO 핸드크림은 발림이 퍽퍽하고 흡수가 느리긴 한데 스며든 후에는 진짜 좋습니다. 손을 씻지 않는 한 건조해지지 않습니다.,발림성,발림이 퍽퍽하고,-1,[속성] 발림성 [문장] 발림이 퍽퍽하고,1,발림성,unchanged
test,train,[속성] 보습력/수분감 [문장] 건조해지지 않습니다.,808098,쇼핑몰,헤어/바디케어,OO 인** 리페어 핸드크림 56g 1개,OO 핸드크림은 발림이 퍽퍽하고 흡수가 느리긴 한데 스며든 후에는 진짜 좋습니다. 손을 씻지 않는 한 건조해지지 않습니다.,보습력/수분감,건조해지지 않습니다.,1,[속성] 보습력/수분감 [문장] 건조해지지 않습니다.,0,보습력/수분감,unchanged
test,train,[속성] 지속력/유지력 [문장] 촉촉함이 오래 가지 않는다고 합니다.,810204,쇼핑몰,헤어/바디케어,OO 바** 크림 75ml 4개,어머님 손이 거칠어서 좋은 크림이 필요해서 구입했습니다. 발림성 흡수력 보습 향은 다 보통입니다. 그냥 보통이라고 합니다. 일반 분들은 괜찮을 듯 하지만 악건성 피부는 별로인듯 합니다. 바르고 촉촉함이 오래 가지 않는다고 합니다.,지속력/유지력,촉촉함이 오래 가지 않는다고 합니다.,-1,[속성] 지속력/유지력 [문장] 촉촉함이 오래 가지 않는다고 합니다.,1,지속력/유지력,unchanged
test,train,[속성] 보습력/수분감 [문장] 보습이 잘 되고,808842,쇼핑몰,헤어/바디케어,OO 바** 카모마일 크림 250ml 1개,식물성 보습 성분과 고농축 글리세린이 함유되어 있어서 구매했습니다. 보습이 잘 되고 수분 보호막이 형성되는 것 같습니다. 건조하고 거친 손 피부를 촉촉하게 가꾸어 주네요. 게다가 가격도 저렴해서 만족스러워요. 요즘 위생 때문에 손을 많이 씻고 있어서 크림을 많이 쓰고 있는데 가격 대비 용량이 넉넉해서 좋습니다. 건조하고 갈라지는 손이 걱정이신 분들께 추천합니다.,보습력/수분감,보습이 잘 되고,1,[속성] 보습력/수분감 [문장] 보습이 잘 되고,0,보습력/수분감,unchanged
test,train,[속성] 가격 [문장] 가격도 저렴해서 만족스러워요.,808842,쇼핑몰,헤어/바디케어,OO 바** 카모마일 크림 250ml 1개,식물성 보습 성분과 고농축 글리세린이 함유되어 있어서 구매했습니다. 보습이 잘 되고 수분 보호막이 형성되는 것 같습니다. 건조하고 거친 손 피부를 촉촉하게 가꾸어 주네요. 게다가 가격도 저렴해서 만족스러워요. 요즘 위생 때문에 손을 많이 씻고 있어서 크림을 많이 쓰고 있는데 가격 대비 용량이 넉넉해서 좋습니다. 건조하고 갈라지는 손이 걱정이신 분들께 추천합니다.,가격,가격도 저렴해서 만족스러워요.,1,[속성] 가격 [문장] 가격도 저렴해서 만족스러워요.,0,가격,unchanged
test,train,[속성] 자극성 [문장] 피부가 간지럽고,804480,쇼핑몰,헤어/바디케어,OO 데일리 바디로션 450ml 2개,피부가 간지럽고 바른 후 끈적임이 심해서 별로에요. 혹시나 하여 구입했는데 별로 입니다. 전에 사용하던 제품이 이 제품 보다 효과가 훨씬 좋네요.,자극성,피부가 간지럽고,-1,[속성] 자극성 [문장] 피부가 간지럽고,1,자극성,unchanged
test,train,[속성] 가격 [문장] 가격도 제일 저렴합니다.,814947,쇼핑몰,헤어/바디케어,OO 핸드클린겔 500ml 1개,"배송 빠르게 잘 도착했습니다. 코로나가 가시지 않습니다. 모두들 건강 조심하세요. 알콜냄새가 처음에만 살짝 나지만, 더 소독되는 느낌입니다. 한국제조라 더 믿음이 가네요. 외출하고 들어 오면 한번씩 발라줍니다. 가격도 제일 저렴합니다.",가격,가격도 제일 저렴합니다.,1,[속성] 가격 [문장] 가격도 제일 저렴합니다.,0,가격,unchanged
test,train,[속성] 자극성 [문장] 자극적이고,817334,쇼핑몰,헤어/바디케어,OO 랩** 센서티브 포밍 핸드워시 250ml 1개,향이 너무 강해요. 손을 씻고 나서도 향이 은은해지지 않아요. 세정력은 좋으나 자극적이고 건조한 느낌이에요.,자극성,자극적이고,-1,[속성] 자극성 [문장] 자극적이고,1,자극성,unchanged
test,train,[속성] 보습력/수분감 [문장] 부드럽습니다.,803663,쇼핑몰,헤어/바디케어,OO 온** 퓨어 시카 쉐어 바디로션 1000ml 1개,향이 상당히 좋습니다. 바른 느낌이 산뜻하면서 부드럽습니다. 심하게 미끈거리진 않습니다.,보습력/수분감,부드럽습니다.,1,[속성] 보습력/수분감 [문장] 부드럽습니다.,0,보습력/수분감,unchanged
test,train,"[속성] 가격 [문장] 가격은 비싸지만,",814030,쇼핑몰,헤어/바디케어,OO 시** 드라이 스킨 핸드크림 150ml 1개,"지난번에 하나 사고 좋아서 재구매 했어요. 가격은 비싸지만, 습진때문에 손이 거칠거칠해서 수시로 듬뿍 발라줬더니 손이 부드러워졌습니다.",가격,"가격은 비싸지만,",-1,"[속성] 가격 [문장] 가격은 비싸지만,",1,가격,unchanged
test,train,[속성] 흡수력 [문장] 흡수도 좋고,810186,쇼핑몰,헤어/바디케어,OO 바** 크림 75ml 4개,"지난번에 샀을 때보다 특가로 저렴하게 판매해서 구매했습니다. 친구한테도 나눠 줬더니 마음에 든다고 좋아해요. 발림성, 흡수도 좋고 향기도 좋습니다. 추천합니다.",흡수력,흡수도 좋고,1,[속성] 흡수력 [문장] 흡수도 좋고,0,흡수력,unchanged
test,train,[속성] 가격 [문장] 저렴하게 잘 산 거 같아요.,810597,쇼핑몰,헤어/바디케어,OO 바** 크림 75ml 4개,겨울철 필수품으로 매해 구입하는 핸드크림입니다. 저렴하게 잘 산 거 같아요. 향도 나쁘지 않습니다. 끈적이지 않아 가장 좋아하는 핸드크림입니다.,가격,저렴하게 잘 산 거 같아요.,1,[속성] 가격 [문장] 저렴하게 잘 산 거 같아요.,0,가격,unchanged
test,train,[속성] 자극성 [문장] 자극 없이 순해서,803583,쇼핑몰,헤어/바디케어,OO 온** 퓨어 시카 쉐어 바디로션 1000ml 1개,대용량이라서 괜찮을 것 같아 주문했습니다. 보습력도 너무 좋고 생각보다 향도 오래 지속됩니다. 자극 없이 순해서 피부 진정효과도 있는 것 같고 몇 주 썼는데 거의 다 써가요. 다음에 주문할 때에도 이걸로 주문할 생각입니다. 다른 향도 어떤지 궁금해서 후기 찾아 보고 다른 향으로 구매해 보려고 해요. 강력히 추천해요. 그리고 OO쇼핑에서 주문하는게 제일 싸서 앞으로도 OO쇼핑에서 사려고요. 발림성도 좋고 화이트머스크 향이 잔뜩 나서 좋답니다. 바디워시도 여기 걸로 같이 쓸까 싶네요. 후기 잘 안 쓰는데 이 제품 쓰고 너무 만족스러워서 이렇게 길게 남깁니다. 누가 쓰더라도 아주 만족하실 거 같습니다. 그리고 가격 행사할 때 구매했더니 더욱 저렴하게 구매 가능해서 앞으로도 가격 행사할 때 구매하고 싶어요.,자극성,자극 없이 순해서,1,[속성] 자극성 [문장] 자극 없이 순해서,0,자극성,unchanged
test,train,[속성] 지속력/유지력 [문장] 향기도 오래가서 좋습니다.,817424,쇼핑몰,헤어/바디케어,OO 랩** 센서티브 포밍 핸드워시 250ml 1개,"이거 사용하고 다른 제품은 못 쓰겠습니다. 냄새가 좋아요. 깨끗하게 잘 씻겨서 좋은데, 씻고 나면 손이 좀 뻑뻑합니다. 향기도 오래가서 좋습니다. 앞으로도 계속 사용할 것 같습니다.",지속력/유지력,향기도 오래가서 좋습니다.,1,[속성] 지속력/유지력 [문장] 향기도 오래가서 좋습니다.,0,지속력/유지력,unchanged
test,train,[속성] 제형 [문장] 제형이 꾸덕한 느낌이라,810617,쇼핑몰,헤어/바디케어,OO 바** 크림 75ml 4개,집안청소를 하다보면 자주 손이 갈라지고 거칠어져서 보습이 필요했어요. 제형이 꾸덕한 느낌이라 좀 끈적이네요.,제형,제형이 꾸덕한 느낌이라,0,[속성] 제형 [문장] 제형이 꾸덕한 느낌이라,2,제형,unchanged
test,train,[속성] 흡수력 [문장] 좀 끈적이네요.,810617,쇼핑몰,헤어/바디케어,OO 바** 크림 75ml 4개,집안청소를 하다보면 자주 손이 갈라지고 거칠어져서 보습이 필요했어요. 제형이 꾸덕한 느낌이라 좀 끈적이네요.,흡수력,좀 끈적이네요.,-1,[속성] 흡수력 [문장] 좀 끈적이네요.,1,흡수력,unchanged
test,train,[속성] 흡수력 [문장] 너무 끈적거립니다.,810692,쇼핑몰,헤어/바디케어,OO 바** 크림 75ml 4개,손이 자주 건조해져서 핸드크림을 자주 바르는데 이 제품은 너무 끈적거립니다. 오랫동안 보습도 안되고 별로에요. 이 제품 종류가 다양하네요. 이 제품은 피부에도 잘 안 맞는 것 같습니다. 다른 재료로 만들어졌는데 약간의 피부 자극도 있습니다.,흡수력,너무 끈적거립니다.,-1,[속성] 흡수력 [문장] 너무 끈적거립니다.,1,흡수력,unchanged
test,train,[속성] 보습력/수분감 [문장] 보습력도 좋아,812315,쇼핑몰,헤어/바디케어,OO 카** 클래식 핸드 앤 네일크림 100ml 1개,계속 사용하던 제품이고 일단 향이 진하지 않아 좋네요. 보습력도 좋아 손씻은 후 바로바로 발라주고 있습니다. 제 느낌에는 약간 매트한 제형이지만 문지르면 잘 흡수되요.,보습력/수분감,보습력도 좋아,1,[속성] 보습력/수분감 [문장] 보습력도 좋아,0,보습력/수분감,unchanged
test,train,[속성] 흡수력 [문장] 흡수가 빠르고,808760,쇼핑몰,헤어/바디케어,OO 바** 카모마일 크림 250ml 1개,핸드크림으로 쓰고 있는데 흡수가 빠르고 미끄럽지 않아서 마음에 들어요. 개인적으로 유분기 많은 핸드크림 싫어하는데 이건 그렇지 않고 뽀송해서 좋아요. 양이 많아서 진짜 오래 쓸 것 같습니다.,흡수력,흡수가 빠르고,1,[속성] 흡수력 [문장] 흡수가 빠르고,0,흡수력,unchanged
test,validation,[속성] 흡수력 [문장] 뽀송해서 좋아요.,808760,쇼핑몰,헤어/바디케어,OO 바** 카모마일 크림 250ml 1개,핸드크림으로 쓰고 있는데 흡수가 빠르고 미끄럽지 않아서 마음에 들어요. 개인적으로 유분기 많은 핸드크림 싫어하는데 이건 그렇지 않고 뽀송해서 좋아요. 양이 많아서 진짜 오래 쓸 것 같습니다.,흡수력,뽀송해서 좋아요.,1,[속성] 흡수력 [문장] 뽀송해서 좋아요.,0,흡수력,unchanged
test,train,[속성] 제품구성 [문장] 샘플이 하나도 없어서 아쉬웠습니다.,813507,쇼핑몰,헤어/바디케어,OO 시** 드라이 스킨 핸드크림 150ml 1개,손이 건조한데 OOO 핸드크림이 유명해서 구입했습니다. 할인 혜택이 없어서 비싸지만 급해서 그냥 주문했어요. 배송도 빠르고 포장도 꼼꼼하게 잘 해주셔서 좋았어요. 그런데 샘플이 하나도 없어서 아쉬웠습니다.,제품구성,샘플이 하나도 없어서 아쉬웠습니다.,-1,[속성] 제품구성 [문장] 샘플이 하나도 없어서 아쉬웠습니다.,1,제품구성,unchanged
test,train,[속성] 기능/효과 [문장] 효과는 좀 더 써봐야 알 것 같아요.,803078,쇼핑몰,헤어/바디케어,OO 온** 퓨어 시카 쉐어 바디로션 1000ml 1개,향은 나쁘지 않아요. 시카 성분이 들어있는 보습제라서 좋은데 효과는 좀 더 써봐야 알 것 같아요. 같은 용량의 다른 제품과 사이즈를 비교해 보니 작네요. 남은 제품도 다 쓸 수 있도록 용기 뚜껑이 열리면 좋겠습니다.,기능/효과,효과는 좀 더 써봐야 알 것 같아요.,0,[속성] 기능/효과 [문장] 효과는 좀 더 써봐야 알 것 같아요.,2,기능/효과,unchanged
test,validation,[속성] 제형 [문장] 제형이 쫀쫀해서,812019,쇼핑몰,헤어/바디케어,OO 세** 항균 핸드워시 레몬향 3500ml 1개,대용량이라 좋습니다. 제형이 쫀쫀해서 거품도 잘 나오고 세정력도 좋습니다. 다 쓰고 다음에 또 살 예정입니다.,제형,제형이 쫀쫀해서,1,[속성] 제형 [문장] 제형이 쫀쫀해서,0,제형,unchanged
test,train,[속성] 보습력/수분감 [문장] 촉촉합니다,812748,쇼핑몰,헤어/바디케어,OO 카** 클래식 핸드 앤 네일크림 100ml 1개,사무실에 놓고 계속 쓰고 있는 핸드크림입니다. 향이 순하고 흡수력 좋고 촉촉합니다. 요즘 손 닦는 횟수가 많아 필수로 지니고 있습니다. 1+1이고 할인행사 해서 저렴하게 구매했네요.,보습력/수분감,촉촉합니다,1,[속성] 보습력/수분감 [문장] 촉촉합니다,0,보습력/수분감,unchanged
test,train,[속성] 제품구성 [문장] 1+1이고,812748,쇼핑몰,헤어/바디케어,OO 카** 클래식 핸드 앤 네일크림 100ml 1개,사무실에 놓고 계속 쓰고 있는 핸드크림입니다. 향이 순하고 흡수력 좋고 촉촉합니다. 요즘 손 닦는 횟수가 많아 필수로 지니고 있습니다. 1+1이고 할인행사 해서 저렴하게 구매했네요.,제품구성,1+1이고,1,[속성] 제품구성 [문장] 1+1이고,0,제품구성,unchanged
test,validation,[속성] 발림성 [문장] 발림성도 나쁘지 않아요.,809349,쇼핑몰,헤어/바디케어,OO 바** 카모마일 크림 250ml 1개,배송도 빠르고 포장도 두껍게 잘해 주셔서 찌그러짐 없이 왔습니다. 보습력이 좋아서 항상 쓰는 제품입니다. 발림성도 나쁘지 않아요.,발림성,발림성도 나쁘지 않아요.,0,[속성] 발림성 [문장] 발림성도 나쁘지 않아요.,2,발림성,unchanged
test,train,[속성] 보습력/수분감 [문장] 보습력이 너무 좋아서,808495,쇼핑몰,헤어/바디케어,OO 인** 리페어 핸드크림 56g 1개,이 제품은 10년이 훨씬 넘도록 사용하고 있는 제품이네요. 다른 제품으로 바꿔 본 적도 있지만 역시 다시 돌아오곤 했습니다. 보습력이 너무 좋아서 사계절 내내 사용하기 좋은 제품이네요.,보습력/수분감,보습력이 너무 좋아서,1,[속성] 보습력/수분감 [문장] 보습력이 너무 좋아서,0,보습력/수분감,unchanged
test,train,[속성] 발림성 [문장] 발림성이 뻑뻑해서,807836,쇼핑몰,헤어/바디케어,OO 인** 리페어 핸드크림 56g 1개,발림성이 뻑뻑해서 끈적하지 않을까 싶었는데 싹 흡수되면서 보송해지고 그렇다고 보습이 떨어지는 게 아니라서 좋습니다. 좋은 향이 나는 건 아니지만 향이 역하지는 않아서 전반적으로 문제 없는 좋은 제품이네요.,발림성,발림성이 뻑뻑해서,-1,[속성] 발림성 [문장] 발림성이 뻑뻑해서,1,발림성,unchanged
test,train,[속성] 흡수력 [문장] 싹 흡수되면서,807836,쇼핑몰,헤어/바디케어,OO 인** 리페어 핸드크림 56g 1개,발림성이 뻑뻑해서 끈적하지 않을까 싶었는데 싹 흡수되면서 보송해지고 그렇다고 보습이 떨어지는 게 아니라서 좋습니다. 좋은 향이 나는 건 아니지만 향이 역하지는 않아서 전반적으로 문제 없는 좋은 제품이네요.,흡수력,싹 흡수되면서,1,[속성] 흡수력 [문장] 싹 흡수되면서,0,흡수력,unchanged
test,train,[속성] 가격 [문장] 가격이 저렴해서 샀는데,803652,쇼핑몰,헤어/바디케어,OO 온** 퓨어 시카 쉐어 바디로션 1000ml 1개,양이 많아서 좋아요. 가격이 저렴해서 샀는데 향도 진하고 좋아요. 건조한 피부라서 엄청 바르고 잤는데 예전에 쓰던 제품에 비해 촉촉해요. 향이 정말 좋아서 향수의 향기 같네요.,가격,가격이 저렴해서 샀는데,1,[속성] 가격 [문장] 가격이 저렴해서 샀는데,0,가격,unchanged
test,train,[속성] 흡수력 [문장] 끈적임은 있지만,806788,쇼핑몰,헤어/바디케어,OO 아** 모이스춰라이저 400ml 1개,가성비 좋은 핸드크림인데요. 끈적임은 있지만 보습력이 좋습니다. 향도 강하지 않아서 더 좋네요.,흡수력,끈적임은 있지만,-1,[속성] 흡수력 [문장] 끈적임은 있지만,1,흡수력,unchanged
test,train,[속성] 보습력/수분감 [문장] 촉촉함이 부족한 것 같습니다.,812062,쇼핑몰,헤어/바디케어,OO 카** 클래식 핸드 앤 네일크림 100ml 1개,이 제품 오리지널보다 향이 약해서 아쉽습니다. 촉촉함도 덜한 느낌입니다. 그렇다고 촉촉하지 않은 건 아니라고 생각합니다. 한겨울에 바르기에는 촉촉함이 부족한 것 같습니다. 한겨울에는 오리지널을 바르는 게 좋을 것 같습니다. 오리지널보다 가벼운 느낌이라 전 별로인 것 같습니다.,보습력/수분감,촉촉함이 부족한 것 같습니다.,-1,[속성] 보습력/수분감 [문장] 촉촉함이 부족한 것 같습니다.,1,보습력/수분감,unchanged
test,validation,[속성] 자극성 [문장] 순하지만,817518,쇼핑몰,헤어/바디케어,OO 랩** 센서티브 포밍 핸드워시 250ml 1개,"손 소독제도 OOO 제품만 사용하고 있어요. 순하지만 깨끗하게 닦이는 느낌이 좋기 때문입니다. 세정제 역시 믿고 구입했는데, 세정도 잘 되고 자극적이지 않아서 너무 좋습니다. 1+1 행사 때 미리 사두었다가 사용하고 있네요.",자극성,순하지만,1,[속성] 자극성 [문장] 순하지만,0,자극성,unchanged
test,train,[속성] 보습력/수분감 [문장] 촉촉해집니다.,801664,쇼핑몰,헤어/바디케어,OO 세** 모이스춰라이징 크림 구형 550g 1개,겨울엔 OO만한 게 없습니다. 샤워 후 온몸과 얼굴에 듬뿍듬뿍 바르면 촉촉해집니다. 크림 타입이지만 발림성이 워낙 좋아 로션보다 더 잘 흡수되어 좋아요. 건조한 겨울엔 OO 크림은 필수예요.,보습력/수분감,촉촉해집니다.,1,[속성] 보습력/수분감 [문장] 촉촉해집니다.,0,보습력/수분감,unchanged
test,train,[속성] 흡수력 [문장] 잘 흡수되고,808418,쇼핑몰,헤어/바디케어,OO 인** 리페어 핸드크림 56g 1개,잘 흡수되고 제형이 미끈거리지 않아서 겨울에 가끔 구매하던 상품이었으나 최근 몇 해는 다른 제품으로 바꿨었는데 1+1이라 구매해버렸네요.,흡수력,잘 흡수되고,1,[속성] 흡수력 [문장] 잘 흡수되고,0,흡수력,unchanged
test,train,[속성] 가격 [문장] 가격은 좋은데,810483,쇼핑몰,헤어/바디케어,OO 바** 크림 75ml 4개,유명한 제품이라 한번 사봤어요. 가격은 좋은데 냄새는 별로예요. 보습력이 약해서 건조한 날에 쓰기에는 별로인 거 같습니다.,가격,가격은 좋은데,1,[속성] 가격 [문장] 가격은 좋은데,0,가격,unchanged
test,train,[속성] 보습력/수분감 [문장] 보습력이 약해서,810483,쇼핑몰,헤어/바디케어,OO 바** 크림 75ml 4개,유명한 제품이라 한번 사봤어요. 가격은 좋은데 냄새는 별로예요. 보습력이 약해서 건조한 날에 쓰기에는 별로인 거 같습니다.,보습력/수분감,보습력이 약해서,-1,[속성] 보습력/수분감 [문장] 보습력이 약해서,1,보습력/수분감,unchanged
test,train,[속성] 가격 [문장] 가성비 정말 좋아요.,815547,쇼핑몰,헤어/바디케어,OO 아** 폼 핸드솝 파우더향 4500ml 1개,대용량 손세정제라서 아주 좋아요. 용량이 많아서 오래 쓸수 있을 것 같네요. 가성비 정말 좋아요.,가격,가성비 정말 좋아요.,1,[속성] 가격 [문장] 가성비 정말 좋아요.,0,가격,unchanged
test,train,[속성] 가격 [문장] 가격이 비싸요.,813554,쇼핑몰,헤어/바디케어,OO 시** 드라이 스킨 핸드크림 150ml 1개,처음 사용하는 제품인데 대용량이라 가격이 비싸요. 향은 은은했으면 했는데 너무 강해요. 건조한 손에 자주 발라야겠어요.,가격,가격이 비싸요.,-1,[속성] 가격 [문장] 가격이 비싸요.,1,가격,unchanged
test,train,[속성] 제품구성 [문장] 1+1이어서,801451,쇼핑몰,헤어/바디케어,OO 세** 모이스춰라이징 크림 구형 550g 1개,남편이 데일리로 사용하는 ㅇㅇㅇ로션입니다. 샤워하고 보습력 좋은건 이만한게 없다고 주문해달랬는데 마침 1+1이어서 저렴한 가격으로 득템했습니다. 저도 발라보니 보습력이 좋아서 이제는 온가족이 다같이 사용하게 됐어요.,제품구성,1+1이어서,1,[속성] 제품구성 [문장] 1+1이어서,0,제품구성,unchanged
test,train,[속성] 품질 [문장] 품질도 좋아요.,811578,쇼핑몰,헤어/바디케어,OO 세** 항균 핸드워시 레몬향 3500ml 1개,손세정제 필요성을 못 느끼고 있었는데 한번 써보니 좋아요. 세정력이 비누보다 좋은 거 같습니다. 여러 제품 써봤지만 이 제품이 양도 많고 품질도 좋아요. 향도 마음에 듭니다. 추후에 다시 구입할 것 같아요.,품질,품질도 좋아요.,1,[속성] 품질 [문장] 품질도 좋아요.,0,품질,unchanged
test,train,[속성] 가격 [문장] 가성비 좋습니다.,809298,쇼핑몰,헤어/바디케어,OO 바** 카모마일 크림 250ml 1개,"가성비 좋습니다. 깡통이라 쓰기 편리하고 끝까지 깨끗하게 버리는 것 없이 쓸 수 있어 좋습니다. 손을 촉촉하게 해줘서 부드럽고 좋지만, 향기가 별로 없어 아쉽네요. 그래도 촉촉한 걸 좋아해서 맘에 듭니다.",가격,가성비 좋습니다.,1,[속성] 가격 [문장] 가성비 좋습니다.,0,가격,unchanged
test,train,[속성] 가격 [문장] 세일해서 저렴하게,810213,쇼핑몰,헤어/바디케어,OO 바** 크림 75ml 4개,"평소에 쓰던 핸드크림인데 세일해서 저렴하게 구매했습니다. 사은품으로 평소에 쓰던 립밤까지 보내주셔서 좋았습니다. 이 제품은 촉촉하고 보습력이 좋은데, 그에 반해 끈적임은 살짝 있습니다. 향도 강하지 않고 은은한 파우더 향이 나서 더 좋습니다. 추천합니다.",가격,세일해서 저렴하게,1,[속성] 가격 [문장] 세일해서 저렴하게,0,가격,unchanged
test,train,[속성] 사용감 [문장] 사용감은 나쁘지 않아요.,813120,쇼핑몰,헤어/바디케어,OO 시** 드라이 스킨 핸드크림 150ml 1개,물을 계속 만지는 직업이라 작은것보다는 대용량이라서 좋습니다. 사용감은 나쁘지 않아요. 성분이나 용량이 타 제품보다 월등하다는 느낌은 없습니다. 그래도 흡수력도 괜찮아요. 번들거림도 생각보다 없어요. 한번쯤 써 볼만합니다.,사용감,사용감은 나쁘지 않아요.,0,[속성] 사용감 [문장] 사용감은 나쁘지 않아요.,2,사용감,unchanged
test,train,[속성] 흡수력 [문장] 흡수력도 괜찮아요.,813120,쇼핑몰,헤어/바디케어,OO 시** 드라이 스킨 핸드크림 150ml 1개,물을 계속 만지는 직업이라 작은것보다는 대용량이라서 좋습니다. 사용감은 나쁘지 않아요. 성분이나 용량이 타 제품보다 월등하다는 느낌은 없습니다. 그래도 흡수력도 괜찮아요. 번들거림도 생각보다 없어요. 한번쯤 써 볼만합니다.,흡수력,흡수력도 괜찮아요.,1,[속성] 흡수력 [문장] 흡수력도 괜찮아요.,0,흡수력,unchanged
test,train,[속성] 가격 [문장] 무엇보다 가성비가 좋습니다.,809601,쇼핑몰,헤어/바디케어,OO 바** 카모마일 크림 250ml 1개,전 항상 핸드크림으로 이 제품만 애용해요. 큰 용량이라 좋고 보습력도 뛰어나고 무엇보다 가성비가 좋습니다. 요즘은 특히 자주 씻으니 손이 건조해져서 갈라지던데 그래서 수시로 발라줘요. 한가지 아쉬운건 리뉴얼 전 제품보다 흡수력은 좋아졌는데 보습력이 조금 떨어진 것 같아서 아쉽습니다.,가격,무엇보다 가성비가 좋습니다.,1,[속성] 가격 [문장] 무엇보다 가성비가 좋습니다.,0,가격,unchanged
test,train,[속성] 가격 [문장] 가성비가 좋아서,817556,쇼핑몰,헤어/바디케어,OO 랩** 센서티브 포밍 핸드워시 250ml 1개,몇 주 동안 사용해 본 후기입니다. 가장 큰 장점은 가격입니다. 가성비가 좋아서 앞으로도 계속 재구매할 생각입니다. 냄새도 괜찮고 세정력도 좋습니다.,가격,가성비가 좋아서,1,[속성] 가격 [문장] 가성비가 좋아서,0,가격,unchanged
test,validation,[속성] 보습력/수분감 [문장] 손이 부드럽습니다.,817512,쇼핑몰,헤어/바디케어,OO 랩** 센서티브 포밍 핸드워시 250ml 1개,개수대 옆에 두고 쓰고 있습니다. 손을 자주 씻어도 손이 부드럽습니다. 액체로 된 것보다 거품이 잘 나오는 것 같습니다. 이 브랜드 처음 사용이라 걱정했는데 마음에 드네요. 향도 강하지 않아 추천하고 싶습니다.,보습력/수분감,손이 부드럽습니다.,1,[속성] 보습력/수분감 [문장] 손이 부드럽습니다.,0,보습력/수분감,unchanged
test,train,[속성] 기능/효과 [문장] 겨울에 사용하기 좋을 것 같네요.,812987,쇼핑몰,헤어/바디케어,OO 카** 클래식 핸드 앤 네일크림 100ml 1개,평소에 휴대하고 다니려고 구매했습니다. 사이즈가 작고 귀여워서 좋습니다. 촉촉해서 겨울에 사용하기 좋을 것 같네요.,기능/효과,겨울에 사용하기 좋을 것 같네요.,1,[속성] 기능/효과 [문장] 겨울에 사용하기 좋을 것 같네요.,0,기능/효과,unchanged
test,train,[속성] 보습력/수분감 [문장] 정말 촉촉합니다.,801725,쇼핑몰,헤어/바디케어,OO 세** 모이스춰라이징 크림 구형 550g 1개,겨울에 너무 건조해져서 급하게 구매했어요. 양도 많고 정말 촉촉합니다. 가성비 좋은 제품이네요. 향도 무향이라서 좋아요. 다음에는 로션도 사용해 봐야겠어요. 겨울철 필수 바디크림입니다.,보습력/수분감,정말 촉촉합니다.,1,[속성] 보습력/수분감 [문장] 정말 촉촉합니다.,0,보습력/수분감,unchanged
test,train,[속성] 가격 [문장] 가성비 좋은 제품이네요.,801725,쇼핑몰,헤어/바디케어,OO 세** 모이스춰라이징 크림 구형 550g 1개,겨울에 너무 건조해져서 급하게 구매했어요. 양도 많고 정말 촉촉합니다. 가성비 좋은 제품이네요. 향도 무향이라서 좋아요. 다음에는 로션도 사용해 봐야겠어요. 겨울철 필수 바디크림입니다.,가격,가성비 좋은 제품이네요.,1,[속성] 가격 [문장] 가성비 좋은 제품이네요.,0,가격,unchanged
test,train,[속성] 가격 [문장] 가격이 비싼 것 같습니다.,802526,쇼핑몰,헤어/바디케어,OO 바** 맨 리페어링 모이스처 로션 450ml 2개,배송이 너무 느리게 왔습니다. 처음 써보는 제품이라 구입을 했는데 가격이 비싼 것 같습니다. 사은품도 하나 밖에 없어서 아쉽습니다.,가격,가격이 비싼 것 같습니다.,-1,[속성] 가격 [문장] 가격이 비싼 것 같습니다.,1,가격,unchanged
test,train,[속성] 제품구성 [문장] 사은품도 하나 밖에 없어서 아쉽습니다.,802526,쇼핑몰,헤어/바디케어,OO 바** 맨 리페어링 모이스처 로션 450ml 2개,배송이 너무 느리게 왔습니다. 처음 써보는 제품이라 구입을 했는데 가격이 비싼 것 같습니다. 사은품도 하나 밖에 없어서 아쉽습니다.,제품구성,사은품도 하나 밖에 없어서 아쉽습니다.,-1,[속성] 제품구성 [문장] 사은품도 하나 밖에 없어서 아쉽습니다.,1,제품구성,unchanged
test,train,[속성] 디자인 [문장] 디자인도 나쁘지 않아요.,813159,쇼핑몰,헤어/바디케어,OO 시** 드라이 스킨 핸드크림 150ml 1개,개인적으로 항상 사용하는 제품입니다. 선물하기에도 더할 나위 없이 좋은 아이템인 것 같습니다. 다른 제품도 많이 써봤는데 다른 제품보다 보습력이 우수한 거 같아요. 향도 은은하니 좋습니다. 디자인도 나쁘지 않아요.,디자인,디자인도 나쁘지 않아요.,0,[속성] 디자인 [문장] 디자인도 나쁘지 않아요.,2,디자인,unchanged
test,train,[속성] 가격 [문장] 가성비 별로예요.,810588,쇼핑몰,헤어/바디케어,OO 바** 크림 75ml 4개,가족 모두 두루두루 사용하기 좋은 제품을 찾고 있는데 겨울에 사용하기에 좋은 제품은 아니네요. 가성비 별로예요.,가격,가성비 별로예요.,-1,[속성] 가격 [문장] 가성비 별로예요.,1,가격,unchanged
test,train,[속성] 발림성 [문장] 깔끔하게 발리네요.,806791,쇼핑몰,헤어/바디케어,OO 아** 모이스춰라이저 400ml 1개,사다드리면서 발라봤는데 끈적이지 않고 깔끔하게 발리네요. 여기저기 홍보했어요. 나중에 사서 쓰려구요.,발림성,깔끔하게 발리네요.,1,[속성] 발림성 [문장] 깔끔하게 발리네요.,0,발림성,unchanged
test,train,[속성] 기능/효과 [문장] 사계절 내내 사용하기 좋은 제품입니다.,808642,쇼핑몰,헤어/바디케어,OO 바** 카모마일 크림 250ml 1개,사계절 내내 사용하기 좋은 제품입니다. 몸에 바르기에도 좋은 것 같아요. 손과 발에 자주 사용하고 있어요. 그래서 특별히 관리 하지 않아도 촉촉한 피부가 되어 좋습니다.,기능/효과,사계절 내내 사용하기 좋은 제품입니다.,1,[속성] 기능/효과 [문장] 사계절 내내 사용하기 좋은 제품입니다.,0,기능/효과,unchanged
test,train,[속성] 흡수력 [문장] 잘 스며듭니다,808351,쇼핑몰,헤어/바디케어,OO 인** 리페어 핸드크림 56g 1개,손이 많이 건조합니다. 타 제품은 손 씻고 핸드크림을 충분히 발라도 조금 지나면 촉촉한 느낌이 안느껴졌어요. ㅇㅇㅇ는 시간이 지나도 촉촉함이 오래 유지되어서 정말 좋았습니다. 바를때 제형이 뻑뻑하긴한데 잘 문질러서 바르면 촉촉하게 잘 스며듭니다.,흡수력,잘 스며듭니다,1,[속성] 흡수력 [문장] 잘 스며듭니다,0,흡수력,unchanged
test,train,[속성] 발림성 [문장] 발림 좋고,808702,쇼핑몰,헤어/바디케어,OO 바** 카모마일 크림 250ml 1개,환절기에 좋아서 마음에 듭니다. 발림 좋고 보습력과 지속력이 좋아서 자주 구매하고 있어요. 트지 않게 피부 관리할 수 있어요. 한여름 빼고는 잘 사용하고 있어요. 다 쓰면 또 구매할 예정이에요. 용기가 튜브 형태보다 더 끝까지 사용할 수 있어서 더 좋습니다. 용기가 편해서 이 제품을 더 자주 구매하게 돼요. OO 원래 제형이 꾸덕해서 저는 좋아해요. 그러면서 발림성도 좋아서 자주 구매해요.,발림성,발림 좋고,1,[속성] 발림성 [문장] 발림 좋고,0,발림성,unchanged
test,train,[속성] 보습력/수분감 [문장] 보습은 좋은 것 같습니다.,808301,쇼핑몰,헤어/바디케어,OO 인** 리페어 핸드크림 56g 1개,1+1 행사해서 구매했습니다. 겨울이라 손이 건조해서 샀습니다. 빠르게 흡수되는 건 아니지만 보습은 좋은 것 같습니다.,보습력/수분감,보습은 좋은 것 같습니다.,1,[속성] 보습력/수분감 [문장] 보습은 좋은 것 같습니다.,0,보습력/수분감,unchanged
test,train,[속성] 편의성/활용성 [문장] 막 바르기는 좋습니다.,803174,쇼핑몰,헤어/바디케어,OO 온** 퓨어 시카 쉐어 바디로션 1000ml 1개,냄새도 안 불편하고 발림도 아주 좋습니다. 보습도 잘 되는 편입니다. 씻을 때 제형이 조금 미끄덩거려요. 그것 빼고는 정말 괜찮아요. 이거 말고 다른향도 써봤는데 그것보단 가벼운 향이라 마음에 들어요. 그리고 막 바르기는 좋습니다. 트러블도 일어나지 않습니다.,편의성/활용성,막 바르기는 좋습니다.,1,[속성] 편의성/활용성 [문장] 막 바르기는 좋습니다.,0,편의성/활용성,unchanged
test,train,[속성] 가격 [문장] 싸게 잘 샀네요.,804242,쇼핑몰,헤어/바디케어,OO 데일리 바디로션 450ml 2개,보습력도 좋고 향도 좋아서 겨울에는 항상 쓰기 좋은 바디로션인데 적립금을 쓸 수 없어서 아쉽네요. 쇼핑몰 정책이니 어쩔 수 없긴 하지만요. 상품은 마음에 듭니다. 싸게 잘 샀네요.,가격,싸게 잘 샀네요.,1,[속성] 가격 [문장] 싸게 잘 샀네요.,0,가격,unchanged
test,train,[속성] 가격 [문장] 가성비 짱입니다.,812568,쇼핑몰,헤어/바디케어,OO 카** 클래식 핸드 앤 네일크림 100ml 1개,가성비 짱입니다. 자기 전에 듬뿍 바르고 자면 아침까지 촉촉해서 좋습니다. 비싼 브랜드보다 훨씬 보습력이 좋습니다.,가격,가성비 짱입니다.,1,[속성] 가격 [문장] 가성비 짱입니다.,0,가격,unchanged
test,train,[속성] 기능/효과 [문장] 여름에 쓰기 좋아요.,802827,쇼핑몰,헤어/바디케어,OO 온** 퓨어 시카 쉐어 바디로션 1000ml 1개,유통기한이 2025년 6월까지로 길어서 좋아요. 은은한 머스크 향이 마음에 듭니다. 흡수력도 좋아요. 처음에는 끈적이지만 시간이 지나면 보송합니다. 제형의 농도도 적당해서 여름에 쓰기 좋아요. 다른 제품도 써봤지만 향은 이 제품이 가장 좋습니다.,기능/효과,여름에 쓰기 좋아요.,1,[속성] 기능/효과 [문장] 여름에 쓰기 좋아요.,0,기능/효과,unchanged
test,train,[속성] 보습력/수분감 [문장] 촉촉해서 마음에 듭니다.,810431,쇼핑몰,헤어/바디케어,OO 바** 크림 75ml 4개,건조한 날씨인 겨울이라서 손이 트는데 그거 방지하려고 뒤적이다 가격이 좋아서 냉큼 주문했습니다. 사이즈도 휴대하기 편해서 사무실이나 집에서 여러 곳에 놓고 쓰기 편해서 좋네요. 손이 덜 트고 촉촉해서 마음에 듭니다.,보습력/수분감,촉촉해서 마음에 듭니다.,1,[속성] 보습력/수분감 [문장] 촉촉해서 마음에 듭니다.,0,보습력/수분감,unchanged
test,train,[속성] 가격 [문장] 가격대비 좋습니다.,803700,쇼핑몰,헤어/바디케어,OO 온** 퓨어 시카 쉐어 바디로션 1000ml 1개,가격대비 좋습니다. 향도 순하고 좋습니다. 몸에 자주 발라도 끈적임이 없습니다.,가격,가격대비 좋습니다.,1,[속성] 가격 [문장] 가격대비 좋습니다.,0,가격,unchanged
test,train,[속성] 제형 [문장] 제형이 쫀쫀해서 좋은데,808276,쇼핑몰,헤어/바디케어,OO 인** 리페어 핸드크림 56g 1개,제형이 쫀쫀해서 좋은데 바르는 시간이 오래 걸려서 불편해요. 그러나 보습력 하나는 좋습니다. 이제 다른 건 피부 위에서 겉도는 느낌이라서 바르나 마나 한 느낌이 듭니다. 추천합니다.,제형,제형이 쫀쫀해서 좋은데,1,[속성] 제형 [문장] 제형이 쫀쫀해서 좋은데,0,제형,unchanged
test,train,[속성] 가격 [문장] 가성비 최고입니다.,810601,쇼핑몰,헤어/바디케어,OO 바** 크림 75ml 4개,항상 쓰고 있는건데 자주 발라서 가성비 최고입니다. 잘 스며들고 끈적이지 않아 좋아요.,가격,가성비 최고입니다.,1,[속성] 가격 [문장] 가성비 최고입니다.,0,가격,unchanged
test,train,[속성] 흡수력 [문장] 끈적이지 않아 좋아요.,810601,쇼핑몰,헤어/바디케어,OO 바** 크림 75ml 4개,항상 쓰고 있는건데 자주 발라서 가성비 최고입니다. 잘 스며들고 끈적이지 않아 좋아요.,흡수력,끈적이지 않아 좋아요.,1,[속성] 흡수력 [문장] 끈적이지 않아 좋아요.,0,흡수력,unchanged
test,train,[속성] 발림성 [문장] 발림성도 좋습니다,809318,쇼핑몰,헤어/바디케어,OO 바** 카모마일 크림 250ml 1개,항상 사용하는 상품입니다. 발림성도 좋습니다. 촉촉해요. 향도 좋아요. 특히 양도 많습니다. 가격대도 그 정도면 착하구요. 뚜껑을 따서 사용하기가 불편합니다. 하지만 보습 효과가 있어 몇년 동안 쓰고 있는 제품입니다.,발림성,발림성도 좋습니다,1,[속성] 발림성 [문장] 발림성도 좋습니다,0,발림성,unchanged
test,train,[속성] 가격 [문장] 가격도 저렴합니다,802781,쇼핑몰,헤어/바디케어,OO 온** 퓨어 시카 쉐어 바디로션 1000ml 1개,가격도 저렴합니다. 짐승 용량이라 좋습니다. 발림성 보습성 모두 아주 좋아요. 제형이 가볍지 않고 묵직한 편이라 좋고 흡습성은 역시 좋습니다.,가격,가격도 저렴합니다,1,[속성] 가격 [문장] 가격도 저렴합니다,0,가격,unchanged
test,train,[속성] 흡수력 [문장] 너무 끈적거리고,802141,쇼핑몰,헤어/바디케어,OO 바** 맨 리페어링 모이스처 로션 450ml 2개,이 제품 처음 구매했는데 사은품이 하나 밖에 없어서 아쉬운 것 같습니다. 다른 제품 쓸 때는 온 가족이 함께 쓸 수 있어서 좋았는데 이 제품은 너무 끈적거리고 피부 보습도 없는 것 같아서 아쉬운 제품이네요.,흡수력,너무 끈적거리고,-1,[속성] 흡수력 [문장] 너무 끈적거리고,1,흡수력,unchanged
test,train,[속성] 흡수력 [문장] 끈적거리지 않아요.,809524,쇼핑몰,헤어/바디케어,OO 바** 카모마일 크림 250ml 1개,겨울이라서 손이 항상 건조한 편입니다. 수시로 바르기에 편합니다. 대용량이라서 부담없이 많이 자주 바를 수 있어서 좋습니다. 향이 특별히 강하지도 않아서 좋아요. 끈적거리지 않아요. 발림성도 좋은 편입니다. 배송 받고 용량 크기에 한 번 놀랐어요. 이걸 언제 바르나 하는 생각이 들었지만 쓰다보니 그래도 줄어드는게 눈에 보이네요. 수시로 씻고 나서 건조한 손에 막 바르기에 너무 편합니다. 대용량이라서 맘에 들어요.,흡수력,끈적거리지 않아요.,1,[속성] 흡수력 [문장] 끈적거리지 않아요.,0,흡수력,unchanged
test,train,[속성] 보습력/수분감 [문장] 촉촉해서 좋은 것 같습니다.,801509,쇼핑몰,헤어/바디케어,OO 세** 모이스춰라이징 크림 구형 550g 1개,이 제품은 촉촉해서 좋은 것 같습니다. 보습력이 뛰어나서 더욱 좋은 것 같습니다. 추천하고 싶어요. 겨울에 사용하기 좋은 것 같습니다. 장기간 사용했는데 보습력이 정말 좋아요.,보습력/수분감,촉촉해서 좋은 것 같습니다.,1,[속성] 보습력/수분감 [문장] 촉촉해서 좋은 것 같습니다.,0,보습력/수분감,unchanged
test,train,[속성] 기능/효과 [문장] 겨울에 사용하기 좋은 것 같습니다.,801509,쇼핑몰,헤어/바디케어,OO 세** 모이스춰라이징 크림 구형 550g 1개,이 제품은 촉촉해서 좋은 것 같습니다. 보습력이 뛰어나서 더욱 좋은 것 같습니다. 추천하고 싶어요. 겨울에 사용하기 좋은 것 같습니다. 장기간 사용했는데 보습력이 정말 좋아요.,기능/효과,겨울에 사용하기 좋은 것 같습니다.,1,[속성] 기능/효과 [문장] 겨울에 사용하기 좋은 것 같습니다.,0,기능/효과,unchanged
test,validation,[속성] 자극성 [문장] 자극적이지 않아서 좋아요.,801499,쇼핑몰,헤어/바디케어,OO 세** 모이스춰라이징 크림 구형 550g 1개,"배송은 빠릅니다. 제품도 원래 사용하던 제품이라 좋습니다. 끈적임이 없어서 좋고, 발림성 등 좋고 자극적이지 않아서 좋아요. 제품 유통기한은 넉넉해서 좋네요.",자극성,자극적이지 않아서 좋아요.,1,[속성] 자극성 [문장] 자극적이지 않아서 좋아요.,0,자극성,unchanged
test,train,[속성] 지속력/유지력 [문장] 지속력도 괜찮습니다.,801771,쇼핑몰,헤어/바디케어,OO 바** 맨 리페어링 모이스처 로션 450ml 2개,"겨울철이되면 특히 뒤꿈치, 발바닥, 손등과 손가락, 둔부가 거칠어지는데 끈적거리지 않아 좋고, 보습 효과와 지속력도 괜찮습니다.",지속력/유지력,지속력도 괜찮습니다.,1,[속성] 지속력/유지력 [문장] 지속력도 괜찮습니다.,0,지속력/유지력,unchanged
test,train,[속성] 보습력/수분감 [문장] 보습력이 좋아요.,802380,쇼핑몰,헤어/바디케어,OO 바** 맨 리페어링 모이스처 로션 450ml 2개,끈적임 없이 빠르게 흡수돼서 좋습니다. 향은 보통이지만 보습력이 좋아요. 사용하던 제품인데 싸게 사서 더 좋았습니다.,보습력/수분감,보습력이 좋아요.,1,[속성] 보습력/수분감 [문장] 보습력이 좋아요.,0,보습력/수분감,unchanged
test,train,[속성] 보습력/수분감 [문장] 보습력은 좋은데,804467,쇼핑몰,헤어/바디케어,OO 데일리 바디로션 450ml 2개,겨울철만 되면 피부가 엄청 건조한데 유명한 제품이라 써보고 싶어서 OOO 바디로션을 구매하게 되었어요. 보습력은 좋은데 끈적여서 다리에만 발라야 될 것 같아요.,보습력/수분감,보습력은 좋은데,1,[속성] 보습력/수분감 [문장] 보습력은 좋은데,0,보습력/수분감,unchanged
test,train,[속성] 보습력/수분감 [문장] 보습력은 좋아요,817577,쇼핑몰,헤어/바디케어,OO 랩** 센서티브 포밍 핸드워시 250ml 1개,세정력이 좋은지는 모르겠습니다. 하지만 보습력은 좋아요. 맨손 설거지한 후에도 당기지 않아서 좋습니다. 단점은 향이 너무 강해요. 계속 손에서 향이 나서 별로에요. 향기에 민감하거나 진한향 싫어하시면 패스하세요. 재구매는 안해요.,보습력/수분감,보습력은 좋아요,1,[속성] 보습력/수분감 [문장] 보습력은 좋아요,0,보습력/수분감,unchanged
test,train,[속성] 보습력/수분감 [문장] 항상 촉촉하게,808432,쇼핑몰,헤어/바디케어,OO 인** 리페어 핸드크림 56g 1개,손이 너무 건조해서 다른건 발라도 건조합니다. 이 핸드크림은 항상 촉촉하게 오래 유지되서 좋습니다.,보습력/수분감,항상 촉촉하게,1,[속성] 보습력/수분감 [문장] 항상 촉촉하게,0,보습력/수분감,unchanged
test,train,[속성] 지속력/유지력 [문장] 오래 유지되서 좋습니다.,808432,쇼핑몰,헤어/바디케어,OO 인** 리페어 핸드크림 56g 1개,손이 너무 건조해서 다른건 발라도 건조합니다. 이 핸드크림은 항상 촉촉하게 오래 유지되서 좋습니다.,지속력/유지력,오래 유지되서 좋습니다.,1,[속성] 지속력/유지력 [문장] 오래 유지되서 좋습니다.,0,지속력/유지력,unchanged
test,train,[속성] 보습력/수분감 [문장] 촉촉함도 좋고,808954,쇼핑몰,헤어/바디케어,OO 바** 카모마일 크림 250ml 1개,써 보니 좋아서 재구매했어요. 플라스틱 제품은 피하는 중이라 캔에 든 제품을 구매했는데 불편함 없이 아주 잘 사용하고 있어요. 하나는 집에 두고 하나는 회사에 두고 손 씻은 후마다 바릅니다. 촉촉함도 좋고 끈적임도 없어서 사용감이 너무 좋아요.,보습력/수분감,촉촉함도 좋고,1,[속성] 보습력/수분감 [문장] 촉촉함도 좋고,0,보습력/수분감,unchanged
test,train,[속성] 흡수력 [문장] 끈적임도 없어서,808954,쇼핑몰,헤어/바디케어,OO 바** 카모마일 크림 250ml 1개,써 보니 좋아서 재구매했어요. 플라스틱 제품은 피하는 중이라 캔에 든 제품을 구매했는데 불편함 없이 아주 잘 사용하고 있어요. 하나는 집에 두고 하나는 회사에 두고 손 씻은 후마다 바릅니다. 촉촉함도 좋고 끈적임도 없어서 사용감이 너무 좋아요.,흡수력,끈적임도 없어서,1,[속성] 흡수력 [문장] 끈적임도 없어서,0,흡수력,unchanged
test,train,[속성] 사용감 [문장] 사용감이 너무 좋아요.,808954,쇼핑몰,헤어/바디케어,OO 바** 카모마일 크림 250ml 1개,써 보니 좋아서 재구매했어요. 플라스틱 제품은 피하는 중이라 캔에 든 제품을 구매했는데 불편함 없이 아주 잘 사용하고 있어요. 하나는 집에 두고 하나는 회사에 두고 손 씻은 후마다 바릅니다. 촉촉함도 좋고 끈적임도 없어서 사용감이 너무 좋아요.,사용감,사용감이 너무 좋아요.,1,[속성] 사용감 [문장] 사용감이 너무 좋아요.,0,사용감,unchanged
test,train,[속성] 품질 [문장] 품질이 그냥 그래요,814077,쇼핑몰,헤어/바디케어,OO 시** 드라이 스킨 핸드크림 150ml 1개,손이 많이 건조한 편입니다. 기대하고 구매했는데 품질이 그냥 그래요. 보습이 약합니다. 파우더향도 맘에 안 들어요.,품질,품질이 그냥 그래요,0,[속성] 품질 [문장] 품질이 그냥 그래요,2,품질,unchanged
test,train,[속성] 흡수력 [문장] 끈적거리고,802047,쇼핑몰,헤어/바디케어,OO 바** 맨 리페어링 모이스처 로션 450ml 2개,향이 너무 사우나 냄새가 나서 아쉬운 것 같습니다. 사은품도 별로이고 끈적거리고 보습력도 좋지 않습니다.,흡수력,끈적거리고,-1,[속성] 흡수력 [문장] 끈적거리고,1,흡수력,unchanged
test,train,[속성] 보습력/수분감 [문장] 보습력도 좋지 않습니다.,802047,쇼핑몰,헤어/바디케어,OO 바** 맨 리페어링 모이스처 로션 450ml 2개,향이 너무 사우나 냄새가 나서 아쉬운 것 같습니다. 사은품도 별로이고 끈적거리고 보습력도 좋지 않습니다.,보습력/수분감,보습력도 좋지 않습니다.,-1,[속성] 보습력/수분감 [문장] 보습력도 좋지 않습니다.,1,보습력/수분감,unchanged
test,train,[속성] 편의성/활용성 [문장] 매일 사용하기 좋습니다.,803217,쇼핑몰,헤어/바디케어,OO 온** 퓨어 시카 쉐어 바디로션 1000ml 1개,OO의 OO 바디로션은 향도 은은하고 발림성도 너무 좋습니다. 가성비 너무 좋아서 계속 사용하고 싶어요. 화이트머스크 향이 은은하고 보습력이 좋아서 매일 사용하기 좋습니다. 향이 좋아서 자기 전에도 사용합니다.,편의성/활용성,매일 사용하기 좋습니다.,1,[속성] 편의성/활용성 [문장] 매일 사용하기 좋습니다.,0,편의성/활용성,unchanged
test,train,[속성] 자극성 [문장] 자극도 있는 거 같아요.,817630,쇼핑몰,헤어/바디케어,OO 랩** 센서티브 포밍 핸드워시 250ml 1개,요즘 손청결을 중요하고 생각하고 있어서 구입했어요. 자주 씻어서 그런지 건조하고 자극도 있는 거 같아요. 거품이 잘 나오지 않아서 많이 짜서 쓰고 있어요. 그리고 할인 행사 기간 아닐 때 샀더니 비싸네요.,자극성,자극도 있는 거 같아요.,-1,[속성] 자극성 [문장] 자극도 있는 거 같아요.,1,자극성,unchanged
test,train,[속성] 보습력/수분감 [문장] 보습력이 제일 좋은 것 같습니다.,811005,쇼핑몰,헤어/바디케어,OO 바** 크림 75ml 4개,여러 핸드크림 중에서 OOO이 저렴하고 보습력이 제일 좋은 것 같습니다. 향도 은은하니 괜찮아요. 디자인이 고급스럽지는 않지만 제품은 만족해요.,보습력/수분감,보습력이 제일 좋은 것 같습니다.,1,[속성] 보습력/수분감 [문장] 보습력이 제일 좋은 것 같습니다.,0,보습력/수분감,unchanged
test,train,[속성] 지속력/유지력 [문장] 향이 오래가지 않습니다.,803762,쇼핑몰,헤어/바디케어,OO 온** 퓨어 시카 쉐어 바디로션 1000ml 1개,용량대비 가격이 저렴해서 구매했습니다. 향이 오래가지 않습니다. 제형도 진득진득해서 별로입니다. 바르면 끈적임 있어서 조금씩 바르고 있습니다. 재구매 의사는 없습니다.,지속력/유지력,향이 오래가지 않습니다.,-1,[속성] 지속력/유지력 [문장] 향이 오래가지 않습니다.,1,지속력/유지력,unchanged
test,train,[속성] 가격 [문장] 저렴하게 사서 좋아요.,811789,쇼핑몰,헤어/바디케어,OO 세** 항균 핸드워시 레몬향 3500ml 1개,저렴하게 사서 좋아요. 항상 OO만 쓰다가 OOO 썼는데 항도 좋고 괜찮아서 또 구입했습니다. 낱개로 사면 금방 쓰는데 대용량이라 넉넉해서 오래 쓸 거 같아요.,가격,저렴하게 사서 좋아요.,1,[속성] 가격 [문장] 저렴하게 사서 좋아요.,0,가격,unchanged
test,train,[속성] 제품구성 [문장] 사은품도 별로입니다.,802062,쇼핑몰,헤어/바디케어,OO 바** 맨 리페어링 모이스처 로션 450ml 2개,온 몸에 바르기 안 좋은 것 같습니다. 용량도 적은 것 같아서 만족 못 합니다. 사은품도 별로입니다.,제품구성,사은품도 별로입니다.,-1,[속성] 제품구성 [문장] 사은품도 별로입니다.,1,제품구성,unchanged
test,train,[속성] 제형 [문장] 거품형이라서 편하고,817642,쇼핑몰,헤어/바디케어,OO 랩** 센서티브 포밍 핸드워시 250ml 1개,이벤트 기간에 1+1으로 저렴하게 잘 샀습니다. 용기가 플라스틱 재질이라서 마음에 걸리지만 사용하기가 편합니다. 거품형이라서 편하고 세정력도 괜찮습니다. 향도 강하지 않고 은은한데 취향에 맞는 향이어서 좋아요.,제형,거품형이라서 편하고,1,[속성] 제형 [문장] 거품형이라서 편하고,0,제형,unchanged
test,train,[속성] 가격 [문장] 저렴하게 구입했는데,811309,쇼핑몰,헤어/바디케어,OO 세** 항균 핸드워시 레몬향 3500ml 1개,장바구니에 담아 뒀다가 세일하기에 저렴하게 구입했는데 세정력도 있고 거품도 풍부하고 좋네요.,가격,저렴하게 구입했는데,1,[속성] 가격 [문장] 저렴하게 구입했는데,0,가격,unchanged
test,train,[속성] 보습력/수분감 [문장] 보습력이 좋고,813742,쇼핑몰,헤어/바디케어,OO 시** 드라이 스킨 핸드크림 150ml 1개,배송이 너무 빨리 도착해서 잘 받았습니다. 핸드크림 제품은 정말 다양하게 사용했는데 그 중에서도 가격 면에서는 제일 비싸지만 ooo 제품이 그래도 보습력이 좋고 바르고 시간이 지남 건조함이 덜한 거 같아 계속 사용 하려고 구매하게 되었어요. 잘 사용할게요.,보습력/수분감,보습력이 좋고,1,[속성] 보습력/수분감 [문장] 보습력이 좋고,0,보습력/수분감,unchanged
test,train,[속성] 지속력/유지력 [문장] 지속되네요.,808459,쇼핑몰,헤어/바디케어,OO 인** 리페어 핸드크림 56g 1개,건조한 부위에 바르기 좋습니다. 보습력이 좋아서 손부터 발이며 무릎 같은 특히 건조한 부위들에 마무리 보습용으로 쓰기 좋아요. 보들한 느낌이 지속되네요. 이전 OO 핸드크림 계속 쓰다가 이거 샀는데 제형이 부드러워 발림성이 좀 더 부드러워진 느낌이 있습니다.,지속력/유지력,지속되네요.,1,[속성] 지속력/유지력 [문장] 지속되네요.,0,지속력/유지력,unchanged
test,train,[속성] 유통기한 [문장] 유통기한도 넉넉해서 좋네요.,801691,쇼핑몰,헤어/바디케어,OO 세** 모이스춰라이징 크림 구형 550g 1개,건조한 피부에 정말 좋습니다. 한번 바르고 몇일은 촉촉하게 유지되고 자극도 없고 트러블도 없어서 예민한 아이들피부에 발라도 좋은것 같습니다. 유통기한도 넉넉해서 좋네요.,유통기한,유통기한도 넉넉해서 좋네요.,1,[속성] 유통기한 [문장] 유통기한도 넉넉해서 좋네요.,0,유통기한,unchanged
test,validation,[속성] 지속력/유지력 [문장] 오래가고,810156,쇼핑몰,헤어/바디케어,OO 바** 크림 75ml 4개,소독 알코올 때문에 아이들 손이 엉망이라 사서 갖고 다니게 했습니다. 처음 바를 땐 제형이 꾸덕한 느낌이지만 금방 흡수가 되어서 촉촉한 느낌 오래가고 거칠어진 부분 많이 부드러워졌습니다.,지속력/유지력,오래가고,1,[속성] 지속력/유지력 [문장] 오래가고,0,지속력/유지력,unchanged
test,validation,[속성] 발림성 [문장] 발림성은 여름에도 바르기 좋을 것 같습니다.,803165,쇼핑몰,헤어/바디케어,OO 온** 퓨어 시카 쉐어 바디로션 1000ml 1개,향은 남자 스킨 냄새랑 비슷한 듯해요. 여자들 쓰기엔 안 어울리는 향인 듯하고 발림성은 여름에도 바르기 좋을 것 같습니다. 다음에는 다른 향으로 사야겠어요. 양도 많고 가성비 좋습니다.,발림성,발림성은 여름에도 바르기 좋을 것 같습니다.,1,[속성] 발림성 [문장] 발림성은 여름에도 바르기 좋을 것 같습니다.,0,발림성,unchanged
test,train,[속성] 편의성/활용성 [문장] 사용하기에 편리합니다.,817535,쇼핑몰,헤어/바디케어,OO 랩** 센서티브 포밍 핸드워시 250ml 1개,마음에 들어서 계속 재구매해요. 손이 뽀득뽀득해지고 향이 좋아서 사용하기에 편리합니다. 이 제품에 정착했습니다. 가격도 저렴해서 그런지 좋습니다. 용량도 딱 쓰기에 적당합니다.,편의성/활용성,사용하기에 편리합니다.,1,[속성] 편의성/활용성 [문장] 사용하기에 편리합니다.,0,편의성/활용성,unchanged
test,train,[속성] 가격 [문장] 저렴하게 구매해서 너무 좋습니다.,809162,쇼핑몰,헤어/바디케어,OO 바** 카모마일 크림 250ml 1개,건조한 겨울이 되면 항상 쓰는 상품이에요. 가족들도 좋아하는 상품인데 저렴하게 구매해서 너무 좋습니다. 추천해요.,가격,저렴하게 구매해서 너무 좋습니다.,1,[속성] 가격 [문장] 저렴하게 구매해서 너무 좋습니다.,0,가격,unchanged
test,validation,[속성] 가격 [문장] 할인해서 저렴하게 구매했습니다.,810286,쇼핑몰,헤어/바디케어,OO 바** 크림 75ml 4개,써 봤던 거라 향도 좋고 흡수도 좋다고 생각했는데 할인해서 저렴하게 구매했습니다. 사은품으로 립밤이 와서 더 좋았습니다.,가격,할인해서 저렴하게 구매했습니다.,1,[속성] 가격 [문장] 할인해서 저렴하게 구매했습니다.,0,가격,unchanged
test,train,[속성] 자극성 [문장] 순하면서,817567,쇼핑몰,헤어/바디케어,OO 랩** 센서티브 포밍 핸드워시 250ml 1개,순하면서 깨끗하게 세정되는 느낌이 들어서 좋아요. 향은 원래 알고 구입했는데 향이 익숙하고 무난하고 좋습니다. 일반 제품보다 oo은 더 좋은것 같습니다.,자극성,순하면서,1,[속성] 자극성 [문장] 순하면서,0,자극성,unchanged
test,train,[속성] 가격 [문장] 저렴하게 잘 구매해서,817342,쇼핑몰,헤어/바디케어,OO 랩** 센서티브 포밍 핸드워시 250ml 1개,손 자주 깨끗이 씻는 게 중요한 시국인데 저렴하게 잘 구매해서 잘 쓰고 있습니다. 제품 좋은 것 같습니다. 세정력도 좋고 향도 나쁘지 않아서 다 쓰면 또 살 생각입니다.,가격,저렴하게 잘 구매해서,1,[속성] 가격 [문장] 저렴하게 잘 구매해서,0,가격,unchanged
test,train,[속성] 가격 [문장] 가격이 비싼 편입니다.,807779,쇼핑몰,헤어/바디케어,OO 인** 리페어 핸드크림 56g 1개,"OO 브랜드 자체가 좋긴 한데, 핸드크림 치고는 가격이 비싼 편입니다. 여기 쇼핑몰이 그나마 덜 비싸서 여기서 구매했습니다.",가격,가격이 비싼 편입니다.,-1,[속성] 가격 [문장] 가격이 비싼 편입니다.,1,가격,unchanged
test,train,[속성] 흡수력 [문장] 흡수력이 빨라서,808441,쇼핑몰,헤어/바디케어,OO 인** 리페어 핸드크림 56g 1개,일단 끈적이지 않고 흡수력이 빨라서 보습력이 좋습니다. 온 가족이 함께 사용하고 있어요. 특히 손이 자주 트는 애들이 효과가 좋다고 합니다. 겨울철에서 봄까지 손을 부드럽게 해줘서 사용하기 좋습니다..,흡수력,흡수력이 빨라서,1,[속성] 흡수력 [문장] 흡수력이 빨라서,0,흡수력,unchanged
test,train,[속성] 가격 [문장] 좀 비싸지만,808440,쇼핑몰,헤어/바디케어,OO 인** 리페어 핸드크림 56g 1개,"손이 너무 터서 타 제품 핸드크림을 사용하다 좀 비싸지만 이 제품으로 바꿨는데, 정말 고보습 핸드크림이에요. 한두 번 바르니 튼 피부가 부드러워졌어요. 튼 손이 금방 해결되어서 만족했어요. 가격이 조금 낮춰지거나 할인하면 좋을 것 같습니다.",가격,좀 비싸지만,-1,[속성] 가격 [문장] 좀 비싸지만,1,가격,unchanged
test,train,[속성] 가격 [문장] 가격도 착해서,803133,쇼핑몰,헤어/바디케어,OO 온** 퓨어 시카 쉐어 바디로션 1000ml 1개,"건조한 피부에 무겁지 않게 잘 발려서 보습이 잘 되요. 여기저기 통에 덜어놓고 건조할 때마다 어디든 바르고 있어요. 향도 좋고, 용량도 많고 가격도 착해서 이제품만 사용하는데, 파란색 통인 파우더 향도 좋습니다.",가격,가격도 착해서,1,[속성] 가격 [문장] 가격도 착해서,0,가격,unchanged
test,train,[속성] 유통기한 [문장] 유통기한이 짧지만,801788,쇼핑몰,헤어/바디케어,OO 바** 맨 리페어링 모이스처 로션 450ml 2개,코로나로 오늘도 수고 많습니다. 보내 주신 로션은 매우 촉촉합니다. 가격이 비싸기는 하지만 대용량이라 당분간은 걱정 없이 두 다리 뻗고 자겠습니다. 유통기한이 짧지만 빨리 사용하면 될 것 같습니다.,유통기한,유통기한이 짧지만,-1,[속성] 유통기한 [문장] 유통기한이 짧지만,1,유통기한,unchanged
test,train,[속성] 자극성 [문장] 자극도 적고,817669,쇼핑몰,헤어/바디케어,OO 랩** 센서티브 포밍 핸드워시 250ml 1개,코로나로 아이들과 집에만 있어서 자주 손 씻어야 하니 사 놓고 사용 중이네요. 자극도 적고 거품도 풍성하고 향도 은은하니 기분 좋게 씻고 있습니다. 가격만 더 저렴하면 좋을 것 같습니다.,자극성,자극도 적고,1,[속성] 자극성 [문장] 자극도 적고,0,자극성,unchanged
test,train,[속성] 흡수력 [문장] 잘 스며들어 좋습니다.,802617,쇼핑몰,헤어/바디케어,OO 바** 맨 리페어링 모이스처 로션 450ml 2개,끈적임 없고 촉촉하게 잘 스며들어 좋습니다. 향도 은은해서 정말 좋습니다. 사은품도 잘 받았습니다.,흡수력,잘 스며들어 좋습니다.,1,[속성] 흡수력 [문장] 잘 스며들어 좋습니다.,0,흡수력,unchanged
test,train,[속성] 제품구성 [문장] 사은품도 잘 받았습니다.,802617,쇼핑몰,헤어/바디케어,OO 바** 맨 리페어링 모이스처 로션 450ml 2개,끈적임 없고 촉촉하게 잘 스며들어 좋습니다. 향도 은은해서 정말 좋습니다. 사은품도 잘 받았습니다.,제품구성,사은품도 잘 받았습니다.,1,[속성] 제품구성 [문장] 사은품도 잘 받았습니다.,0,제품구성,unchanged
test,train,[속성] 보습력/수분감 [문장] 보습도 잘 되고,802156,쇼핑몰,헤어/바디케어,OO 바** 맨 리페어링 모이스처 로션 450ml 2개,늘 사용하던 로션인데 다 써 가서 재주문했습니다. 보습도 잘 되고 흡수도 빨라서 샤워 후 몸에 바르면 끈적이지 않고 금방 보송해져서 좋습니다.,보습력/수분감,보습도 잘 되고,1,[속성] 보습력/수분감 [문장] 보습도 잘 되고,0,보습력/수분감,unchanged
test,train,[속성] 흡수력 [문장] 보송해져서 좋습니다.,802156,쇼핑몰,헤어/바디케어,OO 바** 맨 리페어링 모이스처 로션 450ml 2개,늘 사용하던 로션인데 다 써 가서 재주문했습니다. 보습도 잘 되고 흡수도 빨라서 샤워 후 몸에 바르면 끈적이지 않고 금방 보송해져서 좋습니다.,흡수력,보송해져서 좋습니다.,1,[속성] 흡수력 [문장] 보송해져서 좋습니다.,0,흡수력,unchanged
test,train,[속성] 흡수력 [문장] 잘 스며드네요.,812072,쇼핑몰,헤어/바디케어,OO 카** 클래식 핸드 앤 네일크림 100ml 1개,"OO 핸드크림 처음 사용해 보는데 일단 향이 취향에 딱 맞습니다. 향이 일단 마음에 들고, 발림성도 촉촉하니 좋습니다. 잘 스며드네요. 자기 전에 충분히 바르고 자면 다음날 손이 보들보들해서 참 마음에 듭니다.",흡수력,잘 스며드네요.,1,[속성] 흡수력 [문장] 잘 스며드네요.,0,흡수력,unchanged
test,train,[속성] 기능/효과 [문장] 효과가 좋습니다.,808678,쇼핑몰,헤어/바디케어,OO 바** 카모마일 크림 250ml 1개,매일 발에 바르기 좋은 제품입니다. 발 전용 크림 살 필요 없습니다. 가격은 비싸지만 효과가 좋습니다. 추천해요.,기능/효과,효과가 좋습니다.,1,[속성] 기능/효과 [문장] 효과가 좋습니다.,0,기능/효과,unchanged
test,train,[속성] 보습력/수분감 [문장] 촉촉함이 잘 유지되네요.,808492,쇼핑몰,헤어/바디케어,OO 인** 리페어 핸드크림 56g 1개,가격이 상대적으로 저렴하지 않지만 끈적거리지 않고 흡수력이 좋습니다. 사용 후 촉촉함이 잘 유지되네요. 피부 트러블 없이 잘 사용하고 있습니다.,보습력/수분감,촉촉함이 잘 유지되네요.,1,[속성] 보습력/수분감 [문장] 촉촉함이 잘 유지되네요.,0,보습력/수분감,unchanged
test,train,[속성] 제품구성 [문장] 구성도 좋지 않습니다.,802302,쇼핑몰,헤어/바디케어,OO 바** 맨 리페어링 모이스처 로션 450ml 2개,건조한 날씨에 바디로션이 많이 필요해서 구입했습니다. 가격도 비싸서 마음에 들지 않고 구성도 좋지 않습니다.,제품구성,구성도 좋지 않습니다.,-1,[속성] 제품구성 [문장] 구성도 좋지 않습니다.,1,제품구성,unchanged
test,train,[속성] 흡수력 [문장] 빠르게 스며들어요.,810110,쇼핑몰,헤어/바디케어,OO 바** 크림 75ml 4개,"어른, 아이 모두 사용 가능할 만큼 성분이 순한 듯하네요. 손을 물로 자주 씻다 보니 건조해져서 구입했어요. 손에 부드럽게 잘 발라지고 빠르게 스며들어요. 용량이 작아서 금방 사용할 것 같네요.",흡수력,빠르게 스며들어요.,1,[속성] 흡수력 [문장] 빠르게 스며들어요.,0,흡수력,unchanged
test,train,[속성] 자극성 [문장] 자극도 없습니다,812321,쇼핑몰,헤어/바디케어,OO 카** 클래식 핸드 앤 네일크림 100ml 1개,사용해본 이후로 이 제품만 찾아서 사용하고 있어요. 자극도 없습니다. 흡수력도 만족합니다. 향도 과하지 않고 은은해서 좋은 거 같아요. 가격이 좀 비싸기는 합니다. 계속 사용할거 같아요. 사계절 모두 사용하기 좋습니다.,자극성,자극도 없습니다,1,[속성] 자극성 [문장] 자극도 없습니다,0,자극성,unchanged
test,train,[속성] 가격 [문장] 가격이 좀 비싸기는 합니다.,812321,쇼핑몰,헤어/바디케어,OO 카** 클래식 핸드 앤 네일크림 100ml 1개,사용해본 이후로 이 제품만 찾아서 사용하고 있어요. 자극도 없습니다. 흡수력도 만족합니다. 향도 과하지 않고 은은해서 좋은 거 같아요. 가격이 좀 비싸기는 합니다. 계속 사용할거 같아요. 사계절 모두 사용하기 좋습니다.,가격,가격이 좀 비싸기는 합니다.,-1,[속성] 가격 [문장] 가격이 좀 비싸기는 합니다.,1,가격,unchanged
test,train,[속성] 기능/효과 [문장] 사계절 모두 사용하기 좋습니다.,812321,쇼핑몰,헤어/바디케어,OO 카** 클래식 핸드 앤 네일크림 100ml 1개,사용해본 이후로 이 제품만 찾아서 사용하고 있어요. 자극도 없습니다. 흡수력도 만족합니다. 향도 과하지 않고 은은해서 좋은 거 같아요. 가격이 좀 비싸기는 합니다. 계속 사용할거 같아요. 사계절 모두 사용하기 좋습니다.,기능/효과,사계절 모두 사용하기 좋습니다.,1,[속성] 기능/효과 [문장] 사계절 모두 사용하기 좋습니다.,0,기능/효과,unchanged
test,train,[속성] 보습력/수분감 [문장] 촉촉해서 너무 좋습니다.,804027,쇼핑몰,헤어/바디케어,OO 데일리 바디로션 450ml 2개,60대 초반이라 피부가 건조한데 퇴근 후 샤워하고 온몸에 바르고 마사지 해줍니다. 저녁에 바르면 아침까지 촉촉해서 너무 좋습니다. 가격도 저렴하게 잘 산 것 같습니다.,보습력/수분감,촉촉해서 너무 좋습니다.,1,[속성] 보습력/수분감 [문장] 촉촉해서 너무 좋습니다.,0,보습력/수분감,unchanged
test,train,[속성] 가격 [문장] 가격도 저렴하게 잘 산 것 같습니다.,804027,쇼핑몰,헤어/바디케어,OO 데일리 바디로션 450ml 2개,60대 초반이라 피부가 건조한데 퇴근 후 샤워하고 온몸에 바르고 마사지 해줍니다. 저녁에 바르면 아침까지 촉촉해서 너무 좋습니다. 가격도 저렴하게 잘 산 것 같습니다.,가격,가격도 저렴하게 잘 산 것 같습니다.,1,[속성] 가격 [문장] 가격도 저렴하게 잘 산 것 같습니다.,0,가격,unchanged
test,train,[속성] 유통기한 [문장] 유통기한도 깁니다.,807846,쇼핑몰,헤어/바디케어,OO 인** 리페어 핸드크림 56g 1개,좋습니다. 가격도 좋고 발림성도 좋고 향도 좋아요. 유통기한도 깁니다. 잘 쓰겠습니다.,유통기한,유통기한도 깁니다.,1,[속성] 유통기한 [문장] 유통기한도 깁니다.,0,유통기한,unchanged
test,train,[속성] 가격 [문장] 쿠폰 적용해서 저렴하게,802995,쇼핑몰,헤어/바디케어,OO 온** 퓨어 시카 쉐어 바디로션 1000ml 1개,용량도 많아 오래 쓸 수 있어 좋습니다. 쿠폰 적용해서 저렴하게 구매해 쟁여두고 사용하고 있습니다. 매일 온 가족이 샤워 후 쓰기에 딱 좋습니다. 많이 촉촉하진 않지만 쓰기 무난한 제품입니다.,가격,쿠폰 적용해서 저렴하게,1,[속성] 가격 [문장] 쿠폰 적용해서 저렴하게,0,가격,unchanged
test,train,[속성] 보습력/수분감 [문장] 많이 촉촉하진 않지만,802995,쇼핑몰,헤어/바디케어,OO 온** 퓨어 시카 쉐어 바디로션 1000ml 1개,용량도 많아 오래 쓸 수 있어 좋습니다. 쿠폰 적용해서 저렴하게 구매해 쟁여두고 사용하고 있습니다. 매일 온 가족이 샤워 후 쓰기에 딱 좋습니다. 많이 촉촉하진 않지만 쓰기 무난한 제품입니다.,보습력/수분감,많이 촉촉하진 않지만,0,[속성] 보습력/수분감 [문장] 많이 촉촉하진 않지만,2,보습력/수분감,unchanged
test,train,[속성] 사용감 [문장] 사용감 좋고,817410,쇼핑몰,헤어/바디케어,OO 랩** 센서티브 포밍 핸드워시 250ml 1개,손세정제라 전혀 건조함이 없는 건 아니지만 비교적 사용감 좋고 향이 특이해서 좋습니다. 딸기나 청포도향 아니어서 마음에 드네요. 한번 펌핑해도 적당한 양이라 사용하기 편하고 용기가 썩 예쁘지는 않지만 그렇다고 보기 싫은 정도는 아니라 만족스럽게 사용하고 있어요. 마트에 판매하는 이 사이즈의 다른 브랜드 손세정제는 거의 다 사용해 보았는데 일단은 제일 괜찮습니다.,사용감,사용감 좋고,1,[속성] 사용감 [문장] 사용감 좋고,0,사용감,unchanged
test,train,[속성] 가격 [문장] 가격이 비싸긴 하지만,813204,쇼핑몰,헤어/바디케어,OO 시** 드라이 스킨 핸드크림 150ml 1개,보습력이 좋습니다. 근데 용기가 불편하네요. 튜브 용기가 터져서 짜기가 힘듭니다. 가격이 비싸긴 하지만 보습력은 괜찮은 것 같아요.,가격,가격이 비싸긴 하지만,-1,[속성] 가격 [문장] 가격이 비싸긴 하지만,1,가격,unchanged
test,train,[속성] 편의성/활용성 [문장] 사용하기 불편하네요.,808066,쇼핑몰,헤어/바디케어,OO 인** 리페어 핸드크림 56g 1개,"이 제품은 처음으로 구매했는데, 다른 핸드크림에 비해서 좀 끈적이는 경향이 있습니다. 사용하기 불편하네요.",편의성/활용성,사용하기 불편하네요.,-1,[속성] 편의성/활용성 [문장] 사용하기 불편하네요.,1,편의성/활용성,unchanged
test,train,[속성] 보습력/수분감 [문장] 충분히 촉촉합니다.,812064,쇼핑몰,헤어/바디케어,OO 카** 클래식 핸드 앤 네일크림 100ml 1개,촉촉하고 손이 부드러워집니다. 미끌 거리지 않아 좋네요. 건성 피부인데 충분히 촉촉합니다. 향이 은은해서 좋습니다. 핸드크림 필수인 사람입니다. 가족들도 함께 사용하고 있습니다. 더 큰 용량도 있으면 좋겠네요.,보습력/수분감,충분히 촉촉합니다.,1,[속성] 보습력/수분감 [문장] 충분히 촉촉합니다.,0,보습력/수분감,unchanged
test,train,[속성] 흡수력 [문장] 끈적이지 않아서 만족합니다.,803726,쇼핑몰,헤어/바디케어,OO 온** 퓨어 시카 쉐어 바디로션 1000ml 1개,건성이라서 사계절 내내 바디로션을 달고 살아요. 이 바디로션은 가격 대비 양도 많고 보습력도 좋습니다. 무엇보다 끈적이지 않아서 만족합니다. 향도 과하지 않고 촉촉한 느낌이 좋아서 벌써 세 통째 사용하고 있어요.,흡수력,끈적이지 않아서 만족합니다.,1,[속성] 흡수력 [문장] 끈적이지 않아서 만족합니다.,0,흡수력,unchanged
test,train,[속성] 가격 [문장] 착한 가격에,810252,쇼핑몰,헤어/바디케어,OO 바** 크림 75ml 4개,착한 가격에 좋은 품질의 핸드크림을 4개나 사서 좋았습니다. 사은품으로 립밤까지 서비스로 주셔서 완전 만족이네요. 유통기한이 살짝 짧아서 아쉽기는 하지만 전체적으로 만족합니다.,가격,착한 가격에,1,[속성] 가격 [문장] 착한 가격에,0,가격,unchanged
test,train,[속성] 보습력/수분감 [문장] 보습력이 제일 안 좋은 것 같습니다.,809273,쇼핑몰,헤어/바디케어,OO 바** 카모마일 크림 250ml 1개,제가 사용해 본 핸드크림 중 보습력이 제일 안 좋은 것 같습니다. 향도 강해서 제 취향은 아니네요. 보습력이 약해서 아쉽습니다.,보습력/수분감,보습력이 제일 안 좋은 것 같습니다.,-1,[속성] 보습력/수분감 [문장] 보습력이 제일 안 좋은 것 같습니다.,1,보습력/수분감,unchanged
test,train,[속성] 가격 [문장] 저렴히 잘 산 거 같습니다.,810403,쇼핑몰,헤어/바디케어,OO 바** 크림 75ml 4개,보습력이 제일 좋은 거 같습니다. 주변에 선물하려고 여러 개 샀어요. 저렴히 잘 산 거 같습니다. 감사합니다.,가격,저렴히 잘 산 거 같습니다.,1,[속성] 가격 [문장] 저렴히 잘 산 거 같습니다.,0,가격,unchanged
test,train,[속성] 피부타입 [문장] 건성 피부에는 추천 하지 않습니다.,801467,쇼핑몰,헤어/바디케어,OO 세** 모이스춰라이징 크림 구형 550g 1개,가격이 비싼 것 같아서 아쉬운 것 같습니다. 건성 피부에는 추천 하지 않습니다. 한 통만 사기를 잘했습니다. 향이 별로 좋지 않은 것 같습니다. 다음에는 구매하지 않을 것 같습니다. 추천 안 해요.,피부타입,건성 피부에는 추천 하지 않습니다.,-1,[속성] 피부타입 [문장] 건성 피부에는 추천 하지 않습니다.,1,피부타입,unchanged
test,train,[속성] 가격 [문장] 가격도 저렴해서 좋아요.,808111,쇼핑몰,헤어/바디케어,OO 인** 리페어 핸드크림 56g 1개,몇 년째 쓰고 있는 제품입니다. 써본 핸드크림 중 가장 보습력이 좋은 거 같아요. 가격도 저렴해서 좋아요. 겨울철에 꼭 필요한 제품입니다. 안 써본 분들께 추천합니다.,가격,가격도 저렴해서 좋아요.,1,[속성] 가격 [문장] 가격도 저렴해서 좋아요.,0,가격,unchanged
test,train,[속성] 발림성 [문장] 발림성도 좋아,809315,쇼핑몰,헤어/바디케어,OO 바** 카모마일 크림 250ml 1개,늘상 재구매하는 제품이에요. 사시사철 쓰기 편하고 보습력도 좋고 발림성도 좋아 손 뿐 아니라 발 관리에도 최고예요. 향도 은은하고 강하지 않아서 산뜻하고 굉장히 좋습니다. ㅇㅇ배송이 계속 했으면 하는 상품이에요.,발림성,발림성도 좋아,1,[속성] 발림성 [문장] 발림성도 좋아,0,발림성,unchanged
test,validation,[속성] 가격 [문장] 가격은 착하고,809518,쇼핑몰,헤어/바디케어,OO 바** 카모마일 크림 250ml 1개,항상 손이 건조해서 여러 가지 핸드크림을 써봤지만 보습력은 이 제품이 가장 안 좋은 거 같아요. 가격은 착하고 용량도 넉넉한데 겨울철에 쓰기에는 별로인 거 같아요.,가격,가격은 착하고,1,[속성] 가격 [문장] 가격은 착하고,0,가격,unchanged
test,validation,[속성] 기능/효과 [문장] 겨울철에 쓰기에는 별로인 거 같아요.,809518,쇼핑몰,헤어/바디케어,OO 바** 카모마일 크림 250ml 1개,항상 손이 건조해서 여러 가지 핸드크림을 써봤지만 보습력은 이 제품이 가장 안 좋은 거 같아요. 가격은 착하고 용량도 넉넉한데 겨울철에 쓰기에는 별로인 거 같아요.,기능/효과,겨울철에 쓰기에는 별로인 거 같아요.,-1,[속성] 기능/효과 [문장] 겨울철에 쓰기에는 별로인 거 같아요.,1,기능/효과,unchanged
test,train,[속성] 보습력/수분감 [문장] 촉촉하고 좋아서,811758,쇼핑몰,헤어/바디케어,OO 세** 항균 핸드워시 레몬향 3500ml 1개,"항상 사용하면서 통이 아까웠는데, 대용량이라 오래 쓸 수 있어 좋습니다. 촉촉하고 좋아서 앞으로도 계속 사용할 것 같습니다.",보습력/수분감,촉촉하고 좋아서,1,[속성] 보습력/수분감 [문장] 촉촉하고 좋아서,0,보습력/수분감,unchanged
test,train,[속성] 흡수력 [문장] 너무 끈적이지 않고,813118,쇼핑몰,헤어/바디케어,OO 시** 드라이 스킨 핸드크림 150ml 1개,하루에 손을 수십 번 씻는 직업인데 겨울에 건조하기까지 해서 손이 다 터져서 구매했어요. 원래 쓰던 핸드 제품은 산뜻한 타입이라 보습력 좋은 제품으로 구매했는데 너무 끈적이지 않고 적당히 촉촉해서 좋습니다.,흡수력,너무 끈적이지 않고,1,[속성] 흡수력 [문장] 너무 끈적이지 않고,0,흡수력,unchanged
test,train,[속성] 보습력/수분감 [문장] 적당히 촉촉해서 좋습니다.,813118,쇼핑몰,헤어/바디케어,OO 시** 드라이 스킨 핸드크림 150ml 1개,하루에 손을 수십 번 씻는 직업인데 겨울에 건조하기까지 해서 손이 다 터져서 구매했어요. 원래 쓰던 핸드 제품은 산뜻한 타입이라 보습력 좋은 제품으로 구매했는데 너무 끈적이지 않고 적당히 촉촉해서 좋습니다.,보습력/수분감,적당히 촉촉해서 좋습니다.,1,[속성] 보습력/수분감 [문장] 적당히 촉촉해서 좋습니다.,0,보습력/수분감,unchanged
test,train,[속성] 흡수력 [문장] 끈적임도 있고,810230,쇼핑몰,헤어/바디케어,OO 바** 크림 75ml 4개,처음으로 구매했습니다. 발라보니 끈적임도 있고 향도 별로네요. 촉촉함도 오래가지 않습니다.,흡수력,끈적임도 있고,-1,[속성] 흡수력 [문장] 끈적임도 있고,1,흡수력,unchanged
test,train,[속성] 흡수력 [문장] 끈적거립니다.,812068,쇼핑몰,헤어/바디케어,OO 카** 클래식 핸드 앤 네일크림 100ml 1개,생각보다 촉촉하지 않고 끈적거립니다. 향이 강해서 자주 쓰지 않게 되네요. 핸드크림을 바르지 않으면 건조해져서 구매했는데 이 제품이 가격은 저렴하지만 촉촉함은 이전 제품보다 없는 것 같습니다. 배송도 느려서 아쉽네요.,흡수력,끈적거립니다.,-1,[속성] 흡수력 [문장] 끈적거립니다.,1,흡수력,unchanged
test,train,[속성] 사용감 [문장] 사용감이 괜찮았습니다.,809417,쇼핑몰,헤어/바디케어,OO 바** 카모마일 크림 250ml 1개,크림 예전에는 많이 끈적해서 사용 안하고 있었다가 작년부터 다른 사람것을 빌려서 사용했는데 소량만 발라서 손에 바르니 사용감이 괜찮았습니다. 그래서 구입해서 지금까지 열심히 사용하고 있어요.,사용감,사용감이 괜찮았습니다.,1,[속성] 사용감 [문장] 사용감이 괜찮았습니다.,0,사용감,unchanged
test,train,[속성] 흡수력 [문장] 끈적임이 심하네요.,808827,쇼핑몰,헤어/바디케어,OO 바** 카모마일 크림 250ml 1개,발뒤꿈치 같이 많이 갈라지는 곳 관리하려고 주문했습니다. 유분이 너무 많은지 끈적임이 심하네요. 사용하기 불편합니다.,흡수력,끈적임이 심하네요.,-1,[속성] 흡수력 [문장] 끈적임이 심하네요.,1,흡수력,unchanged
test,train,[속성] 자극성 [문장] 피부에 자극이 심해서,817486,쇼핑몰,헤어/바디케어,OO 랩** 센서티브 포밍 핸드워시 250ml 1개,향도 너무 안 좋고 피부에 자극이 심해서 안 쓰게 됩니다. 구성만 좋은 것 같습니다. 이 제품 쓰다가 다른 제품 사용하고 있습니다. 양도 적고 여름에 사용하기 좋지 않습니다.,자극성,피부에 자극이 심해서,-1,[속성] 자극성 [문장] 피부에 자극이 심해서,1,자극성,unchanged
test,train,[속성] 기능/효과 [문장] 여름에 사용하기 좋지 않습니다.,817486,쇼핑몰,헤어/바디케어,OO 랩** 센서티브 포밍 핸드워시 250ml 1개,향도 너무 안 좋고 피부에 자극이 심해서 안 쓰게 됩니다. 구성만 좋은 것 같습니다. 이 제품 쓰다가 다른 제품 사용하고 있습니다. 양도 적고 여름에 사용하기 좋지 않습니다.,기능/효과,여름에 사용하기 좋지 않습니다.,-1,[속성] 기능/효과 [문장] 여름에 사용하기 좋지 않습니다.,1,기능/효과,unchanged
test,train,[속성] 제품구성 [문장] 원플러스원 행사를 해서,808363,쇼핑몰,헤어/바디케어,OO 인** 리페어 핸드크림 56g 1개,원플러스원 행사를 해서 오랜만에 주문하게 되었습니다. 요즘 좋은 핸드크림이 워낙 많아서 품질이 타 제품보다 월등하지는 않습니다. 흡수가 빠르고 촉촉해서 편하게 쓰기 좋습니다. 가방에 넣고 다니기 좋은 사이즈입니다.,제품구성,원플러스원 행사를 해서,1,[속성] 제품구성 [문장] 원플러스원 행사를 해서,0,제품구성,unchanged
test,train,[속성] 편의성/활용성 [문장] 편하게 쓰기 좋습니다.,808363,쇼핑몰,헤어/바디케어,OO 인** 리페어 핸드크림 56g 1개,원플러스원 행사를 해서 오랜만에 주문하게 되었습니다. 요즘 좋은 핸드크림이 워낙 많아서 품질이 타 제품보다 월등하지는 않습니다. 흡수가 빠르고 촉촉해서 편하게 쓰기 좋습니다. 가방에 넣고 다니기 좋은 사이즈입니다.,편의성/활용성,편하게 쓰기 좋습니다.,1,[속성] 편의성/활용성 [문장] 편하게 쓰기 좋습니다.,0,편의성/활용성,unchanged
test,train,[속성] 가격 [문장] 가격이 저렴합니다.,815852,쇼핑몰,헤어/바디케어,OO 아** 폼 핸드솝 파우더향 4500ml 1개,자동 손세정기에 리필 용액으로 그동안 작은 용량의 리필을 사용했습니다. 이번에 대용량으로 구입해서 좋습니다. 가격이 저렴합니다. 같이 노즐캡으로 소분하니 깔끔하고 간편합니다.,가격,가격이 저렴합니다.,1,[속성] 가격 [문장] 가격이 저렴합니다.,0,가격,unchanged
test,train,"[속성] 흡수력 [문장] 끈적임은 있지만,",808775,쇼핑몰,헤어/바디케어,OO 바** 카모마일 크림 250ml 1개,"건조함이 심해서 구매했습니다. 손이나 발에 바르면 촉촉해서 좋습니다. 끈적임은 있지만, 향이 좋아서 아이도 좋아합니다. 휴대하기도 간편해서 가지고 다니며 아이와 함께 사용하는데 좋습니다. 갈라지는 발뒤꿈치에도 효과가 아주 좋습니다. 앞으로도 계속 사용할 것 같습니다.",흡수력,"끈적임은 있지만,",-1,"[속성] 흡수력 [문장] 끈적임은 있지만,",1,흡수력,unchanged
test,train,[속성] 보습력/수분감 [문장] 촉촉해져서 좋습니다.,810314,쇼핑몰,헤어/바디케어,OO 바** 크림 75ml 4개,이것저것 사용해봐도 저는 이것만큼 잘 맞는 제품은 못 찾았습니다. 살이 얇고 건조한 편에 살림까지 하다 보니 손바닥이 거의 사포 수준으로 거칠어져서 불편했습니다. 이 제품 쓰면 촉촉해져서 좋습니다. 가격도 저렴해서 좋은 것 같습니다.,보습력/수분감,촉촉해져서 좋습니다.,1,[속성] 보습력/수분감 [문장] 촉촉해져서 좋습니다.,0,보습력/수분감,unchanged
test,train,[속성] 가격 [문장] 가격도 저렴해서 좋은 것 같습니다.,810314,쇼핑몰,헤어/바디케어,OO 바** 크림 75ml 4개,이것저것 사용해봐도 저는 이것만큼 잘 맞는 제품은 못 찾았습니다. 살이 얇고 건조한 편에 살림까지 하다 보니 손바닥이 거의 사포 수준으로 거칠어져서 불편했습니다. 이 제품 쓰면 촉촉해져서 좋습니다. 가격도 저렴해서 좋은 것 같습니다.,가격,가격도 저렴해서 좋은 것 같습니다.,1,[속성] 가격 [문장] 가격도 저렴해서 좋은 것 같습니다.,0,가격,unchanged
test,train,[속성] 가격 [문장] 가성비 최고의 상품이네요.,812460,쇼핑몰,헤어/바디케어,OO 카** 클래식 핸드 앤 네일크림 100ml 1개,두 번째 구매합니다. 촉촉하고 용량도 많고 가성비 최고의 상품이네요. 향도 좋고 보습력도 좋습니다.,가격,가성비 최고의 상품이네요.,1,[속성] 가격 [문장] 가성비 최고의 상품이네요.,0,가격,unchanged
test,train,[속성] 기능/효과 [문장] 효과가 좋기를 바랍니다.,807478,쇼핑몰,헤어/바디케어,OO 아** 모이스춰라이저 400ml 1개,화학 실험실 일을 하다보니 손 씻는 횟수가 너무 많아 자주 틉니다. 생각보다 양이 적어서 금방 또 사야 할 것 같네요. 효과가 좋기를 바랍니다.,기능/효과,효과가 좋기를 바랍니다.,0,[속성] 기능/효과 [문장] 효과가 좋기를 바랍니다.,2,기능/효과,unchanged
test,train,[속성] 발림성 [문장] 뻑뻑하게 발리고,808502,쇼핑몰,헤어/바디케어,OO 인** 리페어 핸드크림 56g 1개,OOO 핸드크림입니다. 손을 자주 씻는 요즘 건조함이 심해져 구입했습니다. 피부에 바른 직후에는 뻑뻑하게 발리고 잘 스며들지 않아 크림이 하얗게 남는데 손을 오래 비벼 스며들게 하면 촉촉함은 오래 지속되어 좋습니다.,발림성,뻑뻑하게 발리고,-1,[속성] 발림성 [문장] 뻑뻑하게 발리고,1,발림성,unchanged
test,train,[속성] 가격 [문장] 가성비 훌륭합니다.,803094,쇼핑몰,헤어/바디케어,OO 온** 퓨어 시카 쉐어 바디로션 1000ml 1개,가성비 훌륭합니다. 발림도 좋습니다. 베이비파우다 느낌의 향이 아주 좋습니다. 대용량이라서 자주 구매하는 번거러움도 줄일수 있습니다. 누구나 손쉽게 부담없이 사용할수 있어서 꾸준히 애용하는 제품입니다. 재구입 의사도 있습니다.,가격,가성비 훌륭합니다.,1,[속성] 가격 [문장] 가성비 훌륭합니다.,0,가격,unchanged
test,train,[속성] 가격 [문장] 비싸게 구입해서,808839,쇼핑몰,헤어/바디케어,OO 바** 카모마일 크림 250ml 1개,겨울철에 피부가 엄청 건조해요. 가격이 비싸지만 구입했습니다. 비싸게 구입해서 가성비를 따지면 별로네요 그렇다고 보습력이 아주 안 좋은 것도 아니지만 좋지도 않습니다.,가격,비싸게 구입해서,-1,[속성] 가격 [문장] 비싸게 구입해서,1,가격,unchanged
test,train,[속성] 보습력/수분감 [문장] 보습력과 흡수력이 좋아서,808380,쇼핑몰,헤어/바디케어,OO 인** 리페어 핸드크림 56g 1개,OOO 핸드크림은 겨울에 필수 아이템입니다. 보습력과 흡수력이 좋아서 손에 바르면 촉촉함이 오래갑니다. 좋은 가격에 좋은 제품입니다.,보습력/수분감,보습력과 흡수력이 좋아서,1,[속성] 보습력/수분감 [문장] 보습력과 흡수력이 좋아서,0,보습력/수분감,unchanged
test,train,[속성] 보습력/수분감 [문장] 촉촉함이 오래갑니다.,808380,쇼핑몰,헤어/바디케어,OO 인** 리페어 핸드크림 56g 1개,OOO 핸드크림은 겨울에 필수 아이템입니다. 보습력과 흡수력이 좋아서 손에 바르면 촉촉함이 오래갑니다. 좋은 가격에 좋은 제품입니다.,보습력/수분감,촉촉함이 오래갑니다.,1,[속성] 보습력/수분감 [문장] 촉촉함이 오래갑니다.,0,보습력/수분감,unchanged
test,train,[속성] 가격 [문장] 가격 저렴하고,812915,쇼핑몰,헤어/바디케어,OO 카** 클래식 핸드 앤 네일크림 100ml 1개,건조한 계절에 필수품이네요. 가격 저렴하고 향도 나쁘지 않고 적당히 촉촉해서 계속 사용하고 있는데 좋아요.,가격,가격 저렴하고,1,[속성] 가격 [문장] 가격 저렴하고,0,가격,unchanged
test,train,[속성] 기능/효과 [문장] 효과도 좋지 않고,812929,쇼핑몰,헤어/바디케어,OO 카** 클래식 핸드 앤 네일크림 100ml 1개,배송이 좀 느렸어요. 제품이 좋다고 소문이 나서 주위 분들과 같이 주문했는데 생각보다 촉촉하지 않네요. 향도 좀 강해서 별로고요. 제가 좋아하는 향이 아니라서 거부감이 들어요. 가격은 저렴한데 효과도 좋지 않고 향도 별로라서 잘 안 쓰고 있어요. 뚜껑이 잘 안 닫혀서 사용하기도 불편해요.,기능/효과,효과도 좋지 않고,-1,[속성] 기능/효과 [문장] 효과도 좋지 않고,1,기능/효과,unchanged
test,train,[속성] 보습력/수분감 [문장] 촉촉하여,803432,쇼핑몰,헤어/바디케어,OO 온** 퓨어 시카 쉐어 바디로션 1000ml 1개,처음 사용해 보는 제품이지만 바디로션을 많이 쓰는데 어떤 제품이 좋을까 검색하다가 용량도 크고 괜찮을 것 같아서 주문했던 제품이에요. 용량이 크기 때문에 오랫동안 쓸 수 있고 촉촉하여 피부타입에도 잘 맞아요. 발림성도 우수하고 피부에 닿는 제형의 촉감도 좋은 것 같아요. 향기도 좋고 오래가는 것 같아요. 쭉 사용하게 될 것 같네요.,보습력/수분감,촉촉하여,1,[속성] 보습력/수분감 [문장] 촉촉하여,0,보습력/수분감,unchanged
test,train,[속성] 발림성 [문장] 발림성도 우수하고,803432,쇼핑몰,헤어/바디케어,OO 온** 퓨어 시카 쉐어 바디로션 1000ml 1개,처음 사용해 보는 제품이지만 바디로션을 많이 쓰는데 어떤 제품이 좋을까 검색하다가 용량도 크고 괜찮을 것 같아서 주문했던 제품이에요. 용량이 크기 때문에 오랫동안 쓸 수 있고 촉촉하여 피부타입에도 잘 맞아요. 발림성도 우수하고 피부에 닿는 제형의 촉감도 좋은 것 같아요. 향기도 좋고 오래가는 것 같아요. 쭉 사용하게 될 것 같네요.,발림성,발림성도 우수하고,1,[속성] 발림성 [문장] 발림성도 우수하고,0,발림성,unchanged
test,train,[속성] 지속력/유지력 [문장] 오래가는 것 같아요.,803432,쇼핑몰,헤어/바디케어,OO 온** 퓨어 시카 쉐어 바디로션 1000ml 1개,처음 사용해 보는 제품이지만 바디로션을 많이 쓰는데 어떤 제품이 좋을까 검색하다가 용량도 크고 괜찮을 것 같아서 주문했던 제품이에요. 용량이 크기 때문에 오랫동안 쓸 수 있고 촉촉하여 피부타입에도 잘 맞아요. 발림성도 우수하고 피부에 닿는 제형의 촉감도 좋은 것 같아요. 향기도 좋고 오래가는 것 같아요. 쭉 사용하게 될 것 같네요.,지속력/유지력,오래가는 것 같아요.,1,[속성] 지속력/유지력 [문장] 오래가는 것 같아요.,0,지속력/유지력,unchanged
test,train,[속성] 자극성 [문장] 자극이 있어,817703,쇼핑몰,헤어/바디케어,OO 랩** 센서티브 포밍 핸드워시 250ml 1개,코로나 감염병 이후 사용하기 시작했습니다. 생각보다 거품이 많이 나지 않고 자극이 있어 어린 아이가 사용하기에는 좋지 않은 것 같습니다. 외출 이후에 쓸 핸드워시가 필요해서 샀는데 좋지 않아서 전에 쓰던 제품 쓰고 있습니다. 추천하고 싶지 않은 제품이네요.,자극성,자극이 있어,-1,[속성] 자극성 [문장] 자극이 있어,1,자극성,unchanged
test,train,[속성] 보습력/수분감 [문장] 보습력은 최고네요.,810799,쇼핑몰,헤어/바디케어,OO 바** 크림 75ml 4개,항상 챙겨 바르는 제품입니다. 끈적하지만 그만큼 보습력은 최고네요. 밤에 바르고 자면 거칠었던 손이 부드러워져요.,보습력/수분감,보습력은 최고네요.,1,[속성] 보습력/수분감 [문장] 보습력은 최고네요.,0,보습력/수분감,unchanged
test,train,[속성] 가격 [문장] 가격이 너무 비싼 것 같습니다.,802033,쇼핑몰,헤어/바디케어,OO 바** 맨 리페어링 모이스처 로션 450ml 2개,가격이 너무 비싼 것 같습니다. 품질도 완전 좋지 않습니다. 너무 끈적거려서 별로입니다. 향은 정말 좋지 않습니다. 배송도 느려서 추천 드리고 싶지 않습니다. 구성도 좋지 않습니다. 사은품은 무슨 이런 거 주실려면 안 주셔도 될 것 같습니다.,가격,가격이 너무 비싼 것 같습니다.,-1,[속성] 가격 [문장] 가격이 너무 비싼 것 같습니다.,1,가격,unchanged
test,train,[속성] 발림성 [문장] 잘 발라지네요.,807687,쇼핑몰,헤어/바디케어,OO 인** 리페어 핸드크림 56g 1개,초건성이라 이전에 쓰던 핸드크림이 펴서 바르는게 잘 안 됐습니다. 그래서 손씻고 물기가 있는 상태에서 사용했는데 이 제품은 그런 번거로움 없이 잘 발라지네요. 보습력도 좋은 것 같습니다.,발림성,잘 발라지네요.,1,[속성] 발림성 [문장] 잘 발라지네요.,0,발림성,unchanged
test,train,[속성] 보습력/수분감 [문장] 보습력도 좋은 것 같습니다.,807687,쇼핑몰,헤어/바디케어,OO 인** 리페어 핸드크림 56g 1개,초건성이라 이전에 쓰던 핸드크림이 펴서 바르는게 잘 안 됐습니다. 그래서 손씻고 물기가 있는 상태에서 사용했는데 이 제품은 그런 번거로움 없이 잘 발라지네요. 보습력도 좋은 것 같습니다.,보습력/수분감,보습력도 좋은 것 같습니다.,1,[속성] 보습력/수분감 [문장] 보습력도 좋은 것 같습니다.,0,보습력/수분감,unchanged
test,train,[속성] 가격 [문장] 좋은 가격에 잘 샀어요.,807792,쇼핑몰,헤어/바디케어,OO 인** 리페어 핸드크림 56g 1개,손발이 거칠어져서 풋크림을 발과 손에 꾸준히 발랐더니 좋아졌어요. 신랑손에도 풋크림 발라줬더니 놀래길래 이번에는 핸드크림도 주문해봤어요. 좋은 가격에 잘 샀어요. 추천합니다.,가격,좋은 가격에 잘 샀어요.,1,[속성] 가격 [문장] 좋은 가격에 잘 샀어요.,0,가격,unchanged
test,train,[속성] 유통기한 [문장] 유통기한 넉넉합니다.,810541,쇼핑몰,헤어/바디케어,OO 바** 크림 75ml 4개,미끌거리는 제형이 아니라 쫙 흡수되는 제형이에요. 한겨울에는 한번 더 덧발라야 될 것 같긴하네요. 유통기한 넉넉합니다.,유통기한,유통기한 넉넉합니다.,1,[속성] 유통기한 [문장] 유통기한 넉넉합니다.,0,유통기한,unchanged
test,train,[속성] 기능/효과 [문장] 효과는 좋습니다.,814014,쇼핑몰,헤어/바디케어,OO 시** 드라이 스킨 핸드크림 150ml 1개,OO의 다른 제품 쓰다가 이걸로 왔는데 향이 괜찮지만 그전에 쓰던 것보다는 덜하네요. 가격은 다른 브랜드 대비 비싸지만 효과는 좋습니다.,기능/효과,효과는 좋습니다.,1,[속성] 기능/효과 [문장] 효과는 좋습니다.,0,기능/효과,unchanged
test,train,[속성] 가격 [문장] 가격이 생각보다 비싸네요.,802057,쇼핑몰,헤어/바디케어,OO 바** 맨 리페어링 모이스처 로션 450ml 2개,행사를 한다고 해서 구매를 했는데 가격이 생각보다 비싸네요. 피부 보습도 안 좋은 것 같아서 추천 안 합니다.,가격,가격이 생각보다 비싸네요.,-1,[속성] 가격 [문장] 가격이 생각보다 비싸네요.,1,가격,unchanged
test,train,[속성] 가격 [문장] 가격도 좋아서 구매했습니다.,812279,쇼핑몰,헤어/바디케어,OO 카** 클래식 핸드 앤 네일크림 100ml 1개,끈적이지 않고 부드럽게 피부에 흡수가 잘 되어서 좋아요. 향도 과하지 않고 가격도 좋아서 구매했습니다.,가격,가격도 좋아서 구매했습니다.,1,[속성] 가격 [문장] 가격도 좋아서 구매했습니다.,0,가격,unchanged
test,train,[속성] 편의성/활용성 [문장] 데일리 필수템입니다.,809377,쇼핑몰,헤어/바디케어,OO 바** 카모마일 크림 250ml 1개,손을 자주 씻는 습관이 있는 저한테는 OO 핸드크림은 데일리 필수템입니다. 끈적임도 없고 발림성도 최고입니다. 무엇보다 촉촉하다는 것이 좋고 향기까지 좋습니다.,편의성/활용성,데일리 필수템입니다.,1,[속성] 편의성/활용성 [문장] 데일리 필수템입니다.,0,편의성/활용성,unchanged
test,validation,"[속성] 보습력/수분감 [문장] 보습력도 괜찮고,",801946,쇼핑몰,헤어/바디케어,OO 바** 맨 리페어링 모이스처 로션 450ml 2개,"좋습니다. 보습력도 괜찮고, 끈적임도 없습니다. 그런데 목욕탕 아저씨 로션 냄새가 나서 아내가 싫어합니다. 저는 향을 맡으면 나름대로 추억도 살아나고 나쁘지만은 않네요.",보습력/수분감,"보습력도 괜찮고,",1,"[속성] 보습력/수분감 [문장] 보습력도 괜찮고,",0,보습력/수분감,unchanged
test,train,[속성] 제품구성 [문장] 사은품도 감사해요.,810757,쇼핑몰,헤어/바디케어,OO 바** 크림 75ml 4개,역시 발림성도 좋고 향도 좋습니다. 행사할 때 저렴하게 사서 좋고 사은품도 감사해요.,제품구성,사은품도 감사해요.,1,[속성] 제품구성 [문장] 사은품도 감사해요.,0,제품구성,unchanged
test,train,[속성] 보습력/수분감 [문장] 유분기가 적어서,803127,쇼핑몰,헤어/바디케어,OO 온** 퓨어 시카 쉐어 바디로션 1000ml 1개,시카 성분이 들어있다고 해서 구매해 봤어요. 마침 세일 기간이라서 싸게 구매했습니다. 용량이 많아서 좋아요. 다만 향이 진하면 좋겠는데 생각보다 약해서 아쉽네요. 유분기가 적어서 보습력은 떨어지는 거 같습니다. 재구매 여부는 좀 더 써봐야 알 것 같아요.,보습력/수분감,유분기가 적어서,-1,[속성] 보습력/수분감 [문장] 유분기가 적어서,1,보습력/수분감,unchanged
test,train,[속성] 제품구성 [문장] 샘플은 하나도 안오고,803917,쇼핑몰,헤어/바디케어,OO 데일리 바디로션 450ml 2개,가격도 비싸고 샘플은 하나도 안오고 여러모로 별로네요. 유통기한도 짧은걸로 왔어요. 실망이에요.,제품구성,샘플은 하나도 안오고,-1,[속성] 제품구성 [문장] 샘플은 하나도 안오고,1,제품구성,unchanged
test,train,[속성] 유통기한 [문장] 유통기한도 짧은걸로 왔어요.,803917,쇼핑몰,헤어/바디케어,OO 데일리 바디로션 450ml 2개,가격도 비싸고 샘플은 하나도 안오고 여러모로 별로네요. 유통기한도 짧은걸로 왔어요. 실망이에요.,유통기한,유통기한도 짧은걸로 왔어요.,-1,[속성] 유통기한 [문장] 유통기한도 짧은걸로 왔어요.,1,유통기한,unchanged
test,train,[속성] 발림성 [문장] 발림성이 부드럽고,813676,쇼핑몰,헤어/바디케어,OO 시** 드라이 스킨 핸드크림 150ml 1개,상품 품질이 좋아요. 마음에 듭니다. 핸드크림 늘 사용하는데 OO 핸드크림이 발림성이 부드럽고 보습력이 좋아서 항상 사용해요.,발림성,발림성이 부드럽고,1,[속성] 발림성 [문장] 발림성이 부드럽고,0,발림성,unchanged
test,train,[속성] 가격 [문장] 가격이 비싸서 아쉬워요.,805525,쇼핑몰,헤어/바디케어,OO 아** 폼 핸드솝 레몬향 250ml 1개,거품형이라 요즘 같이 감기 유행일 때 애들 손 자주 씻어주기 편리합니다. 근데 양이 작고 가격이 비싸서 아쉬워요.,가격,가격이 비싸서 아쉬워요.,-1,[속성] 가격 [문장] 가격이 비싸서 아쉬워요.,1,가격,unchanged
test,train,[속성] 보습력/수분감 [문장] 보습력 또한 좋아서,809403,쇼핑몰,헤어/바디케어,OO 바** 카모마일 크림 250ml 1개,"OO의 OOO 크림은 발림성이 뛰어나고, 보습력 또한 좋아서 매일 사용하기 좋습니다. 특히 위생이 중요한 시대에 손을 자주 씻고, 소독제를 많이 사용하여 자칫 거칠어지기 쉬운데 이 크림을 사용한 후 피부결에 아주 만족해요.",보습력/수분감,보습력 또한 좋아서,1,[속성] 보습력/수분감 [문장] 보습력 또한 좋아서,0,보습력/수분감,unchanged
test,validation,[속성] 보습력/수분감 [문장] 손이 부드럽고,809107,쇼핑몰,헤어/바디케어,OO 바** 카모마일 크림 250ml 1개,추워지니 확실히 손이 건조해져서 거칠어졌습니다. ooo 핸드크림 워낙 유명하다 보니 종종 구매했는데 역시 촉촉함이 좋습니다. 손이 부드럽고 촉촉해져서 너무 좋습니다. 겨울에 사용하기 좋을 것 같습니다.,보습력/수분감,손이 부드럽고,1,[속성] 보습력/수분감 [문장] 손이 부드럽고,0,보습력/수분감,unchanged
test,train,[속성] 기능/효과 [문장] 겨울에 사용하기 좋을 것 같습니다.,809107,쇼핑몰,헤어/바디케어,OO 바** 카모마일 크림 250ml 1개,추워지니 확실히 손이 건조해져서 거칠어졌습니다. ooo 핸드크림 워낙 유명하다 보니 종종 구매했는데 역시 촉촉함이 좋습니다. 손이 부드럽고 촉촉해져서 너무 좋습니다. 겨울에 사용하기 좋을 것 같습니다.,기능/효과,겨울에 사용하기 좋을 것 같습니다.,1,[속성] 기능/효과 [문장] 겨울에 사용하기 좋을 것 같습니다.,0,기능/효과,unchanged
test,train,[속성] 보습력/수분감 [문장] 촉촉함이 오래가서 좋습니다.,808519,쇼핑몰,헤어/바디케어,OO 인** 리페어 핸드크림 56g 1개,"완전 만족합니다. 손이 건성이라 유분이 많이 함유된 제품을 사용해야 일상생활이 편안해서 핸드크림을 신중하게 고릅니다. 이 제품 구매해서 바르니 촉촉함이 오래가서 좋습니다. 특히 손소독제 티슈, 버블세정제, 손소독 젤등 사용 후에 더욱 손이 가는 핸드크림입니다. 편안하게 잘 발라져서 좋습니다.",보습력/수분감,촉촉함이 오래가서 좋습니다.,1,[속성] 보습력/수분감 [문장] 촉촉함이 오래가서 좋습니다.,0,보습력/수분감,unchanged
test,train,[속성] 기능/효과 [문장] 꾸준히 사용해서 효과 있었으면 좋겠습니다.,813485,쇼핑몰,헤어/바디케어,OO 시** 드라이 스킨 핸드크림 150ml 1개,"피부가 건조해서 손이 트고 갈라져서 구매했습니다. 아직 몇 번 사용하지는 않았지만, 지금까지 눈에 보이는 효과는 없습니다. 발라도 건조합니다. 손이 부드럽지도 촉촉하지도 않아요. 꾸준히 사용해서 효과 있었으면 좋겠습니다.",기능/효과,꾸준히 사용해서 효과 있었으면 좋겠습니다.,0,[속성] 기능/효과 [문장] 꾸준히 사용해서 효과 있었으면 좋겠습니다.,2,기능/효과,unchanged
test,train,[속성] 보습력/수분감 [문장] 촉촉함이 부족합니다.,808992,쇼핑몰,헤어/바디케어,OO 바** 카모마일 크림 250ml 1개,겨울철 필수템입니다. 이번에 구매한 것은 촉촉함이 부족합니다. 매년 동일 상품을 구매해서 사용하는데 유분도 부족하고 작년 상품과 다른 느낌입니다. 그래도 열심히 손에 바르고 있습니다.,보습력/수분감,촉촉함이 부족합니다.,-1,[속성] 보습력/수분감 [문장] 촉촉함이 부족합니다.,1,보습력/수분감,unchanged
test,train,[속성] 지속력/유지력 [문장] 오래가네요.,812614,쇼핑몰,헤어/바디케어,OO 카** 클래식 핸드 앤 네일크림 100ml 1개,사용하던 제품이 다 써서 한번 바꿔볼까 하고 사용해본 제품입니다. 가격 대비 품질 완전 만족해요. 일단 향이 진하지 않아서 좋습니다. 시어버터 향이 가볍게 나서 좋아요. 게다가 손에 쫙 스며들어 촉촉해집니다. 그리고 그 촉촉함이 요즘처럼 자주 손을 씻게 되는 때도 오래가네요. 그래서 매번 바르지 않아서 좋습니다. 전 정말 만족 하네요. 온 가족이 같이 사용하고 있습니다.,지속력/유지력,오래가네요.,1,[속성] 지속력/유지력 [문장] 오래가네요.,0,지속력/유지력,unchanged
test,train,[속성] 가격 [문장] 가성비가 좋고,812361,쇼핑몰,헤어/바디케어,OO 카** 클래식 핸드 앤 네일크림 100ml 1개,항상 쓰는 제품입니다. 가성비가 좋고 보습력은 ooo 만한 핸드크림이 없는 거 같습니다. 데일리로 사용하기 좋은 제품이네요. 온 가족이 같이 사용하고 있습니다. 계속 구매할 것 같습니다. 향이 많아서 다음에는 다른 향도 써봐야겠습니다.,가격,가성비가 좋고,1,[속성] 가격 [문장] 가성비가 좋고,0,가격,unchanged
test,train,[속성] 품질 [문장] 품질이 별로네요.,803633,쇼핑몰,헤어/바디케어,OO 온** 퓨어 시카 쉐어 바디로션 1000ml 1개,이것저것 좋은브랜드 등등 다 써보다가 ㅇㅇㅇ 저렴해서 구입해봤는데 품질이 별로네요. 보습이 잘 안되고 촉촉함이 오래가지 않아요. 냄새도 호불호가 있을 것 같은 냄새네요.,품질,품질이 별로네요.,-1,[속성] 품질 [문장] 품질이 별로네요.,1,품질,unchanged
test,train,[속성] 가격 [문장] 가격은 비싸요.,811449,쇼핑몰,헤어/바디케어,OO 세** 항균 핸드워시 레몬향 3500ml 1개,데일리 필수 아이템으로 사용합니다. 가격은 비싸요. 특가할때 사면 되겠죠. 세정력은 좋습니다. 많이 파세요.,가격,가격은 비싸요.,-1,[속성] 가격 [문장] 가격은 비싸요.,1,가격,unchanged
test,train,[속성] 흡수력 [문장] 흡수력도 빠르고,807075,쇼핑몰,헤어/바디케어,OO 아** 모이스춰라이저 400ml 1개,보습력 좋은 타사 제품 중에 뭔가 막이 씌워진 느낌이 드는 제품들이 있는데 그런 건 흡수 되지 않는 거 같아 꺼리게 됩니다. 이 제품은 흡수력도 빠르고 보습력도 좋은 것 같습니다.,흡수력,흡수력도 빠르고,1,[속성] 흡수력 [문장] 흡수력도 빠르고,0,흡수력,unchanged
test,train,[속성] 보습력/수분감 [문장] 촉촉하긴 한데,803155,쇼핑몰,헤어/바디케어,OO 온** 퓨어 시카 쉐어 바디로션 1000ml 1개,발림성도 좋고 촉촉하긴 한데 향이 오래가지 않습니다. 향은 좋습니다. 기분 좋아지는 향이에요.,보습력/수분감,촉촉하긴 한데,1,[속성] 보습력/수분감 [문장] 촉촉하긴 한데,0,보습력/수분감,unchanged
test,train,[속성] 가격 [문장] 가격이 비싼편이에요.,806552,쇼핑몰,헤어/바디케어,OO 아** 모이스춰라이저 400ml 1개,우선 가격이 비싼편이에요. 양이 많아서 좋기는 한데 향이 조금 강한 편이라 쓸때마다 고민되네요.,가격,가격이 비싼편이에요.,-1,[속성] 가격 [문장] 가격이 비싼편이에요.,1,가격,unchanged
test,validation,[속성] 지속력/유지력 [문장] 유지할 수 있습니다.,809317,쇼핑몰,헤어/바디케어,OO 바** 카모마일 크림 250ml 1개,발바닥 갈라짐과 손 습진이 한창 진행중인 주부입니다. 어느덧 이 제품도 2년째 쓰고 있습니다. 나날이 거칠어지는 손발을 관리려고 사용하는 제품입니다. 물론 부지런도 해야합니다. 밤에 샤워하고 나서 발 뒤꿈치와 발바닥의 각질을 버퍼로 밀어서 정리하고 나서 자리에 눕기전에 발 전체에 이 제품을 바르고 남은건 손에도 싹싹 비벼 발라서 잠자리에 듭니다. 아침에 한결 손발이 매끄러워집니다. 습관이 되면 한겨울에도 보송보송한 손발을 유지할 수 있습니다.,지속력/유지력,유지할 수 있습니다.,1,[속성] 지속력/유지력 [문장] 유지할 수 있습니다.,0,지속력/유지력,unchanged
test,train,[속성] 가격 [문장] 쿠폰까지 써서 저렴하게 샀습니다.,802200,쇼핑몰,헤어/바디케어,OO 바** 맨 리페어링 모이스처 로션 450ml 2개,쿠폰까지 써서 저렴하게 샀습니다. 보습력이 높다고 해서 하얀색 샀습니다. 무향으로 알고 샀는데 연고 같은 냄새가 나서 아쉽네요. 보습력은 좋습니다.,가격,쿠폰까지 써서 저렴하게 샀습니다.,1,[속성] 가격 [문장] 쿠폰까지 써서 저렴하게 샀습니다.,0,가격,unchanged
test,train,[속성] 보습력/수분감 [문장] 보습력은 나쁘지 않은데,802336,쇼핑몰,헤어/바디케어,OO 바** 맨 리페어링 모이스처 로션 450ml 2개,가격도 저렴하고 배송도 빨랐어요. 보습력은 나쁘지 않은데 향이 별로인 거 같아요.,보습력/수분감,보습력은 나쁘지 않은데,0,[속성] 보습력/수분감 [문장] 보습력은 나쁘지 않은데,2,보습력/수분감,unchanged
test,train,[속성] 보습력/수분감 [문장] 보습력도 뛰어나요.,808947,쇼핑몰,헤어/바디케어,OO 바** 카모마일 크림 250ml 1개,매년 겨울 필수템으로 구매하는 제품이에요. 겨울철에만 쓰는 건 아니지만 더 필요한 계절이 겨울입니다. 발림성도 좋고 보습력도 뛰어나요. 끈적이거나 그런 건 없고 촉촉하게 잘 관리해 줘요.,보습력/수분감,보습력도 뛰어나요.,1,[속성] 보습력/수분감 [문장] 보습력도 뛰어나요.,0,보습력/수분감,unchanged
test,train,[속성] 가격 [문장] 가격도 저렴하면서,809578,쇼핑몰,헤어/바디케어,OO 바** 카모마일 크림 250ml 1개,가격도 저렴하면서 양도 많아서 좋습니다. 보습력도 좋습니다. 튜브형이라 플라스틱 용기에 든 것보다 알뜰하게 사용해서 좋아요. 샤워 후 사용하기도 편하고 좋습니다. 가성비 갑입니다. 마음에 듭니다,가격,가격도 저렴하면서,1,[속성] 가격 [문장] 가격도 저렴하면서,0,가격,unchanged
test,train,[속성] 편의성/활용성 [문장] 사용하기도 편하고 좋습니다.,809578,쇼핑몰,헤어/바디케어,OO 바** 카모마일 크림 250ml 1개,가격도 저렴하면서 양도 많아서 좋습니다. 보습력도 좋습니다. 튜브형이라 플라스틱 용기에 든 것보다 알뜰하게 사용해서 좋아요. 샤워 후 사용하기도 편하고 좋습니다. 가성비 갑입니다. 마음에 듭니다,편의성/활용성,사용하기도 편하고 좋습니다.,1,[속성] 편의성/활용성 [문장] 사용하기도 편하고 좋습니다.,0,편의성/활용성,unchanged
test,train,[속성] 가격 [문장] 가성비 갑입니다.,809578,쇼핑몰,헤어/바디케어,OO 바** 카모마일 크림 250ml 1개,가격도 저렴하면서 양도 많아서 좋습니다. 보습력도 좋습니다. 튜브형이라 플라스틱 용기에 든 것보다 알뜰하게 사용해서 좋아요. 샤워 후 사용하기도 편하고 좋습니다. 가성비 갑입니다. 마음에 듭니다,가격,가성비 갑입니다.,1,[속성] 가격 [문장] 가성비 갑입니다.,0,가격,unchanged
test,train,[속성] 보습력/수분감 [문장] 보습력이 좋네요.,801666,쇼핑몰,헤어/바디케어,OO 세** 모이스춰라이징 크림 구형 550g 1개,겨울엔 피부가 너무 건조해서 구입했는데 정말 촉촉하니 보습력이 좋네요. 옆에 놓고 수시로 잘 바르고 있습니다.,보습력/수분감,보습력이 좋네요.,1,[속성] 보습력/수분감 [문장] 보습력이 좋네요.,0,보습력/수분감,unchanged
test,train,[속성] 가격 [문장] 가성비가 좋아요.,807064,쇼핑몰,헤어/바디케어,OO 아** 모이스춰라이저 400ml 1개,가성비가 좋아요. 용량이 많아서 좋습니다. 향은 별로입니다. 향이 취향은 아닌데 발에 바르려고 산 거라 상관 없습니다. 이거 바르면 아기 발처럼 맨들맨들해집니다.,가격,가성비가 좋아요.,1,[속성] 가격 [문장] 가성비가 좋아요.,0,가격,unchanged
test,validation,[속성] 가격 [문장] 가격도 만족스럽고,806555,쇼핑몰,헤어/바디케어,OO 아** 모이스춰라이저 400ml 1개,"묶음 상품으로 주문했는데, 가격도 만족스럽고 늘 잘 사용하고 있는거라 또 주문했네요, 용량도 넉넉하고 품질도 떨어지지 않습니다.",가격,가격도 만족스럽고,1,[속성] 가격 [문장] 가격도 만족스럽고,0,가격,unchanged
test,train,[속성] 보습력/수분감 [문장] 적당히 촉촉해서,812385,쇼핑몰,헤어/바디케어,OO 카** 클래식 핸드 앤 네일크림 100ml 1개,이 제품은 클래식이 향이 제일 무난해서 이것만 쓰게 됩니다. 적당히 촉촉해서 데일리로 사용하기 좋습니다. 사무실 에서도 집에서도 수시로 써서 항상 사 두고 쓰고 있습니다. 가격도 착해서 너무 좋습니다.,보습력/수분감,적당히 촉촉해서,1,[속성] 보습력/수분감 [문장] 적당히 촉촉해서,0,보습력/수분감,unchanged
test,train,[속성] 제품구성 [문장] 사은품도 하나 없네요.,810229,쇼핑몰,헤어/바디케어,OO 바** 크림 75ml 4개,사고 나니 다른 곳보다 비싸게 산 거 같아서 기분이 좀 그랬어요. 사은품도 하나 없네요. 그래도 바르고 나면 매끄러워져서 좋아요. 수분막으로 코팅된 느낌입니다.,제품구성,사은품도 하나 없네요.,-1,[속성] 제품구성 [문장] 사은품도 하나 없네요.,1,제품구성,unchanged
test,train,[속성] 보습력/수분감 [문장] 촉촉함이 오래가요.,801866,쇼핑몰,헤어/바디케어,OO 바** 맨 리페어링 모이스처 로션 450ml 2개,"배송 느리지 않게 잘 받았습니다. 포장은 박스에 그냥 통만 담겨 오는데, 제품 자체에 완충재가 한 겹 되어 있어서 파손은 없었어요. 품질은 OO 바디로션은 처음 써 보는데 만족해요. 특히 OOO는 수분을 아주 오랫동안 보존시켜 줘요. 저는 뒤꿈치가 특히 건조했는데, 샤워 후 OO를 바르면 촉촉함이 오래가요. 동네 마트에 가 보니 거의 두 배 가격에 팝니다. 정말 싸게 잘 구입했어요.",보습력/수분감,촉촉함이 오래가요.,1,[속성] 보습력/수분감 [문장] 촉촉함이 오래가요.,0,보습력/수분감,unchanged
test,train,[속성] 지속력/유지력 [문장] 오래가요.,801866,쇼핑몰,헤어/바디케어,OO 바** 맨 리페어링 모이스처 로션 450ml 2개,"배송 느리지 않게 잘 받았습니다. 포장은 박스에 그냥 통만 담겨 오는데, 제품 자체에 완충재가 한 겹 되어 있어서 파손은 없었어요. 품질은 OO 바디로션은 처음 써 보는데 만족해요. 특히 OOO는 수분을 아주 오랫동안 보존시켜 줘요. 저는 뒤꿈치가 특히 건조했는데, 샤워 후 OO를 바르면 촉촉함이 오래가요. 동네 마트에 가 보니 거의 두 배 가격에 팝니다. 정말 싸게 잘 구입했어요.",지속력/유지력,오래가요.,1,[속성] 지속력/유지력 [문장] 오래가요.,0,지속력/유지력,unchanged
test,train,[속성] 가격 [문장] 싸게 잘 구매했습니다.,806007,쇼핑몰,헤어/바디케어,OO 아* *폼 핸드솝 순 파우더향 리필 450ml 3개,손세정제 사용하니 비누보다 깨끗하게 잘 씻겨서 좋아요. 향기도 좋습니다. 싸게 잘 구매했습니다. 용량이 많아서 오래 사용할 것 같아요.,가격,싸게 잘 구매했습니다.,1,[속성] 가격 [문장] 싸게 잘 구매했습니다.,0,가격,unchanged
test,train,[속성] 자극성 [문장] 피부 자극 없이,817706,쇼핑몰,헤어/바디케어,OO 랩** 센서티브 포밍 핸드워시 250ml 1개,빠른 배송 좋습니다. 도움이 되었네요. 저렴한 가격에 피부 자극 없이 세정 하는데 아주 탁월하네요. 남녀노소 모두 쓰셔도 아주 좋을 것 같네요. 향기도 좋아서 한달 리뷰를 쓰게 되었습니다.,자극성,피부 자극 없이,1,[속성] 자극성 [문장] 피부 자극 없이,0,자극성,unchanged
test,train,[속성] 보습력/수분감 [문장] 촉촉함이 오래가네요.,801504,쇼핑몰,헤어/바디케어,OO 세** 모이스춰라이징 크림 구형 550g 1개,"예전부터 사용하고 있는 제품입니다. 로션, 크림, 클렌징 다 쓰고 있는데 인터넷으로 싸게 살 수 있어서 좋습니다. 지성인 제 피부에는 별로지만 건성인 남편 피부에는 촉촉함이 오래가네요. 피부도 많이 좋아진 듯합니다. 남편은 만족하고 잘 사용하는 제품이라 다음에도 구매해 주려고 합니다.",보습력/수분감,촉촉함이 오래가네요.,1,[속성] 보습력/수분감 [문장] 촉촉함이 오래가네요.,0,보습력/수분감,unchanged
test,train,[속성] 가격 [문장] 저렴해서 좋아요.,812603,쇼핑몰,헤어/바디케어,OO 카** 클래식 핸드 앤 네일크림 100ml 1개,OO 쓰다가 너무 비싸서 대체용으로 구입해봤는데 저렴해서 좋아요. OO보다는 덜 기름지고 흡수가 빨라서 물건을 만져도 자국이 남지 않아 좋아요.,가격,저렴해서 좋아요.,1,[속성] 가격 [문장] 저렴해서 좋아요.,0,가격,unchanged
test,train,[속성] 가격 [문장] 용량대비 가격도 비쌉니다.,804475,쇼핑몰,헤어/바디케어,OO 데일리 바디로션 450ml 2개,보습력의 대명사라 추천해서 처음으로 구입했습니다. 기대만큼 보습력이 좋지는 않네요. 향도 제 취향은 아니라 별로입니다. 용량대비 가격도 비쌉니다.,가격,용량대비 가격도 비쌉니다.,-1,[속성] 가격 [문장] 용량대비 가격도 비쌉니다.,1,가격,unchanged
